Date,Close,MA20,MA60,RSI14,MACD_hist,Vol20,Vol60,sig_trend,sig_vol,sig_mom,composite,vol_override,strategy_raw,strategy,entry
2018-01-02 00:00:00+09:00,111375.3359375,,,,0.0,,,-1,-1,-1,-1.0,True,Defensive,Defensive,False
2018-01-03 00:00:00+09:00,112120.3046875,,,,47.54216524215881,,,-1,-1,-1,-1.0,True,Defensive,Defensive,False
2018-01-04 00:00:00+09:00,109140.375,,,,-115.43207469907821,,,-1,-1,-1,-1.0,True,Defensive,Defensive,False
2018-01-05 00:00:00+09:00,111002.8359375,,,,-92.51739004108262,,,-1,-1,-1,-1.0,True,Defensive,Defensive,False
2018-01-08 00:00:00+09:00,112492.8125,,,,22.147428879472244,,,-1,-1,-1,-1.0,True,Defensive,Defensive,False
2018-01-09 00:00:00+09:00,113610.2734375,,,,164.48497978440844,,,-1,-1,-1,-1.0,True,Defensive,Defensive,False
2018-01-10 00:00:00+09:00,115845.234375,,,,387.64703814259366,,,-1,-1,-1,-1.0,True,Defensive,Defensive,False
2018-01-11 00:00:00+09:00,115472.7265625,,,,482.48371796917945,,,-1,-1,-1,-1.0,True,Defensive,Defensive,False
2018-01-12 00:00:00+09:00,114727.7421875,,,,467.0467791059033,,,-1,-1,-1,-1.0,True,Defensive,Defensive,False
2018-01-15 00:00:00+09:00,115472.7265625,,,,477.32353294928146,,,-1,-1,-1,-1.0,True,Defensive,Defensive,False
2018-01-16 00:00:00+09:00,117707.7109375,,,,597.178809010278,,,-1,-1,-1,-1.0,True,Defensive,Defensive,False
2018-01-17 00:00:00+09:00,117335.2265625,,,,611.6691128808072,,,-1,-1,-1,-1.0,True,Defensive,Defensive,False
2018-01-18 00:00:00+09:00,115472.7265625,,,,462.87565389257384,,,-1,-1,-1,-1.0,True,Defensive,Defensive,False
2018-01-19 00:00:00+09:00,120687.65625,,,,670.1491359110166,,,-1,-1,-1,-1.0,True,Defensive,Defensive,False
2018-01-22 00:00:00+09:00,121060.15625,,,71.66662064148845,779.1729046633536,,,-1,-1,-1,-1.0,True,Defensive,Defensive,False
2018-01-23 00:00:00+09:00,119942.671875,,,67.21308882612126,724.0372358449954,,,-1,-1,1,-0.5,True,Defensive,Defensive,False
2018-01-24 00:00:00+09:00,116590.2265625,,,66.12894550520159,424.61970164780405,,,-1,-1,1,-0.5,True,Defensive,Defensive,False
2018-01-25 00:00:00+09:00,118080.1796875,,,65.5736622707187,295.84975002773035,,,-1,-1,1,-0.5,True,Defensive,Defensive,False
2018-01-26 00:00:00+09:00,113610.2734375,,,52.173872074463794,-100.22987259876663,,,-1,-1,-1,-1.0,True,Defensive,Defensive,False
2018-01-29 00:00:00+09:00,115100.2421875,115342.371875,,52.85712744805468,-262.5171267551741,,,-1,-1,-1,-1.0,True,Defensive,Defensive,False
2018-01-30 00:00:00+09:00,116217.7421875,115584.4921875,,50.746295288201985,-292.93224347199725,0.019347733899043828,,-1,-1,-1,-1.0,True,Defensive,Defensive,False
2018-01-31 00:00:00+09:00,120687.65625,116012.859765625,,58.97438034773504,-24.48716309741394,0.020915523780212622,,-1,-1,-1,-1.0,True,Defensive,Defensive,False
2018-02-01 00:00:00+09:00,119570.1484375,116534.3484375,,58.22781113473355,60.68496460392612,0.01990401962513502,,-1,-1,1,-0.5,True,Defensive,Defensive,False
2018-02-02 00:00:00+09:00,121060.15625,117037.214453125,,59.25926980831568,192.7875347283375,0.019781253732631027,,-1,-1,1,-0.5,True,Defensive,Defensive,False
2018-02-05 00:00:00+09:00,118452.6875,117335.208203125,,51.21949098461393,85.44937839978093,0.020486003174769413,,-1,-1,1,-0.5,True,Defensive,Defensive,False
2018-02-06 00:00:00+09:00,117335.2265625,117521.455859375,,50.0,-71.44468176335317,0.020580014609619487,,-1,-1,-1,-1.0,True,Defensive,Defensive,False
2018-02-07 00:00:00+09:00,117335.2265625,117595.95546875,,53.164605690661915,-179.69819318342115,0.020146253883619736,,-1,-1,-1,-1.0,True,Defensive,Defensive,False
2018-02-08 00:00:00+09:00,119942.671875,117819.452734375,,48.611117584412504,-84.97928611875227,0.02067327420586478,,-1,-1,-1,-1.0,True,Defensive,Defensive,False
2018-02-09 00:00:00+09:00,115472.7265625,117856.701953125,,40.96382528124058,-319.47537163085644,0.022467379465044526,,-1,-1,-1,-1.0,True,Defensive,Defensive,False
2018-02-12 00:00:00+09:00,114727.7421875,117819.452734375,,41.463392175915416,-509.5779104084079,0.022467379465044526,,-1,-1,-1,-1.0,True,Defensive,Defensive,False
2018-02-13 00:00:00+09:00,113610.2734375,117614.580859375,,44.73683774788748,-684.499596412609,0.02207465389243163,,-1,-1,-1,-1.0,True,Defensive,Defensive,False
2018-02-14 00:00:00+09:00,115100.2421875,117502.831640625,,44.73686824950284,-672.775851334942,0.022316517142409526,,-1,-1,-1,-1.0,True,Defensive,Defensive,False
2018-02-19 00:00:00+09:00,115472.7265625,117502.831640625,,53.84611661512569,-614.4627939790504,0.022047105838493657,,-1,-1,-1,-1.0,True,Defensive,Defensive,False
2018-02-20 00:00:00+09:00,114355.2421875,117186.2109375,,48.43747644580947,-623.6911648822822,0.01951198140058681,,-1,-1,-1,-1.0,True,Defensive,Defensive,False
2018-02-21 00:00:00+09:00,119197.6796875,117093.087109375,,55.405374764827826,-292.9996191487384,0.021857682675606113,,-1,-1,-1,-1.0,True,Defensive,Defensive,False
2018-02-22 00:00:00+09:00,116962.703125,116944.088671875,,42.647047030498484,-217.58447821886034,0.022159770635883563,,-1,-1,-1,-1.0,True,Defensive,Defensive,False
2018-02-23 00:00:00+09:00,118452.6875,117037.21171875,,47.8261305686454,-67.91080471728549,0.021405541470551334,,-1,-1,-1,-1.0,True,Defensive,Defensive,False
2018-02-26 00:00:00+09:00,119942.671875,117130.336328125,,47.82608299177961,120.615319545293,0.021399785632019795,,-1,-1,1,-0.5,True,Defensive,Defensive,False
2018-02-27 00:00:00+09:00,119942.671875,117446.95625,,53.22582500257094,228.24832764079292,0.019299617262244922,,-1,-1,1,-0.5,True,Defensive,Defensive,False
2018-02-28 00:00:00+09:00,120315.1484375,117707.7015625,,56.66659908541594,302.78715748037644,0.019147352113040358,,-1,-1,1,-0.5,True,Defensive,Defensive,False
2018-03-02 00:00:00+09:00,116217.7421875,117707.7015625,,47.88731728672447,66.72815708823384,0.020737929641986556,,-1,-1,1,-0.5,True,Defensive,Defensive,False
2018-03-05 00:00:00+09:00,113982.7890625,117372.458203125,,38.571458105558484,-232.92762270399794,0.019140129610726177,,-1,-1,-1,-1.0,True,Defensive,Defensive,False
2018-03-06 00:00:00+09:00,116962.703125,117242.0859375,,53.03031410449727,-223.4046504212447,0.020103796649776077,,-1,-1,-1,-1.0,True,Defensive,Defensive,False
2018-03-07 00:00:00+09:00,113610.2734375,116869.591796875,,47.94522279671272,-424.1998362956678,0.020766925737349198,,-1,-1,-1,-1.0,True,Defensive,Defensive,False
2018-03-08 00:00:00+09:00,115100.2421875,116701.96953125,,52.70269810659782,-436.2949609320745,0.020583828928611977,,-1,-1,-1,-1.0,True,Defensive,Defensive,False
2018-03-09 00:00:00+09:00,114727.7421875,116571.5953125,,49.295761333988736,-447.34649658152745,0.02050264653066664,,-1,-1,-1,-1.0,True,Defensive,Defensive,False
2018-03-12 00:00:00+09:00,114355.2421875,116422.59609375,,47.8873147903621,-456.14499795649175,0.020506161627003406,,-1,-1,-1,-1.0,True,Defensive,Defensive,False
2018-03-13 00:00:00+09:00,114355.2421875,116143.224609375,,50.0,-438.25838262474747,0.019769440872836847,,-1,-1,-1,-1.0,True,Defensive,Defensive,False
2018-03-14 00:00:00+09:00,116217.7421875,116180.475390625,,43.33335197647608,-284.72442068484753,0.018290154625881166,,-1,-1,-1,-1.0,True,Defensive,Defensive,False
2018-03-15 00:00:00+09:00,117335.2265625,116310.849609375,,50.87726463723673,-101.11404595106671,0.018328240012145537,,-1,-1,-1,-1.0,True,Defensive,Defensive,False
2018-03-16 00:00:00+09:00,117335.2265625,116497.097265625,,47.169855373446126,20.637699598444584,0.018151370906196593,,-1,-1,1,-0.5,True,Defensive,Defensive,False
2018-03-19 00:00:00+09:00,112865.3046875,116385.350390625,,34.426216544154684,-188.0717819128317,0.02004148161647558,,-1,-1,-1,-1.0,True,Defensive,Defensive,False
2018-03-20 00:00:00+09:00,113610.2734375,116292.227734375,,36.507878908534884,-259.7362721649569,0.020092424359184565,,-1,-1,-1,-1.0,True,Defensive,Defensive,False
2018-03-21 00:00:00+09:00,115100.2421875,116329.477734375,,39.39392109743875,-193.61069485187903,0.020205153038097626,,-1,-1,-1,-1.0,True,Defensive,Defensive,False
2018-03-22 00:00:00+09:00,113610.2734375,116050.107421875,,44.06775383158447,-234.3187562918814,0.017908089208789866,,-1,-1,-1,-1.0,True,Defensive,Defensive,False
2018-03-23 00:00:00+09:00,112865.3046875,115845.2375,,47.27271132588047,-291.7758695556712,0.017516851320317505,,-1,-1,-1,-1.0,True,Defensive,Defensive,False
2018-03-26 00:00:00+09:00,111375.3359375,115491.369921875,,35.29419505805765,-403.5981105161495,0.01735106998457851,,-1,-1,-1,-1.0,True,Defensive,Defensive,False
2018-03-27 00:00:00+09:00,114727.7421875,115230.6234375,,52.94115227962125,-233.68451207828582,0.018544865151329585,,-1,-1,-1,-1.0,True,Defensive,Defensive,False
2018-03-28 00:00:00+09:00,112865.3046875,114876.755078125,,44.230809564604314,-228.35803026139354,0.018800968418199497,,-1,-1,-1,-1.0,True,Defensive,Defensive,False
2018-03-29 00:00:00+09:00,106905.421875,114206.26875,115752.1140625,34.32838951282723,-587.4397008599901,0.021928474419136697,,-1,-1,-1,-1.0,True,Defensive,Defensive,False
2018-03-30 00:00:00+09:00,106905.421875,113740.652734375,115677.61549479167,34.84852770088341,-774.4169954805388,0.020882083868254835,0.02016041225921863,-1,1,-1,-0.19999999999999996,False,MeanReversion,Defensive,False
2018-04-02 00:00:00+09:00,110630.34375,113573.03046875,115652.7828125,43.42109221126045,-604.2400777575665,0.02222538543849481,0.020639637307522146,-1,1,-1,-0.19999999999999996,False,MeanReversion,Defensive,False
2018-04-03 00:00:00+09:00,113237.78125,113386.784375,115721.07291666667,44.87174488532397,-289.0648309984699,0.022069526719635447,0.020556278608446985,-1,1,-1,-0.19999999999999996,False,MeanReversion,Defensive,False
2018-04-04 00:00:00+09:00,116590.2265625,113535.78203125,115814.19609375,48.80949705745025,148.6740474198,0.0220985511914302,0.02078070175261214,-1,1,1,0.30000000000000004,False,Trend,Defensive,False
2018-04-05 00:00:00+09:00,114727.7421875,113517.15703125,115851.444921875,46.06735403546378,307.1429525166857,0.0222440111366763,0.0208276638989388,-1,1,1,0.30000000000000004,False,Trend,Trend,False
2018-04-06 00:00:00+09:00,113610.2734375,113461.28359375,115851.444921875,51.249975749243504,329.10876260929194,0.02233966920811393,0.020829514421721127,-1,1,1,0.30000000000000004,False,Trend,Trend,False
2018-04-09 00:00:00+09:00,112492.8125,113368.162109375,115795.57122395834,48.14817116447389,263.61598632942173,0.022431877609229465,0.02070866039941593,-1,1,1,0.30000000000000004,False,Trend,Trend,False
2018-04-10 00:00:00+09:00,112492.8125,113275.040625,115745.90598958333,45.45456526434807,217.4520143018267,0.022431877609229465,0.020705634574950282,-1,1,1,0.30000000000000004,False,Trend,Trend,False
2018-04-11 00:00:00+09:00,111747.8046875,113051.54375,115696.24036458334,46.66664988777719,137.78267876815198,0.022100613368666325,0.02070649760928977,-1,1,1,0.30000000000000004,False,Trend,Trend,False
2018-04-12 00:00:00+09:00,113237.78125,112846.671484375,115658.99127604166,50.64932341091656,183.60667559763863,0.022216528096082065,0.020763194484794058,-1,1,1,0.30000000000000004,False,Trend,Trend,False
2018-04-13 00:00:00+09:00,112120.3046875,112585.925390625,115565.86783854167,51.315761876849685,138.86524860305053,0.02228534350957921,0.02063948547820182,-1,1,1,0.30000000000000004,False,Trend,Trend,False
2018-04-16 00:00:00+09:00,113982.7890625,112641.799609375,115509.99388020833,48.61117179848839,229.56223134214747,0.020897583377515662,0.02075690906794454,-1,1,1,0.30000000000000004,False,Trend,Trend,False
2018-04-17 00:00:00+09:00,117335.2265625,112828.047265625,115541.035546875,57.89474265194914,494.9570085939014,0.021821383781555074,0.020998023480535914,-1,1,1,0.30000000000000004,False,Trend,Trend,False
2018-04-18 00:00:00+09:00,118080.1796875,112977.044140625,115497.57760416667,74.19349055158091,688.4048778241938,0.021687908453842445,0.02021048246807017,-1,1,-1,-0.19999999999999996,False,MeanReversion,Trend,False
2018-04-19 00:00:00+09:00,117707.7109375,113181.916015625,115441.703515625,73.01589098265885,753.7366944595776,0.02145626732789691,0.02020850797891798,-1,1,-1,-0.19999999999999996,False,MeanReversion,MeanReversion,False
2018-04-20 00:00:00+09:00,119197.6796875,113498.534765625,115429.28697916666,70.1754605448347,852.4815414295938,0.02149145974116722,0.020244005262598137,-1,1,-1,-0.19999999999999996,False,MeanReversion,MeanReversion,False
2018-04-23 00:00:00+09:00,118825.1484375,113871.025390625,115466.53567708333,64.70579284654741,846.1892837165201,0.021211159857232143,0.019906632635633168,-1,1,1,0.30000000000000004,False,Trend,MeanReversion,False
2018-04-24 00:00:00+09:00,121060.15625,114187.64609375,115516.201953125,62.49999453815752,938.8700689797163,0.020623707447999257,0.019983814534272927,-1,1,1,0.30000000000000004,False,Trend,Trend,False
2018-04-25 00:00:00+09:00,122177.625,114653.262109375,115658.99114583334,71.73915521444728,1015.2681532478812,0.020167736618290827,0.01934491559371962,-1,1,-1,-0.19999999999999996,False,MeanReversion,Trend,False
2018-04-26 00:00:00+09:00,116590.2265625,115137.50234375,115683.82421875,56.89655795882974,647.2526805586816,0.019076517129296266,0.02024682819325454,-1,1,1,0.30000000000000004,False,Trend,Trend,False
2018-04-27 00:00:00+09:00,117707.7109375,115677.616796875,115708.65703125,62.068918133635066,446.39411676523696,0.019081648855159287,0.0202458614086027,-1,1,1,0.30000000000000004,False,Trend,Trend,False
2018-04-30 00:00:00+09:00,119197.6796875,116105.98359375,115683.82408854166,64.5160722881703,383.5892630500016,0.017900857006093316,0.01970882294479644,1,1,1,1.0,False,Trend,Trend,True
2018-05-02 00:00:00+09:00,119197.6796875,116403.978515625,115677.61627604166,66.66666666666666,314.6455321698911,0.017308833799982763,0.019672615001493185,1,1,1,1.0,False,Trend,Trend,False
2018-05-03 00:00:00+09:00,119197.6796875,116534.351171875,115646.575,64.28571161052196,244.75107549544373,0.016137884439969264,0.01960477216659091,1,1,1,1.0,False,Trend,Trend,False
2018-05-04 00:00:00+09:00,117707.7109375,116683.349609375,115634.15872395833,63.15789667345423,82.28054323028914,0.015958296534607,0.019469202646251956,1,1,1,1.0,False,Trend,Trend,False
2018-05-08 00:00:00+09:00,116217.7421875,116813.723046875,115615.533984375,55.357126805970864,-129.88543994900192,0.016079225003710708,0.01950033327937328,1,1,-1,0.5,False,Trend,Trend,False
2018-05-09 00:00:00+09:00,114355.2421875,116906.84453125,115565.867578125,42.30760853782489,-385.5555164577854,0.016364041043451773,0.019609329237193305,1,1,-1,0.5,False,Trend,Trend,False
2018-05-10 00:00:00+09:00,113237.78125,116944.09296875,115454.11940104167,37.735917002011476,-606.6650565322751,0.016536384891791184,0.019422274879050547,1,1,-1,0.5,False,Trend,Trend,False
2018-05-11 00:00:00+09:00,113982.7890625,117055.8421875,115429.287109375,40.74081266608822,-674.2806775237411,0.016506790661826296,0.018825315564061033,1,1,-1,0.5,False,Trend,Trend,False
2018-05-14 00:00:00+09:00,112492.8125,117018.59375,115392.03828125,33.33344985235098,-783.2394205478956,0.01653089138979351,0.01888267156669209,1,1,-1,0.5,False,Trend,Trend,False
2018-05-15 00:00:00+09:00,110630.34375,116944.095703125,115342.37278645833,31.034653588867286,-934.3858542817557,0.01680496791504507,0.018962207935887612,1,1,-1,0.5,False,Trend,Trend,False
2018-05-16 00:00:00+09:00,112120.3046875,116850.971484375,115292.70716145834,28.571407169873936,-887.9774842891561,0.016652255799541233,0.018966458214681403,1,1,-1,0.5,False,Trend,Trend,False
2018-05-17 00:00:00+09:00,111375.3359375,116552.976953125,115224.41731770833,23.636405930094085,-860.7825051814722,0.015131907961613221,0.018977052487676067,1,1,-1,0.5,False,Trend,Trend,False
2018-05-18 00:00:00+09:00,111747.8046875,116236.358203125,115180.96002604166,34.14628906070158,-773.7815648376591,0.015053546383721405,0.018945528226953424,1,1,-1,0.5,False,Trend,Trend,False
2018-05-21 00:00:00+09:00,111002.8359375,115901.114453125,115044.379296875,27.499947566014384,-723.4047856861746,0.015079190653560476,0.018145386124608243,1,1,-1,0.5,False,Trend,Trend,False
2018-05-23 00:00:00+09:00,107650.3984375,115323.750390625,114889.17421875,15.555501697462105,-863.3779335151676,0.015820286062843844,0.01840139006908602,1,1,-1,0.5,False,Trend,Trend,False
2018-05-24 00:00:00+09:00,104297.96875,114597.39140625,114653.26223958333,12.96291908817723,-1113.3527926514193,0.016882490337403314,0.018714410206004554,-1,1,-1,-0.19999999999999996,False,MeanReversion,Trend,False
2018-05-25 00:00:00+09:00,103552.984375,113722.0328125,114380.10078125,12.499957865563061,-1250.231873569333,0.015810938139519812,0.018626009866860898,-1,1,-1,-0.19999999999999996,False,MeanReversion,Trend,False
2018-05-28 00:00:00+09:00,103180.484375,112772.17578125,114100.73098958333,13.207497143834033,-1282.4286701687897,0.015338791094370086,0.018623789575539996,-1,1,-1,-0.19999999999999996,False,MeanReversion,Trend,False
2018-05-29 00:00:00+09:00,104297.96875,112157.562890625,113833.77799479167,19.230745961277137,-1149.3145934245845,0.012982674390759504,0.01868917270755401,-1,1,-1,-0.19999999999999996,False,MeanReversion,Trend,False
2018-05-30 00:00:00+09:00,102435.4921875,111393.951953125,113604.073828125,19.23076923076924,-1107.1195485941835,0.012755024530458308,0.01832222319646653,-1,1,-1,-0.19999999999999996,False,MeanReversion,Trend,False
2018-05-31 00:00:00+09:00,103552.984375,110611.7171875,113430.24375,25.000040333770016,-931.4247322738847,0.012620890684585955,0.018253991545780696,-1,1,-1,-0.19999999999999996,False,MeanReversion,Trend,False
2018-06-01 00:00:00+09:00,104297.96875,109866.731640625,113219.16484375,24.999949582726487,-702.9147310723692,0.012929218021100187,0.01793548870969141,-1,1,-1,-0.19999999999999996,False,MeanReversion,Trend,False
2018-06-04 00:00:00+09:00,106532.90625,109233.49296875,113101.20872395833,35.18509599699223,-356.5926545528505,0.01430180761772671,0.017818759108085724,-1,1,-1,-0.19999999999999996,False,MeanReversion,MeanReversion,False
2018-06-05 00:00:00+09:00,106160.421875,108656.128515625,112952.21171875,37.999937918056865,-120.16985300302122,0.014212982461895346,0.017724579802523514,-1,1,-1,-0.19999999999999996,False,MeanReversion,MeanReversion,False
2018-06-07 00:00:00+09:00,106160.421875,108153.2625,112809.423046875,32.60864906614944,59.02151219511097,0.014140844931939955,0.01772364905672793,-1,1,-1,-0.19999999999999996,False,MeanReversion,MeanReversion,False
2018-06-08 00:00:00+09:00,105042.9375,107687.647265625,112654.21796875,31.91480436768407,121.49805025144587,0.01395326004625092,0.017762598323820603,-1,1,-1,-0.19999999999999996,False,MeanReversion,MeanReversion,False
2018-06-11 00:00:00+09:00,103925.4609375,107222.03125,112480.38828125,28.571434686171216,107.26845237719408,0.013973020177512117,0.017801773089693468,-1,1,-1,-0.19999999999999996,False,MeanReversion,MeanReversion,False
2018-06-12 00:00:00+09:00,104670.4453125,106756.4140625,112287.93333333333,32.65303414493836,164.32029306209097,0.013997527419023327,0.017687116320548396,-1,1,-1,-0.19999999999999996,False,MeanReversion,MeanReversion,False
2018-06-14 00:00:00+09:00,100573.046875,106160.42578125,112008.563671875,31.37256434055989,-46.34487086854551,0.01602647441484886,0.01829454023777657,-1,1,-1,-0.19999999999999996,False,MeanReversion,MeanReversion,True
2018-06-15 00:00:00+09:00,99828.046875,105620.3109375,111716.77734375,36.36361469674147,-199.71858494843946,0.015821533590048828,0.018302022364582966,-1,1,-1,-0.19999999999999996,False,MeanReversion,MeanReversion,True
2018-06-18 00:00:00+09:00,100573.046875,105042.948046875,111511.90638020834,40.90911690933999,-213.5995065092702,0.01550819862197275,0.01771869481191294,-1,1,-1,-0.19999999999999996,False,MeanReversion,MeanReversion,False
2018-06-19 00:00:00+09:00,97965.5703125,104372.459765625,111251.161328125,35.999989932712765,-352.7817730384163,0.01619437516987855,0.017957425266287564,-1,1,-1,-0.19999999999999996,False,MeanReversion,MeanReversion,True
2018-06-20 00:00:00+09:00,96475.6171875,103608.850390625,110940.75091145834,29.411774382257207,-491.0825346401225,0.016140447077127282,0.017915694779417346,-1,1,-1,-0.19999999999999996,False,MeanReversion,MeanReversion,True
2018-06-21 00:00:00+09:00,94613.140625,102789.365625,110624.13203125,29.411774382257207,-644.2351306428759,0.016365342960781053,0.017996642420511952,-1,1,-1,-0.19999999999999996,False,MeanReversion,MeanReversion,True
2018-06-22 00:00:00+09:00,96848.1171875,102249.2515625,110357.17890625,33.33335922658915,-535.7098283472706,0.016874728231315413,0.018309162146868726,-1,1,-1,-0.19999999999999996,False,MeanReversion,MeanReversion,True
2018-06-25 00:00:00+09:00,96103.109375,101839.50859375,110102.641796875,29.62963106814216,-457.8136145813596,0.015716894661453033,0.018267881634936256,-1,1,-1,-0.19999999999999996,False,MeanReversion,MeanReversion,True
2018-06-26 00:00:00+09:00,96475.6171875,101485.640234375,109798.43971354167,22.449144689111122,-330.8378820637449,0.01579673526317594,0.017796803931442885,-1,1,-1,-0.19999999999999996,False,MeanReversion,MeanReversion,False
2018-06-27 00:00:00+09:00,94985.6484375,101075.8984375,109500.44544270834,21.154000507396574,-297.8611924159345,0.01602406026647759,0.017786804030549778,-1,1,-1,-0.19999999999999996,False,MeanReversion,MeanReversion,True
2018-06-28 00:00:00+09:00,93859.3359375,100553.966796875,109283.01067708334,19.991530369267522,-301.64339612125195,0.015713332568802495,0.016508074475183536,-1,1,-1,-0.19999999999999996,False,MeanReversion,MeanReversion,True
2018-06-29 00:00:00+09:00,94234.75,100143.9296875,109071.8328125,22.64297573349637,-231.74290544655378,0.015543517612866813,0.016524999463119652,-1,1,-1,-0.19999999999999996,False,MeanReversion,MeanReversion,True
2018-07-02 00:00:00+09:00,92733.015625,99602.93125,108773.54401041666,22.210924428102516,-238.5908675936339,0.01533820794970467,0.015914336561335556,-1,1,-1,-0.19999999999999996,False,MeanReversion,MeanReversion,True
2018-07-03 00:00:00+09:00,91606.7109375,98968.368359375,108413.026171875,18.16756139348942,-268.68144918009375,0.015105120878946112,0.015578894275020587,-1,1,-1,-0.19999999999999996,False,MeanReversion,MeanReversion,True
2018-07-04 00:00:00+09:00,89729.5234375,98128.19921875,107965.34778645834,20.371786349646698,-359.0698638609283,0.013922245634083393,0.015128239328156833,-1,1,-1,-0.19999999999999996,False,MeanReversion,MeanReversion,True
2018-07-05 00:00:00+09:00,91231.2734375,97381.741796875,107573.73997395833,27.443477861590196,-266.0591918167979,0.014992634888570205,0.015286385843488123,-1,1,-1,-0.19999999999999996,False,MeanReversion,MeanReversion,True
2018-07-06 00:00:00+09:00,92733.015625,96710.371484375,107225.78567708333,30.214744246936164,-62.36739422472192,0.015847095681958728,0.0154840664066866,-1,1,-1,-0.19999999999999996,False,MeanReversion,MeanReversion,False
2018-07-09 00:00:00+09:00,93483.8984375,96132.41953125,106908.97044270833,37.52055781510236,152.2433847355228,0.016155990206579655,0.015529672031387444,-1,1,-1,-0.19999999999999996,False,MeanReversion,MeanReversion,False
2018-07-10 00:00:00+09:00,92733.015625,95572.797265625,106579.64049479166,39.13118053176453,266.26155076229134,0.016124965682529274,0.015537416701250587,-1,1,-1,-0.19999999999999996,False,MeanReversion,MeanReversion,False
2018-07-11 00:00:00+09:00,91231.2734375,94900.838671875,106237.69830729166,39.968604310024794,262.72824003444475,0.015994806865659145,0.015623632961465852,-1,1,-1,-0.19999999999999996,False,MeanReversion,MeanReversion,False
2018-07-12 00:00:00+09:00,92357.5859375,94490.065625,105889.69505208333,35.74230842501309,352.8186627520281,0.014505718273651528,0.015606541881253709,-1,1,-1,-0.19999999999999996,False,MeanReversion,MeanReversion,False
2018-07-13 00:00:00+09:00,91982.15625,94097.77109375,105554.05924479167,36.60129058740931,400.2261158109018,0.01448646424182627,0.015583377367956891,-1,1,-1,-0.19999999999999996,False,MeanReversion,MeanReversion,False
2018-07-16 00:00:00+09:00,94610.2109375,93799.629296875,105231.18294270833,44.71068389927678,609.1586932177761,0.01601617768526005,0.015904763672516913,-1,1,-1,-0.19999999999999996,False,MeanReversion,MeanReversion,False
2018-07-17 00:00:00+09:00,94985.640625,93650.6328125,104858.68984375,49.99997635324469,763.2338375126842,0.015111117869061797,0.015367967446931372,-1,1,1,0.30000000000000004,False,Trend,MeanReversion,False
2018-07-18 00:00:00+09:00,93108.4765625,93482.27578125,104442.49479166667,47.82612039280473,729.3536968797666,0.015366954889078053,0.015456865285748252,-1,1,1,0.30000000000000004,False,Trend,Trend,False
2018-07-19 00:00:00+09:00,93108.4765625,93407.042578125,104032.50755208333,46.666768400253225,697.5767583722682,0.01479146459065288,0.015465018181214414,-1,1,1,0.30000000000000004,False,Trend,Trend,False
2018-07-20 00:00:00+09:00,95361.0703125,93332.690234375,103635.23072916667,57.446822640894595,810.9492179543058,0.014839826781060354,0.015736413368258602,-1,1,1,0.30000000000000004,False,Trend,Trend,False
2018-07-23 00:00:00+09:00,97238.2734375,93389.4484375,103275.44947916667,65.30617445012945,983.5504665649187,0.015406162104647523,0.016019263520629174,-1,1,1,0.30000000000000004,False,Trend,Trend,False
2018-07-24 00:00:00+09:00,97238.2734375,93427.58125,102878.41809895834,72.72735871543318,1062.1867016102756,0.015387067316033896,0.015764595313138122,-1,1,-1,-0.19999999999999996,False,MeanReversion,Trend,False
2018-07-25 00:00:00+09:00,97989.15625,93577.756640625,102475.276953125,71.42867051965843,1123.303893719799,0.014991292270030007,0.01574511467891684,-1,1,-1,-0.19999999999999996,False,MeanReversion,MeanReversion,False
2018-07-26 00:00:00+09:00,97613.7109375,93765.475390625,102159.00169270833,66.66673780892862,1095.7967584912308,0.014714882644654068,0.014691956465444906,-1,1,1,0.30000000000000004,False,Trend,MeanReversion,False
2018-07-27 00:00:00+09:00,97238.2734375,93915.6515625,101817.84440104167,63.157937969095165,1011.686537413734,0.014762391662151748,0.014600280066421206,-1,1,1,0.30000000000000004,False,Trend,Trend,False
2018-07-30 00:00:00+09:00,97989.15625,94178.45859375,101464.36901041666,68.42116791758711,966.0810882767953,0.014214494938795855,0.014524296731907485,-1,1,1,0.30000000000000004,False,Trend,Trend,False
2018-07-31 00:00:00+09:00,97238.2734375,94460.03671875,101098.37890625,72.22227360272646,848.9593292265059,0.013997825142545285,0.014528933975057015,-1,1,-1,-0.19999999999999996,False,MeanReversion,Trend,False
2018-08-01 00:00:00+09:00,96487.40625,94797.930859375,100719.87434895833,65.71436215594352,691.218295880524,0.013116053401164859,0.014532710849302887,-1,1,1,0.30000000000000004,False,Trend,Trend,False
2018-08-02 00:00:00+09:00,94234.75,94948.1046875,100328.65833333334,57.49989595471949,418.87083812373737,0.014071874168867298,0.014718128070883569,-1,1,1,0.30000000000000004,False,Trend,Trend,False
2018-08-03 00:00:00+09:00,93108.4765625,94966.877734375,99943.50390625,44.44448940238564,159.8956258992897,0.01393969143922001,0.014710976776662017,-1,1,-1,-0.19999999999999996,False,MeanReversion,Trend,False
2018-08-06 00:00:00+09:00,93483.8984375,94966.877734375,99595.64817708333,44.444457289577926,18.3480388068175,0.01384872254950627,0.014651825159724303,-1,1,-1,-0.19999999999999996,False,MeanReversion,Trend,False
2018-08-07 00:00:00+09:00,93859.3359375,95023.19375,99272.67408854167,53.12493903588916,-42.21885113324595,0.013741396256078873,0.014657222943486663,-1,1,-1,-0.19999999999999996,False,MeanReversion,Trend,False
2018-08-08 00:00:00+09:00,95736.515625,95248.455859375,98968.56953125,59.459391058502234,47.0803108620953,0.013773325293988878,0.014903246234028167,-1,1,1,0.30000000000000004,False,Trend,Trend,False
2018-08-09 00:00:00+09:00,94610.2109375,95361.087109375,98670.526171875,47.058884732517946,33.84873951380621,0.013918975660383954,0.014888786910995455,-1,1,1,0.30000000000000004,False,Trend,Trend,False
2018-08-10 00:00:00+09:00,94610.2109375,95492.48984375,98403.52395833333,37.93101716247304,28.84749746922091,0.013867385815683812,0.014781951761913692,-1,1,-1,-0.19999999999999996,False,MeanReversion,Trend,False
2018-08-13 00:00:00+09:00,92733.015625,95398.630078125,98080.40247395834,32.352899774343996,-90.59692889882774,0.013141782616186568,0.014799022851193049,-1,1,-1,-0.19999999999999996,False,MeanReversion,Trend,False
2018-08-14 00:00:00+09:00,92357.5859375,95267.22734375,97763.43997395833,27.272652749795853,-179.46498934914166,0.01310466954111762,0.014792388031316616,-1,1,-1,-0.19999999999999996,False,MeanReversion,Trend,False
2018-08-16 00:00:00+09:00,94985.640625,95361.085546875,97484.07057291667,41.02559040518542,-52.42537229044626,0.013900358258457493,0.015310494333472155,-1,1,-1,-0.19999999999999996,False,MeanReversion,Trend,False
2018-08-17 00:00:00+09:00,94985.640625,95454.94375,97217.11731770834,42.1052141613681,35.68454504159206,0.013900358258457493,0.015305373015022173,-1,1,-1,-0.19999999999999996,False,MeanReversion,Trend,False
2018-08-20 00:00:00+09:00,95736.515625,95473.716015625,97018.55260416666,42.105182457689025,142.61296933998165,0.012938865568061604,0.014911033559283218,-1,1,-1,-0.19999999999999996,False,MeanReversion,MeanReversion,False
2018-08-21 00:00:00+09:00,94234.75,95323.53984375,96850.83229166667,39.99989595444886,111.64779862421278,0.012570617128355837,0.014511699184437888,-1,1,-1,-0.19999999999999996,False,MeanReversion,MeanReversion,False
2018-08-22 00:00:00+09:00,94610.2109375,95192.13671875,96701.78606770834,43.58971349115855,115.42258517100947,0.012628049705897499,0.014511726962233228,-1,1,-1,-0.19999999999999996,False,MeanReversion,MeanReversion,False
2018-08-23 00:00:00+09:00,93483.8984375,94966.873828125,96540.17630208333,47.222300898664805,44.6710795729673,0.012650999938443253,0.014572374085472291,-1,1,1,0.30000000000000004,False,Trend,MeanReversion,False
2018-08-24 00:00:00+09:00,93483.8984375,94760.383203125,96359.941796875,51.51508845740575,2.6936667597915402,0.012656396563781943,0.014482883391335308,-1,1,1,0.30000000000000004,False,Trend,MeanReversion,False
2018-08-27 00:00:00+09:00,93108.4765625,94553.893359375,96204.49153645833,48.48491154259424,-43.01286321855116,0.012657653017519555,0.014329536309812292,-1,1,-1,-0.19999999999999996,False,MeanReversion,MeanReversion,False
2018-08-28 00:00:00+09:00,93859.3359375,94347.40234375,96042.93072916666,50.0,-16.686046570585745,0.012671798529487018,0.014292636437285802,-1,1,-1,-0.19999999999999996,False,MeanReversion,MeanReversion,False
2018-08-29 00:00:00+09:00,93108.4765625,94140.9125,95856.43919270833,38.70975537227141,-42.38837046757317,0.012679836435511137,0.014268587725024635,-1,1,-1,-0.19999999999999996,False,MeanReversion,MeanReversion,False
2018-08-30 00:00:00+09:00,92733.015625,93953.19296875,95626.441015625,41.379280652973364,-75.3005304437753,0.012620867433190179,0.013944596097534451,-1,1,-1,-0.19999999999999996,False,MeanReversion,MeanReversion,False
2018-08-31 00:00:00+09:00,93859.3359375,93934.422265625,95421.42291666666,46.875004064263486,-14.994570105214052,0.01190329410586487,0.014066498799208816,-1,1,-1,-0.19999999999999996,False,MeanReversion,MeanReversion,False
2018-09-03 00:00:00+09:00,93859.3359375,93971.965234375,95216.40481770833,55.555589809119446,28.732408623961078,0.011573744188981256,0.014066498799208816,-1,1,1,0.30000000000000004,False,Trend,MeanReversion,False
2018-09-04 00:00:00+09:00,94985.640625,94047.05234375,95048.783203125,62.068920979460046,131.58840932013163,0.01183594675287487,0.014135175170669666,-1,1,1,0.30000000000000004,False,Trend,Trend,False
2018-09-05 00:00:00+09:00,96862.8203125,94197.2265625,94931.07252604167,59.25921358784073,313.7326256643985,0.012548255284529845,0.014346352189102253,-1,1,1,0.30000000000000004,False,Trend,Trend,False
2018-09-06 00:00:00+09:00,100617.203125,94441.2609375,94863.51848958334,70.2702474700153,655.1085165423206,0.014458017992990303,0.015179645620671391,-1,1,-1,-0.19999999999999996,False,MeanReversion,Trend,False
2018-09-07 00:00:00+09:00,99866.34375,94704.067578125,94851.74010416666,64.86492110555702,789.3850917279658,0.014262877947626568,0.01430985618392563,-1,1,1,0.30000000000000004,False,Trend,Trend,False
2018-09-10 00:00:00+09:00,98364.578125,94891.7859375,94827.34895833333,64.86492110555702,737.0965771441018,0.014806097146258473,0.01441106083724981,1,1,1,1.0,False,Trend,Trend,True
2018-09-11 00:00:00+09:00,96111.9453125,95060.732421875,94752.997265625,54.761859935095494,521.0151470540945,0.015064682821646169,0.014673742506345094,1,1,1,1.0,False,Trend,Trend,False
2018-09-12 00:00:00+09:00,97238.2734375,95304.766796875,94740.87565104167,61.904761904761905,428.04873059557826,0.015153044832317514,0.01436975962139233,1,1,1,1.0,False,Trend,Trend,False
2018-09-13 00:00:00+09:00,96487.40625,95379.855078125,94741.07213541666,59.090937036968725,296.34804370198594,0.01405968247369799,0.01426685553990096,1,1,1,1.0,False,Trend,Trend,False
2018-09-14 00:00:00+09:00,97238.2734375,95492.48671875,94784.82434895834,62.222175979875324,242.43517648977843,0.014143523480181702,0.014068020118256473,1,1,1,1.0,False,Trend,Trend,False
2018-09-17 00:00:00+09:00,96487.40625,95530.03125,94778.8125,57.777797302315214,143.71467094541737,0.014185340127344508,0.013780283311641946,1,1,1,1.0,False,Trend,Trend,False
2018-09-18 00:00:00+09:00,96111.9453125,95623.891015625,94778.959765625,59.09078870828151,45.71469284319903,0.01371144949647478,0.013753074190687995,1,1,1,1.0,False,Trend,Trend,False
2018-09-19 00:00:00+09:00,94985.640625,95642.6625,94754.12682291666,56.52173322995162,-94.71763887705049,0.01398097251517171,0.013826789439732026,1,1,-1,0.5,False,Trend,Trend,False
2018-09-20 00:00:00+09:00,96862.8203125,95811.60859375,94785.41302083334,58.33328998113312,-62.492816127805554,0.014310815472036878,0.013911349616838539,1,1,-1,0.5,False,Trend,Trend,False
2018-09-21 00:00:00+09:00,96862.8203125,95980.5546875,94835.47109375,58.33328998113312,-43.39390079278803,0.014310815472036878,0.013818171173786808,1,1,-1,0.5,False,Trend,Trend,False
2018-09-27 00:00:00+09:00,97989.15625,96224.588671875,94898.04453125,58.33336223475002,38.45578504744577,0.014402436513551373,0.01388475030205496,1,1,1,1.0,False,Trend,Trend,False
2018-09-28 00:00:00+09:00,97238.2734375,96393.535546875,94973.13216145833,51.11115427051512,35.45837876134976,0.014516432507724265,0.013755385702105149,1,1,1,1.0,False,Trend,Trend,False
2018-10-01 00:00:00+09:00,96862.8203125,96581.252734375,95060.733984375,36.111138406830435,3.31581664864035,0.014397864141938504,0.013663446211389766,1,1,-1,0.5,False,Trend,Trend,False
2018-10-02 00:00:00+09:00,96487.40625,96768.972265625,95173.36536458334,37.14290300755188,-45.41446282104499,0.014394444511601096,0.013381680422863976,1,1,-1,0.5,False,Trend,Trend,False
2018-10-04 00:00:00+09:00,93483.8984375,96750.200390625,95210.90911458334,33.33340447521567,-269.60237507146945,0.01600828176434825,0.013880601947982896,1,1,-1,0.5,False,Trend,Trend,False
2018-10-05 00:00:00+09:00,93483.8984375,96731.428515625,95223.423828125,39.39402920322955,-399.7201013569161,0.01600828176434825,0.01372234497500945,1,1,-1,0.5,False,Trend,Trend,False
2018-10-08 00:00:00+09:00,91606.7109375,96562.48203125,95192.13736979167,28.571454051875136,-582.9421491323058,0.016340811595812733,0.013931137061710777,1,1,-1,0.5,False,Trend,Trend,False
2018-10-10 00:00:00+09:00,90104.953125,96224.588671875,95148.336328125,27.027022466981165,-764.5564656524607,0.01584088740181245,0.01405303689112294,1,1,-1,0.5,False,Trend,Trend,False
2018-10-11 00:00:00+09:00,87101.453125,95548.801171875,95079.50598958334,18.6047029320857,-1029.7376640169377,0.013939874117247456,0.014562864547064382,1,1,-1,0.5,False,Trend,Trend,False
2018-10-12 00:00:00+09:00,86726.0078125,94891.784375,94985.64635416666,19.047652077752275,-1163.3324373803675,0.013954568421033597,0.01446822660224883,-1,1,-1,-0.19999999999999996,False,MeanReversion,Trend,False
2018-10-15 00:00:00+09:00,85224.2734375,94234.769140625,94873.01497395833,17.777853820677905,-1276.6737968405748,0.014034667787074104,0.014618242925021816,-1,1,-1,-0.19999999999999996,False,MeanReversion,Trend,False
2018-10-16 00:00:00+09:00,87476.8828125,93803.016015625,94754.126171875,29.166654022280426,-1128.8759223684747,0.01534058538042615,0.01454946135221858,-1,1,-1,-0.19999999999999996,False,MeanReversion,Trend,False
2018-10-17 00:00:00+09:00,88978.65625,93390.03515625,94654.009765625,27.659690335365966,-870.4925028459045,0.01568516782259111,0.014726243576640331,-1,1,-1,-0.19999999999999996,False,MeanReversion,Trend,False
2018-10-18 00:00:00+09:00,87101.453125,92920.7375,94553.89270833334,25.00009003893284,-769.9954537103133,0.016123480376376922,0.0147568551984924,-1,1,-1,-0.19999999999999996,False,MeanReversion,Trend,False
2018-10-19 00:00:00+09:00,86726.0078125,92395.12421875,94447.51822916667,20.0,-676.1330935384337,0.015839836299409864,0.014761877125920976,-1,1,-1,-0.19999999999999996,False,MeanReversion,Trend,False
2018-10-22 00:00:00+09:00,88603.2109375,92000.914453125,94334.88723958333,28.301937907493368,-446.0498431225435,0.016946892554802594,0.014693467625603305,-1,1,-1,-0.19999999999999996,False,MeanReversion,MeanReversion,False
2018-10-23 00:00:00+09:00,87476.8828125,91569.161328125,94172.19739583334,27.272778865311224,-333.30903167950555,0.017053232101832322,0.014511923612925247,-1,1,-1,-0.19999999999999996,False,MeanReversion,MeanReversion,False
2018-10-24 00:00:00+09:00,87852.328125,91212.495703125,94015.76497395833,29.090950364913795,-203.42689624566674,0.01708061964779848,0.014531262825484044,-1,1,-1,-0.19999999999999996,False,MeanReversion,MeanReversion,False
2018-10-25 00:00:00+09:00,82596.2265625,90499.166015625,93759.21614583333,26.22959096302067,-428.53806137313086,0.02052173038568489,0.016411126524497315,-1,1,-1,-0.19999999999999996,False,MeanReversion,MeanReversion,True
2018-10-26 00:00:00+09:00,81094.4609375,89710.748046875,93483.8953125,24.61544962812711,-623.7817770306301,0.020556964478725646,0.016532440402999043,-1,1,-1,-0.19999999999999996,False,MeanReversion,MeanReversion,True
2018-10-29 00:00:00+09:00,79592.7109375,88790.92578125,93189.80260416666,25.000065028131175,-788.6474337903683,0.020080914844495125,0.016654589634708734,-1,1,-1,-0.19999999999999996,False,MeanReversion,MeanReversion,True
2018-10-30 00:00:00+09:00,80719.0234375,87964.96328125,92901.96705729167,30.158792549053942,-756.315885453465,0.0208104148777635,0.01674595691676286,-1,1,-1,-0.19999999999999996,False,MeanReversion,MeanReversion,True
2018-10-31 00:00:00+09:00,79968.15625,87120.230078125,92614.13177083334,33.33340634740533,-720.1532478281833,0.02077104807368884,0.016754780025569634,-1,1,-1,-0.19999999999999996,False,MeanReversion,MeanReversion,True
2018-11-01 00:00:00+09:00,81469.890625,86369.354296875,92363.83984375,38.33336281279881,-538.087918723103,0.02168445842027504,0.016979001660235107,-1,1,-1,-0.19999999999999996,False,MeanReversion,MeanReversion,True
2018-11-02 00:00:00+09:00,82596.2265625,85824.970703125,92169.864453125,44.06784861771826,-296.84841467501747,0.021505244673037622,0.016887843085119886,-1,1,-1,-0.19999999999999996,False,MeanReversion,MeanReversion,False
2018-11-05 00:00:00+09:00,78090.9609375,85055.323828125,91919.57252604167,30.769336661062127,-389.8849352858533,0.024150028474925114,0.01822748915846441,-1,-1,-1,-1.0,True,Defensive,MeanReversion,True
2018-11-06 00:00:00+09:00,80719.0234375,84510.939453125,91706.824609375,33.82355866316871,-231.4411011887023,0.02573484872843979,0.018793272626861625,-1,-1,-1,-1.0,True,Defensive,MeanReversion,False
2018-11-07 00:00:00+09:00,80719.0234375,84041.64296875,91487.81940104166,36.5079842181841,-90.86944837552983,0.02565523567935953,0.018777056000671317,-1,-1,-1,-1.0,True,Defensive,Defensive,False
2018-11-08 00:00:00+09:00,79217.2734375,83647.433984375,91212.49869791667,34.84854503985558,-64.49979765791613,0.02498831936238413,0.01866014285914661,-1,-1,-1,-1.0,True,Defensive,Defensive,False
2018-11-09 00:00:00+09:00,78841.8359375,83253.225390625,90949.69244791666,29.03228621408597,-39.066449493296204,0.024988120122915226,0.018626688444758805,-1,-1,-1,-1.0,True,Defensive,Defensive,False
2018-11-12 00:00:00+09:00,76589.21875,82821.47265625,90649.342578125,27.692362854758272,-135.26139764858726,0.02542527007669946,0.01892015226130343,-1,-1,-1,-1.0,True,Defensive,Defensive,False
2018-11-13 00:00:00+09:00,76964.6484375,82295.8609375,90386.53645833333,27.692316557707215,-134.6238074170069,0.02446998715190145,0.018824738986866558,-1,1,-1,-0.19999999999999996,False,MeanReversion,Defensive,False
2018-11-14 00:00:00+09:00,76213.7734375,81657.616796875,90117.47291666667,33.96223748218472,-144.8981806304855,0.023845739361121627,0.018844269211905795,-1,1,-1,-0.19999999999999996,False,MeanReversion,Defensive,False
2018-11-15 00:00:00+09:00,77340.09375,81169.548828125,89823.38046875,40.38463924114205,-41.34488987323539,0.024123488224115412,0.018544738213156057,-1,-1,-1,-1.0,True,Defensive,Defensive,False
2018-11-16 00:00:00+09:00,77340.09375,80700.253125,89529.28802083334,43.75002438560205,56.34004315045604,0.024158100707422425,0.018544738213156057,-1,-1,-1,-1.0,True,Defensive,Defensive,False
2018-11-19 00:00:00+09:00,76213.7734375,80080.78125,89203.908984375,37.50001083804065,73.21845622104593,0.02335863014205067,0.01854030827850549,-1,1,-1,-0.19999999999999996,False,MeanReversion,Defensive,False
2018-11-20 00:00:00+09:00,73210.2734375,79367.45078125,88853.50104166666,33.33333333333333,-81.39998813049169,0.024461879148325674,0.01906813964369826,-1,1,-1,-0.19999999999999996,False,MeanReversion,Defensive,False
2018-11-21 00:00:00+09:00,73435.546875,78646.61171875,88500.58997395834,28.853859946373632,-129.16568110391927,0.02442901781373809,0.01906191931527792,-1,1,-1,-0.19999999999999996,False,MeanReversion,Defensive,False
2018-11-22 00:00:00+09:00,69681.15625,78000.858203125,88103.87760416667,20.13890017850234,-361.1326515737146,0.02344937429782833,0.020033527122437195,-1,1,-1,-0.19999999999999996,False,MeanReversion,Defensive,False
2018-11-23 00:00:00+09:00,70356.9453125,77463.982421875,87718.42838541667,28.270067756638028,-412.8465099959385,0.023665379026396666,0.020112114117689896,-1,1,-1,-0.19999999999999996,False,MeanReversion,Defensive,False
2018-11-26 00:00:00+09:00,71408.1875,77054.75625,87356.75690104166,21.296419840801533,-323.96878194112423,0.023986253115186682,0.020270123880058326,-1,1,-1,-0.19999999999999996,False,MeanReversion,Defensive,False
2018-11-27 00:00:00+09:00,75838.3515625,76810.72265625,87056.40716145834,38.18188284452341,64.74320210881615,0.027863634841004115,0.02186876266640103,-1,1,-1,-0.19999999999999996,False,MeanReversion,MeanReversion,False
2018-11-28 00:00:00+09:00,75838.3515625,76604.232421875,86768.57174479167,41.1765329912496,338.1382808901599,0.027832052631258923,0.021865464855714646,-1,1,-1,-0.19999999999999996,False,MeanReversion,MeanReversion,False
2018-11-29 00:00:00+09:00,75087.46875,76285.111328125,86474.479296875,40.38466232799062,476.2328632800886,0.027413520342137787,0.021881615848611067,-1,1,-1,-0.19999999999999996,False,MeanReversion,MeanReversion,False
2018-11-30 00:00:00+09:00,80343.578125,76172.47890625,86249.21666666666,58.333281310801326,904.5513464885266,0.03159130206735218,0.023657517821518727,-1,-1,1,-0.5,True,Defensive,MeanReversion,False
2018-12-03 00:00:00+09:00,81469.890625,76341.425390625,86042.72591145833,59.677379837213145,1226.7077414116216,0.028981359164637854,0.023751444807643397,-1,1,1,0.30000000000000004,False,Trend,MeanReversion,False
2018-12-04 00:00:00+09:00,80719.0234375,76341.425390625,85804.94895833333,59.677399866688056,1342.8426882364442,0.028133427614209647,0.023692850492105896,-1,1,1,0.30000000000000004,False,Trend,Trend,False
2018-12-05 00:00:00+09:00,80719.0234375,76341.425390625,85535.88567708334,57.62708755906322,1368.6173765034887,0.028133427614209647,0.023514936251830796,-1,1,1,0.30000000000000004,False,Trend,Trend,False
2018-12-06 00:00:00+09:00,82971.6484375,76529.144140625,85241.79309895834,61.53842706197407,1477.0427626393835,0.02841054572879757,0.02324155810689974,-1,1,1,0.30000000000000004,False,Trend,Trend,False
2018-12-07 00:00:00+09:00,83347.078125,76754.40625,84966.47200520833,65.07933362201742,1508.4234684793778,0.028364768765007223,0.023255786781039244,-1,1,1,0.30000000000000004,False,Trend,Trend,False
2018-12-10 00:00:00+09:00,82971.6484375,77073.527734375,84709.92317708333,73.21426846189233,1438.512939483661,0.02743490872369851,0.023202167385641105,-1,1,-1,-0.19999999999999996,False,MeanReversion,Trend,False
2018-12-11 00:00:00+09:00,83722.53125,77411.421875,84503.43294270833,73.86757472404452,1377.3798227901389,0.027457377484584645,0.023095899589424318,-1,1,-1,-0.19999999999999996,False,MeanReversion,MeanReversion,False
2018-12-12 00:00:00+09:00,88978.65625,78049.666015625,84365.77265625,91.85671031146484,1609.3276211832854,0.029991832343766442,0.024435860645453583,-1,1,-1,-0.19999999999999996,False,MeanReversion,MeanReversion,False
2018-12-13 00:00:00+09:00,88978.65625,78631.594140625,84240.62682291666,91.6107714121217,1673.7121709487283,0.029992882943039433,0.024422624164038037,-1,1,-1,-0.19999999999999996,False,MeanReversion,MeanReversion,False
2018-12-14 00:00:00+09:00,87476.8828125,79138.43359375,84077.93697916667,85.19730098346741,1530.0417772653536,0.03044042329856615,0.02447549215154416,-1,1,-1,-0.19999999999999996,False,MeanReversion,MeanReversion,False
2018-12-17 00:00:00+09:00,87476.8828125,79701.5890625,83927.76158854166,81.63256812630163,1355.8504128219392,0.030086810441512554,0.024463800830692207,-1,1,-1,-0.19999999999999996,False,MeanReversion,MeanReversion,False
2018-12-18 00:00:00+09:00,88603.2109375,80471.2359375,83802.616015625,82.69224150971182,1240.4498666357742,0.027980503195896584,0.024532425618282477,-1,1,-1,-0.19999999999999996,False,MeanReversion,MeanReversion,False
2018-12-19 00:00:00+09:00,92357.5859375,81417.337890625,83758.81510416667,88.33330269778915,1332.8363294897879,0.028819675429136386,0.0251062129026856,-1,1,-1,-0.19999999999999996,False,MeanReversion,MeanReversion,False
2018-12-20 00:00:00+09:00,91231.2734375,82494.84375,83664.95598958334,79.59182026774002,1236.1047353886545,0.025313665807583728,0.02501182352023714,-1,1,-1,-0.19999999999999996,False,MeanReversion,MeanReversion,False
2018-12-21 00:00:00+09:00,91982.15625,83576.104296875,83583.61158854167,79.16665944131249,1142.8893236607669,0.025327311671722964,0.025039738623930982,-1,1,-1,-0.19999999999999996,False,MeanReversion,MeanReversion,False
2018-12-24 00:00:00+09:00,92357.5859375,84623.57421875,83489.75208333334,82.97866499958383,1030.1988755767097,0.025409436469769606,0.024995394949402106,1,1,-1,0.5,False,Trend,MeanReversion,False
2018-12-26 00:00:00+09:00,90104.953125,85336.904296875,83370.86341145834,73.58483972935716,741.1444307573961,0.02414569685092406,0.02516845450114541,1,1,-1,0.5,False,Trend,Trend,False
2018-12-27 00:00:00+09:00,91260.1640625,86107.994921875,83277.48580729167,72.04297187953978,572.4925698648885,0.024074298458301918,0.02523063708754871,1,1,-1,0.5,False,Trend,Trend,False
2018-12-28 00:00:00+09:00,91260.1640625,86916.6296875,83190.36510416666,71.47332844594052,413.12003560609946,0.0237572265950898,0.02522807795576919,1,1,-1,0.5,False,Trend,Trend,False
2019-01-02 00:00:00+09:00,87794.578125,87289.1796875,83095.54309895834,61.20801499207149,45.81099269002243,0.021949729690386242,0.02539040441458151,1,1,1,1.0,False,Trend,Trend,False
2019-01-03 00:00:00+09:00,89719.875,87701.67890625,83032.809375,63.21585751402913,-88.64454398417092,0.022193935932107244,0.025559439703083695,1,1,-1,0.5,False,Trend,Trend,False
2019-01-04 00:00:00+09:00,92030.2890625,88267.2421875,83039.86901041666,57.72790564337784,-45.324314609340036,0.02238990481206337,0.025646419646808714,1,1,-1,0.5,False,Trend,Trend,False
2019-01-07 00:00:00+09:00,92800.40625,88871.311328125,83084.79322916667,59.3148168318076,8.956557961987528,0.022338937827913897,0.025574314521436388,1,1,1,1.0,False,Trend,Trend,False
2019-01-08 00:00:00+09:00,92030.2890625,89324.243359375,83166.94049479166,61.508554268920214,-31.052717040590323,0.02203969512171904,0.025201828653148517,1,1,-1,0.5,False,Trend,Trend,False
2019-01-09 00:00:00+09:00,94725.7109375,89893.175,83300.26888020833,66.12418323369943,93.16950473007228,0.02266481208446222,0.025447930537969402,1,1,1,1.0,False,Trend,Trend,False
2019-01-10 00:00:00+09:00,94725.7109375,90480.878125,83458.626171875,64.3372008357025,141.58903363963827,0.02257269634875177,0.025327234785623817,1,1,1,1.0,False,Trend,Trend,False
2019-01-11 00:00:00+09:00,94725.7109375,91031.037109375,83579.43997395833,56.728613477648985,139.63596144296298,0.022612457837671816,0.025125662601165725,1,1,1,1.0,False,Trend,Trend,False
2019-01-14 00:00:00+09:00,93570.5234375,91260.63046875,83655.97109375,56.63568194893461,32.173075901258926,0.018909803378549906,0.0251000962308521,1,1,1,1.0,False,Trend,Trend,False
2019-01-15 00:00:00+09:00,98191.3046875,91721.262890625,83840.801953125,64.44243585256548,232.74756841464114,0.0214706266902712,0.025658278014573273,1,1,1,1.0,False,Trend,Trend,False
2019-01-16 00:00:00+09:00,98961.4296875,92295.490234375,84044.72565104166,65.08354288349106,369.6091106577833,0.02084346034470295,0.0256554558428472,1,1,1,1.0,False,Trend,Trend,False
2019-01-17 00:00:00+09:00,99731.5546875,92908.223828125,84230.198046875,73.58492010597666,458.519687871707,0.020794749308350187,0.025542406119028187,1,1,-1,0.5,False,Trend,Trend,False
2019-01-18 00:00:00+09:00,100886.7421875,93522.400390625,84453.695703125,73.58488977019987,536.2434198507076,0.020776537817122093,0.025496987500961125,1,1,-1,0.5,False,Trend,Trend,False
2019-01-21 00:00:00+09:00,97806.21875,93794.83203125,84619.59388020834,63.93436788746804,331.34566363602335,0.020672324972220938,0.02585684663211672,1,1,1,1.0,False,Trend,Trend,False
2019-01-22 00:00:00+09:00,98191.3046875,94142.83359375,84879.51184895834,75.47170605828717,180.45920309322173,0.02036310271793529,0.024477190659986468,1,1,-1,0.5,False,Trend,Trend,False
2019-01-23 00:00:00+09:00,99346.484375,94511.05,85183.71223958333,74.50982576268112,120.06997491318907,0.020418943597080172,0.024342428390445668,1,1,-1,0.5,False,Trend,Trend,False
2019-01-24 00:00:00+09:00,100116.6171875,94899.0015625,85525.77734375,72.34041083649682,94.72190610177313,0.020437327248258783,0.024174698231584187,1,1,-1,0.5,False,Trend,Trend,False
2019-01-25 00:00:00+09:00,98961.4296875,95341.825390625,85829.81744791666,66.66668075614868,-30.419590053365482,0.019664053412841543,0.02421759200614715,1,1,-1,0.5,False,Trend,Trend,False
2019-01-28 00:00:00+09:00,97421.171875,95649.87578125,86120.70104166666,63.99996916096313,-236.0545044829364,0.020074482374840018,0.024287869830402542,1,1,-1,0.5,False,Trend,Trend,False
2019-01-29 00:00:00+09:00,98576.359375,96015.685546875,86405.80885416667,60.869578640993375,-308.8063733036297,0.02014645022473357,0.024230891720288777,1,1,-1,0.5,False,Trend,Trend,False
2019-01-30 00:00:00+09:00,99731.5546875,96612.534375,86691.39765625,63.26532302275162,-293.75161956336024,0.01752200054163552,0.024217021554170225,1,1,-1,0.5,False,Trend,Trend,False
2019-01-31 00:00:00+09:00,99731.5546875,97113.118359375,87052.07421875,63.26532302275162,-297.5029177027486,0.017192157964800583,0.022940761227835792,1,1,-1,0.5,False,Trend,Trend,False
2019-02-01 00:00:00+09:00,99731.5546875,97498.181640625,87368.94973958333,67.3913005125129,-312.16676625125274,0.016553001638459085,0.022626836057403094,1,1,-1,0.5,False,Trend,Trend,False
2019-02-07 00:00:00+09:00,97036.109375,97709.966796875,87640.901171875,46.34145496598653,-504.20721840007855,0.017933524667997504,0.0229730164309461,1,1,-1,0.5,False,Trend,Trend,False
2019-02-08 00:00:00+09:00,96651.03125,97941.00390625,87931.46380208334,42.49996576264842,-648.7653847876763,0.017824564930452508,0.022813330195653896,1,1,-1,0.5,False,Trend,Trend,False
2019-02-11 00:00:00+09:00,98191.3046875,98114.28359375,88253.95494791666,45.23812744250306,-631.6344901016892,0.017027321827954155,0.02284452612073526,1,1,-1,0.5,False,Trend,Trend,False
2019-02-12 00:00:00+09:00,98961.4296875,98326.06953125,88626.82513020834,43.90248126752381,-561.767505483926,0.01707348755582081,0.022443692823973054,1,1,-1,0.5,False,Trend,Trend,False
2019-02-13 00:00:00+09:00,95880.921875,98383.830078125,88942.09635416667,43.90252471768886,-706.9671126826715,0.01867581127858654,0.022916667524477664,1,1,-1,0.5,False,Trend,Trend,False
2019-02-14 00:00:00+09:00,93570.5234375,98383.830078125,89231.37552083333,36.9565025625645,-928.596787508262,0.019301862218732074,0.02313826912439124,1,1,-1,0.5,False,Trend,Trend,False
2019-02-15 00:00:00+09:00,93185.453125,98133.5375,89495.46484375,31.818206969565907,-1061.526751311372,0.015619359962690052,0.02311057654447896,1,1,-1,0.5,False,Trend,Trend,False
2019-02-18 00:00:00+09:00,92800.40625,97825.486328125,89753.13671875,27.907020635605917,-1129.4721163681531,0.015426810628375247,0.02312618633028301,1,1,-1,0.5,False,Trend,Trend,False
2019-02-19 00:00:00+09:00,92030.2890625,97440.423046875,90016.7453125,28.57148377909151,-1175.1245779082876,0.01524322584492005,0.02305831607628837,1,1,-1,0.5,False,Trend,Trend,False
2019-02-20 00:00:00+09:00,91645.2109375,96978.346484375,90323.99427083334,30.769262783113263,-1177.1604618748463,0.014798879090107393,0.02236920667149087,1,1,-1,0.5,False,Trend,Trend,False
2019-02-21 00:00:00+09:00,92415.328125,96708.801953125,90640.32395833333,28.947374041220456,-1075.3467427055994,0.013708053070450893,0.022376961561035365,1,1,-1,0.5,False,Trend,Trend,False
2019-02-22 00:00:00+09:00,93185.453125,96458.509375,91032.06223958333,27.02700331475353,-911.3279162676051,0.013855550843747143,0.021125371932709396,1,1,-1,0.5,False,Trend,Trend,False
2019-02-25 00:00:00+09:00,93185.453125,96150.4578125,91412.53736979167,27.02700331475353,-763.9887493005959,0.013460889112435294,0.021124892932678486,1,1,-1,0.5,False,Trend,Trend,False
2019-02-26 00:00:00+09:00,94340.65625,95861.659765625,91794.74518229166,32.500021556850996,-559.3641827791002,0.01369453408061632,0.021106932348620912,1,1,-1,0.5,False,Trend,Trend,False
2019-02-27 00:00:00+09:00,99346.484375,95880.9125,92186.54739583333,56.521704612616105,-82.54819966441758,0.018176633262409484,0.020753709622806045,1,1,-1,0.5,False,Trend,Trend,False
2019-02-28 00:00:00+09:00,97421.171875,95880.9125,92546.26106770833,52.000032462130896,97.73555017656616,0.018374868238668365,0.02097820115003922,1,1,1,1.0,False,Trend,Trend,False
2019-03-04 00:00:00+09:00,93955.578125,95649.8734375,92860.72955729166,39.999948355700845,-15.812041171713513,0.019832023759479556,0.02154451467918095,1,1,-1,0.5,False,Trend,Trend,False
2019-03-05 00:00:00+09:00,93570.5234375,95341.821875,93081.17864583334,37.03701059753634,-110.94622724332429,0.019555503493090067,0.0198619846207405,1,1,-1,0.5,False,Trend,Trend,False
2019-03-06 00:00:00+09:00,95880.921875,95149.290234375,93321.3625,50.0,-17.281766117277936,0.020502473605076392,0.020009123836763426,1,1,-1,0.5,False,Trend,Trend,False
2019-03-07 00:00:00+09:00,96651.03125,94995.2640625,93586.89596354167,58.33332981096283,91.54972267730308,0.020620600691713148,0.019958064160187684,1,1,1,1.0,False,Trend,Trend,False
2019-03-08 00:00:00+09:00,92415.328125,94764.225,93781.834375,48.27586689390187,-115.485435493591,0.022084483480470693,0.02088915148146199,1,1,-1,0.5,False,Trend,Trend,False
2019-03-11 00:00:00+09:00,93185.453125,94590.94609375,93952.064453125,50.84742032502041,-189.92309244984824,0.022209740753492697,0.02064094325827415,1,1,-1,0.5,False,Trend,Trend,False
2019-03-12 00:00:00+09:00,96651.03125,94513.932421875,94173.79700520834,59.09085739071467,-4.898664992518299,0.023519007471068307,0.021116682911180122,1,1,-1,0.5,False,Trend,Trend,False
2019-03-13 00:00:00+09:00,94340.65625,94282.89375,94363.28046875,54.92957625735863,-35.54438557572219,0.023987109661446966,0.02137820730365596,-1,1,-1,-0.19999999999999996,False,MeanReversion,Trend,False
2019-03-14 00:00:00+09:00,91645.2109375,94071.108203125,94495.32513020834,48.68422844063418,-224.25475231769093,0.023824749703006704,0.021731149310538638,-1,1,-1,-0.19999999999999996,False,MeanReversion,Trend,False
2019-03-15 00:00:00+09:00,93185.453125,94051.8546875,94565.43841145834,50.0,-231.32166494291744,0.023585022186325542,0.020391674914301904,-1,1,-1,-0.19999999999999996,False,MeanReversion,Trend,False
2019-03-18 00:00:00+09:00,95495.875,94167.37578125,94674.05872395834,53.57148550435848,-74.48922306687572,0.02419492689569869,0.02061985381540991,-1,1,-1,-0.19999999999999996,False,MeanReversion,MeanReversion,False
2019-03-19 00:00:00+09:00,95495.875,94302.14921875,94807.70859375,51.851894526123,29.57479270720063,0.02416429775937349,0.020481839898035384,-1,1,1,0.30000000000000004,False,Trend,MeanReversion,False
2019-03-20 00:00:00+09:00,95495.875,94475.428515625,94941.35846354166,42.64711937410154,95.04196669540246,0.02405867511724805,0.020481839898035384,-1,1,-1,-0.19999999999999996,False,MeanReversion,MeanReversion,False
2019-03-21 00:00:00+09:00,95880.921875,94687.2140625,95062.65364583333,46.87501188799041,157.2416627131565,0.024020208139092263,0.020430832071144038,-1,1,1,0.30000000000000004,False,Trend,MeanReversion,False
2019-03-22 00:00:00+09:00,95110.78125,94821.98671875,95108.540234375,52.6316051748649,140.05300291780986,0.02408121850101842,0.0197698623907034,-1,1,1,0.30000000000000004,False,Trend,Trend,False
2019-03-25 00:00:00+09:00,92415.328125,94783.48046875,95128.27447916666,47.6190414848589,-49.18183733617917,0.024935435078003623,0.02006243931797658,-1,1,-1,-0.19999999999999996,False,MeanReversion,Trend,False
2019-03-26 00:00:00+09:00,91260.1640625,94687.216015625,95116.24127604166,40.000006762955366,-237.92214246299466,0.02508261212977982,0.020101586482596825,-1,1,-1,-0.19999999999999996,False,MeanReversion,Trend,False
2019-03-27 00:00:00+09:00,91260.1640625,94533.19140625,95097.95091145833,37.931089969507255,-342.1962593952664,0.024887644290200833,0.020094022725398262,-1,1,-1,-0.19999999999999996,False,MeanReversion,Trend,False
2019-03-28 00:00:00+09:00,92030.2890625,94167.381640625,95130.03984375,48.979656903034595,-338.1348715928526,0.02167780043671918,0.01986319026149688,-1,1,-1,-0.19999999999999996,False,MeanReversion,Trend,False
2019-03-29 00:00:00+09:00,92030.2890625,93897.8375,95142.87526041667,46.80858503381979,-314.76069346754093,0.021369162449817413,0.019796515012250018,-1,1,-1,-0.19999999999999996,False,MeanReversion,Trend,False
2019-04-01 00:00:00+09:00,92800.40625,93840.07890625,95168.54596354166,37.50002536109121,-230.6424624980649,0.01998421128462373,0.01982472778210956,-1,1,-1,-0.19999999999999996,False,MeanReversion,Trend,False
2019-04-02 00:00:00+09:00,91645.2109375,93743.81328125,95232.72317708333,40.540539058520196,-235.20391772265452,0.02014955679555799,0.01923107268217616,-1,1,-1,-0.19999999999999996,False,MeanReversion,Trend,False
2019-04-03 00:00:00+09:00,95495.875,93724.5609375,95328.98984375,62.50006974282397,24.889364795235338,0.021562575911657125,0.019748198181688655,-1,1,1,0.30000000000000004,False,Trend,Trend,False
2019-04-04 00:00:00+09:00,95110.78125,93647.5484375,95380.33138020833,56.756759720782824,166.85569407434662,0.021489513812285612,0.01949627205886114,-1,1,1,0.30000000000000004,False,Trend,Trend,False
2019-04-05 00:00:00+09:00,97036.109375,93878.5875,95450.92643229167,55.55546788790213,374.4056566111883,0.019278297482801098,0.01963360636406868,-1,1,1,0.30000000000000004,False,Trend,Trend,False
2019-04-08 00:00:00+09:00,98576.359375,94148.1328125,95560.02760416667,59.99989855594386,586.7539253609646,0.019468490551742147,0.019690961794899174,-1,1,1,0.30000000000000004,False,Trend,Trend,False
2019-04-09 00:00:00+09:00,97806.21875,94205.8921875,95611.36940104167,57.14271912383315,642.1969692718644,0.01788951800562541,0.01938289511848138,-1,1,1,0.30000000000000004,False,Trend,Trend,False
2019-04-10 00:00:00+09:00,98191.3046875,94398.424609375,95669.129296875,57.142822638184484,668.6486056388309,0.016917382958504135,0.01938770035930173,-1,1,1,0.30000000000000004,False,Trend,Trend,False
2019-04-11 00:00:00+09:00,98576.359375,94744.98203125,95733.30677083334,60.97558320327075,674.0163711985745,0.015264428781538136,0.019392234791251895,-1,1,1,0.30000000000000004,False,Trend,Trend,False
2019-04-12 00:00:00+09:00,97421.171875,94956.76796875,95797.48424479166,67.56756163950894,566.0569100892471,0.01531286525256465,0.01938688355206828,-1,1,1,0.30000000000000004,False,Trend,Trend,False
2019-04-15 00:00:00+09:00,96651.03125,95014.52578125,95771.81302083333,69.44422997263841,416.0081859860227,0.01452751306187495,0.0183827929488726,-1,1,1,0.30000000000000004,False,Trend,Trend,False
2019-04-16 00:00:00+09:00,98961.4296875,95187.803515625,95771.81302083333,73.80934208517783,443.0891687661415,0.015409629783332855,0.018612411036143965,-1,1,-1,-0.19999999999999996,False,MeanReversion,Trend,False
2019-04-17 00:00:00+09:00,100886.7421875,95457.346875,95791.06614583333,75.55537020171508,554.1868156379139,0.015887261978350102,0.018752561365847638,-1,1,-1,-0.19999999999999996,False,MeanReversion,MeanReversion,False
2019-04-18 00:00:00+09:00,103197.125,95823.15703125,95829.57252604167,78.43119470073903,735.431741555868,0.016499775315127203,0.01892069743768548,-1,1,-1,-0.19999999999999996,False,MeanReversion,MeanReversion,False
2019-04-19 00:00:00+09:00,103197.125,96227.47421875,95919.42096354166,77.5508522508482,802.0230331718972,0.016295002428764794,0.018466873570534795,1,1,-1,0.5,False,Trend,MeanReversion,False
2019-04-22 00:00:00+09:00,103197.125,96766.5640625,96002.85130208333,82.60850388727584,791.4328497489255,0.014404977289580363,0.018462894092023473,1,1,-1,0.5,False,Trend,Trend,False
2019-04-23 00:00:00+09:00,104737.3671875,97440.42421875,96092.69934895834,79.99974639050284,829.5127905043014,0.013886811856536096,0.018498367195576407,1,1,-1,0.5,False,Trend,Trend,False
2019-04-24 00:00:00+09:00,106662.7109375,98210.5515625,96201.80091145834,84.09083468476548,918.7876633876792,0.014008159100616405,0.018613393588466223,1,1,-1,0.5,False,Trend,Trend,False
2019-04-25 00:00:00+09:00,106277.6328125,98922.91875,96323.73763020833,79.9998478343017,885.9307621297592,0.014236803634201071,0.01854975477254397,1,1,-1,0.5,False,Trend,Trend,False
2019-04-26 00:00:00+09:00,104352.3125,99539.019921875,96439.256640625,68.29258757813645,677.9325704511803,0.015272461178996395,0.01859275080600272,1,1,1,1.0,False,Trend,Trend,False
2019-04-29 00:00:00+09:00,107047.78125,100251.388671875,96580.44700520833,76.08692583931484,664.4056373993235,0.015864837153002256,0.018808851285349752,1,1,-1,0.5,False,Trend,Trend,False
2019-04-30 00:00:00+09:00,106662.7109375,101002.263671875,96695.96627604167,73.91296293682606,575.3715047922574,0.015401347969271607,0.018770645845923258,1,1,-1,0.5,False,Trend,Trend,False
2019-05-02 00:00:00+09:00,106662.7109375,101560.60546875,96811.485546875,73.3332672070089,466.9411383788665,0.01328371574053566,0.018770645845923258,1,1,-1,0.5,False,Trend,Trend,False
2019-05-03 00:00:00+09:00,105892.5625,102099.69453125,96914.16901041666,74.999815557027,301.8243599823545,0.013423879504569478,0.018801261887798033,1,1,-1,0.5,False,Trend,Trend,False
2019-05-07 00:00:00+09:00,104737.3671875,102484.757421875,97042.52330729166,73.33320108080375,84.5726203272061,0.013430929412046967,0.018497846775457436,1,1,-1,0.5,False,Trend,Trend,False
2019-05-08 00:00:00+09:00,104352.3125,102773.555078125,97170.87799479166,67.49989221596371,-105.01179044905575,0.013223759560611488,0.01849647553234786,1,1,-1,0.5,False,Trend,Trend,False
2019-05-09 00:00:00+09:00,100886.7421875,102927.58125,97215.801953125,50.0,-463.6684948321622,0.015416508609418183,0.018938578389030167,1,1,-1,0.5,False,Trend,Trend,False
2019-05-10 00:00:00+09:00,100116.6171875,103023.846875,97235.055078125,40.000050721899434,-736.4212431952928,0.015539784891993374,0.01894200662608437,1,1,-1,0.5,False,Trend,Trend,False
2019-05-13 00:00:00+09:00,99346.484375,103062.353125,97292.814453125,38.09528180117791,-939.3549519891167,0.01564129348061422,0.018507908188397364,1,1,-1,0.5,False,Trend,Trend,False
2019-05-14 00:00:00+09:00,98576.359375,103120.1125,97376.24505208334,36.36369085825163,-1085.7478405303614,0.015502186400899126,0.018250317720281913,1,1,-1,0.5,False,Trend,Trend,False
2019-05-15 00:00:00+09:00,98576.359375,103216.37890625,97466.09348958333,30.000147093359146,-1137.4056638945526,0.01537349346457294,0.01823895943176227,1,1,-1,0.5,False,Trend,Trend,False
2019-05-16 00:00:00+09:00,98191.3046875,103177.87265625,97555.941796875,19.444538373967248,-1148.9583082844779,0.014444449909802476,0.018237912651074547,1,1,-1,0.5,False,Trend,Trend,False
2019-05-17 00:00:00+09:00,96651.03125,102966.087109375,97632.95416666666,17.948804652892846,-1205.8728481794137,0.014056239361572095,0.01832768869924872,1,1,-1,0.5,False,Trend,Trend,False
2019-05-20 00:00:00+09:00,99346.484375,102773.555078125,97761.30872395834,34.1464018107483,-1015.173189209661,0.014541406067593838,0.018635154928775707,1,1,-1,0.5,False,Trend,Trend,False
2019-05-21 00:00:00+09:00,97806.21875,102504.009765625,97851.15690104167,18.421041391255315,-947.2704288821926,0.014850348162052716,0.018739036551052482,1,1,-1,0.5,False,Trend,Trend,False
2019-05-22 00:00:00+09:00,97806.21875,102234.464453125,97928.16966145833,18.918914472872515,-859.4387857861186,0.014850348162052716,0.01871444827327726,1,1,-1,0.5,False,Trend,Trend,False
2019-05-23 00:00:00+09:00,98191.3046875,101907.161328125,98011.60052083334,21.0527411719857,-737.1862651836274,0.014366909690114274,0.018718452952983345,1,1,-1,0.5,False,Trend,Trend,False
2019-05-24 00:00:00+09:00,100501.703125,101599.1109375,98114.28463541667,33.33349435537241,-475.21894206127627,0.014800598926477794,0.01888433608213689,1,1,-1,0.5,False,Trend,Trend,False
2019-05-27 00:00:00+09:00,103967.2578125,101483.5921875,98191.29752604167,47.91671950211257,-64.61135408828741,0.016938212814200253,0.01820271808326196,1,1,-1,0.5,False,Trend,Trend,False
2019-05-28 00:00:00+09:00,105122.421875,101522.09765625,98319.65169270833,51.99995130680366,270.3398741459646,0.016639312769106036,0.018051751218560685,1,1,1,1.0,False,Trend,Trend,False
2019-05-29 00:00:00+09:00,103197.125,101329.56484375,98473.67747395833,56.5217410480956,343.10848516837905,0.016038392541292745,0.017566116606074392,1,1,1,1.0,False,Trend,Trend,False
2019-05-30 00:00:00+09:00,104352.3125,101214.044921875,98653.37395833334,61.702113882625966,443.53876280746914,0.016289206748986994,0.017592884431888466,1,1,1,1.0,False,Trend,Trend,False
2019-05-31 00:00:00+09:00,103582.1875,101060.01875,98781.72838541666,61.70214051806529,432.162255651307,0.01634710952319525,0.01737899023338172,1,1,1,1.0,False,Trend,Trend,False
2019-06-03 00:00:00+09:00,106662.7109375,101098.526171875,98948.58971354166,69.81134820135567,596.0581994130657,0.01765754868997065,0.01773254742397606,1,1,1,1.0,False,Trend,Trend,False
2019-06-04 00:00:00+09:00,107047.78125,101214.046875,99192.46393229166,70.37040655073974,687.8437650471951,0.01746497090638967,0.016651306150873256,1,1,-1,0.5,False,Trend,Trend,False
2019-06-05 00:00:00+09:00,108588.015625,101425.83203125,99449.17330729167,73.68418804559651,801.7725283799386,0.017667462149527316,0.01670480340595471,1,1,-1,0.5,False,Trend,Trend,False
2019-06-07 00:00:00+09:00,107817.8984375,101772.38984375,99635.28776041667,76.36371684843655,774.33924392257,0.015726290495557037,0.01614133672589846,1,1,-1,0.5,False,Trend,Trend,False
2019-06-10 00:00:00+09:00,110128.265625,102272.972265625,99898.41458333333,75.92598158819997,854.5655051206109,0.015987435411843377,0.01596413898900307,1,1,-1,0.5,False,Trend,Trend,False
2019-06-11 00:00:00+09:00,110513.359375,102831.316015625,100212.88372395834,82.35308860433179,873.2509100054262,0.015720858533539453,0.015416908534720575,1,1,-1,0.5,False,Trend,Trend,False
2019-06-12 00:00:00+09:00,108588.015625,103331.898828125,100469.59309895833,75.0000362300988,702.9471394862364,0.01629274904964467,0.015540234055307947,1,1,-1,0.5,False,Trend,Trend,False
2019-06-13 00:00:00+09:00,108588.015625,103832.481640625,100687.79544270833,74.54546460605457,544.3850016653091,0.01629274904964467,0.015273488609889344,1,1,-1,0.5,False,Trend,Trend,False
2019-06-14 00:00:00+09:00,108202.953125,104333.0640625,100899.580078125,69.99998376888186,375.6798283121493,0.016282730364178044,0.015288807474837065,1,1,1,1.0,False,Trend,Trend,False
2019-06-17 00:00:00+09:00,107817.8984375,104891.407421875,101104.94713541666,61.90479871001276,208.60524900445262,0.01568397293877759,0.015303955909615946,1,1,1,1.0,False,Trend,Trend,False
2019-06-18 00:00:00+09:00,108588.015625,105353.483984375,101316.73203125,60.9756870010669,124.55593679095568,0.014814529528966341,0.015316018063320185,1,1,1,1.0,False,Trend,Trend,False
2019-06-19 00:00:00+09:00,107817.8984375,105854.06796875,101528.51731770833,65.78951162044456,-1.6267903626460338,0.014321757999223543,0.015305873976995829,1,1,-1,0.5,False,Trend,Trend,False
2019-06-20 00:00:00+09:00,108202.953125,106373.9046875,101791.64440104166,63.888913936874566,-73.87914052171641,0.014280043528871439,0.014761157202693909,1,1,-1,0.5,False,Trend,Trend,False
2019-06-21 00:00:00+09:00,108202.953125,106874.487109375,102074.02421875,67.6470763744513,-132.94629269175675,0.014323253474945112,0.014630263103507686,1,1,-1,0.5,False,Trend,Trend,False
2019-06-24 00:00:00+09:00,109743.21875,107336.562890625,102382.07513020834,63.33334009629099,-82.05365514193682,0.013843607981590126,0.014697430758644395,1,1,-1,0.5,False,Trend,Trend,False
2019-06-25 00:00:00+09:00,108973.1015625,107586.855078125,102664.45533854167,58.06454357499596,-112.16444456771842,0.012178304749329606,0.014737710703928653,1,1,-1,0.5,False,Trend,Trend,False
2019-06-26 00:00:00+09:00,108973.1015625,107779.3890625,102946.835546875,51.85196039312312,-142.06543015745342,0.012012436519554505,0.014737710703928653,1,1,-1,0.5,False,Trend,Trend,False
2019-06-27 00:00:00+09:00,108973.1015625,108068.187890625,103216.38046875,56.00006167809875,-169.9436598414668,0.011041572905227342,0.014724098554819789,1,1,-1,0.5,False,Trend,Trend,False
2019-06-28 00:00:00+09:00,108585.2734375,108279.8359375,103498.71484375,39.98584349353374,-219.45559136787642,0.010941097797961421,0.014612291156411083,1,1,-1,0.5,False,Trend,Trend,False
2019-07-01 00:00:00+09:00,109360.875,108568.7703125,103729.79817708333,42.8811200420035,-205.18406247304438,0.010765267858945089,0.013733182183465533,1,1,-1,0.5,False,Trend,Trend,False
2019-07-02 00:00:00+09:00,106258.46875,108548.558203125,103915.59296875,37.43722446173136,-398.7001762819516,0.011045177729119221,0.014285760335476712,1,1,-1,0.5,False,Trend,Trend,False
2019-07-03 00:00:00+09:00,105482.8359375,108470.3109375,104056.37174479167,34.54712845311492,-562.9111612011759,0.011117760575804918,0.014131078481973943,1,1,-1,0.5,False,Trend,Trend,False
2019-07-04 00:00:00+09:00,107809.6640625,108431.393359375,104210.26015625,48.3597952554257,-500.8712503733691,0.011762412135473549,0.014256793511331776,1,1,-1,0.5,False,Trend,Trend,False
2019-07-05 00:00:00+09:00,109748.703125,108527.93359375,104409.3015625,57.12841901234782,-323.880101068597,0.012317455592746473,0.014356695423846802,1,1,-1,0.5,False,Trend,Trend,False
2019-07-08 00:00:00+09:00,107421.8828125,108392.614453125,104563.14453125,46.13855915081156,-355.61690219521734,0.012305668772727627,0.014666465126423273,1,1,-1,0.5,False,Trend,Trend,False
2019-07-09 00:00:00+09:00,106646.25,108199.258984375,104697.64270833334,46.12171180401651,-416.71295811505547,0.012322440285894302,0.014706017854556145,1,1,-1,0.5,False,Trend,Trend,False
2019-07-10 00:00:00+09:00,106258.46875,108082.781640625,104844.93098958333,43.56469947016731,-467.3065161975485,0.011763693746083177,0.014620392262828404,1,1,-1,0.5,False,Trend,Trend,False
2019-07-11 00:00:00+09:00,107809.6640625,108043.8640625,105030.908203125,48.819600341591595,-383.8590736934525,0.012269504639441228,0.014663076336829733,1,1,-1,0.5,False,Trend,Trend,False
2019-07-12 00:00:00+09:00,108197.4609375,108043.589453125,105184.84205729167,45.015832390779174,-294.14225954854305,0.012275637897386022,0.014383633389207078,1,1,-1,0.5,False,Trend,Trend,False
2019-07-15 00:00:00+09:00,107034.0703125,108004.398046875,105287.29752604167,43.90239947641355,-303.52178104936127,0.012491333445114496,0.014277178293745536,1,1,-1,0.5,False,Trend,Trend,False
2019-07-16 00:00:00+09:00,103156.0234375,107732.7984375,105286.6125,35.294068851754474,-547.0725083097218,0.014773567679135435,0.014806093342692487,1,1,-1,0.5,False,Trend,Trend,False
2019-07-17 00:00:00+09:00,103543.8359375,107519.0953125,105292.391015625,36.53844067775597,-651.145810723527,0.014797236464789637,0.014814044786710298,1,1,-1,0.5,False,Trend,Trend,False
2019-07-18 00:00:00+09:00,103931.6328125,107305.529296875,105304.6328125,38.46154144164387,-660.8585750198722,0.014800730205870371,0.014821664797996494,1,1,-1,0.5,False,Trend,Trend,False
2019-07-19 00:00:00+09:00,104319.4296875,107111.353125,105297.6671875,37.25490118625475,-609.41259256718,0.014850744435799989,0.014703961546638944,1,1,-1,0.5,False,Trend,Trend,False
2019-07-22 00:00:00+09:00,103156.0234375,106781.993359375,105239.22239583333,41.3043068877007,-619.9355608788409,0.01449419354227847,0.014574059660742426,1,1,-1,0.5,False,Trend,Trend,False
2019-07-23 00:00:00+09:00,102380.421875,106452.359375,105174.26888020833,41.304379243973315,-642.586087887136,0.014501868673269207,0.014596859867033768,1,1,-1,0.5,False,Trend,Trend,False
2019-07-24 00:00:00+09:00,102768.21875,106142.115234375,105147.86731770834,34.14631270117911,-595.9406016361701,0.014569166581887819,0.01442129593326275,1,1,-1,0.5,False,Trend,Trend,False
2019-07-25 00:00:00+09:00,101992.609375,105793.090625,105063.614453125,23.684043111537576,-581.194549996809,0.014587416495558203,0.014047356843322586,1,1,-1,0.5,False,Trend,Trend,False
2019-07-26 00:00:00+09:00,101217.0078125,105424.67734375,104972.852734375,26.470420936248686,-585.890299852352,0.014619492677216572,0.014070573718306277,1,1,-1,0.5,False,Trend,Trend,False
2019-07-29 00:00:00+09:00,99277.96875,104920.53203125,104849.77369791667,24.324169811012567,-675.4381360089262,0.014802946768070998,0.014270399031667307,1,1,-1,0.5,False,Trend,Trend,False
2019-07-30 00:00:00+09:00,99277.96875,104571.50703125,104739.53046875,24.99980414036085,-688.1909672997963,0.013711633558238328,0.014248969937292837,-1,1,-1,-0.19999999999999996,False,MeanReversion,Trend,False
2019-07-31 00:00:00+09:00,98114.5390625,104203.0921875,104629.15,14.28558272321223,-724.8204910691675,0.013814829037252892,0.014258998139181769,-1,1,-1,-0.19999999999999996,False,MeanReversion,Trend,False
2019-08-01 00:00:00+09:00,97338.9453125,103679.55625,104512.260546875,11.111036498082257,-748.0924869612063,0.012467471684492519,0.014282667618460457,-1,1,-1,-0.19999999999999996,False,MeanReversion,Trend,False
2019-08-02 00:00:00+09:00,98890.15625,103136.62890625,104478.98411458333,21.621505369318626,-611.5759932606713,0.012279066774172034,0.013789561394370323,-1,1,-1,-0.19999999999999996,False,MeanReversion,Trend,False
2019-08-05 00:00:00+09:00,98890.15625,102710.042578125,104458.54309895834,29.629494220850006,-479.6643428054847,0.011711028777101487,0.01375597008676136,-1,1,-1,-0.19999999999999996,False,MeanReversion,Trend,False
2019-08-06 00:00:00+09:00,97726.75,102264.067578125,104431.54752604167,24.137753772945942,-430.7065624588545,0.011819557194523827,0.013804216045906346,-1,1,-1,-0.19999999999999996,False,MeanReversion,Trend,False
2019-08-07 00:00:00+09:00,98502.3671875,101876.2625,104430.31432291666,26.666603991764518,-311.5834953096321,0.01213467198459673,0.01380816054203851,-1,1,-1,-0.19999999999999996,False,MeanReversion,Trend,False
2019-08-08 00:00:00+09:00,100829.203125,101527.239453125,104467.86171875,37.14289990059648,-55.0214952337185,0.012969620257838897,0.014133656885018372,-1,1,-1,-0.19999999999999996,False,MeanReversion,MeanReversion,False
2019-08-09 00:00:00+09:00,102768.21875,101255.77734375,104544.14361979166,48.64864717710211,249.61078016600277,0.0138363999309399,0.014325090813098615,-1,1,1,0.30000000000000004,False,Trend,MeanReversion,False
2019-08-12 00:00:00+09:00,101604.796875,100984.313671875,104626.70638020833,47.36836803828908,369.8440187559281,0.013854990031163094,0.014249522645584111,-1,1,1,0.30000000000000004,False,Trend,Trend,False
2019-08-13 00:00:00+09:00,100053.5859375,100829.191796875,104638.49140625,41.463414634146346,342.6059470802518,0.01172238046956464,0.013961667162958036,-1,1,-1,-0.19999999999999996,False,MeanReversion,Trend,False
2019-08-14 00:00:00+09:00,98890.15625,100596.5078125,104656.55703125,40.476151647128795,248.33000504202937,0.011864325611643543,0.013895629090060781,-1,1,-1,-0.19999999999999996,False,MeanReversion,Trend,False
2019-08-16 00:00:00+09:00,99277.96875,100363.824609375,104681.08619791667,43.902401873424914,215.4087833733356,0.011869096382435657,0.01390393673066992,-1,1,-1,-0.19999999999999996,False,MeanReversion,Trend,False
2019-08-19 00:00:00+09:00,99277.96875,100111.7515625,104699.197265625,50.0,197.42904869409995,0.011798769805357191,0.013895558308469703,-1,1,1,0.30000000000000004,False,Trend,Trend,False
2019-08-20 00:00:00+09:00,98114.5390625,99859.67734375,104659.41119791666,46.153802445859206,115.05953058701493,0.011821783300856618,0.013643502654868227,-1,1,1,0.30000000000000004,False,Trend,Trend,False
2019-08-21 00:00:00+09:00,97338.9453125,99607.603515625,104548.93932291666,47.36847406697408,21.138229444535227,0.01183083780342249,0.012910087837853447,-1,1,1,0.30000000000000004,False,Trend,Trend,False
2019-08-22 00:00:00+09:00,96175.546875,99277.969921875,104399.82473958333,46.15389780884654,-99.89696318034567,0.011915033853451622,0.01288574014533344,-1,1,-1,-0.19999999999999996,False,MeanReversion,Trend,False
2019-08-23 00:00:00+09:00,97726.75,99064.676953125,104308.65182291667,46.15386999462788,-58.114537603755025,0.012616875935741925,0.012883604758809189,-1,1,-1,-0.19999999999999996,False,MeanReversion,Trend,False
2019-08-26 00:00:00+09:00,96563.3359375,98831.993359375,104178.835546875,42.857163413734504,-89.5795593098112,0.012753094320595008,0.012862973106261638,-1,1,-1,-0.19999999999999996,False,MeanReversion,Trend,False
2019-08-27 00:00:00+09:00,96951.140625,98715.651953125,104068.31809895833,47.5,-66.10588687153881,0.012171449196201715,0.012855420968458615,-1,1,-1,-0.19999999999999996,False,MeanReversion,Trend,False
2019-08-28 00:00:00+09:00,98890.15625,98696.261328125,103938.77552083334,51.162744937279655,89.71709282708662,0.013046956173149502,0.012528794522166127,-1,1,1,0.30000000000000004,False,Trend,Trend,False
2019-08-29 00:00:00+09:00,98114.5390625,98696.261328125,103789.88815104167,41.02552844411362,146.8795485843034,0.0128923611176261,0.012540877608954799,-1,1,-1,-0.19999999999999996,False,MeanReversion,Trend,False
2019-08-30 00:00:00+09:00,99665.7734375,98812.602734375,103641.18411458333,39.47366328382327,287.36641148707395,0.013205325837960576,0.012571943002899098,-1,1,-1,-0.19999999999999996,False,MeanReversion,MeanReversion,False
2019-09-02 00:00:00+09:00,101604.796875,98948.334765625,103537.632421875,50.0,496.807670872528,0.013427710482293314,0.012828459175576104,-1,1,1,0.30000000000000004,False,Trend,MeanReversion,False
2019-09-03 00:00:00+09:00,99665.7734375,98987.115625,103363.25755208333,48.780463836477985,489.86873628875514,0.01419906272586311,0.012705244931447248,-1,1,1,0.30000000000000004,False,Trend,Trend,False
2019-09-04 00:00:00+09:00,99665.7734375,99084.066796875,103182.464453125,52.63160684966874,470.29807445163397,0.01390636596287236,0.01268922453911407,-1,1,1,0.30000000000000004,False,Trend,Trend,False
2019-09-05 00:00:00+09:00,99277.96875,99122.846875,103027.29700520834,50.0,418.0153235048365,0.01384744712850069,0.01252134252171643,-1,1,1,0.30000000000000004,False,Trend,Trend,False
2019-09-06 00:00:00+09:00,98890.15625,99025.89453125,102865.666015625,48.71792222819125,347.0167769867942,0.012768633743480608,0.012523622683617272,-1,1,1,0.30000000000000004,False,Trend,Trend,False
2019-09-09 00:00:00+09:00,98502.3671875,98812.601953125,102703.98958333333,51.35143670118989,267.2199678153813,0.011875036947173043,0.012524733326568725,-1,1,1,0.30000000000000004,False,Trend,Trend,False
2019-09-10 00:00:00+09:00,99277.96875,98696.260546875,102561.657421875,56.75677147223816,259.7274820934372,0.011863774953447244,0.012580332908278707,-1,1,1,0.30000000000000004,False,Trend,Trend,False
2019-09-11 00:00:00+09:00,100053.5859375,98696.260546875,102419.41692708334,63.888868681250116,297.35573970622863,0.011527858948046301,0.012588230458912782,-1,1,1,0.30000000000000004,False,Trend,Trend,False
2019-09-16 00:00:00+09:00,99277.96875,98715.651171875,102277.084765625,55.88234597044074,261.6183819395287,0.011350712941399931,0.012593671947918725,-1,1,1,0.30000000000000004,False,Trend,Trend,False
2019-09-17 00:00:00+09:00,97726.75,98638.090234375,102102.48138020834,54.28570935214033,131.6769281439531,0.011852141903791021,0.012711528406314983,-1,1,1,0.30000000000000004,False,Trend,Trend,False
2019-09-18 00:00:00+09:00,98890.15625,98618.699609375,101947.26809895833,56.756725854329964,122.4428250064297,0.012184285126501335,0.012829576438752655,-1,1,1,0.30000000000000004,False,Trend,Trend,False
2019-09-19 00:00:00+09:00,100053.5859375,98715.651953125,101785.77421875,54.28576197687422,189.07224147714987,0.012139835887500859,0.012782989067576422,-1,1,1,0.30000000000000004,False,Trend,Trend,False
2019-09-20 00:00:00+09:00,100441.390625,98870.77421875,101643.57903645834,58.82360260444657,249.82910882415456,0.011969358243785241,0.012781004774049412,-1,1,1,0.30000000000000004,False,Trend,Trend,False
2019-09-23 00:00:00+09:00,103156.0234375,99219.798046875,101546.627734375,62.16218276378003,451.64352473678423,0.01275768293523207,0.013282909788176329,-1,1,1,0.30000000000000004,False,Trend,Trend,False
2019-09-24 00:00:00+09:00,103931.6328125,99530.0421875,101462.60325520833,58.82355380935424,606.5173013669379,0.01245733503184593,0.013326778463653197,-1,1,1,0.30000000000000004,False,Trend,Trend,False
2019-09-25 00:00:00+09:00,104319.4296875,99917.846875,101391.505859375,70.0,697.7191920334915,0.011942814447444708,0.01333426953351264,-1,1,1,0.30000000000000004,False,Trend,Trend,False
2019-09-26 00:00:00+09:00,103156.0234375,100228.091015625,101288.09166666666,63.63640248436285,643.6474215778549,0.01240908248981051,0.01336285547406866,-1,1,1,0.30000000000000004,False,Trend,Trend,False
2019-09-27 00:00:00+09:00,103543.8359375,100460.775,101242.84778645834,66.6667277134853,598.8836203308634,0.011774969414353482,0.012866299020470916,-1,1,1,0.30000000000000004,False,Trend,Trend,False
2019-09-30 00:00:00+09:00,103931.6328125,100751.6296875,101216.99440104167,69.69705479263897,560.934492225156,0.011530687350423402,0.012845075644583974,-1,1,1,0.30000000000000004,False,Trend,Trend,False
2019-10-01 00:00:00+09:00,102768.21875,100906.751953125,101132.9703125,65.71428571428572,428.9728839326717,0.011529640407742335,0.01258923843389184,-1,1,1,0.30000000000000004,False,Trend,Trend,False
2019-10-02 00:00:00+09:00,99665.7734375,100809.80078125,100964.921484375,51.219510996702546,120.28155952722364,0.01281964709820128,0.012924930955423028,-1,1,1,0.30000000000000004,False,Trend,Trend,False
2019-10-04 00:00:00+09:00,98114.5390625,100732.2390625,100809.79908854167,44.1859844083805,-184.27790568567764,0.012573124690003955,0.012796273760911836,-1,1,-1,-0.19999999999999996,False,MeanReversion,Trend,False
2019-10-07 00:00:00+09:00,99277.96875,100712.848828125,100686.99440104167,50.0,-296.61856603582544,0.01288428116272717,0.01288728386995548,1,1,-1,0.5,False,Trend,Trend,True
2019-10-08 00:00:00+09:00,100441.390625,100771.019921875,100590.04309895834,58.13953924183948,-281.91556520910916,0.013116084388914146,0.012988855080712946,1,1,-1,0.5,False,Trend,Trend,False
2019-10-10 00:00:00+09:00,98114.5390625,100732.2390625,100428.45768229167,47.82607362782654,-410.4533686676839,0.014153942140521437,0.013147199800359916,1,1,-1,0.5,False,Trend,Trend,False
2019-10-11 00:00:00+09:00,97726.75,100693.458203125,100253.94583333333,43.181810897839455,-497.35162416099024,0.014154352991997873,0.013133090661938972,1,1,-1,0.5,False,Trend,Trend,False
2019-10-14 00:00:00+09:00,94624.3046875,100460.775,100047.11640625,35.29411299990717,-725.705122523906,0.01568388949114011,0.013666524826275844,1,1,-1,0.5,False,Trend,Trend,False
2019-10-15 00:00:00+09:00,94624.3046875,100189.3109375,99904.92109375,25.0000228924941,-831.1045182185082,0.015513577040123216,0.012879236503497394,1,1,-1,0.5,False,Trend,Trend,False
2019-10-16 00:00:00+09:00,95399.921875,99995.40859375,99769.18919270833,25.00005723120904,-802.5211216556056,0.015652607589402904,0.012921889418922385,1,1,-1,0.5,False,Trend,Trend,False
2019-10-17 00:00:00+09:00,95399.921875,99879.0671875,99626.99401041666,23.255914190073952,-739.1272644168582,0.015316688030116469,0.012905867388021089,1,1,-1,0.5,False,Trend,Trend,False
2019-10-18 00:00:00+09:00,95399.921875,99704.55546875,99478.335546875,25.000088135944907,-655.5534750213451,0.015012003094790888,0.01288961476525936,1,1,-1,0.5,False,Trend,Trend,False
2019-10-21 00:00:00+09:00,94624.3046875,99433.09140625,99336.140234375,21.9512698456374,-611.7163091881466,0.014726640490342757,0.012856568145601599,1,1,-1,0.5,False,Trend,Trend,False
2019-10-22 00:00:00+09:00,94624.3046875,99142.237109375,99206.87161458333,20.000100726743455,-544.1910037187233,0.014659842490194568,0.012832690319693389,-1,1,-1,-0.19999999999999996,False,MeanReversion,Trend,False
2019-10-23 00:00:00+09:00,93848.71875,98676.871875,99058.21328125,20.512952961060535,-513.6139805789257,0.012918265643953725,0.012845560358558734,-1,1,-1,-0.19999999999999996,False,MeanReversion,Trend,False
2019-10-24 00:00:00+09:00,94624.3046875,98211.50546875,98935.408203125,30.30303585273093,-407.63552767793703,0.012956085818856433,0.012881146918340266,-1,1,-1,-0.19999999999999996,False,MeanReversion,Trend,False
2019-10-25 00:00:00+09:00,95787.734375,97784.920703125,98844.9203125,40.62511213754784,-234.27211911819268,0.013378904747181708,0.012969084941178946,-1,1,-1,-0.19999999999999996,False,MeanReversion,Trend,False
2019-10-28 00:00:00+09:00,94236.5,97338.94453125,98760.89583333333,30.30303585273093,-200.4706871318872,0.013566171605618882,0.012902135141848377,-1,1,-1,-0.19999999999999996,False,MeanReversion,Trend,False
2019-10-29 00:00:00+09:00,95012.125,96912.358984375,98689.7984375,28.12505508507654,-106.96428262422137,0.013744079167346166,0.012954777955042546,-1,1,-1,-0.19999999999999996,False,MeanReversion,Trend,False
2019-10-30 00:00:00+09:00,95012.125,96466.38359375,98638.09153645833,34.615512759420895,-30.192500515818892,0.013654141300400623,0.012873393780985034,-1,1,-1,-0.19999999999999996,False,MeanReversion,MeanReversion,False
2019-10-31 00:00:00+09:00,94624.3046875,96059.187890625,98592.84752604166,34.61540547597703,7.384869289974631,0.013560822146350399,0.012845461959831819,-1,1,-1,-0.19999999999999996,False,MeanReversion,MeanReversion,False
2019-11-01 00:00:00+09:00,96175.546875,95884.6765625,98547.60403645833,59.090988173780865,142.15568010307402,0.012765215826595974,0.01285526243263583,-1,1,1,0.30000000000000004,False,Trend,MeanReversion,False
2019-11-04 00:00:00+09:00,96175.546875,95787.726953125,98502.360546875,59.090988173780865,231.45989421692752,0.012340785359004479,0.01285526243263583,-1,1,1,0.30000000000000004,False,Trend,Trend,False
2019-11-05 00:00:00+09:00,96951.140625,95671.385546875,98489.43372395834,59.09087579276634,336.5540891601145,0.012163265199973053,0.012813210667948277,-1,1,1,0.30000000000000004,False,Trend,Trend,False
2019-11-06 00:00:00+09:00,95787.734375,95438.702734375,98444.18984375,52.00003545590655,321.5264018359844,0.012001226297480846,0.012860277704229808,-1,1,1,0.30000000000000004,False,Trend,Trend,False
2019-11-07 00:00:00+09:00,95787.734375,95322.3625,98360.16536458333,52.00003545590655,305.509467293866,0.010932581155353923,0.01247497875701224,-1,1,1,0.30000000000000004,False,Trend,Trend,False
2019-11-08 00:00:00+09:00,96175.546875,95244.80234375,98250.2875,58.33343825728865,313.7650958109482,0.010972571646192477,0.012216938558704865,-1,1,1,0.30000000000000004,False,Trend,Trend,False
2019-11-11 00:00:00+09:00,95787.734375,95302.973828125,98153.33645833333,56.00006124197106,286.5878133071385,0.008170676432728683,0.012148790306791913,-1,1,1,0.30000000000000004,False,Trend,Trend,False
2019-11-12 00:00:00+09:00,97338.9453125,95438.705859375,98108.09244791667,66.66651744177804,361.7173009538327,0.0088673658471193,0.012195226079765713,-1,1,1,0.30000000000000004,False,Trend,Trend,False
2019-11-13 00:00:00+09:00,96563.3359375,95496.8765625,98069.312109375,59.259234388500154,347.7156148673107,0.008955998264523079,0.012146736818839477,-1,1,1,0.30000000000000004,False,Trend,Trend,False
2019-11-14 00:00:00+09:00,96563.3359375,95555.047265625,98024.06822916666,54.16660021505142,327.2872914896126,0.008955998264523079,0.012133696377025414,-1,1,1,0.30000000000000004,False,Trend,Trend,False
2019-11-15 00:00:00+09:00,97338.9453125,95651.9984375,97991.751171875,68.1817807214419,352.653387236978,0.009104919822990533,0.012182716279318375,-1,1,1,0.30000000000000004,False,Trend,Trend,False
2019-11-18 00:00:00+09:00,97726.75,95807.120703125,97985.28802083334,66.66657073622774,379.84024747429777,0.00886288999754447,0.012101105765304664,-1,1,1,0.30000000000000004,False,Trend,Trend,False
2019-11-19 00:00:00+09:00,96951.140625,95923.4625,97978.824609375,60.86949286152229,331.6310472028969,0.009114733092738487,0.012101456774783787,-1,1,1,0.30000000000000004,False,Trend,Trend,False
2019-11-20 00:00:00+09:00,96563.3359375,96059.193359375,97985.28776041667,60.869599491284035,262.6851977443764,0.008931516282126108,0.012011119622421063,-1,1,1,0.30000000000000004,False,Trend,Trend,False
2019-11-21 00:00:00+09:00,96563.3359375,96156.144921875,97965.89752604166,52.63147849892752,208.5063501396244,0.00878998335784859,0.011827593547619026,-1,1,1,0.30000000000000004,False,Trend,Trend,False
2019-11-22 00:00:00+09:00,95787.734375,96156.144921875,97952.97083333334,47.61899280133843,116.451010009637,0.008597081935047306,0.011772230569950774,-1,1,1,0.30000000000000004,False,Trend,Trend,False
2019-11-25 00:00:00+09:00,96951.140625,96291.876953125,97952.97083333334,50.0,128.95864450880273,0.008088758025230599,0.011865992120197935,-1,1,1,0.30000000000000004,False,Trend,Trend,False
2019-11-26 00:00:00+09:00,95012.125,96291.876953125,97888.33697916666,45.83332633837362,8.065415839941295,0.009246380438889304,0.011858370386900624,-1,1,1,0.30000000000000004,False,Trend,Trend,False
2019-11-27 00:00:00+09:00,95787.734375,96330.657421875,97849.55690104167,50.0,-16.880823718185866,0.00942340173987422,0.011873489704103879,-1,1,-1,-0.19999999999999996,False,MeanReversion,Trend,False
2019-11-28 00:00:00+09:00,96175.546875,96408.21953125,97791.38645833333,50.0,-5.0914419908122,0.009394539446981166,0.011699977448466462,-1,1,-1,-0.19999999999999996,False,MeanReversion,Trend,False
2019-11-29 00:00:00+09:00,93848.71875,96291.878125,97662.11848958333,41.93550064140639,-144.12532176595778,0.010248280358012238,0.011804269118029573,-1,1,-1,-0.19999999999999996,False,MeanReversion,Trend,False
2019-12-02 00:00:00+09:00,94236.5,96194.92578125,97571.63059895833,35.714198348498826,-196.83539494646539,0.010315469736676573,0.011585812656215373,-1,1,-1,-0.19999999999999996,False,MeanReversion,Trend,False
2019-12-03 00:00:00+09:00,94236.5,96059.19375,97481.14270833334,38.461455018522265,-216.97489515459165,0.010098648379867212,0.011585812656215373,-1,1,-1,-0.19999999999999996,False,MeanReversion,Trend,False
2019-12-04 00:00:00+09:00,94624.3046875,96001.022265625,97403.581640625,40.7406688911306,-190.40072649129434,0.009845254320085475,0.011597178050495156,-1,1,-1,-0.19999999999999996,False,MeanReversion,Trend,False
2019-12-05 00:00:00+09:00,91521.875,95787.729296875,97280.776953125,27.272644026760574,-358.24503922541624,0.012261751012477687,0.012329967523182902,-1,1,-1,-0.19999999999999996,False,MeanReversion,Trend,False
2019-12-06 00:00:00+09:00,91909.6875,95574.436328125,97170.89895833333,27.272688424633188,-415.5927978904498,0.0122669186862598,0.012345345242253003,-1,1,-1,-0.19999999999999996,False,MeanReversion,Trend,False
2019-12-09 00:00:00+09:00,92685.2890625,95419.3140625,97061.02096354167,33.333272286291106,-374.9821807920806,0.012485934201430316,0.012352475575382823,-1,1,-1,-0.19999999999999996,False,MeanReversion,Trend,False
2019-12-10 00:00:00+09:00,93073.09375,95206.021484375,96944.67942708333,36.36358641605635,-298.9956575456532,0.011865972475707382,0.01231701875853444,-1,1,-1,-0.19999999999999996,False,MeanReversion,Trend,False
2019-12-11 00:00:00+09:00,92297.4921875,94992.729296875,96828.33815104167,34.28567975051773,-278.38393814286144,0.011875657944796962,0.012322552787610686,-1,1,-1,-0.19999999999999996,False,MeanReversion,Trend,False
2019-12-12 00:00:00+09:00,93073.09375,94818.2171875,96750.77721354166,39.99993092960691,-193.9319205409547,0.012104648707628939,0.012233465884211559,-1,1,-1,-0.19999999999999996,False,MeanReversion,MeanReversion,False
2019-12-13 00:00:00+09:00,93848.71875,94643.705859375,96666.75325520833,38.235325486069385,-73.4496493311475,0.012117616799260525,0.012179912470705377,-1,1,-1,-0.19999999999999996,False,MeanReversion,MeanReversion,False
2019-12-16 00:00:00+09:00,92297.4921875,94372.24296875,96537.48502604167,39.39392644459842,-85.0270170873165,0.012471427398039019,0.012234141800877956,-1,1,-1,-0.19999999999999996,False,MeanReversion,MeanReversion,False
2019-12-17 00:00:00+09:00,94624.3046875,94255.901171875,96440.53359375,45.94588266937596,68.9112835549945,0.013851522421236339,0.012679146180609585,-1,1,1,0.30000000000000004,False,Trend,MeanReversion,False
2019-12-18 00:00:00+09:00,95399.921875,94197.73046875,96311.265234375,47.368362457707725,219.37117476426465,0.013989029860733198,0.01221129115008842,-1,1,1,0.30000000000000004,False,Trend,Trend,False
2019-12-19 00:00:00+09:00,95787.734375,94158.950390625,96175.53359375,57.57574092659473,334.51472975321667,0.014027640117547207,0.01217738048804939,-1,1,1,0.30000000000000004,False,Trend,Trend,False
2019-12-20 00:00:00+09:00,96175.546875,94178.341015625,96039.80221354167,57.575844521173465,420.72424723769655,0.013940558573531731,0.01217968606611312,-1,1,1,0.30000000000000004,False,Trend,Trend,False
2019-12-23 00:00:00+09:00,95012.125,94081.390234375,95904.07057291667,52.77783062843661,384.32415568945,0.013908028541204214,0.012193415705570745,-1,1,1,0.30000000000000004,False,Trend,Trend,False
2019-12-24 00:00:00+09:00,94624.3046875,94061.99921875,95755.41171875,50.0,321.6040167700849,0.013185689534645358,0.01217959443733011,-1,1,1,0.30000000000000004,False,Trend,Trend,False
2019-12-26 00:00:00+09:00,95012.125,94023.21875,95606.75325520833,65.51720065743315,294.4414474263671,0.013081822734628832,0.012182244760637671,-1,1,1,0.30000000000000004,False,Trend,Trend,False
2019-12-27 00:00:00+09:00,95807.21875,94004.80234375,95490.73658854167,66.72233134674559,316.3097282952559,0.013193376307108616,0.012178711952407975,-1,1,1,0.30000000000000004,False,Trend,Trend,False
2019-12-30 00:00:00+09:00,95807.21875,94102.72734375,95426.42734375,64.34964841104487,316.3012652785322,0.011891693407533328,0.011547462227069304,-1,1,1,0.30000000000000004,False,Trend,Trend,False
2020-01-02 00:00:00+09:00,93819.4921875,94081.876953125,95354.84322916667,52.990859532063645,175.0083465707891,0.012834422502164999,0.011683213087489847,-1,1,1,0.30000000000000004,False,Trend,Trend,False
2020-01-03 00:00:00+09:00,92229.328125,93981.518359375,95237.36588541667,49.74360059408257,-22.459493006053776,0.01337663735830338,0.011752830652496932,-1,1,-1,-0.19999999999999996,False,MeanReversion,Trend,False
2020-01-06 00:00:00+09:00,92229.328125,93861.76953125,95100.49817708334,46.62950872878658,-143.2533489606444,0.013324302086673939,0.011632079298521218,-1,1,-1,-0.19999999999999996,False,MeanReversion,Trend,False
2020-01-07 00:00:00+09:00,91831.8046875,93877.266015625,94995.7859375,41.69231927701151,-234.69973760575624,0.011033056784175332,0.011275110089946208,-1,1,-1,-0.19999999999999996,False,MeanReversion,Trend,False
2020-01-08 00:00:00+09:00,89049.015625,93734.232421875,94851.15703125,37.85199715089227,-454.64508309064047,0.012962376111128755,0.011904030371950586,-1,1,-1,-0.19999999999999996,False,MeanReversion,Trend,False
2020-01-09 00:00:00+09:00,88651.4609375,93532.541015625,94751.60963541667,23.89755187549335,-590.3448732517317,0.012758556895180392,0.01120922822981365,-1,1,-1,-0.19999999999999996,False,MeanReversion,Trend,False
2020-01-10 00:00:00+09:00,90241.6484375,93390.96875,94678.56536458334,28.955660396001107,-537.9289961512927,0.013460968145537471,0.011470381522658427,-1,1,-1,-0.19999999999999996,False,MeanReversion,Trend,False
2020-01-13 00:00:00+09:00,91434.25,93347.806640625,94612.47083333334,33.33341309026609,-394.5005468120984,0.013742767103179987,0.011553691803282341,-1,1,-1,-0.19999999999999996,False,MeanReversion,Trend,False
2020-01-14 00:00:00+09:00,92229.328125,93305.618359375,94559.62760416667,35.349410282410105,-226.01580726736302,0.013752727717569089,0.01161657600244751,-1,1,-1,-0.19999999999999996,False,MeanReversion,Trend,False
2020-01-15 00:00:00+09:00,91434.25,93184.894921875,94493.53307291666,36.343402149901465,-151.6234401345929,0.01370724328745181,0.011663141345332188,-1,1,-1,-0.19999999999999996,False,MeanReversion,MeanReversion,False
2020-01-16 00:00:00+09:00,94217.046875,93280.87265625,94486.74544270833,48.685791502482,88.57108445185656,0.014874438569788949,0.012273477145977763,-1,1,1,0.30000000000000004,False,Trend,MeanReversion,False
2020-01-17 00:00:00+09:00,94217.046875,93260.509765625,94479.9578125,47.36844010583127,242.3023284680752,0.013772788862910616,0.012273477145977763,-1,1,1,0.30000000000000004,False,Trend,Trend,False
2020-01-20 00:00:00+09:00,93819.4921875,93181.48828125,94479.470703125,43.24318725869854,307.8579500395167,0.013654227780347621,0.012239217147644952,-1,1,-1,-0.19999999999999996,False,MeanReversion,Trend,False
2020-01-21 00:00:00+09:00,93024.421875,93043.32265625,94452.80598958333,41.02562422903581,288.64007664000644,0.013706320694958267,0.012239112031763541,-1,1,-1,-0.19999999999999996,False,MeanReversion,Trend,False
2020-01-22 00:00:00+09:00,100975.2265625,93283.306640625,94539.26419270833,66.66666666666666,774.7786930286347,0.02317381822741789,0.016141988451109687,-1,-1,1,-0.5,True,Defensive,Trend,False
2020-01-23 00:00:00+09:00,103758.015625,93720.601171875,94697.95611979166,75.43860314474473,1220.6042161335324,0.02353646796175334,0.016332211492617047,-1,-1,-1,-1.0,True,Defensive,Defensive,False
2020-01-28 00:00:00+09:00,104155.5546875,94197.163671875,94850.34661458334,75.8620736390179,1462.7882762172003,0.023452542648975366,0.016312037826528108,-1,-1,-1,-1.0,True,Defensive,Defensive,False
2020-01-29 00:00:00+09:00,104155.5546875,94654.33515625,95002.737109375,77.19292801831435,1535.9341192319575,0.023476865678483973,0.016312037826528108,-1,-1,-1,-1.0,True,Defensive,Defensive,False
2020-01-30 00:00:00+09:00,101372.7734375,94932.612890625,95115.21158854167,77.19295463235302,1318.204353807915,0.024493515792750498,0.01671147225141767,-1,-1,-1,-1.0,True,Defensive,Defensive,False
2020-01-31 00:00:00+09:00,99385.0703125,95111.50546875,95168.70364583333,72.1311676102884,977.3087204186818,0.025008493414519474,0.016806977315252925,-1,-1,-1,-1.0,True,Defensive,Defensive,False
2020-02-03 00:00:00+09:00,98192.4296875,95330.15234375,95202.318359375,66.66660115973473,625.5969665898187,0.02465842096086945,0.016885721543676863,1,-1,1,0.19999999999999996,True,Defensive,Defensive,False
2020-02-04 00:00:00+09:00,98589.9765625,95648.184765625,95229.63229166667,65.5172133383254,385.5993785742462,0.024233734338259434,0.016862774152952058,1,-1,1,0.19999999999999996,True,Defensive,Defensive,False
2020-02-05 00:00:00+09:00,98589.9765625,95966.2171875,95276.336328125,64.28569172595914,201.95376376535228,0.024233734338259434,0.016784736837630574,1,-1,1,0.19999999999999996,True,Defensive,Defensive,False
2020-02-06 00:00:00+09:00,104950.640625,96622.158984375,95429.05143229167,74.2856902219839,468.717907950582,0.02751001732181115,0.018597200373721378,1,-1,-1,-0.30000000000000004,True,Defensive,Defensive,False
2020-02-07 00:00:00+09:00,104155.5546875,97377.4859375,95562.0515625,69.2307250427281,546.074395153888,0.02631185607789951,0.018631212384036925,1,-1,1,0.19999999999999996,True,Defensive,Defensive,False
2020-02-10 00:00:00+09:00,103360.46875,98112.936328125,95688.26380208334,67.16412744616659,499.41406350623424,0.02639987652061339,0.018654759654370988,1,-1,1,0.19999999999999996,True,Defensive,Defensive,False
2020-02-11 00:00:00+09:00,105348.1875,98868.26328125,95821.751171875,70.42253287220218,553.9222324406483,0.02642696587262892,0.01869879823085345,1,-1,-1,-0.30000000000000004,True,Defensive,Defensive,False
2020-02-12 00:00:00+09:00,108130.9375,99703.09765625,96014.54453125,74.99993535504818,718.4579855166526,0.026722722474924566,0.018927001126518878,1,-1,-1,-0.30000000000000004,True,Defensive,Defensive,False
2020-02-13 00:00:00+09:00,105745.7109375,100378.916796875,96167.58411458334,59.67740810755642,611.8859587241086,0.027589039168269925,0.019182011307584873,1,-1,1,0.19999999999999996,True,Defensive,Defensive,False
2020-02-14 00:00:00+09:00,106143.265625,101114.367578125,96314.32278645833,55.35715163038405,517.1714959057213,0.027360786247619635,0.019165499097884054,1,-1,1,0.19999999999999996,True,Defensive,Defensive,False
2020-02-17 00:00:00+09:00,107733.40625,101790.185546875,96481.100390625,57.62708815822387,509.78352309713955,0.02691105155892372,0.019241352853402435,1,-1,1,0.19999999999999996,True,Defensive,Defensive,False
2020-02-18 00:00:00+09:00,105348.1875,102346.742578125,96621.051171875,52.307715564612316,302.6573442582621,0.027659798487914646,0.019452118162832113,1,-1,1,0.19999999999999996,True,Defensive,Defensive,False
2020-02-19 00:00:00+09:00,104553.0859375,102883.422265625,96754.213671875,56.66664046389389,81.98477079988425,0.027732330909136235,0.019474323553774042,1,-1,1,0.19999999999999996,True,Defensive,Defensive,False
2020-02-20 00:00:00+09:00,103360.46875,103400.224609375,96867.49921875,58.62067446628499,-161.165777818871,0.027818387259990144,0.01954374891504972,1,-1,-1,-0.30000000000000004,True,Defensive,Defensive,False
2020-02-21 00:00:00+09:00,101770.3125,103439.97890625,96967.20885416666,57.627164937448015,-430.6614170884741,0.02148387288786892,0.019626520550747706,1,1,-1,0.5,False,Trend,Defensive,False
2020-02-24 00:00:00+09:00,97397.359375,103121.94609375,96974.64583333333,47.826093148109905,-879.1522730160527,0.022667350734785156,0.020407211608589996,1,1,-1,0.5,False,Trend,Defensive,False
2020-02-25 00:00:00+09:00,97397.359375,102784.036328125,97014.39973958333,47.826093148109905,-1135.2478129814515,0.022621392003703406,0.020232865431270345,1,1,-1,0.5,False,Trend,Defensive,False
2020-02-26 00:00:00+09:00,97397.359375,102446.1265625,97041.22682291667,32.075412231034775,-1254.741285432814,0.022621392003703406,0.020207516882932233,1,1,-1,0.5,False,Trend,Defensive,False
2020-02-27 00:00:00+09:00,96204.7578125,102187.72578125,97041.713671875,31.481458567460706,-1355.6004194951734,0.02203987031508298,0.02026618260851295,1,1,-1,0.5,False,Trend,Defensive,False
2020-02-28 00:00:00+09:00,91434.25,101790.184765625,97001.47252604166,26.5624510616137,-1664.7366394608912,0.02429326901468066,0.02107607111420353,1,1,-1,0.5,False,Trend,Defensive,False
2020-03-02 00:00:00+09:00,90241.6484375,101392.645703125,96934.89166666666,19.354737483719617,-1856.0835806226187,0.02431249705175091,0.021130452577842386,1,1,-1,0.5,False,Trend,Defensive,False
2020-03-03 00:00:00+09:00,89446.5703125,100935.475390625,96855.05950520834,8.771917727220853,-1933.9723539246552,0.024252719418986154,0.021156197837723125,1,1,-1,0.5,False,Trend,Defensive,False
2020-03-04 00:00:00+09:00,89844.1015625,100498.181640625,96775.389453125,11.538406303193014,-1856.147229104099,0.024319729078706005,0.021157546577790412,1,1,-1,0.5,False,Trend,Defensive,False
2020-03-05 00:00:00+09:00,90639.1796875,99782.60859375,96760.67786458334,13.207426136681761,-1655.2023234471794,0.01886680938081573,0.020757029037778183,1,1,-1,0.5,False,Trend,Defensive,False
2020-03-06 00:00:00+09:00,87856.390625,98967.650390625,96693.12291666666,5.357096484166362,-1612.1807728368276,0.019607005551088564,0.02113017059703804,1,1,-1,0.5,False,Trend,Defensive,False
2020-03-09 00:00:00+09:00,87856.390625,98192.446484375,96612.64127604167,5.999941829798701,-1489.1321995005228,0.01969906673279928,0.021096282820925943,1,1,-1,0.5,False,Trend,Defensive,False
2020-03-10 00:00:00+09:00,81098.2265625,96979.9484375,96413.06015625,4.61534740425634,-1750.2708569052243,0.024404058484997725,0.023426437807519837,1,1,-1,0.5,False,Trend,Defensive,False
2020-03-11 00:00:00+09:00,79508.0546875,95548.804296875,96199.90286458333,4.545415295360883,-1904.7228983020568,0.0226211996053694,0.023522989578353,-1,1,-1,-0.19999999999999996,False,MeanReversion,Defensive,False
2020-03-12 00:00:00+09:00,79508.0546875,94236.921484375,95973.81888020833,4.838667244396532,-1878.3869015163586,0.02281054742890001,0.023482316388783415,-1,1,-1,-0.19999999999999996,False,MeanReversion,Defensive,False
2020-03-13 00:00:00+09:00,69331.0234375,92396.309375,95565.190625,3.9164153923791503,-2385.310176581045,0.03526485686798054,0.029143140976789925,-1,1,-1,-0.19999999999999996,False,MeanReversion,Defensive,False
2020-03-16 00:00:00+09:00,65912.171875,90305.24765625,95125.43528645833,3.5210955729236417,-2763.168432855504,0.03476505918260314,0.02969567961181629,-1,1,-1,-0.19999999999999996,False,MeanReversion,Defensive,False
2020-03-17 00:00:00+09:00,63685.94921875,88222.1357421875,94609.79602864584,3.3039356060019855,-2957.9146711938247,0.03482857183229002,0.0296491563033827,-1,1,-1,-0.19999999999999996,False,MeanReversion,Defensive,False
2020-03-18 00:00:00+09:00,58438.41796875,85916.40234375,93993.77096354167,2.970269191955211,-3213.752094807558,0.037084841958933884,0.03130023209356649,-1,1,-1,-0.19999999999999996,False,MeanReversion,Defensive,False
2020-03-19 00:00:00+09:00,52395.8046875,83368.169140625,93270.57213541666,2.879053318896638,-3537.8843560003706,0.04088038788110746,0.03385817859467552,-1,1,-1,-0.19999999999999996,False,MeanReversion,Defensive,False
2020-03-20 00:00:00+09:00,56530.23046875,81106.1650390625,92609.81686197917,12.007159985437028,-3230.2925379243534,0.047614625975569966,0.035593764233276065,-1,-1,-1,-1.0,True,Defensive,Defensive,False
2020-03-23 00:00:00+09:00,54781.046875,78975.3494140625,91939.29889322916,11.754375349514248,-2910.98849188002,0.04749589763703843,0.03571081948170987,-1,-1,-1,-1.0,True,Defensive,Defensive,False
2020-03-24 00:00:00+09:00,59472.03515625,77079.083203125,91353.427734375,19.39105141894605,-2183.4504387151173,0.05331260696772862,0.03760489162818496,-1,-1,-1,-1.0,True,Defensive,Defensive,False
2020-03-25 00:00:00+09:00,67184.3203125,75568.43125,90889.63098958334,29.254597199259862,-1040.3893321620017,0.06246758406303423,0.04114411167138507,-1,-1,-1,-1.0,True,Defensive,Defensive,False
2020-03-26 00:00:00+09:00,67502.3515625,74133.3109375,90417.883203125,31.176499743366847,-166.32033002326716,0.0626732014185209,0.04112576012241772,-1,-1,-1,-1.0,True,Defensive,Defensive,False
2020-03-27 00:00:00+09:00,68694.96875,72996.346875,89966.01236979167,32.661893989273906,549.5225999032409,0.0626349461035743,0.04122990504248972,-1,-1,-1,-1.0,True,Defensive,Defensive,False
2020-03-30 00:00:00+09:00,67899.875,71879.258203125,89534.01875,36.612902919062286,1000.5632823162014,0.06263728889022446,0.041188347973817256,-1,-1,-1,-1.0,True,Defensive,Defensive,False
2020-03-31 00:00:00+09:00,70523.65625,70933.1125,89172.25755208333,41.07427149170111,1477.890877449281,0.06371201946282287,0.04153414321874615,-1,-1,-1,-1.0,True,Defensive,Defensive,False
2020-04-01 00:00:00+09:00,67899.875,69835.901171875,88766.76666666666,39.03905066929167,1608.4167071863958,0.06384469197225694,0.04175278674826296,-1,-1,-1,-1.0,True,Defensive,Defensive,False
2020-04-02 00:00:00+09:00,68853.96875,68746.640625,88383.802734375,49.45453905544312,1739.397246268185,0.06395168091083107,0.04182518777265407,-1,-1,1,-0.5,True,Defensive,Defensive,False
2020-04-03 00:00:00+09:00,68615.453125,67784.59375,88043.243359375,53.33333782890484,1783.722589736607,0.06385411744025864,0.041686119607854184,-1,-1,1,-0.5,True,Defensive,Defensive,False
2020-04-06 00:00:00+09:00,70603.15625,66921.93203125,87742.43828125,58.579876496253455,1909.4171428159862,0.06446142851114521,0.04190193004334616,-1,-1,1,-0.5,True,Defensive,Defensive,False
2020-04-07 00:00:00+09:00,71875.2734375,66460.784375,87436.33203125,68.49012005071266,2029.5042532272728,0.06262817839109035,0.04190261985450102,-1,-1,1,-0.5,True,Defensive,Defensive,False
2020-04-08 00:00:00+09:00,71557.2421875,66063.24375,87105.04856770833,81.29864684036882,2033.6763533219655,0.0625446077256991,0.04184371029827456,-1,-1,-1,-1.0,True,Defensive,Defensive,False
2020-04-09 00:00:00+09:00,77202.3359375,65947.9578125,86854.59869791666,82.17817291063409,2340.8940089891566,0.06513231062089103,0.04307420173508057,-1,-1,-1,-1.0,True,Defensive,Defensive,False
2020-04-10 00:00:00+09:00,79269.53125,66444.883203125,86651.85338541666,87.74505483072485,2588.281400139189,0.0569795657507002,0.04323341480126566,-1,-1,-1,-1.0,True,Defensive,Defensive,False
2020-04-13 00:00:00+09:00,77758.8984375,67037.21953125,86377.55091145834,81.25000917854126,2550.9720354173046,0.055739499163472137,0.0430756706166817,-1,1,-1,-0.19999999999999996,False,MeanReversion,Defensive,False
2020-04-14 00:00:00+09:00,79508.0546875,67828.3248046875,86132.40104166667,76.45050015627788,2539.3940193869526,0.054891964615804416,0.04319923482221793,-1,1,-1,-0.19999999999999996,False,MeanReversion,MeanReversion,False
2020-04-16 00:00:00+09:00,78792.4765625,68846.027734375,85881.95078125,73.82547348053947,2381.4694705690868,0.05022752245754122,0.043206343917711755,-1,1,-1,-0.19999999999999996,False,MeanReversion,MeanReversion,False
2020-04-17 00:00:00+09:00,79905.5859375,70221.516796875,85663.303515625,73.7373439948759,2251.3711294678574,0.04089613118872335,0.043254771148366004,-1,1,-1,-0.19999999999999996,False,MeanReversion,MeanReversion,False
2020-04-20 00:00:00+09:00,77599.8671875,71274.9986328125,85273.71419270833,69.30384519348482,1922.2207321567982,0.040231995468849105,0.04193383028683251,-1,1,1,0.30000000000000004,False,Trend,MeanReversion,False
2020-04-21 00:00:00+09:00,74340.03125,72252.9478515625,84783.414453125,57.40739842152127,1420.2923102264872,0.04101652998908253,0.042015701823794195,-1,1,1,0.30000000000000004,False,Trend,MeanReversion,False
2020-04-22 00:00:00+09:00,73624.46875,72960.56953125,84274.56302083333,62.00006550718941,995.5143404303443,0.03817535390666131,0.0420007527039522,-1,1,1,0.30000000000000004,False,Trend,MeanReversion,False
2020-04-23 00:00:00+09:00,73465.4453125,73274.62578125,83763.06119791667,60.00004743622454,674.6083867066358,0.027820616931279938,0.04199663512483915,-1,1,1,0.30000000000000004,False,Trend,MeanReversion,False
2020-04-24 00:00:00+09:00,71636.7578125,73481.34609375,83267.4609375,56.1290422784055,327.5381918862945,0.02860027299619489,0.04198124670008524,-1,1,1,0.30000000000000004,False,Trend,MeanReversion,False
2020-04-27 00:00:00+09:00,72829.375,73688.06640625,82824.866015625,54.66666360966649,174.3288317951109,0.028574314116463995,0.04203748077501073,-1,1,1,0.30000000000000004,False,Trend,MeanReversion,False
2020-04-28 00:00:00+09:00,74101.5,73998.14765625,82423.35052083334,54.666678457949175,155.33584720435528,0.028531140725477508,0.042126947079188765,-1,1,1,0.30000000000000004,False,Trend,MeanReversion,False
2020-04-29 00:00:00+09:00,74419.5390625,74192.941796875,82020.50989583334,56.000024892699365,160.22115278113102,0.027419502391740676,0.04212780984997551,-1,1,1,0.30000000000000004,False,Trend,Trend,False
2020-05-04 00:00:00+09:00,72749.8671875,74435.44140625,81589.84140625,38.7999213913727,52.60056745196971,0.02642640656729327,0.04218682749054598,-1,1,-1,-0.19999999999999996,False,MeanReversion,Trend,False
2020-05-06 00:00:00+09:00,74101.5,74697.81796875,81075.6890625,36.5144671617486,72.7978377262018,0.026538145847237425,0.041365401600633976,-1,1,-1,-0.19999999999999996,False,MeanReversion,MeanReversion,False
2020-05-07 00:00:00+09:00,73624.46875,74948.26875,80566.83763020833,38.59643149739458,55.18309999336293,0.026588839033352962,0.041364819114540964,-1,1,-1,-0.19999999999999996,False,MeanReversion,MeanReversion,False
2020-05-08 00:00:00+09:00,75135.1171875,75174.866796875,80096.41510416666,37.77777195492412,141.515222467753,0.026241870822545768,0.04150068033929133,-1,1,-1,-0.19999999999999996,False,MeanReversion,MeanReversion,False
2020-05-11 00:00:00+09:00,74499.046875,75306.05546875,79582.26276041666,37.946422500637155,151.1524333013527,0.026123914356862895,0.041378775716029936,-1,1,-1,-0.19999999999999996,False,MeanReversion,MeanReversion,False
2020-05-12 00:00:00+09:00,73067.90625,75381.588671875,78997.87890625,31.14035371250742,61.12952394421558,0.026522834148265173,0.04120162942018247,-1,1,-1,-0.19999999999999996,False,MeanReversion,MeanReversion,False
2020-05-13 00:00:00+09:00,74021.9921875,75222.571484375,78469.15026041666,39.33643793512934,65.44099199748922,0.020133402576655936,0.04122444080028631,-1,1,-1,-0.19999999999999996,False,MeanReversion,MeanReversion,False
2020-05-14 00:00:00+09:00,73385.9296875,74928.39140625,77923.19466145833,46.62918774258118,27.02469430861788,0.01901393355986663,0.04120606331944105,-1,1,1,0.30000000000000004,False,Trend,MeanReversion,False
2020-05-15 00:00:00+09:00,73385.9296875,74709.74296875,77350.73671875,49.112368925208514,4.371734678891698,0.018678346267647392,0.041122122619503196,-1,1,1,0.30000000000000004,False,Trend,MeanReversion,False
2020-05-18 00:00:00+09:00,73067.90625,74387.735546875,76812.73203125,48.538011695906434,-27.519041354091996,0.0177163260094862,0.04106914967587958,-1,1,-1,-0.19999999999999996,False,MeanReversion,MeanReversion,False
2020-05-19 00:00:00+09:00,78792.4765625,74387.735546875,76383.38854166666,70.45459011853823,322.15880342026304,0.025055661559278262,0.04239510590512266,-1,1,-1,-0.19999999999999996,False,MeanReversion,MeanReversion,False
2020-05-20 00:00:00+09:00,77361.3359375,74260.523046875,75950.06966145833,62.78031312142786,435.27075700095577,0.025146722157974897,0.042422869910735087,-1,1,1,0.30000000000000004,False,Trend,MeanReversion,False
2020-05-21 00:00:00+09:00,77281.8359375,74244.621484375,75541.92838541667,59.61546001894355,479.4447544161497,0.024289961008768873,0.04240228777935307,-1,1,1,0.30000000000000004,False,Trend,Trend,False
2020-05-22 00:00:00+09:00,75135.1171875,74284.37578125,75170.891015625,51.94807404527484,345.07627971630814,0.02312099889215164,0.04220296819036931,-1,1,1,0.30000000000000004,False,Trend,Trend,False
2020-05-25 00:00:00+09:00,76327.7421875,74419.539453125,74819.73072916667,60.000069874365884,318.1672780802504,0.0232289963073323,0.04227922705162277,-1,1,1,0.30000000000000004,False,Trend,Trend,False
2020-05-26 00:00:00+09:00,77758.8984375,74634.212109375,74492.423046875,60.177095421179885,374.51974619254713,0.023503934921374606,0.042377385922303744,1,1,1,1.0,False,Trend,Trend,True
2020-05-27 00:00:00+09:00,77997.3984375,74952.244140625,74188.96705729167,62.33183856502242,403.1386591322763,0.022559554632919778,0.04237120846550294,1,1,1,1.0,False,Trend,Trend,False
2020-05-28 00:00:00+09:00,77281.8359375,75174.8671875,73953.09348958333,56.33805415878581,351.06959183447407,0.022557327843076003,0.0419209302427318,1,1,1,1.0,False,Trend,Trend,False
2020-05-29 00:00:00+09:00,77917.890625,75365.68671875,73747.69752604167,60.0939337490739,336.6133009257278,0.022343152455422136,0.041922299027781613,1,1,1,1.0,False,Trend,Trend,False
2020-06-01 00:00:00+09:00,79508.0546875,75620.1125,73582.05559895834,68.83727222329624,406.61161377075723,0.02269047969405825,0.04201477458213129,1,1,1,1.0,False,Trend,Trend,False
2020-06-02 00:00:00+09:00,81495.7421875,76057.40625,73442.91627604167,70.61409595260034,550.317275842174,0.022303476940659595,0.04214824176282318,1,1,-1,0.5,False,Trend,Trend,False
2020-06-03 00:00:00+09:00,86266.234375,76665.64296875,73370.03385416667,78.92864900944392,909.0257978196275,0.024960923557242214,0.04280193036226773,1,1,-1,0.5,False,Trend,Trend,False
2020-06-04 00:00:00+09:00,86266.234375,77297.73125,73343.53125,78.92864900944392,1077.1763332919186,0.024810802087086872,0.042615967629276434,1,1,-1,0.5,False,Trend,Trend,False
2020-06-05 00:00:00+09:00,88253.9375,77953.672265625,73350.15703125,81.72762529053824,1241.4695526660278,0.024881736663252003,0.042720072766121296,1,1,-1,0.5,False,Trend,Trend,False
2020-06-08 00:00:00+09:00,89844.1015625,78720.925,73495.92161458333,77.91171219805562,1366.5329845181714,0.024656150128240635,0.041459168906767964,1,1,-1,0.5,False,Trend,Trend,False
2020-06-09 00:00:00+09:00,89049.015625,79519.98046875,73654.93763020834,80.49795711678051,1305.1162260895844,0.02411707118803538,0.04138707748851069,1,1,-1,0.5,False,Trend,Trend,False
2020-06-10 00:00:00+09:00,88651.4609375,80251.45390625,73807.327734375,79.1836115910502,1152.431756870289,0.02431442820897251,0.04139456906043651,1,1,-1,0.5,False,Trend,Trend,False
2020-06-11 00:00:00+09:00,86266.234375,80895.469140625,74089.58125,78.22580996639726,821.0712262668931,0.025361505549693936,0.037390019120993885,1,1,-1,0.5,False,Trend,Trend,False
2020-06-12 00:00:00+09:00,82290.8203125,81340.713671875,74362.55872395834,63.25083382579343,291.7370297876855,0.028189546125897337,0.037309170296892534,1,1,1,1.0,False,Trend,Trend,False
2020-06-15 00:00:00+09:00,77122.8046875,81543.45859375,74586.50631510417,48.78782140151786,-410.70862509977815,0.032278688658440226,0.038037215293642776,1,1,-1,0.5,False,Trend,Trend,False
2020-06-16 00:00:00+09:00,80700.6796875,81638.86875,74957.54401041666,54.56990440206918,-625.7554306989277,0.029272401170528716,0.036568822672015666,1,1,-1,0.5,False,Trend,Trend,False
2020-06-17 00:00:00+09:00,79905.5859375,81766.08125,75416.04036458333,54.42356184187927,-801.6833975202826,0.02903618782254867,0.033408731992670644,1,1,-1,0.5,False,Trend,Trend,False
2020-06-18 00:00:00+09:00,79508.0546875,81877.3921875,75799.0041015625,52.70270521483838,-916.6712907272567,0.029068656471225054,0.03219076057506291,1,1,-1,0.5,False,Trend,Trend,False
2020-06-19 00:00:00+09:00,79508.0546875,82096.0390625,76211.1208984375,50.0,-959.9764760631349,0.028229758755832213,0.031830247050288855,1,1,-1,0.5,False,Trend,Trend,False
2020-06-22 00:00:00+09:00,78315.4296875,82195.4234375,76525.17747395833,44.11767425891482,-1030.0047601948127,0.028329677423978857,0.030338410316850053,1,1,-1,0.5,False,Trend,Trend,False
2020-06-23 00:00:00+09:00,78474.4375,82231.200390625,76713.34609375,32.62411644063296,-1024.5059289387393,0.028038243338833285,0.026135722455780327,1,1,-1,0.5,False,Trend,Trend,False
2020-06-24 00:00:00+09:00,81893.2890625,82425.994921875,76953.19505208333,41.538467120115584,-761.5857539979247,0.029585974976468928,0.026641812643109282,1,1,-1,0.5,False,Trend,Trend,False
2020-06-25 00:00:00+09:00,79030.9921875,82513.452734375,77125.462109375,32.738097849180306,-750.2139893279575,0.030698693421665816,0.027037765258971044,1,1,-1,0.5,False,Trend,Trend,False
2020-06-26 00:00:00+09:00,79508.0546875,82592.9609375,77318.93177083334,29.813702124802802,-682.2840182137132,0.0306761165591534,0.026979083197785778,1,1,-1,0.5,False,Trend,Trend,False
2020-06-29 00:00:00+09:00,77679.375,82501.526953125,77438.19375,28.65676632515084,-728.0574768321807,0.030784539368874934,0.026778380954980176,1,1,-1,0.5,False,Trend,Trend,False
2020-06-30 00:00:00+09:00,77679.375,82310.70859375,77601.18541666666,29.090975139224568,-724.3370662801537,0.030182263111368984,0.026272449275440347,1,1,-1,0.5,False,Trend,Trend,False
2020-07-01 00:00:00+09:00,78076.9140625,81901.242578125,77754.901171875,33.11479803956122,-662.7689625190749,0.026867955317564456,0.026230397261661466,1,1,-1,0.5,False,Trend,Trend,False
2020-07-02 00:00:00+09:00,78712.9765625,81523.5796875,77923.19322916666,41.44492076028875,-551.4379540092593,0.027008108750878484,0.026231371174860792,1,1,-1,0.5,False,Trend,Trend,False
2020-07-03 00:00:00+09:00,78871.9765625,81054.481640625,78061.00690104166,55.49997838271246,-443.940851905869,0.026290548230580916,0.026003677733056795,1,1,-1,0.5,False,Trend,Trend,False
2020-07-06 00:00:00+09:00,80700.6796875,80597.310546875,78208.09700520833,50.0,-236.91356007766896,0.026551607104447605,0.026064667825906565,1,1,-1,0.5,False,Trend,Trend,False
2020-07-07 00:00:00+09:00,78871.9765625,80088.45859375,78330.00924479167,46.59684867291966,-211.2225348651911,0.026833480948758284,0.02624978631846842,1,1,-1,0.5,False,Trend,Trend,False
2020-07-08 00:00:00+09:00,79190.015625,79615.386328125,78363.13723958333,48.94734855125641,-163.0548443862522,0.026927174273988747,0.024374083906749944,1,1,-1,0.5,False,Trend,Trend,False
2020-07-09 00:00:00+09:00,79190.015625,79261.575390625,78361.81197916667,48.94734855125641,-123.24912049046435,0.026460622257820265,0.024133871414009918,1,1,-1,0.5,False,Trend,Trend,False
2020-07-10 00:00:00+09:00,78156.421875,79054.85546875,78368.43736979166,49.46811374154922,-156.4518258584422,0.024584240238588604,0.02406423667714069,1,1,-1,0.5,False,Trend,Trend,False
2020-07-13 00:00:00+09:00,80700.6796875,79233.74921875,78388.314453125,56.422054117985375,-4.9875460371717395,0.02094187844220649,0.024249505304688366,1,1,-1,0.5,False,Trend,Trend,False
2020-07-14 00:00:00+09:00,80700.6796875,79233.74921875,78420.11783854167,45.71433544602309,91.92519255834455,0.018323217715575046,0.024218877095697672,1,1,1,1.0,False,Trend,Trend,False
2020-07-15 00:00:00+09:00,86663.7734375,79571.65859375,78532.754296875,72.42991598274656,529.9069521969357,0.024097996091026523,0.025839035725376745,1,1,-1,0.5,False,Trend,Trend,False
2020-07-16 00:00:00+09:00,87458.84375,79969.198046875,78697.07057291667,72.93575066337148,827.6854915802016,0.02402572442872433,0.02554133252091919,1,1,-1,0.5,False,Trend,Trend,False
2020-07-17 00:00:00+09:00,93421.96875,80664.89375,79015.10286458333,86.66664240483296,1349.9040395842794,0.02759842295303444,0.026156729441178434,1,1,-1,0.5,False,Trend,Trend,False
2020-07-20 00:00:00+09:00,96602.2890625,81579.23671875,79398.06653645834,88.38707387061508,1804.75287927393,0.027589429372424756,0.026372089906293982,1,1,-1,0.5,False,Trend,Trend,False
2020-07-21 00:00:00+09:00,96602.2890625,82485.629296875,79783.68059895834,88.19669870708597,1986.4577537701794,0.027625885345562942,0.02636427013591007,1,1,-1,0.5,False,Trend,Trend,False
2020-07-22 00:00:00+09:00,94217.046875,83101.8171875,80160.01875,79.81649639366194,1830.6878897014963,0.0276102789812449,0.026360349502640858,1,1,-1,0.5,False,Trend,Trend,False
2020-07-23 00:00:00+09:00,98987.5234375,84099.64375,80595.987890625,82.85713191906405,1924.049856694961,0.027247412497667114,0.026948131272410608,1,1,-1,0.5,False,Trend,Trend,False
2020-07-24 00:00:00+09:00,97397.359375,84994.108984375,80984.25221354167,77.48688338670351,1758.3621164395413,0.027916718504494353,0.027038074144821688,1,1,-1,0.5,False,Trend,Trend,False
2020-07-27 00:00:00+09:00,98192.4296875,86019.76171875,81380.46705729167,82.9268435569573,1587.2050859641377,0.026799148844933954,0.027041976663450474,1,1,-1,0.5,False,Trend,Trend,False
2020-07-28 00:00:00+09:00,97794.8984375,87025.537890625,81797.88424479167,81.62165578673944,1341.865737664204,0.026907631375450634,0.02682915740058696,1,1,-1,0.5,False,Trend,Trend,False
2020-07-29 00:00:00+09:00,99385.0703125,88090.945703125,82219.27708333333,82.56414210089646,1186.683630096979,0.02688233082566422,0.02681135852074895,1,1,-1,0.5,False,Trend,Trend,False
2020-07-30 00:00:00+09:00,101372.7734375,89223.935546875,82681.748828125,86.31842030326325,1118.810060525073,0.026918934569269366,0.026837252858591114,1,1,-1,0.5,False,Trend,Trend,False
2020-07-31 00:00:00+09:00,100577.6875,90309.22109375,83105.79166666667,82.89473377997042,929.0767444878638,0.027213826243196588,0.026817261521478147,1,1,-1,0.5,False,Trend,Trend,False
2020-08-03 00:00:00+09:00,100975.2265625,91322.9484375,83547.061328125,83.11687947085312,746.9032216048727,0.027149448931061304,0.02676022469263299,1,1,-1,0.5,False,Trend,Trend,False
2020-08-04 00:00:00+09:00,105348.1875,92646.758984375,84085.066015625,82.19179409786037,831.0176609374985,0.0267537877630536,0.02699077956832375,1,1,-1,0.5,False,Trend,Trend,False
2020-08-05 00:00:00+09:00,106540.796875,94014.298046875,84627.04609375,82.43244463423754,872.770154044958,0.026653822643980522,0.026984279710645757,1,1,-1,0.5,False,Trend,Trend,False
2020-08-06 00:00:00+09:00,114889.140625,95799.254296875,85318.76627604167,83.74999877174382,1340.4552962522794,0.029617349481310916,0.02835587810791562,1,1,-1,0.5,False,Trend,Trend,False
2020-08-07 00:00:00+09:00,116876.8359375,97735.275,86043.61471354167,83.11687947085312,1641.6130508480765,0.02866789929367845,0.02836574971288125,1,1,-1,0.5,False,Trend,Trend,False
2020-08-10 00:00:00+09:00,135163.703125,100458.426171875,87078.54466145833,89.43089612749895,2859.0409809431103,0.04007717307063424,0.03341793840258252,1,1,-1,0.5,False,Trend,Trend,False
2020-08-11 00:00:00+09:00,142319.4375,103539.3640625,88137.32734375,94.8148176184053,3870.0704976800553,0.03999016175624661,0.032765198680338704,1,1,-1,0.5,False,Trend,Trend,False
2020-08-12 00:00:00+09:00,136753.859375,106043.868359375,89127.202734375,84.67151829271879,3878.0685316680865,0.04141177594078101,0.033194967899177495,1,1,-1,0.5,False,Trend,Trend,False
2020-08-13 00:00:00+09:00,135163.703125,108429.111328125,90091.90052083334,84.67153043849973,3501.82982817612,0.04203103685579299,0.033280744900847044,1,1,-1,0.5,False,Trend,Trend,False
2020-08-14 00:00:00+09:00,132778.46875,110396.936328125,91052.623046875,80.85107747089087,2845.7606290605236,0.041566438967142225,0.033109298886168745,1,1,-1,0.5,False,Trend,Trend,False
2020-08-18 00:00:00+09:00,125622.71875,111847.9578125,91874.20598958334,72.15187621978136,1737.7621015212426,0.04442943924152009,0.03413938171250462,1,-1,-1,-0.30000000000000004,True,Defensive,Trend,False
2020-08-19 00:00:00+09:00,130790.75,113557.380859375,92758.07018229166,73.65267058209808,1187.100357378804,0.04471582409634268,0.03436486231758346,1,-1,-1,-0.30000000000000004,True,Defensive,Trend,False
2020-08-20 00:00:00+09:00,123237.5078125,115008.40390625,93512.07200520833,65.19337544453344,200.08551680793607,0.046954299789740285,0.035468708483862674,1,-1,1,0.19999999999999996,True,Defensive,Trend,False
2020-08-21 00:00:00+09:00,124032.5859375,116260.65703125,94291.251171875,66.298351059481,-476.37177835322836,0.04619890039204888,0.035400246149232026,1,-1,-1,-0.30000000000000004,True,Defensive,Trend,False
2020-08-24 00:00:00+09:00,128405.5,117811.0640625,95132.711328125,68.0628229155788,-693.3017326488934,0.04600610549733085,0.03556851314939961,1,1,-1,0.5,False,Trend,Trend,False
2020-08-25 00:00:00+09:00,131983.390625,119500.612109375,96007.30026041667,67.72486777988325,-659.9933891224573,0.046083594403604766,0.035622093425177755,1,1,-1,0.5,False,Trend,Trend,False
2020-08-26 00:00:00+09:00,133175.984375,121269.66640625,96868.63763020834,67.72486106798856,-622.3064224869777,0.04589472313160028,0.03555834483093954,1,1,-1,0.5,False,Trend,Trend,False
2020-08-27 00:00:00+09:00,129995.6484375,122800.1953125,97597.46119791667,60.79543633732327,-861.50242725922,0.04673975663395795,0.03521480108607984,1,-1,-1,-0.30000000000000004,True,Defensive,Trend,False
2020-08-28 00:00:00+09:00,136753.859375,124569.249609375,98438.92161458333,63.29787072795817,-625.4858829718505,0.047465891140209715,0.035653206730559155,1,-1,-1,-0.30000000000000004,True,Defensive,Defensive,False
2020-08-31 00:00:00+09:00,140331.71875,126556.951171875,99306.88463541666,54.304627142630686,-305.52469456882136,0.047209778643668335,0.03567723680211439,1,-1,-1,-0.30000000000000004,True,Defensive,Defensive,False
2020-09-01 00:00:00+09:00,143114.484375,128663.9140625,100194.72434895833,50.71425543401514,0.23380322020238964,0.04711774687325662,0.03568652985406618,1,-1,1,0.19999999999999996,True,Defensive,Defensive,False
2020-09-02 00:00:00+09:00,139934.1875,130393.2140625,101042.810546875,52.985082288080584,-99.48728684538037,0.047540121870403344,0.03583670884256764,1,-1,-1,-0.30000000000000004,True,Defensive,Defensive,False
2020-09-03 00:00:00+09:00,140331.71875,132082.76015625,101904.14817708333,54.961828396552626,-219.5721986811477,0.047604750637407246,0.035807606328969725,1,-1,-1,-0.30000000000000004,True,Defensive,Defensive,False
2020-09-04 00:00:00+09:00,137151.40625,133195.8734375,102752.234375,54.13533656829774,-573.9548901542857,0.04595096459132465,0.03574001627408338,1,1,-1,0.5,False,Trend,Defensive,False
2020-09-07 00:00:00+09:00,135163.703125,134110.216796875,103633.44908854166,60.00003275354106,-979.1958610718466,0.04619706265160067,0.03513404417322551,1,-1,-1,-0.30000000000000004,True,Defensive,Defensive,False
2020-09-08 00:00:00+09:00,133573.546875,134030.708984375,104574.29479166666,53.15317580231159,-1367.4681166732717,0.032933388918399815,0.03390886664065186,1,1,-1,0.5,False,Trend,Defensive,False
2020-09-09 00:00:00+09:00,133175.984375,133573.536328125,105448.883203125,63.44083181275972,-1645.5255535682736,0.03055772205264863,0.03360720399843114,1,1,-1,0.5,False,Trend,Defensive,False
2020-09-10 00:00:00+09:00,134368.640625,133454.275390625,106356.60078125,63.82979613041883,-1734.6917158275674,0.029410757869991814,0.03352170153520622,1,1,-1,0.5,False,Trend,Defensive,False
2020-09-11 00:00:00+09:00,136356.296875,133513.905078125,107304.071484375,61.363628242932165,-1646.1014929640742,0.029491579885953696,0.03348211276220995,1,1,-1,0.5,False,Trend,Defensive,False
2020-09-14 00:00:00+09:00,143114.484375,134030.705859375,108364.17864583334,64.5833034798576,-1142.5450996712852,0.031010357555126322,0.033842428558568165,1,1,-1,0.5,False,Trend,Trend,False
2020-09-15 00:00:00+09:00,142319.4375,134865.541796875,109430.912109375,62.10531302310841,-884.7188888924393,0.02784876725094792,0.033745660901398356,1,1,-1,0.5,False,Trend,Trend,False
2020-09-16 00:00:00+09:00,145897.25,135620.866796875,110554.62565104167,70.83338024602449,-513.3451491115356,0.027055404124843314,0.03378323483108859,1,1,-1,0.5,False,Trend,Trend,False
2020-09-17 00:00:00+09:00,146294.796875,136773.73125,111627.98411458333,65.0000147391321,-292.057148111945,0.02236466738900496,0.033528302744013444,1,1,-1,0.5,False,Trend,Trend,False
2020-09-18 00:00:00+09:00,143909.5625,137767.580078125,112709.29361979167,55.844150540817836,-353.36520418298096,0.023054110427492384,0.03317977339982565,1,1,-1,0.5,False,Trend,Trend,False
2020-09-21 00:00:00+09:00,147089.90625,138701.800390625,113835.6578125,56.41030680040211,-232.59753991351772,0.022428303006169402,0.033210649801677976,1,1,-1,0.5,False,Trend,Trend,False
2020-09-22 00:00:00+09:00,142716.953125,139238.478515625,114919.61744791667,54.32097028160779,-485.5428058882462,0.023317288067066858,0.033340635802479944,1,1,-1,0.5,False,Trend,Trend,False
2020-09-23 00:00:00+09:00,142716.953125,139715.526953125,116003.57708333334,53.74999447283904,-679.2859850113455,0.023300770776912127,0.033340635802479944,1,1,-1,0.5,False,Trend,Trend,False
2020-09-24 00:00:00+09:00,136356.296875,140033.559375,116974.90013020833,48.86359423746452,-1230.14009749277,0.025063382575907584,0.03410401251355374,1,1,-1,0.5,False,Trend,Trend,False
2020-09-25 00:00:00+09:00,135163.703125,139954.0515625,117915.74557291667,50.0,-1643.3303284675494,0.022420721689276484,0.03418359833752965,1,1,-1,0.5,False,Trend,Trend,False
2020-09-28 00:00:00+09:00,139536.671875,139914.29921875,118926.823828125,58.06455021177791,-1589.6487120230795,0.022830204269753573,0.034296820048041285,1,1,-1,0.5,False,Trend,Trend,False
2020-09-29 00:00:00+09:00,141921.890625,139854.66953125,119947.17734375,61.224536450295346,-1369.3853757515826,0.022714444761711566,0.03426588843265249,1,1,-1,0.5,False,Trend,Trend,False
2020-10-05 00:00:00+09:00,148680.0625,140291.96328125,121110.64544270834,66.0714404780245,-774.0656540807977,0.02436756983082624,0.03432806898515353,1,1,-1,0.5,False,Trend,Trend,False
2020-10-06 00:00:00+09:00,145102.203125,140530.4875,122209.18190104167,59.482796592998284,-632.7326149388919,0.02512596349721425,0.03461411181458072,1,1,-1,0.5,False,Trend,Trend,False
2020-10-07 00:00:00+09:00,145499.734375,140947.90390625,123314.34388020834,53.000017293884405,-528.2162766078445,0.024450017421735352,0.03460239042932917,1,1,-1,0.5,False,Trend,Trend,False
2020-10-08 00:00:00+09:00,143512.03125,141365.3203125,124403.60403645833,51.456279559273476,-603.2710259759488,0.024418855786410325,0.034609520689793345,1,1,-1,0.5,False,Trend,Trend,False
2020-10-12 00:00:00+09:00,143114.484375,141842.3671875,125443.83411458334,46.31581124885966,-684.087926582376,0.02421239939781097,0.034527735722576655,1,1,-1,0.5,False,Trend,Trend,False
2020-10-13 00:00:00+09:00,142319.4375,142299.53984375,126470.81341145834,44.79171827053186,-788.0882230862753,0.024255490938283594,0.03456132051967273,1,1,-1,0.5,False,Trend,Trend,False
2020-10-14 00:00:00+09:00,141524.3125,142657.3234375,127385.15572916667,46.73912021866794,-899.376328887312,0.024296430426437338,0.03364304908535511,1,1,-1,0.5,False,Trend,Trend,False
2020-10-15 00:00:00+09:00,139934.1875,142836.21796875,128259.74479166667,39.77272321237155,-1058.0835681228987,0.024310620273016947,0.033736456341158357,1,1,-1,0.5,False,Trend,Trend,False
2020-10-16 00:00:00+09:00,136753.859375,142518.18671875,128981.94296875,41.176473308252596,-1337.2639677549646,0.022180876990653218,0.033087060485982735,1,1,-1,0.5,False,Trend,Trend,False
2020-10-19 00:00:00+09:00,133573.546875,142080.8921875,129598.13059895833,37.634416327579416,-1674.2706202639306,0.022679350566920203,0.03311342351582364,1,1,-1,0.5,False,Trend,Trend,False
2020-10-20 00:00:00+09:00,133175.984375,141444.82890625,130207.6921875,44.87180262411326,-1848.4505967915466,0.021703863534220793,0.033123898071043406,1,1,-1,0.5,False,Trend,Trend,False
2020-10-21 00:00:00+09:00,131585.828125,140709.38046875,130830.50520833333,44.30377290714949,-1983.338719297969,0.021693700223039847,0.03296422413214451,1,1,-1,0.5,False,Trend,Trend,False
2020-10-22 00:00:00+09:00,129200.5859375,139973.931640625,131334.05625,32.43233625326816,-2132.74850757584,0.021747720532769695,0.03259513127472067,1,1,-1,0.5,False,Trend,Trend,False
2020-10-23 00:00:00+09:00,132778.46875,139258.359765625,131923.74140625,35.064938710965066,-1898.0142148261966,0.022138321415529853,0.03261228783617163,1,1,-1,0.5,False,Trend,Trend,False
2020-10-26 00:00:00+09:00,136356.296875,138940.326953125,132559.805859375,27.536176985262628,-1430.4885454061225,0.02239370011511782,0.03272760047640209,1,1,-1,0.5,False,Trend,Trend,False
2020-10-27 00:00:00+09:00,137151.40625,138662.049609375,133215.74765625,33.87098716908409,-1015.8884560815351,0.022462484262642416,0.03270368862498689,1,1,-1,0.5,False,Trend,Trend,False
2020-10-28 00:00:00+09:00,137946.46875,138741.558203125,133858.43763020833,34.920630464376046,-653.8826929669596,0.020018242999536195,0.03267468940798137,1,1,-1,0.5,False,Trend,Trend,False
2020-10-29 00:00:00+09:00,135163.703125,138741.558203125,134421.61979166666,33.846172916845546,-570.6572764425074,0.020466568600168104,0.03278741823957735,1,1,-1,0.5,False,Trend,Trend,False
2020-10-30 00:00:00+09:00,130790.75,138304.262109375,134925.17083333334,29.333342766346377,-766.7102020625491,0.020283541009410114,0.03310868786965283,1,1,-1,0.5,False,Trend,Trend,False
2020-11-02 00:00:00+09:00,135561.203125,137986.227734375,135501.60377604168,39.99992139157262,-542.2736498442385,0.02166429826388927,0.03335649665783641,1,1,-1,0.5,False,Trend,Trend,False
2020-11-03 00:00:00+09:00,135561.203125,137330.284765625,136005.15403645832,40.96383060334417,-369.2509965333501,0.018398906185352962,0.03299604350011515,1,1,-1,0.5,False,Trend,Trend,False
2020-11-04 00:00:00+09:00,136356.296875,136892.989453125,136502.07903645834,44.44439861649185,-185.9410890439102,0.01792697002800746,0.032983829728462824,1,1,-1,0.5,False,Trend,Trend,False
2020-11-05 00:00:00+09:00,139139.09375,136574.957421875,136906.244921875,53.74998894569437,121.48162896610461,0.018638033206048257,0.03170534756697142,-1,1,1,0.30000000000000004,False,Trend,Trend,False
2020-11-06 00:00:00+09:00,135561.203125,136177.416015625,137217.65104166666,53.08634636856328,84.37914754580254,0.01923137138229605,0.03187305904858802,-1,1,1,0.30000000000000004,False,Trend,Trend,False
2020-11-09 00:00:00+09:00,137151.40625,135879.262109375,137250.77942708333,55.95239989144573,162.90327144012895,0.019503360494649166,0.025810710875270985,-1,1,1,0.30000000000000004,False,Trend,Trend,False
2020-11-10 00:00:00+09:00,137946.46875,135660.613671875,137177.89661458333,59.75607944038568,258.66824055498273,0.019562967943203252,0.024928658314143655,-1,1,1,0.30000000000000004,False,Trend,Trend,False
2020-11-11 00:00:00+09:00,139536.671875,135561.231640625,137224.27682291667,66.25001873085614,410.3737393688665,0.01974863464996886,0.02443058554029648,-1,1,1,0.30000000000000004,False,Trend,Trend,False
2020-11-12 00:00:00+09:00,138344.0,135481.722265625,137277.28177083333,59.4593675873373,410.65711956201295,0.019681205835065805,0.024407902487006534,-1,1,1,0.30000000000000004,False,Trend,Trend,False
2020-11-13 00:00:00+09:00,141126.796875,135700.369140625,137416.42057291666,58.33331513705077,568.7863516418556,0.01944593742354233,0.024417159518257927,-1,1,1,0.30000000000000004,False,Trend,Trend,False
2020-11-16 00:00:00+09:00,142319.4375,136137.663671875,137694.69921875,58.90407566178759,714.7844739310772,0.01856751952663856,0.023281569663338598,-1,1,1,0.30000000000000004,False,Trend,Trend,False
2020-11-17 00:00:00+09:00,145102.203125,136733.974609375,137933.2234375,61.53841890098971,945.3745130772545,0.018848021665136876,0.02285151768738443,-1,1,1,0.30000000000000004,False,Trend,Trend,False
2020-11-18 00:00:00+09:00,142716.953125,137290.530859375,138257.880859375,62.337564889821294,884.9318325020107,0.01908187960485608,0.02153685841967157,-1,1,1,0.30000000000000004,False,Trend,Trend,False
2020-11-19 00:00:00+09:00,143114.484375,137986.22578125,138575.9125,73.1341620015217,820.8176462796723,0.018350387398785663,0.021530565661787137,-1,1,-1,-0.19999999999999996,False,MeanReversion,Trend,False
2020-11-20 00:00:00+09:00,140729.25,138383.76484375,138781.30833333332,60.65570496047381,578.3027924422897,0.018192329400903286,0.021246574417777202,-1,1,1,0.30000000000000004,False,Trend,Trend,False
2020-11-23 00:00:00+09:00,142319.4375,138681.921875,138953.57578125,63.07691284396181,489.0669534235001,0.01744921152685078,0.021012415891678328,-1,1,1,0.30000000000000004,False,Trend,Trend,False
2020-11-24 00:00:00+09:00,143909.5625,139019.8296875,139132.46875,64.1790195481453,499.46265040273556,0.01754782809328122,0.021027391830870403,-1,1,1,0.30000000000000004,False,Trend,Trend,False
2020-11-25 00:00:00+09:00,142716.953125,139258.35390625,139344.49049479168,57.14281258051858,393.0345210994092,0.017687828310336287,0.0208004339206631,-1,1,1,0.30000000000000004,False,Trend,Trend,False
2020-11-26 00:00:00+09:00,142319.4375,139616.140625,139437.25013020833,65.45460132476077,268.8078396027413,0.016954318341653753,0.019780458089693045,1,1,1,1.0,False,Trend,Trend,True
2020-11-27 00:00:00+09:00,143909.5625,140272.08125,139496.880859375,65.45447789032272,266.171452081378,0.01483167305723198,0.019553115421373234,1,1,1,1.0,False,Trend,Trend,False
2020-11-30 00:00:00+09:00,144307.125,140709.37734375,139516.758203125,64.81481211905944,263.17049773178996,0.012906962290995035,0.019392727481332743,1,1,1,1.0,False,Trend,Trend,False
2020-12-01 00:00:00+09:00,145897.25,141226.1796875,139616.142578125,64.81468407020321,335.60508885122,0.012999552172128816,0.01921148682089807,1,1,1,1.0,False,Trend,Trend,False
2020-12-02 00:00:00+09:00,145102.203125,141663.475,139695.65065104168,66.03787017529028,298.54306873277073,0.013145263161017611,0.019225689653440237,1,1,1,1.0,False,Trend,Trend,False
2020-12-03 00:00:00+09:00,156233.34375,142518.1875,140013.68294270834,75.67580917841681,955.2145307877531,0.020339110808749086,0.021185761757628343,1,1,-1,0.5,False,Trend,Trend,False
2020-12-04 00:00:00+09:00,156233.34375,143551.79453125,140364.84361979167,74.64800427808908,1299.7403790299331,0.018981236365089412,0.021073433200425585,1,1,-1,0.5,False,Trend,Trend,False
2020-12-07 00:00:00+09:00,153848.09375,144386.62890625,140702.752734375,65.71435951022278,1275.375335677542,0.019592486976847172,0.021119058892875242,1,1,1,1.0,False,Trend,Trend,False
2020-12-08 00:00:00+09:00,148282.515625,144903.43125,140954.52825520834,58.97438869163936,815.2059344286681,0.021784269037001276,0.021708407100327974,1,1,1,1.0,False,Trend,Trend,False
2020-12-09 00:00:00+09:00,152257.921875,145539.49375,141252.68294270834,63.21844429043984,713.0309591006253,0.02232007287087189,0.021923036242977385,1,1,1,1.0,False,Trend,Trend,False
2020-12-10 00:00:00+09:00,152257.921875,146235.18984375,141517.71002604166,67.90129087950902,585.2698540897482,0.02213982008848286,0.021861858410790788,1,1,1,1.0,False,Trend,Trend,False
2020-12-11 00:00:00+09:00,151065.296875,146732.11484375,141650.22356770834,63.750006755432224,370.7248172233876,0.022012086314899086,0.021022347698172992,1,1,1,1.0,False,Trend,Trend,False
2020-12-14 00:00:00+09:00,150270.234375,147129.6546875,141782.73684895833,60.25648584162881,137.55865162865257,0.022060851015123364,0.021020848467823847,1,1,1,1.0,False,Trend,Trend,False
2020-12-15 00:00:00+09:00,149872.671875,147368.178125,141848.99388020832,61.8421188726707,-70.00192363729366,0.021733340221420767,0.02078887327114127,1,1,-1,0.5,False,Trend,Trend,False
2020-12-16 00:00:00+09:00,151065.296875,147785.5953125,141928.50221354168,64.102535677411,-148.99114278888192,0.021340897511882225,0.02080936900658958,1,1,-1,0.5,False,Trend,Trend,False
2020-12-17 00:00:00+09:00,151462.84375,148203.01328125,142054.390234375,62.666689026377824,-193.65402891548183,0.021340948110717354,0.020691021686240388,1,1,-1,0.5,False,Trend,Trend,False
2020-12-18 00:00:00+09:00,150270.234375,148680.0625,142107.395703125,59.740275650216915,-315.49921249686895,0.020999832131123178,0.02053506697329617,1,1,-1,0.5,False,Trend,Trend,False
2020-12-21 00:00:00+09:00,148680.0625,148998.09375,142206.780859375,54.54550094942524,-503.98586243769296,0.02113285906891978,0.02019466843724856,1,1,-1,0.5,False,Trend,Trend,False
2020-12-22 00:00:00+09:00,146294.796875,149117.35546875,142266.41158854167,51.85180512544799,-773.9536506982513,0.021405289531122737,0.020311526263512555,1,1,-1,0.5,False,Trend,Trend,False
2020-12-23 00:00:00+09:00,147089.90625,149336.003125,142445.305078125,29.09097665484211,-876.1119808555904,0.02131670660998662,0.019400419418034085,1,1,-1,0.5,False,Trend,Trend,False
2020-12-24 00:00:00+09:00,148680.0625,149654.034375,142670.577734375,33.898334441396344,-815.0004145961793,0.021387945124094792,0.01939287992065215,1,1,-1,0.5,False,Trend,Trend,False
2020-12-28 00:00:00+09:00,150667.75,149991.94375,142856.095703125,43.103422571652004,-627.5309431396486,0.02144102382115874,0.01904708700365572,1,1,-1,0.5,False,Trend,Trend,False
2020-12-29 00:00:00+09:00,153899.25,150471.55,143055.718359375,63.55171896405998,-289.8827662042718,0.021855489602462683,0.01911451661217222,1,1,-1,0.5,False,Trend,Trend,False
2020-12-30 00:00:00+09:00,155111.03125,150932.2390625,143162.901171875,57.943086127711254,-4.038592224169861,0.02180846083367434,0.018195479480287293,1,1,-1,0.5,False,Trend,Trend,False
2021-01-04 00:00:00+09:00,167633.015625,152058.7796875,143538.41471354166,75.22021418597642,956.1513578880922,0.027318664533677116,0.020440123253903465,1,-1,-1,-0.30000000000000004,True,Defensive,Trend,False
2021-01-05 00:00:00+09:00,169248.796875,152709.55234375,143934.232421875,79.41852763775904,1590.4857654952393,0.022396423326822942,0.02046115788948199,1,1,-1,0.5,False,Trend,Trend,False
2021-01-06 00:00:00+09:00,163997.609375,153097.765625,144275.65872395833,69.41034915792571,1545.4684321807144,0.02376010801283387,0.020825877314293202,1,1,1,1.0,False,Trend,Trend,False
2021-01-07 00:00:00+09:00,166421.234375,153726.42265625,144664.10455729166,72.13142090547775,1563.2726407023497,0.023523665910689245,0.0208766252066852,1,1,-1,0.5,False,Trend,Trend,False
2021-01-08 00:00:00+09:00,198736.0,156249.096875,145604.38059895832,84.79147522902385,3523.5385975276395,0.04392987625613278,0.030724222213077846,1,-1,-1,-0.30000000000000004,True,Defensive,Trend,False
2021-01-11 00:00:00+09:00,216105.21875,159441.46171875,146847.395703125,87.81103002975448,5636.720822567151,0.04653464880046298,0.03230040229604543,1,-1,-1,-0.30000000000000004,True,Defensive,Defensive,False
2021-01-12 00:00:00+09:00,210854.078125,162371.26953125,148029.39388020834,83.83083908615623,6278.545780963801,0.04733991921721954,0.0324736643615213,1,-1,-1,-0.30000000000000004,True,Defensive,Defensive,False
2021-01-13 00:00:00+09:00,209238.359375,165279.92265625,149237.46888020833,83.8069277610253,6182.201039871257,0.04733533057382014,0.032295112728234106,1,-1,-1,-0.30000000000000004,True,Defensive,Defensive,False
2021-01-14 00:00:00+09:00,202371.453125,167884.98359375,150384.10065104166,79.81324078166068,5279.027377173581,0.048413446207816915,0.032477677065866815,1,-1,-1,-0.30000000000000004,True,Defensive,Defensive,False
2021-01-15 00:00:00+09:00,193888.78125,170085.7890625,151395.98059895833,73.00057871436944,3802.348474415403,0.04998684446429865,0.03308517862220172,1,-1,-1,-0.30000000000000004,True,Defensive,Defensive,False
2021-01-18 00:00:00+09:00,194696.6875,172267.35859375,152447.82825520833,72.7913671737152,2627.8542161526675,0.05001357099148301,0.032999562320749805,1,-1,-1,-0.30000000000000004,True,Defensive,Defensive,False
2021-01-19 00:00:00+09:00,211258.0,175257.11640625,153815.45182291666,76.2237557941753,2703.6885412748998,0.05224773727973459,0.03422453807224999,1,-1,-1,-0.30000000000000004,True,Defensive,Defensive,False
2021-01-20 00:00:00+09:00,209238.359375,178205.52265625,155089.78333333333,74.20494574069997,2367.273965911105,0.05229115529096814,0.03420684448986509,1,-1,-1,-0.30000000000000004,True,Defensive,Defensive,False
2021-01-21 00:00:00+09:00,213681.640625,181455.6015625,156378.5390625,74.91409217921466,2197.1582535303714,0.051902452147373886,0.03416186918950388,1,-1,-1,-0.30000000000000004,True,Defensive,Defensive,False
2021-01-22 00:00:00+09:00,207622.5625,184521.98984375,157553.05833333332,67.99997411827358,1464.9493854836874,0.05241438867285522,0.034480766149765626,1,-1,1,0.19999999999999996,True,Defensive,Defensive,False
2021-01-25 00:00:00+09:00,210046.21875,187669.80546875,158754.72083333333,68.23102243035054,956.8243904203591,0.05235754755058731,0.03448573077709495,1,-1,1,0.19999999999999996,True,Defensive,Defensive,False
2021-01-26 00:00:00+09:00,203179.296875,190394.7671875,159888.3140625,67.25976663646448,20.70378981052272,0.05357961132807994,0.03469813175241208,1,-1,1,0.19999999999999996,True,Defensive,Defensive,False
2021-01-27 00:00:00+09:00,198332.09375,192777.984375,161014.003125,63.763054649495125,-1005.7566318844074,0.054313968969477475,0.03454670685500167,1,-1,-1,-0.30000000000000004,True,Defensive,Defensive,False
2021-01-28 00:00:00+09:00,192677.0,194716.871875,161965.93307291667,46.60635321595502,-2084.2969213115794,0.055102433088133285,0.034640329971652103,1,-1,-1,-0.30000000000000004,True,Defensive,Defensive,False
2021-01-29 00:00:00+09:00,185002.234375,196211.43203125,162789.95026041666,30.45688448774638,-3263.081205150691,0.05631306758391309,0.035150581109477344,1,-1,-1,-0.30000000000000004,True,Defensive,Defensive,False
2021-02-01 00:00:00+09:00,192677.0,197463.63125,163728.62864583332,38.91627005004448,-3455.894215439561,0.0545123651600587,0.03544759094877474,1,-1,-1,-0.30000000000000004,True,Defensive,Defensive,False
2021-02-02 00:00:00+09:00,194292.703125,198715.8265625,164647.85546875,40.88667341218347,-3399.410487999905,0.05450991781658725,0.03539874610560202,1,-1,-1,-0.30000000000000004,True,Defensive,Defensive,False
2021-02-03 00:00:00+09:00,198332.09375,200432.55078125,165694.03697916667,47.44897788006992,-3027.211347153432,0.05381779251323259,0.03520419299331386,1,-1,-1,-0.30000000000000004,True,Defensive,Defensive,False
2021-02-04 00:00:00+09:00,200755.734375,202149.27578125,166754.10911458332,54.696164358326044,-2572.8529589119316,0.0538079994074543,0.03520548760960343,1,-1,-1,-0.30000000000000004,True,Defensive,Defensive,False
2021-02-05 00:00:00+09:00,201563.5625,202290.65390625,167814.39401041667,54.69611594837222,-2188.0702901850145,0.036480410816306034,0.03520670848043528,1,1,-1,0.5,False,Trend,Defensive,False
2021-02-08 00:00:00+09:00,189041.59375,200937.47265625,168639.47604166667,33.9181544508658,-2712.7567187960485,0.03363399504867374,0.036353705624948586,1,1,-1,0.5,False,Trend,Defensive,False
2021-02-09 00:00:00+09:00,191061.28125,199947.8328125,169518.09739583332,36.84212193126337,-2845.7783774722693,0.033569068598547025,0.036316074265294235,1,1,-1,0.5,False,Trend,Defensive,False
2021-02-10 00:00:00+09:00,197928.140625,199382.321875,170464.78645833334,38.983036771872776,-2410.517641255952,0.03473948085904286,0.03647453661915689,1,1,-1,0.5,False,Trend,Defensive,False
2021-02-15 00:00:00+09:00,199947.828125,199261.140625,171425.25963541667,44.31140221144944,-1945.726724290429,0.03407925073031199,0.03647746825198366,1,1,-1,0.5,False,Trend,Defensive,False
2021-02-16 00:00:00+09:00,199947.828125,199564.09296875,172339.35338541667,42.236010518614805,-1611.2490031308926,0.0326003360357925,0.036439865027676335,1,1,-1,0.5,False,Trend,Defensive,False
2021-02-17 00:00:00+09:00,196716.3125,199665.07421875,173239.34270833334,44.73682134450903,-1578.5383587352771,0.032833771520152565,0.03643701614900571,1,1,-1,0.5,False,Trend,Trend,False
2021-02-18 00:00:00+09:00,190253.375,198614.84296875,174024.99088541666,43.58972705898456,-1939.3082045332822,0.027521634282934887,0.036778123072927334,1,1,-1,0.5,False,Trend,Trend,False
2021-02-19 00:00:00+09:00,195504.5625,197928.153125,174937.91276041666,52.25807804072637,-1775.8036802922234,0.02843116645276194,0.03678010784718324,1,1,-1,0.5,False,Trend,Trend,False
2021-02-22 00:00:00+09:00,195100.609375,196999.1015625,175817.59895833334,59.12408264496412,-1649.1157625845008,0.027850804594756178,0.03678491595229991,1,1,-1,0.5,False,Trend,Trend,False
2021-02-23 00:00:00+09:00,197524.234375,196494.18515625,176711.17682291666,54.83871974035689,-1367.9368719796248,0.02748410223428481,0.03678859205700584,1,1,-1,0.5,False,Trend,Trend,False
2021-02-24 00:00:00+09:00,189849.421875,195484.3453125,177496.71796875,46.04317788042235,-1646.006779244175,0.02847091590492035,0.03720444391243321,1,1,-1,0.5,False,Trend,Trend,False
2021-02-25 00:00:00+09:00,197928.140625,195221.7875,178423.5296875,49.664415068701906,-1250.9209708796857,0.02947774863965462,0.03749328256070093,1,1,-1,0.5,False,Trend,Trend,False
2021-02-26 00:00:00+09:00,191465.203125,194878.44296875,179216.12369791666,42.76728121473923,-1379.7886800616643,0.029913113709373725,0.03781581232993293,1,1,-1,0.5,False,Trend,Trend,False
2021-03-02 00:00:00+09:00,193080.9375,194898.63984375,180029.02057291666,43.47827758332708,-1311.5980617998598,0.029286931604827673,0.03781777387566787,1,1,-1,0.5,False,Trend,Trend,False
2021-03-03 00:00:00+09:00,193888.78125,195342.9671875,180828.87942708333,54.54541724884891,-1172.03806145529,0.0276749475772927,0.03780934913340575,1,1,-1,0.5,False,Trend,Trend,False
2021-03-04 00:00:00+09:00,189849.421875,195201.58828125,181574.66640625,48.90506188117764,-1301.726948572129,0.026598701223707322,0.037934015405008716,1,1,-1,0.5,False,Trend,Trend,False
2021-03-05 00:00:00+09:00,189849.421875,194979.42421875,182134.934375,41.66666666666667,-1332.627938708089,0.026513911726259557,0.0368249488259176,1,1,-1,0.5,False,Trend,Trend,False
2021-03-08 00:00:00+09:00,186214.03125,194373.52109375,182634.6125,36.290336417175645,-1528.9555160085456,0.02629307543359434,0.03693827314240027,1,1,-1,0.5,False,Trend,Trend,False
2021-03-09 00:00:00+09:00,187021.921875,193686.83046875,183187.50963541667,37.30162482370574,-1531.6328293233892,0.026111166504810063,0.03686023399615664,1,1,-1,0.5,False,Trend,Trend,False
2021-03-10 00:00:00+09:00,183790.4375,192798.17421875,183779.30833333332,37.3016477268541,-1667.0861343610857,0.02622450447654582,0.03658642237698905,1,1,-1,0.5,False,Trend,Trend,False
2021-03-11 00:00:00+09:00,184598.296875,192576.009375,184318.31458333333,43.750023744470134,-1617.0790646376647,0.02220729547733206,0.0364632421376534,1,1,-1,0.5,False,Trend,Trend,False
2021-03-12 00:00:00+09:00,187829.78125,192414.434375,184911.17890625,41.12148654266761,-1295.0947424462604,0.022445347602615087,0.0365061500205332,1,1,-1,0.5,False,Trend,Trend,False
2021-03-15 00:00:00+09:00,187425.875,191889.32109375,185517.18854166666,41.12153114060821,-1048.5696515694458,0.020769225627583366,0.0364834585737443,1,1,-1,0.5,False,Trend,Trend,False
2021-03-16 00:00:00+09:00,189041.59375,191344.009375,186163.37786458334,39.99998526400094,-730.9865459919926,0.020720933259124004,0.036470212765908595,1,1,-1,0.5,False,Trend,Trend,False
2021-03-17 00:00:00+09:00,187425.875,190717.91171875,186789.26458333334,46.666744030818435,-590.0706104194014,0.02074866402677997,0.03649610786148913,1,1,-1,0.5,False,Trend,Trend,False
2021-03-18 00:00:00+09:00,189041.59375,190334.17578125,187422.20286458332,35.13510264099776,-359.70559828629916,0.020670051932379675,0.03649748893361025,1,1,-1,0.5,False,Trend,Trend,False
2021-03-19 00:00:00+09:00,185406.15625,190091.81484375,187987.92473958334,38.80588914862994,-419.6484348748845,0.019768080959320204,0.036619619216774056,1,1,-1,0.5,False,Trend,Trend,False
2021-03-22 00:00:00+09:00,185002.234375,189566.6984375,188566.79140625,34.37493011530296,-451.2240628527411,0.018594105746302513,0.03659719624499645,1,1,-1,0.5,False,Trend,Trend,False
2021-03-23 00:00:00+09:00,182982.578125,188960.796875,189138.5,29.85075057720053,-565.4483896926317,0.01868313667647473,0.03659943323905843,-1,1,-1,-0.19999999999999996,False,MeanReversion,Trend,False
2021-03-24 00:00:00+09:00,178539.28125,188011.54921875,189675.90807291667,29.411764705882348,-878.8698032106909,0.018888893788686325,0.03669187492156446,-1,1,-1,-0.19999999999999996,False,MeanReversion,Trend,False
2021-03-25 00:00:00+09:00,176115.65625,187324.8609375,190159.67057291666,27.027005835242605,-1169.820160369458,0.01720455317862094,0.036756048026159366,-1,1,-1,-0.19999999999999996,False,MeanReversion,Trend,False
2021-03-26 00:00:00+09:00,174095.984375,186133.253125,190583.26927083332,28.571389099951645,-1402.9883947389053,0.013532162741132552,0.03678898746344254,-1,1,-1,-0.19999999999999996,False,MeanReversion,Trend,False
2021-03-29 00:00:00+09:00,174095.984375,185264.7921875,190973.73984375,26.47048784927641,-1455.6284147441174,0.01202624423259338,0.03676376693165399,-1,1,-1,-0.19999999999999996,False,MeanReversion,Trend,False
2021-03-30 00:00:00+09:00,177327.453125,184477.11796875,191364.20989583334,38.23520878948347,-1182.8149126410126,0.012784855793496534,0.03674103201576723,-1,1,-1,-0.19999999999999996,False,MeanReversion,Trend,False
2021-03-31 00:00:00+09:00,176115.65625,183588.46171875,191714.28697916667,34.782547759774104,-1001.1777400101291,0.012639125001910008,0.03675287185268844,-1,1,-1,-0.19999999999999996,False,MeanReversion,Trend,False
2021-04-01 00:00:00+09:00,176923.515625,182942.16640625,191869.12864583332,28.571296999556083,-755.038214867272,0.012196788655663267,0.035393566003235816,-1,1,-1,-0.19999999999999996,False,MeanReversion,Trend,False
2021-04-02 00:00:00+09:00,188637.65625,182881.578125,192192.27630208334,51.64832175281422,216.36136971120186,0.01944382632571737,0.03630850437149341,-1,1,1,0.30000000000000004,False,Trend,Trend,False
2021-04-05 00:00:00+09:00,189041.59375,183022.95625,192609.67604166668,50.0,869.1336654686838,0.01892454726777747,0.03604394138614333,-1,1,1,0.30000000000000004,False,Trend,Trend,False
2021-04-06 00:00:00+09:00,185810.109375,182962.365625,192932.82395833332,47.8260522231832,1053.9920845454049,0.01932058288133308,0.03609475304171642,-1,1,1,0.30000000000000004,False,Trend,Trend,False
2021-04-07 00:00:00+09:00,185810.109375,183063.34921875,192717.39244791667,45.45454145847647,1139.7040892392174,0.018896896517802443,0.027771382371605376,-1,1,1,0.30000000000000004,False,Trend,Trend,False
2021-04-08 00:00:00+09:00,187021.921875,183184.53046875,192232.67083333334,52.43906293414018,1233.5173038418693,0.018925404987685072,0.025462744050726415,-1,1,1,0.30000000000000004,False,Trend,Trend,False
2021-04-09 00:00:00+09:00,184598.296875,183022.95625,191795.07447916668,49.425284289977554,1092.6737924849008,0.018733130749015277,0.025335444704169402,-1,1,1,0.30000000000000004,False,Trend,Trend,False
2021-04-12 00:00:00+09:00,182578.609375,182780.59296875,191350.7453125,49.42524033908463,835.4231639309905,0.01886907365463519,0.025351163335166543,-1,1,1,0.30000000000000004,False,Trend,Trend,False
2021-04-13 00:00:00+09:00,185810.109375,182619.01875,191074.72291666668,60.71426104471488,851.9107326731228,0.019219493408701743,0.025143861975315703,-1,1,1,0.30000000000000004,False,Trend,Trend,False
2021-04-14 00:00:00+09:00,187829.78125,182639.2140625,190973.73958333334,67.46986772651985,959.8300779227793,0.019298512043605894,0.02459454829737918,-1,1,1,0.30000000000000004,False,Trend,Trend,False
2021-04-15 00:00:00+09:00,186214.03125,182497.8359375,190832.36197916666,68.29264265716287,885.2080009978439,0.01928464827792828,0.024608697746637737,-1,1,1,0.30000000000000004,False,Trend,Trend,False
2021-04-16 00:00:00+09:00,187021.921875,182578.62421875,190428.42734375,69.04759711912173,852.7378241760936,0.0187999459227578,0.022120392237038593,-1,1,1,0.30000000000000004,False,Trend,Trend,False
2021-04-19 00:00:00+09:00,185810.109375,182619.01796875,190037.95651041667,63.29112932367495,717.553485009241,0.018856295671487895,0.022105995794073297,-1,1,1,0.30000000000000004,False,Trend,Trend,False
2021-04-20 00:00:00+09:00,185002.234375,182720.00078125,189559.96640625,64.10252468321819,549.2193832690392,0.018706957985744885,0.021900433163309727,-1,1,1,0.30000000000000004,False,Trend,Trend,False
2021-04-21 00:00:00+09:00,182174.6875,182901.77109375,189135.83515625,57.83132024769412,238.78948152671813,0.0181625572109267,0.02169476194444025,-1,1,1,0.30000000000000004,False,Trend,Trend,False
2021-04-22 00:00:00+09:00,182578.609375,183224.91875,188678.04166666666,36.363642757323696,61.25047040084388,0.017831317936395225,0.021627395387192654,-1,1,-1,-0.19999999999999996,False,MeanReversion,Trend,False
2021-04-23 00:00:00+09:00,178539.28125,183447.08359375,188267.37473958332,29.687547219075967,-307.3856536480616,0.018413134789529932,0.021408616963854266,-1,1,-1,-0.19999999999999996,False,MeanReversion,Trend,False
2021-04-26 00:00:00+09:00,178943.1875,183689.44375,187944.22630208332,35.08768239029776,-492.21579945667327,0.018411928683150912,0.021219455841692953,-1,1,-1,-0.19999999999999996,False,MeanReversion,Trend,False
2021-04-27 00:00:00+09:00,177731.40625,183709.64140625,187695.13307291668,33.33333333333333,-654.1383596945379,0.01804433672964415,0.020928751952193996,-1,1,-1,-0.19999999999999996,False,MeanReversion,Trend,False
2021-04-28 00:00:00+09:00,178943.1875,183851.01796875,187594.14895833333,33.33324737333096,-637.0576304119778,0.018024966630546542,0.020305667060844967,-1,1,-1,-0.19999999999999996,False,MeanReversion,Trend,False
2021-04-29 00:00:00+09:00,175711.71875,183790.428125,187311.39427083332,32.2580142013001,-790.7823587361395,0.018488358316115557,0.019694134174403095,-1,1,-1,-0.19999999999999996,False,MeanReversion,Trend,False
2021-04-30 00:00:00+09:00,171268.4375,182921.9671875,186927.65651041668,29.41173124389549,-1119.0388243404373,0.011644380544020623,0.019892241631414807,-1,1,-1,-0.19999999999999996,False,MeanReversion,Trend,False
2021-05-03 00:00:00+09:00,176115.65625,182275.6703125,186557.38255208332,33.333261699851775,-944.0321337482828,0.013700337921297588,0.02005576537511948,-1,1,-1,-0.19999999999999996,False,MeanReversion,Trend,False
2021-05-04 00:00:00+09:00,180558.96875,182013.11328125,186220.76979166668,38.461546091130906,-486.3886996708759,0.014688990538042809,0.020274785690177197,-1,1,-1,-0.19999999999999996,False,MeanReversion,MeanReversion,False
2021-05-06 00:00:00+09:00,180558.96875,181750.55625,185870.69322916667,40.540565970668546,-158.0377005237624,0.014688990538042809,0.02026199566605408,-1,1,-1,-0.19999999999999996,False,MeanReversion,MeanReversion,False
2021-05-07 00:00:00+09:00,180962.890625,181447.6046875,185736.04817708334,39.725982392757864,98.20015358480623,0.01459841030269283,0.018541641152936276,-1,1,-1,-0.19999999999999996,False,MeanReversion,MeanReversion,False
2021-05-10 00:00:00+09:00,185406.15625,181487.99765625,185641.79609375,49.38268598098082,553.3641371891686,0.015425019279972118,0.01876525854786328,-1,1,1,0.30000000000000004,False,Trend,MeanReversion,False
2021-05-11 00:00:00+09:00,182982.578125,181508.19609375,185392.70338541668,47.05883691423849,669.8635620499936,0.015514856794841474,0.0182332417273534,-1,1,1,0.30000000000000004,False,Trend,Trend,False
2021-05-12 00:00:00+09:00,183790.4375,181407.2125,185123.41354166667,52.50002901163174,772.6835476211811,0.015007675847598769,0.018187049677442963,-1,1,1,0.30000000000000004,False,Trend,Trend,False
2021-05-13 00:00:00+09:00,185406.15625,181286.03125,184881.05234375,54.21689329917494,911.3341280176503,0.014932565781514784,0.018233547833621917,-1,1,1,0.30000000000000004,False,Trend,Trend,False
2021-05-14 00:00:00+09:00,185002.234375,181225.44140625,184685.81770833334,60.810862377647965,934.2084773026147,0.014820093307842978,0.01812702034294086,-1,1,1,0.30000000000000004,False,Trend,Trend,False
2021-05-17 00:00:00+09:00,183386.515625,181043.67109375,184571.37005208334,57.142964792691174,803.854121022823,0.014892840674916677,0.01765393940254048,-1,1,1,0.30000000000000004,False,Trend,Trend,False
2021-05-18 00:00:00+09:00,186617.96875,181084.0640625,184423.26015625,63.41469167484339,891.7954104253512,0.01538167073073728,0.01743671049685603,-1,1,1,0.30000000000000004,False,Trend,Trend,False
2021-05-20 00:00:00+09:00,181366.796875,180902.2921875,184194.36328125,53.26088007665784,568.5762610721692,0.0166579079854774,0.017801130059074827,-1,1,1,0.30000000000000004,False,Trend,Trend,False
2021-05-21 00:00:00+09:00,183790.4375,180983.0796875,183965.46666666667,61.1111636423027,493.0860997902089,0.016586341941944107,0.017813523353658524,-1,1,1,0.30000000000000004,False,Trend,Trend,False
2021-05-24 00:00:00+09:00,184194.375,181063.86796875,183871.21588541666,70.00007736412684,446.80840991402783,0.016586233545243346,0.01708779452894269,-1,1,-1,-0.19999999999999996,False,MeanReversion,Trend,False
2021-05-25 00:00:00+09:00,183790.4375,181326.42578125,183635.5875,63.768183377696246,368.69142224597965,0.015716456075435113,0.016166231843739727,-1,1,1,0.30000000000000004,False,Trend,Trend,False
2021-05-26 00:00:00+09:00,180558.96875,181407.21484375,183453.81692708333,50.0,93.4264400510973,0.01628797398294319,0.015766431156031623,-1,1,1,0.30000000000000004,False,Trend,Trend,False
2021-05-27 00:00:00+09:00,178135.328125,181427.4109375,183204.7234375,45.833268415490664,-239.63647455276595,0.01651299444478653,0.015799268231650763,-1,1,-1,-0.19999999999999996,False,MeanReversion,Trend,False
2021-05-28 00:00:00+09:00,187425.875,181851.5453125,183097.00833333333,58.51067726004713,156.65195465642194,0.02001634721343017,0.017165043807233937,-1,1,1,0.30000000000000004,False,Trend,Trend,False
2021-05-31 00:00:00+09:00,189849.421875,182558.43046875,183097.00833333333,56.17976111880647,550.7166430613132,0.01953837395886076,0.017036679220894278,-1,1,1,0.30000000000000004,False,Trend,Trend,False
2021-06-01 00:00:00+09:00,191465.203125,183568.26875,183123.93802083333,62.068951718679834,869.9251019560957,0.018277315436846367,0.01707177461387863,1,1,1,1.0,False,Trend,Trend,True
2021-06-02 00:00:00+09:00,192273.0625,184376.1390625,183224.921875,62.068951718679834,1071.9392696330829,0.017504987027467365,0.01688610768804192,1,1,1,1.0,False,Trend,Trend,False
2021-06-03 00:00:00+09:00,192677.0,184982.040625,183319.17317708334,60.71429887140834,1161.6878926693867,0.016827126385520585,0.016880064515343105,1,1,1,1.0,False,Trend,Trend,False
2021-06-04 00:00:00+09:00,195100.609375,185709.12265625,183507.67604166668,64.04493014652192,1302.6088951958666,0.01693196055220749,0.01678329958340494,1,1,1,1.0,False,Trend,Trend,False
2021-06-07 00:00:00+09:00,195100.609375,186416.00859375,183682.71458333332,67.0587646365494,1310.5784445177414,0.016950702535101968,0.016777832165108805,1,1,1,1.0,False,Trend,Trend,False
2021-06-08 00:00:00+09:00,196716.3125,186981.51640625,183830.8234375,65.43202919576963,1334.9221472067059,0.016297297239451402,0.01666749255551582,1,1,1,1.0,False,Trend,Trend,False
2021-06-09 00:00:00+09:00,193484.84375,187506.6296875,183931.80625,69.73682536273229,1055.8749720994429,0.016491209288323885,0.01681351946017984,1,1,1,1.0,False,Trend,Trend,False
2021-06-10 00:00:00+09:00,190657.3125,187849.9734375,183958.73489583333,61.038938204251004,624.6681814056624,0.01694108811047857,0.01689332451374669,1,1,1,1.0,False,Trend,Trend,False
2021-06-11 00:00:00+09:00,192677.0,188213.515625,184046.25364583332,62.96295411934491,428.6096954828108,0.016984099952631407,0.016906284050253524,1,1,1,1.0,False,Trend,Trend,False
2021-06-14 00:00:00+09:00,192273.0625,188577.05703125,184100.11145833333,62.96295411934491,234.5683475491246,0.01698306307976956,0.016875509672266788,1,1,1,1.0,False,Trend,Trend,False
2021-06-15 00:00:00+09:00,191465.203125,188980.99140625,184201.09557291667,67.99999174784296,25.651291585713807,0.016862013895093234,0.016687761413972196,1,1,1,1.0,False,Trend,Trend,False
2021-06-16 00:00:00+09:00,193484.84375,189324.33515625,184342.47239583332,75.67572088481577,-1.2518127255284526,0.016598743431850943,0.016732940920885477,1,1,-1,0.5,False,Trend,Trend,False
2021-06-17 00:00:00+09:00,191061.28125,189809.059375,184477.11744791668,57.89477613155766,-196.21378332455424,0.015404701533997546,0.016753581745997823,1,1,-1,0.5,False,Trend,Trend,False
2021-06-18 00:00:00+09:00,189849.421875,190112.00859375,184665.61979166666,50.0,-408.51629323307725,0.015314318160701959,0.016449560840767822,1,1,-1,0.5,False,Trend,Trend,False
2021-06-21 00:00:00+09:00,188233.71875,190313.97578125,184867.5875,42.59253820404287,-645.3995422617932,0.01548061672766696,0.016385201945887683,1,1,-1,0.5,False,Trend,Trend,False
2021-06-22 00:00:00+09:00,194696.6875,190859.28828125,185210.93255208334,54.41180987964171,-368.2387490981996,0.017084203455885974,0.016830139724286184,1,1,-1,0.5,False,Trend,Trend,False
2021-06-23 00:00:00+09:00,195908.5,191626.76484375,185574.47447916667,55.714342553306714,-117.69156936087484,0.016387855972452656,0.016837553820916965,1,1,-1,0.5,False,Trend,Trend,False
2021-06-24 00:00:00+09:00,195908.5,192515.4234375,185884.15859375,51.5625462750021,25.973816058854936,0.0158954776124965,0.016700339087434162,1,1,1,1.0,False,Trend,Trend,False
2021-06-25 00:00:00+09:00,196312.4375,192959.7515625,186220.77161458333,52.307745409771584,120.83573454292036,0.011619288343207607,0.016662887142072185,1,1,1,1.0,False,Trend,Trend,False
2021-06-28 00:00:00+09:00,194696.6875,193202.11484375,186516.99114583334,46.1539331312345,50.96861993979746,0.011571063146819171,0.016709145334752495,1,1,1,1.0,False,Trend,Trend,False
2021-06-29 00:00:00+09:00,194291.015625,193343.40546875,186611.21380208334,51.72038959263495,-41.37672049362527,0.011464996636767096,0.014558428268717434,1,1,-1,0.5,False,Trend,Trend,False
2021-06-30 00:00:00+09:00,194291.015625,193444.303125,186698.70416666666,58.818644377586644,-116.98674480819227,0.011436394053726337,0.01455694595787305,1,1,-1,0.5,False,Trend,Trend,False
2021-07-01 00:00:00+09:00,196319.15625,193626.4109375,186873.85494791667,58.83553408627437,-48.44596174560638,0.01164470108487721,0.014423962643929037,1,1,-1,0.5,False,Trend,Trend,False
2021-07-02 00:00:00+09:00,193885.4375,193565.65234375,187008.44375,53.5608005521049,-177.78228983970303,0.011678402857126898,0.014526936029783413,1,1,-1,0.5,False,Trend,Trend,False
2021-07-05 00:00:00+09:00,191451.71875,193383.2078125,187082.27369791668,49.972216051588646,-423.9589318530436,0.01199782612853388,0.014607413512435535,1,1,-1,0.5,False,Trend,Trend,False
2021-07-06 00:00:00+09:00,191451.71875,193119.978125,187196.49739583334,45.43053157821545,-574.1832995179882,0.01180548407599489,0.01450076676044622,1,1,-1,0.5,False,Trend,Trend,False
2021-07-07 00:00:00+09:00,188206.8125,192856.0765625,187290.30078125,43.81297566182865,-862.1652872361956,0.011842008027766738,0.01460440580258545,1,1,-1,0.5,False,Trend,Trend,False
2021-07-08 00:00:00+09:00,186178.6875,192632.1453125,187296.44375,42.315640731254966,-1141.777404891496,0.011641776596071114,0.014502430621477273,1,1,-1,0.5,False,Trend,Trend,False
2021-07-09 00:00:00+09:00,183339.359375,192165.26328125,187221.60338541667,40.2534169468616,-1450.6524675536389,0.011709397802547641,0.014566339902598516,1,1,-1,0.5,False,Trend,Trend,False
2021-07-12 00:00:00+09:00,186584.328125,191880.8265625,187227.775,31.470236586924017,-1370.0852931059815,0.012537900744833066,0.014706955459382574,1,1,-1,0.5,False,Trend,Trend,False
2021-07-13 00:00:00+09:00,186584.328125,191636.7828125,187220.48177083334,27.454173275230858,-1253.610356866897,0.012525365969988373,0.01469613740231996,1,1,-1,0.5,False,Trend,Trend,False
2021-07-14 00:00:00+09:00,186584.328125,191291.75703125,187233.38541666666,27.454173275230858,-1117.8777082266215,0.012221862665168769,0.01467163541606088,1,1,-1,0.5,False,Trend,Trend,False
2021-07-15 00:00:00+09:00,187801.1875,191128.75234375,187280.03463541667,30.198278945730664,-896.9850363388927,0.01208001751850478,0.014683068635243404,1,1,-1,0.5,False,Trend,Trend,False
2021-07-16 00:00:00+09:00,186584.328125,190965.49765625,187353.52864583334,30.76937892758538,-787.5651052466669,0.012083355329418835,0.014566750169314623,1,1,-1,0.5,False,Trend,Trend,False
2021-07-19 00:00:00+09:00,184556.234375,190781.6234375,187386.4890625,28.571644762275554,-803.7261645331014,0.012174437579689092,0.014637635301363826,1,1,-1,0.5,False,Trend,Trend,False
2021-07-20 00:00:00+09:00,184150.640625,190254.32109375,187480.01171875,28.07041967966481,-792.3757521979157,0.009019645652474992,0.0143395044151308,1,1,-1,0.5,False,Trend,Trend,False
2021-07-21 00:00:00+09:00,184961.859375,189706.9890625,187580.32291666666,24.07411238414143,-684.9165741318042,0.008933401398261227,0.014346556249435335,1,1,-1,0.5,False,Trend,Trend,False
2021-07-22 00:00:00+09:00,185367.453125,189179.93671875,187707.59036458333,28.571394879156486,-547.1764477930885,0.008983787688315705,0.014315435733536724,1,1,-1,0.5,False,Trend,Trend,False
2021-07-23 00:00:00+09:00,182933.75,188511.00234375,187774.09973958333,28.571417340662393,-577.6275423843445,0.009198761327900916,0.014403888694839552,1,1,-1,0.5,False,Trend,Trend,False
2021-07-26 00:00:00+09:00,182122.5,187882.29296875,187880.94609375,27.45094929060015,-607.0436410502507,0.009134697631844983,0.01421100390623881,1,1,-1,0.5,False,Trend,Trend,False
2021-07-27 00:00:00+09:00,182528.125,187294.1484375,188068.60755208333,34.09083348070689,-555.2272889131382,0.009216289041899509,0.01378895714961051,-1,1,-1,-0.19999999999999996,False,MeanReversion,Trend,False
2021-07-28 00:00:00+09:00,180500.046875,186604.6,188141.68072916666,34.09092301914082,-609.2600817091152,0.009354646339425888,0.01341730301481184,-1,1,-1,-0.19999999999999996,False,MeanReversion,Trend,False
2021-07-29 00:00:00+09:00,180094.421875,185793.36328125,188133.93828125,39.47369488130308,-621.8747845691744,0.008762654097259953,0.013029050799044003,-1,1,-1,-0.19999999999999996,False,MeanReversion,Trend,False
2021-07-30 00:00:00+09:00,176849.46875,184941.56484375,188072.11328125,18.420900572855885,-787.6500568132426,0.009127812877985229,0.013237812361834002,-1,1,-1,-0.19999999999999996,False,MeanReversion,Trend,False
2021-08-02 00:00:00+09:00,178471.953125,184292.5765625,188030.59765625,26.190406310189857,-728.309489199085,0.009412597193374657,0.013290452250917675,-1,1,-1,-0.19999999999999996,False,MeanReversion,Trend,False
2021-08-03 00:00:00+09:00,181311.296875,183785.55546875,187962.35,36.73470029512161,-451.6643178354079,0.010338557294033972,0.013069019945664761,-1,1,-1,-0.19999999999999996,False,MeanReversion,Trend,False
2021-08-04 00:00:00+09:00,182528.125,183501.62109375,187954.77578125,36.734600822631165,-155.83475010117536,0.009959137025111607,0.012990855749974895,-1,1,-1,-0.19999999999999996,False,MeanReversion,MeanReversion,False
2021-08-05 00:00:00+09:00,180905.65625,183237.96953125,187906.69609375,35.999922956913665,-44.330763690896674,0.009874194137989477,0.01302749584973771,-1,1,-1,-0.19999999999999996,False,MeanReversion,MeanReversion,False
2021-08-06 00:00:00+09:00,180500.046875,183096.00390625,187824.92760416667,39.130383808879394,23.5544573910106,0.00932018231920701,0.012975751257321297,-1,1,-1,-0.19999999999999996,False,MeanReversion,MeanReversion,False
2021-08-09 00:00:00+09:00,179283.1875,182730.946875,187729.61015625,37.49988965191801,8.715860791791329,0.008337970807304041,0.01299960274589928,-1,1,-1,-0.19999999999999996,False,MeanReversion,MeanReversion,False
2021-08-10 00:00:00+09:00,177660.703125,182284.765625,187634.17994791668,31.999926038808056,-83.10046344574403,0.008470194240136663,0.013003100116828386,-1,1,-1,-0.19999999999999996,False,MeanReversion,MeanReversion,False
2021-08-11 00:00:00+09:00,177255.109375,181818.3046875,187478.13229166667,30.000046225744953,-140.50325304994612,0.00845079003894545,0.012788021267175554,-1,1,-1,-0.19999999999999996,False,MeanReversion,MeanReversion,False
2021-08-12 00:00:00+09:00,177660.703125,181311.28046875,187416.3640625,35.555509900451895,-121.23883025958276,0.008263295049025583,0.01226549728001888,-1,1,-1,-0.19999999999999996,False,MeanReversion,MeanReversion,False
2021-08-13 00:00:00+09:00,176038.25,180783.9765625,187287.1609375,34.04256714225767,-184.07964276360872,0.00834792695208094,0.012185156266664735,-1,1,-1,-0.19999999999999996,False,MeanReversion,MeanReversion,False
2021-08-17 00:00:00+09:00,172793.3125,180195.83046875,187097.14322916666,27.777761925279563,-398.21181452829614,0.008894615075090316,0.012394944753071962,-1,1,-1,-0.19999999999999996,False,MeanReversion,MeanReversion,False
2021-08-18 00:00:00+09:00,172387.6875,179607.6828125,186907.09739583332,29.999961478456825,-513.839421122726,0.00889370757931,0.012395200181649054,-1,1,-1,-0.19999999999999996,False,MeanReversion,MeanReversion,False
2021-08-19 00:00:00+09:00,167520.25,178735.60234375,186689.78541666668,24.59010906638393,-845.2361905784446,0.01033961065459207,0.01271942488816318,-1,1,-1,-0.19999999999999996,False,MeanReversion,MeanReversion,True
2021-08-20 00:00:00+09:00,163464.109375,177640.43515625,186445.26510416667,23.80951507447199,-1240.798989433105,0.011067051118185746,0.012975795784844679,-1,1,-1,-0.19999999999999996,False,MeanReversion,MeanReversion,True
2021-08-23 00:00:00+09:00,165492.171875,176768.35625,186079.70338541668,24.999879619887764,-1264.7360953456318,0.011682412430617689,0.011173670201781108,-1,1,-1,-0.19999999999999996,False,MeanReversion,MeanReversion,True
2021-08-24 00:00:00+09:00,169954.0,176159.93125,185748.11302083332,29.41170139181972,-896.2907680035987,0.013657496015086406,0.011617360779018121,-1,1,-1,-0.19999999999999996,False,MeanReversion,MeanReversion,False
2021-08-25 00:00:00+09:00,169954.0,175531.225,185389.59296875,26.153839771572976,-583.9228654270623,0.013617781385796458,0.01154103074567677,-1,1,-1,-0.19999999999999996,False,MeanReversion,MeanReversion,False
2021-08-26 00:00:00+09:00,170359.59375,175024.20234375,185024.36848958334,29.032187915893644,-295.8631240000186,0.01355660808302404,0.01152680649729452,-1,1,-1,-0.19999999999999996,False,MeanReversion,MeanReversion,False
2021-08-27 00:00:00+09:00,169142.75,174476.61875,184632.13098958333,28.124930405289504,-141.0056737295531,0.013588940101872865,0.011532812978644778,-1,1,-1,-0.19999999999999996,False,MeanReversion,MeanReversion,False
2021-08-30 00:00:00+09:00,170359.59375,174152.125,184219.78072916667,32.81242852430836,77.87890873344122,0.013290732288011262,0.011438002947884418,-1,1,-1,-0.19999999999999996,False,MeanReversion,MeanReversion,False
2021-08-31 00:00:00+09:00,172387.6875,173847.91171875,183841.23203125,39.999988147185874,377.0147437264304,0.01342153780619252,0.01157880936605669,-1,1,-1,-0.19999999999999996,False,MeanReversion,MeanReversion,False
2021-09-01 00:00:00+09:00,174415.78125,173503.1359375,183469.55651041667,44.92751519509515,709.9100214480823,0.013169473310692122,0.011639260774552074,-1,1,-1,-0.19999999999999996,False,MeanReversion,MeanReversion,False
2021-09-02 00:00:00+09:00,171576.421875,172955.55078125,183104.41614583333,39.9999691827892,734.2666275830329,0.013384316779081583,0.01163609126237118,-1,1,-1,-0.19999999999999996,False,MeanReversion,MeanReversion,False
2021-09-03 00:00:00+09:00,174010.140625,172610.775,182826.96328125,46.75321491731641,898.8023431082188,0.01383785057795084,0.011696541078568766,-1,1,1,0.30000000000000004,False,Trend,MeanReversion,False
2021-09-06 00:00:00+09:00,174415.78125,172306.56171875,182522.60963541668,52.85713499562506,1011.0986142622019,0.013870349723020522,0.011600695900570487,-1,1,1,0.30000000000000004,False,Trend,Trend,False
2021-09-07 00:00:00+09:00,172387.6875,171961.78671875,182191.18671875,50.0,927.1457172044466,0.014008004453217761,0.01167279615636736,-1,1,1,0.30000000000000004,False,Trend,Trend,False
2021-09-08 00:00:00+09:00,172793.3125,171718.4171875,181879.98854166668,60.31751466872767,877.7896854615888,0.013934932183989506,0.011680745105002123,-1,1,1,0.30000000000000004,False,Trend,Trend,False
2021-09-09 00:00:00+09:00,169142.75,171312.79921875,181474.28697916667,61.29028049170703,591.8485528781825,0.014634223101384661,0.01183929943022278,-1,1,1,0.30000000000000004,False,Trend,Trend,False
2021-09-10 00:00:00+09:00,167520.25,170805.7765625,181081.93645833334,54.0983202813445,300.6872374239092,0.014678591850590793,0.011801422119335265,-1,1,1,0.30000000000000004,False,Trend,Trend,False
2021-09-13 00:00:00+09:00,166303.421875,170319.03515625,180689.503125,41.50941339192461,46.72087405743605,0.014642468972277068,0.011807583195655126,-1,1,-1,-0.19999999999999996,False,MeanReversion,Trend,False
2021-09-14 00:00:00+09:00,169548.390625,170156.7890625,180378.08098958334,49.180347538453475,114.01588916964329,0.014946846459471209,0.012098592711456036,-1,1,1,0.30000000000000004,False,Trend,Trend,False
2021-09-15 00:00:00+09:00,169954.0,170035.1046875,179965.70286458332,49.18037963092771,197.68244922745134,0.01496100924977157,0.011181503250753663,-1,-1,1,-0.5,True,Defensive,Trend,False
2021-09-16 00:00:00+09:00,168737.125,170095.9484375,179512.84661458334,49.180317516450486,183.23071647497545,0.013556084719406941,0.011143148698839278,-1,1,1,0.30000000000000004,False,Trend,Trend,False
2021-09-17 00:00:00+09:00,169548.390625,170400.1625,179073.51145833332,48.3334114458106,237.05149908203975,0.012246696971710134,0.011178451012226906,-1,1,1,0.30000000000000004,False,Trend,Trend,False
2021-09-23 00:00:00+09:00,169142.75,170582.69140625,178620.68333333332,42.857211644950354,252.642395022071,0.01202261213818864,0.011163053856093234,-1,1,-1,-0.19999999999999996,False,MeanReversion,Trend,False
2021-09-24 00:00:00+09:00,167925.875,170481.28515625,178174.503125,35.1852723729302,191.10733236361466,0.010531365927045835,0.011154698065296974,-1,1,-1,-0.19999999999999996,False,MeanReversion,Trend,False
2021-09-27 00:00:00+09:00,165492.171875,170258.19375,177694.52239583334,35.84920333811577,6.3662822275473445,0.010983781060621554,0.01126391910710716,-1,1,-1,-0.19999999999999996,False,MeanReversion,Trend,False
2021-09-28 00:00:00+09:00,163464.109375,169913.41953125,177180.740625,25.000222238025813,-220.0409358525094,0.0112123358695781,0.01132661627137486,-1,1,-1,-0.19999999999999996,False,MeanReversion,Trend,False
2021-09-29 00:00:00+09:00,163464.109375,169629.4875,176633.15651041668,23.529562828611205,-330.767331671414,0.011155069374863878,0.011199124390046179,-1,1,-1,-0.19999999999999996,False,MeanReversion,Trend,False
2021-09-30 00:00:00+09:00,162247.21875,169223.86875,176105.85286458334,24.489908225146337,-440.0879997243469,0.011021531934908603,0.011146292758822325,-1,1,-1,-0.19999999999999996,False,MeanReversion,Trend,False
2021-10-01 00:00:00+09:00,156974.1875,168453.19375,175531.22734375,18.032888338785256,-800.6471840152522,0.012439235052962088,0.011741632607995685,-1,1,-1,-0.19999999999999996,False,MeanReversion,Trend,False
2021-10-05 00:00:00+09:00,156974.1875,167581.1140625,174956.60182291668,21.15394872524267,-961.4393222497315,0.011891546113849938,0.011741632607995685,-1,1,-1,-0.19999999999999996,False,MeanReversion,Trend,False
2021-10-06 00:00:00+09:00,157379.796875,166871.2828125,174442.81822916667,24.48988736838878,-960.5159991345367,0.011711703296810146,0.011624275199169037,-1,1,-1,-0.19999999999999996,False,MeanReversion,Trend,False
2021-10-07 00:00:00+09:00,163058.46875,166323.69921875,174057.48125,43.333348313827656,-519.5772197489346,0.014190239735117917,0.01258978357151622,-1,1,-1,-0.19999999999999996,False,MeanReversion,Trend,False
2021-10-08 00:00:00+09:00,166303.421875,165918.08125,173773.54895833333,43.33331193261341,19.90996024803644,0.015055379835490858,0.012781269767319721,-1,1,-1,-0.19999999999999996,False,MeanReversion,MeanReversion,False
2021-10-12 00:00:00+09:00,165897.78125,165593.5859375,173428.77317708332,41.66663456562801,359.8668156135318,0.014895396462661824,0.012531192626617898,-1,1,-1,-0.19999999999999996,False,MeanReversion,MeanReversion,False
2021-10-13 00:00:00+09:00,171170.796875,165512.46015625,173171.88098958333,54.28563567075268,918.5191951667484,0.016635892949390146,0.013244845780213812,-1,1,1,0.30000000000000004,False,Trend,MeanReversion,False
2021-10-14 00:00:00+09:00,169548.390625,165532.7421875,172887.94869791667,50.0,1142.8170054360853,0.016054529236597004,0.013284338163863594,-1,1,1,0.30000000000000004,False,Trend,Trend,False
2021-10-15 00:00:00+09:00,169142.75,165613.8671875,172576.97473958333,50.0,1220.8362158315053,0.015903794927838534,0.01324201995196998,-1,1,1,0.30000000000000004,False,Trend,Trend,False
2021-10-18 00:00:00+09:00,169954.0,165796.39609375,172299.80260416667,53.521187893624315,1277.95752190721,0.015822202748937596,0.013253456159395332,-1,1,1,0.30000000000000004,False,Trend,Trend,False
2021-10-19 00:00:00+09:00,169548.390625,165796.39609375,172049.671875,57.575831859595056,1238.4161869583038,0.015239061456428808,0.01319682488361624,-1,1,1,0.30000000000000004,False,Trend,Trend,False
2021-10-20 00:00:00+09:00,169548.390625,165776.115625,171806.30104166668,62.29509439014255,1163.4238451378071,0.015228705605944616,0.013197659042975613,-1,1,1,0.30000000000000004,False,Trend,Trend,False
2021-10-21 00:00:00+09:00,168331.5,165755.834375,171529.12838541667,59.37493040570838,989.8319263989013,0.015229129697710796,0.013196619597956493,-1,1,1,0.30000000000000004,False,Trend,Trend,False
2021-10-22 00:00:00+09:00,168331.5,165694.98984375,171245.19583333333,62.29509439014255,838.9427678925609,0.015185332048510138,0.01318906728670122,-1,1,1,0.30000000000000004,False,Trend,Trend,False
2021-10-25 00:00:00+09:00,171170.796875,165796.3921875,171049.14661458333,81.8181436150654,889.4782918744289,0.015645455647971183,0.013308295275170311,-1,1,-1,-0.19999999999999996,False,MeanReversion,Trend,False
2021-10-26 00:00:00+09:00,173198.90625,166060.04375,170900.42005208333,83.33331193253098,1009.8183568039657,0.01572249265975674,0.013403815485047927,-1,1,-1,-0.19999999999999996,False,MeanReversion,MeanReversion,False
2021-10-27 00:00:00+09:00,173198.90625,166445.38046875,170744.93307291667,83.05083196495202,1035.8713480250894,0.015265754601242177,0.013398277383583537,-1,1,-1,-0.19999999999999996,False,MeanReversion,MeanReversion,False
2021-10-28 00:00:00+09:00,170359.59375,166790.1546875,170575.92552083332,67.30770370458168,817.902036303993,0.015504205451994327,0.013485614296007547,-1,1,1,0.30000000000000004,False,Trend,MeanReversion,False
2021-10-29 00:00:00+09:00,168737.125,167053.80546875,170386.63723958333,56.24999498417809,534.202545264704,0.015717508865995516,0.013530479124819906,-1,1,1,0.30000000000000004,False,Trend,MeanReversion,False
2021-11-01 00:00:00+09:00,168737.125,167378.30078125,170251.43151041667,57.44687303294167,326.50125692887013,0.015579021423865193,0.013343397474347504,-1,1,1,0.30000000000000004,False,Trend,MeanReversion,False
2021-11-02 00:00:00+09:00,170359.59375,168047.57109375,170116.22552083334,47.36852242511361,280.1202172955993,0.013285253469839413,0.013349017758093957,-1,1,1,0.30000000000000004,False,Trend,MeanReversion,False
2021-11-03 00:00:00+09:00,169142.75,168655.99921875,169913.41640625,48.6485754889355,155.44621375911169,0.013496466533125109,0.013194414196187939,-1,1,1,0.30000000000000004,False,Trend,MeanReversion,False
2021-11-04 00:00:00+09:00,173604.515625,169467.23515625,169764.68958333333,61.70206139347937,350.2766051951861,0.01438119136668749,0.013619029910627628,-1,1,1,0.30000000000000004,False,Trend,Trend,False
2021-11-05 00:00:00+09:00,174415.78125,170035.10078125,169656.525,61.7020927827109,501.38809750699033,0.012459361255762568,0.013595142216159949,1,1,1,1.0,False,Trend,Trend,True
2021-11-08 00:00:00+09:00,174415.78125,170440.71875,169555.12057291667,63.043414543868,564.2600748789371,0.011864259362573317,0.013593653053577232,1,1,1,1.0,False,Trend,Trend,False
2021-11-09 00:00:00+09:00,172793.3125,170785.4953125,169446.95598958334,57.99994915164136,463.70115273430406,0.012109871963576822,0.013617649638683843,1,1,1,1.0,False,Trend,Trend,False
2021-11-10 00:00:00+09:00,169142.75,170684.09296875,169304.99010416667,51.785748679949265,135.49329996755557,0.011095376880064532,0.013837259370854723,1,1,1,1.0,False,Trend,Trend,False
2021-11-11 00:00:00+09:00,166303.421875,170521.84453125,169122.46197916666,46.03176253126818,-266.7330282576813,0.011524272219437701,0.013991842879993454,1,1,-1,0.5,False,Trend,Trend,False
2021-11-12 00:00:00+09:00,168737.125,170501.56328125,168973.73567708334,45.16135846674508,-357.1468600126283,0.012024270744937459,0.014130084021780755,1,1,-1,0.5,False,Trend,Trend,False
2021-11-15 00:00:00+09:00,169548.390625,170481.2828125,168865.57135416666,42.37297541872523,-350.10917833232384,0.012024519345571362,0.01410582309822979,1,1,-1,0.5,False,Trend,Trend,False
2021-11-16 00:00:00+09:00,167520.25,170379.87578125,168777.68697916667,39.06250940463966,-462.7660067503132,0.01231034597476421,0.013988892306213202,1,1,-1,0.5,False,Trend,Trend,False
2021-11-17 00:00:00+09:00,167925.875,170298.75,168703.3234375,44.82757704604897,-488.1674043230685,0.012328431908414665,0.013991843825602463,1,1,-1,0.5,False,Trend,Trend,False
2021-11-18 00:00:00+09:00,166303.421875,170197.34609375,168683.04296875,44.8276068188173,-585.8617807427026,0.01241278003261933,0.01355154447639345,1,1,-1,0.5,False,Trend,Trend,False
2021-11-19 00:00:00+09:00,169954.0,170278.47109375,168791.2078125,52.238839437150936,-385.8988619931705,0.013380468365702778,0.013455104706770686,1,1,-1,0.5,False,Trend,Trend,False
2021-11-22 00:00:00+09:00,177255.109375,170582.68671875,168987.25677083334,60.49382539911268,223.99541379866943,0.015951820473145802,0.014406459616852874,1,1,1,1.0,False,Trend,Trend,False
2021-11-23 00:00:00+09:00,174415.78125,170643.53046875,169061.61979166666,57.647040695814226,411.20549455830314,0.016246969034026927,0.014181391105040114,1,1,1,1.0,False,Trend,Trend,False
2021-11-24 00:00:00+09:00,171982.046875,170582.6875,169095.42057291666,47.50001444549522,348.6182739255564,0.016563653018287793,0.014304143375710739,1,1,1,1.0,False,Trend,Trend,False
2021-11-25 00:00:00+09:00,170359.59375,170582.6875,169095.42057291666,43.90244131596552,183.7233721936558,0.01627373133033244,0.014355304025150001,1,1,-1,0.5,False,Trend,Trend,False
2021-11-26 00:00:00+09:00,166709.046875,170481.28359375,169054.85885416667,39.56046654077364,-166.49888665423032,0.01686195319317222,0.014597851981553226,1,1,-1,0.5,False,Trend,Trend,False
2021-11-29 00:00:00+09:00,162652.84375,170177.06953125,168926.41302083334,37.113406155955204,-640.0300625773064,0.017694474305841475,0.01489845163485166,1,1,-1,0.5,False,Trend,Trend,False
2021-11-30 00:00:00+09:00,158596.65625,169588.92265625,168696.5625,36.73469227316215,-1164.565836988993,0.018218645584099157,0.015134098696238978,1,1,-1,0.5,False,Trend,Trend,False
2021-12-01 00:00:00+09:00,163058.46875,169284.70859375,168507.27395833333,46.07843026178291,-1147.3201320522867,0.0194850635132609,0.015506529021451125,1,1,-1,0.5,False,Trend,Trend,False
2021-12-02 00:00:00+09:00,166709.046875,168939.93515625,168426.15104166666,47.619068583048914,-840.5564482225753,0.01920933990566814,0.015660212365264305,1,1,-1,0.5,False,Trend,Trend,False
2021-12-03 00:00:00+09:00,167114.65625,168574.87890625,168311.22630208332,47.115359328601876,-573.5800899411092,0.019174887148619216,0.01554837850480209,1,1,-1,0.5,False,Trend,Trend,False
2021-12-06 00:00:00+09:00,167520.25,168230.10234375,168196.30078125,50.0,-344.230690466017,0.01919676230891213,0.015548696545586018,1,1,-1,0.5,False,Trend,Trend,False
2021-12-07 00:00:00+09:00,168331.5,168007.01171875,168128.69765625,50.495057812683555,-123.8154087554974,0.01917362356044448,0.015496400085947763,-1,1,-1,-0.19999999999999996,False,MeanReversion,Trend,False
2021-12-08 00:00:00+09:00,168331.5,167966.44921875,168054.33411458333,52.577301982979876,27.95572832629864,0.018584143020228164,0.01549230842428361,-1,1,1,0.30000000000000004,False,Trend,Trend,False
2021-12-09 00:00:00+09:00,167925.875,168047.571875,168034.05286458333,47.190965035521955,102.7961949714113,0.018177063358572786,0.015249944716574064,1,1,1,1.0,False,Trend,Trend,True
2021-12-10 00:00:00+09:00,168331.5,168027.290625,168047.57369791667,34.72222593763493,177.0325333021957,0.01788396244958825,0.015201740631731417,-1,1,-1,-0.19999999999999996,False,MeanReversion,Trend,False
2021-12-13 00:00:00+09:00,169548.390625,168027.290625,168101.65651041668,41.17654389875684,298.3682081541441,0.017926833576382382,0.015197783163035364,-1,1,-1,-0.19999999999999996,False,MeanReversion,MeanReversion,False
2021-12-14 00:00:00+09:00,171170.796875,168209.81796875,168128.69661458334,48.48482195490653,468.06323642733867,0.01781291043553446,0.01504195285419643,1,1,1,1.0,False,Trend,MeanReversion,False
2021-12-15 00:00:00+09:00,169548.390625,168290.94375,168121.93645833334,48.484906850822995,451.03011268714175,0.017965108616122334,0.015090554000137152,1,1,1,1.0,False,Trend,MeanReversion,False
2021-12-16 00:00:00+09:00,169954.0,168473.47265625,168142.21770833334,56.8965849323648,446.2475357951538,0.017806942052945328,0.015064310102291712,1,1,1,1.0,False,Trend,Trend,False
2021-12-17 00:00:00+09:00,169954.0,168473.47265625,168148.97786458334,68.75015047501955,422.4919437828986,0.017132210069066553,0.015051793852473842,1,1,1,1.0,False,Trend,Trend,False
2021-12-20 00:00:00+09:00,166303.421875,167925.88828125,168101.65572916667,70.21289325831185,154.15542872664892,0.0146460613083331,0.015309189435918516,-1,1,-1,-0.19999999999999996,False,MeanReversion,Trend,False
2021-12-21 00:00:00+09:00,166303.421875,167520.2703125,168074.61484375,61.111200281636194,-20.79301093259062,0.014335867797910313,0.015282080681198022,-1,1,-1,-0.19999999999999996,False,MeanReversion,Trend,False
2021-12-22 00:00:00+09:00,167520.25,167297.18046875,168108.41614583333,53.33323060842678,-50.334008182067834,0.014215246314361062,0.015192605148085181,-1,1,-1,-0.19999999999999996,False,MeanReversion,Trend,False
2021-12-23 00:00:00+09:00,169548.390625,167256.6203125,168209.82083333333,58.82366270460368,64.70294011285011,0.014377935394437895,0.015177533738043446,-1,1,1,0.30000000000000004,False,Trend,Trend,False
2021-12-24 00:00:00+09:00,174821.375,167662.23671875,168399.10859375,69.56530841597342,471.25899330535674,0.01501716577787338,0.01566391053186795,-1,1,1,0.30000000000000004,False,Trend,Trend,False
2021-12-27 00:00:00+09:00,173198.90625,168189.53984375,168581.63671875,62.50004012673629,598.095429700383,0.013918078332358853,0.015682939205850704,-1,1,1,0.30000000000000004,False,Trend,Trend,False
2021-12-28 00:00:00+09:00,173604.515625,168939.9328125,168858.80885416668,63.265333397274084,671.0240812838007,0.012219142464004308,0.015029501488649873,1,1,1,1.0,False,Trend,Trend,True
2021-12-29 00:00:00+09:00,175257.90625,169549.9046875,169163.5375,67.35561460142557,784.4424220047648,0.011015288809464325,0.015061345116271998,1,1,1,1.0,False,Trend,Trend,False
2021-12-30 00:00:00+09:00,172777.875,169853.34609375,169420.17213541668,59.5838020247469,651.720108034554,0.010796268018335936,0.015203341639258747,1,1,1,1.0,False,Trend,Trend,False
2022-01-04 00:00:00+09:00,173604.515625,170177.8390625,169595.93958333333,58.89224432639515,581.2177953707745,0.010816296021600533,0.01454590364788257,1,1,1,1.0,False,Trend,Trend,False
2022-01-05 00:00:00+09:00,176497.9375,170626.7234375,169765.84817708333,61.062207048804055,683.9820599267392,0.011300927758536939,0.014482490939052227,1,1,1,1.0,False,Trend,Trend,False
2022-01-06 00:00:00+09:00,176911.28125,171055.7125,169949.40651041668,66.09793942275962,730.1276603020135,0.01128888514115703,0.014476430052272145,1,1,1,1.0,False,Trend,Trend,False
2022-01-07 00:00:00+09:00,177738.0,171526.0375,170058.85989583333,66.7109226671676,763.083268384127,0.011282990504391723,0.013932256015246934,1,1,1,1.0,False,Trend,Trend,False
2022-01-10 00:00:00+09:00,173191.203125,171789.30390625,170119.5734375,55.814578755195576,441.3796225975484,0.012946691425263475,0.014290749948818621,1,1,1,1.0,False,Trend,Trend,False
2022-01-11 00:00:00+09:00,174017.890625,172073.6234375,170200.82578125,65.4208800901529,256.1638900112207,0.012965633936081937,0.014297279141226296,1,1,1,1.0,False,Trend,Trend,False
2022-01-12 00:00:00+09:00,174844.546875,172338.43125,170282.33489583334,66.52712454542487,165.61960834121965,0.01292183517703935,0.014297047209594172,1,1,1,1.0,False,Trend,Trend,False
2022-01-13 00:00:00+09:00,173604.515625,172460.1171875,170349.93697916667,61.76252562337371,6.8913901972568965,0.012916337418589822,0.014326090528668633,1,1,1,1.0,False,Trend,Trend,False
2022-01-14 00:00:00+09:00,172777.875,172621.59140625,170403.76171875,56.54764431541926,-159.88648584579232,0.012761069977762222,0.014341558992721522,1,1,-1,0.5,False,Trend,Trend,False
2022-01-17 00:00:00+09:00,169471.109375,172597.446875,170422.75520833334,38.21278312528873,-480.87832949546555,0.013531970300773057,0.014533339027039521,1,1,-1,0.5,False,Trend,Trend,False
2022-01-18 00:00:00+09:00,167404.375,172469.965625,170407.303125,37.47911779521731,-801.4696611414686,0.013800663967465437,0.014621012377345366,1,1,-1,0.5,False,Trend,Trend,False
2022-01-19 00:00:00+09:00,165751.0,172442.34453125,170316.97317708333,33.89830617068485,-1076.7976911578207,0.0130919932644758,0.014505790072177,1,1,-1,0.5,False,Trend,Trend,False
2022-01-20 00:00:00+09:00,166991.03125,172476.725,170213.50859375,32.758575741301726,-1122.2177432147364,0.013202594603079347,0.01445420672178467,1,1,-1,0.5,False,Trend,Trend,False
2022-01-21 00:00:00+09:00,165337.65625,172367.5953125,170082.48776041667,33.92848222856148,-1203.247600674833,0.013278344353568205,0.014504104480270192,1,1,-1,0.5,False,Trend,Trend,False
2022-01-24 00:00:00+09:00,162857.609375,172033.05625,169957.4546875,28.33339633577782,-1352.3630983938929,0.01330041538502286,0.01447917027417129,1,1,-1,0.5,False,Trend,Trend,False
2022-01-25 00:00:00+09:00,160790.875,171331.53125,169825.0171875,17.241379310344826,-1506.8775283643045,0.011043840777573187,0.014518076975844245,1,1,-1,0.5,False,Trend,Trend,False
2022-01-26 00:00:00+09:00,160790.875,170711.1296875,169692.5796875,15.78947368421052,-1521.3473644918529,0.011012151668234002,0.014518076975844245,1,1,-1,0.5,False,Trend,Trend,False
2022-01-27 00:00:00+09:00,154177.375,169739.77265625,169422.87604166666,9.859058944794896,-1865.87209087071,0.013831270199632732,0.015393677729072823,1,1,-1,0.5,False,Trend,Trend,False
2022-01-28 00:00:00+09:00,154177.375,168685.74609375,169173.453125,11.666562712436757,-1972.897453196107,0.01343198292330375,0.01537803824363707,-1,1,-1,-0.19999999999999996,False,MeanReversion,Trend,False
2022-02-03 00:00:00+09:00,158310.8125,167962.39296875,168918.55807291667,22.058749136262847,-1657.1694117576762,0.01515467340421835,0.015390888544008783,-1,1,-1,-0.19999999999999996,False,MeanReversion,Trend,False
2022-02-04 00:00:00+09:00,157070.78125,167135.70625,168629.47473958333,18.84059003191213,-1432.1639105044587,0.015016108641609575,0.015390328465398803,-1,1,-1,-0.19999999999999996,False,MeanReversion,Trend,False
2022-02-07 00:00:00+09:00,154177.375,166019.678125,168292.16796875,17.808228399687025,-1378.0670386968404,0.01440662582187074,0.01554102526639441,-1,1,-1,-0.19999999999999996,False,MeanReversion,Trend,False
2022-02-08 00:00:00+09:00,154177.375,164882.9828125,167981.90234375,18.30983965806213,-1246.1369113004293,0.01433819730157895,0.015513530096337082,-1,1,-1,-0.19999999999999996,False,MeanReversion,Trend,False
2022-02-09 00:00:00+09:00,154177.375,163704.9515625,167732.47942708334,20.634908253495297,-1069.4982043756254,0.014177716974865877,0.01530320047643043,-1,1,-1,-0.19999999999999996,False,MeanReversion,Trend,False
2022-02-10 00:00:00+09:00,153350.65625,162712.92421875,167516.6,21.666639365641785,-924.4183753643715,0.013470182845660837,0.015178515270192984,-1,1,-1,-0.19999999999999996,False,MeanReversion,Trend,False
2022-02-11 00:00:00+09:00,151283.96875,161576.228125,167225.7140625,21.311475409836078,-883.749336365946,0.01331614521754095,0.015113577324206592,-1,1,-1,-0.19999999999999996,False,MeanReversion,Trend,False
2022-02-14 00:00:00+09:00,145910.46875,160129.52421875,166831.74869791666,14.084492044663193,-1119.673700932426,0.014506320404208559,0.015722533357149238,-1,1,-1,-0.19999999999999996,False,MeanReversion,Trend,False
2022-02-15 00:00:00+09:00,149217.25,158910.1609375,166526.69869791667,24.000052417928146,-960.0866738052673,0.016125101218434097,0.01599506884985257,-1,1,-1,-0.19999999999999996,False,MeanReversion,Trend,False
2022-02-16 00:00:00+09:00,150457.25,157794.1296875,166235.55494791668,29.166620727456575,-690.675503622515,0.016503711904255584,0.0160398590813198,-1,1,-1,-0.19999999999999996,False,MeanReversion,Trend,False
2022-02-17 00:00:00+09:00,151697.296875,156905.4390625,165992.11953125,34.285712742799774,-364.97448630652434,0.016562430761780208,0.016057477619174303,-1,1,-1,-0.19999999999999996,False,MeanReversion,Trend,False
2022-02-18 00:00:00+09:00,151697.296875,156120.08515625,165687.84114583334,34.285712742799774,-99.37091275195962,0.016527219978971906,0.015766746265060604,-1,1,-1,-0.19999999999999996,False,MeanReversion,Trend,False
2022-02-21 00:00:00+09:00,151697.296875,155417.4,165261.87760416666,44.44442111025475,114.86785552991387,0.016518218737470145,0.014676616024952061,-1,1,-1,-0.19999999999999996,False,MeanReversion,MeanReversion,False
2022-02-22 00:00:00+09:00,151697.296875,154652.71328125,164883.23619791667,44.44442111025475,285.41960164427474,0.016318879496876687,0.01457155715205583,-1,1,-1,-0.19999999999999996,False,MeanReversion,MeanReversion,False
2022-02-23 00:00:00+09:00,151697.296875,153970.6953125,164545.15703125,31.818185723281943,418.99803526099004,0.016305354708637466,0.01449260860570266,-1,1,-1,-0.19999999999999996,False,MeanReversion,MeanReversion,False
2022-02-24 00:00:00+09:00,143017.0625,152978.66796875,164089.44817708334,22.58065106160892,-32.50734980107154,0.020289700163585132,0.016222292206746345,-1,1,-1,-0.19999999999999996,False,MeanReversion,MeanReversion,True
2022-02-25 00:00:00+09:00,143843.78125,152131.31328125,163708.36041666666,28.070262699252723,-220.27764980427128,0.020410905118027258,0.016070821418661934,-1,1,-1,-0.19999999999999996,False,MeanReversion,MeanReversion,True
2022-02-28 00:00:00+09:00,143843.78125,151283.95859375,163394.87604166666,28.070262699252723,-285.15788042612076,0.020410905118027258,0.015807254376321297,-1,1,-1,-0.19999999999999996,False,MeanReversion,MeanReversion,False
2022-03-02 00:00:00+09:00,140950.359375,150622.6078125,163100.77109375,25.000073830684386,-453.61335944773055,0.018893466795849002,0.015696938690622594,-1,1,-1,-0.19999999999999996,False,MeanReversion,MeanReversion,True
2022-03-03 00:00:00+09:00,146737.171875,150250.59765625,162828.74947916667,39.47373525808639,-123.17092720550863,0.021375251454970528,0.016173248597824826,-1,-1,-1,-1.0,True,Defensive,MeanReversion,False
2022-03-04 00:00:00+09:00,146737.171875,149671.915625,162495.88489583333,42.253523376393126,133.6285889870196,0.020281342398673494,0.015868432631285234,-1,1,-1,-0.19999999999999996,False,MeanReversion,MeanReversion,False
2022-03-07 00:00:00+09:00,138883.609375,148762.55703125,162025.36744791668,38.96105234994219,-170.69228086057046,0.023294694901239664,0.01726030518661909,-1,-1,-1,-1.0,True,Defensive,MeanReversion,True
2022-03-08 00:00:00+09:00,138883.609375,147997.86875,161548.09010416668,31.88402541785571,-309.1744814743379,0.02314262386433874,0.01725002757533415,-1,-1,-1,-1.0,True,Defensive,MeanReversion,True
2022-03-10 00:00:00+09:00,138883.609375,147233.18046875,161057.29192708334,28.787935194799914,-335.7480800712783,0.02314262386433874,0.01722351926446635,-1,-1,-1,-1.0,True,Defensive,MeanReversion,True
2022-03-11 00:00:00+09:00,138883.609375,146468.4921875,160566.49375,25.396853969259723,-290.02126521536684,0.02314262386433874,0.01722351926446635,-1,-1,-1,-1.0,True,Defensive,MeanReversion,True
2022-03-14 00:00:00+09:00,135990.203125,145600.46953125,160034.23255208333,22.85717680120706,-385.3644373154575,0.023412005013980997,0.017376427545014048,-1,-1,-1,-1.0,True,Defensive,MeanReversion,True
2022-03-15 00:00:00+09:00,135990.203125,144835.78125,159495.2109375,22.85717680120706,-378.6007467768768,0.023377931372046527,0.017365264636289762,-1,-1,-1,-1.0,True,Defensive,MeanReversion,True
2022-03-16 00:00:00+09:00,135990.203125,144339.76796875,158935.9078125,22.85717680120706,-307.3301090245577,0.02223809570852407,0.01731444774032229,-1,1,-1,-0.19999999999999996,False,MeanReversion,MeanReversion,True
2022-03-17 00:00:00+09:00,135990.203125,143678.415625,158349.56458333333,22.85717680120706,-198.66342358108795,0.021412013384934543,0.01723486419197982,-1,1,-1,-0.19999999999999996,False,MeanReversion,MeanReversion,True
2022-03-18 00:00:00+09:00,141363.671875,143223.73671875,157879.81927083334,46.77417289728458,271.1209092092631,0.023374260087718826,0.01807136968835487,-1,1,1,0.30000000000000004,False,Trend,MeanReversion,False
2022-03-21 00:00:00+09:00,141363.671875,142707.05546875,157403.31380208334,44.99991494686069,599.0797547221791,0.02323659969705368,0.01806185464380841,-1,1,-1,-0.19999999999999996,False,MeanReversion,MeanReversion,False
2022-03-22 00:00:00+09:00,143430.40625,142293.7109375,156961.25390625,49.23071286421629,951.481723419547,0.02357672593125777,0.01820032930873621,-1,1,1,0.30000000000000004,False,Trend,MeanReversion,False
2022-03-23 00:00:00+09:00,145497.15625,141983.70390625,156614.4828125,58.730162539818934,1298.563052509524,0.023881277601730425,0.018160844105159023,-1,-1,1,-0.5,True,Defensive,MeanReversion,False
2022-03-24 00:00:00+09:00,145497.15625,141673.696875,156267.71171875,46.938825890973284,1489.2600864117894,0.023881277601730425,0.018160844105159023,-1,-1,1,-0.5,True,Defensive,Defensive,False
2022-03-25 00:00:00+09:00,143843.78125,141281.02109375,155873.10390625,43.396285626863765,1463.0329652308055,0.023965308860601147,0.018155350490879532,-1,-1,-1,-1.0,True,Defensive,Defensive,False
2022-03-28 00:00:00+09:00,144257.109375,141343.0234375,155451.58255208333,68.57149645963028,1430.7744723666865,0.019981901361170642,0.01806900663632873,-1,1,1,0.30000000000000004,False,Trend,Defensive,False
2022-03-29 00:00:00+09:00,145910.46875,141446.3578125,154969.73411458332,71.79489913318413,1472.301549076722,0.02010033955634207,0.017633285649644875,-1,1,-1,-0.19999999999999996,False,MeanReversion,Defensive,False
2022-03-30 00:00:00+09:00,149630.578125,141735.69765625,154576.92864583334,77.08336942842698,1686.4385569992078,0.020828479224545775,0.017983037735277527,-1,1,-1,-0.19999999999999996,False,MeanReversion,MeanReversion,False
2022-03-31 00:00:00+09:00,149217.25,142149.0421875,154170.47421875,75.51030012027029,1729.90865060655,0.020200036819740943,0.01797212667893825,-1,1,-1,-0.19999999999999996,False,MeanReversion,MeanReversion,False
2022-04-01 00:00:00+09:00,147150.515625,142169.709375,153702.01770833333,78.72343848022263,1554.6699185950913,0.018482520450034595,0.01796143253799749,-1,1,-1,-0.19999999999999996,False,MeanReversion,MeanReversion,False
2022-04-04 00:00:00+09:00,147150.515625,142190.3765625,153274.89505208333,78.72343848022263,1379.8857880024286,0.018482520450034595,0.017903087753907886,-1,1,-1,-0.19999999999999996,False,MeanReversion,MeanReversion,False
2022-04-05 00:00:00+09:00,147977.203125,142645.05625,152847.77317708332,79.59186822274751,1264.1612918389253,0.013169708069165035,0.017909254578706676,-1,1,-1,-0.19999999999999996,False,MeanReversion,MeanReversion,False
2022-04-06 00:00:00+09:00,148803.875,143141.06953125,152386.20546875,80.3921713961702,1188.6384232263167,0.013158016515663305,0.017765522119181802,-1,1,-1,-0.19999999999999996,False,MeanReversion,MeanReversion,False
2022-04-07 00:00:00+09:00,147563.84375,143575.08125,151897.08151041667,68.29271216053623,1007.6708768504042,0.013404232710774799,0.01776634582342398,-1,1,1,0.30000000000000004,False,Trend,MeanReversion,False
2022-04-08 00:00:00+09:00,145910.46875,143926.42421875,151366.62265625,62.2222539567602,741.4239488332075,0.013770141492902739,0.017768578025158615,-1,1,1,0.30000000000000004,False,Trend,MeanReversion,False
2022-04-11 00:00:00+09:00,148390.59375,144546.44375,150953.27916666667,63.0435997396638,697.7831186945418,0.012946451778792101,0.017703281482298706,-1,1,1,0.30000000000000004,False,Trend,MeanReversion,False
2022-04-12 00:00:00+09:00,147150.515625,145104.459375,150505.48958333334,54.54539206395981,556.9501412991095,0.013228235470441883,0.017692316771764145,-1,1,1,0.30000000000000004,False,Trend,MeanReversion,False
2022-04-13 00:00:00+09:00,149630.578125,145786.478125,150085.25677083334,59.999924397352395,598.7229880477078,0.013491296701869318,0.01784561572118834,-1,1,1,0.30000000000000004,False,Trend,MeanReversion,False
2022-04-14 00:00:00+09:00,146737.171875,146323.8265625,149637.46770833334,56.603714373136235,408.4729930329702,0.014522485867234043,0.01797037860449551,-1,1,1,0.30000000000000004,False,Trend,MeanReversion,False
2022-04-15 00:00:00+09:00,146323.84375,146571.83515625,149196.5671875,54.71699997218392,240.11059438837094,0.012015573847064228,0.017968517190883444,-1,1,1,0.30000000000000004,False,Trend,MeanReversion,False
2022-04-18 00:00:00+09:00,147563.84375,146881.84375,148831.44609375,53.846142662320474,199.25703010550689,0.012099705529561279,0.017892293471412333,-1,1,1,0.30000000000000004,False,Trend,MeanReversion,False
2022-04-19 00:00:00+09:00,149630.578125,147191.85234375,148535.21614583334,50.0,292.7712536240675,0.01206784028477914,0.017964264625245963,-1,1,1,0.30000000000000004,False,Trend,Trend,False
2022-04-20 00:00:00+09:00,151283.96875,147481.19296875,148294.09895833334,54.901938984256866,438.55651589099625,0.011913273120442956,0.018008180337677437,-1,1,1,0.30000000000000004,False,Trend,Trend,False
2022-04-21 00:00:00+09:00,151283.96875,147770.53359375,148032.31458333333,60.86956164448853,502.94686216423906,0.011913273120442956,0.017970884642416907,-1,1,1,0.30000000000000004,False,Trend,Trend,False
2022-04-22 00:00:00+09:00,148803.875,148018.53828125,147756.7515625,53.84609792710897,353.5248968142041,0.012264193008223243,0.018042341690283608,1,1,1,1.0,False,Trend,Trend,True
2022-04-25 00:00:00+09:00,150457.25,148328.5453125,147550.07890625,55.555493331223936,340.90502744101104,0.012440563562179173,0.018030199264833117,1,1,1,1.0,False,Trend,Trend,False
2022-04-26 00:00:00+09:00,154590.703125,148762.55703125,147446.74270833333,61.29029111237522,572.1874164422275,0.013507905946077411,0.018333245359659814,1,1,1,1.0,False,Trend,Trend,False
2022-04-27 00:00:00+09:00,154590.703125,149010.56328125,147343.40651041668,64.40672862227262,679.1273580120828,0.012453618695009,0.018333245359659814,1,1,1,1.0,False,Trend,Trend,False
2022-04-28 00:00:00+09:00,155830.734375,149341.2375,147370.9625,70.68956640016789,780.1139228121431,0.012485947686743592,0.017541233508638114,1,1,-1,0.5,False,Trend,Trend,False
2022-04-29 00:00:00+09:00,153764.015625,149671.9125,147364.07317708334,61.40337148173963,659.2680465298095,0.012446108123015475,0.017627997497244766,1,1,1,1.0,False,Trend,Trend,False
2022-05-02 00:00:00+09:00,154590.703125,150043.921875,147302.07135416666,66.07140687418743,588.8646564248413,0.012454013663390811,0.017297755834000637,1,1,1,1.0,False,Trend,Trend,False
2022-05-03 00:00:00+09:00,151697.296875,150229.9265625,147212.51328125,54.385959094888186,315.01846749307015,0.013304859523007175,0.017436519601343212,1,1,1,1.0,False,Trend,Trend,False
2022-05-04 00:00:00+09:00,152110.625,150395.2640625,147178.06744791666,62.74505153225538,138.32381520078502,0.013271268689458098,0.017279737904103445,1,1,1,1.0,False,Trend,Trend,False
2022-05-06 00:00:00+09:00,150870.609375,150560.60234375,147122.9546875,60.37731542733815,-74.04331398407112,0.013264467790965248,0.01731021751096922,1,1,-1,0.5,False,Trend,Trend,False
2022-05-10 00:00:00+09:00,149217.25,150725.94140625,147040.2859375,53.703768520942674,-323.8464975511972,0.013252379091246705,0.017364688156920213,1,1,-1,0.5,False,Trend,Trend,False
2022-05-11 00:00:00+09:00,151283.96875,150870.61015625,147005.84114583334,53.70373611234588,-345.8739722534385,0.013075647612257558,0.01744991255982923,1,1,-1,0.5,False,Trend,Trend,False
2022-05-12 00:00:00+09:00,149217.25,150973.946875,146971.39583333334,45.45454545454546,-486.9793368058288,0.013330184015859628,0.01745235053223685,1,1,-1,0.5,False,Trend,Trend,False
2022-05-13 00:00:00+09:00,154177.375,151201.28671875,147109.17760416667,55.223880597014926,-245.77676286768246,0.014745353749922816,0.017312873539484713,1,1,-1,0.5,False,Trend,Trend,False
2022-05-16 00:00:00+09:00,152110.625,151469.959375,147157.40052083333,56.060606060606055,-225.4737885940715,0.014349152533330231,0.017177435556156383,1,1,-1,0.5,False,Trend,Trend,False
2022-05-17 00:00:00+09:00,153350.65625,151821.3,147205.62395833334,55.38461538461538,-133.1457648103601,0.014372304096874514,0.017176218309121923,1,1,-1,0.5,False,Trend,Trend,False
2022-05-18 00:00:00+09:00,153350.65625,152110.640625,147233.17994791668,47.27269103327975,-79.3462542276186,0.014307726012943934,0.017144966292937283,1,1,-1,0.5,False,Trend,Trend,False
2022-05-19 00:00:00+09:00,150457.25,152151.97421875,147212.5125,41.93544846894821,-236.98550972912426,0.014745847654905787,0.017323791324205456,1,1,-1,0.5,False,Trend,Trend,False
2022-05-20 00:00:00+09:00,154177.375,152296.64453125,147253.84713541667,47.05885295960304,-96.28652542866371,0.015544058335168908,0.01761163836253201,1,1,-1,0.5,False,Trend,Trend,False
2022-05-23 00:00:00+09:00,155417.40625,152503.31640625,147315.84895833334,53.03032993215786,65.97508185082893,0.015621381894791871,0.017639896204244863,1,1,1,1.0,False,Trend,Trend,False
2022-05-24 00:00:00+09:00,152937.34375,152709.98984375,147336.51640625,47.14288568680637,-4.312360966674305,0.015594968831180153,0.017767916116892643,1,1,-1,0.5,False,Trend,Trend,False
2022-05-25 00:00:00+09:00,151697.296875,152771.9921875,147481.18697916667,50.0,-137.52773023632608,0.015558389811700126,0.01603165092100483,1,1,-1,0.5,False,Trend,Trend,False
2022-05-26 00:00:00+09:00,152110.625,152647.98828125,147618.96770833334,50.0,-197.37375147389366,0.014257743378655255,0.01602107688873472,1,1,-1,0.5,False,Trend,Trend,False
2022-05-27 00:00:00+09:00,153350.65625,152585.9859375,147777.415625,54.545418097822,-154.88794262878696,0.014396887008405471,0.016047343895064247,1,1,-1,0.5,False,Trend,Trend,False
2022-05-30 00:00:00+09:00,155004.046875,152544.6515625,148011.64375,60.60600159567552,-23.757050907516827,0.014493447558380255,0.015845294263305935,1,1,-1,0.5,False,Trend,Trend,False
2022-05-31 00:00:00+09:00,156657.40625,152689.32109375,148176.98098958333,59.99991858164575,156.11291621496116,0.014344436395312065,0.01506272342474933,1,1,1,1.0,False,Trend,Trend,False
2022-06-02 00:00:00+09:00,155004.046875,152709.98828125,148314.76223958333,60.93745108705604,145.71963222698696,0.014528262099774845,0.01513783359131058,1,1,1,1.0,False,Trend,Trend,False
2022-06-03 00:00:00+09:00,154590.703125,152854.65859375,148576.54713541668,50.94335854614444,95.42063734243743,0.013846896870688474,0.01325128753853609,1,1,1,1.0,False,Trend,Trend,False
2022-06-07 00:00:00+09:00,151697.296875,152833.9921875,148790.10859375,49.0909440806724,-135.74300540892978,0.014527741628204948,0.013516287212141896,1,1,-1,0.5,False,Trend,Trend,False
2022-06-08 00:00:00+09:00,151283.96875,152854.66015625,148996.78125,45.2830901914466,-309.56894758978945,0.014419446603026173,0.013525905758825804,1,1,-1,0.5,False,Trend,Trend,False
2022-06-09 00:00:00+09:00,150870.609375,152937.328125,149196.56458333333,44.44448333481506,-437.6409107970603,0.014199431135608466,0.013535401612123455,1,1,-1,0.5,False,Trend,Trend,False
2022-06-10 00:00:00+09:00,152523.984375,152999.32890625,149472.12760416666,54.90199421119146,-397.42979073986,0.014073447833823244,0.01326367324094078,1,1,-1,0.5,False,Trend,Trend,False
2022-06-13 00:00:00+09:00,144670.4375,152771.98828125,149616.79817708334,31.147479013989027,-859.6537489113766,0.01824392289740873,0.015030894225821087,1,1,-1,0.5,False,Trend,Trend,False
2022-06-14 00:00:00+09:00,141777.046875,152151.971875,149713.24557291667,24.615340774604846,-1294.058827825991,0.01679466595674058,0.015278626390569622,1,1,-1,0.5,False,Trend,Trend,False
2022-06-15 00:00:00+09:00,143843.78125,151738.6296875,149844.13854166667,32.8125,-1368.762328533172,0.017140071630882655,0.015381365357107765,1,1,-1,0.5,False,Trend,Trend,False
2022-06-16 00:00:00+09:00,143017.0625,151221.95,149871.69505208332,33.333313332569304,-1395.629500233318,0.01695496530209477,0.014579014939675216,1,1,-1,0.5,False,Trend,Trend,False
2022-06-17 00:00:00+09:00,140537.0,150581.2671875,149857.9171875,29.4117875960184,-1493.4369797937898,0.017214770019695003,0.014756787116127951,1,1,-1,0.5,False,Trend,Trend,False
2022-06-20 00:00:00+09:00,140950.359375,150105.92265625,149816.58307291666,27.2727949611877,-1442.5259708116464,0.016927208798513046,0.014637698894709037,1,1,-1,0.5,False,Trend,Trend,False
2022-06-21 00:00:00+09:00,142603.734375,149527.240625,149768.359375,27.272753306765424,-1218.6472248187843,0.016046087573461706,0.014596922783502974,-1,1,-1,-0.19999999999999996,False,MeanReversion,Trend,False
2022-06-22 00:00:00+09:00,141777.046875,148845.22265625,149706.35755208333,21.875079368173232,-1053.5859973559554,0.0158018263087616,0.01461395034263328,-1,1,-1,-0.19999999999999996,False,MeanReversion,Trend,False
2022-06-23 00:00:00+09:00,141363.671875,148266.5390625,149665.02239583334,22.950858276011658,-905.2652595343061,0.015570374664360126,0.014546556340495774,-1,1,-1,-0.19999999999999996,False,MeanReversion,Trend,False
2022-06-24 00:00:00+09:00,143017.0625,147832.52734375,149644.35494791667,28.125060910314616,-641.2529179786184,0.015913015622912422,0.014622547888067786,-1,1,-1,-0.19999999999999996,False,MeanReversion,MeanReversion,False
2022-06-27 00:00:00+09:00,151283.96875,147791.19453125,149733.91328125,49.350676765995715,104.95337819603992,0.020690465232186782,0.016272434711745092,-1,1,1,0.30000000000000004,False,Trend,MeanReversion,False
2022-06-28 00:00:00+09:00,153764.015625,147811.8625,149802.80390625,53.6584983567955,744.7290802510383,0.020942797755250302,0.016083846403498744,-1,-1,1,-0.5,True,Defensive,MeanReversion,False
2022-06-29 00:00:00+09:00,145868.046875,147355.0625,149746.98385416667,43.95489032990902,620.387583193927,0.023856252248048857,0.01748505214575538,-1,-1,-1,-1.0,True,Defensive,Defensive,False
2022-06-30 00:00:00+09:00,150023.8125,147023.3828125,149794.87213541666,47.151082318446505,791.329959853789,0.02468834957691028,0.01777203225428464,-1,-1,1,-0.5,True,Defensive,Defensive,False
2022-07-01 00:00:00+09:00,149608.234375,146753.5921875,149835.83411458333,56.7749899560381,844.8533864261381,0.0246092977363307,0.01777649237484857,-1,-1,1,-0.5,True,Defensive,Defensive,False
2022-07-04 00:00:00+09:00,147945.890625,146421.3515625,149835.31223958332,58.759995739884445,740.4838421229485,0.024698931248879608,0.017823166820886548,-1,-1,1,-0.5,True,Defensive,Defensive,False
2022-07-05 00:00:00+09:00,147530.3125,146213.00234375,149814.08619791668,55.49258631912118,620.4992236000237,0.024386536199754786,0.01781158351999263,-1,-1,1,-0.5,True,Defensive,Defensive,False
2022-07-06 00:00:00+09:00,143374.546875,145817.53125,149744.26458333334,50.48455108234551,256.91289930385415,0.025134335542787427,0.01815736665024648,-1,-1,1,-0.5,True,Defensive,Defensive,False
2022-07-07 00:00:00+09:00,145452.46875,145546.62421875,149736.63125,56.73609100735384,156.93535784952712,0.025422547213525815,0.018201065290740552,-1,-1,1,-0.5,True,Defensive,Defensive,False
2022-07-08 00:00:00+09:00,147945.890625,145317.71953125,149729.21953125,59.069528310142644,253.58223434873412,0.02561903816991136,0.018203318105380666,-1,-1,1,-0.5,True,Defensive,Defensive,False
2022-07-11 00:00:00+09:00,148777.0625,145523.05078125,149756.32864583333,58.177910267837,361.7442209183324,0.022611667003469907,0.018184265865035673,-1,1,1,0.30000000000000004,False,Trend,Defensive,False
2022-07-12 00:00:00+09:00,148777.0625,145873.0515625,149742.10338541667,59.48068800860709,417.5856897838855,0.022039871104295575,0.01805430262656029,-1,1,1,0.30000000000000004,False,Trend,Defensive,False
2022-07-13 00:00:00+09:00,152517.28125,146306.7265625,149838.43854166666,63.857454182894145,675.4466302339248,0.022455945904931125,0.01815301107218993,-1,1,1,0.30000000000000004,False,Trend,Trend,False
2022-07-14 00:00:00+09:00,151686.140625,146740.18046875,149927.81015625,60.99527664915971,753.1390098295849,0.02244994336377348,0.018164767399595973,-1,1,1,0.30000000000000004,False,Trend,Trend,False
2022-07-15 00:00:00+09:00,152517.28125,147339.19453125,150010.36744791668,51.927890467918644,818.1988128429772,0.021930982878765694,0.0181470627341122,-1,1,1,0.30000000000000004,False,Trend,Trend,False
2022-07-18 00:00:00+09:00,154179.59375,148000.65625,150086.184375,50.666667335080234,923.108825902452,0.02198025348404481,0.018113072496537028,-1,1,1,0.30000000000000004,False,Trend,Trend,False
2022-07-19 00:00:00+09:00,156673.03125,148704.12109375,150176.00208333333,70.96768911790159,1098.433126452284,0.02207715205643196,0.018174326210088923,-1,1,-1,-0.19999999999999996,False,MeanReversion,Trend,False
2022-07-20 00:00:00+09:00,157088.625,149469.7,150272.74635416668,66.03771175619306,1173.594263516663,0.021945646329599888,0.018176102687893627,-1,1,1,0.30000000000000004,False,Trend,Trend,False
2022-07-21 00:00:00+09:00,157088.625,150255.94765625,150410.82552083334,67.30766866973767,1152.8379182460062,0.021898953391098066,0.01803637969747281,-1,1,1,0.30000000000000004,False,Trend,Trend,False
2022-07-22 00:00:00+09:00,158750.96875,151042.64296875,150549.05416666667,75.0001265325807,1176.5097789715637,0.0218835103873967,0.018031516507419857,1,1,-1,0.5,False,Trend,Trend,True
2022-07-25 00:00:00+09:00,162906.765625,151623.7828125,150687.65520833334,80.32799212532906,1383.2323099496643,0.019028427466149304,0.01800116866859215,1,1,-1,0.5,False,Trend,Trend,False
2022-07-26 00:00:00+09:00,162906.765625,152080.9203125,150826.25625,96.0785079855623,1425.4848039978358,0.018809680827159128,0.01800116866859215,1,1,-1,0.5,False,Trend,Trend,False
2022-07-27 00:00:00+09:00,162906.765625,152932.85625,150944.19010416666,95.6522520946724,1359.1867514412943,0.01357202203128156,0.017977171145059607,1,1,-1,0.5,False,Trend,Trend,False
2022-07-28 00:00:00+09:00,162075.578125,153535.44453125,151082.71614583334,90.47613505950346,1172.1844667275836,0.012666873522655277,0.01789902407151707,1,1,-1,0.5,False,Trend,Trend,False
2022-07-29 00:00:00+09:00,162906.765625,154200.37109375,151221.3171875,90.47614358518959,1022.7473198793682,0.012571782519956411,0.01789800495648478,1,1,-1,0.5,False,Trend,Trend,False
2022-08-01 00:00:00+09:00,162906.765625,154948.41484375,151408.14166666666,90.47614358518959,849.3135233915714,0.01208893317579701,0.01770954277726179,1,1,-1,0.5,False,Trend,Trend,False
2022-08-02 00:00:00+09:00,163322.34375,155738.01640625,151595.00364583332,88.23523557395649,694.5162457526576,0.011969709467460113,0.017709302789560358,1,1,-1,0.5,False,Trend,Trend,False
2022-08-03 00:00:00+09:00,163737.921875,156756.18515625,151809.45885416667,93.93920059792231,557.9317631527756,0.009024575774224398,0.01766719385441469,1,1,-1,0.5,False,Trend,Trend,False
2022-08-04 00:00:00+09:00,163322.34375,157649.67890625,152044.54375,90.62483110291267,385.6086024272795,0.00905348477792822,0.017600250896872185,1,1,-1,0.5,False,Trend,Trend,False
2022-08-05 00:00:00+09:00,161660.0,158335.384375,152217.47760416666,78.12473563996278,119.47404594042882,0.00932325760007978,0.01758969263292964,1,1,-1,0.5,False,Trend,Trend,False
2022-08-08 00:00:00+09:00,162906.765625,159041.86953125,152445.63619791667,75.86192590671897,-6.128204178564829,0.009348567311679863,0.01750021281179617,1,1,-1,0.5,False,Trend,Trend,False
2022-08-09 00:00:00+09:00,160828.84375,159644.45859375,152556.49401041667,63.636218631581585,-249.22307148718255,0.010087896900893073,0.017105526207926908,1,1,-1,0.5,False,Trend,Trend,False
2022-08-10 00:00:00+09:00,159997.6875,160018.47890625,152687.94505208332,59.99991406239929,-473.08290109217523,0.008981390045863598,0.017022018629365147,1,1,-1,0.5,False,Trend,Trend,False
2022-08-11 00:00:00+09:00,160413.25,160454.834375,152805.65494791666,56.249809073755095,-592.5105498413222,0.008788987416046348,0.01699691287212784,1,1,-1,0.5,False,Trend,Trend,False
2022-08-12 00:00:00+09:00,162906.765625,160974.30859375,152964.9234375,50.0,-506.2609707695583,0.009219728762241551,0.017101697175265617,1,1,-1,0.5,False,Trend,Trend,False
2022-08-16 00:00:00+09:00,164153.484375,161473.003125,153193.19401041666,54.83858448208529,-374.0320280445676,0.009108572955803243,0.016917197557038438,1,1,-1,0.5,False,Trend,Trend,False
2022-08-17 00:00:00+09:00,157919.796875,161535.34140625,153255.56770833334,36.956567936874826,-696.4453272568712,0.012588886061074278,0.017420265662564653,1,1,-1,0.5,False,Trend,Trend,False
2022-08-18 00:00:00+09:00,154595.171875,161410.66875,153241.86380208333,32.69243283342516,-1099.6812254973047,0.013469597715432102,0.017612662558962454,1,1,-1,0.5,False,Trend,Trend,False
2022-08-19 00:00:00+09:00,157919.796875,161452.22734375,153324.9046875,39.65516123720857,-1105.5908738180533,0.01434776012676708,0.017697768772755997,1,1,-1,0.5,False,Trend,Trend,False
2022-08-22 00:00:00+09:00,157088.625,161369.11015625,153414.76015625,38.33330513482335,-1124.84771527126,0.01418709031425387,0.017677823472342955,1,1,-1,0.5,False,Trend,Trend,False
2022-08-23 00:00:00+09:00,157088.625,161078.203125,153497.72682291668,37.288112911283996,-1095.8536405825766,0.012764740035213735,0.017675733375117898,1,1,-1,0.5,False,Trend,Trend,False
2022-08-24 00:00:00+09:00,156257.5,160745.73984375,153546.17421875,35.00003446488874,-1088.679527462545,0.01278007268724315,0.017663084535283712,1,1,-1,0.5,False,Trend,Trend,False
2022-08-25 00:00:00+09:00,159582.109375,160579.50703125,153622.47526041666,43.283548587125175,-827.8672422756422,0.013788036275303287,0.017815952162574294,1,1,-1,0.5,False,Trend,Trend,False
2022-08-26 00:00:00+09:00,160828.84375,160517.1703125,153691.99921875,48.484851937386566,-552.4699268862312,0.013888202127817615,0.017792437683877952,1,1,-1,0.5,False,Trend,Trend,False
2022-08-29 00:00:00+09:00,156673.03125,160205.48359375,153719.815625,39.72594555479158,-625.8865089813944,0.01495754685998213,0.0180677071154431,1,1,-1,0.5,False,Trend,Trend,False
2022-08-30 00:00:00+09:00,162491.15625,160184.703125,153851.48984375,52.439019916935585,-276.1443535520136,0.01725374620150487,0.018659743020629102,1,1,-1,0.5,False,Trend,Trend,False
2022-08-31 00:00:00+09:00,162906.765625,160163.92421875,154038.31432291667,54.321022037604614,-23.655098184330427,0.0172538009483918,0.018480047506812727,1,1,-1,0.5,False,Trend,Trend,False
2022-09-01 00:00:00+09:00,162491.15625,160101.5859375,154225.10078125,53.08643006805715,101.64949554863983,0.01724994249628199,0.018479436326775917,1,1,1,1.0,False,Trend,Trend,False
2022-09-02 00:00:00+09:00,163322.34375,160101.5859375,154432.6296875,50.64934811279619,220.00451754153335,0.01728422715293746,0.018478909192858935,1,1,1,1.0,False,Trend,Trend,False
2022-09-05 00:00:00+09:00,166231.375,160330.1546875,154661.08619791668,53.086408292002524,459.90101588333846,0.017538374381629526,0.01855866332278854,1,1,1,1.0,False,Trend,Trend,False
2022-09-06 00:00:00+09:00,167062.53125,160537.94296875,155034.28776041666,66.17643562462298,629.7482504490047,0.01749782115386148,0.017138322447074493,1,1,1,1.0,False,Trend,Trend,False
2022-09-07 00:00:00+09:00,167893.703125,160891.1859375,155469.56536458334,75.80638705851105,745.3519643676127,0.01719310288299464,0.016881850664916313,1,1,-1,0.5,False,Trend,Trend,False
2022-09-08 00:00:00+09:00,166231.375,161202.8703125,155842.69192708333,67.24131113322335,660.0686000812339,0.01733263191779568,0.016890517347850152,1,1,1,1.0,False,Trend,Trend,False
2022-09-13 00:00:00+09:00,166646.9375,161514.5546875,156236.52317708332,70.1753784210929,584.4454973837644,0.0173324440789614,0.016856386286259663,1,1,-1,0.5,False,Trend,Trend,False
2022-09-14 00:00:00+09:00,164984.640625,161618.4484375,156643.98385416667,65.57377453352177,384.9053469406854,0.017221586682983448,0.016733010091518483,1,1,1,1.0,False,Trend,Trend,False
2022-09-15 00:00:00+09:00,164569.078125,161639.228125,157037.62916666668,66.66662489104395,196.8430141231329,0.017154143025478186,0.01674638623224109,1,1,1,1.0,False,Trend,Trend,False
2022-09-16 00:00:00+09:00,167062.53125,162096.36484375,157445.27578125,65.51720337889827,211.03122942569598,0.014797379472817394,0.01678304055201865,1,1,1,1.0,False,Trend,Trend,False
2022-09-19 00:00:00+09:00,167478.109375,162740.51171875,157873.62682291667,64.285680716028,218.15628929041077,0.013672420891061438,0.016746358868808858,1,1,1,1.0,False,Trend,Trend,False
2022-09-20 00:00:00+09:00,164984.640625,163093.75390625,158267.30963541666,69.23080816370208,34.33499494072112,0.013666364224927247,0.016888029250044314,1,1,1,1.0,False,Trend,Trend,False
2022-09-21 00:00:00+09:00,163737.921875,163426.21875,158612.65729166666,53.65862157822388,-180.04514301892414,0.013742258718644691,0.01689561982959583,1,1,-1,0.5,False,Trend,Trend,False
2022-09-22 00:00:00+09:00,160828.84375,163613.2296875,158771.73854166668,44.6807795779566,-508.01834348948614,0.01445091344529536,0.015540266993629575,1,1,-1,0.5,False,Trend,Trend,False
2022-09-23 00:00:00+09:00,158335.390625,163717.12421875,158847.928125,40.3846445844417,-862.3144846692567,0.0148726412905057,0.015555435668815294,1,1,-1,0.5,False,Trend,Trend,False
2022-09-26 00:00:00+09:00,151686.140625,163322.32578125,158944.89635416667,28.787814052531644,-1477.7844046826337,0.01698300300288227,0.015029163700808836,1,1,-1,0.5,False,Trend,Trend,False
2022-09-27 00:00:00+09:00,154595.171875,163010.6421875,159021.08567708332,28.787814052531644,-1611.3336901985326,0.017518329072335706,0.01479170227278438,1,1,-1,0.5,False,Trend,Trend,False
2022-09-28 00:00:00+09:00,149192.65625,162636.6234375,159014.159375,22.077856761293887,-1962.5745329934066,0.018309272811039033,0.01550363135570796,1,1,-1,0.5,False,Trend,Trend,False
2022-09-29 00:00:00+09:00,150854.96875,162054.8140625,159062.64401041667,24.050535918509723,-1976.5136705676148,0.01623224593000987,0.015499114734156931,1,1,-1,0.5,False,Trend,Trend,False
2022-09-30 00:00:00+09:00,146699.203125,161244.4359375,159048.7921875,22.352867801192446,-2145.0992006877805,0.0170247837685377,0.015918942201485875,1,1,-1,0.5,False,Trend,Trend,False
2022-10-04 00:00:00+09:00,149192.65625,160579.5109375,159145.76067708334,26.66660818039172,-1972.5498397690724,0.0177246739261085,0.015618950287722685,1,1,-1,0.5,False,Trend,Trend,False
2022-10-05 00:00:00+09:00,147114.78125,159769.1328125,159173.46588541666,26.373567803609518,-1882.4647020427892,0.01770842889252461,0.015626484035752973,1,1,-1,0.5,False,Trend,Trend,False
2022-10-06 00:00:00+09:00,147945.890625,158854.85859375,159173.46588541666,28.260716755295235,-1658.8538488602571,0.017083941700999028,0.015487564930761982,-1,1,-1,-0.19999999999999996,False,MeanReversion,Trend,False
2022-10-07 00:00:00+09:00,145868.046875,157795.134375,159124.98229166667,21.977906199890356,-1545.1354435953835,0.016981866058658635,0.015576050714051071,-1,1,-1,-0.19999999999999996,False,MeanReversion,Trend,False
2022-10-11 00:00:00+09:00,139634.328125,156382.165625,158972.60338541667,18.095104412323934,-1767.9533598230219,0.018615302753268514,0.016550480027656748,-1,1,-1,-0.19999999999999996,False,MeanReversion,Trend,False
2022-10-12 00:00:00+09:00,139634.328125,155052.31328125,158757.8875,19.191780322479687,-1788.1743483638065,0.018727251828346777,0.01619894518933859,-1,1,-1,-0.19999999999999996,False,MeanReversion,Trend,False
2022-10-13 00:00:00+09:00,136725.296875,153556.23125,158508.54010416666,18.44646656085598,-1861.9234572494697,0.018725386525366428,0.01638799523562804,-1,1,-1,-0.19999999999999996,False,MeanReversion,Trend,False
2022-10-14 00:00:00+09:00,138803.171875,152247.1578125,158279.97161458334,23.762241339067643,-1642.860498062726,0.019540160542553617,0.01650619267246987,-1,1,-1,-0.19999999999999996,False,MeanReversion,Trend,False
2022-10-17 00:00:00+09:00,138803.171875,150958.8625,158023.69791666666,25.26301041751593,-1380.6129664390683,0.019589792979193756,0.016427186524553092,-1,1,-1,-0.19999999999999996,False,MeanReversion,Trend,False
2022-10-18 00:00:00+09:00,139634.328125,149587.45234375,157739.71953125,32.09862102130204,-1048.856484025082,0.01911521806968597,0.01629318072260187,-1,1,-1,-0.19999999999999996,False,MeanReversion,Trend,False
2022-10-19 00:00:00+09:00,139634.328125,148195.26328125,157448.81458333333,25.675525996229993,-741.576254931143,0.01904482476711845,0.016284179220998396,-1,1,-1,-0.19999999999999996,False,MeanReversion,Trend,False
2022-10-20 00:00:00+09:00,140049.921875,146948.52734375,157164.83619791668,32.2579588807082,-437.5329800873369,0.01917489504842135,0.01629476772575387,-1,1,-1,-0.19999999999999996,False,MeanReversion,MeanReversion,False
2022-10-21 00:00:00+09:00,138803.171875,145701.78984375,156832.37291666667,26.22935865203084,-256.54668475376,0.019175033084476097,0.016236584658112056,-1,1,-1,-0.19999999999999996,False,MeanReversion,MeanReversion,False
2022-10-24 00:00:00+09:00,134231.8125,144371.93828125,156354.45703125,25.806287291336787,-373.76180246453623,0.019890326287706716,0.016304030279703934,-1,1,-1,-0.19999999999999996,False,MeanReversion,MeanReversion,True
2022-10-25 00:00:00+09:00,135062.96875,143208.3171875,155890.39375,20.689514346353164,-326.11137391297507,0.02010645971663301,0.01634416362161151,-1,1,-1,-0.19999999999999996,False,MeanReversion,MeanReversion,True
2022-10-26 00:00:00+09:00,133400.65625,142294.04296875,155398.62526041668,21.05247535332508,-336.00840578451425,0.018399798080517487,0.016382195665729054,-1,1,-1,-0.19999999999999996,False,MeanReversion,MeanReversion,True
2022-10-27 00:00:00+09:00,134647.421875,141296.65546875,154941.48932291666,22.41389369310035,-195.03985128001477,0.017813291611051798,0.016461122692450706,-1,1,-1,-0.19999999999999996,False,MeanReversion,MeanReversion,False
2022-10-28 00:00:00+09:00,136309.71875,140652.50859375,154498.20520833333,29.824548674072403,60.061294338062,0.01695298253300407,0.016547258714293057,-1,1,-1,-0.19999999999999996,False,MeanReversion,MeanReversion,False
2022-10-31 00:00:00+09:00,136725.296875,139946.025,154061.84739583332,41.86051595212613,293.6261434608441,0.016656523058025625,0.016561182885448392,-1,1,-1,-0.19999999999999996,False,MeanReversion,MeanReversion,False
2022-11-01 00:00:00+09:00,136725.296875,139447.3296875,153618.56328125,41.86051595212613,474.2581453824987,0.01577258979495656,0.01655018832398413,-1,1,-1,-0.19999999999999996,False,MeanReversion,MeanReversion,False
2022-11-02 00:00:00+09:00,137140.90625,138844.7421875,153175.2796875,51.35144747498458,637.6861252645158,0.015122335427937287,0.01655309436295611,-1,1,1,0.30000000000000004,False,Trend,MeanReversion,False
2022-11-03 00:00:00+09:00,134647.421875,138221.37421875,152697.36432291666,36.8422823174617,594.6588100503304,0.015299887769468196,0.0166717865945159,-1,1,-1,-0.19999999999999996,False,MeanReversion,MeanReversion,False
2022-11-04 00:00:00+09:00,135478.546875,137598.00703125,152261.00677083334,40.000037598084006,635.2983342399721,0.015318320763039787,0.016689147516730465,-1,1,-1,-0.19999999999999996,False,MeanReversion,MeanReversion,False
2022-11-07 00:00:00+09:00,140881.09375,137348.659375,151893.91223958333,52.94123718256363,1016.5377124363476,0.017938987550379606,0.017501447306847627,-1,1,1,0.30000000000000004,False,Trend,MeanReversion,False
2022-11-08 00:00:00+09:00,141296.640625,137431.775,151568.37552083333,53.8461427224507,1270.6976979053843,0.01498942967068954,0.017460796455014263,-1,1,1,0.30000000000000004,False,Trend,Trend,False
2022-11-09 00:00:00+09:00,140881.09375,137494.11328125,151249.765625,51.92311168472465,1375.9486569044861,0.015010002978599954,0.017456619893718966,-1,1,1,0.30000000000000004,False,Trend,Trend,False
2022-11-10 00:00:00+09:00,140881.09375,137701.903125,150924.2296875,55.1021175473987,1405.7320592240699,0.014135781824238832,0.01744795575650736,-1,1,1,0.30000000000000004,False,Trend,Trend,False
2022-11-11 00:00:00+09:00,142958.96875,137909.69296875,150591.76640625,74.41866972116082,1516.0537443939347,0.014113767012321395,0.017434860197767982,-1,1,-1,-0.19999999999999996,False,MeanReversion,Trend,False
2022-11-14 00:00:00+09:00,146283.625,138283.715625,150293.93541666667,77.55111436450608,1747.1832934510508,0.014901517568831959,0.017692217565914596,-1,1,-1,-0.19999999999999996,False,MeanReversion,MeanReversion,False
2022-11-15 00:00:00+09:00,145036.890625,138553.84375,150079.2203125,79.1667613149029,1746.1990240403143,0.015082889405563913,0.01704579903276179,-1,1,-1,-0.19999999999999996,False,MeanReversion,MeanReversion,False
2022-11-16 00:00:00+09:00,142958.96875,138720.07578125,149885.28359375,69.99994736252407,1542.7575217948329,0.015517364930165384,0.016933143177988372,-1,1,1,0.30000000000000004,False,Trend,MeanReversion,False
2022-11-17 00:00:00+09:00,141296.640625,138782.41171875,149608.23098958333,61.999935331198266,1246.0904537380095,0.015772575361325977,0.016721594851078696,-1,1,1,0.30000000000000004,False,Trend,MeanReversion,False
2022-11-18 00:00:00+09:00,140881.09375,138886.3078125,149338.10546875,60.00003007855768,983.2697595010377,0.015641224844843968,0.016716212330553086,-1,1,1,0.30000000000000004,False,Trend,MeanReversion,False
2022-11-21 00:00:00+09:00,139634.328125,139156.43359375,149047.20052083334,56.60372406082671,700.153302320301,0.013647880078728719,0.016739230260087903,-1,1,1,0.30000000000000004,False,Trend,MeanReversion,False
2022-11-22 00:00:00+09:00,137556.484375,139281.109375,148735.51692708334,50.87719413968221,364.5240312439098,0.014117578080399582,0.016818543556974267,-1,1,1,0.30000000000000004,False,Trend,MeanReversion,False
2022-11-23 00:00:00+09:00,137972.015625,139509.67734375,148375.34869791666,57.69226875906519,171.86553026943943,0.013769753630720218,0.0165563933822945,-1,1,1,0.30000000000000004,False,Trend,MeanReversion,False
2022-11-24 00:00:00+09:00,139218.765625,139738.24453125,148015.18072916666,58.490619577508554,131.57253760305525,0.013760984240821846,0.016569809902655858,-1,1,1,0.30000000000000004,False,Trend,MeanReversion,False
2022-11-25 00:00:00+09:00,137972.015625,139821.359375,147703.49713541666,41.860349210041036,29.46229383339687,0.013720301858402943,0.016298192555694143,-1,1,-1,-0.19999999999999996,False,MeanReversion,MeanReversion,False
2022-11-28 00:00:00+09:00,139218.765625,139946.0328125,147315.62395833334,44.444481578525206,53.02117658105362,0.013839982586171388,0.015565437256787756,-1,1,-1,-0.19999999999999996,False,MeanReversion,MeanReversion,False
2022-11-29 00:00:00+09:00,140465.515625,140133.04375,146941.603125,48.93617191481055,153.99119166488606,0.013952467858722404,0.015622533029777045,-1,1,1,0.30000000000000004,False,Trend,MeanReversion,False
2022-11-30 00:00:00+09:00,140465.515625,140299.27421875,146574.50911458334,48.93617191481055,218.27234031870103,0.01394967363451902,0.01562578005218788,-1,1,1,0.30000000000000004,False,Trend,Trend,False
2022-12-01 00:00:00+09:00,142543.40625,140694.0734375,146228.19348958333,48.93621276384691,388.29653278427725,0.013460523177649045,0.015752499627141852,-1,1,1,0.30000000000000004,False,Trend,Trend,False
2022-12-02 00:00:00+09:00,140465.515625,140943.421875,145798.7625,34.090879960077544,349.5882103524009,0.013987466834900802,0.015611900675283237,-1,1,-1,-0.19999999999999996,False,MeanReversion,Trend,False
2022-12-05 00:00:00+09:00,137556.484375,140777.19140625,145306.99505208334,31.25,128.24131039066356,0.011838990308541441,0.015750467824771006,-1,1,-1,-0.19999999999999996,False,MeanReversion,Trend,False
2022-12-06 00:00:00+09:00,136725.296875,140548.62421875,144787.52161458333,33.33333333333333,-63.665695398960224,0.011844536129714736,0.015717433896156045,-1,1,-1,-0.19999999999999996,False,MeanReversion,Trend,False
2022-12-07 00:00:00+09:00,135478.546875,140278.496875,144274.97447916667,34.09090909090909,-253.43538443441628,0.011961419449659049,0.015712203215396937,-1,1,-1,-0.19999999999999996,False,MeanReversion,Trend,False
2022-12-08 00:00:00+09:00,134647.421875,139966.81328125,143741.64921875,33.33333333333333,-404.8155570262122,0.011987596351810766,0.015696769677543663,-1,1,-1,-0.19999999999999996,False,MeanReversion,Trend,False
2022-12-09 00:00:00+09:00,135062.96875,139572.01328125,143242.9546875,37.2092575898404,-443.7159824985972,0.011393609454876925,0.015696381935124598,-1,1,-1,-0.19999999999999996,False,MeanReversion,Trend,False
2022-12-12 00:00:00+09:00,135894.15625,139052.53984375,142765.03932291668,44.99995770203623,-382.54052483436794,0.009909115920748853,0.015743702557612028,-1,1,-1,-0.19999999999999996,False,MeanReversion,Trend,False
2022-12-13 00:00:00+09:00,132569.546875,138429.17265625,142190.15625,36.170365949848886,-526.1877216177127,0.01093835369098913,0.01580114954954975,-1,1,-1,-0.19999999999999996,False,MeanReversion,Trend,False
2022-12-14 00:00:00+09:00,135894.15625,138075.93203125,141663.75703125,42.307734021669575,-365.1466716213995,0.01246904147882083,0.01620929740989429,-1,1,-1,-0.19999999999999996,False,MeanReversion,Trend,False
2022-12-15 00:00:00+09:00,134647.421875,137743.47109375,141158.13671875,42.307764611971855,-312.47520479069317,0.012385196536078452,0.016156757008370576,-1,1,-1,-0.19999999999999996,False,MeanReversion,Trend,False
2022-12-16 00:00:00+09:00,135062.96875,137452.56484375,140680.22083333333,39.999939842703704,-223.69371836533378,0.012444663018622898,0.016168454409177073,-1,1,-1,-0.19999999999999996,False,MeanReversion,Trend,False
2022-12-19 00:00:00+09:00,132153.9375,137078.5453125,140202.30572916666,31.481382199127864,-328.5902093323398,0.013128830146533469,0.016235301809732698,-1,1,-1,-0.19999999999999996,False,MeanReversion,Trend,False
2022-12-20 00:00:00+09:00,130491.640625,136725.303125,139738.24322916666,29.31026435544723,-469.06885820546995,0.013024259739452369,0.01620152498143179,-1,1,-1,-0.19999999999999996,False,MeanReversion,Trend,False
2022-12-21 00:00:00+09:00,129660.4609375,136309.725390625,139371.14856770833,21.81804385402137,-570.3765313336494,0.012979155109010319,0.015349209818511565,-1,1,-1,-0.19999999999999996,False,MeanReversion,Trend,False
2022-12-22 00:00:00+09:00,131738.359375,135935.705078125,138990.20169270833,30.9090045261551,-454.87130681366057,0.0134027925781531,0.015280340580579465,-1,1,-1,-0.19999999999999996,False,MeanReversion,Trend,False
2022-12-23 00:00:00+09:00,130491.640625,135561.686328125,138678.51809895833,33.33324732406743,-420.65949141934107,0.013415835787232223,0.014688056047133248,-1,1,-1,-0.19999999999999996,False,MeanReversion,Trend,False
2022-12-26 00:00:00+09:00,131322.796875,135166.887890625,138352.98190104167,37.25488244604816,-305.63035356852924,0.013306106543689451,0.014627952274261781,-1,1,-1,-0.19999999999999996,False,MeanReversion,Trend,False
2022-12-27 00:00:00+09:00,131322.796875,134709.751953125,138096.70846354167,39.583354547726124,-198.32235792048732,0.013035339231822091,0.014237933503491038,-1,1,-1,-0.19999999999999996,False,MeanReversion,Trend,False
2022-12-28 00:00:00+09:00,133050.703125,134339.011328125,137827.67591145833,46.16991356350582,9.243869869462287,0.013531231925383405,0.014161907419802654,-1,1,1,0.30000000000000004,False,Trend,Trend,False
2022-12-29 00:00:00+09:00,130458.8203125,133734.78203125,137550.0765625,40.00000678735259,-6.93086420959844,0.013386604384191899,0.01426221364493925,-1,1,-1,-0.19999999999999996,False,MeanReversion,Trend,False
2023-01-02 00:00:00+09:00,135642.609375,133493.63671875,137345.021875,49.54052611600581,333.7468181992199,0.016285116799131454,0.015184082879564924,-1,1,1,0.30000000000000004,False,Trend,Trend,False
2023-01-03 00:00:00+09:00,137370.53125,133484.3390625,137203.39661458333,59.312653701536085,658.9277479483667,0.01593096370183296,0.015198459865899709,-1,1,1,0.30000000000000004,False,Trend,Trend,False
2023-01-04 00:00:00+09:00,138666.46875,133581.39765625,137187.265625,55.8369389001179,928.2790284357575,0.01599951069346533,0.014183101139688903,-1,1,1,0.30000000000000004,False,Trend,Trend,False
2023-01-05 00:00:00+09:00,137370.53125,133675.996875,137149.53567708333,55.721490379975066,980.9943840761171,0.016007028651528265,0.014233512874853632,-1,1,1,0.30000000000000004,False,Trend,Trend,False
2023-01-06 00:00:00+09:00,137802.515625,133833.7515625,137167.48932291666,55.752053871435294,1003.1991655929173,0.01593251922726867,0.013975174052850398,-1,1,1,0.30000000000000004,False,Trend,Trend,False
2023-01-09 00:00:00+09:00,141690.34375,134165.1203125,137215.60885416667,69.23249025030313,1223.3738798174436,0.017013520139910414,0.01429920654312202,-1,1,1,0.30000000000000004,False,Trend,Trend,False
2023-01-10 00:00:00+09:00,140826.390625,134411.73203125,137249.32916666666,71.5360290488154,1250.0544953243675,0.0170921442789374,0.014323473670337827,-1,1,-1,-0.19999999999999996,False,MeanReversion,Trend,False
2023-01-11 00:00:00+09:00,141690.34375,134867.771875,137283.59609375,75.0342308854118,1261.479929522298,0.015922161622396718,0.014324475626054108,-1,1,-1,-0.19999999999999996,False,MeanReversion,MeanReversion,False
2023-01-12 00:00:00+09:00,143850.28125,135265.578125,137353.86197916666,75.11918572622929,1342.5762987035848,0.015375427566253739,0.014452697490459361,-1,1,-1,-0.19999999999999996,False,MeanReversion,MeanReversion,False
2023-01-13 00:00:00+09:00,146010.203125,135833.7171875,137453.2,81.00970079585866,1460.0288543932602,0.01532544098195207,0.014568962344735543,-1,1,-1,-0.19999999999999996,False,MeanReversion,MeanReversion,False
2023-01-16 00:00:00+09:00,143850.28125,136273.0828125,137537.31848958333,73.77052825570308,1315.1016691246348,0.01590211274882367,0.014655864615528187,-1,1,-1,-0.19999999999999996,False,MeanReversion,MeanReversion,False
2023-01-17 00:00:00+09:00,143418.265625,136836.29921875,137690.42604166668,72.58058870372585,1120.5908253455198,0.014874434637091535,0.013966455636262148,-1,1,-1,-0.19999999999999996,False,MeanReversion,MeanReversion,False
2023-01-18 00:00:00+09:00,142122.34375,137417.834375,137808.08229166668,67.21314731822554,847.5119530562833,0.014682522888501288,0.01401132315518877,-1,1,1,0.30000000000000004,False,Trend,MeanReversion,False
2023-01-19 00:00:00+09:00,141690.34375,138019.328515625,137946.24375,73.21423784842712,592.7052329478456,0.014573342306840185,0.01391335242430069,1,1,-1,0.5,False,Trend,MeanReversion,False
2023-01-20 00:00:00+09:00,142122.34375,138538.527734375,138070.82578125,66.66663987377332,416.49609957275607,0.014322512968094463,0.013873492447306748,1,1,1,1.0,False,Trend,MeanReversion,False
2023-01-25 00:00:00+09:00,143159.09375,139171.900390625,138184.98203125,65.43776190206322,336.4320381514583,0.013989856907135034,0.013818938474825949,1,1,1,1.0,False,Trend,MeanReversion,False
2023-01-26 00:00:00+09:00,151280.375,140169.779296875,138427.56666666668,74.66215514407668,772.1783725406067,0.017993185832304907,0.015498335026686435,1,1,-1,0.5,False,Trend,Trend,False
2023-01-27 00:00:00+09:00,150243.625,141115.820703125,138652.87213541666,75.42660683533835,922.1780169796496,0.018199993246845885,0.015536395369246826,1,1,-1,0.5,False,Trend,Trend,False
2023-01-30 00:00:00+09:00,150243.625,141975.466796875,138871.25078125,74.99998430104813,949.2750754919093,0.01819497414838909,0.015536489896660581,1,1,-1,0.5,False,Trend,Trend,False
2023-01-31 00:00:00+09:00,146874.140625,142796.2328125,139075.02942708333,60.63827808699991,680.7224905827889,0.01843005209047281,0.015640136482700868,1,1,1,1.0,False,Trend,Trend,False
2023-02-01 00:00:00+09:00,144282.234375,143228.2140625,139221.75755208332,56.62245984437187,289.0121222467851,0.017417510958124036,0.015822749023574022,1,1,1,1.0,False,Trend,Trend,False
2023-02-02 00:00:00+09:00,146787.796875,143699.07734375,139320.20260416667,59.19008012097303,165.29277592122025,0.017578422923622165,0.01516939654348785,1,1,1,1.0,False,Trend,Trend,False
2023-02-03 00:00:00+09:00,146787.796875,144105.14375,139411.721875,55.743276888626845,55.75470194308036,0.017532981327395513,0.015166721976626427,1,1,1,1.0,False,Trend,Trend,False
2023-02-06 00:00:00+09:00,149293.265625,144701.28046875,139551.92473958334,56.3332971630436,120.61342772587795,0.01755380670305393,0.015303524095732315,1,1,1,1.0,False,Trend,Trend,False
2023-02-07 00:00:00+09:00,147306.125,145176.4609375,139659.00859375,56.711345449160746,4.397950234656491,0.017988682847136735,0.015415233948544564,1,1,1,1.0,False,Trend,Trend,False
2023-02-08 00:00:00+09:00,147306.125,145457.25,139731.46119791668,57.679186575257404,-92.41447396494277,0.017046412239440464,0.015307003943510552,1,1,-1,0.5,False,Trend,Trend,False
2023-02-09 00:00:00+09:00,149120.5,145871.95546875,139778.74244791668,63.545140791655925,-55.990567940608344,0.01708380541092653,0.015100846857397933,1,1,-1,0.5,False,Trend,Trend,False
2023-02-10 00:00:00+09:00,149638.84375,146269.38046875,139855.44166666668,65.33330921980686,-20.54818546962997,0.01706751048129966,0.015060761502273264,1,1,-1,0.5,False,Trend,Trend,False
2023-02-13 00:00:00+09:00,148256.515625,146489.6921875,139943.73411458332,61.41479529739056,-108.82855647680435,0.01700677866589563,0.014988614015985273,1,1,-1,0.5,False,Trend,Trend,False
2023-02-14 00:00:00+09:00,150070.828125,146692.7234375,140089.97057291667,62.4999929354783,-65.77797048532193,0.01690391789862036,0.014973182782274101,1,1,-1,0.5,False,Trend,Trend,False
2023-02-15 00:00:00+09:00,149206.875,146960.553125,140228.73359375,44.915306191261486,-113.43920177632708,0.01656107691703415,0.01499026929519066,1,1,-1,0.5,False,Trend,Trend,False
2023-02-16 00:00:00+09:00,154909.03125,147535.09140625,140483.31197916667,59.31031816214558,203.83394931165094,0.018322354312070976,0.015655545671197927,1,1,1,1.0,False,Trend,Trend,False
2023-02-17 00:00:00+09:00,154649.828125,148161.465625,140768.20104166667,58.70301479343082,352.3043111799866,0.01812106186145844,0.015508150647525195,1,1,1,1.0,False,Trend,Trend,False
2023-02-20 00:00:00+09:00,153958.6875,148774.8828125,141034.64557291666,65.64892451630672,358.8210783599129,0.0181541602610516,0.015529607328739394,1,1,1,1.0,False,Trend,Trend,False
2023-02-21 00:00:00+09:00,153958.6875,149366.7,141280.3109375,74.13804796482735,319.3116170205931,0.01817668532826486,0.01550262795966691,1,1,-1,0.5,False,Trend,Trend,False
2023-02-22 00:00:00+09:00,150502.84375,149733.8875,141489.15807291667,58.84776572174098,31.75330816217638,0.019104772773302095,0.015761398569612645,1,1,1,1.0,False,Trend,Trend,False
2023-02-23 00:00:00+09:00,152230.75,149781.40625,141706.02447916666,61.97718500445944,-65.46048849607268,0.01476782397066631,0.015784116172272065,1,1,-1,0.5,False,Trend,Trend,False
2023-02-24 00:00:00+09:00,150243.625,149781.40625,141868.99296875,52.1400800115408,-275.20934232425725,0.01499297505503924,0.015864840920888766,1,1,-1,0.5,False,Trend,Trend,False
2023-02-27 00:00:00+09:00,149725.265625,149755.48828125,142023.32213541667,55.833458297884846,-450.13715966553036,0.015012878779555058,0.01587525292785002,1,1,-1,0.5,False,Trend,Trend,False
2023-02-28 00:00:00+09:00,152317.125,150027.6375,142186.21744791666,60.74081566217123,-394.5569724656707,0.014503743264039179,0.015914464446946126,1,1,-1,0.5,False,Trend,Trend,False
2023-03-02 00:00:00+09:00,154217.875,150524.41953125,142415.4234375,60.88564850345357,-240.61814956056514,0.013913396094763464,0.015842980490361865,1,1,-1,0.5,False,Trend,Trend,False
2023-03-03 00:00:00+09:00,152144.375,150792.2484375,142658.55494791668,55.01739696366663,-286.17869977984356,0.013997001945655353,0.01569322442389593,1,1,-1,0.5,False,Trend,Trend,False
2023-03-06 00:00:00+09:00,153353.875,151120.55234375,142935.69791666666,60.278753988073746,-244.22758334239143,0.014055507383250999,0.01568011838539597,1,1,-1,0.5,False,Trend,Trend,False
2023-03-07 00:00:00+09:00,151280.375,151219.9078125,143199.06171875,52.41380299555911,-358.58174272064343,0.01402905422933394,0.015743824216329208,1,1,-1,0.5,False,Trend,Trend,False
2023-03-08 00:00:00+09:00,151107.578125,151409.98046875,143473.39765625,53.9006960294958,-442.79467347415175,0.013644951835126876,0.015713972060620387,1,1,-1,0.5,False,Trend,Trend,False
2023-03-09 00:00:00+09:00,152317.125,151660.53046875,143760.96692708333,43.478178818726384,-414.473917725958,0.013722016883256413,0.015732763929643914,1,1,-1,0.5,False,Trend,Trend,False
2023-03-10 00:00:00+09:00,151193.984375,151764.2046875,144015.9640625,41.666628988770476,-465.0258450011927,0.01362835928347994,0.01576952543069225,1,1,-1,0.5,False,Trend,Trend,False
2023-03-13 00:00:00+09:00,152057.953125,151885.16015625,144340.77083333334,45.45448430945692,-434.49106038837,0.013661342590312597,0.015386075125992804,1,1,-1,0.5,False,Trend,Trend,False
2023-03-14 00:00:00+09:00,147738.109375,151859.23984375,144538.17005208333,37.67110603510906,-684.5618899441624,0.01504860829294669,0.015612580804711724,1,1,-1,0.5,False,Trend,Trend,False
2023-03-15 00:00:00+09:00,150589.21875,151885.159375,144803.86666666667,50.17539562373958,-638.2080253156378,0.015424158509945371,0.015714364288134667,1,1,-1,0.5,False,Trend,Trend,False
2023-03-16 00:00:00+09:00,150330.0,151941.315625,145058.3171875,45.895456416554765,-605.5301207109876,0.01536846577503375,0.015720299448788676,1,1,-1,0.5,False,Trend,Trend,False
2023-03-17 00:00:00+09:00,152576.34375,151824.68125,145398.690625,54.98158108991898,-421.85780172855584,0.013163604239442175,0.01549928194522437,1,1,-1,0.5,False,Trend,Trend,False
2023-03-20 00:00:00+09:00,151280.375,151656.20859375,145745.16953125,53.214225045810466,-378.27412452613476,0.013277477584089798,0.015440378355746107,1,1,-1,0.5,False,Trend,Trend,False
2023-03-21 00:00:00+09:00,151885.140625,151552.53125,146115.580859375,49.0272354373834,-302.61743180379835,0.013299112650374237,0.015397587256466746,1,1,-1,0.5,False,Trend,Trend,False
2023-03-22 00:00:00+09:00,155773.0,151643.246875,146516.158203125,53.21425526472845,-0.6149436007160602,0.014512480721269757,0.015580960775924276,1,1,-1,0.5,False,Trend,Trend,False
2023-03-23 00:00:00+09:00,155945.796875,151915.39453125,146940.394140625,58.52705380619284,190.3400265900957,0.013438396453489933,0.015498955990690644,1,1,1,1.0,False,Trend,Trend,False
2023-03-24 00:00:00+09:00,153526.6875,151980.19140625,147310.458984375,50.3676866591578,135.8391636314302,0.0137742024167843,0.015676538804434762,1,1,1,1.0,False,Trend,Trend,False
2023-03-27 00:00:00+09:00,152144.375,152075.22890625,147657.48528645834,51.894007379285114,-3.7952854963514255,0.013591205103117437,0.015745332659496764,1,1,-1,0.5,False,Trend,Trend,False
2023-03-28 00:00:00+09:00,153008.3125,152239.38125,147990.112109375,54.04412913606761,-46.110870991263255,0.013599909196235382,0.01568959303623183,1,1,-1,0.5,False,Trend,Trend,False
2023-03-29 00:00:00+09:00,155859.421875,152416.49609375,148413.45546875,57.044725009399926,101.71113744300305,0.013683618074328528,0.015555029811382223,1,1,1,1.0,False,Trend,Trend,False
2023-03-30 00:00:00+09:00,156550.5625,152533.13046875,148761.92135416667,60.83911352359007,222.8826524279143,0.013452683941830676,0.014821967682159745,1,1,1,1.0,False,Trend,Trend,False
2023-03-31 00:00:00+09:00,159401.671875,152895.9953125,149129.10703125,63.75402087342501,458.33430827739676,0.013540824769274505,0.014901380753280765,1,1,1,1.0,False,Trend,Trend,False
2023-04-03 00:00:00+09:00,158624.109375,153159.50703125,149461.734375,73.50746822612928,520.4537791581267,0.013565470654211605,0.014903171054424225,1,1,-1,0.5,False,Trend,Trend,False
2023-04-04 00:00:00+09:00,158796.875,153535.33203125,149818.84010416668,70.0421377466302,530.1370905497597,0.013082327884829634,0.014825761976182449,1,1,-1,0.5,False,Trend,Trend,False
2023-04-05 00:00:00+09:00,161302.390625,154045.07265625,150210.5046875,74.1445455214351,654.1091834523822,0.013377134898310097,0.01492383583846867,1,1,-1,0.5,False,Trend,Trend,False
2023-04-06 00:00:00+09:00,159920.03125,154425.21796875,150514.3328125,66.79838619747065,593.610501643479,0.013582156579914443,0.014619241874129421,1,1,1,1.0,False,Trend,Trend,False
2023-04-07 00:00:00+09:00,159920.03125,154861.5203125,150832.56015625,71.00844231339144,507.5265403685896,0.013399648402203476,0.01458284725814394,1,1,-1,0.5,False,Trend,Trend,False
2023-04-10 00:00:00+09:00,160611.234375,155289.184375,151147.90833333333,71.12980336309195,452.87309810407305,0.01338748515548269,0.01457632670241704,1,1,-1,0.5,False,Trend,Trend,False
2023-04-11 00:00:00+09:00,165967.796875,156200.66875,151516.53359375,73.04691777362225,717.4848667838737,0.012822251502015358,0.01501639370197179,1,1,-1,0.5,False,Trend,Trend,False
2023-04-12 00:00:00+09:00,171238.0,157233.1078125,151936.996875,78.09528675994817,1161.1879516192766,0.01373998048474347,0.015391339558991466,1,1,-1,0.5,False,Trend,Trend,False
2023-04-13 00:00:00+09:00,171842.75,158308.7453125,152403.53802083334,86.05448704936043,1393.4974536398236,0.013625822808168639,0.01521788454062594,1,1,-1,0.5,False,Trend,Trend,False
2023-04-14 00:00:00+09:00,169423.65625,159151.1109375,152836.96119791668,82.67972349685695,1284.9807989099886,0.014243223176286127,0.015359825695693089,1,1,-1,0.5,False,Trend,Trend,False
2023-04-17 00:00:00+09:00,168473.296875,160010.75703125,153276.14375,79.15310520824804,1059.3319998007692,0.014109624759582799,0.015321087759565347,1,1,-1,0.5,False,Trend,Trend,False
2023-04-18 00:00:00+09:00,165363.015625,160684.65078125,153670.68828125,67.74190160935206,631.840324737962,0.015099315463833024,0.015552921450291414,1,1,1,1.0,False,Trend,Trend,False
2023-04-19 00:00:00+09:00,167263.75,161259.18828125,154089.71171875,69.13581762972225,418.59848401014506,0.01438513595178891,0.015594819833947416,1,1,1,1.0,False,Trend,Trend,False
2023-04-20 00:00:00+09:00,166313.40625,161777.56875,154475.61692708332,63.24506503795803,167.91956247286907,0.014525974925391217,0.01562046756055804,1,1,1,1.0,False,Trend,Trend,False
2023-04-21 00:00:00+09:00,164499.0625,162326.1875,154695.92838541666,60.82800328298464,-148.60437693270387,0.014242002415157188,0.014099671607099937,1,1,-1,0.5,False,Trend,Trend,False
2023-04-24 00:00:00+09:00,165795.03125,163008.7203125,154955.11848958334,62.3853637223399,-290.9744130460167,0.013960026025694384,0.014081366113266434,1,1,-1,0.5,False,Trend,Trend,False
2023-04-25 00:00:00+09:00,173657.09375,164041.159375,155345.34296875,68.38045328320925,102.97106912905565,0.01683523927351506,0.01521452544167579,1,1,1,1.0,False,Trend,Trend,False
2023-04-26 00:00:00+09:00,174089.078125,164952.6421875,155798.92526041667,71.69314460278312,338.01253505376144,0.01660674893602314,0.014853563516668446,1,1,-1,0.5,False,Trend,Trend,False
2023-04-27 00:00:00+09:00,174521.078125,165851.16796875,156302.90598958332,72.06270041879294,460.3653782544111,0.016619268150261022,0.014604631137829052,1,1,-1,0.5,False,Trend,Trend,False
2023-04-28 00:00:00+09:00,170633.234375,166412.74609375,156700.32994791667,63.809531601343124,228.9416356522338,0.017454055876082144,0.014855989464378478,1,1,1,1.0,False,Trend,Trend,False
2023-05-02 00:00:00+09:00,174089.078125,167185.99453125,157155.35130208332,61.80905824168035,256.04437361629016,0.017719206526403773,0.015023172986943544,1,1,1,1.0,False,Trend,Trend,False
2023-05-03 00:00:00+09:00,173657.09375,167929.00546875,157561.41510416666,54.093554572442976,195.07004561776193,0.017774944823716964,0.014923453856136823,1,1,1,1.0,False,Trend,Trend,False
2023-05-04 00:00:00+09:00,172101.96875,168468.984375,157974.67916666667,50.4249770732682,9.966279120397303,0.017813358206707344,0.014854497664415182,1,1,1,1.0,False,Trend,Trend,False
2023-05-08 00:00:00+09:00,174953.03125,169220.634375,158435.4609375,58.93854861491395,37.933908094565595,0.01781672311682207,0.014956980037335841,1,1,1,1.0,False,Trend,Trend,False
2023-05-09 00:00:00+09:00,177112.96875,170080.28125,158902.00208333333,63.44088687553144,153.79200859051252,0.01786508966401191,0.014957282474625352,1,1,1,1.0,False,Trend,Trend,False
2023-05-10 00:00:00+09:00,181432.796875,171121.359375,159431.90130208334,74.09330284771873,456.15333153314896,0.018359792237191454,0.015206360006807338,1,1,-1,0.5,False,Trend,Trend,False
2023-05-11 00:00:00+09:00,179704.84375,171808.21171875,159956.04010416666,68.7499823386625,472.56604459233495,0.017541843539074935,0.015210427330155233,1,1,1,1.0,False,Trend,Trend,False
2023-05-12 00:00:00+09:00,180136.8125,172253.15234375,160457.13984375,71.16395053647997,445.65542166769137,0.01632402298723693,0.015165134949525226,1,1,-1,0.5,False,Trend,Trend,False
2023-05-15 00:00:00+09:00,179704.84375,172646.25703125,160965.43932291667,74.3093892289999,336.85105859496616,0.01635881284981765,0.015138125761621293,1,1,-1,0.5,False,Trend,Trend,False
2023-05-16 00:00:00+09:00,174953.03125,172922.72578125,161299.50598958333,63.184044685820815,-94.02909763702519,0.017244748535037675,0.014935967245719895,1,1,-1,0.5,False,Trend,Trend,False
2023-05-17 00:00:00+09:00,176680.96875,173333.109375,161666.69166666668,55.287003120929455,-290.45585313470383,0.017249907266069765,0.014961436947834408,1,1,-1,0.5,False,Trend,Trend,False
2023-05-18 00:00:00+09:00,178408.90625,173985.40390625,162074.1953125,57.22543533882337,-328.9727364238506,0.016584630195162788,0.014966081932943916,1,1,-1,0.5,False,Trend,Trend,False
2023-05-19 00:00:00+09:00,177544.9375,174499.46328125,162467.29947916666,54.98572503968702,-431.155258665829,0.01658992553905722,0.014992684980528394,1,1,-1,0.5,False,Trend,Trend,False
2023-05-22 00:00:00+09:00,179272.875,175147.43671875,162946.8,65.33740306239345,-401.4935015728752,0.016522760159952923,0.014653685373295006,1,1,-1,0.5,False,Trend,Trend,False
2023-05-23 00:00:00+09:00,179272.875,175886.12734375,163397.50208333333,60.48951469043628,-400.1070723305734,0.016187041106288255,0.014615511064268226,1,1,-1,0.5,False,Trend,Trend,False
2023-05-24 00:00:00+09:00,179272.875,176560.01953125,163881.32291666666,61.565844315323645,-415.60382476157884,0.016191641525290977,0.014471505154361493,1,1,-1,0.5,False,Trend,Trend,False
2023-05-25 00:00:00+09:00,175817.03125,176668.01640625,164316.18567708333,57.095729860654345,-660.4668924734688,0.013594490891143738,0.014736665806409772,1,1,-1,0.5,False,Trend,Trend,False
2023-05-26 00:00:00+09:00,177544.9375,176840.809375,164736.64921875,55.17243314707643,-703.936043951483,0.013744257822650773,0.014644200504157271,1,1,-1,0.5,False,Trend,Trend,False
2023-05-30 00:00:00+09:00,173225.109375,176776.0109375,165053.43645833334,42.85711004947314,-1003.2445321992955,0.014879006069794823,0.01499828220667802,1,1,-1,0.5,False,Trend,Trend,False
2023-05-31 00:00:00+09:00,172793.125,176884.00546875,165397.58229166668,31.481428143698537,-1196.8182121275308,0.01395453584130181,0.01487242786635283,1,1,-1,0.5,False,Trend,Trend,False
2023-06-01 00:00:00+09:00,170633.234375,176711.21328125,165685.57161458334,30.90909688769051,-1421.51505983161,0.013463115746634214,0.014972081599100141,1,1,-1,0.5,False,Trend,Trend,False
2023-06-02 00:00:00+09:00,172361.15625,176646.41640625,166036.91796875,34.48278657649814,-1402.5892946156437,0.013681518950013356,0.014871293792878278,1,1,-1,0.5,False,Trend,Trend,False
2023-06-05 00:00:00+09:00,173657.09375,176724.17265625,166412.74322916666,38.33332328597007,-1256.3291641628412,0.013631320764032487,0.014880418693000592,1,1,-1,0.5,False,Trend,Trend,False
2023-06-07 00:00:00+09:00,169682.875,176460.66484375,166702.17239583333,39.51893173834899,-1371.3911497125948,0.014055796990805948,0.015218612823561439,1,1,-1,0.5,False,Trend,Trend,False
2023-06-08 00:00:00+09:00,169942.015625,176102.1171875,167014.63958333334,35.76629279339636,-1370.9242522614422,0.013701477381213833,0.015170702388771698,1,1,-1,0.5,False,Trend,Trend,False
2023-06-09 00:00:00+09:00,170287.59375,175544.85703125,167318.46692708333,31.78273761539917,-1289.429711650968,0.012300552184545966,0.015162724250687274,1,1,-1,0.5,False,Trend,Trend,False
2023-06-12 00:00:00+09:00,169510.078125,175035.11875,167681.33307291666,31.906488008405134,-1230.1550407922582,0.012214191673210962,0.014644721305768204,1,1,-1,0.5,False,Trend,Trend,False
2023-06-13 00:00:00+09:00,171065.203125,174581.53828125,168022.59947916667,31.372355719277692,-1036.247182630267,0.012458834028799928,0.014506409980632483,1,1,-1,0.5,False,Trend,Trend,False
2023-06-14 00:00:00+09:00,173657.09375,174279.15078125,168411.384375,38.59637099281788,-699.5930442328352,0.013067646699515443,0.014592184771820017,1,1,-1,0.5,False,Trend,Trend,False
2023-06-15 00:00:00+09:00,172533.9375,174158.19609375,168744.0109375,36.91261970942017,-526.6073675428952,0.011736953812596405,0.014543930766886107,1,1,-1,0.5,False,Trend,Trend,False
2023-06-16 00:00:00+09:00,172274.75,173937.88515625,169093.9171875,42.14546749688529,-408.93739493475516,0.01147270456478391,0.014485474497583091,1,1,-1,0.5,False,Trend,Trend,False
2023-06-19 00:00:00+09:00,172188.34375,173626.85703125,169432.30390625,37.18995170757299,-320.1481416372507,0.011181006862560124,0.014487495023222103,1,1,-1,0.5,False,Trend,Trend,False
2023-06-20 00:00:00+09:00,170978.8125,173298.55078125,169685.73411458332,43.68928544149937,-325.0607743674037,0.01122351840835328,0.014209085585061329,1,1,-1,0.5,False,Trend,Trend,False
2023-06-21 00:00:00+09:00,176249.0,173147.35703125,170024.12083333332,57.633686849582105,25.814986451285122,0.013134376459697814,0.014687309560926804,1,1,1,1.0,False,Trend,Trend,False
2023-06-22 00:00:00+09:00,174521.078125,172909.7671875,170374.02734375,58.75493829158685,134.63670337404176,0.013284693271935585,0.014588016861227416,1,1,1,1.0,False,Trend,Trend,False
2023-06-23 00:00:00+09:00,172706.734375,172581.46015625,170716.73333333334,50.77518157200948,80.21691428201966,0.013433770828222395,0.014607398249417139,1,1,1,1.0,False,Trend,Trend,False
2023-06-26 00:00:00+09:00,173225.109375,172451.8640625,171053.67994791668,48.99597255965805,75.01911739684823,0.012809397810688856,0.014600471770347354,1,1,1,1.0,False,Trend,Trend,False
2023-06-27 00:00:00+09:00,177976.9375,172473.4640625,171422.30520833333,68.60473919297448,370.94329331594014,0.014076806366392079,0.01480491522683512,1,1,1,1.0,False,Trend,Trend,False
2023-06-28 00:00:00+09:00,177976.9375,172711.05546875,171779.41145833334,68.23545181622242,535.9960291933498,0.012818419727766584,0.014804725253951042,1,1,1,1.0,False,Trend,Trend,False
2023-06-29 00:00:00+09:00,177976.9375,172970.24609375,172088.99921875,67.72925418086709,609.1471013309524,0.012791079410599225,0.014658610949059021,1,1,1,1.0,False,Trend,Trend,False
2023-06-30 00:00:00+09:00,179717.515625,173424.46015625,172440.55598958334,72.53443586987567,730.5525511575888,0.012469499686301448,0.01466642342133701,1,1,-1,0.5,False,Trend,Trend,False
2023-07-03 00:00:00+09:00,181458.109375,173879.3078125,172818.24322916666,72.75752441534554,874.1745558954236,0.012456073629223088,0.014698121171132027,1,1,-1,0.5,False,Trend,Trend,False
2023-07-04 00:00:00+09:00,181022.96875,174247.6015625,173146.91953125,67.81154408830962,883.3498584925045,0.012446854325262099,0.014602990526573302,1,1,1,1.0,False,Trend,Trend,False
2023-07-05 00:00:00+09:00,178847.21875,174705.81875,173462.37265625,64.52675252209303,694.6806313871236,0.01147476041703432,0.014652429141025243,1,1,1,1.0,False,Trend,Trend,False
2023-07-06 00:00:00+09:00,179717.515625,175194.59375,173792.33072916666,66.6572249253578,584.7049163589631,0.011482039275026482,0.014655362363096636,1,1,1,1.0,False,Trend,Trend,False
2023-07-07 00:00:00+09:00,177541.765625,175557.30234375,174074.50625,60.95652235089755,334.09362264250603,0.011961624272005212,0.014764473910543365,1,1,1,1.0,False,Trend,Trend,False
2023-07-10 00:00:00+09:00,178847.21875,176024.159375,174289.16328125,66.04080582132131,229.87291466635247,0.011908687063639945,0.014209726384509578,1,1,1,1.0,False,Trend,Trend,False
2023-07-11 00:00:00+09:00,180152.671875,176478.5328125,174437.74114583334,59.49268010957988,222.34648463294047,0.011862835128562493,0.013678449748282084,1,1,1,1.0,False,Trend,Trend,False
2023-07-12 00:00:00+09:00,177106.640625,176651.01015625,174525.47265625,55.90861633342712,-2.3876369323729705,0.012254055675805309,0.013866809917356594,1,1,-1,0.5,False,Trend,Trend,False
2023-07-13 00:00:00+09:00,177106.640625,176879.6453125,174653.52239583334,60.96399558938962,-157.0863573315114,0.012131092872462583,0.01373256018120881,1,1,-1,0.5,False,Trend,Trend,False
2023-07-14 00:00:00+09:00,181458.109375,177338.81328125,174869.9359375,67.22504305345427,18.27991884420885,0.01314367330735902,0.01403677864230853,1,1,1,1.0,False,Trend,Trend,False
2023-07-17 00:00:00+09:00,177106.640625,177584.728125,175065.66302083334,48.14814568536796,-164.11125275855215,0.01444860821123635,0.014190114414491289,1,1,-1,0.5,False,Trend,Trend,False
2023-07-18 00:00:00+09:00,175366.0,177804.0875,175200.70052083334,44.82749654547346,-394.18562080451693,0.014549202360014475,0.014194947917618737,1,1,-1,0.5,False,Trend,Trend,False
2023-07-19 00:00:00+09:00,175801.1875,177781.696875,175358.83020833333,45.76270567528683,-502.3313174796026,0.012851796757044696,0.014170850053458585,1,1,-1,0.5,False,Trend,Trend,False
2023-07-20 00:00:00+09:00,174495.703125,177780.428125,175525.44088541667,39.655155335490235,-638.3260068201901,0.012767180957113324,0.014128042762071122,1,1,-1,0.5,False,Trend,Trend,False
2023-07-21 00:00:00+09:00,174060.5625,177848.11953125,175663.19973958333,34.54547116363274,-727.6486599701437,0.012546733730823852,0.01410595794923015,1,1,-1,0.5,False,Trend,Trend,False
2023-07-24 00:00:00+09:00,173364.3125,177855.0796875,175658.32005208332,34.17265118441787,-798.0406757757519,0.012567897607066503,0.012788149275670232,1,1,-1,0.5,False,Trend,Trend,False
2023-07-25 00:00:00+09:00,174495.703125,177681.01796875,175665.09713541667,40.601484475239964,-734.4226179426013,0.010982213257224746,0.012812048462282838,1,1,-1,0.5,False,Trend,Trend,False
2023-07-26 00:00:00+09:00,172929.171875,177428.6296875,175638.56536458334,35.766433401478224,-760.6457793950896,0.011123742981474108,0.012860819432946926,1,1,-1,0.5,False,Trend,Trend,False
2023-07-27 00:00:00+09:00,172145.90625,177137.078125,175663.7765625,37.98451122828089,-790.0851671967823,0.011139149327063889,0.012535907394889429,1,1,-1,0.5,False,Trend,Trend,False
2023-07-28 00:00:00+09:00,171275.609375,176714.9828125,175616.88541666666,32.806340659286064,-823.7505291510136,0.01082941228627964,0.0122766983361035,1,1,-1,0.5,False,Trend,Trend,False
2023-07-31 00:00:00+09:00,170579.375,176171.04609375,175565.59010416668,27.6422948165999,-845.3140997384996,0.010454325280562641,0.012283264069934506,1,1,-1,0.5,False,Trend,Trend,False
2023-08-01 00:00:00+09:00,173538.375,175796.81640625,175589.53020833334,41.632573201107114,-622.9669436043665,0.011398374475296815,0.012433461748736501,1,1,-1,0.5,False,Trend,Trend,False
2023-08-02 00:00:00+09:00,167533.28125,175231.11953125,175465.86770833333,32.483989028889795,-830.0447283227379,0.013451971473663582,0.013058524871359509,-1,1,-1,-0.19999999999999996,False,MeanReversion,Trend,False
2023-08-03 00:00:00+09:00,166837.015625,174587.09453125,175294.60182291668,19.11765094150323,-954.7335385855034,0.013315856545661132,0.012953320928520416,-1,1,-1,-0.19999999999999996,False,MeanReversion,Trend,False
2023-08-04 00:00:00+09:00,167272.203125,174073.61640625,175058.59192708333,25.11021194544054,-946.8634163128149,0.013231502650454263,0.01253814387866397,-1,1,-1,-0.19999999999999996,False,MeanReversion,Trend,False
2023-08-07 00:00:00+09:00,163616.9375,173312.10234375,174790.46015625,22.891692226937707,-1115.205557171092,0.013654188743937123,0.01277918493238906,-1,1,-1,-0.19999999999999996,False,MeanReversion,Trend,False
2023-08-08 00:00:00+09:00,163965.03125,172502.7203125,174520.93046875,22.580544744828217,-1127.1425357823118,0.013468841959392935,0.012777785165770909,-1,1,-1,-0.19999999999999996,False,MeanReversion,Trend,False
2023-08-09 00:00:00+09:00,164835.34375,171889.15546875,174273.10546875,27.160465550985478,-1004.5262661615693,0.01331687642507783,0.012807860693990947,-1,1,-1,-0.19999999999999996,False,MeanReversion,Trend,False
2023-08-10 00:00:00+09:00,163965.03125,171232.075,174089.97213541667,26.61284951467556,-912.7954772731628,0.013294351714126504,0.012379945950024515,-1,1,-1,-0.19999999999999996,False,MeanReversion,Trend,False
2023-08-11 00:00:00+09:00,165792.703125,170448.8046875,173908.50104166666,33.333402120714965,-670.9722835267794,0.012099139859000066,0.012399766453994628,-1,1,-1,-0.19999999999999996,False,MeanReversion,Trend,False
2023-08-14 00:00:00+09:00,164313.171875,169809.13125,173673.57213541667,27.92458991515113,-557.2795452486407,0.011236875473465227,0.012358805306910449,-1,1,-1,-0.19999999999999996,False,MeanReversion,Trend,False
2023-08-16 00:00:00+09:00,161702.25,169125.94375,173409.52734375,26.71483209614246,-600.7890091104969,0.011494076503931206,0.01249539372313647,-1,1,-1,-0.19999999999999996,False,MeanReversion,Trend,False
2023-08-17 00:00:00+09:00,160831.953125,168377.48203125,173102.17864583334,26.618734771031882,-628.0969890078445,0.011392887135085718,0.01241683847042788,-1,1,-1,-0.19999999999999996,False,MeanReversion,Trend,False
2023-08-18 00:00:00+09:00,161963.328125,167750.86328125,172813.68619791666,30.960811574053963,-514.6450803196549,0.011648352495057537,0.012467026507015746,-1,1,-1,-0.19999999999999996,False,MeanReversion,Trend,False
2023-08-21 00:00:00+09:00,161963.328125,167146.0015625,172525.19375,31.868075499294022,-389.94366612375416,0.011675573299942385,0.012467026507015746,-1,1,-1,-0.19999999999999996,False,MeanReversion,Trend,False
2023-08-22 00:00:00+09:00,163529.90625,166654.28125,172320.40833333333,27.62661353757855,-163.86421738825584,0.01204284354866754,0.012329034338730071,-1,1,-1,-0.19999999999999996,False,MeanReversion,Trend,False
2023-08-23 00:00:00+09:00,163181.78125,166088.58515625,172081.02239583334,36.97930497944711,-7.912839547673684,0.011840245906857765,0.012244726848834575,-1,1,-1,-0.19999999999999996,False,MeanReversion,Trend,False
2023-08-24 00:00:00+09:00,162224.421875,165553.34765625,171897.67760416667,36.410390499988026,57.04651357063494,0.011781904721177237,0.011875644109985416,-1,1,-1,-0.19999999999999996,False,MeanReversion,Trend,False
2023-08-25 00:00:00+09:00,162050.390625,165048.571875,171718.63203125,34.3750701306862,111.42870216722531,0.011786578428392135,0.01187421479927328,-1,1,-1,-0.19999999999999996,False,MeanReversion,Trend,False
2023-08-28 00:00:00+09:00,161354.15625,164552.49921875,171563.98072916668,41.772209432603006,122.75077273900797,0.011780840297243939,0.011786014527530742,-1,1,-1,-0.19999999999999996,False,MeanReversion,Trend,False
2023-08-29 00:00:00+09:00,162485.53125,164147.80703125,171399.38697916668,44.91025431527526,222.84406074055323,0.01198483783015858,0.011743795765297464,-1,1,-1,-0.19999999999999996,False,MeanReversion,Trend,False
2023-08-30 00:00:00+09:00,163442.875,163643.03203125,171229.15,45.238171570733336,361.71619799200244,0.011253941430980793,0.011725871166154998,-1,1,1,0.30000000000000004,False,Trend,Trend,False
2023-08-31 00:00:00+09:00,164574.25,163495.08046875,171144.00625,52.04680081725046,527.8961031954709,0.008514614812491637,0.011401410303321195,-1,1,1,0.30000000000000004,False,Trend,Trend,False
2023-09-01 00:00:00+09:00,163094.765625,163307.96796875,171029.88541666666,40.71855064299521,534.6584352113564,0.008680965795386058,0.011450810645337824,-1,1,-1,-0.19999999999999996,False,MeanReversion,Trend,False
2023-09-04 00:00:00+09:00,163007.6875,163094.7421875,170908.55364583334,45.03299998454333,528.7879474023703,0.00863807040260517,0.011445282222405286,-1,1,1,0.30000000000000004,False,Trend,Trend,False
2023-09-05 00:00:00+09:00,162398.515625,163033.82109375,170790.02760416668,53.1251183464736,480.7831754232334,0.007160246699554415,0.011441042891413603,-1,1,1,0.30000000000000004,False,Trend,Trend,False
2023-09-06 00:00:00+09:00,162485.53125,162959.84609375,170647.03307291667,57.983250329275414,452.21919759408456,0.007139841432132783,0.011369244163152893,-1,1,1,0.30000000000000004,False,Trend,Trend,False
2023-09-07 00:00:00+09:00,162920.6875,162864.11328125,170468.09296875,54.955107956025046,458.524526166605,0.007052361108349106,0.011186846555164021,-1,1,1,0.30000000000000004,False,Trend,Trend,False
2023-09-08 00:00:00+09:00,161615.25,162746.62421875,170286.11484375,48.41288726704844,374.22902779240917,0.007174825106318196,0.011201433401293847,-1,1,1,0.30000000000000004,False,Trend,Trend,False
2023-09-11 00:00:00+09:00,161441.171875,162529.04765625,170105.55520833333,39.090794840449234,308.9133642318002,0.006615031241779392,0.011201301689256352,-1,1,-1,-0.19999999999999996,False,MeanReversion,Trend,False
2023-09-12 00:00:00+09:00,162050.390625,162415.90859375,169936.58932291667,44.247766520124756,308.20194903906327,0.006452267938383298,0.011218592655044135,-1,1,-1,-0.19999999999999996,False,MeanReversion,Trend,False
2023-09-13 00:00:00+09:00,165183.46875,162589.96953125,169840.00026041668,62.319015930631174,508.38487322304604,0.006836719498164621,0.011486259209906464,-1,1,1,0.30000000000000004,False,Trend,Trend,False
2023-09-14 00:00:00+09:00,165966.765625,162846.71015625,169668.6296875,65.51734811883543,672.8742958666924,0.006706755570181644,0.010770704673297682,-1,1,1,0.30000000000000004,False,Trend,Trend,False
2023-09-15 00:00:00+09:00,167272.203125,163112.15390625,169547.81510416666,72.3684692314325,838.1570941450022,0.006744396881724538,0.010766410972570018,-1,1,-1,-0.19999999999999996,False,MeanReversion,Trend,False
2023-09-18 00:00:00+09:00,166227.84375,163325.3796875,169439.83359375,64.23849484815554,843.4038909304288,0.006965007353112476,0.010715632338938137,-1,1,1,0.30000000000000004,False,Trend,Trend,False
2023-09-19 00:00:00+09:00,165357.53125,163416.7609375,169308.70729166668,57.333318970469946,757.2531535220505,0.006821827072842984,0.010721112308345047,-1,1,1,0.30000000000000004,False,Trend,Trend,False
2023-09-20 00:00:00+09:00,169622.015625,163738.77265625,169169.45859375,65.59144870642766,944.2971839850442,0.008763771946920384,0.010652492225580481,-1,1,1,0.30000000000000004,False,Trend,Trend,False
2023-09-21 00:00:00+09:00,167011.09375,163978.10625,168986.69453125,61.30641932337861,851.8446361688264,0.009453242110878972,0.010819645126346521,-1,1,1,0.30000000000000004,False,Trend,Trend,False
2023-09-22 00:00:00+09:00,166663.015625,164208.7375,168798.12916666668,60.39624112208177,731.523438635958,0.00947019435257043,0.010819533633381487,-1,1,1,0.30000000000000004,False,Trend,Trend,False
2023-09-25 00:00:00+09:00,167881.40625,164535.1,168600.86067708334,65.07177567813434,698.3432335419399,0.0094570492072416,0.010782561243318629,-1,1,1,0.30000000000000004,False,Trend,Trend,False
2023-09-26 00:00:00+09:00,167267.421875,164774.19453125,168364.34921875,62.774713463161575,602.9911182583118,0.00946030075692528,0.010693668347175942,-1,1,1,0.30000000000000004,False,Trend,Trend,False
2023-09-27 00:00:00+09:00,167618.28125,164982.96484375,168140.93776041668,62.60629429977424,533.8691049259235,0.009404858419630686,0.010701981474899721,-1,1,1,0.30000000000000004,False,Trend,Trend,False
2023-10-04 00:00:00+09:00,167355.125,165122.00859375,167949.40286458333,66.31605222529576,444.409263076891,0.00932804598149052,0.010607640174823617,-1,1,1,0.30000000000000004,False,Trend,Trend,False
2023-10-05 00:00:00+09:00,167091.984375,165321.86953125,167738.97734375,65.98196277657283,345.8797956036091,0.009057968377634389,0.010578834410395364,-1,1,1,0.30000000000000004,False,Trend,Trend,False
2023-10-06 00:00:00+09:00,168583.109375,165600.640625,167589.66640625,67.59832643027916,357.9955438787659,0.0092061077416665,0.010558243964755007,-1,1,1,0.30000000000000004,False,Trend,Trend,False
2023-10-10 00:00:00+09:00,165250.015625,165743.215625,167363.04635416667,50.17735768284832,130.14012765617247,0.010352866844592983,0.010785025523629163,-1,1,1,0.30000000000000004,False,Trend,Trend,False
2023-10-11 00:00:00+09:00,166127.171875,165925.29765625,167129.28802083334,50.42537921981489,32.21169538475124,0.01039934273533878,0.01076131074798133,-1,1,1,0.30000000000000004,False,Trend,Trend,False
2023-10-12 00:00:00+09:00,164899.1875,166024.22265625,166925.83046875,43.681073384975505,-113.56602387598798,0.010562972192090032,0.010593631108757893,-1,1,-1,-0.19999999999999996,False,MeanReversion,Trend,False
2023-10-13 00:00:00+09:00,164109.765625,166148.9484375,166709.21588541666,44.28229776069984,-253.44596616851607,0.010447393234805187,0.010602603490918062,-1,1,-1,-0.19999999999999996,False,MeanReversion,Trend,False
2023-10-16 00:00:00+09:00,163846.625,166269.22109375,166415.69114583332,45.78311046298655,-348.13286389087307,0.01045295119301344,0.010058304641356541,-1,1,-1,-0.19999999999999996,False,MeanReversion,Trend,False
2023-10-17 00:00:00+09:00,165337.734375,166433.58828125,166219.54270833332,35.85257878769117,-296.7843912011467,0.010599597872733867,0.009704815363761148,1,1,-1,0.5,False,Trend,Trend,True
2023-10-18 00:00:00+09:00,168232.234375,166586.0265625,166100.64661458333,53.958280364137686,-66.35800652814942,0.010444387222319478,0.009923887488086178,1,1,-1,0.5,False,Trend,Trend,False
2023-10-19 00:00:00+09:00,165688.59375,166572.11796875,165932.10338541667,47.23500853488217,-82.66657466553735,0.010999846741832086,0.010090059343280024,1,1,-1,0.5,False,Trend,Trend,False
2023-10-20 00:00:00+09:00,160952.140625,166256.11484375,165706.37734375,33.61005143837485,-392.5206661784929,0.012575446226301265,0.01068982769290975,1,1,-1,0.5,False,Trend,Trend,False
2023-10-23 00:00:00+09:00,162618.65625,166075.65546875,165515.67890625,39.52570088358119,-460.60320021521954,0.012817865206745424,0.010793659603808674,1,1,-1,0.5,False,Trend,Trend,False
2023-10-24 00:00:00+09:00,160338.15625,165824.68671875,165298.57630208333,34.90911682018992,-624.4185153595745,0.013119168892317961,0.010917597713952064,1,1,-1,0.5,False,Trend,Trend,False
2023-10-25 00:00:00+09:00,159636.4375,165325.4078125,165050.921875,34.2857397341151,-737.4725063806626,0.01148106221579254,0.010876060897944255,1,1,-1,0.5,False,Trend,Trend,False
2023-10-26 00:00:00+09:00,157443.625,164847.034375,164792.82942708334,31.78810681487188,-906.2610764700867,0.011390710059858516,0.010950081572099679,1,1,-1,0.5,False,Trend,Trend,False
2023-10-27 00:00:00+09:00,154022.828125,164215.025,164490.778125,24.382699419289366,-1177.4363669134261,0.01215331153954115,0.011257177476414913,-1,1,-1,-0.19999999999999996,False,MeanReversion,Trend,False
2023-10-30 00:00:00+09:00,151303.75,163386.1421875,164157.91380208332,24.92114397847945,-1451.1045463601306,0.012228363449075852,0.01143761150228161,-1,1,-1,-0.19999999999999996,False,MeanReversion,Trend,False
2023-10-31 00:00:00+09:00,148847.859375,162465.1640625,163795.721875,20.596974924330567,-1691.885709971525,0.012471842675609843,0.011583312096213915,-1,1,-1,-0.19999999999999996,False,MeanReversion,Trend,False
2023-11-01 00:00:00+09:00,149374.09375,161552.9546875,163392.98385416667,22.935647372354865,-1705.263382237696,0.012523828245233674,0.011325456202924354,-1,1,-1,-0.19999999999999996,False,MeanReversion,Trend,False
2023-11-02 00:00:00+09:00,150865.203125,160728.45859375,163115.18255208334,27.462585294467985,-1509.9449634171324,0.012982221580887677,0.010590870730694667,-1,1,-1,-0.19999999999999996,False,MeanReversion,Trend,False
2023-11-03 00:00:00+09:00,152093.171875,159978.51796875,162869.45182291666,30.63574857140503,-1207.4103420224274,0.01330055762329798,0.010661632380489141,-1,1,-1,-0.19999999999999996,False,MeanReversion,Trend,False
2023-11-06 00:00:00+09:00,156040.234375,159351.37421875,162682.25234375,35.82883141205845,-677.2559035158715,0.01465762657962566,0.011213140080628922,-1,-1,-1,-1.0,True,Defensive,Trend,False
2023-11-07 00:00:00+09:00,154461.40625,158811.94375,162529.66015625,28.133635625183913,-383.33117207795794,0.01424907666426395,0.010938076753162655,-1,-1,-1,-1.0,True,Defensive,Defensive,False
2023-11-08 00:00:00+09:00,153321.171875,158171.64375,162352.2625,29.446005693205706,-224.01494683919964,0.014124863584985749,0.010961732967332242,-1,1,-1,-0.19999999999999996,False,MeanReversion,Defensive,False
2023-11-09 00:00:00+09:00,153233.421875,157588.35546875,162158.89713541666,34.82747479016375,-89.742675876043,0.014120879924243532,0.010929682899443946,-1,1,-1,-0.19999999999999996,False,MeanReversion,MeanReversion,False
2023-11-10 00:00:00+09:00,152356.34375,157000.684375,161965.41901041666,29.181469394172225,-28.374779800769375,0.014126413896515526,0.010932656858204496,-1,1,-1,-0.19999999999999996,False,MeanReversion,MeanReversion,False
2023-11-13 00:00:00+09:00,152005.484375,156408.62734375,161735.63203125,31.660172706107303,17.7277831141364,0.014121770537075019,0.010813150118347924,-1,-1,-1,-1.0,True,Defensive,MeanReversion,False
2023-11-14 00:00:00+09:00,153672.0,155825.340625,161558.27916666667,37.40735071539697,180.54931275438003,0.014215538196926747,0.010883036664043262,-1,-1,-1,-1.0,True,Defensive,MeanReversion,False
2023-11-15 00:00:00+09:00,160075.0,155417.47890625,161531.15833333333,54.71700966997066,709.8525149986081,0.016778677194086454,0.011982240913857635,-1,-1,1,-0.5,True,Defensive,Defensive,False
2023-11-16 00:00:00+09:00,162092.390625,155237.66875,161552.165625,65.23191230322021,1159.615139008033,0.016816558927106918,0.01207272365196056,-1,-1,1,-0.5,True,Defensive,Defensive,False
2023-11-17 00:00:00+09:00,161741.546875,155277.1390625,161548.46927083333,71.6365372419641,1382.167786935856,0.015491143631179852,0.012042178441743002,-1,1,-1,-0.19999999999999996,False,MeanReversion,Defensive,False
2023-11-20 00:00:00+09:00,161039.84375,155198.1984375,161533.07786458332,77.25491648043503,1425.1017804780179,0.01533617815886549,0.012055113459445979,-1,1,-1,-0.19999999999999996,False,MeanReversion,MeanReversion,False
2023-11-21 00:00:00+09:00,161566.125,155259.596875,161500.34817708333,77.25496414859194,1428.3226091472122,0.015011937926665645,0.011995986942472156,-1,1,-1,-0.19999999999999996,False,MeanReversion,MeanReversion,False
2023-11-22 00:00:00+09:00,160513.5625,155303.453125,161455.87786458334,72.00001140090794,1302.469598480578,0.015055509139550307,0.012021449541226411,-1,1,-1,-0.19999999999999996,False,MeanReversion,MeanReversion,False
2023-11-23 00:00:00+09:00,162092.390625,155535.89140625,161453.67734375,72.44096862788004,1267.2736392771749,0.014815279389293251,0.012067677639729428,-1,1,-1,-0.19999999999999996,False,MeanReversion,MeanReversion,False
2023-11-24 00:00:00+09:00,161390.703125,155904.28515625,161442.68255208334,64.05535287994562,1142.3192414977807,0.013840845924784373,0.012079892612851606,-1,1,1,0.30000000000000004,False,Trend,MeanReversion,False
2023-11-27 00:00:00+09:00,162180.09375,156448.10234375,161456.44817708334,71.1538988578515,1060.2098552261932,0.013007287309944226,0.012083477848538995,-1,1,-1,-0.19999999999999996,False,MeanReversion,MeanReversion,False
2023-11-28 00:00:00+09:00,162881.796875,157149.79921875,161463.05260416667,76.84725130269806,1001.2467577150827,0.012140577998241933,0.012062526954060333,-1,1,-1,-0.19999999999999996,False,MeanReversion,MeanReversion,False
2023-11-29 00:00:00+09:00,162092.390625,157785.7140625,161440.54453125,73.93377932972214,862.4410878829781,0.012319604355150006,0.012054124088159696,-1,1,-1,-0.19999999999999996,False,MeanReversion,MeanReversion,False
2023-11-30 00:00:00+09:00,161653.828125,158325.1453125,161391.87083333332,75.72810076798751,701.2924139027116,0.012328123208336957,0.012022838987880688,-1,1,-1,-0.19999999999999996,False,MeanReversion,MeanReversion,False
2023-12-01 00:00:00+09:00,160338.15625,158737.39453125,161345.92734375,71.88943534729388,477.0137990606328,0.012540303226507402,0.012012779830885698,-1,1,-1,-0.19999999999999996,False,MeanReversion,MeanReversion,False
2023-12-04 00:00:00+09:00,159285.59375,158899.6625,161283.89244791667,65.23810412485346,240.62743061245567,0.0114548345404304,0.012040292772553265,-1,1,1,0.30000000000000004,False,Trend,MeanReversion,False
2023-12-05 00:00:00+09:00,159110.171875,159132.10078125,161229.08671875,46.043196815538856,64.47254775290025,0.01116401068937888,0.012032628279421418,-1,1,1,0.30000000000000004,False,Trend,MeanReversion,False
2023-12-06 00:00:00+09:00,160425.859375,159487.33515625,161194.75885416666,42.748103021567076,30.3160940555166,0.011055737294430906,0.012083084778482571,-1,1,-1,-0.19999999999999996,False,MeanReversion,MeanReversion,False
2023-12-07 00:00:00+09:00,160162.6875,159833.7984375,161148.7921875,43.07678183096294,-13.876170785859472,0.0110727534014118,0.01207845237295377,-1,1,-1,-0.19999999999999996,False,MeanReversion,MeanReversion,False
2023-12-08 00:00:00+09:00,162355.546875,160333.75859375,161161.13046875,55.1020779129499,94.72774715915284,0.011185638049825983,0.012165637289686284,-1,1,1,0.30000000000000004,False,Trend,MeanReversion,False
2023-12-11 00:00:00+09:00,162618.65625,160864.4171875,161180.75520833334,54.16658419516057,170.0401150332425,0.01111859308734915,0.012166284072679478,-1,1,1,0.30000000000000004,False,Trend,Trend,False
2023-12-12 00:00:00+09:00,162794.109375,161320.52265625,161193.15052083333,59.70155206221543,214.55641260384198,0.010984665115050593,0.012157578701165978,1,1,1,1.0,False,Trend,Trend,True
2023-12-13 00:00:00+09:00,162267.828125,161430.1640625,161144.55651041667,50.81972718591482,192.16464615125824,0.00646307556701897,0.011903171288577262,1,1,1,1.0,False,Trend,Trend,False
2023-12-14 00:00:00+09:00,162092.390625,161430.1640625,161079.98359375,53.44819113550436,150.9620611821424,0.005836501637512391,0.01188519957335991,1,1,1,1.0,False,Trend,Trend,False
2023-12-15 00:00:00+09:00,169109.390625,161798.55625,161110.60338541667,71.12290652336893,558.7896125117182,0.011096046297822544,0.013068366918526196,1,1,-1,0.5,False,Trend,Trend,False
2023-12-18 00:00:00+09:00,168407.6875,162166.9484375,161146.93411458333,66.84483624180638,732.8183642722139,0.011090205745051547,0.013053588281581457,1,1,1,1.0,False,Trend,Trend,False
2023-12-19 00:00:00+09:00,168583.109375,162517.79765625,161200.69375,70.5554137051266,805.4895102520236,0.01109051526808491,0.01303418586015229,1,1,-1,0.5,False,Trend,Trend,False
2023-12-20 00:00:00+09:00,174635.25,163223.88203125,161284.24765625,80.3277012943493,1184.0247190068471,0.01312522955315849,0.013410891646530573,1,1,-1,0.5,False,Trend,Trend,False
2023-12-21 00:00:00+09:00,174284.421875,163833.48359375,161405.46979166666,84.12000859344955,1323.1050166340308,0.013126768409383984,0.013250222405377819,1,1,-1,0.5,False,Trend,Trend,False
2023-12-22 00:00:00+09:00,174547.5625,164491.3265625,161536.87890625,88.83915861465664,1340.9752232705841,0.01300459575960912,0.013245488423338897,1,1,-1,0.5,False,Trend,Trend,False
2023-12-26 00:00:00+09:00,174372.109375,165100.92734375,161645.05729166666,88.8390173143786,1250.8901250676172,0.013048216631982938,0.013219604122975357,1,1,-1,0.5,False,Trend,Trend,False
2023-12-27 00:00:00+09:00,174108.984375,165662.28671875,161759.08333333334,86.79223721271032,1089.4170970702571,0.013096898259764728,0.013210661607568536,1,1,-1,0.5,False,Trend,Trend,False
2023-12-28 00:00:00+09:00,178494.609375,166482.39765625,161940.35546875,90.34743882937565,1185.8535433826987,0.013787659536312235,0.01357474806840581,1,1,-1,0.5,False,Trend,Trend,False
2024-01-02 00:00:00+09:00,175863.21875,167192.8671875,162082.15703125,79.16654014767971,988.3749495279335,0.014390790044403176,0.013725612996848968,1,1,-1,0.5,False,Trend,Trend,False
2024-01-03 00:00:00+09:00,169986.484375,167675.28359375,162130.39869791668,62.80482473171948,407.66529393671044,0.01655508628143477,0.014440939212044257,1,1,1,1.0,False,Trend,Trend,False
2024-01-04 00:00:00+09:00,166653.421875,168043.675,162098.23723958334,56.04389850001223,-221.4023620940702,0.01720557552510822,0.014625158309673317,1,1,-1,0.5,False,Trend,Trend,False
2024-01-05 00:00:00+09:00,164285.203125,168302.4265625,162082.15703125,52.986997243241596,-785.7244150936945,0.01759073225387838,0.014513307362073938,1,1,-1,0.5,False,Trend,Trend,False
2024-01-08 00:00:00+09:00,162881.796875,168425.2234375,162028.06744791666,51.127811828072204,-1216.5195792781465,0.017658622067957347,0.014536447286842585,1,1,-1,0.5,False,Trend,Trend,False
2024-01-09 00:00:00+09:00,162794.109375,168556.79453125,161992.9828125,38.75000835027512,-1454.3008909732462,0.017652447391847306,0.014506672767059218,1,1,-1,0.5,False,Trend,Trend,False
2024-01-10 00:00:00+09:00,163758.90625,168626.9625,161987.13515625,41.795601774997166,-1488.1582300312593,0.017441841394812536,0.014515177526733232,1,1,-1,0.5,False,Trend,Trend,False
2024-01-11 00:00:00+09:00,164022.0625,168697.1328125,161990.05911458333,41.97529031488327,-1433.8103679415544,0.017441792939914824,0.014515212743842494,1,1,-1,0.5,False,Trend,Trend,False
2024-01-12 00:00:00+09:00,163144.921875,168714.6734375,161953.51223958333,25.282989188633252,-1396.5293380899966,0.017488576325440593,0.01448232011466564,1,1,-1,0.5,False,Trend,Trend,False
2024-01-15 00:00:00+09:00,164460.640625,168824.3140625,161890.65234375,29.710188891628377,-1228.7736659911345,0.017556544307643487,0.014339845886387545,1,1,-1,0.5,False,Trend,Trend,False
2024-01-16 00:00:00+09:00,163320.359375,168885.7125,161851.18177083333,27.62239090720533,-1141.9686039761082,0.01763640337775971,0.014233910487744965,1,1,-1,0.5,False,Trend,Trend,False
2024-01-17 00:00:00+09:00,159461.03125,168403.29453125,161826.32994791667,24.08542198571739,-1281.372722805298,0.015416980479277146,0.014073877070204287,1,1,-1,0.5,False,Trend,Trend,False
2024-01-18 00:00:00+09:00,158057.625,167885.79140625,161750.31276041668,23.167194030833173,-1395.600875312668,0.015471938549139487,0.014049765152522566,1,1,-1,0.5,False,Trend,Trend,False
2024-01-19 00:00:00+09:00,159373.3125,167425.3015625,161734.23203125,14.379124919007936,-1311.3541238394346,0.015659569299357162,0.01397849573806839,1,1,-1,0.5,False,Trend,Trend,False
2024-01-22 00:00:00+09:00,157969.921875,166592.03515625,161706.45677083332,15.068549978678234,-1277.659873939721,0.012872417291291384,0.014013470773105186,1,1,-1,0.5,False,Trend,Trend,False
2024-01-23 00:00:00+09:00,162092.390625,165982.43359375,161783.93619791666,33.455913172868364,-921.8577797242831,0.014596128149002203,0.014288996070232495,1,1,-1,0.5,False,Trend,Trend,False
2024-01-24 00:00:00+09:00,162267.828125,165368.446875,161921.35286458334,39.406842349985816,-632.6056757091951,0.014588533240577116,0.013981692876168912,1,1,-1,0.5,False,Trend,Trend,False
2024-01-25 00:00:00+09:00,165513.1875,164925.50078125,162158.17682291666,52.84555141587826,-202.87181105988088,0.015500355717337344,0.01397316532754729,1,1,-1,0.5,False,Trend,Trend,False
2024-01-26 00:00:00+09:00,164285.203125,164434.31171875,162415.46588541666,53.27870408361429,7.369978600348418,0.015535051132099765,0.013826624305250034,1,1,1,1.0,False,Trend,Trend,False
2024-01-29 00:00:00+09:00,171565.328125,164087.84765625,162785.31979166667,65.33736531670996,611.9680320491021,0.017676810846104368,0.014837850546745242,1,1,1,1.0,False,Trend,Trend,False
2024-01-30 00:00:00+09:00,166653.421875,163627.3578125,163048.45677083332,54.44743689407097,652.5851721770127,0.01848731369669349,0.015343141283779421,1,1,1,1.0,False,Trend,Trend,False
2024-01-31 00:00:00+09:00,170688.1875,163662.44296875,163358.37369791666,59.17870321923278,907.0491087531296,0.01785138197845882,0.015589662916675743,1,1,1,1.0,False,Trend,Trend,False
2024-02-01 00:00:00+09:00,182441.65625,164451.8546875,163798.39739583334,70.44607874463142,1772.730907148591,0.022581228358016344,0.01743355056737188,1,1,-1,0.5,False,Trend,Trend,False
2024-02-02 00:00:00+09:00,199106.984375,166192.94375,164542.49036458333,77.69981801337767,3285.5547277208857,0.028733050872227574,0.020503017067776397,1,-1,-1,-0.30000000000000004,True,Defensive,Trend,False
2024-02-05 00:00:00+09:00,208755.359375,168486.621875,165466.39348958334,81.97529805300626,4669.395906692583,0.02957681807909502,0.021182533615846714,1,-1,-1,-0.30000000000000004,True,Defensive,Defensive,False
2024-02-06 00:00:00+09:00,206562.53125,170675.04296875,166355.21197916666,83.9443206555153,5133.5296054062965,0.02989089165931247,0.021267286287933045,1,-1,-1,-0.30000000000000004,True,Defensive,Defensive,False
2024-02-07 00:00:00+09:00,214895.21875,173231.85859375,167397.5265625,87.24134019461783,5656.8912830447225,0.030476356201270437,0.021680103981319976,1,-1,-1,-0.30000000000000004,True,Defensive,Defensive,False
2024-02-08 00:00:00+09:00,219280.828125,175994.796875,168518.78229166666,87.7347670011021,5925.153922131762,0.03037506926333405,0.02173333608774722,1,-1,-1,-0.30000000000000004,True,Defensive,Defensive,False
2024-02-13 00:00:00+09:00,218403.71875,178757.73671875,169597.64427083332,88.32032363833147,5670.103614842132,0.030329901815777185,0.0217627970096178,1,-1,-1,-0.30000000000000004,True,Defensive,Defensive,False
2024-02-14 00:00:00+09:00,215333.78125,181301.39375,170518.62395833334,84.21642658074224,4947.55656840542,0.030981030494275696,0.021420457840494095,1,-1,-1,-0.30000000000000004,True,Defensive,Defensive,False
2024-02-15 00:00:00+09:00,209193.921875,183595.071875,171303.64947916666,78.0104465935532,3762.6770085423977,0.03211251337786045,0.02183621172957029,1,-1,-1,-0.30000000000000004,True,Defensive,Defensive,False
2024-02-16 00:00:00+09:00,221473.65625,186695.703125,172299.18463541666,80.15120600783071,3517.049270163283,0.03239819194505114,0.02285532585850299,1,-1,-1,-0.30000000000000004,True,Defensive,Defensive,False
2024-02-19 00:00:00+09:00,221473.65625,189866.5046875,173306.41484375,81.226040172399,3081.322562258545,0.0320942436479967,0.022831296787995285,1,-1,-1,-0.30000000000000004,True,Defensive,Defensive,False
2024-02-20 00:00:00+09:00,212263.828125,192511.03046875,174151.3765625,71.76356914298778,1954.5143446102265,0.03470908285897193,0.023649675636022802,1,-1,-1,-0.30000000000000004,True,Defensive,Defensive,False
2024-02-21 00:00:00+09:00,210071.046875,195116.08671875,174977.33463541666,73.91304198160847,896.9755787723316,0.0347648428571881,0.023685436304224892,1,-1,-1,-0.30000000000000004,True,Defensive,Defensive,False
2024-02-22 00:00:00+09:00,213579.546875,197690.44453125,175835.45390625,73.76093395404429,300.0895543209899,0.03466526338885032,0.023727265717854495,1,-1,-1,-0.30000000000000004,True,Defensive,Defensive,False
2024-02-23 00:00:00+09:00,214018.0625,200277.95625,176712.5765625,69.99998020676018,-173.38170001211256,0.034647230379791685,0.02370080507041159,1,-1,-1,-0.30000000000000004,True,Defensive,Defensive,False
2024-02-26 00:00:00+09:00,209632.484375,202483.92109375,177503.44973958333,57.89475534687223,-852.1460430468032,0.03545490662873022,0.02392665589469159,1,-1,-1,-0.30000000000000004,True,Defensive,Defensive,False
2024-02-27 00:00:00+09:00,209193.921875,204729.35703125,178275.31848958333,50.381680427360244,-1370.1706389819665,0.03532180496917239,0.023940788174509363,1,-1,-1,-0.30000000000000004,True,Defensive,Defensive,False
2024-02-28 00:00:00+09:00,225467.578125,207424.46953125,179331.57161458334,63.21433197519217,-690.6333162895589,0.03743397852803961,0.025589212662058602,1,-1,-1,-0.30000000000000004,True,Defensive,Defensive,False
2024-02-29 00:00:00+09:00,227740.4375,210478.8203125,180433.01510416667,59.80962436059779,-188.0339080884005,0.03608292444138888,0.025572787867405307,1,-1,-1,-0.30000000000000004,True,Defensive,Defensive,False
2024-03-04 00:00:00+09:00,232286.171875,213558.71953125,181632.14869791668,59.90767743763228,322.7952916440554,0.03604449398837324,0.025570018440864272,1,-1,1,0.19999999999999996,True,Defensive,Defensive,False
2024-03-05 00:00:00+09:00,226376.734375,215755.4734375,182750.334375,55.641418940029304,144.04389487649314,0.035044256431089035,0.02585071635823684,1,-1,1,0.19999999999999996,True,Defensive,Defensive,False
2024-03-06 00:00:00+09:00,228195.015625,217209.875,183901.7484375,59.26423982425925,35.28383530159408,0.030048402821002507,0.025835881352369625,1,1,1,1.0,False,Trend,Defensive,False
2024-03-07 00:00:00+09:00,227285.875,218136.40078125,185016.08203125,64.094124016752,-198.04373934363684,0.028561981421163698,0.025866237531292875,1,1,-1,0.5,False,Trend,Defensive,False
2024-03-08 00:00:00+09:00,230013.3125,219308.93984375,186180.25911458334,57.815858869560735,-264.6871001726904,0.02839031431794945,0.025859336586221533,1,1,-1,0.5,False,Trend,Trend,False
2024-03-11 00:00:00+09:00,221376.421875,219633.0,187163.94036458334,49.92315578198716,-948.0040662468946,0.028790553609273725,0.026462146237887948,1,1,-1,0.5,False,Trend,Trend,False
2024-03-12 00:00:00+09:00,219558.140625,219646.865625,188112.93177083333,56.5272723306941,-1544.711082820164,0.028518656852643723,0.026515177150242916,1,1,-1,0.5,False,Trend,Trend,False
2024-03-13 00:00:00+09:00,225922.15625,220022.7875,189165.06588541667,63.19894270128996,-1530.156512893709,0.029196380172951102,0.026683251299374246,1,1,-1,0.5,False,Trend,Trend,False
2024-03-14 00:00:00+09:00,228649.59375,220688.578125,190271.42864583334,62.71394271519765,-1361.8283812760383,0.02903448307147451,0.02667155950310127,1,1,-1,0.5,False,Trend,Trend,False
2024-03-15 00:00:00+09:00,221376.421875,221297.703125,191259.49583333332,55.566040434177985,-1741.0536438027302,0.029240392322535023,0.02710796391879379,1,1,-1,0.5,False,Trend,Trend,False
2024-03-18 00:00:00+09:00,220467.28125,221247.384375,192115.46067708332,58.650668086515296,-2033.4893307346356,0.02632520888269342,0.02668829381056251,1,1,-1,0.5,False,Trend,Trend,False
2024-03-19 00:00:00+09:00,215921.578125,220969.78046875,192907.35885416667,55.04086357671965,-2483.639220700774,0.026724895685799544,0.026865385273746902,1,1,-1,0.5,False,Trend,Trend,False
2024-03-20 00:00:00+09:00,219103.5625,221311.7671875,193749.36640625,44.067791672941674,-2510.220037491993,0.025091537709241062,0.026896056156150386,1,1,-1,0.5,False,Trend,Trend,False
2024-03-21 00:00:00+09:00,229104.140625,222263.421875,194657.18125,51.11110036071265,-1829.0545318973263,0.026675927043543272,0.027104702477176983,1,1,-1,0.5,False,Trend,Trend,False
2024-03-22 00:00:00+09:00,221376.421875,222653.265625,195442.04791666666,41.54927804606465,-1867.2048689024487,0.027848557493803026,0.027553774863049652,1,1,-1,0.5,False,Trend,Trend,False
2024-03-25 00:00:00+09:00,217739.875,222839.35625,196161.91979166667,43.0656963608514,-2088.863767947324,0.02814890662539742,0.02767980577465628,1,1,-1,0.5,False,Trend,Trend,False
2024-03-26 00:00:00+09:00,218649.0,223290.18203125,196899.86796875,42.222213169245876,-2119.067450160155,0.027691661643330607,0.027673002813399974,1,1,-1,0.5,False,Trend,Trend,False
2024-03-27 00:00:00+09:00,221831.03125,223922.0375,197695.23541666666,45.71430044557231,-1877.8060343219631,0.027806431218298913,0.027698060467273303,1,1,-1,0.5,False,Trend,Trend,False
2024-03-28 00:00:00+09:00,217247.71875,223511.04453125,198341.12057291667,40.25466751277512,-1970.329073334934,0.022498510491224113,0.027744396426104875,1,1,-1,0.5,False,Trend,Trend,False
2024-03-29 00:00:00+09:00,213581.109375,222803.078125,198969.75208333333,43.56032385026804,-2204.2189012104236,0.02255933905190633,0.027769825383525442,1,1,-1,0.5,False,Trend,Trend,False
2024-04-01 00:00:00+09:00,208539.46875,221615.74296875,199612.30182291666,41.35777096558109,-2597.181223661094,0.022330214084983754,0.027570253020632603,1,1,-1,0.5,False,Trend,Trend,False
2024-04-02 00:00:00+09:00,201664.5625,220380.134375,200195.82083333333,31.125405275548474,-3180.322597663041,0.02276563651513048,0.027821762993687337,1,1,-1,0.5,False,Trend,Trend,False
2024-04-03 00:00:00+09:00,197997.90625,218870.27890625,200757.69921875,26.493789218797033,-3640.1036639200574,0.022688516843250506,0.027869617559048505,1,1,-1,0.5,False,Trend,Trend,False
2024-04-04 00:00:00+09:00,207164.5,217864.21015625,201495.74427083333,39.40871785544361,-3171.1778291680703,0.025536996315187473,0.028349372327404785,1,1,-1,0.5,False,Trend,Trend,False
2024-04-05 00:00:00+09:00,206706.1875,216698.85390625,202227.61223958334,39.675315997158314,-2751.7496436301176,0.02524838174303754,0.028354754350703042,1,1,-1,0.5,False,Trend,Trend,False
2024-04-08 00:00:00+09:00,213122.765625,216286.17109375,203050.34322916667,47.95744669205434,-1940.321491499829,0.025215284882232864,0.028561172132847434,1,1,-1,0.5,False,Trend,Trend,False
2024-04-09 00:00:00+09:00,208997.8125,215758.1546875,203799.9390625,42.72502472354176,-1594.0452714369787,0.025490003650381614,0.02872617665316893,1,1,-1,0.5,False,Trend,Trend,False
2024-04-11 00:00:00+09:00,220914.34375,215507.7640625,204762.76276041666,44.262559227387854,-530.1064339577483,0.027815023859560282,0.029452529398351725,1,1,-1,0.5,False,Trend,Trend,False
2024-04-12 00:00:00+09:00,218164.390625,214983.50390625,205657.82526041666,47.581074084533554,-6.896552691764725,0.027746675840611208,0.029536737908156672,1,1,-1,0.5,False,Trend,Trend,False
2024-04-15 00:00:00+09:00,221372.671875,214983.31640625,206625.36380208333,52.753558856892724,530.2236848703781,0.02705355436958885,0.029523515311034403,1,1,1,1.0,False,Trend,Trend,False
2024-04-16 00:00:00+09:00,221830.984375,215051.5015625,207664.86302083332,52.42845173755211,871.2008656408188,0.027039388783304207,0.02928075049967462,1,1,1,1.0,False,Trend,Trend,False
2024-04-17 00:00:00+09:00,214039.453125,214957.3953125,208597.89348958334,44.44444196867744,542.8933930982523,0.02784723693123906,0.029707267976648435,1,1,-1,0.5,False,Trend,Trend,False
2024-04-18 00:00:00+09:00,211747.78125,214589.60625,209470.80130208333,45.94594407826997,162.052499049849,0.027702640571947806,0.029773855018787924,1,1,1,1.0,False,Trend,Trend,False
2024-04-19 00:00:00+09:00,215414.40625,213905.11953125,210428.209375,51.35134014529806,148.12421958819917,0.02590721447516856,0.029762139754993,1,1,1,1.0,False,Trend,Trend,False
2024-04-22 00:00:00+09:00,224580.984375,214065.34765625,211469.6859375,61.146523370245326,715.5563565810141,0.026647074910598756,0.03001850864324167,1,1,1,1.0,False,Trend,Trend,False
2024-04-23 00:00:00+09:00,228705.921875,214613.65,212576.9875,69.53643266254727,1294.2515853517448,0.026594214322080638,0.030057764712467294,1,1,1,1.0,False,Trend,Trend,False
2024-04-24 00:00:00+09:00,231455.90625,215253.9953125,213676.0328125,74.49669542997849,1758.973984246379,0.026677414565622424,0.030012476426587203,1,1,-1,0.5,False,Trend,Trend,False
2024-04-25 00:00:00+09:00,229164.28125,215620.6578125,214757.35078125,67.91050054240861,1802.1461156202045,0.026676794300682635,0.03003263889321255,1,1,1,1.0,False,Trend,Trend,False
2024-04-26 00:00:00+09:00,228705.921875,216193.56796875,215709.69401041666,67.91044871049573,1691.7228254431325,0.026167780420019198,0.02963291991443158,1,1,1,1.0,False,Trend,Trend,False
2024-04-29 00:00:00+09:00,230539.265625,217041.47578125,216774.45807291666,65.32260813814233,1633.212833094312,0.025776900510055194,0.02929995320964664,1,1,1,1.0,False,Trend,Trend,False
2024-04-30 00:00:00+09:00,230080.921875,218118.5484375,217764.33697916666,69.82759507427933,1460.3357157168816,0.02499109535140821,0.02921328337879835,1,1,1,1.0,False,Trend,Trend,False
2024-05-02 00:00:00+09:00,228247.609375,219447.70078125,218527.76953125,58.51065334495338,1133.7623102507569,0.02353420255543849,0.02811318937877886,1,1,1,1.0,False,Trend,Trend,False
2024-05-03 00:00:00+09:00,220914.34375,220593.52265625,218891.22552083334,52.8845961578491,374.39633336833776,0.024516324327496446,0.02626867457900748,1,1,1,1.0,False,Trend,Trend,False
2024-05-07 00:00:00+09:00,221830.984375,221326.846875,219109.15260416668,50.50503276549001,-90.79200477803624,0.022658447076783404,0.025581032358656948,1,1,-1,0.5,False,Trend,Trend,False
2024-05-08 00:00:00+09:00,221830.984375,222083.08671875,219363.62682291667,50.0,-405.5004866633226,0.022634858154557243,0.0255363516390838,1,1,-1,0.5,False,Trend,Trend,False
2024-05-09 00:00:00+09:00,217247.71875,222289.334375,219402.83515625,53.84610773799511,-900.9626584817756,0.02232147044215962,0.02518705194017927,1,1,-1,0.5,False,Trend,Trend,False
2024-05-10 00:00:00+09:00,221372.671875,222908.07734375,219437.69921875,61.05261571376845,-925.9531428274595,0.022113865055916032,0.025168915183070004,1,1,-1,0.5,False,Trend,Trend,False
2024-05-13 00:00:00+09:00,224580.984375,223091.409375,219540.65364583334,60.63829671487432,-711.1384742664836,0.018603244917899282,0.025229285527136425,1,1,-1,0.5,False,Trend,Trend,False
2024-05-14 00:00:00+09:00,225955.96875,223480.98828125,219717.69010416666,51.94804849810395,-472.65741106916903,0.018364530364141565,0.025165783190415972,1,1,-1,0.5,False,Trend,Trend,False
2024-05-16 00:00:00+09:00,226414.28125,223733.06875,220004.69609375,46.37681875472151,-289.2668573133851,0.018115218710340376,0.024861422624464728,1,1,-1,0.5,False,Trend,Trend,False
2024-05-17 00:00:00+09:00,223664.34375,223824.73671875,220041.20755208333,37.68119021056553,-354.10332572396146,0.0183562403128973,0.023816227454020025,1,1,-1,0.5,False,Trend,Trend,False
2024-05-20 00:00:00+09:00,229622.578125,224603.89296875,220177.02291666667,50.64930637493961,-14.582589568337653,0.017123806059889495,0.02405382215428325,1,1,-1,0.5,False,Trend,Trend,False
2024-05-21 00:00:00+09:00,231914.25,225612.21640625,220504.52994791666,54.321029742341345,326.6249543677777,0.016838490782125577,0.023405892472412593,1,1,1,1.0,False,Trend,Trend,False
2024-05-22 00:00:00+09:00,253914.015625,227537.196875,221235.24609375,70.40001920022343,1907.9831505540005,0.02551342316611711,0.026024676821244506,1,1,-1,0.5,False,Trend,Trend,False
2024-05-23 00:00:00+09:00,248872.421875,228751.76875,221823.46067708332,65.18523456849982,2453.6812788335565,0.024981938176904833,0.026134148197608977,1,1,1,1.0,False,Trend,Trend,False
2024-05-24 00:00:00+09:00,245205.75,229576.76015625,222343.25546875,63.309352517985616,2403.7932090422055,0.025164372897227665,0.02623042989643014,1,1,1,1.0,False,Trend,Trend,False
2024-05-27 00:00:00+09:00,243372.421875,230172.5859375,222905.58776041667,69.29133858267717,2094.739447915631,0.02519580228580348,0.02608947398961936,1,1,1,1.0,False,Trend,Trend,False
2024-05-28 00:00:00+09:00,242914.09375,230860.0765625,223467.590625,68.25397684335783,1722.4217140045675,0.0250499959050848,0.026088865204476737,1,1,1,1.0,False,Trend,Trend,False
2024-05-29 00:00:00+09:00,239247.515625,231387.15625,223697.25625,64.17916257486097,1121.3000909771781,0.025358575564778066,0.024387339382172225,1,1,1,1.0,False,Trend,Trend,False
2024-05-30 00:00:00+09:00,235580.859375,231639.2359375,223827.92994791668,65.15152415174032,405.71975622711307,0.02561968941358924,0.024448937127514118,1,1,1,1.0,False,Trend,Trend,False
2024-05-31 00:00:00+09:00,231914.25,231730.90234375,223821.73125,58.778651978088924,-345.0109039491199,0.02588777123038174,0.02440540403807493,1,1,-1,0.5,False,Trend,Trend,False
2024-06-03 00:00:00+09:00,242914.09375,232464.2265625,224097.35390625,63.513511334557705,-141.65344083006403,0.027745077438448798,0.024886975474028683,1,1,-1,0.5,False,Trend,Trend,False
2024-06-04 00:00:00+09:00,237414.203125,233289.21953125,224251.00703125,57.96181552676008,-403.60400461626705,0.027162821291673696,0.025062472141022644,1,1,-1,0.5,False,Trend,Trend,False
2024-06-05 00:00:00+09:00,241997.46875,234297.54375,224496.20026041666,60.24099701146291,-299.0653727950994,0.027384108817844664,0.025167163494387294,1,1,-1,0.5,False,Trend,Trend,False
2024-06-07 00:00:00+09:00,242914.09375,235351.69921875,224711.21328125,62.96295828651035,-203.61330933189038,0.027365538867565903,0.025129397409189392,1,1,-1,0.5,False,Trend,Trend,False
2024-06-10 00:00:00+09:00,245205.75,236749.60078125,225108.36875,61.03897943872849,-30.644927803204155,0.026715136147793424,0.024617934904967186,1,1,-1,0.5,False,Trend,Trend,False
2024-06-11 00:00:00+09:00,248414.078125,238101.67109375,225589.30104166668,61.53848002980805,240.41159531105404,0.026600466771866643,0.024625175086661136,1,1,1,1.0,False,Trend,Trend,False
2024-06-12 00:00:00+09:00,247497.40625,239247.4921875,225948.88854166667,43.63634222362858,294.94282454283257,0.026599192554465557,0.024387497061223378,1,1,-1,0.5,False,Trend,Trend,False
2024-06-13 00:00:00+09:00,246580.765625,240278.73203125,226247.74140625,47.524733091881195,210.2313371603068,0.02666545068031039,0.02435739063319202,1,1,1,1.0,False,Trend,Trend,False
2024-06-14 00:00:00+09:00,245664.046875,241241.2203125,226652.53515625,50.52628028161584,42.201783233483184,0.026722971100968676,0.023965704829404057,1,1,1,1.0,False,Trend,Trend,False
2024-06-17 00:00:00+09:00,255289.0,242822.453125,227232.89713541666,61.60718498205794,503.40715160275613,0.027486149054774273,0.024414905123757914,1,1,1,1.0,False,Trend,Trend,False
2024-06-18 00:00:00+09:00,259413.984375,244312.0234375,227957.77057291666,65.00005823924855,982.6851080228989,0.02719370919133556,0.02428265609813147,1,1,1,1.0,False,Trend,Trend,False
2024-06-19 00:00:00+09:00,262622.25,245847.4234375,228683.08203125,71.42854687304387,1387.423482923503,0.02721632948837801,0.024265645454760492,1,1,-1,0.5,False,Trend,Trend,False
2024-06-20 00:00:00+09:00,261705.625,246237.00390625,229226.44010416666,75.22129927663096,1457.8217358332095,0.018637951267957233,0.023654545030122643,1,1,-1,0.5,False,Trend,Trend,False
2024-06-21 00:00:00+09:00,256663.953125,246626.58046875,229814.565625,73.27581317174082,1048.3981594546158,0.01860170170849734,0.02334132006363418,1,1,-1,0.5,False,Trend,Trend,False
2024-06-24 00:00:00+09:00,257580.625,247245.32421875,230478.578125,67.0212634778099,737.5522834588146,0.01819941703315975,0.023207462108217055,1,1,1,1.0,False,Trend,Trend,False
2024-06-25 00:00:00+09:00,264455.5625,248299.48125,231242.02083333334,80.41224287099521,883.3496165108127,0.018787932993901666,0.023405293792347074,1,1,-1,0.5,False,Trend,Trend,False
2024-06-26 00:00:00+09:00,265372.21875,249422.3875,231967.70729166668,78.65156187156455,925.4622070247924,0.018735450497240562,0.02335849336151854,1,1,-1,0.5,False,Trend,Trend,False
2024-06-27 00:00:00+09:00,275064.0625,251213.21484375,232931.31302083333,82.43106500593898,1458.2822482810752,0.019388779254333136,0.023524120833982556,1,1,-1,0.5,False,Trend,Trend,False
2024-06-28 00:00:00+09:00,272294.96875,253048.9203125,233909.87734375,77.06536739498317,1472.1852656216251,0.019099038235134903,0.02343661433838769,1,1,-1,0.5,False,Trend,Trend,False
2024-07-01 00:00:00+09:00,263987.6875,254652.5921875,234834.01432291666,64.12110781255446,803.3227302754904,0.020332044152541195,0.023597306998714172,1,1,1,1.0,False,Trend,Trend,False
2024-07-02 00:00:00+09:00,251526.71875,255083.2234375,235665.05026041667,53.02104879395163,-525.3307142584754,0.02154962482093462,0.024069216419821623,1,1,-1,0.5,False,Trend,Trend,False
2024-07-03 00:00:00+09:00,254757.34375,255950.38046875,236611.04088541667,55.924945251255465,-1195.2799196770602,0.02086785741344878,0.023921205836557585,1,1,-1,0.5,False,Trend,Trend,False
2024-07-04 00:00:00+09:00,256141.90625,256657.60234375,237427.33098958334,57.54137684785849,-1532.3333361473597,0.020551425849048108,0.023307335183941114,1,1,-1,0.5,False,Trend,Trend,False
2024-07-05 00:00:00+09:00,259372.484375,257480.521875,238305.10260416666,53.237019063437856,-1521.764322131684,0.020665388328516054,0.02332341216329659,1,1,-1,0.5,False,Trend,Trend,False
2024-07-08 00:00:00+09:00,261218.578125,258281.16328125,239106.69947916668,51.48414160500198,-1378.7524981252982,0.020635990192877318,0.023061864114404647,1,1,-1,0.5,False,Trend,Trend,False
2024-07-09 00:00:00+09:00,253372.765625,258529.09765625,239846.28203125,42.932140708864615,-1775.597361769217,0.021803672071009132,0.023288684555038987,1,1,-1,0.5,False,Trend,Trend,False
2024-07-10 00:00:00+09:00,253372.765625,258822.865625,240387.25572916667,43.54210083372183,-1985.2623049077429,0.021777517054412266,0.022257811489360825,1,1,-1,0.5,False,Trend,Trend,False
2024-07-11 00:00:00+09:00,257064.875,259347.07109375,241035.59713541667,50.317349555483055,-1826.4689081349807,0.021941662902355823,0.02222614558487543,1,1,-1,0.5,False,Trend,Trend,False
2024-07-12 00:00:00+09:00,250603.6875,259594.053125,241522.78072916667,44.923038999879935,-2088.8539688939127,0.02276688469376763,0.022464018003954776,1,1,-1,0.5,False,Trend,Trend,False
2024-07-15 00:00:00+09:00,247834.625,259221.334375,241956.17473958334,37.136667137470084,-2361.087156045722,0.02111458300413165,0.02252834864228165,1,1,-1,0.5,False,Trend,Trend,False
2024-07-16 00:00:00+09:00,253372.765625,258919.2734375,242611.72994791667,41.33330143361402,-2089.694352992396,0.021420996319537703,0.022126168544505134,1,1,-1,0.5,False,Trend,Trend,False
2024-07-17 00:00:00+09:00,247834.625,258179.8921875,243213.17734375,29.07798710787823,-2193.893727285712,0.021661848975484576,0.02229182995140081,1,1,-1,0.5,False,Trend,Trend,False
2024-07-18 00:00:00+09:00,240450.3125,257117.1265625,243630.44244791666,27.152266950786625,-2640.8627470132756,0.022510097408307974,0.02260571696205579,1,1,-1,0.5,False,Trend,Trend,False
2024-07-19 00:00:00+09:00,238604.265625,256214.1421875,243864.16380208332,29.926957874683467,-2919.7840511708737,0.02224383275243244,0.02202202588902763,1,1,-1,0.5,False,Trend,Trend,False
2024-07-22 00:00:00+09:00,235373.625,255103.7921875,243975.2921875,35.04268730966935,-3160.4615471722636,0.02228268161266887,0.021984264401351022,1,1,-1,0.5,False,Trend,Trend,False
2024-07-23 00:00:00+09:00,243219.390625,254041.98359375,244171.35026041666,40.15742175097709,-2650.4781515539266,0.022793412417074055,0.02233044404571964,1,1,-1,0.5,False,Trend,Trend,False
2024-07-24 00:00:00+09:00,238604.265625,252703.5859375,244328.68333333332,35.82083971184095,-2485.9131770232734,0.022954623946340152,0.022437135896082438,1,1,-1,0.5,False,Trend,Trend,False
2024-07-25 00:00:00+09:00,232143.015625,250557.53359375,244385.96822916667,29.07797314390706,-2658.6260304955845,0.021280760715453453,0.02272726076643168,1,1,-1,0.5,False,Trend,Trend,False
2024-07-26 00:00:00+09:00,224758.734375,248180.721875,244289.62604166666,24.18292337514052,-3086.5303507267886,0.02193978106772756,0.023087660679207027,1,1,-1,0.5,False,Trend,Trend,False
2024-07-29 00:00:00+09:00,235835.140625,246773.09453125,244385.5296875,38.12497381461125,-2466.7995111691703,0.024819900538176735,0.023920814849595726,1,1,-1,0.5,False,Trend,Trend,False
2024-07-30 00:00:00+09:00,230758.453125,245734.68125,244427.37708333333,35.672482085108456,-2248.1489356725006,0.02306120708612093,0.02406835417694828,1,1,-1,0.5,False,Trend,Trend,False
2024-07-31 00:00:00+09:00,229835.421875,244488.58515625,244576.06171875,32.1211916025201,-2022.1490995889012,0.022710037145867553,0.02368700507843588,-1,1,-1,-0.19999999999999996,False,MeanReversion,Trend,False
2024-08-01 00:00:00+09:00,233989.078125,243380.94375,244778.69661458334,38.749975401630536,-1474.798951183804,0.02318277923010396,0.02378779882672391,-1,1,-1,-0.19999999999999996,False,MeanReversion,MeanReversion,False
2024-08-02 00:00:00+09:00,225220.265625,241673.3328125,244835.18463541666,35.838108208231574,-1576.046053089185,0.023979860094139327,0.024317192121020362,-1,1,-1,-0.19999999999999996,False,MeanReversion,MeanReversion,True
2024-08-05 00:00:00+09:00,206759.578125,238950.3828125,244660.38229166667,24.87561795197871,-2693.4344984440468,0.029426917485730793,0.0265947074899382,-1,1,-1,-0.19999999999999996,False,MeanReversion,MeanReversion,True
2024-08-06 00:00:00+09:00,216912.9375,237127.39140625,244586.05338541666,34.123193851924256,-2556.924797262175,0.03191051574714333,0.027217806248556922,-1,1,-1,-0.19999999999999996,False,MeanReversion,MeanReversion,True
2024-08-07 00:00:00+09:00,217835.984375,235350.55234375,244473.63671875,37.56344732756892,-2224.8813252137925,0.03197897578364886,0.027156211251634046,-1,1,-1,-0.19999999999999996,False,MeanReversion,MeanReversion,True
2024-08-08 00:00:00+09:00,218297.5,233412.18359375,244345.99557291667,38.659779871288805,-1812.0702327519666,0.03164887396061472,0.027144632637237823,-1,1,-1,-0.19999999999999996,False,MeanReversion,MeanReversion,True
2024-08-09 00:00:00+09:00,224297.234375,232096.8609375,244310.71145833333,44.00000677115118,-1012.7095432079732,0.032313985275033666,0.027377587085409685,-1,1,-1,-0.19999999999999996,False,MeanReversion,MeanReversion,False
2024-08-12 00:00:00+09:00,224758.734375,230943.06640625,244328.95130208333,39.130444382539125,-364.0998727378601,0.03232873709143388,0.027332967402972995,-1,1,-1,-0.19999999999999996,False,MeanReversion,MeanReversion,False
2024-08-13 00:00:00+09:00,224297.234375,229489.28984375,244240.19557291668,41.14285382637614,97.94694236260875,0.031712816324608505,0.02711639328997644,-1,1,-1,-0.19999999999999996,False,MeanReversion,MeanReversion,False
2024-08-14 00:00:00+09:00,222451.140625,228220.115625,244082.47708333333,43.63635244438426,330.25373714102534,0.0314954554034152,0.02710074241832764,-1,1,-1,-0.19999999999999996,False,MeanReversion,MeanReversion,False
2024-08-16 00:00:00+09:00,235373.625,227966.28125,243773.47057291667,56.49717438478672,1348.1294707100114,0.03378091687538273,0.02545874865239594,-1,-1,1,-0.5,True,Defensive,MeanReversion,False
2024-08-19 00:00:00+09:00,235373.625,227804.74921875,243548.490625,49.673203626768164,1977.2704449049506,0.03374512354787845,0.02533922211708894,-1,-1,1,-0.5,True,Defensive,Defensive,False
2024-08-20 00:00:00+09:00,236296.65625,227850.90078125,243400.00572916667,54.166665687044606,2384.178492195604,0.0336185572010894,0.025280295977298046,-1,-1,1,-0.5,True,Defensive,Defensive,False
2024-08-21 00:00:00+09:00,233066.046875,227343.23359375,243228.2328125,52.3489977109883,2359.9547879681622,0.03284583590631938,0.025322099962462014,-1,1,1,0.30000000000000004,False,Trend,Defensive,False
2024-08-22 00:00:00+09:00,228912.390625,226858.63984375,242994.87109375,46.30872437472535,2002.4903914143097,0.03281481744452259,0.025419729576337754,-1,1,1,0.30000000000000004,False,Trend,Trend,False
2024-08-23 00:00:00+09:00,233066.046875,226904.79140625,242891.84661458334,56.11510072933534,1980.4852548936524,0.032536892472935904,0.02546615255481343,-1,1,1,0.30000000000000004,False,Trend,Trend,False
2024-08-26 00:00:00+09:00,230296.921875,227181.70078125,242803.78098958332,74.28567651470499,1723.5833762515495,0.0317750178315343,0.025435243254371173,-1,1,-1,-0.19999999999999996,False,MeanReversion,Trend,False
2024-08-27 00:00:00+09:00,228450.890625,226812.48828125,242746.05833333332,64.36784919176239,1387.901282792593,0.02983555584040797,0.025376371671747274,-1,1,1,0.30000000000000004,False,Trend,Trend,False
2024-08-28 00:00:00+09:00,239065.765625,227227.85390625,242681.91953125,71.29630558456981,1812.500905099187,0.031195718268612376,0.025347920704269052,-1,1,-1,-0.19999999999999996,False,MeanReversion,Trend,False
2024-08-29 00:00:00+09:00,238604.265625,227666.29609375,242701.75390625,70.37040404037238,1980.3727316619193,0.031178937653289034,0.02517450766874032,-1,1,-1,-0.19999999999999996,False,MeanReversion,MeanReversion,False
2024-08-30 00:00:00+09:00,235835.140625,227758.59921875,242599.0484375,62.37622534395443,1826.7515244419226,0.031079586738566083,0.025093580375509288,-1,1,1,0.30000000000000004,False,Trend,MeanReversion,False
2024-09-02 00:00:00+09:00,227066.328125,227850.90234375,242334.91901041666,52.100849181999436,1092.6282134073697,0.031059742221819273,0.02554763913308585,-1,1,1,0.30000000000000004,False,Trend,MeanReversion,False
2024-09-03 00:00:00+09:00,219220.546875,228473.95078125,241901.83229166668,45.925924625567966,89.55676423351952,0.0252190250996165,0.025882158554780717,-1,1,1,0.30000000000000004,False,Trend,MeanReversion,False
2024-09-04 00:00:00+09:00,214605.375,228358.57265625,241338.35390625,43.97164568049718,-823.5376796332794,0.02340045745341184,0.025926707622105177,-1,1,-1,-0.19999999999999996,False,MeanReversion,MeanReversion,True
2024-09-05 00:00:00+09:00,211374.734375,228035.51015625,240736.309375,28.3333178161119,-1542.1358013393888,0.02359357912423939,0.0259783915554646,-1,1,-1,-0.19999999999999996,False,MeanReversion,MeanReversion,True
2024-09-06 00:00:00+09:00,209990.1875,227620.14453125,240126.46640625,27.6422629959318,-1979.829065621514,0.02360336415586927,0.025983035323840914,-1,1,-1,-0.19999999999999996,False,MeanReversion,MeanReversion,True
2024-09-09 00:00:00+09:00,211836.28125,226997.096875,239562.6703125,28.800022534381185,-2007.827634893477,0.022755739401842626,0.026024409519414683,-1,1,-1,-0.19999999999999996,False,MeanReversion,MeanReversion,True
2024-09-10 00:00:00+09:00,213220.796875,226420.2,238861.53359375,32.231379753586054,-1802.4503674567695,0.022828141988053854,0.02549503203243079,-1,1,-1,-0.19999999999999996,False,MeanReversion,MeanReversion,True
2024-09-11 00:00:00+09:00,206298.0625,225520.24140625,237976.26822916666,30.708649242763727,-1987.6050013048125,0.02381456442658699,0.025660062368525787,-1,1,-1,-0.19999999999999996,False,MeanReversion,MeanReversion,True
2024-09-12 00:00:00+09:00,214143.84375,225104.8765625,237168.29479166667,34.81479512366512,-1460.809034066826,0.025523876718966356,0.02612576161626472,-1,1,-1,-0.19999999999999996,False,MeanReversion,MeanReversion,False
2024-09-13 00:00:00+09:00,218759.015625,224274.14609375,236452.51796875,41.007197398706666,-718.2322016749986,0.0223000638795045,0.026319988796931832,-1,1,-1,-0.19999999999999996,False,MeanReversion,MeanReversion,False
2024-09-19 00:00:00+09:00,227066.328125,223858.78125,235959.22421875,49.019599165510854,357.9255776660393,0.024106239916398764,0.026734038260091037,-1,1,1,0.30000000000000004,False,Trend,MeanReversion,False
2024-09-20 00:00:00+09:00,231219.96875,223604.946875,235519.87994791666,43.884882624030816,1320.858042838503,0.024489909397760894,0.026851648263516537,-1,1,-1,-0.19999999999999996,False,MeanReversion,MeanReversion,False
2024-09-23 00:00:00+09:00,229835.421875,223443.415625,234942.87760416666,43.2623931262738,1805.8998729381829,0.024339447655633086,0.02660064246504855,-1,1,-1,-0.19999999999999996,False,MeanReversion,MeanReversion,False
2024-09-24 00:00:00+09:00,233527.546875,223674.1734375,234412.13307291668,48.25174013921114,2285.847744951849,0.02425325637625956,0.026695335254933807,-1,1,1,0.30000000000000004,False,Trend,MeanReversion,False
2024-09-25 00:00:00+09:00,232143.015625,223628.021875,233696.78229166666,54.33071390907351,2408.2529109258285,0.02395973749588234,0.02622818517351999,-1,1,1,0.30000000000000004,False,Trend,Trend,False
2024-09-26 00:00:00+09:00,239065.765625,224066.4640625,233142.96223958334,67.20000801704813,2824.8029409698884,0.02466501519286479,0.026536074648642938,-1,1,1,0.30000000000000004,False,Trend,Trend,False
2024-09-27 00:00:00+09:00,236740.21875,224480.93046875,232688.83776041667,69.97731834083748,2807.238034232853,0.02470455331068566,0.026285822413029018,-1,1,1,0.30000000000000004,False,Trend,Trend,False
2024-09-30 00:00:00+09:00,226972.953125,223876.28984375,232279.60833333334,62.59209271583324,2037.18770802213,0.02431935722470387,0.026110840516502254,-1,1,1,0.30000000000000004,False,Trend,Trend,False
2024-10-02 00:00:00+09:00,220461.421875,222969.14765625,231708.00963541667,57.8069494255332,1038.991608454286,0.025029194919794575,0.026276434859876047,-1,1,1,0.30000000000000004,False,Trend,Trend,False
2024-10-04 00:00:00+09:00,222786.96875,222316.7390625,231152.09401041668,58.10645625749523,511.7188559141189,0.02515983316164451,0.02631019787578288,-1,1,1,0.30000000000000004,False,Trend,Trend,False
2024-10-07 00:00:00+09:00,229763.59375,222451.60234375,230658.6125,61.309750553716185,602.9068723428625,0.024812356818551127,0.026589979510099768,-1,1,1,0.30000000000000004,False,Trend,Trend,False
2024-10-08 00:00:00+09:00,228833.390625,222932.24453125,230118.859375,66.78169706489804,570.9844448200644,0.023387187303386375,0.026564162933170814,-1,1,1,0.30000000000000004,False,Trend,Trend,False
2024-10-10 00:00:00+09:00,228833.390625,223643.6453125,229709.86979166666,62.38645900719237,521.6342037395142,0.02274061005287487,0.02630418259467278,-1,1,1,0.30000000000000004,False,Trend,Trend,False
2024-10-11 00:00:00+09:00,231158.921875,224632.8546875,229339.6390625,60.87574531487001,611.1686295825457,0.022364798628438272,0.02634759777040921,-1,1,1,0.30000000000000004,False,Trend,Trend,False
2024-10-14 00:00:00+09:00,231158.921875,225691.29140625,228907.87317708333,54.20185511375487,633.2567830153362,0.022241915808042696,0.026264798277463502,-1,1,1,0.30000000000000004,False,Trend,Trend,False
2024-10-15 00:00:00+09:00,228833.390625,226541.146875,228545.03489583332,47.454139305038254,462.05973023779916,0.022464433968169724,0.026104479964213046,-1,1,1,0.30000000000000004,False,Trend,Trend,False
2024-10-16 00:00:00+09:00,229763.59375,227368.28671875,228243.85104166667,49.92262800209916,385.40992139373986,0.022455863723714355,0.026083407004674444,-1,1,1,0.30000000000000004,False,Trend,Trend,False
2024-10-17 00:00:00+09:00,219066.09375,228006.68828125,227672.07317708334,36.46508379357232,-370.89267317402766,0.023911728931709186,0.02657505588846441,1,1,-1,0.5,False,Trend,Trend,True
2024-10-18 00:00:00+09:00,218135.875,228206.28984375,227177.09401041668,36.777846247515846,-889.3714243817777,0.022538597603635073,0.02645069240293857,1,1,-1,0.5,False,Trend,Trend,False
2024-10-21 00:00:00+09:00,220461.421875,228291.41015625,226843.94583333333,30.769213375713875,-1021.8048715982675,0.02215213893375852,0.02623951433968623,1,1,-1,0.5,False,Trend,Trend,False
2024-10-22 00:00:00+09:00,218135.875,227844.8875,226502.80598958334,30.769213375713875,-1199.8232584040916,0.020480328415131463,0.026253894015285533,1,1,-1,0.5,False,Trend,Trend,False
2024-10-23 00:00:00+09:00,224182.28125,227493.003125,226316.28359375,46.8749748479944,-860.0682542860005,0.021052698962541663,0.026464871074731593,1,1,-1,0.5,False,Trend,Trend,False
2024-10-24 00:00:00+09:00,212554.578125,226628.9609375,225805.20338541668,42.05606801755697,-1339.5535392536192,0.02402194195522184,0.02694041340809663,1,1,-1,0.5,False,Trend,Trend,False
2024-10-25 00:00:00+09:00,209763.921875,225440.7796875,225324.53098958332,37.03701629978845,-1740.3745550589815,0.023635774542883837,0.026888067837540778,1,1,-1,0.5,False,Trend,Trend,False
2024-10-28 00:00:00+09:00,210694.140625,224368.3359375,224967.04973958334,28.42102694726077,-1829.4544154496168,0.023735925281013776,0.02669380616820166,-1,1,-1,-0.19999999999999996,False,MeanReversion,Trend,False
2024-10-29 00:00:00+09:00,208368.609375,222833.478125,224693.88098958333,27.550993124129718,-1922.0759078779306,0.022348635470862747,0.026419141955862133,-1,1,-1,-0.19999999999999996,False,MeanReversion,Trend,False
2024-10-30 00:00:00+09:00,205112.84375,221252.109375,224181.84270833334,25.714255547944404,-2067.0464397971227,0.022429247796791587,0.02567233167771994,-1,1,-1,-0.19999999999999996,False,MeanReversion,Trend,False
2024-10-31 00:00:00+09:00,199996.640625,219903.29375,223669.14583333334,19.81980127900536,-2351.2462986360997,0.0213356387697909,0.025721144596874405,-1,1,-1,-0.19999999999999996,False,MeanReversion,Trend,False
2024-11-01 00:00:00+09:00,198601.328125,218810.2890625,223148.57760416667,19.298232172167985,-2464.9966631183815,0.020655057815846593,0.02572724848716066,-1,1,-1,-0.19999999999999996,False,MeanReversion,Trend,False
2024-11-04 00:00:00+09:00,201391.984375,217740.53984375,222605.29270833332,24.347817450232213,-2193.192632172085,0.020807552850831277,0.025679235401178332,-1,1,-1,-0.19999999999999996,False,MeanReversion,Trend,False
2024-11-05 00:00:00+09:00,199996.640625,216252.1921875,222184.89895833333,22.41379659869324,-1956.1210031328746,0.01901629448741181,0.025256437690970007,-1,1,-1,-0.19999999999999996,False,MeanReversion,Trend,False
2024-11-06 00:00:00+09:00,192089.8125,214415.01328125,221940.40286458333,23.636376407754298,-2164.335982616066,0.02040667721710488,0.02332282955733116,-1,1,-1,-0.19999999999999996,False,MeanReversion,Trend,False
2024-11-07 00:00:00+09:00,192089.8125,212577.834375,221526.68411458333,24.074087898893566,-2131.204749752679,0.02040667721710488,0.02241338041601428,-1,1,-1,-0.19999999999999996,False,MeanReversion,Trend,False
2024-11-08 00:00:00+09:00,189299.15625,210484.84609375,221051.0703125,19.266059852733633,-2121.7748962871256,0.019947829185306246,0.022456331824339912,-1,1,-1,-0.19999999999999996,False,MeanReversion,Trend,False
2024-11-11 00:00:00+09:00,196275.765625,208740.68828125,220684.04140625,30.252084471376364,-1499.5349085032458,0.02239337936630326,0.02299537355622363,-1,1,-1,-0.19999999999999996,False,MeanReversion,Trend,False
2024-11-12 00:00:00+09:00,192554.90625,206926.7640625,220155.00260416666,20.175427222603673,-1205.085970002443,0.022524980548669315,0.02278492829700291,-1,1,-1,-0.19999999999999996,False,MeanReversion,Trend,False
2024-11-13 00:00:00+09:00,185950.359375,204736.10234375,219508.19635416666,22.28680303182216,-1312.8091754752077,0.02304849068930695,0.023155033943130236,-1,1,-1,-0.19999999999999996,False,MeanReversion,Trend,False
2024-11-14 00:00:00+09:00,187438.71875,203154.73359375,218893.88776041666,26.095621329177092,-1147.4965329510605,0.021650799017853564,0.023199281398942735,-1,1,-1,-0.19999999999999996,False,MeanReversion,Trend,False
2024-11-15 00:00:00+09:00,191624.703125,201829.175,218380.11380208333,30.912489013034218,-644.9447703037531,0.02265547519350633,0.023412290888762965,-1,1,-1,-0.19999999999999996,False,MeanReversion,MeanReversion,True
2024-11-18 00:00:00+09:00,201857.09375,200898.95859375,217821.50494791666,44.37299504268015,429.97482656187367,0.025952178953959112,0.02322888135152929,-1,1,-1,-0.19999999999999996,False,MeanReversion,MeanReversion,False
2024-11-19 00:00:00+09:00,200461.765625,200015.253125,217239.640625,45.84718331021632,1064.2605860612402,0.025919023773616715,0.0232331839668221,-1,1,1,0.30000000000000004,False,Trend,MeanReversion,False
2024-11-20 00:00:00+09:00,203252.40625,198968.759375,216688.903125,53.032934946675574,1653.828366460315,0.025219420507197842,0.023315917039333296,-1,1,1,0.30000000000000004,False,Trend,Trend,False
2024-11-21 00:00:00+09:00,200461.765625,198364.11875,216145.4984375,51.689192448316106,1824.5079267608526,0.02265014195332339,0.023316400166432903,-1,1,1,0.30000000000000004,False,Trend,Trend,False
2024-11-22 00:00:00+09:00,201857.09375,197968.77734375,215694.57682291666,50.43327642095365,1986.6694851451557,0.022616641739405155,0.023258016878791383,-1,1,1,0.30000000000000004,False,Trend,Trend,False
2024-11-25 00:00:00+09:00,203717.53125,197619.946875,215205.43489583334,53.43644828335601,2160.1455202132893,0.02271151944130672,0.023156710661579216,-1,1,1,0.30000000000000004,False,Trend,Trend,False
2024-11-26 00:00:00+09:00,207903.5,197596.69140625,214832.21119791668,65.68265888501568,2475.105912572073,0.02311004617670277,0.023302030487710436,-1,1,1,0.30000000000000004,False,Trend,Trend,False
2024-11-27 00:00:00+09:00,205577.9375,197619.94609375,214450.9953125,62.78657365329491,2441.0432355704324,0.022971295215412284,0.023320454055686644,-1,1,1,0.30000000000000004,False,Trend,Trend,False
2024-11-28 00:00:00+09:00,203717.53125,197805.990625,213861.85807291666,63.91384170738798,2214.1268360875374,0.0223062228449917,0.02249876577364539,-1,1,1,0.30000000000000004,False,Trend,Trend,False
2024-11-29 00:00:00+09:00,203252.40625,198038.54453125,213272.66041666668,57.70021808704926,1962.2259389856695,0.022242904407560125,0.02249861647296587,-1,1,1,0.30000000000000004,False,Trend,Trend,False
2024-12-02 00:00:00+09:00,200926.859375,198015.28828125,212690.85572916668,59.5338934043084,1584.6702164687385,0.02220056259249764,0.02249750270342554,-1,1,1,0.30000000000000004,False,Trend,Trend,False
2024-12-03 00:00:00+09:00,199531.53125,197992.0328125,212231.94244791666,67.54807274941442,1203.9011820709516,0.022200823395720642,0.022026235117832575,-1,1,1,0.30000000000000004,False,Trend,Trend,False
2024-12-04 00:00:00+09:00,194415.328125,198108.30859375,211818.52213541666,58.2417334953243,600.877163836868,0.02103292800076941,0.021823856618601013,-1,1,1,0.30000000000000004,False,Trend,Trend,False
2024-12-05 00:00:00+09:00,190229.359375,198015.2859375,211412.25520833334,48.35162685064044,-51.84459297138574,0.021620617195556267,0.021831264583697187,-1,1,-1,-0.19999999999999996,False,MeanReversion,Trend,False
2024-12-06 00:00:00+09:00,189299.15625,198015.2859375,211044.32890625,30.98589416745685,-493.605656009453,0.021393762858211804,0.02176651814664049,-1,1,-1,-0.19999999999999996,False,MeanReversion,Trend,False
2024-12-09 00:00:00+09:00,186973.59375,197550.17734375,210660.71901041668,30.136949737849335,-867.9063466425473,0.019763381433371467,0.0218006622625503,-1,1,-1,-0.19999999999999996,False,MeanReversion,Trend,False
2024-12-10 00:00:00+09:00,195810.6875,197712.96640625,210393.62578125,40.697706214159595,-465.9499440731861,0.022113834911686416,0.022631318336686065,-1,1,-1,-0.19999999999999996,False,MeanReversion,Trend,False
2024-12-11 00:00:00+09:00,194415.328125,198136.21484375,210080.20130208333,42.168657631031685,-250.47111229435313,0.020570040679014405,0.022619991183173396,-1,1,-1,-0.19999999999999996,False,MeanReversion,Trend,False
2024-12-12 00:00:00+09:00,196740.890625,198601.3234375,209920.91510416666,43.52941687939714,74.86285000061798,0.02064617809748615,0.022301760750955368,-1,1,-1,-0.19999999999999996,False,MeanReversion,MeanReversion,False
2024-12-13 00:00:00+09:00,199996.640625,199019.9203125,209685.12838541667,45.45452810215091,511.1891015472838,0.020399250121779303,0.021854894682841988,-1,1,1,0.30000000000000004,False,Trend,MeanReversion,False
2024-12-16 00:00:00+09:00,196275.765625,198740.85390625,209310.40755208334,35.6321950040371,547.8132144206593,0.017175651787834183,0.021769363485522976,-1,1,-1,-0.19999999999999996,False,MeanReversion,MeanReversion,False
2024-12-17 00:00:00+09:00,192089.8125,198322.25625,208727.465625,34.065983558747135,301.0630972184231,0.017725965780454878,0.021299171863448346,-1,1,-1,-0.19999999999999996,False,MeanReversion,MeanReversion,False
2024-12-18 00:00:00+09:00,201391.984375,198229.23515625,208230.33255208333,47.66355140186916,749.7289944381869,0.020649940887826845,0.022102159787432768,-1,1,1,0.30000000000000004,False,Trend,MeanReversion,False
2024-12-19 00:00:00+09:00,197206.015625,198066.44765625,207686.50911458334,44.34785199709161,748.2579613686034,0.020954648058990062,0.022229210110151262,-1,1,-1,-0.19999999999999996,False,MeanReversion,MeanReversion,False
2024-12-20 00:00:00+09:00,195810.6875,197764.12734375,207057.89479166668,45.13277019825672,641.1136689706068,0.02091626872812375,0.02210305285934307,-1,1,1,0.30000000000000004,False,Trend,MeanReversion,False
2024-12-23 00:00:00+09:00,199996.640625,197578.0828125,206522.121875,50.42016854168896,828.075208460647,0.021404398683892677,0.022316326352990985,-1,1,1,0.30000000000000004,False,Trend,Trend,False
2024-12-24 00:00:00+09:00,201391.984375,197252.50703125,205894.22552083334,56.75677802413582,1009.5982309193093,0.02090809074687313,0.021958397924376392,-1,1,1,0.30000000000000004,False,Trend,Trend,False
2024-12-26 00:00:00+09:00,202322.1875,197089.71953125,205320.59166666667,62.49999596222582,1146.2114928512165,0.020823068163608544,0.021960115519743188,-1,1,1,0.30000000000000004,False,Trend,Trend,False
2024-12-27 00:00:00+09:00,199996.640625,196903.675,204870.98645833333,60.747638903671415,1037.1278871771297,0.02088208108034259,0.021374614039614527,-1,1,1,0.30000000000000004,False,Trend,Trend,False
2024-12-30 00:00:00+09:00,197206.015625,196601.35546875,204483.39635416667,60.18521657903635,747.7205640139709,0.021087259173373913,0.021139353187031144,-1,1,1,0.30000000000000004,False,Trend,Trend,False
2025-01-02 00:00:00+09:00,196740.890625,196392.05703125,204049.29505208333,51.11109452132773,507.16480907701043,0.020957810596105842,0.021077102377729504,-1,1,1,0.30000000000000004,False,Trend,Trend,False
2025-01-03 00:00:00+09:00,198136.234375,196322.2921875,203522.17239583333,54.444491725344754,427.4134389074229,0.02098426766162103,0.02066752554680664,-1,1,1,0.30000000000000004,False,Trend,Trend,False
2025-01-06 00:00:00+09:00,196740.890625,196438.5703125,202987.29739583333,50.0,273.56252203933445,0.020179536903511312,0.020675100289427505,-1,1,1,0.30000000000000004,False,Trend,Trend,False
2025-01-07 00:00:00+09:00,196275.765625,196740.890625,202444.6703125,45.121943225626715,140.07344727680947,0.019503049377595633,0.02067247148731376,-1,1,1,0.30000000000000004,False,Trend,Trend,False
2025-01-08 00:00:00+09:00,198601.328125,197205.99921875,201902.04375,53.164582261363584,204.12039952578527,0.019568523189079833,0.020690905464526867,-1,1,1,0.30000000000000004,False,Trend,Trend,False
2025-01-09 00:00:00+09:00,198136.234375,197764.13125,201351.665625,59.15493824093723,210.06326545434104,0.019297184817881008,0.020688259978507165,-1,1,1,0.30000000000000004,False,Trend,Trend,False
2025-01-10 00:00:00+09:00,210229.0625,198485.05,201041.59348958332,62.33767310324307,980.2145406822183,0.02098622581422966,0.022145864927954284,-1,1,1,0.30000000000000004,False,Trend,Trend,False
2025-01-13 00:00:00+09:00,204647.734375,198996.6703125,200622.99583333332,59.99995800718918,1058.8267701810532,0.021958974614175727,0.022375826580278885,-1,1,1,0.30000000000000004,False,Trend,Trend,False
2025-01-14 00:00:00+09:00,206508.171875,199485.034375,200413.69713541667,64.19748938981647,1172.3775566619227,0.021904591153697115,0.021594883462234732,-1,1,1,0.30000000000000004,False,Trend,Trend,False
2025-01-15 00:00:00+09:00,205112.84375,199740.84453125,200196.64661458333,57.33332676379725,1091.427192201087,0.021738237683865794,0.02160382238827924,-1,1,1,0.30000000000000004,False,Trend,Trend,False
2025-01-16 00:00:00+09:00,203717.53125,200112.9328125,199917.58177083332,53.33333333333334,890.3242401195971,0.021318431842682607,0.021561928755838795,1,1,1,1.0,False,Trend,Trend,True
2025-01-17 00:00:00+09:00,196740.890625,200345.48671875,199560.99869791666,43.181839872311365,266.2375719402629,0.022272508621116575,0.02196233624748208,1,1,-1,0.5,False,Trend,Trend,False
2025-01-20 00:00:00+09:00,193950.25,199973.4,199057.13151041666,42.69666695982996,-323.7175090726463,0.01966923186277145,0.02168445780329245,1,1,-1,0.5,False,Trend,Trend,False
2025-01-21 00:00:00+09:00,192089.8125,199717.58984375,198716.05208333334,43.67816580177632,-801.251944289212,0.019247357947064,0.02065776352425607,1,1,-1,0.5,False,Trend,Trend,False
2025-01-22 00:00:00+09:00,193950.25,199624.56796875,198452.49088541666,46.666686574362146,-944.0063873730049,0.01934619508428277,0.020652289019526524,1,1,-1,0.5,False,Trend,Trend,False
2025-01-23 00:00:00+09:00,194415.328125,199345.50234375,198181.17734375,45.45450380875085,-956.3407873460629,0.01868583742298283,0.020644403014503585,1,1,-1,0.5,False,Trend,Trend,False
2025-01-24 00:00:00+09:00,190694.5,198810.628125,197886.60885416667,43.01077366277441,-1151.238905057773,0.018987855364640024,0.020737402683988927,1,1,-1,0.5,False,Trend,Trend,False
2025-01-31 00:00:00+09:00,191624.703125,198275.75390625,197661.80651041667,44.680871594552,-1150.9056877625612,0.018993186943033882,0.02066760477976417,1,1,-1,0.5,False,Trend,Trend,False
2025-02-03 00:00:00+09:00,187903.828125,197671.11328125,197460.25963541667,38.14431025943845,-1322.4205130499486,0.0192736076163592,0.020568432665297197,1,1,-1,0.5,False,Trend,Trend,False
2025-02-04 00:00:00+09:00,186973.59375,197159.4921875,197266.4640625,37.75505551805712,-1411.5490425323032,0.01910869964489637,0.020560101062477316,-1,1,-1,-0.19999999999999996,False,MeanReversion,Trend,False
2025-02-05 00:00:00+09:00,190229.359375,196833.915625,197080.4203125,22.784740687884394,-1174.009226562824,0.019622021061509523,0.020605301358670544,-1,1,-1,-0.19999999999999996,False,MeanReversion,Trend,False
2025-02-06 00:00:00+09:00,189299.15625,196392.06171875,196902.12890625,26.086912067928807,-1008.635191884443,0.019523380329561836,0.020596875616551064,-1,1,-1,-0.19999999999999996,False,MeanReversion,Trend,False
2025-02-07 00:00:00+09:00,186508.5,195880.4421875,196809.10703125,19.718242550447158,-1013.5933394528442,0.0197006101958632,0.020024975698526567,-1,1,-1,-0.19999999999999996,False,MeanReversion,Trend,False
2025-02-10 00:00:00+09:00,185485.25,195340.91640625,196699.03098958332,19.942947001295906,-1009.9505625410966,0.01971053343777512,0.020035279791382306,-1,1,-1,-0.19999999999999996,False,MeanReversion,Trend,False
2025-02-11 00:00:00+09:00,185485.25,194685.1125,196635.46588541666,20.833250013997656,-933.5045470524929,0.019425047207156515,0.01995021987099732,-1,1,-1,-0.19999999999999996,False,MeanReversion,Trend,False
2025-02-12 00:00:00+09:00,184276.0,193992.10078125,196435.46979166666,25.547396033528216,-890.478162790183,0.01943552181761403,0.019378546685994234,-1,1,-1,-0.19999999999999996,False,MeanReversion,Trend,False
2025-02-13 00:00:00+09:00,193950.25,193178.16015625,196458.72552083334,50.0,-174.0649460776708,0.01809852243918911,0.020366711074411865,-1,1,-1,-0.19999999999999996,False,MeanReversion,MeanReversion,False
2025-02-14 00:00:00+09:00,191624.703125,192527.00859375,196553.29791666666,49.29178160216717,161.45625327986681,0.01740189565690352,0.019909360166575796,-1,1,1,0.30000000000000004,False,Trend,MeanReversion,False
2025-02-17 00:00:00+09:00,185857.328125,191494.46640625,196526.94140625,38.98727879281421,20.635717911174652,0.018161255584252193,0.020282229850227675,-1,1,-1,-0.19999999999999996,False,MeanReversion,MeanReversion,False
2025-02-18 00:00:00+09:00,186508.5,190564.24921875,196441.67135416667,39.29473089640553,-1.7949096607089814,0.018261349862253553,0.020077880988611695,-1,1,-1,-0.19999999999999996,False,MeanReversion,MeanReversion,False
2025-02-19 00:00:00+09:00,189764.265625,189866.5859375,196240.12421875,48.72446738720101,217.37799322427827,0.018903207294528473,0.019012056797879956,-1,1,1,0.30000000000000004,False,Trend,MeanReversion,False
2025-02-20 00:00:00+09:00,188834.0625,189471.24453125,196046.32916666666,46.173487861283064,308.85970776977683,0.01742158587298048,0.019003197315569875,-1,1,1,0.30000000000000004,False,Trend,MeanReversion,False
2025-02-21 00:00:00+09:00,191624.703125,189354.9671875,195852.53411458334,55.23560854033689,552.2630384163112,0.01755397571298769,0.01901467813005014,-1,1,1,0.30000000000000004,False,Trend,MeanReversion,False
2025-02-24 00:00:00+09:00,192554.90625,189378.221875,195720.753125,57.85341971705141,758.1407959220742,0.01746007365252789,0.018953595481600177,-1,1,1,0.30000000000000004,False,Trend,Trend,False
2025-02-25 00:00:00+09:00,188368.9375,189099.15625,195495.95052083334,47.448994676755255,601.4757059469298,0.017976679439409626,0.019123737200690726,-1,1,1,0.30000000000000004,False,Trend,Trend,False
2025-02-26 00:00:00+09:00,190694.5,188913.11484375,195278.9,51.842775368030935,639.9682531369529,0.018222079223353494,0.019156220957553836,-1,1,1,0.30000000000000004,False,Trend,Trend,False
2025-02-27 00:00:00+09:00,192131.859375,188984.9828125,195016.03932291668,57.70185056704298,740.6223180065558,0.01778180596369707,0.018983658312309467,-1,1,1,0.30000000000000004,False,Trend,Trend,False
2025-02-28 00:00:00+09:00,184944.890625,188650.9921875,194672.15520833334,49.366819766545575,322.88906447589306,0.01970478935756695,0.019531187389719942,-1,1,1,0.30000000000000004,False,Trend,Trend,False
2025-03-04 00:00:00+09:00,182357.578125,188373.6796875,194316.15598958332,46.54458766401345,-105.05766322764157,0.019479203297935056,0.01957357876423203,-1,1,-1,-0.19999999999999996,False,MeanReversion,Trend,False
2025-03-05 00:00:00+09:00,186573.9375,188353.696875,194038.18151041667,52.38055773177854,-82.53843195026775,0.0201988346370287,0.019831468793303404,-1,1,-1,-0.19999999999999996,False,MeanReversion,Trend,False
2025-03-06 00:00:00+09:00,189352.90625,188309.87421875,193845.28229166666,44.443546370695124,129.60085022695898,0.020093998264066777,0.019895331111491017,-1,1,-1,-0.19999999999999996,False,MeanReversion,Trend,False
2025-03-07 00:00:00+09:00,188394.640625,188264.6484375,193659.66744791667,45.962636359943374,210.6726615373434,0.020096135384273427,0.019887179443363007,-1,1,1,0.30000000000000004,False,Trend,Trend,False
2025-03-10 00:00:00+09:00,189161.265625,188397.28671875,193572.09973958333,54.71972529650621,314.94232741169026,0.01981536958084532,0.019623025349883985,-1,1,1,0.30000000000000004,False,Trend,Trend,False
2025-03-11 00:00:00+09:00,187436.390625,188494.84375,193525.55026041667,51.28605490719225,268.56644425479885,0.01989243857645895,0.019457790527526705,-1,1,1,0.30000000000000004,False,Trend,Trend,False
2025-03-12 00:00:00+09:00,189927.84375,188716.9734375,193536.02838541666,50.23162642058969,398.6640434564081,0.020092288682504195,0.01952466037680909,-1,1,1,0.30000000000000004,False,Trend,Trend,False
2025-03-13 00:00:00+09:00,192611.0,189133.7234375,193629.98515625,55.095195014666466,643.8772810021221,0.02020223589174644,0.019537448641885346,-1,1,1,0.30000000000000004,False,Trend,Trend,False
2025-03-14 00:00:00+09:00,190215.34375,188946.978125,193536.72942708334,48.078254677967735,622.8028121092852,0.016814779370957232,0.01866096642099793,-1,1,1,0.30000000000000004,False,Trend,Trend,False
2025-03-17 00:00:00+09:00,190694.484375,188900.4671875,193474.71536458333,47.431610345605634,617.9724530781783,0.016623597861135264,0.018644141719794817,-1,1,1,0.30000000000000004,False,Trend,Trend,False
2025-03-18 00:00:00+09:00,192131.859375,189214.19375,193397.89817708332,55.621490172131836,683.3205977885835,0.015077185028050619,0.018604032928341098,-1,1,1,0.30000000000000004,False,Trend,Trend,False
2025-03-19 00:00:00+09:00,195485.796875,189663.05859375,193322.71744791666,56.94442116877288,909.9827267788604,0.015476615633900319,0.018618056735057495,-1,1,1,0.30000000000000004,False,Trend,Trend,False
2025-03-20 00:00:00+09:00,194048.390625,189877.26484375,193285.59453125,52.77778281034858,918.0249332242383,0.015203089795325635,0.01848479627849871,-1,1,1,0.30000000000000004,False,Trend,Trend,False
2025-03-21 00:00:00+09:00,196444.078125,190257.765625,193358.165625,69.35484889001566,1031.1455456380847,0.015329414993382487,0.018337328655479677,-1,1,1,0.30000000000000004,False,Trend,Trend,False
2025-03-24 00:00:00+09:00,204110.15625,190882.03828125,193403.46848958332,81.26719548080867,1538.1911255964824,0.01715864753804321,0.017980089635882348,-1,1,-1,-0.19999999999999996,False,MeanReversion,Trend,False
2025-03-25 00:00:00+09:00,210818.03125,191795.19453125,193630.33541666667,82.51927320161496,2200.9049428429585,0.018360094672660292,0.018229649029924463,-1,1,-1,-0.19999999999999996,False,MeanReversion,MeanReversion,False
2025-03-26 00:00:00+09:00,212734.546875,193013.475,193912.39973958334,82.10524870424746,2615.658372658492,0.017281408491219095,0.0182255574042834,-1,1,-1,-0.19999999999999996,False,MeanReversion,MeanReversion,False
2025-03-27 00:00:00+09:00,203631.046875,193660.30234375,193972.97317708333,67.09678188536759,2144.0197083385992,0.020469430984003365,0.01894352705649782,-1,1,1,0.30000000000000004,False,Trend,MeanReversion,False
2025-03-28 00:00:00+09:00,196444.078125,193875.91328125,193890.50807291668,57.14286589985705,1258.9536222153793,0.022226643883288825,0.019489430134628713,-1,1,1,0.30000000000000004,False,Trend,MeanReversion,False
2025-03-31 00:00:00+09:00,188969.609375,194077.14921875,193667.96510416668,51.35134837371615,139.93887595015894,0.02228907850905965,0.020095791262034663,1,1,1,1.0,False,Trend,MeanReversion,False
2025-04-01 00:00:00+09:00,190311.1875,194474.8296875,193506.54088541667,50.34486170952676,-504.7491894054583,0.022032114557862484,0.02007596802573195,1,1,-1,0.5,False,Trend,MeanReversion,False
2025-04-02 00:00:00+09:00,188107.15625,194551.490625,193354.89322916666,45.91304367552988,-1043.464948338867,0.021672010319284226,0.020051522918431382,1,1,-1,0.5,False,Trend,MeanReversion,False
2025-04-03 00:00:00+09:00,185711.515625,194369.42109375,193171.0703125,45.91305669528782,-1497.3687433522687,0.021587070655859065,0.020110783081795612,1,1,-1,0.5,False,Trend,MeanReversion,False
2025-04-04 00:00:00+09:00,183794.984375,194139.43828125,192932.04947916666,43.89830770786915,-1840.3312082080379,0.021672446965144986,0.020118810874587768,1,1,-1,0.5,False,Trend,MeanReversion,True
2025-04-07 00:00:00+09:00,171625.015625,193262.62578125,192513.4515625,34.75785149996794,-2745.9350777515565,0.026316387332692284,0.021904245450694686,1,1,-1,0.5,False,Trend,MeanReversion,True
2025-04-08 00:00:00+09:00,171720.859375,192476.84921875,192104.203125,31.43715030411734,-3167.6843882338426,0.02632261402081728,0.021907295436626853,1,1,-1,0.5,False,Trend,MeanReversion,True
2025-04-09 00:00:00+09:00,170570.9375,191509.00390625,191637.02994791666,31.57897446899807,-3336.3362975283053,0.025997148773572152,0.021836891465966082,-1,1,-1,-0.19999999999999996,False,MeanReversion,MeanReversion,True
2025-04-10 00:00:00+09:00,179195.296875,190838.21875,191321.34765625,37.671213600148306,-2706.1346671350852,0.028464625706360182,0.022840326118320597,-1,1,-1,-0.19999999999999996,False,MeanReversion,MeanReversion,True
2025-04-11 00:00:00+09:00,170091.796875,189832.04140625,190652.39322916666,26.17451720888903,-2733.446066753992,0.030428201835186068,0.022325782669492873,-1,-1,-1,-1.0,True,Defensive,MeanReversion,True
2025-04-14 00:00:00+09:00,171816.671875,188888.15078125,190105.20885416667,20.634913165429566,-2474.17051479532,0.030581152989168362,0.022179636689650083,-1,-1,-1,-1.0,True,Defensive,MeanReversion,True
2025-04-15 00:00:00+09:00,179195.296875,188241.32265625,189649.99427083333,26.666663767906726,-1682.4112146802954,0.03226615937567314,0.0228794124041506,-1,-1,-1,-1.0,True,Defensive,Defensive,False
2025-04-16 00:00:00+09:00,174116.515625,187172.85859375,189133.38880208333,28.248588351313174,-1389.5747566051323,0.03234765583352005,0.023125788736327736,-1,-1,-1,-1.0,True,Defensive,Defensive,False
2025-04-17 00:00:00+09:00,174116.515625,186176.26484375,188640.03854166667,31.59557149186527,-1097.5213648321478,0.03237062571431139,0.0231220901840237,-1,-1,-1,-1.0,True,Defensive,Defensive,False
2025-04-18 00:00:00+09:00,179386.96875,185323.409375,188350.80651041667,41.80327890762599,-482.4192263447412,0.033104949225114595,0.023101452901603606,-1,-1,-1,-1.0,True,Defensive,Defensive,False
2025-04-21 00:00:00+09:00,179482.796875,184092.04140625,188109.68229166666,40.536006675160834,-26.21401005082953,0.03157569633031327,0.023042004768923582,-1,-1,-1,-1.0,True,Defensive,Defensive,False
2025-04-22 00:00:00+09:00,177853.734375,182443.8265625,187872.41432291668,40.947547231549855,196.4639194785941,0.030229027732942122,0.023038905293736523,-1,-1,-1,-1.0,True,Defensive,Defensive,False
2025-04-23 00:00:00+09:00,182070.109375,180910.6046875,187674.41197916667,46.88524441175024,633.6927090447471,0.03083346469649246,0.023217827929716883,-1,-1,1,-0.5,True,Defensive,Defensive,False
2025-04-24 00:00:00+09:00,181016.015625,179779.853125,187451.09010416668,47.5873525584747,844.6842487898575,0.029649466919609745,0.023221322843002795,-1,1,1,0.30000000000000004,False,Trend,Defensive,False
2025-04-25 00:00:00+09:00,180920.1875,179003.65859375,187288.18489583334,60.21053693922296,962.0432053698487,0.02880607327296797,0.023099002800556063,-1,1,1,0.30000000000000004,False,Trend,Defensive,False
2025-04-28 00:00:00+09:00,181111.828125,178610.76953125,187112.9703125,60.29410253441461,1030.7158153353053,0.02763578226900845,0.023088185483553115,-1,1,1,0.30000000000000004,False,Trend,Defensive,False
2025-04-29 00:00:00+09:00,184753.234375,178332.871875,187060.46041666667,64.74103268610317,1283.0796078340359,0.028007026578825027,0.023110222628408457,-1,1,1,0.30000000000000004,False,Trend,Trend,False
2025-04-30 00:00:00+09:00,182645.078125,178059.76796875,186988.31848958333,54.147505778322795,1267.5001031506,0.028003756828398466,0.023147850905050425,-1,1,1,0.30000000000000004,False,Trend,Trend,False
2025-05-02 00:00:00+09:00,181495.125,177848.9484375,186842.74791666667,66.95154101117461,1143.0570298734037,0.027902697761296166,0.023042980734740027,-1,1,1,0.30000000000000004,False,Trend,Trend,False
2025-05-07 00:00:00+09:00,179770.265625,177647.7125,186683.93307291667,61.8233669849729,917.6094603961174,0.027888956206602505,0.023064858405480938,-1,1,1,0.30000000000000004,False,Trend,Trend,False
2025-05-08 00:00:00+09:00,179291.140625,178031.01875,186563.64375,50.17924393773274,718.0810035856498,0.02296537325177356,0.022993116700884025,-1,1,1,0.30000000000000004,False,Trend,Trend,False
2025-05-09 00:00:00+09:00,181974.28125,178543.68984375,186505.12760416666,66.1417231849681,745.4295085676201,0.02313394512367873,0.02307048203989601,-1,1,1,0.30000000000000004,False,Trend,Trend,False
2025-05-12 00:00:00+09:00,187628.03125,179396.54453125,186540.840625,72.52394385273976,1101.424809833901,0.02381215358223602,0.0234132329632469,-1,1,-1,-0.19999999999999996,False,MeanReversion,Trend,False
2025-05-13 00:00:00+09:00,188490.46875,179861.303125,186611.08177083332,67.7902413583783,1336.4669538107235,0.02138341780477445,0.023403069447443588,-1,1,1,0.30000000000000004,False,Trend,Trend,False
2025-05-14 00:00:00+09:00,188873.765625,180800.4015625,186526.47369791666,68.14811459767616,1449.7529906197078,0.01709549127500755,0.02243535865566363,-1,1,1,0.30000000000000004,False,Trend,Trend,False
2025-05-15 00:00:00+09:00,184849.0625,181452.02109375,186413.54635416667,62.37289278526819,1196.1734745891235,0.018058766674927482,0.02255160780020929,-1,1,1,0.30000000000000004,False,Trend,Trend,False
2025-05-16 00:00:00+09:00,185711.515625,181777.83203125,186411.11614583334,57.30770436800352,1035.1033679333698,0.015649707387888383,0.02221440274120759,-1,1,1,0.30000000000000004,False,Trend,Trend,False
2025-05-19 00:00:00+09:00,183028.375,182223.425,186353.1140625,53.79062625639492,711.8292080884154,0.014469035321606063,0.022288160776953152,-1,1,1,0.30000000000000004,False,Trend,Trend,False
2025-05-20 00:00:00+09:00,181590.984375,182597.1484375,186216.89270833333,51.20277205464991,381.71370771086265,0.014646928785299516,0.0221876612621746,-1,1,1,0.30000000000000004,False,Trend,Trend,False
2025-05-21 00:00:00+09:00,180153.546875,182635.47734375,186072.21744791666,48.35523492812701,63.74239344041482,0.013253469761735127,0.022200799424142395,-1,1,1,0.30000000000000004,False,Trend,Trend,False
2025-05-22 00:00:00+09:00,174787.3125,182400.703125,185791.59427083333,33.850958254274246,-480.8205185183609,0.014898529373328627,0.022426836101595963,-1,1,-1,-0.19999999999999996,False,MeanReversion,Trend,False
2025-05-23 00:00:00+09:00,172391.625,182127.59765625,185455.53958333333,33.53843159034935,-948.1905173619739,0.015063340917768156,0.02246612820178071,-1,1,-1,-0.19999999999999996,False,MeanReversion,Trend,False
2025-05-26 00:00:00+09:00,174308.171875,181739.50078125,185221.19348958333,38.738785057483085,-1065.3193444735832,0.014213006548291133,0.022368890330034228,-1,1,-1,-0.19999999999999996,False,MeanReversion,Trend,False
2025-05-27 00:00:00+09:00,174308.171875,181404.10859375,184948.08802083333,40.952407573625855,-1076.6651696607141,0.014194288948536497,0.02229876914061976,-1,1,-1,-0.19999999999999996,False,MeanReversion,Trend,False
2025-05-28 00:00:00+09:00,178141.21875,181265.16015625,184714.91067708333,48.28570802972076,-774.0434571197829,0.015148824248971363,0.02247141174248583,-1,1,-1,-0.19999999999999996,False,MeanReversion,Trend,False
2025-05-29 00:00:00+09:00,185523.296875,181485.73359375,184724.55078125,54.640667362687424,-62.24181992039007,0.017756875704022478,0.02258064146980785,-1,1,-1,-0.19999999999999996,False,MeanReversion,MeanReversion,False
2025-05-30 00:00:00+09:00,179986.734375,181247.40859375,184685.03671875,39.97757962410006,44.416446214407415,0.01850645326956197,0.022848056990491646,-1,1,-1,-0.19999999999999996,False,MeanReversion,MeanReversion,False
2025-06-02 00:00:00+09:00,178724.03125,181051.35625,184554.20494791667,37.32332209225258,38.837855118242715,0.018404460281944826,0.022661517888813695,-1,1,-1,-0.19999999999999996,False,MeanReversion,MeanReversion,False
2025-06-04 00:00:00+09:00,180666.671875,181009.93359375,184409.434375,39.7617692463628,167.67284579207444,0.01854616371631189,0.02262121519728848,-1,1,-1,-0.19999999999999996,False,MeanReversion,MeanReversion,False
2025-06-05 00:00:00+09:00,184163.453125,181229.59296875,184338.91458333333,49.13329643636082,472.8013859940155,0.018895065040297386,0.022759368152033794,-1,1,1,0.30000000000000004,False,Trend,MeanReversion,False
2025-06-09 00:00:00+09:00,192128.3125,181871.4515625,184388.36536458333,56.87684260197921,1156.4966630839544,0.020974949222224235,0.023413043832163635,-1,1,1,0.30000000000000004,False,Trend,Trend,False
2025-06-10 00:00:00+09:00,191351.265625,182340.30078125,184453.61328125,59.299523697623236,1481.1058766024123,0.020860015800042254,0.023387485187198624,-1,1,1,0.30000000000000004,False,Trend,Trend,False
2025-06-11 00:00:00+09:00,195236.578125,182720.728125,184542.0921875,64.4560160815519,1857.7954940646464,0.020239134285306735,0.02346856668455682,-1,1,1,0.30000000000000004,False,Trend,Trend,False
2025-06-12 00:00:00+09:00,195722.234375,183082.31640625,184593.94609375,66.83277640563708,2026.1889961738266,0.02023038704412267,0.023402668137014776,-1,1,1,0.30000000000000004,False,Trend,Trend,False
2025-06-13 00:00:00+09:00,193293.921875,183303.32421875,184645.25572916667,71.36664883140554,1864.618290267541,0.02048356881242515,0.02340237916024063,-1,1,-1,-0.19999999999999996,False,MeanReversion,Trend,False
2025-06-16 00:00:00+09:00,195722.234375,183846.9828125,184729.0515625,76.9158803367714,1810.3908339141913,0.019904099433312953,0.023453940820739847,-1,1,-1,-0.19999999999999996,False,MeanReversion,MeanReversion,False
2025-06-17 00:00:00+09:00,199121.890625,184517.5015625,184845.55208333334,77.67969128550861,1884.149381638876,0.02016048355900295,0.02353695927340397,-1,1,-1,-0.19999999999999996,False,MeanReversion,MeanReversion,False
2025-06-18 00:00:00+09:00,200093.1875,185370.7421875,184922.34192708333,78.15310527757808,1874.9939524796036,0.0197085139678283,0.02344186619479757,1,1,-1,0.5,False,Trend,MeanReversion,False
2025-06-19 00:00:00+09:00,201064.515625,186344.41875,185039.27734375,76.69687514898916,1810.0780954573165,0.01949334933772261,0.023426317057814602,1,1,-1,0.5,False,Trend,Trend,False
2025-06-20 00:00:00+09:00,203978.5,187535.66640625,185164.85104166667,73.98994607439906,1833.4659283580286,0.01934618090851029,0.023445805661952146,1,1,-1,0.5,False,Trend,Trend,False
2025-06-23 00:00:00+09:00,195722.234375,188582.4125,185025.05234375,69.10382709370184,1193.9366755465062,0.020564959150481787,0.023530929980388613,1,1,1,1.0,False,Trend,Trend,False
2025-06-24 00:00:00+09:00,200093.1875,189967.490625,184846.30494791668,74.12282156154025,975.5473944005239,0.02034233659444928,0.023323344615433658,1,1,-1,0.5,False,Trend,Trend,False
2025-06-25 00:00:00+09:00,210777.796875,191790.971875,184813.69244791666,78.38830946909434,1433.2681378242814,0.02265534905324008,0.02427353084961851,1,1,-1,0.5,False,Trend,Trend,False
2025-06-26 00:00:00+09:00,203492.828125,193250.2046875,184811.38880208333,67.00853864167073,1140.7238647696531,0.0247041358693496,0.02403700449703989,1,1,1,1.0,False,Trend,Trend,False
2025-06-27 00:00:00+09:00,199121.890625,194299.23828125,184856.01901041667,56.569375098521036,576.6303948693003,0.02531105605264854,0.023745188601743718,1,1,1,1.0,False,Trend,Trend,False
