Date,Close,MA20,MA60,RSI14,MACD_hist,Vol20,Vol60,sig_trend,sig_vol,sig_mom,composite,vol_override,strategy_raw,strategy,entry
2018-01-02 00:00:00+09:00,250321.109375,,,,0.0,,,-1,-1,-1,-1.0,True,Defensive,Defensive,False
2018-01-03 00:00:00+09:00,263981.75,,,,871.7901709401515,,,-1,-1,-1,-1.0,True,Defensive,Defensive,False
2018-01-04 00:00:00+09:00,271365.84375,,,,1841.7593057686136,,,-1,-1,-1,-1.0,True,Defensive,Defensive,False
2018-01-05 00:00:00+09:00,271735.09375,,,,2370.5490460955275,,,-1,-1,-1,-1.0,True,Defensive,Defensive,False
2018-01-08 00:00:00+09:00,272842.6875,,,,2636.8124694731155,,,-1,-1,-1,-1.0,True,Defensive,Defensive,False
2018-01-09 00:00:00+09:00,278749.9375,,,,3024.8645347464185,,,-1,-1,-1,-1.0,True,Defensive,Defensive,False
2018-01-10 00:00:00+09:00,275057.875,,,,2849.409054687083,,,-1,-1,-1,-1.0,True,Defensive,Defensive,False
2018-01-11 00:00:00+09:00,270627.46875,,,,2276.3418755285293,,,-1,-1,-1,-1.0,True,Defensive,Defensive,False
2018-01-12 00:00:00+09:00,285395.65625,,,,2704.1216729917487,,,-1,-1,-1,-1.0,True,Defensive,Defensive,False
2018-01-15 00:00:00+09:00,280965.15625,,,,2505.4094170221815,,,-1,-1,-1,-1.0,True,Defensive,Defensive,False
2018-01-16 00:00:00+09:00,279119.1875,,,,2083.6693155283465,,,-1,-1,-1,-1.0,True,Defensive,Defensive,False
2018-01-17 00:00:00+09:00,284657.1875,,,,2010.726525714752,,,-1,-1,-1,-1.0,True,Defensive,Defensive,False
2018-01-18 00:00:00+09:00,284288.0625,,,,1778.665145250514,,,-1,-1,-1,-1.0,True,Defensive,Defensive,False
2018-01-19 00:00:00+09:00,284657.1875,,,,1502.095808493401,,,-1,-1,-1,-1.0,True,Defensive,Defensive,False
2018-01-22 00:00:00+09:00,278749.9375,,,70.3704864769245,808.1607987024045,,,-1,-1,-1,-1.0,True,Defensive,Defensive,False
2018-01-23 00:00:00+09:00,280596.0625,,,64.33134685946999,381.9666079249346,,,-1,-1,1,-0.5,True,Defensive,Defensive,False
2018-01-24 00:00:00+09:00,285764.875,,,62.914008998934406,357.1045539193601,,,-1,-1,1,-0.5,True,Defensive,Defensive,False
2018-01-25 00:00:00+09:00,289456.9375,,,65.00008728685475,490.03636954451304,,,-1,-1,1,-0.5,True,Defensive,Defensive,False
2018-01-26 00:00:00+09:00,291672.125,,,65.64424887395222,619.5342159834227,,,-1,-1,1,-0.5,True,Defensive,Defensive,False
2018-01-29 00:00:00+09:00,289456.9375,278473.05390625,,59.477234102818294,455.9429998347623,,,-1,-1,1,-0.5,True,Defensive,Defensive,False
2018-01-30 00:00:00+09:00,280226.75,279968.3359375,,54.16669185766481,-331.49513879829374,0.02237817271647995,,-1,-1,-1,-1.0,True,Defensive,Defensive,False
2018-01-31 00:00:00+09:00,280965.15625,280817.50625,,58.86075474689987,-831.7417249659829,0.019386439858587498,,-1,-1,-1,-1.0,True,Defensive,Defensive,False
2018-02-01 00:00:00+09:00,291672.125,281832.8203125,,55.78232232588429,-487.6923792025118,0.020147479011497573,,-1,-1,-1,-1.0,True,Defensive,Defensive,False
2018-02-02 00:00:00+09:00,283180.34375,282405.0828125,,51.89870434040073,-856.5981588915865,0.021470790956095793,,-1,-1,-1,-1.0,True,Defensive,Defensive,False
2018-02-05 00:00:00+09:00,281703.5625,282848.1265625,,52.229254722677474,-1203.3984762620048,0.021525660114726567,,-1,-1,-1,-1.0,True,Defensive,Defensive,False
2018-02-06 00:00:00+09:00,276904.0,282755.8296875,,43.22588395904437,-1727.473020610455,0.02138505720883459,,-1,-1,-1,-1.0,True,Defensive,Defensive,False
2018-02-07 00:00:00+09:00,269519.78125,282478.925,,38.505681428473444,-2496.1962256502347,0.022032753556199117,,-1,-1,-1,-1.0,True,Defensive,Defensive,False
2018-02-08 00:00:00+09:00,266197.0,282257.4015625,,36.263783281013836,-3113.0819417977973,0.021909706267966386,,-1,-1,-1,-1.0,True,Defensive,Defensive,False
2018-02-09 00:00:00+09:00,259920.515625,280983.64453125,,36.065604857947186,-3783.863782484311,0.018415334986496012,,-1,-1,-1,-1.0,True,Defensive,Defensive,False
2018-02-12 00:00:00+09:00,268042.96875,280337.53515625,,41.499901815898035,-3525.732433723374,0.01983050745009299,,-1,-1,-1,-1.0,True,Defensive,Defensive,False
2018-02-13 00:00:00+09:00,264720.1875,279617.58515625,,35.38458700384359,-3421.2802279589473,0.019939980594101528,,-1,-1,-1,-1.0,True,Defensive,Defensive,False
2018-02-14 00:00:00+09:00,268412.25,278805.33828125,,35.38458700384359,-2963.157959126002,0.019638740562951427,,-1,-1,-1,-1.0,True,Defensive,Defensive,False
2018-02-19 00:00:00+09:00,268412.25,278011.54765625,,33.33334079730437,-2536.2428398775,0.01964658716809527,,-1,-1,-1,-1.0,True,Defensive,Defensive,False
2018-02-20 00:00:00+09:00,269150.625,277236.21953125,,35.13509000128563,-2098.3653754177553,0.01966544784773819,,-1,-1,-1,-1.0,True,Defensive,Defensive,False
2018-02-21 00:00:00+09:00,268781.375,276737.79140625,,40.37263799055906,-1742.4746263404882,0.01919506689427335,,-1,-1,-1,-1.0,True,Defensive,Defensive,False
2018-02-22 00:00:00+09:00,265458.5625,275980.91640625,,37.499987404539006,-1641.145949816139,0.01922753416409577,,-1,-1,-1,-1.0,True,Defensive,Defensive,False
2018-02-23 00:00:00+09:00,267673.84375,275076.36484375,,27.586205890113177,-1347.514956624745,0.018778577685088716,,-1,-1,-1,-1.0,True,Defensive,Defensive,False
2018-02-26 00:00:00+09:00,272842.6875,274245.65234375,,39.70592628459261,-757.1845008768399,0.019112180728516576,,-1,-1,-1,-1.0,True,Defensive,Defensive,False
2018-02-27 00:00:00+09:00,279488.375,273636.46484375,,48.00003272807092,84.13982660153681,0.019927397486145117,,-1,-1,1,-0.5,True,Defensive,Defensive,False
2018-02-28 00:00:00+09:00,266935.4375,272510.38984375,,42.105230593475085,-186.72452884373035,0.022197138587788316,,-1,-1,-1,-1.0,True,Defensive,Defensive,False
2018-03-02 00:00:00+09:00,257336.0625,271365.85546875,,40.67797866459574,-951.5730053144191,0.02249862629785621,,-1,-1,-1,-1.0,True,Defensive,Defensive,False
2018-03-05 00:00:00+09:00,257336.0625,270184.40078125,,42.85711766623355,-1371.1680238201495,0.022463864450871493,,-1,-1,-1,-1.0,True,Defensive,Defensive,False
2018-03-06 00:00:00+09:00,257336.0625,268467.59765625,,47.68209897390436,-1549.2438300413528,0.020249315501360676,,-1,-1,-1,-1.0,True,Defensive,Defensive,False
2018-03-07 00:00:00+09:00,256597.71875,267138.46640625,,38.168021792280705,-1610.1933781397793,0.019499567987781238,,-1,-1,-1,-1.0,True,Defensive,Defensive,False
2018-03-08 00:00:00+09:00,264350.96875,266270.83671875,,49.65033599115467,-1048.9517491027455,0.020984919026854718,,-1,-1,-1,-1.0,True,Defensive,Defensive,False
2018-03-09 00:00:00+09:00,254751.609375,265163.2171875,,38.36471676392891,-1232.166175921082,0.02211727643942764,,-1,-1,-1,-1.0,True,Defensive,Defensive,False
2018-03-12 00:00:00+09:00,260658.921875,264720.17421875,,43.99997775140729,-879.9789044316258,0.022220169870180915,,-1,-1,-1,-1.0,True,Defensive,Defensive,False
2018-03-13 00:00:00+09:00,261028.125,264461.73046875,,43.67816734955366,-562.0980119853261,0.022083274347258534,,-1,-1,-1,-1.0,True,Defensive,Defensive,False
2018-03-14 00:00:00+09:00,251059.5625,264018.6828125,,38.00001354261756,-940.8344511655791,0.02313762812749103,,-1,-1,-1,-1.0,True,Defensive,Defensive,False
2018-03-15 00:00:00+09:00,249213.546875,263077.21171875,,38.775511966708315,-1215.8368302774188,0.021853728986748838,,-1,-1,-1,-1.0,True,Defensive,Defensive,False
2018-03-16 00:00:00+09:00,252536.3125,262468.01796875,,39.698387090599994,-1078.7739488338707,0.022062361707085174,,-1,-1,-1,-1.0,True,Defensive,Defensive,False
2018-03-19 00:00:00+09:00,253274.75,261711.14296875,,35.82880705375409,-853.0886472687362,0.021773250047222744,,-1,-1,-1,-1.0,True,Defensive,Defensive,False
2018-03-20 00:00:00+09:00,251428.765625,260861.96875,,28.160854820636672,-746.674730900857,0.021783366411768576,,-1,-1,-1,-1.0,True,Defensive,Defensive,False
2018-03-21 00:00:00+09:00,255120.796875,260160.47734375,,39.333239475324326,-365.47115931884036,0.022113429064309163,,-1,-1,-1,-1.0,True,Defensive,Defensive,False
2018-03-22 00:00:00+09:00,251428.765625,259292.846875,,44.029812799897414,-302.4187120745655,0.022269025622140847,,-1,-1,-1,-1.0,True,Defensive,Defensive,False
2018-03-23 00:00:00+09:00,237398.96875,257889.8671875,,34.30226578527916,-1101.1253172916258,0.025301328752463062,,-1,-1,-1,-1.0,True,Defensive,Defensive,False
2018-03-26 00:00:00+09:00,242198.578125,256616.10390625,,38.91882481774033,-1193.9378762171655,0.025770723738575595,,-1,-1,-1,-1.0,True,Defensive,Defensive,False
2018-03-27 00:00:00+09:00,255120.796875,255730.009375,,49.08250424517597,-318.35715431839617,0.028311334064106717,,-1,-1,-1,-1.0,True,Defensive,Defensive,False
2018-03-28 00:00:00+09:00,247367.546875,254123.96796875,,39.4495316668676,-200.44018677326585,0.028174910617209722,,-1,-1,-1,-1.0,True,Defensive,Defensive,False
2018-03-29 00:00:00+09:00,249963.609375,253275.3765625,268086.2734375,46.74211608507888,97.33220524134958,0.02676348299655355,,-1,-1,1,-0.5,True,Defensive,Defensive,False
2018-03-30 00:00:00+09:00,241433.640625,252480.25546875,267938.14895833336,37.36939463494552,-218.03438962145538,0.026641805609233484,0.02393491882809624,-1,1,-1,-0.19999999999999996,False,MeanReversion,Defensive,False
2018-04-02 00:00:00+09:00,242917.171875,251759.3109375,267587.07265625,38.27318646315521,-261.63746384570277,0.026715515082691117,0.022892754121709876,-1,1,-1,-0.19999999999999996,False,MeanReversion,Defensive,False
2018-04-03 00:00:00+09:00,241062.75,250945.6453125,267082.02109375,42.767057550976844,-345.04272873295486,0.026726940150180886,0.022586864095821762,-1,1,-1,-0.19999999999999996,False,MeanReversion,Defensive,False
2018-04-04 00:00:00+09:00,235499.75,249890.746875,266478.09869791666,40.58417239204845,-684.9093636741654,0.027100588076742208,0.022749698626039507,-1,1,-1,-0.19999999999999996,False,MeanReversion,Defensive,False
2018-04-05 00:00:00+09:00,236241.578125,248485.27734375,265868.0802083333,38.401031787572414,-763.7841975840893,0.02596990579872267,0.022745574256514876,-1,1,-1,-0.19999999999999996,False,MeanReversion,Defensive,False
2018-04-06 00:00:00+09:00,236612.421875,247578.31796875,265165.78828125,38.07697407833186,-696.8742151723964,0.02492907967624105,0.02253663083350222,-1,1,-1,-0.19999999999999996,False,MeanReversion,Defensive,False
2018-04-09 00:00:00+09:00,232162.0625,246153.475,264450.8580729167,36.70876006461359,-848.1862689814261,0.024328181715747757,0.022593464491393808,-1,1,-1,-0.19999999999999996,False,MeanReversion,Defensive,False
2018-04-10 00:00:00+09:00,240691.96875,245136.6671875,263951.93307291664,40.669024793882805,-298.0402235405718,0.026043031982029514,0.023071638988849702,-1,1,-1,-0.19999999999999996,False,MeanReversion,Defensive,False
2018-04-11 00:00:00+09:00,242175.4375,244692.4609375,263231.59609375,43.84000679019806,213.91871870285286,0.02478559003064523,0.02193979935121429,-1,1,-1,-0.19999999999999996,False,MeanReversion,MeanReversion,False
2018-04-12 00:00:00+09:00,238466.703125,244155.11875,262523.28854166664,50.82403184849632,343.2631532092546,0.024945871183648254,0.021937691335862933,-1,1,1,0.30000000000000004,False,Trend,MeanReversion,False
2018-04-13 00:00:00+09:00,242917.171875,243674.16171875,261919.92161458332,50.55758485134465,745.9306936426719,0.025143655926460385,0.022101295615984038,-1,1,1,0.30000000000000004,False,Trend,Trend,False
2018-04-16 00:00:00+09:00,241062.75,243063.56171875,261193.34765625,36.82970122935378,894.7398466261093,0.025147320099876327,0.021921821120975255,-1,1,-1,-0.19999999999999996,False,MeanReversion,Trend,False
2018-04-17 00:00:00+09:00,246996.640625,242841.95546875,260571.82395833332,49.64025244464059,1371.62727444944,0.025812566914319598,0.022198663698918025,-1,1,1,0.30000000000000004,False,Trend,Trend,False
2018-04-18 00:00:00+09:00,259235.234375,243047.67734375,260148.12473958332,57.57566936814099,2428.373790515696,0.02789906670537006,0.023141002170596194,-1,1,1,0.30000000000000004,False,Trend,Trend,False
2018-04-19 00:00:00+09:00,263314.71875,243641.975,259890.87109375,69.28087711331996,3266.9382965688774,0.027839974382284156,0.02310281569519645,-1,1,1,0.30000000000000004,False,Trend,Trend,False
2018-04-20 00:00:00+09:00,259235.234375,244733.78828125,259534.85729166667,63.7498847983906,3396.6592705664975,0.024487131868661645,0.023157706585710647,-1,1,1,0.30000000000000004,False,Trend,Trend,False
2018-04-23 00:00:00+09:00,259606.109375,245604.16484375,259098.87786458334,66.02561938541238,3351.5605283526374,0.024214456511991857,0.023018130793638285,-1,1,1,0.30000000000000004,False,Trend,Trend,False
2018-04-24 00:00:00+09:00,262573.03125,245976.7765625,258650.81276041668,74.49659191866525,3357.287087755638,0.02148093177054431,0.023003248238894703,-1,1,-1,-0.19999999999999996,False,MeanReversion,Trend,False
2018-04-25 00:00:00+09:00,266281.6875,246922.48359375,258227.63880208333,75.79608160106439,3434.2535844591766,0.02023734558998187,0.02306164390291015,-1,1,-1,-0.19999999999999996,False,MeanReversion,MeanReversion,False
2018-04-26 00:00:00+09:00,265910.78125,247719.8421875,257835.20286458332,75.15909807525878,3283.6616760322477,0.02020238467963788,0.02304770767244205,-1,1,-1,-0.19999999999999996,False,MeanReversion,MeanReversion,False
2018-04-27 00:00:00+09:00,260347.90625,248665.55546875,257503.88880208333,73.74997235151181,2659.511399074071,0.0190606396044798,0.022835855209961543,-1,1,-1,-0.19999999999999996,False,MeanReversion,MeanReversion,False
2018-04-30 00:00:00+09:00,276295.03125,250334.4484375,257426.05338541666,76.66660112939445,3137.9192842238285,0.022774992556010225,0.02413945317400472,-1,1,-1,-0.19999999999999996,False,MeanReversion,MeanReversion,False
2018-05-02 00:00:00+09:00,276295.03125,252096.0625,257169.76848958334,76.13629508626823,3257.450118517796,0.022588982216352554,0.02362745353709094,-1,1,-1,-0.19999999999999996,False,MeanReversion,MeanReversion,False
2018-05-03 00:00:00+09:00,267394.34375,253690.7921875,256906.66848958333,70.52642502718018,2570.3322957345995,0.023334942308974836,0.023696678855683988,-1,1,-1,-0.19999999999999996,False,MeanReversion,MeanReversion,False
2018-05-04 00:00:00+09:00,272586.4375,255508.03515625,256754.71640625,70.83339824913844,2307.152642597087,0.023495312369975072,0.02383194007645485,-1,1,-1,-0.19999999999999996,False,MeanReversion,MeanReversion,False
2018-05-08 00:00:00+09:00,266281.6875,256991.4984375,256577.67786458333,66.66676992965313,1584.5253564843606,0.024451730725793742,0.023918846812976007,1,1,1,1.0,False,Trend,MeanReversion,False
2018-05-09 00:00:00+09:00,259977.046875,258382.24765625,256418.63229166667,58.53669764931663,608.2020376786259,0.02474180822046548,0.023864725342062743,1,1,1,1.0,False,Trend,MeanReversion,False
2018-05-10 00:00:00+09:00,266652.5625,259680.27734375,256426.225,55.26320282715224,351.0244745521586,0.024156821898853743,0.024045327355498573,1,1,1,1.0,False,Trend,MeanReversion,False
2018-05-11 00:00:00+09:00,265539.875,260848.49921875,256519.88098958333,51.648331806264245,60.25022718438049,0.024243996594877835,0.023847346925014046,1,1,1,1.0,False,Trend,MeanReversion,False
2018-05-14 00:00:00+09:00,275182.46875,262684.2875,256638.87265625,60.91374401420401,449.9006961606174,0.02470942404330068,0.023961336714160314,1,1,1,1.0,False,Trend,Trend,False
2018-05-15 00:00:00+09:00,274811.5625,264279.00703125,256807.06223958332,60.40608974215027,605.538482543101,0.02462871360403631,0.02390269929751212,1,1,1,1.0,False,Trend,Trend,False
2018-05-16 00:00:00+09:00,269248.5625,265688.29765625,256821.00078125,54.41174040873917,273.61542497656046,0.025166787982064506,0.023991014537994744,1,1,1,1.0,False,Trend,Trend,False
2018-05-17 00:00:00+09:00,267023.40625,266689.6359375,256797.85338541667,50.49999283768423,-134.11160338633363,0.024940958580431376,0.024015227664887277,1,1,-1,0.5,False,Trend,Trend,False
2018-05-18 00:00:00+09:00,267394.34375,267097.59140625,256768.58203125,51.00006951656495,-401.9950618650164,0.022639030554434225,0.024013150725461313,1,1,-1,0.5,False,Trend,Trend,False
2018-05-21 00:00:00+09:00,267765.0625,267320.10859375,256751.64348958334,55.37624593070718,-567.2821184632821,0.02239605035546081,0.024013330667483006,1,1,-1,0.5,False,Trend,Trend,False
2018-05-23 00:00:00+09:00,261460.375,267431.365625,256685.00703125,37.499947335935644,-1084.314998566153,0.022785507757510055,0.02415737855457419,1,1,-1,0.5,False,Trend,Trend,False
2018-05-24 00:00:00+09:00,264798.15625,267690.96796875,256637.07890625,40.8283502946944,-1176.880426185423,0.02294997088675297,0.02419024159332398,1,1,-1,0.5,False,Trend,Trend,False
2018-05-25 00:00:00+09:00,256639.171875,267394.275,256367.0203125,41.31729487197276,-1729.5598203131808,0.02389798141975026,0.024383256290065436,1,1,-1,0.5,False,Trend,Trend,False
2018-05-28 00:00:00+09:00,262573.03125,267208.8421875,256085.09791666668,42.01179773628255,-1638.3429863032416,0.024271737571379726,0.02436269608943287,1,1,-1,0.5,False,Trend,Trend,False
2018-05-29 00:00:00+09:00,258864.390625,266856.52265625,255950.58046875,43.827160975437224,-1759.9539163002555,0.02445985456468909,0.023706809761324728,1,1,-1,0.5,False,Trend,Trend,False
2018-05-30 00:00:00+09:00,253672.171875,266522.7359375,255889.515625,44.65395772896809,-2099.2533187660333,0.024423109852663008,0.023376163882523636,1,1,-1,0.5,False,Trend,Trend,False
2018-05-31 00:00:00+09:00,251817.90625,265298.8796875,255797.54635416667,36.30135523689809,-2339.404009786705,0.019809938991795242,0.023394073592272385,1,1,-1,0.5,False,Trend,Trend,False
2018-06-01 00:00:00+09:00,251817.90625,264075.0234375,255705.57708333334,37.06298465599736,-2381.1542380137903,0.019809938991795242,0.023394073592272385,1,1,-1,0.5,False,Trend,Trend,False
2018-06-04 00:00:00+09:00,261460.375,263778.325,255786.62135416668,37.06283631375377,-1675.5753226386437,0.020775850755075986,0.023897866624971474,1,1,-1,0.5,False,Trend,Trend,False
2018-06-05 00:00:00+09:00,261460.375,263222.021875,255738.44479166667,37.32387178548392,-1150.1134448484281,0.020221916192487414,0.023582920379572492,1,1,-1,0.5,False,Trend,Trend,False
2018-06-07 00:00:00+09:00,272957.25,263555.8,256041.87213541666,53.164593078415926,-28.765971799385568,0.021920853762173797,0.02372845288899761,1,1,-1,0.5,False,Trend,Trend,False
2018-06-08 00:00:00+09:00,267023.40625,263908.11796875,256147.946875,50.0,294.9659748402388,0.02180508221631903,0.023738195178629632,1,1,1,1.0,False,Trend,Trend,False
2018-06-11 00:00:00+09:00,275924.1875,264371.69921875,256396.21458333332,56.02091388276649,1047.836222311381,0.022294093628510248,0.024103641812623665,1,1,1,1.0,False,Trend,Trend,False
2018-06-12 00:00:00+09:00,271473.75,264668.39296875,256736.45104166667,52.4752687947774,1175.7835200721056,0.02262325471394401,0.023641342487980502,1,1,1,1.0,False,Trend,Trend,False
2018-06-14 00:00:00+09:00,274069.90625,264612.76484375,257150.72369791666,58.85422289631976,1352.351313470528,0.02123342090222825,0.02363680043567447,1,1,1,1.0,False,Trend,Trend,False
2018-06-15 00:00:00+09:00,270732.03125,264408.78828125,257453.98567708334,54.166672152479265,1168.3592225127968,0.021403732045929463,0.0236528202787936,1,1,1,1.0,False,Trend,Trend,False
2018-06-18 00:00:00+09:00,264056.5,264149.18515625,257633.68151041667,55.31914369124767,552.355999182621,0.021644975730520002,0.023890430335222465,1,1,1,1.0,False,Trend,Trend,False
2018-06-19 00:00:00+09:00,252188.796875,263407.4546875,257646.34869791666,43.137275959384844,-634.7427358626837,0.0238448490897841,0.02462062582154199,1,1,-1,0.5,False,Trend,Trend,False
2018-06-20 00:00:00+09:00,254043.078125,262739.89140625,257628.38671875,46.7336359994885,-1240.4117035684255,0.023937282748521943,0.0245658428182989,1,1,-1,0.5,False,Trend,Trend,False
2018-06-21 00:00:00+09:00,251447.0,261923.98828125,257628.690625,48.437517486054496,-1731.0859784441366,0.023978016951867777,0.02452900756903966,1,1,-1,0.5,False,Trend,Trend,False
2018-06-22 00:00:00+09:00,254784.78125,261590.20859375,257918.45416666666,52.04077772246283,-1741.3313135389894,0.023724686718642394,0.02339510479533016,1,1,-1,0.5,False,Trend,Trend,False
2018-06-25 00:00:00+09:00,262573.03125,261478.95234375,258258.02838541666,56.682022818330154,-1161.9286544219465,0.024569925779615732,0.023568518328010487,1,1,-1,0.5,False,Trend,Trend,False
2018-06-26 00:00:00+09:00,253672.171875,261330.60234375,258233.88463541667,45.11628444722096,-1305.7310017938344,0.024790250349553962,0.023058034089206716,1,1,-1,0.5,False,Trend,Trend,False
2018-06-27 00:00:00+09:00,245513.1875,260477.61015625,258202.97864583333,40.9283189471581,-1844.9651253323464,0.025135386005890884,0.0231005975614349,1,1,-1,0.5,False,Trend,Trend,False
2018-06-28 00:00:00+09:00,239924.875,259530.634375,258035.66640625,29.855083511842608,-2435.5213593645194,0.025411114541679117,0.0232447212830079,1,1,-1,0.5,False,Trend,Trend,False
2018-06-29 00:00:00+09:00,245140.609375,259104.05625,258097.44921875,36.536772949170775,-2332.2472871714176,0.02570159661609176,0.022981136742858625,1,1,-1,0.5,False,Trend,Trend,False
2018-07-02 00:00:00+09:00,234709.15625,258248.61875,257960.64895833333,25.11152702577236,-2792.7589065140737,0.02733705324549574,0.023649061726241434,1,1,-1,0.5,False,Trend,Trend,False
2018-07-03 00:00:00+09:00,233963.984375,257355.92265625,257842.33619791668,26.287907986267157,-2957.978592001305,0.027324760102883636,0.023633356723028336,-1,1,-1,-0.19999999999999996,False,MeanReversion,Trend,False
2018-07-04 00:00:00+09:00,227258.046875,255645.80625,257704.97447916667,21.86920956467476,-3303.1142303809957,0.026064258872968822,0.02373866981170706,-1,1,-1,-0.19999999999999996,False,MeanReversion,Trend,False
2018-07-05 00:00:00+09:00,230238.46875,254084.7109375,257604.92265625,25.561090390058723,-3117.235830315777,0.026409241731939457,0.023799275835286737,-1,1,-1,-0.19999999999999996,False,MeanReversion,Trend,False
2018-07-06 00:00:00+09:00,232846.375,252079.1671875,257542.15520833334,30.19131080508575,-2624.940437199509,0.02414007430969831,0.023845931869111114,-1,1,-1,-0.19999999999999996,False,MeanReversion,Trend,False
2018-07-09 00:00:00+09:00,227258.046875,250090.89921875,257460.42161458332,32.80626073283264,-2483.4775067964483,0.024216288728214328,0.023926219818679557,-1,1,-1,-0.19999999999999996,False,MeanReversion,Trend,False
2018-07-10 00:00:00+09:00,230238.46875,247806.61328125,257286.19661458334,33.8340222421664,-2016.8273334044698,0.022824937838829332,0.023512689222307915,-1,1,-1,-0.19999999999999996,False,MeanReversion,Trend,False
2018-07-11 00:00:00+09:00,232473.796875,245856.615625,257124.50260416666,37.051640312880075,-1413.7720542179804,0.02312796006418008,0.023534520403622885,-1,1,-1,-0.19999999999999996,False,MeanReversion,MeanReversion,True
2018-07-12 00:00:00+09:00,231728.640625,243739.55234375,257012.2015625,33.68798536377756,-943.8191289314,0.022800470535114612,0.02345744463717567,-1,1,-1,-0.19999999999999996,False,MeanReversion,MeanReversion,False
2018-07-13 00:00:00+09:00,235826.8125,241994.29140625,256894.02890625,30.034827356153457,-270.68684860236317,0.023496934604124987,0.023444608678800976,-1,1,-1,-0.19999999999999996,False,MeanReversion,MeanReversion,False
2018-07-16 00:00:00+09:00,234709.15625,240526.92421875,256788.13567708334,33.983664732423875,162.26259306614247,0.023110566654692456,0.02343252412937024,-1,1,-1,-0.19999999999999996,False,MeanReversion,MeanReversion,False
2018-07-17 00:00:00+09:00,237689.546875,239801.96171875,256633.01744791667,42.75862268443195,683.1321079355876,0.02141222390649992,0.02327109674710302,-1,1,-1,-0.19999999999999996,False,MeanReversion,MeanReversion,False
2018-07-18 00:00:00+09:00,237689.546875,238984.28515625,256273.92265625,47.692306203307275,1040.0448175180509,0.021289302428072487,0.022364997647769672,-1,1,1,0.30000000000000004,False,Trend,MeanReversion,False
2018-07-19 00:00:00+09:00,234336.59375,238128.76484375,255790.95390625,38.40006576221257,1059.134516064999,0.021374879393320768,0.022310731642516898,-1,1,-1,-0.19999999999999996,False,MeanReversion,MeanReversion,False
2018-07-20 00:00:00+09:00,228003.09375,236789.68046875,255270.41822916668,42.10519151516133,672.857062207574,0.021629976403247382,0.02248433071201349,-1,1,-1,-0.19999999999999996,False,MeanReversion,MeanReversion,False
2018-07-23 00:00:00+09:00,236199.375,235470.99765625,254880.30598958334,52.23886296152439,978.4757507212071,0.02210788584977612,0.022995314916871568,-1,1,1,0.30000000000000004,False,Trend,MeanReversion,False
2018-07-24 00:00:00+09:00,242160.171875,234895.39765625,254540.09166666667,65.15142272160563,1556.846965879925,0.021969657503147094,0.023190426160770758,-1,1,1,0.30000000000000004,False,Trend,Trend,False
2018-07-25 00:00:00+09:00,245140.609375,234876.76875,254187.74036458333,65.15143379396437,2082.1070640308744,0.020975232904938752,0.023171427610123214,-1,1,1,0.30000000000000004,False,Trend,Trend,False
2018-07-26 00:00:00+09:00,245513.1875,235156.184375,253847.78046875,63.49198212687998,2375.370104635099,0.020267968451757396,0.02317444595808237,-1,1,1,0.30000000000000004,False,Trend,Trend,False
2018-07-27 00:00:00+09:00,245140.609375,235156.184375,253594.32552083334,71.42843234175129,2454.8804709056812,0.01969680873366145,0.023028114931192008,-1,1,-1,-0.19999999999999996,False,MeanReversion,Trend,False
2018-07-30 00:00:00+09:00,244768.0625,235659.1296875,253068.87604166666,68.57131559017981,2390.6535623343857,0.01685019703116392,0.02161725282617977,-1,1,1,0.30000000000000004,False,Trend,Trend,False
2018-07-31 00:00:00+09:00,246258.34375,236273.84765625,252568.26458333334,67.96110416862624,2353.1343512064705,0.016824626110170864,0.021641054074537817,-1,1,1,0.30000000000000004,False,Trend,Trend,False
2018-08-01 00:00:00+09:00,249238.765625,237372.88359375,252265.67161458332,71.55962985051656,2424.0558507376527,0.015187004468646223,0.021329791662403064,-1,1,-1,-0.19999999999999996,False,MeanReversion,Trend,False
2018-08-02 00:00:00+09:00,240297.453125,237875.8328125,251727.521875,54.91800883560892,1792.8859145794393,0.017594820036010445,0.02163839490502843,-1,1,1,0.30000000000000004,False,Trend,Trend,False
2018-08-03 00:00:00+09:00,239924.875,238229.7578125,251288.24166666667,55.8332686757355,1297.495899338553,0.017477971087654427,0.02145695516810877,-1,1,1,0.30000000000000004,False,Trend,Trend,False
2018-08-06 00:00:00+09:00,246258.34375,239179.77265625,251059.59661458334,58.91473599098517,1338.1862606298073,0.01719138013422567,0.021550281901832277,-1,1,1,0.30000000000000004,False,Trend,Trend,False
2018-08-07 00:00:00+09:00,247376.0,240036.64921875,250738.32057291668,59.84848220075727,1376.8373945159708,0.017061364309378844,0.021286314854359965,-1,1,1,0.30000000000000004,False,Trend,Trend,False
2018-08-08 00:00:00+09:00,248121.09375,240819.0140625,250448.00755208332,64.79991276485094,1385.2700645609657,0.01700149496270532,0.021289770143598286,-1,1,1,0.30000000000000004,False,Trend,Trend,False
2018-08-09 00:00:00+09:00,244768.0625,241470.98515625,249941.10078125,69.23070581066065,1109.6302581799507,0.017364647527724427,0.020790688005462327,-1,1,1,0.30000000000000004,False,Trend,Trend,False
2018-08-10 00:00:00+09:00,244395.453125,241899.4171875,249434.165625,61.458113530669706,858.0633105372171,0.017029761367417965,0.02079061432081761,-1,1,1,0.30000000000000004,False,Trend,Trend,False
2018-08-13 00:00:00+09:00,237689.546875,242048.43671875,248908.18203125,43.8776173977349,228.64040879371387,0.01823455143327495,0.020923123121943683,-1,1,-1,-0.19999999999999996,False,MeanReversion,Trend,False
2018-08-14 00:00:00+09:00,239924.875,242160.203125,248456.53984375,42.708405690731915,-34.532324394616865,0.018136116459108436,0.020958306446144947,-1,1,-1,-0.19999999999999996,False,MeanReversion,Trend,False
2018-08-16 00:00:00+09:00,233591.453125,241955.2984375,247893.15833333333,35.71434188398412,-601.1094985164921,0.019131666620643466,0.021199601597502074,-1,1,-1,-0.19999999999999996,False,MeanReversion,Trend,False
2018-08-17 00:00:00+09:00,233218.953125,241899.41640625,247317.38984375,35.71440875290304,-946.3716282016679,0.018875053248807575,0.021194423441911636,-1,1,-1,-0.19999999999999996,False,MeanReversion,Trend,False
2018-08-20 00:00:00+09:00,239179.796875,242458.2515625,246946.046875,44.09454695562436,-728.4823896109237,0.01855566562435181,0.02129614262064757,-1,1,-1,-0.19999999999999996,False,MeanReversion,Trend,False
2018-08-21 00:00:00+09:00,242905.25,242793.5453125,246581.16510416666,46.616428731801705,-310.0399460563617,0.01718147215702634,0.0213303660052837,-1,1,-1,-0.19999999999999996,False,MeanReversion,MeanReversion,False
2018-08-22 00:00:00+09:00,241415.109375,242756.2921875,246327.43072916666,41.86042126303482,-119.97044812146157,0.01632607366276374,0.020977895714892586,-1,1,-1,-0.19999999999999996,False,MeanReversion,MeanReversion,False
2018-08-23 00:00:00+09:00,236199.375,242309.23046875,245887.86979166666,45.37815244517705,-320.4896978784384,0.01673814023482913,0.02090916476639326,-1,1,-1,-0.19999999999999996,False,MeanReversion,MeanReversion,False
2018-08-24 00:00:00+09:00,237689.546875,241918.0484375,245534.95572916666,47.5409666996346,-326.62512580741907,0.016822565206169336,0.020869640064695136,-1,1,-1,-0.19999999999999996,False,MeanReversion,MeanReversion,False
2018-08-27 00:00:00+09:00,242160.171875,241769.0265625,245343.0890625,45.29902335943563,-19.65291049792438,0.01742178372801598,0.020878621739310807,-1,1,-1,-0.19999999999999996,False,MeanReversion,MeanReversion,False
2018-08-28 00:00:00+09:00,246258.34375,241843.540625,245250.4296875,48.80000053683745,443.7528235555999,0.017847021366788993,0.020982050646830307,-1,1,1,0.30000000000000004,False,Trend,MeanReversion,False
2018-08-29 00:00:00+09:00,247003.4375,241880.7953125,245170.18854166666,48.80000053683745,765.9185472338154,0.017808150521993252,0.02098658311780014,-1,1,1,0.30000000000000004,False,Trend,Trend,False
2018-08-30 00:00:00+09:00,247748.546875,241806.284375,244941.65807291667,53.38991032912258,980.9246229461289,0.01760454461659429,0.02039470236397551,-1,1,1,0.30000000000000004,False,Trend,Trend,False
2018-08-31 00:00:00+09:00,243277.9375,241955.30859375,244638.61744791668,48.83735296020558,782.4034221799122,0.0160255669087967,0.020516243936647378,-1,1,1,0.30000000000000004,False,Trend,Trend,False
2018-09-03 00:00:00+09:00,238062.171875,241862.1734375,244057.0328125,50.40007864679202,285.7607585392807,0.016782534346065123,0.019841205974057467,-1,1,1,0.30000000000000004,False,Trend,Trend,False
2018-09-04 00:00:00+09:00,235826.8125,241340.596875,243537.08958333332,45.6000101999184,-182.15257583703135,0.01567919274342874,0.01969566790779727,-1,1,-1,-0.19999999999999996,False,MeanReversion,Trend,False
2018-09-05 00:00:00+09:00,230611.03125,240502.3484375,242781.8703125,46.72130612155095,-797.3185317194713,0.016218955572453772,0.019324682494474013,-1,1,-1,-0.19999999999999996,False,MeanReversion,Trend,False
2018-09-06 00:00:00+09:00,229865.953125,239589.59140625,242088.40703125,46.34143181170322,-1185.4044828091269,0.01614685699294564,0.01924607686757096,-1,1,-1,-0.19999999999999996,False,MeanReversion,Trend,False
2018-09-07 00:00:00+09:00,229493.3125,238825.85390625,241345.46380208334,37.96283387706901,-1384.3471115605662,0.015986195068268448,0.019179117241979696,-1,1,-1,-0.19999999999999996,False,MeanReversion,Trend,False
2018-09-10 00:00:00+09:00,226512.90625,237931.7265625,240608.47838541667,29.245304668347444,-1617.5757717288695,0.016129544361407924,0.019186128573588253,-1,1,-1,-0.19999999999999996,False,MeanReversion,Trend,False
2018-09-11 00:00:00+09:00,217571.640625,236925.83125,239833.73072916668,24.60316562126782,-2236.7893576727865,0.0173032008636552,0.01958125219388422,-1,1,-1,-0.19999999999999996,False,MeanReversion,Trend,False
2018-09-12 00:00:00+09:00,217199.09375,235789.5421875,239250.56901041666,27.433608282930848,-2513.536910007375,0.017013715913653422,0.018759626782351064,-1,1,-1,-0.19999999999999996,False,MeanReversion,Trend,False
2018-09-13 00:00:00+09:00,218316.75,235025.80703125,238655.13020833334,26.785761762625384,-2460.295682042757,0.016346552230524426,0.018742305732883116,-1,1,-1,-0.19999999999999996,False,MeanReversion,Trend,False
2018-09-14 00:00:00+09:00,219061.828125,234317.95078125,238115.37734375,19.60789231738346,-2221.184426679561,0.016413454456274023,0.01872967991781709,-1,1,-1,-0.19999999999999996,False,MeanReversion,Trend,False
2018-09-17 00:00:00+09:00,218316.75,233274.7984375,237507.57682291666,9.677294246783902,-1968.143808152964,0.014996274616851896,0.018619340776107957,-1,1,-1,-0.19999999999999996,False,MeanReversion,Trend,False
2018-09-18 00:00:00+09:00,220924.640625,232175.76796875,236813.43697916667,14.28566537579114,-1501.172911673133,0.014764240422956742,0.018221362593011686,-1,1,-1,-0.19999999999999996,False,MeanReversion,MeanReversion,False
2018-09-19 00:00:00+09:00,222414.890625,231225.75703125,236292.48229166667,16.000026841741928,-992.4977844701989,0.014978662441402163,0.01778109824396209,-1,1,-1,-0.19999999999999996,False,MeanReversion,MeanReversion,False
2018-09-20 00:00:00+09:00,222414.890625,230536.5328125,235907.51067708334,18.181826847142858,-577.1910144007925,0.014402082211400198,0.017325689491488428,-1,1,-1,-0.19999999999999996,False,MeanReversion,MeanReversion,False
2018-09-21 00:00:00+09:00,226885.515625,229996.33125,235690.18802083333,32.55808963306215,44.44358949447633,0.015165862111026185,0.017314228716965877,-1,1,-1,-0.19999999999999996,False,MeanReversion,MeanReversion,False
2018-09-27 00:00:00+09:00,229135.59375,229345.10234375,235423.43776041668,39.56270594887593,621.0019593681209,0.014646006974656983,0.017122740469641434,-1,1,-1,-0.19999999999999996,False,MeanReversion,MeanReversion,False
2018-09-28 00:00:00+09:00,220885.21875,228076.44609375,235193.03880208332,36.14121069032557,467.55350001689567,0.01572853052597251,0.01685756878585742,-1,1,-1,-0.19999999999999996,False,MeanReversion,MeanReversion,False
2018-10-01 00:00:00+09:00,221635.25,226808.03671875,234987.55989583334,38.27332101223013,437.91417577274206,0.01573917894607032,0.01686458184396417,-1,1,-1,-0.19999999999999996,False,MeanReversion,MeanReversion,False
2018-10-02 00:00:00+09:00,220510.15625,225446.1171875,234875.09505208334,37.46992373705849,366.7655693320976,0.015614545391968264,0.016464818888061058,-1,1,-1,-0.19999999999999996,False,MeanReversion,MeanReversion,False
2018-10-04 00:00:00+09:00,205884.515625,223576.44609375,234469.19583333333,28.282068246923885,-589.0798182486915,0.020896224344372664,0.018567891953803817,-1,1,-1,-0.19999999999999996,False,MeanReversion,MeanReversion,True
2018-10-05 00:00:00+09:00,209259.65625,222136.3203125,234076.08385416667,40.087193387375144,-899.2185758144833,0.021339615745588583,0.018638840719469026,-1,1,-1,-0.19999999999999996,False,MeanReversion,MeanReversion,True
2018-10-08 00:00:00+09:00,203634.40625,220526.7,233682.35651041666,35.62398407102859,-1360.7173430579069,0.02183687318365206,0.018703170478593545,-1,1,-1,-0.19999999999999996,False,MeanReversion,MeanReversion,True
2018-10-10 00:00:00+09:00,204009.390625,219196.61796875,233245.20520833333,34.59437869653246,-1506.8708138265356,0.021629996664592213,0.01860804392964008,-1,1,-1,-0.19999999999999996,False,MeanReversion,MeanReversion,True
2018-10-11 00:00:00+09:00,192758.921875,217341.26640625,232583.290625,26.90333015203811,-2186.185151439463,0.024385019195698986,0.019835188148938594,-1,1,-1,-0.19999999999999996,False,MeanReversion,MeanReversion,True
2018-10-12 00:00:00+09:00,198759.1875,215804.56015625,232033.79973958334,34.2774993405434,-2058.1792861251024,0.025905824362663216,0.02030877818115982,-1,1,-1,-0.19999999999999996,False,MeanReversion,MeanReversion,True
2018-10-15 00:00:00+09:00,199134.1875,214435.62421875,231422.25598958333,31.830145831623298,-1785.1713406080962,0.025942917399971524,0.020146266478646712,-1,1,-1,-0.19999999999999996,False,MeanReversion,MeanReversion,True
2018-10-16 00:00:00+09:00,199509.234375,213532.50390625,230835.590625,30.538288259584007,-1431.51866996414,0.024733776747364628,0.020153679963546344,-1,1,-1,-0.19999999999999996,False,MeanReversion,MeanReversion,True
2018-10-17 00:00:00+09:00,203634.40625,212854.26953125,230268.00494791666,35.08850371053347,-803.2715681975287,0.025347035489079406,0.020279897638004328,-1,1,-1,-0.19999999999999996,False,MeanReversion,MeanReversion,False
2018-10-18 00:00:00+09:00,198009.171875,211838.890625,229606.66536458334,27.4853088730557,-656.265077744195,0.025850451874273664,0.020540340022089144,-1,1,-1,-0.19999999999999996,False,MeanReversion,MeanReversion,True
2018-10-19 00:00:00+09:00,202509.375,211011.26796875,229076.21171875,29.94346292747069,-170.91967518566435,0.026515202032585675,0.020747276147847493,-1,1,-1,-0.19999999999999996,False,MeanReversion,MeanReversion,False
2018-10-22 00:00:00+09:00,199884.265625,210089.64375,228607.56458333333,32.716016201970646,46.71615756149549,0.026592742261980603,0.020536216831955993,-1,1,-1,-0.19999999999999996,False,MeanReversion,MeanReversion,False
2018-10-23 00:00:00+09:00,195759.046875,208831.3640625,227933.55911458333,29.824513100177597,-10.691962987900297,0.026544831188110025,0.020072327188542176,-1,-1,-1,-1.0,True,Defensive,MeanReversion,True
2018-10-24 00:00:00+09:00,199509.234375,207686.08125,227222.71015625,34.26966094883019,265.13152120133054,0.02699269145235183,0.019945735553015993,-1,-1,-1,-1.0,True,Defensive,MeanReversion,False
2018-10-25 00:00:00+09:00,198384.125,206484.54296875,226443.43541666667,42.95769585461686,423.62465130639157,0.02696237307877217,0.019844140077436137,-1,-1,-1,-1.0,True,Defensive,MeanReversion,False
2018-10-26 00:00:00+09:00,198384.125,205059.4734375,225657.95104166667,39.09770361236837,571.1052423416604,0.026326912959023042,0.019838562719518053,-1,-1,-1,-1.0,True,Defensive,MeanReversion,False
2018-10-29 00:00:00+09:00,195759.046875,203390.64609375,224834.925,41.599989067151355,535.1241933077736,0.026067622477135805,0.01987652818106852,-1,-1,-1,-1.0,True,Defensive,MeanReversion,False
2018-10-30 00:00:00+09:00,190508.8125,201871.82578125,223930.60416666666,36.95654996197333,217.28813325497777,0.025598166513965022,0.020102640968666208,-1,1,-1,-0.19999999999999996,False,MeanReversion,MeanReversion,True
2018-10-31 00:00:00+09:00,193508.921875,200465.509375,223051.44713541667,50.86202995123066,265.4747244107348,0.026012387475176604,0.020222681213819326,-1,1,1,0.30000000000000004,False,Trend,MeanReversion,False
2018-11-01 00:00:00+09:00,193883.984375,199134.20078125,222128.86744791668,43.564388293780034,372.4217720026327,0.026083839177286273,0.02012868478237475,-1,1,-1,-0.19999999999999996,False,MeanReversion,MeanReversion,False
2018-11-02 00:00:00+09:00,205509.453125,199115.44765625,221549.06744791666,56.48852485399041,1227.7182136761585,0.02558360974828606,0.021235007008102602,-1,1,1,0.30000000000000004,False,Trend,MeanReversion,False
2018-11-05 00:00:00+09:00,198759.1875,198590.42421875,220862.97265625,49.32431196031032,1331.734847942953,0.026312470150609682,0.02160301086644632,-1,1,1,0.30000000000000004,False,Trend,Trend,False
2018-11-06 00:00:00+09:00,203634.40625,198590.42421875,220152.57369791667,50.0,1698.287090248641,0.02628963953709415,0.021562500854032256,-1,1,1,0.30000000000000004,False,Trend,Trend,False
2018-11-07 00:00:00+09:00,201009.296875,198440.41953125,219379.7953125,52.81689314326357,1727.652132662417,0.026443337891264202,0.021575016965880302,-1,1,1,0.30000000000000004,False,Trend,Trend,False
2018-11-08 00:00:00+09:00,200259.234375,198815.43515625,218582.09765625,47.72723327198298,1659.8588489714284,0.02296454669566152,0.021558316837421983,-1,1,1,0.30000000000000004,False,Trend,Trend,False
2018-11-09 00:00:00+09:00,199134.1875,198834.18515625,217821.53307291667,49.218703971402334,1507.0086638493676,0.021986608558253143,0.021519959319155305,-1,1,1,0.30000000000000004,False,Trend,Trend,False
2018-11-12 00:00:00+09:00,193508.921875,198552.921875,216973.42421875,47.727248336722276,1018.2308951385212,0.02289737064852122,0.021762718965674707,-1,1,1,0.30000000000000004,False,Trend,Trend,False
2018-11-13 00:00:00+09:00,192758.921875,198215.40625,216224.58046875,42.741916515743604,653.330071836851,0.02288973620993783,0.021534792021830552,-1,1,-1,-0.19999999999999996,False,MeanReversion,Trend,False
2018-11-14 00:00:00+09:00,186758.640625,197371.61796875,215338.4765625,38.68614515010154,48.65186700045251,0.02319379123109814,0.021768919946122716,-1,1,-1,-0.19999999999999996,False,MeanReversion,Trend,False
2018-11-15 00:00:00+09:00,189758.78125,196959.0984375,214607.93203125,42.06899127911153,-100.34091465146503,0.022911689673363277,0.02171606212318256,-1,1,-1,-0.19999999999999996,False,MeanReversion,Trend,False
2018-11-16 00:00:00+09:00,191633.859375,196415.32265625,213914.84713541667,46.15383943009484,-27.47861648945036,0.022365196993857365,0.021782743344190086,-1,1,-1,-0.19999999999999996,False,MeanReversion,Trend,False
2018-11-19 00:00:00+09:00,195384.046875,196190.31171875,213184.91796875,54.676277753947886,300.3463146243448,0.022752241139739147,0.021665612514203066,-1,1,1,0.30000000000000004,False,Trend,Trend,False
2018-11-20 00:00:00+09:00,194633.984375,196134.05859375,212380.396875,51.12783132590509,482.9117684310422,0.022289715125349177,0.021524168147543557,-1,1,1,0.30000000000000004,False,Trend,Trend,False
2018-11-21 00:00:00+09:00,190883.8125,195702.7875,211538.20859375,47.183062018085465,372.3003881284694,0.022197958768959764,0.02161825041735,-1,1,1,0.30000000000000004,False,Trend,Trend,False
2018-11-22 00:00:00+09:00,190508.8125,195309.021875,210776.69921875,32.142898329353486,298.27691546988353,0.022183143166991375,0.021490791793820883,-1,1,-1,-0.19999999999999996,False,MeanReversion,Trend,False
2018-11-23 00:00:00+09:00,185258.59375,194652.7453125,209902.85,33.33335905232708,-60.73843739895983,0.022916857800951054,0.021677899912543,-1,1,-1,-0.19999999999999996,False,MeanReversion,Trend,False
2018-11-26 00:00:00+09:00,179633.28125,193846.45703125,208860.73515625,20.909093663782457,-603.360173183899,0.023638289858992346,0.021737183053103622,-1,1,-1,-0.19999999999999996,False,MeanReversion,Trend,False
2018-11-27 00:00:00+09:00,183008.453125,193471.4390625,207806.5703125,28.57144451454694,-656.8526387823731,0.023522540219928584,0.021769549185666186,-1,1,-1,-0.19999999999999996,False,MeanReversion,Trend,False
2018-11-28 00:00:00+09:00,180383.3125,192815.15859375,206696.23489583333,27.35044956916215,-782.3930162923352,0.023296126069477202,0.021777987295387945,-1,1,-1,-0.19999999999999996,False,MeanReversion,Trend,False
2018-11-29 00:00:00+09:00,183008.453125,192271.38203125,205617.23333333334,32.23144622209888,-609.6666794470511,0.023615938220161375,0.021901119331330186,-1,1,-1,-0.19999999999999996,False,MeanReversion,Trend,False
2018-11-30 00:00:00+09:00,185633.5625,191277.5875,204656.49375,40.707982548027765,-257.6595850412032,0.019273255761603558,0.021971173896273108,-1,1,-1,-0.19999999999999996,False,MeanReversion,Trend,False
2018-12-03 00:00:00+09:00,194633.984375,191071.32734375,203932.690625,51.85182441833047,595.7092295762814,0.0213729605791856,0.02284655312418109,-1,1,1,0.30000000000000004,False,Trend,Trend,False
2018-12-04 00:00:00+09:00,191258.875,190452.55078125,203189.89166666666,54.68752288710331,927.4516193331892,0.020804229614696124,0.022906496162746322,-1,1,1,0.30000000000000004,False,Trend,Trend,False
2018-12-05 00:00:00+09:00,186758.640625,189740.01796875,202459.01848958334,46.96969936092061,840.9414884737771,0.02121108835978538,0.022927434394216115,-1,1,1,0.30000000000000004,False,Trend,Trend,False
2018-12-06 00:00:00+09:00,186008.59375,189027.4859375,201728.0625,44.186051769472336,734.2253139717614,0.021211228390378718,0.0229274975152283,-1,1,-1,-0.19999999999999996,False,MeanReversion,Trend,False
2018-12-07 00:00:00+09:00,187133.640625,188427.45859375,201022.06796875,40.98359368063003,738.4292755332867,0.021315094190501822,0.022959542622521575,-1,1,-1,-0.19999999999999996,False,MeanReversion,Trend,False
2018-12-10 00:00:00+09:00,186008.59375,188052.4421875,200346.99609375,40.650423303238775,666.6566947039573,0.02047154949097992,0.02292724360935466,-1,1,-1,-0.19999999999999996,False,MeanReversion,Trend,False
2018-12-11 00:00:00+09:00,184883.578125,187658.675,199802.19505208332,43.10349843703363,549.5084751438962,0.020488066537022252,0.022411337660226714,-1,1,-1,-0.19999999999999996,False,MeanReversion,Trend,False
2018-12-12 00:00:00+09:00,186758.640625,187658.675,199294.85416666666,45.83333478002578,600.266323786157,0.019418189757348013,0.0224719936944016,-1,1,1,0.30000000000000004,False,Trend,Trend,False
2018-12-13 00:00:00+09:00,190133.8125,187677.4265625,198825.13854166667,55.65216131124258,847.9689802075864,0.01950828411722605,0.02260586993617643,-1,1,1,0.30000000000000004,False,Trend,Trend,False
2018-12-14 00:00:00+09:00,190508.8125,187621.17421875,198349.25494791666,64.35648547301896,1012.731191184801,0.0193806035661795,0.022600478819018836,-1,1,1,0.30000000000000004,False,Trend,Trend,False
2018-12-17 00:00:00+09:00,193508.921875,187527.41796875,197935.79114583333,64.00000666637223,1282.0909587641654,0.019197276217886267,0.022718325402086088,-1,1,1,0.30000000000000004,False,Trend,Trend,False
2018-12-18 00:00:00+09:00,189758.78125,187283.6578125,197416.36015625,62.1360087310172,1169.182834497327,0.019658714671500866,0.02275524881512145,-1,1,1,0.30000000000000004,False,Trend,Trend,False
2018-12-19 00:00:00+09:00,191258.875,187302.4109375,196897.09322916667,61.00009041278645,1154.9883199534333,0.019274048940377243,0.022763671367083117,-1,1,1,0.30000000000000004,False,Trend,Trend,False
2018-12-20 00:00:00+09:00,187883.6875,187171.1546875,196321.57317708334,52.94121011001148,889.6481716508242,0.019684351430155286,0.022846228169346082,-1,1,1,0.30000000000000004,False,Trend,Trend,False
2018-12-21 00:00:00+09:00,183383.46875,187077.3984375,195596.5390625,33.333302470493194,406.9798203981918,0.019430360751760665,0.022813173159554112,-1,1,-1,-0.19999999999999996,False,MeanReversion,Trend,False
2018-12-24 00:00:00+09:00,186383.625,187414.915625,194884.00625,42.69658976320375,291.1254553498818,0.0183860618025091,0.022891198269298006,-1,1,-1,-0.19999999999999996,False,MeanReversion,Trend,False
2018-12-26 00:00:00+09:00,183383.46875,187433.66640625,194258.97708333333,44.7058540958672,27.666808015429524,0.01836408443014726,0.022537636711503793,-1,1,-1,-0.19999999999999996,False,MeanReversion,Trend,False
2018-12-27 00:00:00+09:00,184914.84375,187660.24296875,193646.9703125,48.32543737183616,-25.36772660795009,0.01811859451596046,0.022570632001901215,-1,1,-1,-0.19999999999999996,False,MeanReversion,Trend,False
2018-12-28 00:00:00+09:00,186063.421875,187812.99140625,193072.85807291666,48.362644171650075,31.896269864935675,0.0178945058787883,0.0226000637695622,-1,1,1,0.30000000000000004,False,Trend,Trend,False
2019-01-02 00:00:00+09:00,181469.265625,187604.7765625,192665.93723958332,43.72161113265016,-211.26921431689243,0.01848789196583437,0.021099246294853984,-1,1,-1,-0.19999999999999996,False,MeanReversion,Trend,False
2019-01-03 00:00:00+09:00,181469.265625,186946.540625,192202.7640625,45.12594875327106,-336.3210958310483,0.014569396511613902,0.020963360510004497,-1,1,-1,-0.19999999999999996,False,MeanReversion,Trend,False
2019-01-04 00:00:00+09:00,183000.625,186533.628125,191858.86770833333,44.5821351225813,-282.2919115804805,0.014410383173065556,0.020750541823530273,-1,1,-1,-0.19999999999999996,False,MeanReversion,Trend,False
2019-01-07 00:00:00+09:00,188360.46875,186613.71953125,191598.05234375,47.581784741469534,126.11784534044818,0.01505374771318414,0.021120544153489927,-1,1,1,0.30000000000000004,False,Trend,Trend,False
2019-01-08 00:00:00+09:00,187977.609375,186712.1703125,191518.36380208333,46.549071619167236,368.4636198792068,0.015029338882750737,0.019830014651463418,-1,1,1,0.30000000000000004,False,Trend,Trend,False
2019-01-09 00:00:00+09:00,195634.5625,187137.21640625,191466.28671875,52.57147976949851,1006.2617896558659,0.017405825357691657,0.02011040446988957,-1,1,1,0.30000000000000004,False,Trend,Trend,False
2019-01-10 00:00:00+09:00,197931.640625,187733.36875,191446.24427083333,60.24732455578399,1514.1392505912577,0.017414265877243408,0.02016775384366881,-1,1,1,0.30000000000000004,False,Trend,Trend,False
2019-01-11 00:00:00+09:00,195634.5625,188270.91796875,191381.66640625,55.3788414259373,1617.321803758135,0.017613692318303495,0.020221018315889877,-1,1,1,0.30000000000000004,False,Trend,Trend,False
2019-01-14 00:00:00+09:00,191423.28125,188504.15,191178.14765625,54.26343108581667,1335.594253989527,0.018347006037063785,0.02021992240333316,-1,1,1,0.30000000000000004,False,Trend,Trend,False
2019-01-15 00:00:00+09:00,196400.25,188817.471875,191151.33229166668,65.5006545793388,1410.7096924452644,0.018794618161134775,0.020193385562048322,-1,1,1,0.30000000000000004,False,Trend,Trend,False
2019-01-16 00:00:00+09:00,201760.109375,189380.03671875,191138.84453125,67.33634153241988,1726.7696197551916,0.019628819811376104,0.02028583485853216,-1,1,1,0.30000000000000004,False,Trend,Trend,False
2019-01-17 00:00:00+09:00,201377.25,189773.453125,191163.72760416666,71.55963749318539,1806.8579493146676,0.01941944875170793,0.02021581154986065,-1,1,-1,-0.19999999999999996,False,MeanReversion,Trend,False
2019-01-18 00:00:00+09:00,200994.4375,190335.2359375,191250.98411458332,69.81139122171793,1730.7302870552749,0.01877820980081256,0.020029685067620297,-1,1,1,0.30000000000000004,False,Trend,Trend,False
2019-01-21 00:00:00+09:00,205205.703125,191032.57734375,191345.92526041667,71.92983775114205,1849.9188542995084,0.01917442473226449,0.020058553950437985,-1,1,-1,-0.19999999999999996,False,MeanReversion,Trend,False
2019-01-22 00:00:00+09:00,204439.984375,191860.3921875,191446.85625,78.84613573396331,1763.4439337091617,0.018600479792999666,0.02005015853525247,1,1,-1,0.5,False,Trend,Trend,True
2019-01-23 00:00:00+09:00,202908.65625,192836.6515625,191522.26510416667,75.92600780356923,1499.7176343959882,0.017602511417530994,0.020076820653975855,1,1,-1,0.5,False,Trend,Trend,False
2019-01-24 00:00:00+09:00,202525.78125,193643.759375,191635.04401041666,74.2857564867094,1208.5920088173593,0.017463097501916477,0.019998729485098853,1,1,-1,0.5,False,Trend,Trend,False
2019-01-25 00:00:00+09:00,205205.703125,194734.87109375,191879.9921875,72.44902251242813,1108.2602183532435,0.01688442814229053,0.019726060629975752,1,1,-1,0.5,False,Trend,Trend,False
2019-01-28 00:00:00+09:00,205971.390625,195787.6984375,192087.7,73.73744078017634,1008.0859506670381,0.016877079737442055,0.01963858848441988,1,1,-1,0.5,False,Trend,Trend,False
2019-01-29 00:00:00+09:00,205588.53125,196763.95390625,192282.77578125,66.25000127540218,837.6665057045866,0.01695287379706629,0.01964176905138103,1,1,1,1.0,False,Trend,Trend,False
2019-01-30 00:00:00+09:00,218222.46875,198601.6140625,192494.659375,74.76638472761255,1460.944768952866,0.01945231118181958,0.01971195859891559,1,1,-1,0.5,False,Trend,Trend,False
2019-01-31 00:00:00+09:00,209799.859375,200018.14375,192678.67057291666,65.04066848079094,1201.9146844730167,0.022227544681594096,0.019902437792408616,1,1,1,1.0,False,Trend,Trend,False
2019-02-01 00:00:00+09:00,207119.9375,201224.109375,192736.76276041666,67.22687663422678,767.1950994423851,0.022673515941016204,0.019740818644138652,1,1,1,1.0,False,Trend,Trend,False
2019-02-07 00:00:00+09:00,211331.265625,202372.64921875,192908.79557291666,66.66668992179649,683.1803410892862,0.022294522856726496,0.019826416357662996,1,1,1,1.0,False,Trend,Trend,False
2019-02-08 00:00:00+09:00,202142.96875,203080.9171875,192940.19114583332,50.393714704584625,-33.30510344642971,0.024935506244632706,0.020664563588227002,1,1,-1,0.5,False,Trend,Trend,False
2019-02-11 00:00:00+09:00,204439.984375,203521.18828125,193028.62109375,53.030275390759655,-375.6098491159619,0.023524269966515174,0.020699749073439137,1,1,-1,0.5,False,Trend,Trend,False
2019-02-12 00:00:00+09:00,203291.46875,203789.1796875,193191.66354166667,52.23876596649328,-684.470865582708,0.02347577314027343,0.02036193612846158,1,1,-1,0.5,False,Trend,Trend,False
2019-02-13 00:00:00+09:00,204439.984375,204229.45078125,193386.34791666668,49.20632041424354,-808.0277799979863,0.023289234620084705,0.02036172960059037,1,1,-1,0.5,False,Trend,Trend,False
2019-02-14 00:00:00+09:00,204057.203125,204861.146875,193674.65729166666,49.600066345431145,-904.8447459786125,0.022627424474402854,0.01991158193202742,1,1,-1,0.5,False,Trend,Trend,False
2019-02-15 00:00:00+09:00,203291.46875,205205.7078125,193900.20208333334,50.406468995540465,-1002.2031745619502,0.022038361399682772,0.019831342584614293,1,1,-1,0.5,False,Trend,Trend,False
2019-02-18 00:00:00+09:00,200994.4375,205167.42421875,194056.21171875,48.43753686708971,-1190.2368571253878,0.021387437892401474,0.019862781295379422,1,1,-1,0.5,False,Trend,Trend,False
2019-02-19 00:00:00+09:00,205588.53125,205377.98828125,194226.28645833334,50.37592369888912,-982.7587067279715,0.02197781538217608,0.019918102794843597,1,1,-1,0.5,False,Trend,Trend,False
2019-02-20 00:00:00+09:00,209417.0625,205799.11953125,194472.67109375,53.19154971568501,-584.8742536255659,0.02230346119401504,0.020036678323291233,1,1,-1,0.5,False,Trend,Trend,False
2019-02-21 00:00:00+09:00,210948.40625,206086.2546875,194807.08098958334,54.86115401816967,-233.7726721445265,0.02190977381805159,0.01986565820548417,1,1,-1,0.5,False,Trend,Trend,False
2019-02-22 00:00:00+09:00,209034.171875,206315.9640625,195115.83697916666,39.65513783685174,-149.75494456156594,0.022008663771020013,0.019909207829650517,1,1,-1,0.5,False,Trend,Trend,False
2019-02-25 00:00:00+09:00,208651.375,206603.1,195505.71666666667,48.421116394844844,-139.47046509673237,0.02192790082237126,0.019535482242769433,1,1,-1,0.5,False,Trend,Trend,False
2019-02-26 00:00:00+09:00,209417.0625,206947.6640625,196002.11302083332,53.33342705214727,-102.32821536425035,0.02191927631004666,0.019055004758678516,1,1,-1,0.5,False,Trend,Trend,False
2019-02-27 00:00:00+09:00,203674.3125,206871.09453125,196346.54401041666,39.36159820145025,-465.4191433066967,0.022690310501302904,0.019332329692047942,1,1,-1,0.5,False,Trend,Trend,False
2019-02-28 00:00:00+09:00,201377.25,206641.3875,196696.44296875,48.68415541175523,-839.3781359206841,0.0227969204980286,0.019292246186847946,1,1,-1,0.5,False,Trend,Trend,False
2019-03-04 00:00:00+09:00,201760.109375,206449.96640625,197008.97057291667,45.07048568557705,-1027.6060067537533,0.022806061946795363,0.019221077321707455,1,1,-1,0.5,False,Trend,Trend,False
2019-03-05 00:00:00+09:00,195634.5625,205320.57109375,197175.65390625,38.09522421330752,-1502.563152741995,0.01877392279734744,0.0195967585504924,1,1,-1,0.5,False,Trend,Trend,False
2019-03-06 00:00:00+09:00,195251.71875,204593.1640625,197185.94947916668,35.365879758367996,-1762.4280723078916,0.016998491503151608,0.01862468145547564,1,1,-1,0.5,False,Trend,Trend,False
2019-03-07 00:00:00+09:00,191806.109375,203827.47265625,197195.07005208332,32.222182921033635,-2065.2964198203,0.017175510147105704,0.018629700629524855,1,1,-1,0.5,False,Trend,Trend,False
2019-03-08 00:00:00+09:00,191040.40625,202812.9296875,197266.4328125,32.222212144985235,-2203.509039179319,0.016224320854664107,0.01837347855129693,1,1,-1,0.5,False,Trend,Trend,False
2019-03-11 00:00:00+09:00,189891.875,202200.375,197331.15416666667,33.33328642210907,-2250.6822579078253,0.013329386693118471,0.01838344632427334,1,1,-1,0.5,False,Trend,Trend,False
2019-03-12 00:00:00+09:00,192571.8125,201606.96640625,197421.79036458334,29.268408007246748,-1988.8671542157508,0.013496807314855391,0.018454061866643966,1,1,-1,0.5,False,Trend,Trend,False
2019-03-13 00:00:00+09:00,195634.5625,201224.12109375,197582.22317708333,27.499910722029213,-1518.145706512311,0.014111390654992517,0.018538307892005012,1,1,-1,0.5,False,Trend,Trend,False
2019-03-14 00:00:00+09:00,196783.109375,200841.27734375,197780.54869791667,26.582306600656835,-1059.8616160454349,0.014117673117130424,0.01852689717481552,1,1,-1,0.5,False,Trend,Trend,False
2019-03-15 00:00:00+09:00,200611.578125,200668.99609375,198011.43098958334,36.90480239356869,-459.95503715639506,0.014890797568632829,0.018640430006911464,1,1,-1,0.5,False,Trend,Trend,False
2019-03-18 00:00:00+09:00,197548.796875,200381.8625,198135.0140625,34.06591287351982,-241.46546558627028,0.01523325400949998,0.018629893445830586,1,1,-1,0.5,False,Trend,Trend,False
2019-03-19 00:00:00+09:00,198697.328125,200267.00703125,198271.48932291666,34.782581692953116,-4.187795311248465,0.015127379477121812,0.01864108027882078,1,1,-1,0.5,False,Trend,Trend,False
2019-03-20 00:00:00+09:00,196400.25,199807.59296875,198319.678125,38.554246489123166,12.546207779291308,0.014280034613776912,0.018603271076975257,1,1,-1,0.5,False,Trend,Trend,False
2019-03-21 00:00:00+09:00,197548.796875,199214.1796875,198449.51171875,43.750022319435764,110.03363137224255,0.013576998992466574,0.018432895817717447,1,1,-1,0.5,False,Trend,Trend,False
2019-03-22 00:00:00+09:00,198314.484375,198582.48359375,198567.10520833332,44.44443324754267,228.34130286067284,0.013462860330787554,0.01841360674638062,1,1,-1,0.5,False,Trend,Trend,False
2019-03-25 00:00:00+09:00,193720.359375,197816.79296875,198664.38307291668,46.75329218488708,10.925670472531692,0.0141630941539099,0.01852310328625937,-1,1,1,0.30000000000000004,False,Trend,Trend,False
2019-03-26 00:00:00+09:00,194868.875,197127.66796875,198855.80651041667,49.36709187732607,-39.0605310132687,0.014324757716290309,0.01824712523324896,-1,1,-1,-0.19999999999999996,False,MeanReversion,Trend,False
2019-03-27 00:00:00+09:00,195251.71875,196419.40078125,199003.60807291666,56.33802412093,-30.259213038465532,0.014285520431391512,0.0181381268751596,-1,1,-1,-0.19999999999999996,False,MeanReversion,Trend,False
2019-03-28 00:00:00+09:00,196409.328125,196056.1515625,199220.70572916666,59.735495397887384,64.44030266005439,0.013215909738765148,0.018011128030616986,-1,1,1,0.30000000000000004,False,Trend,Trend,False
2019-03-29 00:00:00+09:00,195251.71875,195749.875,199392.98697916666,59.71583525650394,60.11611513416756,0.013064806441235385,0.018008755195882468,-1,1,1,0.30000000000000004,False,Trend,Trend,False
2019-04-01 00:00:00+09:00,205670.328125,195945.3859375,199719.76875,68.54173845842831,732.5826895712541,0.0177277798533306,0.019169499897770323,-1,1,1,0.30000000000000004,False,Trend,Trend,False
2019-04-02 00:00:00+09:00,206056.140625,196466.46484375,200129.55,65.96209671822388,1152.057430705057,0.01607206447359395,0.018847007317877904,-1,1,1,0.30000000000000004,False,Trend,Trend,False
2019-04-03 00:00:00+09:00,210686.640625,197238.2109375,200616.50625,69.24272634087478,1659.2325008754628,0.016611989141454016,0.019022238821803875,-1,1,1,0.30000000000000004,False,Trend,Trend,False
2019-04-04 00:00:00+09:00,209529.03125,198124.35703125,201058.64635416667,63.3271918455988,1821.6241382715812,0.015985942946222832,0.01903370627792042,-1,1,1,0.30000000000000004,False,Trend,Trend,False
2019-04-05 00:00:00+09:00,212230.09375,199183.84140625,201456.4734375,72.18111212096174,2001.4989362117367,0.01596186555713775,0.018764151482906832,-1,1,-1,-0.19999999999999996,False,MeanReversion,Trend,False
2019-04-08 00:00:00+09:00,213387.75,200358.63515625,201879.97578125,72.18878046869432,2079.8441042049226,0.015739399465716036,0.0187618002673819,-1,1,-1,-0.19999999999999996,False,MeanReversion,MeanReversion,False
2019-04-09 00:00:00+09:00,210686.640625,201264.3765625,202130.84375,71.31832758443007,1839.4476911076222,0.016139252440303106,0.01818589640240921,-1,1,-1,-0.19999999999999996,False,MeanReversion,MeanReversion,False
2019-04-10 00:00:00+09:00,210686.640625,202016.98046875,202343.42708333334,70.30029551512342,1580.058223902564,0.015943087009199018,0.018134707070346163,-1,1,-1,-0.19999999999999996,False,MeanReversion,MeanReversion,False
2019-04-11 00:00:00+09:00,207985.515625,202577.10078125,202549.27630208334,64.10010260485103,1146.381143346402,0.016356449374591388,0.01815001434743138,1,1,1,1.0,False,Trend,MeanReversion,False
2019-04-12 00:00:00+09:00,207599.5625,202926.5,202818.88098958333,73.06587103123596,771.3340583181489,0.015910875805249972,0.01790683631975053,1,1,-1,0.5,False,Trend,MeanReversion,False
2019-04-15 00:00:00+09:00,206827.90625,203390.45546875,202992.67526041667,70.12684431251729,426.3230078597376,0.015458616187303854,0.017630269398805656,1,1,-1,0.5,False,Trend,MeanReversion,False
2019-04-16 00:00:00+09:00,207213.734375,203816.27578125,203083.56901041666,70.12984486034486,191.12028369054633,0.0154367230414685,0.017296044938049992,1,1,-1,0.5,False,Trend,MeanReversion,False
2019-04-17 00:00:00+09:00,209529.03125,204472.71484375,203219.43203125,71.25004239070411,159.7715928016487,0.015208243197532263,0.017347644934086172,1,1,-1,0.5,False,Trend,MeanReversion,False
2019-04-18 00:00:00+09:00,208371.359375,205013.84296875,203342.38072916667,71.24989813597696,35.83710692637305,0.015318264067807556,0.017363107819459208,1,1,-1,0.5,False,Trend,MeanReversion,False
2019-04-19 00:00:00+09:00,203355.03125,205265.8703125,203311.53619791666,45.45442832715821,-385.963618386043,0.016460371463255703,0.017452751917290468,1,1,-1,0.5,False,Trend,MeanReversion,False
2019-04-22 00:00:00+09:00,203355.03125,205747.60390625,203293.45364583333,44.61539899142494,-651.3396098970911,0.01541065477271982,0.017446399484192677,1,1,-1,0.5,False,Trend,MeanReversion,False
2019-04-23 00:00:00+09:00,201425.71875,206075.44609375,203268.73802083332,29.310389364677434,-926.3998425248833,0.015612482676743027,0.017462867824949577,1,1,-1,0.5,False,Trend,MeanReversion,False
2019-04-24 00:00:00+09:00,199496.296875,206287.675,203218.24661458333,28.333293965601598,-1191.0063853843462,0.01581415991516011,0.01750464232014202,1,1,-1,0.5,False,Trend,MeanReversion,False
2019-04-25 00:00:00+09:00,201039.828125,206519.2,203148.81536458334,24.561670217443975,-1210.8393463464574,0.015848130399006743,0.01744808585369189,1,1,-1,0.5,False,Trend,MeanReversion,False
2019-04-26 00:00:00+09:00,196409.328125,206577.08046875,202989.44765625,16.666799596302923,-1467.4657945559225,0.016710460770367686,0.017688536243818862,1,1,-1,0.5,False,Trend,MeanReversion,False
2019-04-29 00:00:00+09:00,198338.703125,206210.49921875,202868.6171875,25.00012653871073,-1437.0764818300897,0.01177540032632475,0.017740335377403965,1,1,-1,0.5,False,Trend,MeanReversion,False
2019-04-30 00:00:00+09:00,196795.21875,205747.453125,202511.49635416668,23.529544871249016,-1446.7386926453512,0.011814824509535091,0.01590022688132738,1,1,-1,0.5,False,Trend,MeanReversion,False
2019-05-02 00:00:00+09:00,196023.453125,205014.29375,202281.88958333334,25.396953944087088,-1428.4512155572334,0.010309213086652827,0.015117341249940337,1,1,-1,0.5,False,Trend,MeanReversion,False
2019-05-03 00:00:00+09:00,194865.796875,204281.13203125,202077.65390625,24.615555210850488,-1414.9749842447486,0.010313644680367941,0.015052568318913807,1,1,-1,0.5,False,Trend,MeanReversion,False
2019-05-07 00:00:00+09:00,192936.484375,203316.4515625,201771.07421875,23.529544871249016,-1451.2410798251276,0.009638132391296223,0.014835719506346502,1,1,-1,0.5,False,Trend,MeanReversion,True
2019-05-08 00:00:00+09:00,191392.96875,202216.7125,201591.90755208334,21.12700957386683,-1488.855246328264,0.009353932771085344,0.013755016724248847,1,1,-1,0.5,False,Trend,MeanReversion,True
2019-05-09 00:00:00+09:00,189077.703125,201136.265625,201335.86953125,12.676163171681353,-1571.2004405871812,0.009331425044748208,0.013735608185358893,-1,1,-1,-0.19999999999999996,False,MeanReversion,MeanReversion,True
2019-05-10 00:00:00+09:00,185990.75,199901.47109375,201047.52421875,11.842243369487093,-1722.9317151294294,0.009552410090903669,0.013864007544217256,-1,1,-1,-0.19999999999999996,False,MeanReversion,MeanReversion,True
2019-05-13 00:00:00+09:00,184061.40625,198705.265625,200707.88125,13.235444738478108,-1832.3960006079797,0.009477169571894933,0.013879327645075896,-1,1,-1,-0.19999999999999996,False,MeanReversion,MeanReversion,True
2019-05-14 00:00:00+09:00,184833.140625,197566.94453125,200387.48020833332,15.714389011491193,-1733.076960595668,0.0097131903766071,0.013900429956557785,-1,1,-1,-0.19999999999999996,False,MeanReversion,MeanReversion,True
2019-05-15 00:00:00+09:00,185219.0,196486.49921875,200086.27239583334,18.181840491700896,-1528.7786532321898,0.009864475082719124,0.013905869077170592,-1,1,-1,-0.19999999999999996,False,MeanReversion,MeanReversion,True
2019-05-16 00:00:00+09:00,181746.203125,195213.12265625,199765.46848958332,17.142956308461223,-1512.1570612979222,0.010137449708219321,0.014030063276082753,-1,1,-1,-0.19999999999999996,False,MeanReversion,MeanReversion,True
2019-05-17 00:00:00+09:00,180974.375,193785.38984375,199355.23255208333,11.764635826027316,-1438.2229025174943,0.00927334097664963,0.013666089045047888,-1,1,-1,-0.19999999999999996,False,MeanReversion,MeanReversion,True
2019-05-20 00:00:00+09:00,181360.296875,192434.83671875,198887.61979166666,15.78958959072736,-1255.0791867381113,0.009506733351476155,0.013409609566160302,-1,1,-1,-0.19999999999999996,False,MeanReversion,MeanReversion,True
2019-05-21 00:00:00+09:00,180202.65625,191277.21796875,198375.190625,7.2728169585438,-1108.7317059478883,0.008576728137606088,0.013358424285080365,-1,1,-1,-0.19999999999999996,False,MeanReversion,MeanReversion,True
2019-05-22 00:00:00+09:00,180202.65625,190119.59921875,197894.66536458334,7.843229106291901,-916.71422509895,0.008576728137606088,0.013335174996761241,-1,1,-1,-0.19999999999999996,False,MeanReversion,MeanReversion,True
2019-05-23 00:00:00+09:00,178273.328125,188961.9796875,197388.36458333334,7.40751572086522,-827.1733831520378,0.008607460596056769,0.013377682067478703,-1,1,-1,-0.19999999999999996,False,MeanReversion,MeanReversion,True
2019-05-24 00:00:00+09:00,176729.8125,187823.65546875,196843.57708333334,7.2728383763794255,-780.0498441788004,0.00858995232766462,0.013374408956329206,-1,1,-1,-0.19999999999999996,False,MeanReversion,MeanReversion,True
2019-05-27 00:00:00+09:00,180202.65625,186781.796875,196452.3828125,22.03390528454922,-440.0727151655992,0.009885532439182915,0.013269882331370988,-1,1,-1,-0.19999999999999996,False,MeanReversion,MeanReversion,False
2019-05-28 00:00:00+09:00,180974.375,186010.04921875,196112.33489583334,26.31572591186533,-105.7392647647157,0.009164393932023568,0.013237454127934594,-1,1,-1,-0.19999999999999996,False,MeanReversion,MeanReversion,False
2019-05-29 00:00:00+09:00,182517.90625,185219.009375,195791.63151041666,34.5455589561156,257.0267971168669,0.009066216613767825,0.013295759089506594,-1,1,-1,-0.19999999999999996,False,MeanReversion,MeanReversion,False
2019-05-30 00:00:00+09:00,184833.140625,184620.90546875,195611.6078125,47.16983870980064,667.2595471735249,0.009756155786807021,0.012856360428394225,-1,1,1,0.30000000000000004,False,Trend,MeanReversion,False
2019-05-31 00:00:00+09:00,183289.65625,183984.215625,195412.24010416667,48.07691708690628,837.9631837251236,0.009825880952329058,0.012891662233930588,-1,1,1,0.30000000000000004,False,Trend,Trend,False
2019-06-03 00:00:00+09:00,186376.65625,183559.75859375,195321.74921875,53.44831799157338,1143.1828532378786,0.010771921611521282,0.012901404464301417,-1,1,1,0.30000000000000004,False,Trend,Trend,False
2019-06-04 00:00:00+09:00,185604.890625,183193.17890625,195231.15729166666,50.847492524345206,1267.851494402561,0.010630196282931777,0.012902110183910173,-1,1,1,0.30000000000000004,False,Trend,Trend,False
2019-06-05 00:00:00+09:00,184061.40625,182826.60078125,195133.9828125,55.55543057933228,1220.6799349133116,0.010640040324436642,0.012922488777051114,-1,1,1,0.30000000000000004,False,Trend,Trend,False
2019-06-07 00:00:00+09:00,180588.5625,182402.14375,194934.26197916668,49.18045845470019,942.3656933807688,0.011089293992279455,0.01299693245361583,-1,1,1,0.30000000000000004,False,Trend,Trend,False
2019-06-10 00:00:00+09:00,182903.8125,182247.796875,194722.0828125,53.030346720624024,901.0001682014472,0.011048448625651535,0.012935909778670627,-1,1,1,0.30000000000000004,False,Trend,Trend,False
2019-06-11 00:00:00+09:00,185604.890625,182324.97109375,194535.77916666667,60.00003470798151,1032.8870450917339,0.011322987524000547,0.013065694395535486,-1,1,1,0.30000000000000004,False,Trend,Trend,False
2019-06-12 00:00:00+09:00,187920.140625,182479.32109375,194324.25520833334,63.157945212413125,1239.4746350431724,0.011612011296645889,0.012914489605325609,-1,1,1,0.30000000000000004,False,Trend,Trend,False
2019-06-13 00:00:00+09:00,185219.0,182479.32109375,194118.75859375,61.538373684836216,1159.0941780154521,0.012098115658290224,0.012897996625284283,-1,1,1,0.30000000000000004,False,Trend,Trend,False
2019-06-14 00:00:00+09:00,184447.265625,182614.37421875,193881.25755208332,63.157877911669694,1023.5497743537871,0.011307235775854801,0.012872179582475664,-1,1,1,0.30000000000000004,False,Trend,Trend,False
2019-06-17 00:00:00+09:00,181360.296875,182633.6703125,193630.59166666667,52.00003671327634,710.449413280202,0.011935410676688723,0.012961520071321753,-1,1,1,0.30000000000000004,False,Trend,Trend,False
2019-06-18 00:00:00+09:00,184833.140625,182807.3125,193418.6640625,56.09761276562754,719.4863071425316,0.01265764885078742,0.013193378019088327,-1,1,1,0.30000000000000004,False,Trend,Trend,False
2019-06-19 00:00:00+09:00,186762.5,183135.3046875,193226.13098958333,56.6264960317228,829.8174408713094,0.012701012567939254,0.013261681378351443,-1,1,1,0.30000000000000004,False,Trend,Trend,False
2019-06-20 00:00:00+09:00,186762.5,183463.296875,193110.16666666666,53.24674573420749,872.8355716294727,0.012701012567939254,0.012930606334614254,-1,1,1,0.30000000000000004,False,Trend,Trend,False
2019-06-21 00:00:00+09:00,187920.140625,183945.6375,192994.35442708334,57.894748058886876,943.2966861005036,0.012380755344059562,0.01293294407927606,-1,1,1,0.30000000000000004,False,Trend,Trend,False
2019-06-24 00:00:00+09:00,188691.875,184543.740625,192885.02369791668,54.28568123051293,1000.4872437672161,0.012091643111358918,0.012943065819434212,-1,1,1,0.30000000000000004,False,Trend,Trend,False
2019-06-25 00:00:00+09:00,189077.703125,184987.49296875,192762.82994791667,56.52167534228086,1019.4541018526068,0.011476138503651716,0.012919848667139881,-1,1,1,0.30000000000000004,False,Trend,Trend,False
2019-06-26 00:00:00+09:00,187534.28125,185315.48828125,192634.20598958334,56.52180802180274,888.0250414817592,0.011705660952614215,0.012939022305275714,-1,1,1,0.30000000000000004,False,Trend,Trend,False
2019-06-27 00:00:00+09:00,190257.8125,185702.48359375,192377.33072916666,68.68397693306362,939.5034529549907,0.011956797425517798,0.011130287747780607,-1,1,1,0.30000000000000004,False,Trend,Trend,False
2019-06-28 00:00:00+09:00,190257.8125,185973.7171875,192114.02526041667,65.6066090402779,926.9754207593174,0.011702117006101208,0.01112386198680761,-1,1,1,0.30000000000000004,False,Trend,Trend,False
2019-07-01 00:00:00+09:00,196093.9375,186613.93125,191870.81354166666,69.64566346135274,1245.3212285882994,0.013095298998912966,0.01145356010847629,-1,1,1,0.30000000000000004,False,Trend,Trend,False
2019-07-02 00:00:00+09:00,192592.25,186924.7109375,191588.53385416666,58.378356568330055,1155.608418065386,0.01352997117762021,0.011645639382254866,-1,1,1,0.30000000000000004,False,Trend,Trend,False
2019-07-03 00:00:00+09:00,190646.859375,187176.809375,191228.81328125,60.004803923319244,911.520630168543,0.013730272896974132,0.011547503044738667,-1,1,1,0.30000000000000004,False,Trend,Trend,False
2019-07-04 00:00:00+09:00,192592.25,187603.3515625,190882.22161458334,64.39047148429628,829.6921122742963,0.013666156814105058,0.011613333498546614,-1,1,1,0.30000000000000004,False,Trend,Trend,False
2019-07-05 00:00:00+09:00,191814.046875,188164.62578125,190567.67838541666,70.11020575508256,678.149720989752,0.012820360067910022,0.01152731106005775,-1,1,-1,-0.19999999999999996,False,MeanReversion,Trend,False
2019-07-08 00:00:00+09:00,188701.484375,188454.509375,190201.25911458334,57.54625768726194,340.3371247962832,0.01330093672232866,0.011682138381157305,-1,1,1,0.30000000000000004,False,Trend,Trend,False
2019-07-09 00:00:00+09:00,186756.125,188512.07109375,189847.4359375,49.987571585232125,-22.804853191584016,0.013180206007169423,0.011645891794307044,-1,1,-1,-0.19999999999999996,False,MeanReversion,Trend,False
2019-07-10 00:00:00+09:00,185977.953125,188414.96171875,189487.07578125,48.515524156473234,-308.24713806618195,0.012898194721461293,0.011649948662236558,-1,1,-1,-0.19999999999999996,False,MeanReversion,Trend,False
2019-07-11 00:00:00+09:00,184421.671875,188375.0953125,189113.63854166667,43.4787699304952,-578.9799692739217,0.012620720014957398,0.01167844942658136,-1,1,-1,-0.19999999999999996,False,MeanReversion,Trend,False
2019-07-12 00:00:00+09:00,184421.671875,188373.815625,188733.77083333334,41.80444724333888,-725.6630914322247,0.012586260874507095,0.011670715256545292,-1,1,-1,-0.19999999999999996,False,MeanReversion,Trend,False
2019-07-15 00:00:00+09:00,185199.796875,188565.790625,188328.28359375,42.66777040377398,-735.5928349246109,0.011966585101350867,0.01157348869373981,1,1,-1,0.5,False,Trend,Trend,True
2019-07-16 00:00:00+09:00,186367.015625,188642.484375,187961.54453125,47.761117987478684,-632.7800574634234,0.01128344605556584,0.011613757323976473,1,1,-1,0.5,False,Trend,Trend,False
2019-07-17 00:00:00+09:00,183643.53125,188486.5359375,187633.01953125,37.313408681141624,-711.5454180351047,0.011510010597313852,0.011360886779322347,1,1,-1,0.5,False,Trend,Trend,False
2019-07-18 00:00:00+09:00,182087.15625,188252.76875,187278.55494791668,35.21114731102513,-823.887477747197,0.011633910576713575,0.011392400912034374,1,1,-1,0.5,False,Trend,Trend,False
2019-07-19 00:00:00+09:00,184032.578125,188058.390625,186988.66927083334,24.590195232906837,-726.0313036415752,0.011824714116918334,0.011458806080430239,1,1,-1,0.5,False,Trend,Trend,False
2019-07-22 00:00:00+09:00,183643.53125,187805.9734375,186724.45651041667,28.301961134945657,-648.8823008200966,0.011763936194883471,0.011409519897093025,1,1,-1,0.5,False,Trend,Trend,False
2019-07-23 00:00:00+09:00,185977.953125,187650.9859375,186473.42526041667,38.88888062565258,-413.4720828811961,0.012156669982241502,0.011493396490735148,1,1,-1,0.5,False,Trend,Trend,False
2019-07-24 00:00:00+09:00,185588.875,187553.715625,186293.084375,31.99993574503631,-264.0724148508839,0.012037961584242748,0.01112543525080869,1,1,-1,0.5,False,Trend,Trend,False
2019-07-25 00:00:00+09:00,184032.578125,187242.45390625,186054.64895833333,30.769254532227194,-250.3015700108681,0.011622264593316934,0.011076170585219636,1,1,-1,0.5,False,Trend,Trend,False
2019-07-26 00:00:00+09:00,180919.96875,186775.56171875,185790.06145833334,30.769183243348024,-421.0118744326537,0.01210946493400686,0.011232260138377565,1,1,-1,0.5,False,Trend,Trend,False
2019-07-29 00:00:00+09:00,177807.390625,185861.234375,185486.46041666667,29.090871918588903,-697.4409074490017,0.009792344665036139,0.011415669171177263,1,1,-1,0.5,False,Trend,Trend,False
2019-07-30 00:00:00+09:00,178196.4375,185141.44375,185208.63776041666,31.481386453910687,-800.5863887768983,0.009401548367315545,0.011411926646971155,-1,1,-1,-0.19999999999999996,False,MeanReversion,Trend,False
2019-07-31 00:00:00+09:00,175472.9375,184382.74765625,184917.57864583333,29.824474879539167,-986.5248121591321,0.009655581064118523,0.011501772085125811,-1,1,-1,-0.19999999999999996,False,MeanReversion,Trend,False
2019-08-01 00:00:00+09:00,174305.671875,183468.41875,184632.79036458334,28.333197237568328,-1113.045316487251,0.009058680852812119,0.011490193133994868,-1,1,-1,-0.19999999999999996,False,MeanReversion,Trend,False
2019-08-02 00:00:00+09:00,168858.625,182320.64765625,184295.80572916666,20.83328452854856,-1466.2801919699577,0.010848255766112374,0.012060498474022224,-1,1,-1,-0.19999999999999996,False,MeanReversion,Trend,False
2019-08-05 00:00:00+09:00,163411.609375,181056.15390625,183919.48671875,14.457819083359297,-1939.7541437819032,0.012184112490725695,0.01256850459078392,-1,1,-1,-0.19999999999999996,False,MeanReversion,Trend,False
2019-08-06 00:00:00+09:00,161855.25,179811.11015625,183549.38411458334,14.999939761092492,-2211.057647628175,0.012174548229888497,0.012559423140030624,-1,1,-1,-0.19999999999999996,False,MeanReversion,Trend,False
2019-08-07 00:00:00+09:00,159909.90625,178507.7078125,183133.996875,14.81480563342295,-2361.2070798467757,0.01220123684004116,0.012596170724500925,-1,1,-1,-0.19999999999999996,False,MeanReversion,Trend,False
2019-08-08 00:00:00+09:00,159520.8125,177262.66484375,182705.69375,9.090743142774144,-2322.8504978921846,0.012252146305111683,0.012582313322561805,-1,1,-1,-0.19999999999999996,False,MeanReversion,Trend,False
2019-08-09 00:00:00+09:00,162244.328125,176153.79765625,182380.6625,16.867294411599204,-1964.4190087910274,0.013317981415651447,0.012639721602944935,-1,1,-1,-0.19999999999999996,False,MeanReversion,Trend,False
2019-08-12 00:00:00+09:00,162244.328125,175006.02421875,182068.49505208334,10.389493887428543,-1593.491435986678,0.013173829667705137,0.012638171796804988,-1,1,-1,-0.19999999999999996,False,MeanReversion,Trend,False
2019-08-13 00:00:00+09:00,159909.90625,173683.16875,181710.98854166668,9.755997222143321,-1379.5216574162678,0.012919809421161449,0.012731944359300305,-1,1,-1,-0.19999999999999996,False,MeanReversion,Trend,False
2019-08-14 00:00:00+09:00,160298.984375,172515.94140625,181379.26067708334,11.392311759084166,-1098.1950165416501,0.01299511737923119,0.012732386533275372,-1,1,-1,-0.19999999999999996,False,MeanReversion,Trend,False
2019-08-16 00:00:00+09:00,159520.8125,171387.62421875,181034.56328125,12.328662372727678,-861.3861661853853,0.012995382527956314,0.012735248958141192,-1,1,-1,-0.19999999999999996,False,MeanReversion,Trend,False
2019-08-19 00:00:00+09:00,162244.328125,170298.21171875,180767.41328125,22.222085878620476,-439.4613267340783,0.013501972954623886,0.012913980705515039,-1,1,-1,-0.19999999999999996,False,MeanReversion,Trend,False
2019-08-20 00:00:00+09:00,164578.84375,169344.97734375,180564.89713541666,27.272831582493907,52.54918114002612,0.014247103933020616,0.013039274016642968,-1,1,-1,-0.19999999999999996,False,MeanReversion,MeanReversion,False
2019-08-21 00:00:00+09:00,163800.703125,168236.11484375,180291.53125,29.16675730382076,363.9338040090388,0.013599611749180786,0.012761095089102132,-1,1,-1,-0.19999999999999996,False,MeanReversion,MeanReversion,False
2019-08-22 00:00:00+09:00,162633.453125,167088.34375,179985.84921875,29.166773572087536,520.1207949546069,0.01356330764699905,0.01275735190727224,-1,1,-1,-0.19999999999999996,False,MeanReversion,MeanReversion,False
2019-08-23 00:00:00+09:00,161466.171875,165960.0234375,179634.98697916666,34.42625433109693,569.6578819329497,0.013557442426193871,0.012703927351588666,-1,1,-1,-0.19999999999999996,False,MeanReversion,MeanReversion,False
2019-08-26 00:00:00+09:00,158353.59375,164831.7046875,179193.66119791666,38.181800923366964,424.3093917638107,0.013665974880091874,0.012751767654541028,-1,1,-1,-0.19999999999999996,False,MeanReversion,MeanReversion,False
2019-08-27 00:00:00+09:00,159131.75,163897.92265625,178791.02942708333,43.39631505408609,411.7602968461524,0.013655589323545797,0.012764556101461719,-1,1,-1,-0.19999999999999996,False,MeanReversion,MeanReversion,False
2019-08-28 00:00:00+09:00,161077.109375,163041.95625,178369.3703125,52.83012148522182,556.6548260434265,0.014126320971168702,0.012662501692448092,-1,1,1,0.30000000000000004,False,Trend,MeanReversion,False
2019-08-29 00:00:00+09:00,159131.75,162224.896875,177928.15130208334,49.12283791876563,543.0710478538113,0.014019237074512783,0.01272288982219627,-1,1,1,0.30000000000000004,False,Trend,MeanReversion,False
2019-08-30 00:00:00+09:00,164189.71875,161719.09921875,177596.95651041667,53.96827420470373,876.5664920440076,0.016169841159929362,0.013427098066857213,-1,1,1,0.30000000000000004,False,Trend,Trend,False
2019-09-02 00:00:00+09:00,163800.703125,161466.203125,177317.15885416666,53.12514902877165,1060.5103965100288,0.014686097590250543,0.013237464777753304,-1,1,1,0.30000000000000004,False,Trend,Trend,False
2019-09-03 00:00:00+09:00,164189.71875,161505.10859375,177005.25729166667,59.32201428585042,1188.310668785999,0.012718679312821432,0.013113863832420282,-1,1,1,0.30000000000000004,False,Trend,Trend,False
2019-09-04 00:00:00+09:00,164189.71875,161621.83203125,176648.33776041667,58.620663391599074,1246.6872298747548,0.012508575822836718,0.012937395920991062,-1,1,1,0.30000000000000004,False,Trend,Trend,False
2019-09-05 00:00:00+09:00,166524.1875,161952.54609375,176291.73854166668,64.51619589493266,1404.629047461745,0.012469012259481764,0.012971817248973835,-1,1,1,0.30000000000000004,False,Trend,Trend,False
2019-09-06 00:00:00+09:00,167302.359375,162341.6234375,175993.12786458334,61.40363237716526,1514.1762033622158,0.012436281681622184,0.012895240903331242,-1,1,1,0.30000000000000004,False,Trend,Trend,False
2019-09-09 00:00:00+09:00,168858.625,162672.33828125,175733.3171875,59.99994158614072,1633.8528914499166,0.012077142826320159,0.01296788465007351,-1,1,1,0.30000000000000004,False,Trend,Trend,False
2019-09-10 00:00:00+09:00,173138.484375,163217.04609375,175596.28697916667,68.75,1923.6944334043292,0.013111761094740618,0.013249565618462225,-1,1,1,0.30000000000000004,False,Trend,Trend,False
2019-09-11 00:00:00+09:00,183643.53125,164403.72734375,175576.46015625,80.68190686027764,2697.8904708914865,0.017441359757633577,0.015128086960218104,-1,1,-1,-0.19999999999999996,False,MeanReversion,Trend,False
2019-09-16 00:00:00+09:00,185199.796875,165648.76796875,175550.41510416666,84.26987738261012,3157.84653558868,0.017411687750252515,0.01510728751693935,-1,1,-1,-0.19999999999999996,False,MeanReversion,MeanReversion,False
2019-09-17 00:00:00+09:00,185199.796875,166932.7171875,175524.37005208334,92.59280192884628,3290.2168087397527,0.017267307599656126,0.01510728751693935,-1,1,-1,-0.19999999999999996,False,MeanReversion,MeanReversion,False
2019-09-18 00:00:00+09:00,185199.796875,168080.490625,175479.03098958332,92.40527563918451,3202.824516041479,0.01719363625951572,0.015084522735921528,-1,1,-1,-0.19999999999999996,False,MeanReversion,MeanReversion,False
2019-09-19 00:00:00+09:00,181698.078125,168936.45234375,175362.46770833334,81.92776913839135,2751.49915806105,0.01801030353154561,0.015267325729940946,-1,1,-1,-0.19999999999999996,False,MeanReversion,MeanReversion,False
2019-09-20 00:00:00+09:00,182087.15625,169850.775,175245.95859375,87.34180239533134,2337.757170161278,0.017880793941948064,0.015267616740939391,-1,1,-1,-0.19999999999999996,False,MeanReversion,MeanReversion,False
2019-09-23 00:00:00+09:00,179752.75,170706.73984375,175116.26640625,77.77792031913398,1790.1261174722472,0.018135887585381535,0.01531916819591451,-1,1,-1,-0.19999999999999996,False,MeanReversion,MeanReversion,False
2019-09-24 00:00:00+09:00,180919.96875,171679.4296875,174960.63567708334,79.72970552848413,1406.669185073442,0.01790777744467394,0.015220227183209322,-1,1,-1,-0.19999999999999996,False,MeanReversion,MeanReversion,False
2019-09-25 00:00:00+09:00,179363.6875,172729.934375,174779.06692708333,75.32474305843132,969.2013657000898,0.017259336849384077,0.015252987449040451,-1,1,-1,-0.19999999999999996,False,MeanReversion,MeanReversion,False
2019-09-26 00:00:00+09:00,179363.6875,173741.53125,174500.22942708334,75.32474305843132,617.922582365185,0.01731389765100681,0.014694109062267953,-1,1,-1,-0.19999999999999996,False,MeanReversion,MeanReversion,False
2019-09-27 00:00:00+09:00,176616.3125,174518.49140625,174233.96380208334,66.6143632947626,162.3406066540324,0.017886174663237834,0.01464857099051095,1,1,1,1.0,False,Trend,MeanReversion,False
2019-09-30 00:00:00+09:00,178186.234375,175471.215625,174026.28671875,67.46257132256349,-59.58443588051159,0.01746215322495365,0.01466249254400204,1,1,-1,0.5,False,Trend,MeanReversion,False
2019-10-01 00:00:00+09:00,177793.75,176151.4171875,173779.64505208333,64.89204563802294,-248.5245392977322,0.016451082787453532,0.014587976638893836,1,1,-1,0.5,False,Trend,MeanReversion,False
2019-10-02 00:00:00+09:00,172691.484375,176595.95625,173460.93567708333,49.27487007074884,-706.886568241609,0.018007977291497838,0.015019697337245334,1,1,-1,0.5,False,Trend,MeanReversion,False
2019-10-04 00:00:00+09:00,171121.59375,176942.55,173167.9375,21.39399840943716,-1083.0498878656203,0.018199797537762907,0.014929248491153919,1,1,-1,0.5,False,Trend,MeanReversion,False
2019-10-07 00:00:00+09:00,171906.53125,177328.390625,172920.44427083334,18.522610306223854,-1235.225426743842,0.018201203819417987,0.014905693637878362,1,1,-1,0.5,False,Trend,MeanReversion,False
2019-10-08 00:00:00+09:00,173868.953125,177695.62890625,172718.62760416666,25.45098416240576,-1161.0728402066177,0.018116937526174527,0.014990886872992474,1,1,-1,0.5,False,Trend,MeanReversion,False
2019-10-10 00:00:00+09:00,173083.96875,177984.709375,172529.66588541667,24.613761768848335,-1121.6360990503815,0.018166507940579186,0.014967302209758318,1,1,-1,0.5,False,Trend,MeanReversion,False
2019-10-11 00:00:00+09:00,177008.796875,178392.21796875,172406.11796875,40.345748274153806,-802.9002500361821,0.01868587102256052,0.01527100003163769,1,1,-1,0.5,False,Trend,Trend,False
2019-10-14 00:00:00+09:00,179756.140625,178723.10078125,172315.39036458332,45.625686487348695,-399.1281209452777,0.01818839885300917,0.015399595914580733,1,1,-1,0.5,False,Trend,Trend,False
2019-10-15 00:00:00+09:00,177793.75,178430.61171875,172172.50260416666,46.27174488381913,-262.8778524288489,0.012469349355961964,0.015431971204524301,1,1,-1,0.5,False,Trend,Trend,False
2019-10-16 00:00:00+09:00,178186.234375,178079.93359375,172081.54765625,44.63923394779045,-150.5657946962856,0.012281216914278673,0.015327242635796814,1,1,-1,0.5,False,Trend,Trend,False
2019-10-17 00:00:00+09:00,176223.828125,177631.13515625,171983.82552083334,43.939369263239676,-209.08577570727493,0.012438253076302051,0.015353491608211636,1,1,-1,0.5,False,Trend,Trend,False
2019-10-18 00:00:00+09:00,176223.828125,177182.33671875,171853.6796875,43.939369263239676,-245.8995238191285,0.012438253076302051,0.015283554456593774,1,1,-1,0.5,False,Trend,Trend,False
2019-10-21 00:00:00+09:00,173083.96875,176751.63125,171677.68697916667,43.2835519365308,-466.9964234349327,0.01236245932774543,0.01544440585132232,1,1,-1,0.5,False,Trend,Trend,False
2019-10-22 00:00:00+09:00,175046.375,176399.5921875,171495.49401041667,44.117624673829106,-465.329115754972,0.012704129603873343,0.015425099766725825,1,1,-1,0.5,False,Trend,Trend,False
2019-10-23 00:00:00+09:00,174653.90625,176144.65,171313.24453125,44.11765050267084,-473.34696352695187,0.01244229055732905,0.015425291157841007,1,1,-1,0.5,False,Trend,Trend,False
2019-10-24 00:00:00+09:00,175046.375,175850.9703125,171163.47447916667,55.35716443832115,-435.8432393035225,0.012336268132395524,0.015399897941872367,1,1,-1,0.5,False,Trend,Trend,False
2019-10-25 00:00:00+09:00,167196.78125,175242.625,170934.7546875,43.055541732327,-896.7692817333304,0.015777280032151418,0.016335604267178533,1,1,-1,0.5,False,Trend,Trend,False
2019-10-28 00:00:00+09:00,166019.34375,174575.4078125,170738.28723958333,39.726068485605374,-1218.0935978314728,0.01577361806892038,0.01621797394581603,1,1,-1,0.5,False,Trend,Trend,False
2019-10-29 00:00:00+09:00,166411.8125,174065.1828125,170541.87682291667,36.231856463763705,-1332.1098737945365,0.015587439929333313,0.016218600580317783,1,1,-1,0.5,False,Trend,Trend,False
2019-10-30 00:00:00+09:00,165626.8125,173437.21171875,170377.77473958334,36.23183555908917,-1382.3197218189196,0.015338999180017422,0.01611774818886539,1,1,-1,0.5,False,Trend,Trend,False
2019-10-31 00:00:00+09:00,166019.34375,172848.49140625,170239.66927083334,26.666697630657538,-1311.6069740381004,0.015395707610059975,0.016105702249010697,1,1,-1,0.5,False,Trend,Trend,False
2019-11-01 00:00:00+09:00,167589.25,172593.3796875,170218.51302083334,22.807069007543802,-1090.6824254105866,0.014389428370255305,0.015635366909598013,1,1,-1,0.5,False,Trend,Trend,False
2019-11-04 00:00:00+09:00,170336.609375,172554.13046875,170333.9296875,33.89830965938805,-709.5610664358696,0.014795050525247109,0.01517407571797115,1,1,-1,0.5,False,Trend,Trend,False
2019-11-05 00:00:00+09:00,171906.53125,172554.13046875,170501.45104166667,37.096762801270096,-321.53453901560374,0.014908948881645937,0.01515216703254405,1,1,-1,0.5,False,Trend,Trend,False
2019-11-06 00:00:00+09:00,170336.609375,172377.51328125,170675.22942708334,37.70491161340933,-149.16562816311216,0.014792456401676129,0.015114061892582607,1,1,-1,0.5,False,Trend,Trend,False
2019-11-07 00:00:00+09:00,170729.09375,172259.76953125,170862.03411458334,38.70967949067816,4.57356444986317,0.014786233476572971,0.0151078999158957,1,1,-1,0.5,False,Trend,Trend,False
2019-11-08 00:00:00+09:00,175831.359375,172200.89765625,171088.48463541668,55.22392405281412,439.1335604579069,0.015433299495614715,0.015413111131577345,1,1,1,1.0,False,Trend,Trend,False
2019-11-11 00:00:00+09:00,175438.90625,171985.0359375,171308.39427083332,50.79375310430071,675.2652543918459,0.014984211530131948,0.015419102955823508,1,1,1,1.0,False,Trend,Trend,False
2019-11-12 00:00:00+09:00,175046.375,171847.6671875,171560.66875,50.79362471453143,773.1034673338008,0.014811005108508577,0.015286924936032403,1,1,1,1.0,False,Trend,Trend,False
2019-11-13 00:00:00+09:00,173476.484375,171612.1796875,171780.29375,46.96976368662616,702.2347808163621,0.014904075208458753,0.01534643607143662,-1,1,1,0.30000000000000004,False,Trend,Trend,False
2019-11-14 00:00:00+09:00,172691.484375,171435.5625,171999.80494791668,64.58318646238266,577.8282826926799,0.014750209242143389,0.015344235443556592,-1,1,1,0.30000000000000004,False,Trend,Trend,False
2019-11-15 00:00:00+09:00,175831.359375,171415.9390625,172226.25546875,73.58475117985913,675.5462813950894,0.01535325867888909,0.015363653159713258,-1,1,-1,-0.19999999999999996,False,MeanReversion,Trend,False
2019-11-18 00:00:00+09:00,178578.71875,171690.6765625,172459.58671875,76.27103890916158,880.7759356544489,0.01512632354951518,0.015381839464819122,-1,1,-1,-0.19999999999999996,False,MeanReversion,MeanReversion,False
2019-11-19 00:00:00+09:00,177008.796875,171788.79765625,172679.72161458334,73.77048538392208,865.1070652289843,0.015114988443384795,0.015418358518226212,-1,1,-1,-0.19999999999999996,False,MeanReversion,MeanReversion,False
2019-11-20 00:00:00+09:00,174653.90625,171788.79765625,172880.0625,66.66660634728763,659.7380413362573,0.01542613266773173,0.015497149104869193,-1,1,1,0.30000000000000004,False,Trend,MeanReversion,False
2019-11-21 00:00:00+09:00,173083.96875,171690.67734375,173073.69244791666,60.60600394246986,394.8246181379903,0.015545322601744469,0.015515692569415212,-1,1,1,0.30000000000000004,False,Trend,MeanReversion,False
2019-11-22 00:00:00+09:00,172691.484375,171965.4125,173312.65729166666,54.99996018928667,180.7195409372415,0.011345732093609869,0.015285405741126959,-1,1,1,0.30000000000000004,False,Trend,MeanReversion,False
2019-11-25 00:00:00+09:00,178971.203125,172613.00546875,173643.31484375,62.49997926526036,435.0764121900006,0.01345901863403344,0.015908571063206072,-1,1,1,0.30000000000000004,False,Trend,MeanReversion,False
2019-11-26 00:00:00+09:00,183288.46875,173456.83828125,174013.50416666668,70.88600067829442,843.4915486820402,0.014179251348369483,0.016105775564281107,-1,1,-1,-0.19999999999999996,False,MeanReversion,MeanReversion,False
2019-11-27 00:00:00+09:00,182895.984375,174320.296875,174409.57473958333,69.62017023879895,1024.569894867042,0.01409910123558616,0.01600665163272415,-1,1,1,0.30000000000000004,False,Trend,MeanReversion,False
2019-11-28 00:00:00+09:00,182503.5,175144.5046875,174714.80442708332,62.686464289470415,1051.3303169687238,0.014178717594189833,0.015556679943631973,1,1,1,1.0,False,Trend,Trend,True
2019-11-29 00:00:00+09:00,180933.546875,175811.71953125,175000.35182291668,59.99978388498586,902.4249290459757,0.014437406355062916,0.01560587623593113,1,1,1,1.0,False,Trend,Trend,False
2019-12-02 00:00:00+09:00,182111.046875,176400.44140625,175299.040625,62.49996544213881,824.500712032539,0.014157226648307045,0.015618103656664883,1,1,1,1.0,False,Trend,Trend,False
2019-12-03 00:00:00+09:00,181326.078125,176871.41875,175584.64661458333,64.28557616733188,668.031659188558,0.014186158982844676,0.015636143423565705,1,1,1,1.0,False,Trend,Trend,False
2019-12-04 00:00:00+09:00,178186.234375,177263.9,175779.0140625,59.21051253093184,318.72939085238136,0.014663683154687733,0.015740774138078454,1,1,1,1.0,False,Trend,Trend,False
2019-12-05 00:00:00+09:00,179756.140625,177715.25234375,175986.57708333334,56.94437225679243,166.7127943579069,0.014736016588673186,0.015765335567520564,1,1,1,1.0,False,Trend,Trend,False
2019-12-06 00:00:00+09:00,180933.546875,177970.36171875,176187.82578125,54.411646754457195,120.89159086965628,0.013363647388468129,0.015745596754662316,1,1,1,1.0,False,Trend,Trend,False
2019-12-09 00:00:00+09:00,182895.984375,178343.215625,176350.45078125,60.86947741809668,193.85694958327076,0.01349231596178902,0.015484706684896923,1,1,1,1.0,False,Trend,Trend,False
2019-12-10 00:00:00+09:00,181718.53125,178676.8234375,176318.36744791668,63.6362484814633,136.62813600177742,0.013596007939543063,0.013508929695683852,1,1,1,1.0,False,Trend,Trend,False
2019-12-11 00:00:00+09:00,181326.078125,179069.303125,176253.80546875,66.66664560277587,50.58162941792011,0.013392328321383594,0.013463602093951232,1,1,1,1.0,False,Trend,Trend,False
2019-12-12 00:00:00+09:00,184858.421875,179677.65,176248.11588541666,71.83098038731933,201.33953296818936,0.013813708948358741,0.013700468891931236,1,1,-1,0.5,False,Trend,Trend,False
2019-12-13 00:00:00+09:00,190745.609375,180423.3625,176340.54609375,71.42851455597287,642.4406079652554,0.014839623310102145,0.01428692853378397,1,1,-1,0.5,False,Trend,Trend,False
2019-12-16 00:00:00+09:00,190353.15625,181012.084375,176484.79739583333,65.00005308109198,840.1836643069523,0.01464583387983059,0.014058678553466333,1,1,1,1.0,False,Trend,Trend,False
2019-12-17 00:00:00+09:00,194277.953125,181875.5421875,176687.97734375,71.01453038202257,1148.6304720095923,0.014840587410778882,0.014284744789962067,1,1,-1,0.5,False,Trend,Trend,False
2019-12-18 00:00:00+09:00,195062.90625,182895.9921875,176943.14661458333,72.85718023060727,1307.2995009660008,0.014223972305515477,0.0141706227441735,1,1,-1,0.5,False,Trend,Trend,False
2019-12-19 00:00:00+09:00,193492.96875,183916.4421875,177152.69661458334,72.8572216664496,1210.5098089601552,0.014174380028933746,0.014206180257576641,1,1,-1,0.5,False,Trend,Trend,False
2019-12-20 00:00:00+09:00,193100.46875,184936.89140625,177381.64296875,70.58820085558403,1031.0597291310924,0.014167501233509175,0.014154759610205441,1,1,-1,0.5,False,Trend,Trend,False
2019-12-23 00:00:00+09:00,191138.0625,185545.234375,177577.88255208332,67.60560695155232,706.6690463517157,0.012669453382515265,0.014231024540605862,1,1,1,1.0,False,Trend,Trend,False
2019-12-24 00:00:00+09:00,188390.734375,185800.34765625,177774.12291666667,68.57149031910222,256.7349751877132,0.012289962869005812,0.014212728449626899,1,1,1,1.0,False,Trend,Trend,False
2019-12-26 00:00:00+09:00,190745.609375,186192.82890625,177983.44583333333,69.44451509665777,76.72456067511303,0.012500401003255762,0.014253278278248321,1,1,1,1.0,False,Trend,Trend,False
2019-12-27 00:00:00+09:00,190346.5625,186584.98203125,178192.659375,67.12692276419759,-100.59022294917122,0.012499440286161713,0.014252845095040517,1,1,-1,0.5,False,Trend,Trend,False
2019-12-30 00:00:00+09:00,188750.40625,186975.825,178460.30807291667,60.79598268645742,-343.08776158062574,0.012489641010093646,0.013749791941865909,1,1,-1,0.5,False,Trend,Trend,False
2020-01-02 00:00:00+09:00,188351.3125,187287.83828125,178747.47005208334,62.59283738580364,-536.5527679656179,0.012479289630913413,0.013687688868786775,1,1,-1,0.5,False,Trend,Trend,False
2020-01-03 00:00:00+09:00,189149.40625,187679.0046875,179034.85130208332,64.62787076342367,-611.5187560427435,0.012409007556989406,0.013686478716592499,1,1,-1,0.5,False,Trend,Trend,False
2020-01-06 00:00:00+09:00,184360.8125,187987.73359375,179209.715625,49.11133000527392,-963.4175839682921,0.013197467005611646,0.01406739989470059,1,1,-1,0.5,False,Trend,Trend,False
2020-01-07 00:00:00+09:00,185158.921875,188257.87265625,179410.96484375,37.80643515531323,-1111.7192673515574,0.013109215085581568,0.014055108411220908,1,1,-1,0.5,False,Trend,Trend,False
2020-01-08 00:00:00+09:00,181966.515625,188309.52109375,179493.59348958332,33.688844372348186,-1376.7675370954016,0.013702203686388768,0.0139721275849271,1,1,-1,0.5,False,Trend,Trend,False
2020-01-09 00:00:00+09:00,186755.09375,188502.4765625,179610.24270833333,35.84442786218851,-1188.630327655113,0.014699487447169635,0.014228111313421131,1,1,-1,0.5,False,Trend,Trend,False
2020-01-10 00:00:00+09:00,189548.453125,188893.97265625,179806.15442708333,40.352764752609275,-850.9287734030468,0.014897807389651602,0.014261387374009366,1,1,-1,0.5,False,Trend,Trend,False
2020-01-13 00:00:00+09:00,190346.5625,189344.996875,180008.8265625,44.342757482213834,-562.5788137974414,0.014869711637498518,0.014266416590646288,1,1,-1,0.5,False,Trend,Trend,False
2020-01-14 00:00:00+09:00,193139.921875,189759.071875,180290.76145833332,50.065299168463575,-191.6628343284567,0.014623143387033756,0.014279604932291296,1,1,-1,0.5,False,Trend,Trend,False
2020-01-15 00:00:00+09:00,193139.921875,189878.7875,180572.69635416666,53.54347651723213,33.731067121142814,0.012913256753955379,0.014279604932291296,1,1,1,1.0,False,Trend,Trend,False
2020-01-16 00:00:00+09:00,192740.890625,189998.17421875,180900.31171875,58.39837009901516,130.5569064492572,0.012913350627967012,0.014057241617513394,1,1,1,1.0,False,Trend,Trend,False
2020-01-17 00:00:00+09:00,192740.890625,189921.32109375,181195.2203125,54.23735675054353,166.89068128871554,0.012044725914691325,0.01400360605628526,1,1,1,1.0,False,Trend,Trend,False
2020-01-20 00:00:00+09:00,197130.421875,190024.696875,181569.82890625,62.31887018691944,443.1537775253769,0.013068376760685958,0.01425096400296041,1,1,1,1.0,False,Trend,Trend,False
2020-01-21 00:00:00+09:00,194736.078125,190086.85234375,181897.990625,60.56322027345919,421.37666497171904,0.013243489419362629,0.01436892280485025,1,1,1,1.0,False,Trend,Trend,False
2020-01-22 00:00:00+09:00,192740.890625,190068.8734375,182323.72578125,57.33339180562973,238.44813248973014,0.013448188899359233,0.013041716879146638,1,1,1,1.0,False,Trend,Trend,False
2020-01-23 00:00:00+09:00,191942.75,190109.1078125,182755.78255208334,54.66665622520152,39.9516914818978,0.013275212484949587,0.013011339578283605,1,1,1,1.0,False,Trend,Trend,False
2020-01-28 00:00:00+09:00,180370.3125,189708.08671875,182988.42421875,44.565216466079846,-845.5784153786708,0.019073292319211975,0.01545499372977118,1,1,-1,0.5,False,Trend,Trend,False
2020-01-29 00:00:00+09:00,180769.359375,189209.27421875,183240.8,43.956023624113946,-1349.3875529773338,0.0187966115087649,0.015434744227992295,1,1,-1,0.5,False,Trend,Trend,False
2020-01-30 00:00:00+09:00,179173.1875,188650.60546875,183460.03072916667,45.977036842676135,-1711.7855469525778,0.018846367648220078,0.015491587829070685,1,1,-1,0.5,False,Trend,Trend,False
2020-01-31 00:00:00+09:00,176379.875,188032.07890625,183606.54114583333,34.146432306215715,-2039.049486443944,0.01902593396887773,0.015606939167559333,1,1,-1,0.5,False,Trend,Trend,False
2020-02-03 00:00:00+09:00,171192.234375,187174.125,183620.8015625,23.86368692612585,-2475.2893858718844,0.019918225350157585,0.015966572087822456,1,1,-1,0.5,False,Trend,Trend,False
2020-02-04 00:00:00+09:00,170793.125,186256.3109375,183602.24479166666,21.839068044221463,-2645.7303266897643,0.019815875226949786,0.015924582616234792,1,1,-1,0.5,False,Trend,Trend,False
2020-02-05 00:00:00+09:00,171192.234375,185597.88203125,183616.50520833334,16.049492525654102,-2583.668223443219,0.01926967115424021,0.015882786568213424,1,1,-1,0.5,False,Trend,Trend,False
2020-02-06 00:00:00+09:00,178774.140625,185278.64296875,183750.58932291667,32.000009397326,-1914.8530957716837,0.021917874605601698,0.016834849148113278,1,-1,-1,-0.30000000000000004,True,Defensive,Trend,False
2020-02-07 00:00:00+09:00,177976.015625,185079.11796875,183786.33359375,31.683142983415138,-1431.2270008608907,0.021621143127560236,0.016419851630943047,1,-1,-1,-0.30000000000000004,True,Defensive,Defensive,False
2020-02-10 00:00:00+09:00,175980.765625,184540.4015625,183795.36458333334,30.18865554847966,-1162.1619479815363,0.020752188427117495,0.016483933403962977,1,1,-1,0.5,False,Trend,Defensive,False
2020-02-11 00:00:00+09:00,177177.9375,183921.87578125,183830.890625,24.48985055007401,-835.3027260466902,0.020464049469196804,0.01650379984088115,1,1,-1,0.5,False,Trend,Trend,False
2020-02-12 00:00:00+09:00,177177.9375,183263.44453125,183892.58151041667,26.087043492805392,-563.8506275037175,0.020403655621984575,0.016459504389069086,-1,1,-1,-0.19999999999999996,False,MeanReversion,Trend,False
2020-02-13 00:00:00+09:00,176379.875,182425.4421875,183954.0546875,26.96636282325798,-391.0019627425204,0.019951251697564596,0.016459399408406603,-1,1,-1,-0.19999999999999996,False,MeanReversion,Trend,False
2020-02-14 00:00:00+09:00,175182.6875,181527.58046875,183943.24348958334,26.666739176778194,-313.597085142007,0.019927815430256225,0.016319234133029187,-1,1,-1,-0.19999999999999996,False,MeanReversion,Trend,False
2020-02-17 00:00:00+09:00,174384.578125,180609.76484375,183873.34114583334,38.095294327499595,-273.88923106027687,0.01991709432113604,0.016200027441022582,-1,1,-1,-0.19999999999999996,False,MeanReversion,Trend,False
2020-02-18 00:00:00+09:00,173586.5,179652.0453125,183816.30286458333,35.93759846217003,-259.26444907080895,0.019882817733710853,0.016171823457223553,-1,1,-1,-0.19999999999999996,False,MeanReversion,Trend,False
2020-02-19 00:00:00+09:00,172788.390625,178434.94375,183785.2109375,37.09681799379197,-260.53898414582136,0.018784942201594677,0.016091074137620086,-1,1,-1,-0.19999999999999996,False,MeanReversion,Trend,False
2020-02-20 00:00:00+09:00,171990.28125,177297.65390625,183766.9828125,40.35083139732178,-271.1182688547515,0.01874182826215512,0.016060052574551727,-1,1,-1,-0.19999999999999996,False,MeanReversion,Trend,False
2020-02-21 00:00:00+09:00,168797.921875,176100.50546875,183702.09010416668,44.230763438560764,-439.15251500448994,0.01893267673933712,0.01623736387679154,-1,1,-1,-0.19999999999999996,False,MeanReversion,Trend,False
2020-02-24 00:00:00+09:00,162413.078125,174624.021875,183426.12135416668,34.32840618281125,-899.8038249030351,0.02021522756897337,0.01627001026545899,-1,1,-1,-0.19999999999999996,False,MeanReversion,Trend,False
2020-02-25 00:00:00+09:00,161215.953125,173666.30390625,183058.24609375,31.883992999675414,-1186.5948124730248,0.015756962019683362,0.015938072106951234,-1,1,-1,-0.19999999999999996,False,MeanReversion,Trend,False
2020-02-26 00:00:00+09:00,159619.78125,172608.825,182670.309375,5.55565626411682,-1372.1412104887222,0.01567358784527594,0.015969945921301496,-1,1,-1,-0.19999999999999996,False,MeanReversion,Trend,False
2020-02-27 00:00:00+09:00,158821.671875,171591.24921875,182275.61223958334,5.555660292535208,-1430.444940715779,0.01566301841838857,0.015973860467656465,-1,1,-1,-0.19999999999999996,False,MeanReversion,Trend,False
2020-02-28 00:00:00+09:00,156028.28125,170573.66953125,181860.52447916666,5.357234003427507,-1530.012968657199,0.01573556190782171,0.01607786009926413,-1,1,-1,-0.19999999999999996,False,MeanReversion,Trend,False
2020-03-02 00:00:00+09:00,152835.9375,169655.8546875,181372.60598958333,0.0,-1672.1981857955534,0.015129331959928381,0.01620329425893235,-1,1,-1,-0.19999999999999996,False,MeanReversion,Trend,False
2020-03-03 00:00:00+09:00,153234.96875,168777.946875,180904.42083333334,1.6128319226790637,-1600.637007148528,0.015226733215617523,0.01621783052316776,-1,1,-1,-0.19999999999999996,False,MeanReversion,Trend,False
2020-03-04 00:00:00+09:00,154831.1875,167959.89453125,180515.17005208333,7.812503823780617,-1318.8051988963962,0.015544556072372958,0.016189333781605884,-1,1,-1,-0.19999999999999996,False,MeanReversion,Trend,False
2020-03-05 00:00:00+09:00,157225.46875,166882.4609375,180139.65885416666,16.417882535552693,-866.0176145747155,0.01176111031068276,0.016287761465274747,-1,1,-1,-0.19999999999999996,False,MeanReversion,Trend,False
2020-03-06 00:00:00+09:00,153234.96875,165645.40859375,179678.01588541668,14.666642303184389,-735.3021291834457,0.012510571420562621,0.01652386584869884,-1,1,-1,-0.19999999999999996,False,MeanReversion,Trend,False
2020-03-09 00:00:00+09:00,153234.96875,164508.11875,179183.665625,15.068457882016219,-556.9672278164999,0.012584576120418522,0.01643228820543256,-1,1,-1,-0.19999999999999996,False,MeanReversion,Trend,False
2020-03-10 00:00:00+09:00,144056.8125,162852.0625,178555.9703125,11.702096196870812,-942.5930583248883,0.01715929438743254,0.018099147736582753,-1,1,-1,-0.19999999999999996,False,MeanReversion,Trend,False
2020-03-11 00:00:00+09:00,143258.75,161156.103125,177921.51484375,11.70211082035992,-1124.5370406411612,0.01702743802612965,0.01809901914516512,-1,1,-1,-0.19999999999999996,False,MeanReversion,Trend,False
2020-03-12 00:00:00+09:00,143258.75,159500.046875,177228.18697916667,12.790667497736024,-1115.7858505659806,0.017142242821821283,0.01784913928649826,-1,1,-1,-0.19999999999999996,False,MeanReversion,Trend,False
2020-03-13 00:00:00+09:00,136474.90625,157564.6578125,176323.67526041667,12.643666262658627,-1418.3553308349901,0.019106340888304558,0.018125030849352578,-1,1,-1,-0.19999999999999996,False,MeanReversion,Trend,False
2020-03-16 00:00:00+09:00,129291.9921875,155310.028515625,175305.98919270834,10.784287945440184,-1922.4284002040122,0.021126090021443854,0.019167435016701307,-1,1,-1,-0.19999999999999996,False,MeanReversion,Trend,False
2020-03-17 00:00:00+09:00,124104.359375,152835.921484375,174136.429296875,9.909882261723482,-2394.6598809845673,0.02174221419512224,0.019346342786055806,-1,1,-1,-0.19999999999999996,False,MeanReversion,Trend,False
2020-03-18 00:00:00+09:00,117719.5625,150082.480078125,172847.37356770833,8.799976193422182,-2893.120815780472,0.022960301493595164,0.020148970622378505,-1,1,-1,-0.19999999999999996,False,MeanReversion,Trend,False
2020-03-19 00:00:00+09:00,111334.75,147049.703515625,171478.069921875,8.208936470376472,-3375.298707928223,0.024073822408049284,0.02105545348422721,-1,1,-1,-0.19999999999999996,False,MeanReversion,Trend,False
2020-03-20 00:00:00+09:00,115325.265625,144376.070703125,170181.81653645833,15.441180492835542,-3152.1719517442434,0.02724283973256936,0.02180640700951703,-1,1,-1,-0.19999999999999996,False,MeanReversion,Trend,False
2020-03-23 00:00:00+09:00,110137.625,141762.298046875,168831.80924479166,13.513545690248165,-3077.214631797864,0.027573450381137336,0.022335274951227467,-1,1,-1,-0.19999999999999996,False,MeanReversion,Trend,False
2020-03-24 00:00:00+09:00,116123.375,139507.669140625,167627.35325520832,19.496863864379065,-2378.983149326872,0.03191490602130226,0.023716899995013193,-1,-1,-1,-1.0,True,Defensive,Trend,False
2020-03-25 00:00:00+09:00,128493.9296875,137951.3765625,166589.82526041666,30.43481869245511,-913.8124417919789,0.04137791264306886,0.02748829268759338,-1,-1,-1,-1.0,True,Defensive,Defensive,False
2020-03-26 00:00:00+09:00,124104.359375,136215.5109375,165485.78854166667,30.27029778494193,-112.25501502962106,0.04169063766001105,0.027720343142190927,-1,-1,-1,-1.0,True,Defensive,Defensive,False
2020-03-27 00:00:00+09:00,130489.1796875,134938.555859375,164514.76809895833,35.8209370998312,919.1957894809857,0.043932059680545144,0.028689041427838576,-1,-1,-1,-1.0,True,Defensive,Defensive,False
2020-03-30 00:00:00+09:00,128878.1640625,133740.6671875,163523.54895833333,39.55241931017157,1528.2983508862999,0.043854742090193966,0.02869532184316142,-1,-1,-1,-1.0,True,Defensive,Defensive,False
2020-03-31 00:00:00+09:00,129683.6875,132563.103125,162532.45364583333,40.65713945897257,1991.485629403478,0.04391060009348122,0.02870896445022459,-1,-1,-1,-1.0,True,Defensive,Defensive,False
2020-04-01 00:00:00+09:00,124850.7421875,131064.080859375,161540.619140625,38.12115846162114,1974.562091215148,0.04415651566338864,0.02889349796224463,-1,-1,-1,-1.0,True,Defensive,Defensive,False
2020-04-02 00:00:00+09:00,125656.234375,129485.619140625,160548.90768229167,42.43491676053891,2012.9330366578524,0.04392350021501764,0.028908174764548055,-1,-1,-1,-1.0,True,Defensive,Defensive,False
2020-04-03 00:00:00+09:00,126461.703125,128146.955859375,159623.82747395834,47.827084700613476,2079.3606475516935,0.0439521341168022,0.028918795052108183,-1,-1,1,-0.5,True,Defensive,Defensive,False
2020-04-06 00:00:00+09:00,129683.6875,126969.391796875,158672.63736979166,54.41675859047468,2309.3684859120694,0.04459670751745933,0.028903648364740117,-1,-1,1,-0.5,True,Defensive,Defensive,False
2020-04-07 00:00:00+09:00,130086.3828125,126270.8703125,157681.60286458334,60.81416773183347,2444.6638913040297,0.04283090838066595,0.028799108408042656,-1,-1,1,-0.5,True,Defensive,Defensive,False
2020-04-08 00:00:00+09:00,129683.6875,125592.1171875,156670.55494791668,67.92004912428695,2456.532938219334,0.042833053833970756,0.028769501998344486,-1,-1,1,-0.5,True,Defensive,Defensive,False
2020-04-09 00:00:00+09:00,132502.84375,125054.321875,155659.93697916667,67.16888637627201,2590.4306441697317,0.04323267090105008,0.028868951740347835,-1,-1,1,-0.5,True,Defensive,Defensive,False
2020-04-10 00:00:00+09:00,143376.953125,125399.42421875,154830.55416666667,79.8315072496448,3301.938585683941,0.04563163000510781,0.030885113018807933,-1,-1,-1,-1.0,True,Defensive,Defensive,False
2020-04-13 00:00:00+09:00,145793.421875,126224.495703125,154048.09635416666,78.45092474948459,3790.910358627284,0.04372101703931832,0.031009903395802913,-1,-1,-1,-1.0,True,Defensive,Defensive,False
2020-04-14 00:00:00+09:00,147404.40625,127389.498046875,153292.48828125,72.84816070938066,4054.72368144343,0.042304698311583545,0.031070242467680944,-1,-1,-1,-1.0,True,Defensive,Defensive,False
2020-04-16 00:00:00+09:00,141765.984375,128591.819140625,152369.74765625,70.71415324688081,3691.7008130545737,0.04135105417892807,0.031179442684167256,-1,-1,-1,-1.0,True,Defensive,Defensive,False
2020-04-17 00:00:00+09:00,141765.984375,130113.380859375,151486.91276041666,65.5555174776506,3306.236201254931,0.038516373689813824,0.03117467786703943,-1,1,1,0.30000000000000004,False,Trend,Defensive,False
2020-04-20 00:00:00+09:00,141363.25,131415.280078125,150630.61875,67.81614782413453,2893.6750833177853,0.03825258078548622,0.031169236460201668,-1,1,1,0.30000000000000004,False,Trend,Defensive,False
2020-04-21 00:00:00+09:00,137738.5625,132795.326953125,149727.215625,60.63831719153313,2273.5447435946835,0.03694234864434523,0.03128431035541912,-1,1,1,0.30000000000000004,False,Trend,Defensive,False
2020-04-22 00:00:00+09:00,136933.03125,133835.809765625,149003.2609375,67.8571321353395,1730.5523915158112,0.035766400809675636,0.030387691423386057,-1,1,1,0.30000000000000004,False,Trend,Defensive,False
2020-04-23 00:00:00+09:00,138141.28125,134318.17734375,148292.79296875,68.23529707100748,1388.9437278892608,0.02831401440431419,0.030424469345671487,-1,1,1,0.30000000000000004,False,Trend,Defensive,False
2020-04-24 00:00:00+09:00,139349.53125,135080.4359375,147629.06536458334,68.60468840647052,1188.3004656528492,0.0268431033472009,0.030466112969329016,-1,1,1,0.30000000000000004,False,Trend,Defensive,False
2020-04-27 00:00:00+09:00,140155.03125,135563.728515625,147025.31796875,66.25001757961869,1058.1186961755498,0.024733127422702342,0.030454592539127627,-1,1,1,0.30000000000000004,False,Trend,Defensive,False
2020-04-28 00:00:00+09:00,142974.21875,136268.53125,146555.01770833333,68.60469548800526,1105.0223341297167,0.024689375990448074,0.03041157179602415,-1,1,1,0.30000000000000004,False,Trend,Trend,False
2020-04-29 00:00:00+09:00,148612.625,137214.978125,146185.34270833334,73.7373167363433,1437.8582935348093,0.02580240829453984,0.030884082809878317,-1,1,-1,-0.19999999999999996,False,MeanReversion,Trend,False
2020-05-04 00:00:00+09:00,143779.703125,138161.426171875,145728.4671875,63.46154635279477,1260.930413712887,0.025372886749676447,0.031130760400796906,-1,1,1,0.30000000000000004,False,Trend,Trend,False
2020-05-06 00:00:00+09:00,144987.921875,139128.010546875,145165.36354166668,52.49998545138532,1156.4248530585037,0.025374063880826043,0.030572657245422137,-1,1,1,0.30000000000000004,False,Trend,Trend,False
2020-05-07 00:00:00+09:00,144585.21875,140034.186328125,144608.85026041666,48.00004759020284,997.3495563655167,0.025471304640162094,0.03057251571177836,-1,1,1,0.30000000000000004,False,Trend,Trend,False
2020-05-08 00:00:00+09:00,144987.921875,140799.398046875,144092.30286458333,45.83329067522487,861.5359801442366,0.025106503126604625,0.03056549799275457,-1,1,1,0.30000000000000004,False,Trend,Trend,False
2020-05-11 00:00:00+09:00,141765.984375,141383.378125,143502.10364583333,50.0,514.1422601113891,0.02587864353853156,0.03063636614701533,-1,1,1,0.30000000000000004,False,Trend,Trend,False
2020-05-12 00:00:00+09:00,136933.03125,141745.8453125,142831.35520833332,42.307640655659426,-51.63793000135274,0.027279789989532576,0.030891245140803457,-1,1,-1,-0.19999999999999996,False,MeanReversion,Trend,False
2020-05-13 00:00:00+09:00,139349.53125,142088.1796875,142214.1828125,46.987953496720536,-261.8785405571009,0.027148802285012888,0.031018982468074625,-1,1,-1,-0.19999999999999996,False,MeanReversion,Trend,False
2020-05-14 00:00:00+09:00,135322.078125,141685.4359375,141549.83932291667,46.42854338700314,-648.8938304028629,0.021278850112713944,0.031190193535233984,1,1,-1,0.5,False,Trend,Trend,True
2020-05-15 00:00:00+09:00,135322.078125,141161.86875,140898.79765625,47.561008497827636,-867.9184736569117,0.02079100880414875,0.031195110411528625,1,1,-1,0.5,False,Trend,Trend,False
2020-05-18 00:00:00+09:00,136127.5625,140598.0265625,140274.48203125,46.913577881639334,-916.7859076090713,0.020632835214774804,0.03122261247730662,1,1,-1,0.5,False,Trend,Trend,False
2020-05-19 00:00:00+09:00,143376.953125,140678.575,139784.29140625,55.208318599449164,-443.1158043611355,0.022442617431984866,0.03204646935042523,1,1,-1,0.5,False,Trend,Trend,False
2020-05-20 00:00:00+09:00,140557.765625,140618.1640625,139260.41614583333,50.495038855988724,-308.30304889740626,0.022903501727553902,0.03211893758956713,1,1,-1,0.5,False,Trend,Trend,False
2020-05-21 00:00:00+09:00,142571.5,140678.5765625,138823.30911458333,49.494980370580244,-83.81815318848453,0.023125672980793637,0.03213343474222537,1,1,-1,0.5,False,Trend,Trend,False
2020-05-22 00:00:00+09:00,138544.03125,140718.85,138425.49166666667,36.8421052631579,-200.24079794837803,0.02329385792710508,0.03197173639007624,1,1,-1,0.5,False,Trend,Trend,False
2020-05-25 00:00:00+09:00,138544.03125,140799.4,138047.62630208334,42.168670756646215,-266.7545811732258,0.023249141564733563,0.03196737685629788,1,1,-1,0.5,False,Trend,Trend,False
2020-05-26 00:00:00+09:00,141765.984375,140980.63515625,137750.06302083333,45.454565493987886,-92.27418544083969,0.023724924524472283,0.032120196227733974,1,1,-1,0.5,False,Trend,Trend,False
2020-05-27 00:00:00+09:00,147001.65625,141363.24140625,137553.06276041668,52.99996430738479,352.83127991397475,0.024946909584330035,0.03249397179923087,1,1,1,1.0,False,Trend,Trend,False
2020-05-28 00:00:00+09:00,148612.625,141786.12109375,137429.46848958332,54.368933135911696,712.1018727059882,0.025006754649019688,0.03245850534625528,1,1,1,1.0,False,Trend,Trend,False
2020-05-29 00:00:00+09:00,145793.421875,141927.08125,137312.09322916667,54.901948105790616,714.393028548327,0.025135649770488686,0.03244333273611343,1,1,1,1.0,False,Trend,Trend,False
2020-06-01 00:00:00+09:00,147001.65625,141846.5328125,137208.2046875,63.44087277484465,748.2096891790551,0.023607992669468027,0.032461524234278054,1,1,1,1.0,False,Trend,Trend,False
2020-06-02 00:00:00+09:00,152237.34375,142269.41484375,137164.97395833334,65.999990688883,1055.3305285747379,0.023579386754841343,0.032758143958524714,1,1,1,1.0,False,Trend,Trend,False
2020-06-03 00:00:00+09:00,163111.4375,143175.590625,137263.0734375,79.48718543884122,1875.0779533281257,0.027837367144991316,0.03390401183163435,1,1,-1,0.5,False,Trend,Trend,False
2020-06-04 00:00:00+09:00,163514.140625,144122.03671875,137434.39296875,79.66100524671529,2300.6239074278465,0.027776007965693295,0.033727937436585406,1,1,-1,0.5,False,Trend,Trend,False
2020-06-05 00:00:00+09:00,161500.453125,144947.66328125,137572.15104166666,76.03309812889187,2297.3322027663853,0.028078462860804062,0.033772584643965264,1,1,-1,0.5,False,Trend,Trend,False
2020-06-08 00:00:00+09:00,163111.4375,146014.9359375,137889.728125,72.8972450579027,2251.5079245325205,0.027310276027454557,0.03277222269339637,1,1,-1,0.5,False,Trend,Trend,False
2020-06-09 00:00:00+09:00,159889.5,147162.759375,138166.90729166666,72.22226014049318,1867.8698120933977,0.026306472439539288,0.03288150781542571,1,1,-1,0.5,False,Trend,Trend,False
2020-06-10 00:00:00+09:00,159486.734375,148169.61953125,138437.37369791666,70.19229944233945,1468.2631865319208,0.02629700225136687,0.03288549964511158,1,1,-1,0.5,False,Trend,Trend,False
2020-06-11 00:00:00+09:00,155862.0625,149196.61875,138760.49296875,70.87386868880147,870.6348472216814,0.02587413892236522,0.0323851002012212,1,1,-1,0.5,False,Trend,Trend,False
2020-06-12 00:00:00+09:00,150223.625,149941.69609375,139109.353515625,62.39319385199804,49.72082854049768,0.02765426905714236,0.0319512519185863,1,1,1,1.0,False,Trend,Trend,False
2020-06-15 00:00:00+09:00,140960.515625,150183.34375,139390.289453125,49.24244160995633,-1099.5420738464063,0.031648329267750366,0.03260205898338334,1,1,-1,0.5,False,Trend,Trend,False
2020-06-16 00:00:00+09:00,151029.09375,150565.95078125,139945.44830729166,53.47222446738461,-1158.1522222511394,0.03326477221764717,0.03291402269061592,1,1,-1,0.5,False,Trend,Trend,False
2020-06-17 00:00:00+09:00,150626.375,151069.38125,140600.30872395833,51.773078916870006,-1195.7039536059356,0.032873741399420064,0.03197621320534518,1,1,-1,0.5,False,Trend,Trend,False
2020-06-18 00:00:00+09:00,150223.625,151451.9875,141181.948046875,54.07409770316604,-1215.3648964399508,0.03279958564256089,0.03174344447772928,1,1,-1,0.5,False,Trend,Trend,False
2020-06-19 00:00:00+09:00,153445.5625,152197.0640625,141903.74700520834,55.71429759074206,-988.6924297586347,0.03218735562040097,0.03111354642631007,1,1,-1,0.5,False,Trend,Trend,False
2020-06-22 00:00:00+09:00,149820.875,152760.90625,142465.37200520834,47.79410841780118,-1054.187682022548,0.032824574251829525,0.030708211989054317,1,1,-1,0.5,False,Trend,Trend,False
2020-06-23 00:00:00+09:00,147404.40625,153042.82734375,142780.54661458332,33.04341694926234,-1219.866225969282,0.03279730451705996,0.0280500850198371,1,1,-1,0.5,False,Trend,Trend,False
2020-06-24 00:00:00+09:00,149015.375,153143.51328125,143195.73020833332,34.74575351707716,-1179.8505989211867,0.031877494122426256,0.027644252607122163,1,1,-1,0.5,False,Trend,Trend,False
2020-06-25 00:00:00+09:00,144987.921875,152962.278125,143437.37591145834,33.33329127762508,-1370.1493292511227,0.03237770658152831,0.02721374850244711,1,1,-1,0.5,False,Trend,Trend,False
2020-06-26 00:00:00+09:00,147404.40625,153042.82734375,143746.14661458333,34.39997517031611,-1280.4689784463092,0.0323214595351267,0.027214758933236615,1,1,-1,0.5,False,Trend,Trend,False
2020-06-29 00:00:00+09:00,141750.546875,152780.271875,143947.2609375,32.81478851951671,-1532.1163923776805,0.03344303913467553,0.02772673262306098,1,1,-1,0.5,False,Trend,Trend,False
2020-06-30 00:00:00+09:00,140538.984375,152195.35390625,144208.731640625,32.319479225837156,-1697.5206516415842,0.032318895615878106,0.027273630129527562,1,1,-1,0.5,False,Trend,Trend,False
2020-07-01 00:00:00+09:00,144173.609375,151248.4625,144517.35455729166,39.095298445215484,-1487.0572501687266,0.028373190997975,0.02743755434500655,1,1,-1,0.5,False,Trend,Trend,False
2020-07-02 00:00:00+09:00,146192.84375,150382.39765625,144846.20690104167,45.96715695899529,-1151.7412715587525,0.028670319316200486,0.027473736257276584,1,1,-1,0.5,False,Trend,Trend,False
2020-07-03 00:00:00+09:00,146596.6875,149637.209375,145128.090234375,56.854126613084965,-856.2133385869762,0.028681537151000233,0.027311171437959712,1,1,-1,0.5,False,Trend,Trend,False
2020-07-06 00:00:00+09:00,147808.25,148872.05,145423.4546875,45.007706384334966,-547.617637342338,0.028638076748768934,0.027322565918898683,1,1,-1,0.5,False,Trend,Trend,False
2020-07-07 00:00:00+09:00,149423.625,148348.75625,145752.45364583333,48.20328532508734,-219.98990696091295,0.028616251463209837,0.027336770657669894,1,1,-1,0.5,False,Trend,Trend,False
2020-07-08 00:00:00+09:00,153865.96875,148067.71796875,146108.50572916667,54.85511104001973,283.3038863739085,0.02953643044331052,0.02744752220113528,1,1,1,1.0,False,Trend,Trend,False
2020-07-09 00:00:00+09:00,152250.5625,147887.14296875,146256.39921875,48.33583422402179,483.08111259557995,0.0291956924662276,0.02559506814094975,1,1,1,1.0,False,Trend,Trend,False
2020-07-10 00:00:00+09:00,147000.546875,147725.9890625,146276.51796875,46.2424886619545,249.0940635538771,0.02908525055476671,0.02592765969286491,1,1,1,1.0,False,Trend,Trend,False
2020-07-13 00:00:00+09:00,151039.03125,148229.91484375,146337.09505208334,54.64177759472686,347.7005925565535,0.025692469599449,0.026124658297714595,1,1,1,1.0,False,Trend,Trend,False
2020-07-14 00:00:00+09:00,149019.78125,148129.44921875,146457.99166666667,50.005569142683804,262.2182798557157,0.020765106623980047,0.025675859685195833,1,1,1,1.0,False,Trend,Trend,False
2020-07-15 00:00:00+09:00,150635.21875,148129.89140625,146605.81223958332,57.601183458334795,297.1933881094306,0.020914231652419117,0.025707651573605425,1,1,1,1.0,False,Trend,Trend,False
2020-07-16 00:00:00+09:00,150635.21875,148150.47109375,146760.34505208334,54.65119417811178,302.06461006010693,0.020904738728900217,0.025703041697652022,1,1,1,1.0,False,Trend,Trend,False
2020-07-17 00:00:00+09:00,150635.21875,148009.95390625,146975.28932291668,65.27776061199278,287.1234754335651,0.02030830752198361,0.025457562552205156,1,1,1,1.0,False,Trend,Trend,False
2020-07-20 00:00:00+09:00,151442.875,148091.05390625,147217.12005208334,69.01405764413349,311.43590106286973,0.019607369782425662,0.02544379133531967,1,1,1,1.0,False,Trend,Trend,False
2020-07-21 00:00:00+09:00,154673.65625,148454.51640625,147492.65963541667,68.57140646271006,513.005551489455,0.019702590508609983,0.025551646495746927,1,1,1,1.0,False,Trend,Trend,False
2020-07-22 00:00:00+09:00,159519.84375,148979.73984375,147828.83151041667,71.42856425041931,917.0321917917399,0.020638657798251667,0.025810471676177966,1,1,-1,0.5,False,Trend,Trend,False
2020-07-23 00:00:00+09:00,157904.4375,149625.565625,148124.65494791666,67.49997340047376,1012.3212874719356,0.019619923244217862,0.02585573530177631,1,1,1,1.0,False,Trend,Trend,False
2020-07-24 00:00:00+09:00,156692.90625,150089.990625,148353.29973958334,63.74998549115347,932.5715335585321,0.019570950716754156,0.025776875755765,1,1,1,1.0,False,Trend,Trend,False
2020-07-27 00:00:00+09:00,158308.296875,150917.878125,148514.89427083332,63.750003022674896,925.5734643590099,0.016904385487274066,0.02534002073321867,1,1,1,1.0,False,Trend,Trend,False
2020-07-28 00:00:00+09:00,163154.453125,152048.6515625,148837.80677083333,64.19749430273664,1168.6119374353893,0.01741437568963565,0.02521140886500143,1,1,1,1.0,False,Trend,Trend,False
2020-07-29 00:00:00+09:00,162750.59375,152977.50078125,149133.85130208332,66.66663359804762,1217.920757651761,0.017006004341058343,0.02520463847598318,1,1,1,1.0,False,Trend,Trend,False
2020-07-30 00:00:00+09:00,160731.34375,153704.42578125,149402.95338541668,74.2856258508402,1037.3523911806951,0.017384744819076627,0.025266409270188344,1,1,-1,0.5,False,Trend,Trend,False
2020-07-31 00:00:00+09:00,156289.0625,154189.04453125,149591.30572916666,59.154948765288125,565.1706200340732,0.0188690036488691,0.025556773802270595,1,1,1,1.0,False,Trend,Trend,False
2020-08-03 00:00:00+09:00,155077.484375,154552.50625,149813.1640625,60.86953352401854,139.8515527747827,0.018983741394691785,0.02539550312106371,1,1,1,1.0,False,Trend,Trend,False
2020-08-04 00:00:00+09:00,156692.90625,154915.9703125,150142.4953125,60.86951158242271,-53.70516562254488,0.018972181214702528,0.024970038342094027,1,1,-1,0.5,False,Trend,Trend,False
2020-08-05 00:00:00+09:00,156692.90625,155057.3171875,150431.5515625,60.86951158242271,-194.82121592685007,0.017883977183773592,0.02489099891293617,1,1,-1,0.5,False,Trend,Trend,False
2020-08-06 00:00:00+09:00,162346.796875,155562.12890625,150881.96354166666,67.46985536823135,65.59119325261099,0.01923870826289824,0.024915896959803778,1,1,1,1.0,False,Trend,Trend,False
2020-08-07 00:00:00+09:00,159115.96875,156167.9,151278.52838541666,60.67410503911623,-3.128876761868014,0.017914445780258678,0.02509191526273823,1,1,-1,0.5,False,Trend,Trend,False
2020-08-10 00:00:00+09:00,160327.5625,156632.3265625,151681.86171875,58.333348686562,8.971728343341965,0.01710057576716495,0.025096427942338767,1,1,1,1.0,False,Trend,Trend,False
2020-08-11 00:00:00+09:00,167192.921875,157540.98359375,152078.79453125,60.67408794330188,431.8844987183811,0.018707060310642145,0.024797040324059293,1,1,1,1.0,False,Trend,Trend,False
2020-08-12 00:00:00+09:00,168404.453125,158429.4453125,152542.90598958332,64.77266182305807,728.318134579165,0.018673592185164286,0.024627921117489168,1,1,1,1.0,False,Trend,Trend,False
2020-08-13 00:00:00+09:00,166385.25,159216.946875,152939.80182291666,63.333313271709756,722.0996536290249,0.019054075277054813,0.0246588783298887,1,1,1,1.0,False,Trend,Trend,False
2020-08-14 00:00:00+09:00,170019.859375,160186.17890625,153464.39895833333,65.26311845421269,885.6779664913356,0.019367390720190343,0.024432708523052234,1,1,1,1.0,False,Trend,Trend,False
2020-08-18 00:00:00+09:00,163962.15625,160812.14296875,153888.034375,51.02041702609818,526.5471947635651,0.021559840013329237,0.02496177784983155,1,1,1,1.0,False,Trend,Trend,False
2020-08-19 00:00:00+09:00,162346.796875,161195.8,154231.04791666666,49.50501269694243,140.9186162954993,0.021376780615188235,0.024872041262863,1,1,1,1.0,False,Trend,Trend,False
2020-08-20 00:00:00+09:00,157500.625,161094.8390625,154406.03072916667,46.296366618255966,-447.6070747995768,0.021469811707081572,0.024814092778986722,1,1,-1,0.5,False,Trend,Trend,False
2020-08-21 00:00:00+09:00,160731.34375,161236.184375,154608.009375,55.23804891493794,-615.984778435814,0.02183570770760202,0.02490626647538704,1,1,-1,0.5,False,Trend,Trend,False
2020-08-24 00:00:00+09:00,160731.34375,161438.10625,154856.97473958333,56.8627473293194,-716.9681948623856,0.021743974842039278,0.024761927792941354,1,1,-1,0.5,False,Trend,Trend,False
2020-08-25 00:00:00+09:00,161942.90625,161619.83671875,155105.99557291667,56.43563256522015,-691.4632562910629,0.02169285426700452,0.02475874039323427,1,1,-1,0.5,False,Trend,Trend,False
2020-08-26 00:00:00+09:00,155885.15625,161256.371875,155166.79244791667,49.137871802791175,-1050.349434999359,0.022251169777120203,0.02488693781719812,1,1,-1,0.5,False,Trend,Trend,False
2020-08-27 00:00:00+09:00,152250.5625,160731.3703125,154985.77786458333,38.73866431596203,-1474.3169828394566,0.022756253678659535,0.023386580788927674,1,1,-1,0.5,False,Trend,Trend,False
2020-08-28 00:00:00+09:00,153058.3125,160347.71875,154811.5140625,42.857195497171915,-1629.9909259573062,0.022727190327540545,0.02339682456950233,1,1,-1,0.5,False,Trend,Trend,False
2020-08-31 00:00:00+09:00,149019.78125,159984.2546875,154603.50286458334,37.49992227372499,-1914.906218553663,0.022652639914241397,0.023586734899109372,1,1,-1,0.5,False,Trend,Trend,False
2020-09-01 00:00:00+09:00,150635.21875,159762.14140625,154395.56588541667,29.2929948229214,-1900.7042192032116,0.022799555845434527,0.02359392613525602,1,1,-1,0.5,False,Trend,Trend,False
2020-09-02 00:00:00+09:00,151846.71875,159519.83203125,154261.51953125,29.292939556671016,-1721.2120465888659,0.02274137973150039,0.023495762058447646,1,1,-1,0.5,False,Trend,Trend,False
2020-09-03 00:00:00+09:00,152654.421875,159317.9078125,154147.64765625,32.29166372794904,-1469.3748546605057,0.022791549998880622,0.023508104150147327,1,1,-1,0.5,False,Trend,Trend,False
2020-09-04 00:00:00+09:00,150231.34375,158712.13515625,154053.80234375,23.65595915967988,-1388.2268370873528,0.021278222347395948,0.0234130602485092,1,1,-1,0.5,False,Trend,Trend,False
2020-09-07 00:00:00+09:00,151846.71875,158348.67265625,154080.85390625,31.70731822398288,-1157.428706727354,0.02115636303888359,0.02296625479935055,1,1,-1,0.5,False,Trend,Trend,False
2020-09-08 00:00:00+09:00,151039.03125,157884.24609375,154248.82916666666,32.499977027648555,-996.9277781341103,0.02103429181902899,0.0214000062968095,1,1,-1,0.5,False,Trend,Trend,False
2020-09-09 00:00:00+09:00,149423.625,156995.78125,154222.07135416666,36.11106036001277,-938.1760211998267,0.018224848003326504,0.01950787448564875,1,1,-1,0.5,False,Trend,Trend,False
2020-09-10 00:00:00+09:00,149827.46875,156066.93203125,154208.75625,29.230887361652947,-815.2764274439137,0.01808472370644101,0.01950856422821746,1,1,-1,0.5,False,Trend,Trend,False
2020-09-11 00:00:00+09:00,149827.46875,155239.04296875,154202.15364583334,29.230887361652947,-682.5269968856967,0.01806755969205969,0.01950560423758611,1,1,-1,0.5,False,Trend,Trend,False
2020-09-14 00:00:00+09:00,153462.109375,154411.15546875,154202.42942708332,35.21133284398431,-317.05293335957185,0.01825883633608371,0.01955954176773861,1,1,-1,0.5,False,Trend,Trend,False
2020-09-15 00:00:00+09:00,153058.3125,153865.96328125,154256.38671875,43.85985156505602,-81.87135179708298,0.01672247293525765,0.019310056588990657,-1,1,-1,-0.19999999999999996,False,MeanReversion,Trend,False
2020-09-16 00:00:00+09:00,152654.421875,153381.34453125,154343.88697916668,51.02043233452273,59.497437596385225,0.016653515611289603,0.0191910995286225,-1,1,1,0.30000000000000004,False,Trend,Trend,False
2020-09-17 00:00:00+09:00,153462.109375,153179.41875,154417.99921875,51.020277638063,211.8398795479725,0.015448757454743752,0.019153837883039166,-1,1,1,0.30000000000000004,False,Trend,Trend,False
2020-09-18 00:00:00+09:00,155077.484375,152896.72578125,154586.15859375,67.44185418760522,414.1362551954103,0.01487066603250488,0.018840642296966626,-1,1,1,0.30000000000000004,False,Trend,Trend,False
2020-09-21 00:00:00+09:00,154269.796875,152573.6484375,154700.58177083332,60.9755107856913,481.55999009359107,0.014883411696679193,0.01874817777718991,-1,1,1,0.30000000000000004,False,Trend,Trend,False
2020-09-22 00:00:00+09:00,157096.765625,152331.34140625,154956.35208333333,64.44452278044264,691.7714011198948,0.01542414876711638,0.0181316559666313,-1,1,1,0.30000000000000004,False,Trend,Trend,False
2020-09-23 00:00:00+09:00,157500.625,152412.11484375,155239.04609375,63.636451568936934,824.2458653211446,0.012802450553704287,0.018081401088071013,-1,1,1,0.30000000000000004,False,Trend,Trend,False
2020-09-24 00:00:00+09:00,151846.71875,152391.92265625,155366.93125,53.846108058880596,512.5807137529667,0.014325188546938258,0.018478292782716167,-1,1,1,0.30000000000000004,False,Trend,Trend,False
2020-09-25 00:00:00+09:00,156692.90625,152573.65234375,155541.93229166666,60.0,607.7986355425239,0.015945314053211507,0.018822795718293792,-1,1,1,0.30000000000000004,False,Trend,Trend,False
2020-09-28 00:00:00+09:00,157913.859375,153018.35625,155730.55182291666,63.94816478773849,720.3122196379236,0.014573840967539347,0.018841089113507105,-1,1,1,0.30000000000000004,False,Trend,Trend,False
2020-09-29 00:00:00+09:00,159541.890625,153463.68984375,155926.1125,70.51818176633374,862.1052794718278,0.01455935284259464,0.018855642521985856,-1,1,-1,-0.19999999999999996,False,MeanReversion,Trend,False
2020-10-05 00:00:00+09:00,166867.75,154214.74140625,156216.84791666668,76.98053384237667,1376.4742884167126,0.0173190047245819,0.01964432127808867,-1,1,-1,-0.19999999999999996,False,MeanReversion,MeanReversion,False
2020-10-06 00:00:00+09:00,164425.8125,154803.3109375,156392.8453125,71.45503896974735,1470.9073703219701,0.01785498128787958,0.01942254038933386,-1,1,-1,-0.19999999999999996,False,MeanReversion,MeanReversion,False
2020-10-07 00:00:00+09:00,166867.75,155635.13125,156636.46510416668,70.4179491926928,1605.507407919452,0.01738557980671849,0.019439680894251576,-1,1,-1,-0.19999999999999996,False,MeanReversion,MeanReversion,False
2020-10-08 00:00:00+09:00,169309.765625,156508.28359375,157008.28541666668,73.30539027884647,1754.5730684062748,0.017469678127603094,0.01890349376317594,-1,1,-1,-0.19999999999999996,False,MeanReversion,MeanReversion,False
2020-10-12 00:00:00+09:00,168495.734375,157381.11875,157299.23046875,72.45310697827694,1693.0989010525766,0.01745336859283517,0.01864260365072459,1,1,-1,0.5,False,Trend,MeanReversion,False
2020-10-13 00:00:00+09:00,166867.75,158253.325,157596.69661458334,68.5690490526541,1447.0815241078344,0.0174037881941624,0.018596727044983562,1,1,1,1.0,False,Trend,MeanReversion,False
2020-10-14 00:00:00+09:00,163204.8125,158922.1921875,157806.18984375,60.65339879200487,965.1285300875288,0.01847359078274943,0.01881537238256242,1,1,1,1.0,False,Trend,MeanReversion,False
2020-10-15 00:00:00+09:00,166867.75,159774.20625,158076.73203125,65.36352726459248,825.8809392275266,0.01886571888674958,0.01900589413358822,1,1,1,1.0,False,Trend,MeanReversion,False
2020-10-16 00:00:00+09:00,164425.8125,160322.39140625,158306.57526041666,59.02269393370366,517.2528344522211,0.018844592619182855,0.019123246366701437,1,1,1,1.0,False,Trend,MeanReversion,False
2020-10-19 00:00:00+09:00,169716.734375,161155.3125,158611.13958333334,63.42383042346402,610.9531963404902,0.019798734234744313,0.019511959786363,1,1,1,1.0,False,Trend,MeanReversion,False
2020-10-20 00:00:00+09:00,168088.78125,161927.03046875,158834.725,69.58025044830548,508.97439426916117,0.020004680785075668,0.019402338563741687,1,1,1,1.0,False,Trend,MeanReversion,False
2020-10-21 00:00:00+09:00,168495.734375,162678.71171875,158984.32317708334,65.93409606852045,418.39648784337714,0.020011424544709607,0.019013831148962334,1,1,1,1.0,False,Trend,Trend,False
2020-10-22 00:00:00+09:00,170937.71875,163471.7234375,159201.54453125,67.02135002399453,468.6300154061646,0.02009018798621624,0.019035459284146385,1,1,1,1.0,False,Trend,Trend,False
2020-10-23 00:00:00+09:00,179077.625,164712.11484375,159574.62317708333,71.81822782424479,967.0480573791456,0.021966305157314212,0.019868647219963925,1,1,-1,0.5,False,Trend,Trend,False
2020-10-26 00:00:00+09:00,177449.609375,165729.75703125,159893.64505208333,63.541676247804006,1094.6815202981484,0.022113621032992626,0.019893475759990172,1,1,1,1.0,False,Trend,Trend,False
2020-10-27 00:00:00+09:00,179077.625,166808.60703125,160159.03125,69.14892574256213,1188.5209424028371,0.022107287309846294,0.019569992197184676,1,1,1,1.0,False,Trend,Trend,False
2020-10-28 00:00:00+09:00,175821.625,168007.35234375,160376.88177083334,61.458292509503785,941.8643499782138,0.020565401636765922,0.019731981737452216,1,1,1,1.0,False,Trend,Trend,False
2020-10-29 00:00:00+09:00,172565.703125,168800.9921875,160574.12109375,54.08160547065976,492.57988468796975,0.02052882551478039,0.019821482690435967,1,1,1,1.0,False,Trend,Trend,False
2020-10-30 00:00:00+09:00,169309.765625,169370.7875,160791.1328125,50.961588864188904,-61.27925802918071,0.021191551404622765,0.01963017685500855,1,1,-1,0.5,False,Trend,Trend,False
2020-11-02 00:00:00+09:00,175821.625,170184.77421875,161136.86848958334,59.48277060368913,-28.15192610669874,0.0225042587143535,0.020144841963083433,1,1,-1,0.5,False,Trend,Trend,False
2020-11-03 00:00:00+09:00,179484.625,170815.61796875,161516.73046875,67.24142039486009,189.40718089902202,0.020823058888196775,0.020259404298094957,1,1,1,1.0,False,Trend,Trend,False
2020-11-04 00:00:00+09:00,178263.59375,171507.50703125,161876.24192708332,62.7272581322917,199.04058193522178,0.020528328931205146,0.02029147167720001,1,1,1,1.0,False,Trend,Trend,False
2020-11-05 00:00:00+09:00,184775.546875,172402.896875,162250.05442708332,70.83329467563524,570.8925232622933,0.021623140262031985,0.020303549111419513,1,1,-1,0.5,False,Trend,Trend,False
2020-11-06 00:00:00+09:00,185589.53125,173216.88515625,162691.28046875,67.88987465135438,785.3507014125526,0.02150893471864627,0.020093591571107617,1,1,1,1.0,False,Trend,Trend,False
2020-11-09 00:00:00+09:00,190473.421875,174315.76953125,163193.71145833333,73.50416609107354,1147.8572016768758,0.021898572415258253,0.020310549469666064,1,1,-1,0.5,False,Trend,Trend,False
2020-11-10 00:00:00+09:00,192915.40625,175618.15234375,163622.41953125,74.59008887530865,1425.7013814251877,0.021617503411152005,0.019699540189819075,1,1,-1,0.5,False,Trend,Trend,False
2020-11-11 00:00:00+09:00,194136.40625,177164.73203125,164051.28541666668,73.94950446497703,1554.745975629231,0.02048373118178163,0.01969610140636298,1,1,-1,0.5,False,Trend,Trend,False
2020-11-12 00:00:00+09:00,192508.390625,178446.7640625,164486.67109375,66.01928720173811,1398.4000395380954,0.020564220057700925,0.01965644694232193,1,1,1,1.0,False,Trend,Trend,False
2020-11-13 00:00:00+09:00,192101.4375,179830.5453125,164854.69739583333,67.99998925049456,1146.1108798786481,0.020044110946281442,0.019502126455359585,1,1,1,1.0,False,Trend,Trend,False
2020-11-16 00:00:00+09:00,194543.375,181071.87734375,165364.384375,68.62738824974726,1026.1091066830231,0.019287453226841746,0.01888593634156607,1,1,1,1.0,False,Trend,Trend,False
2020-11-17 00:00:00+09:00,194136.40625,182374.25859375,165894.21119791668,73.68427220750334,811.1639442096202,0.019020420166127008,0.01882338762815197,1,1,-1,0.5,False,Trend,Trend,False
2020-11-18 00:00:00+09:00,194136.40625,183656.2921875,166504.80755208334,80.4597675788619,572.1008734542293,0.01906008408101672,0.018314812175437876,1,1,-1,0.5,False,Trend,Trend,False
2020-11-19 00:00:00+09:00,192101.4375,184714.478125,167027.64244791667,83.33329524685296,199.2823610495443,0.019369626234158267,0.018267507798352504,1,1,-1,0.5,False,Trend,Trend,False
2020-11-20 00:00:00+09:00,193322.421875,185426.71796875,167570.82708333334,80.28168252507453,-30.49459130795094,0.01684729919999976,0.018268352087511028,1,1,-1,0.5,False,Trend,Trend,False
2020-11-23 00:00:00+09:00,198206.34375,186464.5546875,168175.21770833334,81.08103340759087,75.25903982973432,0.017187687287478253,0.018477611102827914,1,1,-1,0.5,False,Trend,Trend,False
2020-11-24 00:00:00+09:00,199020.296875,187461.68828125,168894.13671875,84.93157673025071,125.86553228976027,0.017169020023048046,0.017656389469235468,1,1,-1,0.5,False,Trend,Trend,False
2020-11-25 00:00:00+09:00,199427.328125,188641.9734375,169680.41614583333,81.03455351552003,112.99831421934505,0.016274119748929505,0.017281828712782474,1,1,-1,0.5,False,Trend,Trend,False
2020-11-26 00:00:00+09:00,197392.375,189883.30703125,170419.3171875,73.77059600981812,-95.07775899517037,0.015691212955172076,0.0173859920957669,1,1,-1,0.5,False,Trend,Trend,False
2020-11-27 00:00:00+09:00,194950.40625,191165.3390625,171184.82760416667,60.000125644188216,-440.3573540824891,0.01518189840315882,0.017049003390158843,1,1,-1,0.5,False,Trend,Trend,False
2020-11-30 00:00:00+09:00,190473.421875,191897.92890625,171848.79765625,44.9999584095026,-982.3996112186251,0.0148122915334683,0.01739777679542623,1,1,-1,0.5,False,Trend,Trend,False
2020-12-01 00:00:00+09:00,199834.34375,192915.41484375,172648.59140625,58.750021595038326,-734.0122057635081,0.01745494234350313,0.018299111522698502,1,1,-1,0.5,False,Trend,Trend,False
2020-12-02 00:00:00+09:00,203497.28125,194177.09921875,173495.97239583332,65.8824315834307,-365.1787681878486,0.017430369455939163,0.01838289121055038,1,1,-1,0.5,False,Trend,Trend,False
2020-12-03 00:00:00+09:00,204718.265625,195174.23515625,174404.08776041667,67.81609296845524,-95.1943766814893,0.01601341972739863,0.018179419456936675,1,1,-1,0.5,False,Trend,Trend,False
2020-12-04 00:00:00+09:00,216114.109375,196700.4640625,175475.2109375,74.31194405456476,748.2330420681546,0.019403437012075298,0.01923944101206851,1,1,-1,0.5,False,Trend,Trend,False
2020-12-07 00:00:00+09:00,219777.046875,198165.6453125,176620.84453125,76.92304411012421,1411.6681960168644,0.01905192062934781,0.019233005887399828,1,1,-1,0.5,False,Trend,Trend,False
2020-12-08 00:00:00+09:00,216114.109375,199325.58046875,177732.35260416666,71.42856272309152,1456.7716130833132,0.019729605988147093,0.019339314545131926,1,1,-1,0.5,False,Trend,Trend,False
2020-12-09 00:00:00+09:00,222218.984375,200729.709375,178938.87786458334,77.20584935013024,1731.99097807398,0.020344642521522335,0.019534950898892737,1,1,-1,0.5,False,Trend,Trend,False
2020-12-10 00:00:00+09:00,221405.0,202174.53984375,180131.83671875,75.55552774958474,1691.522107865344,0.020185207860590304,0.019561594934470045,1,1,-1,0.5,False,Trend,Trend,False
2020-12-11 00:00:00+09:00,227509.96875,203944.96640625,181365.96770833334,76.08695652173913,1893.0035162370677,0.020550090628333243,0.019614854425827177,1,1,-1,0.5,False,Trend,Trend,False
2020-12-14 00:00:00+09:00,225067.984375,205471.196875,182566.12890625,72.53520898287323,1685.8115643827168,0.02096304627246723,0.019707724965730013,1,1,-1,0.5,False,Trend,Trend,False
2020-12-15 00:00:00+09:00,218963.078125,206712.53046875,183671.27317708332,65.38461538461539,995.7309897730338,0.022289213430502768,0.020157721545872146,1,1,1,1.0,False,Trend,Trend,False
2020-12-16 00:00:00+09:00,220998.015625,208055.6109375,184796.87161458333,68.58970304680646,556.3566851770993,0.02225373172895299,0.02016179254539005,1,1,1,1.0,False,Trend,Trend,False
2020-12-17 00:00:00+09:00,218149.0625,209357.9921875,185848.06458333333,68.15283696076912,-15.793598736663625,0.022358268216865394,0.020301936755775244,1,1,-1,0.5,False,Trend,Trend,False
2020-12-18 00:00:00+09:00,218963.078125,210640.025,186926.2859375,73.64868230052409,-407.37412580403,0.022366026257318643,0.020253249524266957,1,1,-1,0.5,False,Trend,Trend,False
2020-12-21 00:00:00+09:00,223439.984375,211901.70703125,188032.00625,71.32352380750746,-430.56411866941926,0.02218257977798944,0.020276474635632237,1,1,-1,0.5,False,Trend,Trend,False
2020-12-22 00:00:00+09:00,217742.0625,212837.7953125,189036.03020833334,62.41133940731568,-869.9908218251494,0.023298547002495347,0.020682308447516316,1,1,-1,0.5,False,Trend,Trend,False
2020-12-23 00:00:00+09:00,217742.0625,213753.53203125,190134.2859375,61.59419302053013,-1181.6602095060862,0.023314338120075308,0.019950907521513486,1,1,-1,0.5,False,Trend,Trend,False
2020-12-24 00:00:00+09:00,220591.0625,214913.46640625,191199.25520833334,54.70087180848498,-1212.4057957472105,0.023124411722060315,0.019693371804132158,1,1,-1,0.5,False,Trend,Trend,False
2020-12-28 00:00:00+09:00,222626.03125,216297.24765625,192277.79140625,53.09737129011073,-1114.6483058054,0.022740688984921594,0.01969674698443105,1,1,-1,0.5,False,Trend,Trend,False
2020-12-29 00:00:00+09:00,223453.625,217946.2578125,193342.98697916666,58.50366465948881,-1015.983529282501,0.021649962492961732,0.01968934269456721,1,1,-1,0.5,False,Trend,Trend,False
2020-12-30 00:00:00+09:00,225108.828125,219209.98203125,194313.67161458332,53.73313277963072,-866.7905248871302,0.01949944549839111,0.019004582738888626,1,1,-1,0.5,False,Trend,Trend,False
2021-01-04 00:00:00+09:00,225936.4375,220331.93984375,195338.84869791666,55.851702209914876,-744.5878587511188,0.01929002094649601,0.01882840616706328,1,1,-1,0.5,False,Trend,Trend,False
2021-01-05 00:00:00+09:00,235867.75,221889.4140625,196488.84869791666,59.822211612618894,-63.0341475636651,0.02106224085015571,0.019413586705556977,1,1,-1,0.5,False,Trend,Trend,False
2021-01-06 00:00:00+09:00,231729.671875,222670.1921875,197529.18046875,57.528792668067595,35.64981702413752,0.01859134620860555,0.019611923031646314,1,1,1,1.0,False,Trend,Trend,False
2021-01-07 00:00:00+09:00,240833.40625,223723.01015625,198734.80833333332,73.1479885889114,608.8094253328491,0.019992541498694442,0.02002955377369994,1,1,-1,0.5,False,Trend,Trend,False
2021-01-08 00:00:00+09:00,243730.015625,225103.80546875,200015.84609375,73.62900118953186,1051.8033848821678,0.01939923153967492,0.019937488622709543,1,1,-1,0.5,False,Trend,Trend,False
2021-01-11 00:00:00+09:00,235040.140625,225744.86328125,201213.1015625,65.6564632520368,648.1699247999368,0.020847883145085733,0.020358214796363086,1,1,1,1.0,False,Trend,Trend,False
2021-01-12 00:00:00+09:00,229246.90625,226136.95859375,202252.75416666668,58.726638559261694,-81.5745398215704,0.021720919528836938,0.0206337661938976,1,1,-1,0.5,False,Trend,Trend,False
2021-01-13 00:00:00+09:00,234626.265625,226492.7734375,203422.76171875,59.34924759086996,-264.2698968013092,0.021491025897118276,0.02059061307480521,1,1,-1,0.5,False,Trend,Trend,False
2021-01-14 00:00:00+09:00,233384.953125,226908.621875,204483.89869791668,64.12631982943634,-516.4217661256289,0.021359943471554323,0.020359029896488842,1,1,-1,0.5,False,Trend,Trend,False
2021-01-15 00:00:00+09:00,227591.640625,227340.05,205475.61302083332,58.05214549562542,-1088.210390171691,0.02119515642512557,0.020648145987899283,1,1,-1,0.5,False,Trend,Trend,False
2021-01-18 00:00:00+09:00,220143.21875,227297.31015625,206336.40442708333,49.65948943611773,-1933.5119972496414,0.02251435382517513,0.021231213414307094,1,1,-1,0.5,False,Trend,Trend,False
2021-01-19 00:00:00+09:00,224281.234375,227603.91875,207225.46302083333,51.21950601792427,-2162.107898056922,0.022678291470064987,0.021271779683466007,1,1,-1,0.5,False,Trend,Trend,False
2021-01-20 00:00:00+09:00,225108.828125,227911.20625,207992.64973958334,51.21950601792427,-2198.5167439558145,0.022678069057412053,0.020544911514418195,1,1,-1,0.5,False,Trend,Trend,False
2021-01-21 00:00:00+09:00,223039.796875,227891.196875,208752.48619791667,48.48483669583685,-2292.4028313374165,0.022343452789633563,0.020545994875758523,1,1,-1,0.5,False,Trend,Trend,False
2021-01-22 00:00:00+09:00,216005.171875,227804.35234375,209367.9453125,43.33333543108478,-2729.060619155808,0.022759741610949954,0.021046927038202566,1,1,-1,0.5,False,Trend,Trend,False
2021-01-25 00:00:00+09:00,218901.75,227862.33671875,210085.94739583333,37.42323571286602,-2717.664481916969,0.022966046855337457,0.02089583472908251,1,1,-1,0.5,False,Trend,Trend,False
2021-01-26 00:00:00+09:00,213108.546875,227488.2109375,210761.66145833334,36.526915373682314,-2974.401660424805,0.023523352468970186,0.02106881378668294,1,1,-1,0.5,False,Trend,Trend,False
2021-01-27 00:00:00+09:00,214763.734375,227095.09609375,211519.22760416666,28.858894573679166,-2903.6228675690036,0.0234902617299105,0.020865373101950344,1,1,-1,0.5,False,Trend,Trend,False
2021-01-28 00:00:00+09:00,206901.515625,226267.490625,212037.22578125,22.36009330630897,-3232.034438800087,0.02474048197450136,0.0210544418308297,1,1,-1,0.5,False,Trend,Trend,False
2021-01-29 00:00:00+09:00,203177.265625,225170.9125,212432.103125,24.16091105791527,-3521.992960565158,0.024789631243207932,0.02109068821651629,1,1,-1,0.5,False,Trend,Trend,False
2021-02-01 00:00:00+09:00,209384.3125,224343.30625,212950.78177083333,33.99988420361032,-3130.8302514144116,0.025959507212717448,0.021363628927722336,1,1,-1,0.5,False,Trend,Trend,False
2021-02-02 00:00:00+09:00,217660.375,223432.9375,213498.86223958334,36.94265754246336,-2194.083806781514,0.025570277413635035,0.02144274154443764,1,1,-1,0.5,False,Trend,Trend,False
2021-02-03 00:00:00+09:00,217246.59375,222708.78359375,214026.47994791667,37.41929495772997,-1514.0466092418944,0.025368556209983507,0.021449864859642627,1,1,-1,0.5,False,Trend,Trend,False
2021-02-04 00:00:00+09:00,218901.75,221612.20078125,214500.28541666668,42.75856591342617,-895.0728917816427,0.023567223303991136,0.021240944295464113,1,1,-1,0.5,False,Trend,Trend,False
2021-02-05 00:00:00+09:00,217660.375,220308.71875,214912.7015625,47.69227239034002,-529.6300110886436,0.02323591815999656,0.021220922854365495,1,1,-1,0.5,False,Trend,Trend,False
2021-02-08 00:00:00+09:00,222212.21875,219667.32265625,215380.63177083334,48.091594032125705,28.664353693608973,0.022769956051648672,0.02135120120507251,1,1,1,1.0,False,Trend,Trend,False
2021-02-09 00:00:00+09:00,223453.625,219377.65859375,215896.38567708334,48.484850218534106,467.2378600846562,0.022223602767174246,0.02130902962848345,1,1,1,1.0,False,Trend,Trend,False
2021-02-10 00:00:00+09:00,224281.234375,218860.40703125,216432.715625,51.162822691639185,780.3094244479895,0.021509682104147186,0.021300971310158807,1,1,1,1.0,False,Trend,Trend,False
2021-02-15 00:00:00+09:00,221798.40625,218281.0796875,216886.96614583334,55.93222074561275,785.2642037117523,0.021592478014698786,0.02133183428486578,1,1,1,1.0,False,Trend,Trend,False
2021-02-16 00:00:00+09:00,224695.015625,218136.2484375,217396.27630208334,55.93224894872976,938.3509715130708,0.02117151600303686,0.021369273891733327,1,1,1,1.0,False,Trend,Trend,False
2021-02-17 00:00:00+09:00,223867.421875,218322.45859375,217891.79322916668,62.264189254175825,936.4503039112719,0.01975771011667815,0.02138171071752898,1,1,1,1.0,False,Trend,Trend,False
2021-02-18 00:00:00+09:00,219315.578125,218074.17578125,218345.36223958334,54.86727999850299,597.6988564008007,0.019843034250632982,0.02152266302213442,-1,1,1,0.30000000000000004,False,Trend,Trend,False
2021-02-19 00:00:00+09:00,218074.203125,217722.44453125,218757.89192708334,63.91757192428457,275.47788173694425,0.019834172551420056,0.02153947818430726,-1,1,1,0.30000000000000004,False,Trend,Trend,False
2021-02-22 00:00:00+09:00,221798.40625,217660.375,219151.09296875,73.19597380803066,296.77296876735636,0.020163562863896787,0.02141929895810366,-1,1,-1,-0.19999999999999996,False,MeanReversion,Trend,False
2021-02-23 00:00:00+09:00,231315.90625,218425.91171875,219689.353125,75.23820928757299,901.2992113429355,0.020812593074863394,0.022036486245454123,-1,1,-1,-0.19999999999999996,False,MeanReversion,MeanReversion,False
2021-02-24 00:00:00+09:00,226764.0,218819.02421875,220144.96432291667,61.458298097625786,939.7622971876757,0.021299745526748147,0.022225148406815172,-1,1,1,0.30000000000000004,False,Trend,MeanReversion,False
2021-02-25 00:00:00+09:00,234212.5,219874.221875,220758.63307291668,68.14157074193082,1385.107647710275,0.02122742742234829,0.022500576593411672,-1,1,1,0.30000000000000004,False,Trend,Trend,False
2021-02-26 00:00:00+09:00,232971.109375,220784.590625,221392.31145833334,65.17861748405252,1504.407720914785,0.021330205493071155,0.022437122401829625,-1,1,1,0.30000000000000004,False,Trend,Trend,False
2021-03-02 00:00:00+09:00,235867.75,222232.90234375,222148.88359375,68.96552173120492,1673.7456615447106,0.019027660084546236,0.022201889249231152,1,1,1,1.0,False,Trend,Trend,True
2021-03-03 00:00:00+09:00,247454.21875,224446.75,222942.54817708334,72.93231460388338,2416.3191184046987,0.020214309140271093,0.022201151918248112,1,1,-1,0.5,False,Trend,Trend,False
2021-03-04 00:00:00+09:00,255730.203125,226764.04453125,223813.096875,75.99995368166567,3262.4839048078948,0.02037120649326668,0.02244552797186803,1,1,-1,0.5,False,Trend,Trend,False
2021-03-05 00:00:00+09:00,260282.046875,228895.128125,224739.15989583332,77.35844934288959,3884.1185581793607,0.0193218445785237,0.022515047948203016,1,1,-1,0.5,False,Trend,Trend,False
2021-03-08 00:00:00+09:00,266075.28125,231336.5625,225571.84609375,82.03589822204677,4402.804916007868,0.019355424106970928,0.02166731957238618,1,1,-1,0.5,False,Trend,Trend,False
2021-03-09 00:00:00+09:00,262351.0625,233509.028125,226281.41302083334,76.92305973622409,4212.358373733017,0.02009877522310665,0.021712067715636652,1,1,-1,0.5,False,Trend,Trend,False
2021-03-10 00:00:00+09:00,242902.3125,234771.125,226727.88307291668,60.7476346933637,2574.320924495496,0.027732577502402635,0.023920296069277654,1,1,1,1.0,False,Trend,Trend,False
2021-03-11 00:00:00+09:00,250764.5625,236198.7421875,227203.64270833333,67.11709344272026,1851.8869874933062,0.028163574385021425,0.023999139791334632,1,1,1,1.0,False,Trend,Trend,False
2021-03-12 00:00:00+09:00,249109.453125,237481.53359375,227665.38359375,66.81616961789376,1129.6103084472861,0.028305966463634355,0.02401401355031266,1,1,1,1.0,False,Trend,Trend,False
2021-03-15 00:00:00+09:00,254902.671875,239012.60546875,228121.92864583334,67.5438859436631,918.055422558089,0.028571126222834014,0.023945064431643896,1,1,1,1.0,False,Trend,Trend,False
2021-03-16 00:00:00+09:00,253247.46875,240585.05859375,228591.58671875,62.679443731208295,560.2678017880207,0.02844037131507115,0.02391300301452344,1,1,1,1.0,False,Trend,Trend,False
2021-03-17 00:00:00+09:00,244143.8125,241557.4984375,229011.265625,59.545522107040206,-347.03968705339685,0.02997780735324925,0.024131196795200288,1,1,-1,0.5,False,Trend,Trend,False
2021-03-18 00:00:00+09:00,244557.546875,242592.0046875,229403.92447916666,56.15764114901688,-943.0444164400533,0.029927829016862643,0.024111439069635105,1,1,-1,0.5,False,Trend,Trend,False
2021-03-19 00:00:00+09:00,238764.3125,243564.44140625,229747.51197916668,53.27101698883814,-1706.6519104024273,0.030087871395556746,0.024266121690633326,1,1,-1,0.5,False,Trend,Trend,False
2021-03-22 00:00:00+09:00,251178.40625,245219.6515625,230284.43411458333,57.80590401341885,-1369.4410533375758,0.03170546905325867,0.025082568197426637,1,1,-1,0.5,False,Trend,Trend,False
2021-03-23 00:00:00+09:00,259040.640625,247081.76328125,230877.77838541666,56.14033867416958,-647.3035287551229,0.032082787194336534,0.025247592550675806,1,1,-1,0.5,False,Trend,Trend,False
2021-03-24 00:00:00+09:00,253247.46875,248178.34140625,231469.53515625,48.64868956182317,-591.7378582337915,0.03170373251115062,0.025189886959901733,1,1,-1,0.5,False,Trend,Trend,False
2021-03-25 00:00:00+09:00,255316.40625,249605.96171875,232095.77421875,47.22220716885064,-453.7892131951585,0.031183371398672118,0.025198003539174837,1,1,-1,0.5,False,Trend,Trend,False
2021-03-26 00:00:00+09:00,263178.71875,251054.27265625,232805.56848958333,48.41631572400804,99.31792385379686,0.031097825583313195,0.025416985153198315,1,1,1,1.0,False,Trend,Trend,False
2021-03-29 00:00:00+09:00,270627.15625,252937.075,233605.58723958334,54.34785963522864,857.0046693970771,0.031357438285839104,0.025609157823487973,1,1,1,1.0,False,Trend,Trend,False
2021-03-30 00:00:00+09:00,269374.28125,254612.4015625,234370.93151041667,67.19439810888679,1145.9480360663702,0.031448830052520735,0.025629319875899986,1,1,1,1.0,False,Trend,Trend,False
2021-03-31 00:00:00+09:00,267286.09375,255603.9953125,235073.8859375,61.601480947676606,1070.0257055053225,0.030032892391969383,0.025661283122562988,1,1,1,1.0,False,Trend,Trend,False
2021-04-01 00:00:00+09:00,266033.21875,256119.14609375,235742.165625,61.9514452571304,820.2614858480983,0.02928671577215548,0.025679554057255104,1,1,1,1.0,False,Trend,Trend,False
2021-04-02 00:00:00+09:00,266033.21875,256406.7046875,236244.9234375,58.56077996948978,552.7156048001852,0.029054735359679958,0.02513011358352594,1,1,1,1.0,False,Trend,Trend,False
2021-04-05 00:00:00+09:00,279397.5,257072.815625,237039.38723958333,67.04294989321693,1139.6671773747357,0.03066089836320102,0.025712603491209997,1,1,1,1.0,False,Trend,Trend,False
2021-04-06 00:00:00+09:00,274385.8125,257674.553125,237598.59401041668,70.82034944411312,1056.1233001477303,0.030787401131910627,0.025428390768286034,1,1,-1,0.5,False,Trend,Trend,False
2021-04-07 00:00:00+09:00,274803.53125,259269.6140625,238116.4859375,70.8219501958018,900.7902768937565,0.024514494544507257,0.025396018280355086,1,1,-1,0.5,False,Trend,Trend,False
2021-04-08 00:00:00+09:00,276891.6875,260575.9703125,238814.01171875,77.65860884050093,813.154357002808,0.02376528448947795,0.02490122760198818,1,1,-1,0.5,False,Trend,Trend,False
2021-04-09 00:00:00+09:00,273968.25,261818.91015625,239559.36744791668,69.17229525452996,450.86214132913665,0.023884110253928593,0.02469894984789388,1,1,1,1.0,False,Trend,Trend,False
2021-04-12 00:00:00+09:00,275221.1875,262834.8359375,240235.94947916668,65.31523150874601,200.91152674698606,0.023495986399083166,0.024557089362579696,1,1,1,1.0,False,Trend,Trend,False
2021-04-13 00:00:00+09:00,273133.0,263829.1125,240898.41692708334,70.24177381808974,-179.20343448177664,0.02352280014413027,0.02457160504239409,1,1,-1,0.5,False,Trend,Trend,False
2021-04-14 00:00:00+09:00,282738.5625,265758.85,241817.53229166666,74.20029530952067,125.69961503576633,0.022450191490709117,0.024637204347318607,1,1,-1,0.5,False,Trend,Trend,False
2021-04-15 00:00:00+09:00,289003.09375,267981.12734375,242965.196875,73.45160067291604,630.4718570348632,0.0226371516716156,0.024263965065383607,1,1,-1,0.5,False,Trend,Trend,False
2021-04-16 00:00:00+09:00,286914.9375,270388.65859375,244009.09192708333,66.38656149098786,699.5712660070276,0.02166855583683433,0.024239280753418264,1,1,1,1.0,False,Trend,Trend,False
2021-04-19 00:00:00+09:00,295685.21875,272613.99921875,245185.36510416667,72.99263973364094,1183.3427279597145,0.020020135498201756,0.024470479979960668,1,1,-1,0.5,False,Trend,Trend,False
2021-04-20 00:00:00+09:00,296938.125,274508.8734375,246417.00390625,76.29625154432782,1419.2241117740323,0.019305963851720814,0.02440362565764116,1,1,-1,0.5,False,Trend,Trend,False
2021-04-21 00:00:00+09:00,293179.4375,276505.471875,247703.24166666667,73.0495990965676,1164.3046011666047,0.018627420791268536,0.024034400096909526,1,1,-1,0.5,False,Trend,Trend,False
2021-04-22 00:00:00+09:00,294849.9375,278482.1484375,248969.04479166667,73.79304116728807,958.9482772868851,0.01862985126043272,0.024010289422224832,1,1,-1,0.5,False,Trend,Trend,False
2021-04-23 00:00:00+09:00,296938.125,280170.11875,250366.20442708334,67.79656180445025,819.8925198392863,0.017818121890474093,0.023645720416747926,1,1,1,1.0,False,Trend,Trend,False
2021-04-26 00:00:00+09:00,302785.03125,281778.0125,251833.22604166667,78.3333967277269,967.6861542327824,0.017368312754833467,0.023713001974431144,1,1,-1,0.5,False,Trend,Trend,False
2021-04-27 00:00:00+09:00,315314.03125,284075.0,253640.10130208332,82.55035208544463,1711.7539037511324,0.018840753903540914,0.023447330498856736,1,1,-1,0.5,False,Trend,Trend,False
2021-04-28 00:00:00+09:00,311137.625,286267.5765625,255439.440625,76.62331604556041,1720.548022538227,0.019122333849148448,0.023367545294046145,1,1,-1,0.5,False,Trend,Trend,False
2021-04-29 00:00:00+09:00,311555.375,288543.684375,257142.29166666666,80.4053753437955,1557.292714075773,0.01896499654163011,0.02318216781881228,1,1,-1,0.5,False,Trend,Trend,False
2021-04-30 00:00:00+09:00,304037.84375,290443.915625,258581.91614583333,71.16549997773582,784.7977745863172,0.020243652914443286,0.023132543756117067,1,1,-1,0.5,False,Trend,Trend,False
2021-05-03 00:00:00+09:00,307378.9375,291842.9875,260084.121875,74.69866755616458,362.1220654132412,0.017680465219952708,0.023121596689741772,1,1,-1,0.5,False,Trend,Trend,False
2021-05-04 00:00:00+09:00,314478.8125,293847.6375,261677.07291666666,73.74991699005471,419.914920530764,0.0172576627010202,0.023225313695798725,1,1,-1,0.5,False,Trend,Trend,False
2021-05-06 00:00:00+09:00,330348.875,296624.9046875,263555.21458333335,77.0490764308422,1334.562373008357,0.019622397951927016,0.02382972695760894,1,1,-1,0.5,False,Trend,Trend,False
2021-05-07 00:00:00+09:00,332437.09375,299402.175,265392.29583333334,79.78130390889721,1855.7555474095589,0.019630009335171585,0.02376138031407468,1,1,-1,0.5,False,Trend,Trend,False
2021-05-10 00:00:00+09:00,339954.53125,302701.4890625,267333.97760416666,79.44434329099022,2445.267810062389,0.019264819587153068,0.02384641241518382,1,1,-1,0.5,False,Trend,Trend,False
2021-05-11 00:00:00+09:00,342042.75,306042.5671875,269296.66953125,79.67024021549831,2694.64462979352,0.01924141119906835,0.023842783890698157,1,1,-1,0.5,False,Trend,Trend,False
2021-05-12 00:00:00+09:00,333272.3125,309049.5328125,271154.56796875,74.74208274642726,2018.6426841979264,0.02056229762677281,0.024109986715052233,1,1,-1,0.5,False,Trend,Trend,False
2021-05-13 00:00:00+09:00,320325.75,310928.8921875,272748.41354166664,63.800894253174,526.9569587725673,0.0224893884426655,0.024826684499313783,1,1,1,1.0,False,Trend,Trend,False
2021-05-14 00:00:00+09:00,317402.21875,312348.8484375,274307.3268229167,60.98648539370933,-759.3415295638533,0.02242314216477456,0.02487262335021813,1,1,-1,0.5,False,Trend,Trend,False
2021-05-17 00:00:00+09:00,306543.6875,313330.2859375,275761.12864583335,51.91485527262214,-2354.1398538870035,0.023987497220461007,0.025195018734811184,1,1,-1,0.5,False,Trend,Trend,False
2021-05-18 00:00:00+09:00,321996.28125,314645.8390625,277493.16328125,53.30581067743826,-2374.2178444963247,0.025443720256680256,0.025768374404900946,1,1,-1,0.5,False,Trend,Trend,False
2021-05-20 00:00:00+09:00,304873.15625,315042.590625,278877.74244791665,47.25278670920129,-3479.734060975039,0.02865120645338074,0.02690857009569162,1,1,-1,0.5,False,Trend,Trend,False
2021-05-21 00:00:00+09:00,300696.84375,315418.4609375,280034.09140625,45.390079954828565,-4373.462596710922,0.028679387190860967,0.026580562030192587,1,1,-1,0.5,False,Trend,Trend,False
2021-05-24 00:00:00+09:00,296938.125,315522.8703125,281203.66015625,46.88649025852199,-5050.9781270385065,0.02882172211224068,0.026484277575682252,1,1,-1,0.5,False,Trend,Trend,False
2021-05-25 00:00:00+09:00,299026.3125,315627.2796875,282283.89036458335,46.296341458683095,-5172.810952381831,0.0288211187430758,0.026233950643373458,1,1,-1,0.5,False,Trend,Trend,False
2021-05-26 00:00:00+09:00,291508.84375,315063.4703125,283259.51927083335,39.85240799935722,-5541.186604378155,0.029001784928535255,0.02648386807956619,1,1,-1,0.5,False,Trend,Trend,False
2021-05-27 00:00:00+09:00,300696.84375,314332.6109375,284340.00416666665,36.07851134784758,-4966.046189660619,0.028339444537844045,0.026695799618945696,1,1,-1,0.5,False,Trend,Trend,False
2021-05-28 00:00:00+09:00,298190.9375,313685.2765625,285185.61614583334,33.98440525639373,-4564.637148168222,0.028260012886696297,0.02610952194922213,1,1,-1,0.5,False,Trend,Trend,False
2021-05-31 00:00:00+09:00,296520.5625,312933.5359375,285865.45546875,28.51249545865639,-4229.4367071159595,0.028257923514945625,0.025836762360288514,1,1,-1,0.5,False,Trend,Trend,False
2021-06-01 00:00:00+09:00,292344.125,312348.85,286399.8234375,25.91098207269438,-4103.597607506621,0.027930115407366386,0.025846623452925443,1,1,-1,0.5,False,Trend,Trend,False
2021-06-02 00:00:00+09:00,294849.9375,311722.4,286879.4010416667,30.172486639381006,-3679.780321185763,0.02787703992250526,0.02572746521884984,1,1,-1,0.5,False,Trend,Trend,False
2021-06-03 00:00:00+09:00,289420.6875,310469.49375,287330.56145833334,32.7103094571423,-3589.4234700068328,0.027464100315404513,0.025780691162678865,1,1,-1,0.5,False,Trend,Trend,False
2021-06-04 00:00:00+09:00,289838.34375,308443.9671875,288112.82864583336,34.13468940796925,-3331.4928952293812,0.024493246574673447,0.02362270408378816,1,1,-1,0.5,False,Trend,Trend,False
2021-06-07 00:00:00+09:00,283573.8125,306000.803125,288659.64947916666,36.040687030439315,-3400.8999531244017,0.02452526682221678,0.02352596806899129,1,1,-1,0.5,False,Trend,Trend,False
2021-06-08 00:00:00+09:00,284826.71875,303244.4125,289254.93723958335,22.699424804557495,-3184.340826860394,0.02367118255647828,0.02350014195517865,1,1,-1,0.5,False,Trend,Trend,False
2021-06-09 00:00:00+09:00,278562.15625,300070.3828125,289649.26197916665,27.007355880881477,-3272.3855602738427,0.023576542603062252,0.023548417329714855,1,1,-1,0.5,False,Trend,Trend,False
2021-06-10 00:00:00+09:00,278979.75,297355.7546875,290078.13333333336,29.687478991744,-3112.836611596176,0.023412767810355527,0.023525023220912912,1,1,-1,0.5,False,Trend,Trend,False
2021-06-11 00:00:00+09:00,291926.5,295935.7921875,290874.51145833335,46.00000798142722,-1999.788293420855,0.025186677118737035,0.023647582648711637,1,1,-1,0.5,False,Trend,Trend,False
2021-06-14 00:00:00+09:00,287750.1875,294453.190625,291594.3888020833,41.29035652873267,-1435.6487989784168,0.025263396424832725,0.023753559742241203,1,1,-1,0.5,False,Trend,Trend,False
2021-06-15 00:00:00+09:00,285662.03125,293409.1078125,292376.0174479167,45.070494526109,-1108.5944580395662,0.024279050190299332,0.023532466992172305,1,1,-1,0.5,False,Trend,Trend,False
2021-06-16 00:00:00+09:00,288167.78125,291717.6828125,292992.50703125,38.09522395575995,-651.5861515099241,0.021139207802538456,0.022699750519252673,-1,1,-1,-0.19999999999999996,False,MeanReversion,Trend,False
2021-06-17 00:00:00+09:00,284826.71875,290715.3609375,293422.275,37.50006576528283,-508.72716546177344,0.01780772409839518,0.02245596108523438,-1,1,-1,-0.19999999999999996,False,MeanReversion,MeanReversion,False
2021-06-18 00:00:00+09:00,283991.40625,289880.0890625,293934.6739583333,38.09515608641095,-409.1891882934324,0.017638928800549267,0.022239181982702513,-1,1,-1,-0.19999999999999996,False,MeanReversion,MeanReversion,False
2021-06-21 00:00:00+09:00,280232.71875,289044.81875,294349.94583333336,38.40000143666206,-527.6522634978082,0.017661303224209442,0.02230979608549561,-1,1,-1,-0.19999999999999996,False,MeanReversion,MeanReversion,False
2021-06-22 00:00:00+09:00,284826.71875,288334.8390625,294710.74583333335,40.76924715128289,-242.2925157034697,0.018051250165901592,0.022074901809956915,-1,1,-1,-0.19999999999999996,False,MeanReversion,MeanReversion,False
2021-06-23 00:00:00+09:00,282738.5625,287896.325,294912.60260416666,43.44265311454657,-144.67084280121526,0.01727282902449564,0.02182294726425923,-1,1,-1,-0.19999999999999996,False,MeanReversion,MeanReversion,False
2021-06-24 00:00:00+09:00,292344.125,287478.6890625,295295.43333333335,52.08331276478221,576.7582985243344,0.017515102457479535,0.02221359731751761,-1,1,1,0.30000000000000004,False,Trend,MeanReversion,False
2021-06-25 00:00:00+09:00,294014.6875,287269.8765625,295740.90989583335,59.39850977691662,1143.6516569835826,0.01750333252653932,0.022187680938544316,-1,1,1,0.30000000000000004,False,Trend,Trend,False
2021-06-28 00:00:00+09:00,295685.21875,287228.109375,296235.10989583336,59.70149920483176,1581.3588862352908,0.017518500883636556,0.022178247872804452,-1,1,1,0.30000000000000004,False,Trend,Trend,False
2021-06-29 00:00:00+09:00,293150.78125,287268.4421875,296687.06927083334,63.964983738689476,1643.1938973877222,0.017326537042879682,0.022217643534094222,-1,1,1,0.30000000000000004,False,Trend,Trend,False
2021-06-30 00:00:00+09:00,293995.53125,287225.721875,296930.3697916667,64.25728478845139,1678.104671204006,0.017228132416934074,0.02133012290991347,-1,1,1,0.30000000000000004,False,Trend,Trend,False
2021-07-01 00:00:00+09:00,291461.09375,287327.7421875,297214.9578125,49.44919363249643,1474.8331823731846,0.01680674377783449,0.021222509427524357,-1,1,1,0.30000000000000004,False,Trend,Trend,False
2021-07-02 00:00:00+09:00,290616.34375,287366.6421875,297478.5046875,53.68247602819202,1237.3999586882876,0.016819975186608518,0.021228373321063306,-1,1,1,0.30000000000000004,False,Trend,Trend,False
2021-07-05 00:00:00+09:00,291461.09375,287761.00625,297721.328125,57.69662753581834,1096.0011215588909,0.01600824016573086,0.02121218365201244,-1,1,1,0.30000000000000004,False,Trend,Trend,False
2021-07-06 00:00:00+09:00,289349.0625,287987.1234375,297977.675,51.58437761174387,831.0142580709435,0.016104417057542657,0.02118593290590274,-1,1,1,0.30000000000000004,False,Trend,Trend,False
2021-07-07 00:00:00+09:00,286814.625,288399.746875,298170.89895833336,52.7252194938468,473.60483356540226,0.015355909075262665,0.02121708285812188,-1,1,1,0.30000000000000004,False,Trend,Trend,False
2021-07-08 00:00:00+09:00,286814.625,288791.490625,298398.92604166665,53.96106760248934,237.6651700859752,0.015359365599265023,0.021189325235596815,-1,1,1,0.30000000000000004,False,Trend,Trend,False
2021-07-09 00:00:00+09:00,285547.46875,288472.5390625,298445.74114583334,58.01728738198364,8.820108024550791,0.011374157792518753,0.02072965583014737,-1,1,1,0.30000000000000004,False,Trend,Trend,False
2021-07-12 00:00:00+09:00,291038.75,288636.9671875,298479.66875,59.12384302501168,227.70583048581761,0.011767953511521632,0.02068192656040085,-1,1,1,0.30000000000000004,False,Trend,Trend,False
2021-07-13 00:00:00+09:00,291461.09375,288926.9203125,298555.43802083336,63.47024559269931,391.7394465006621,0.0116224108941883,0.020659877677136337,-1,1,1,0.30000000000000004,False,Trend,Trend,False
2021-07-14 00:00:00+09:00,288081.875,288922.625,298428.715625,41.85059666213365,269.2942206064679,0.011801967773235335,0.020338331942182136,-1,1,-1,-0.19999999999999996,False,MeanReversion,Trend,False
2021-07-15 00:00:00+09:00,292306.0,289296.5890625,298351.5135416667,47.02363325988312,458.3222470198924,0.01189591946129516,0.02042199695857585,-1,1,1,0.30000000000000004,False,Trend,Trend,False
2021-07-16 00:00:00+09:00,288081.875,289501.1125,298266.55416666664,37.83770273661311,292.474324783901,0.012387126553986048,0.020442155716799346,-1,1,-1,-0.19999999999999996,False,MeanReversion,Trend,False
2021-07-19 00:00:00+09:00,282590.625,289619.0078125,298062.2322916667,34.56778847515092,-168.64051025425317,0.012804113839084356,0.020571576903550635,-1,1,-1,-0.19999999999999996,False,MeanReversion,Trend,False
2021-07-20 00:00:00+09:00,278788.9375,289317.11875,297759.74583333335,29.54541059999613,-682.442226898022,0.012596070741106372,0.020611665012581045,-1,1,-1,-0.19999999999999996,False,MeanReversion,Trend,False
2021-07-21 00:00:00+09:00,279211.375,289140.759375,297366.8515625,32.530147329502356,-931.2035121613956,0.012518997325573503,0.02043778149779146,-1,1,-1,-0.19999999999999996,False,MeanReversion,Trend,False
2021-07-22 00:00:00+09:00,292306.0,289138.853125,296983.384375,51.78574849247277,-189.9703092131358,0.014455159787416929,0.02063192021729589,-1,1,-1,-0.19999999999999996,False,MeanReversion,Trend,False
2021-07-23 00:00:00+09:00,298642.0625,289370.221875,296775.125,56.800059184730344,702.0329014835086,0.015192257520915938,0.020775086488756953,-1,1,1,0.30000000000000004,False,Trend,Trend,False
2021-07-26 00:00:00+09:00,299064.46875,289539.184375,296566.9432291667,59.50419337265531,1262.7797483813315,0.015149991857923805,0.020775206949622187,-1,1,1,0.30000000000000004,False,Trend,Trend,False
2021-07-27 00:00:00+09:00,307935.0,290278.3953125,296631.8958333333,68.38240733890656,2122.7677183066357,0.016265240315601896,0.02089032533173026,-1,1,1,0.30000000000000004,False,Trend,Trend,False
2021-07-28 00:00:00+09:00,310469.5,291102.09375,296683.40520833334,69.71839351135971,2716.0433071629686,0.016315838873783114,0.020869536398227903,-1,1,1,0.30000000000000004,False,Trend,Trend,False
2021-07-29 00:00:00+09:00,303288.5625,291693.4671875,296496.9010416667,63.46153025361641,2484.841319620774,0.01716802595776852,0.02087194781045524,-1,1,1,0.30000000000000004,False,Trend,Trend,False
2021-07-30 00:00:00+09:00,309624.65625,292643.8828125,296151.4973958333,63.92404144607062,2605.9546503333295,0.017618123954808527,0.020024657060236827,-1,1,1,0.30000000000000004,False,Trend,Trend,False
2021-08-02 00:00:00+09:00,304133.34375,293277.4953125,295679.7682291667,58.823542211186044,2180.806502443834,0.018237461624709975,0.020116913706468995,-1,1,1,0.30000000000000004,False,Trend,Trend,False
2021-08-03 00:00:00+09:00,288081.875,293214.1359375,294815.2239583333,50.0,756.6642104709354,0.022119505041904224,0.020989006824949117,-1,1,1,0.30000000000000004,False,Trend,Trend,False
2021-08-04 00:00:00+09:00,292728.375,293509.8234375,293993.3177083333,50.248736991732564,100.19905555100695,0.022307572401576842,0.021098300742684113,-1,1,1,0.30000000000000004,False,Trend,Trend,False
2021-08-05 00:00:00+09:00,290616.34375,293699.909375,293282.3848958333,51.530627073394534,-472.2300031929908,0.02238363924948352,0.020883952011609072,1,1,-1,0.5,False,Trend,Trend,True
2021-08-06 00:00:00+09:00,288081.875,293826.6296875,292744.9869791667,53.43912175179922,-987.8618544095423,0.022456277325282336,0.020321195976844977,1,1,-1,0.5,False,Trend,Trend,False
2021-08-09 00:00:00+09:00,285125.03125,293530.94375,292207.0338541667,54.010682493520754,-1465.5674913755427,0.022133380291628257,0.020328822983348524,1,1,-1,0.5,False,Trend,Trend,False
2021-08-10 00:00:00+09:00,285125.03125,293214.140625,291850.05625,53.76341049468036,-1702.4204079756921,0.02212721486145806,0.019861784639964332,1,1,-1,0.5,False,Trend,Trend,False
2021-08-11 00:00:00+09:00,291883.5625,293404.225,291348.1776041667,49.70758159291239,-1340.7014485863642,0.02263096777786561,0.019014667142334067,1,1,-1,0.5,False,Trend,Trend,False
2021-08-12 00:00:00+09:00,285547.46875,293066.2984375,291026.0828125,40.935703887012934,-1455.3837854255476,0.022920976269167392,0.017905950551190226,1,1,-1,0.5,False,Trend,Trend,False
2021-08-13 00:00:00+09:00,288081.875,293066.2984375,290815.8333333333,42.61363708013328,-1293.2416867778466,0.02279843634845092,0.017872170638610067,1,1,-1,0.5,False,Trend,Trend,False
2021-08-17 00:00:00+09:00,278366.53125,292855.09375,290506.3067708333,30.337115076975252,-1744.8940196360418,0.02369852416651968,0.01833086872200202,1,1,-1,0.5,False,Trend,Trend,False
2021-08-18 00:00:00+09:00,277944.125,292812.853125,290154.93697916664,27.745648178320124,-1960.55392169939,0.023508698976440125,0.018300159131459746,1,1,-1,0.5,False,Trend,Trend,False
2021-08-19 00:00:00+09:00,264849.5,292094.759375,289710.6145833333,25.66843798512788,-2821.2359886909226,0.025841751615167184,0.019033970387258566,1,-1,-1,-0.30000000000000004,True,Defensive,Trend,False
2021-08-20 00:00:00+09:00,260203.0,290489.609375,289035.7171875,18.03278357158767,-3495.5173077069667,0.02335483176808826,0.018653909957212205,1,1,-1,0.5,False,Trend,Trend,False
2021-08-23 00:00:00+09:00,261470.25,288631.01875,288423.7057291667,20.809280689277955,-3632.2506077183207,0.02261873289473362,0.018660463124594275,1,1,-1,0.5,False,Trend,Trend,False
2021-08-24 00:00:00+09:00,270340.8125,287194.8359375,287987.3765625,36.53849984207965,-2931.387163036188,0.024284792875435487,0.019209600376297493,-1,1,-1,-0.19999999999999996,False,MeanReversion,Trend,False
2021-08-25 00:00:00+09:00,275409.65625,285568.56875,287705.1354166667,36.942652648959346,-1978.2103104313173,0.023600550164375567,0.01930944770408053,-1,1,-1,-0.19999999999999996,False,MeanReversion,Trend,False
2021-08-26 00:00:00+09:00,271607.96875,283625.4921875,287317.76927083335,36.024807902797576,-1478.443247275476,0.023438241692014423,0.019338983682513248,-1,1,-1,-0.19999999999999996,False,MeanReversion,MeanReversion,False
2021-08-27 00:00:00+09:00,266116.71875,281766.9,286929.3697916667,34.5238079510881,-1393.5175318205193,0.023335757355395115,0.01936817611835006,-1,1,-1,-0.19999999999999996,False,MeanReversion,MeanReversion,True
2021-08-30 00:00:00+09:00,280478.53125,280309.59375,286773.3729166667,47.17947142025739,-302.90610591867335,0.0262056143619519,0.020581644855336808,-1,1,-1,-0.19999999999999996,False,MeanReversion,MeanReversion,False
2021-08-31 00:00:00+09:00,284702.5625,279338.0546875,286792.1854166667,49.75606164879157,714.5988554432224,0.026379749969032893,0.020484104816086778,-1,1,1,0.30000000000000004,False,Trend,MeanReversion,False
2021-09-01 00:00:00+09:00,285125.03125,279190.2125,286797.15729166666,45.78945913396487,1388.7072567703526,0.02350451015894627,0.020477073855682964,-1,1,1,0.30000000000000004,False,Trend,Trend,False
2021-09-02 00:00:00+09:00,289349.0625,279021.246875,286976.9390625,52.43239049733929,2051.6851635177227,0.023458375474489014,0.02035154701315748,-1,1,1,0.30000000000000004,False,Trend,Trend,False
2021-09-03 00:00:00+09:00,293995.53125,279190.20625,287227.20208333334,53.68418675408345,2695.215063363366,0.023683245972044777,0.020447012353193652,-1,1,1,0.30000000000000004,False,Trend,Trend,False
2021-09-06 00:00:00+09:00,294840.375,279528.13125,287275.76666666666,61.53844133433317,3044.066661994667,0.023584485544862734,0.019598230054106814,-1,1,1,0.30000000000000004,False,Trend,Trend,False
2021-09-07 00:00:00+09:00,304555.8125,280499.6703125,287555.86041666666,66.49215998116009,3749.094759168519,0.024411533753872245,0.01993750231290941,-1,1,1,0.30000000000000004,False,Trend,Trend,False
2021-09-08 00:00:00+09:00,305400.625,281513.45,287884.83697916666,79.6296397778752,4065.761138063257,0.02439970245358539,0.01990939510330921,-1,1,-1,-0.19999999999999996,False,MeanReversion,Trend,False
2021-09-09 00:00:00+09:00,303710.9375,282104.81875,288143.88958333334,83.22576703631543,3951.3971799109463,0.024007218706128937,0.01990212151256025,-1,1,-1,-0.19999999999999996,False,MeanReversion,MeanReversion,False
2021-09-10 00:00:00+09:00,304133.34375,283034.1125,288465.6666666667,83.00648854242067,3698.6497600370353,0.023340650661748903,0.01983397601518082,-1,1,-1,-0.19999999999999996,False,MeanReversion,MeanReversion,False
2021-09-13 00:00:00+09:00,316805.6875,284470.303125,289012.57135416666,83.95059924265811,4145.748126883631,0.024800748524626333,0.020477382999273663,-1,1,-1,-0.19999999999999996,False,MeanReversion,MeanReversion,False
2021-09-14 00:00:00+09:00,309624.65625,286033.209375,289502.43697916664,74.25140230553117,3731.61362941972,0.023974363285970315,0.02063471892296266,-1,1,-1,-0.19999999999999996,False,MeanReversion,MeanReversion,False
2021-09-15 00:00:00+09:00,305400.625,287406.034375,289845.33541666664,73.80949759761572,2979.588401760684,0.024311111509566854,0.02063842031013671,-1,1,-1,-0.19999999999999996,False,MeanReversion,MeanReversion,False
2021-09-16 00:00:00+09:00,307935.0,289560.309375,290265.2760416667,80.74521803341437,2479.7168288725516,0.02087152814488622,0.020627645443499164,-1,1,-1,-0.19999999999999996,False,MeanReversion,MeanReversion,False
2021-09-17 00:00:00+09:00,306245.4375,291862.43125,290496.96458333335,73.2824242109359,1888.8807760061572,0.02026468697349905,0.020212467070187465,1,1,-1,0.5,False,Trend,MeanReversion,False
2021-09-23 00:00:00+09:00,292728.375,293425.3375,290475.5260416667,56.20918382642349,512.8939913925333,0.02351515810151455,0.021050802572201394,1,1,1,1.0,False,Trend,MeanReversion,False
2021-09-24 00:00:00+09:00,291461.09375,294481.3515625,290405.12395833334,54.83865578947167,-502.4951275247922,0.02267238328040718,0.02104419640432468,1,1,-1,0.5,False,Trend,MeanReversion,False
2021-09-27 00:00:00+09:00,287237.0,295072.71875,290306.5609375,48.38708445696012,-1426.1918181137335,0.022744898096490888,0.021098713061683715,1,1,-1,0.5,False,Trend,MeanReversion,False
2021-09-28 00:00:00+09:00,283435.40625,295664.090625,290130.55885416665,41.830140891652974,-2213.7822215414635,0.022723906074297293,0.021160420024624284,1,1,-1,0.5,False,Trend,MeanReversion,False
2021-09-29 00:00:00+09:00,283006.59375,296508.584375,289989.6505208333,40.78545805652226,-2654.488373186358,0.022121409581425142,0.021134448640709364,1,1,-1,0.5,False,Trend,MeanReversion,False
2021-09-30 00:00:00+09:00,283006.59375,296634.9875,289862.82135416666,30.229020240184823,-2821.2557234608385,0.018806912193778287,0.02113215603825461,1,1,-1,0.5,False,Trend,MeanReversion,False
2021-10-01 00:00:00+09:00,277861.03125,296292.9109375,289636.1536458333,26.581119311879533,-3129.528885344066,0.01892922332179345,0.021252897825118428,1,1,-1,0.5,False,Trend,MeanReversion,True
2021-10-05 00:00:00+09:00,276145.875,295843.953125,289416.10052083334,26.569610475438623,-3284.2816177885693,0.018949409011874474,0.021247772642237952,1,1,-1,0.5,False,Trend,MeanReversion,True
2021-10-06 00:00:00+09:00,271857.875,294969.39375,289166.82135416666,24.257431912045845,-3491.4056606383765,0.018789646048280678,0.021309928863509537,1,1,-1,0.5,False,Trend,MeanReversion,True
2021-10-07 00:00:00+09:00,274001.8125,293969.7078125,288953.27447916666,8.969071423778516,-3302.068396856329,0.018442323449083517,0.02133961541007115,1,1,-1,0.5,False,Trend,MeanReversion,True
2021-10-08 00:00:00+09:00,274430.625,292949.2203125,288767.99375,11.247122461830685,-2976.091427880867,0.01842080628910792,0.021336187496802043,1,1,-1,0.5,False,Trend,MeanReversion,True
2021-10-12 00:00:00+09:00,276145.875,291528.7234375,288519.7791666667,15.90315737945663,-2492.679039943221,0.016563719193888153,0.02119922759022018,1,1,-1,0.5,False,Trend,MeanReversion,True
2021-10-13 00:00:00+09:00,278718.625,290194.6234375,288307.4046875,15.97831751105521,-1875.5254911350203,0.016784506822899038,0.021237798381687156,1,1,-1,0.5,False,Trend,MeanReversion,False
2021-10-14 00:00:00+09:00,280862.6875,289052.2109375,288187.08489583334,20.752061854185214,-1229.9809153001288,0.017002582677669947,0.021215959421606794,1,1,-1,0.5,False,Trend,Trend,False
2021-10-15 00:00:00+09:00,281291.375,287910.1125,288003.5078125,31.129553854276665,-707.1497568932732,0.017004829527643484,0.021126527687133544,-1,1,-1,-0.19999999999999996,False,MeanReversion,Trend,False
2021-10-18 00:00:00+09:00,274001.8125,285769.91875,287768.84010416665,25.968801857470623,-779.5896108606753,0.014083123463871907,0.021310347244634698,-1,1,-1,-0.19999999999999996,False,MeanReversion,Trend,False
2021-10-19 00:00:00+09:00,274430.625,284010.2171875,287632.84010416665,30.31665949402108,-726.9908828355774,0.013708671940943707,0.02117454623032857,-1,1,-1,-0.19999999999999996,False,MeanReversion,Trend,False
2021-10-20 00:00:00+09:00,265425.9375,282011.4828125,287410.1234375,26.136343873370492,-1199.1446786026418,0.01493658577358197,0.021533198231493723,-1,1,-1,-0.19999999999999996,False,MeanReversion,Trend,False
2021-10-21 00:00:00+09:00,266712.25,279950.3453125,287201.8046875,28.888739532816004,-1315.9714363334283,0.014770704604263133,0.02154355922378157,-1,1,-1,-0.19999999999999996,False,MeanReversion,Trend,False
2021-10-22 00:00:00+09:00,260280.359375,277652.09140625,286668.04401041666,24.761799658025694,-1693.5201659751065,0.015254490965814445,0.020866492066729008,-1,1,-1,-0.19999999999999996,False,MeanReversion,Trend,False
2021-10-25 00:00:00+09:00,268427.5,276437.04765625,286164.46796875,40.17853308363731,-1280.4330581871463,0.015009347930631387,0.021078594201419353,-1,1,-1,-0.19999999999999996,False,MeanReversion,Trend,False
2021-10-26 00:00:00+09:00,270142.71875,275371.12890625,285682.4388020833,43.74998373247337,-800.9972954197428,0.015198936669108576,0.021101010640487017,-1,1,-1,-0.19999999999999996,False,MeanReversion,Trend,False
2021-10-27 00:00:00+09:00,264139.46875,274216.25234375,284952.51328125,42.24130673522265,-795.8573050259138,0.015590400638609846,0.020871171356799494,-1,1,-1,-0.19999999999999996,False,MeanReversion,Trend,False
2021-10-28 00:00:00+09:00,258136.28125,272951.29609375,284080.29296875,35.19996058741083,-1086.4482545221672,0.016031967209090163,0.020986833629312238,-1,1,-1,-0.19999999999999996,False,MeanReversion,Trend,False
2021-10-29 00:00:00+09:00,253848.375,271493.38515625,283256.28984375,32.08953275694125,-1435.2228926265598,0.016234595900112694,0.02089503378728817,-1,1,-1,-0.19999999999999996,False,MeanReversion,Trend,False
2021-11-01 00:00:00+09:00,254277.140625,270056.9125,282333.83125,30.53421355023319,-1497.9044533479664,0.01626869108598,0.02067351166601279,-1,1,-1,-0.19999999999999996,False,MeanReversion,Trend,False
2021-11-02 00:00:00+09:00,255563.625,268942.0421875,281524.3359375,28.906266458128243,-1319.830910638584,0.016125474201831,0.020610730791395852,-1,1,-1,-0.19999999999999996,False,MeanReversion,Trend,False
2021-11-03 00:00:00+09:00,257707.53125,268020.125,281018.096875,28.90606406710296,-942.4648200732408,0.016356445597027803,0.01952434942162813,-1,1,-1,-0.19999999999999996,False,MeanReversion,Trend,False
2021-11-04 00:00:00+09:00,255134.765625,267183.96953125,280391.53671875,27.0676314750516,-758.8270875764019,0.016183356560090793,0.01940971488975154,-1,1,-1,-0.19999999999999996,False,MeanReversion,Trend,False
2021-11-05 00:00:00+09:00,244414.84375,265704.62109375,279621.51171875,25.531883551589686,-1224.4440883643128,0.018217459915408754,0.020098437282024408,-1,1,-1,-0.19999999999999996,False,MeanReversion,Trend,False
2021-11-08 00:00:00+09:00,243986.015625,264182.390625,278886.5807291667,24.822630151982565,-1413.0486482333172,0.01816270531293887,0.020084078557529018,-1,1,-1,-0.19999999999999996,False,MeanReversion,Trend,False
2021-11-09 00:00:00+09:00,244414.84375,262595.8390625,278208.07760416664,29.75201484550091,-1360.1859721412384,0.018032772115795476,0.020067646371639474,-1,1,-1,-0.19999999999999996,False,MeanReversion,Trend,False
2021-11-10 00:00:00+09:00,234981.234375,260408.96953125,277372.34765625,23.571451438810058,-1785.0450412085193,0.019097858937856416,0.02061810594718208,-1,1,-1,-0.19999999999999996,False,MeanReversion,Trend,False
2021-11-11 00:00:00+09:00,235410.046875,258136.3375,276431.1223958333,26.98413341076143,-1853.5938283135765,0.018880574405082087,0.020331446219542096,-1,1,-1,-0.19999999999999996,False,MeanReversion,Trend,False
2021-11-12 00:00:00+09:00,244414.84375,256292.5109375,275745.57864583336,28.125083624607925,-1143.6967898428902,0.021460787368765326,0.020864181845996168,-1,1,-1,-0.19999999999999996,False,MeanReversion,Trend,False
2021-11-15 00:00:00+09:00,244414.84375,254813.1625,275017.7947916667,25.80650659369465,-555.1573480939533,0.02102109526992758,0.020813266775421172,-1,1,-1,-0.19999999999999996,False,MeanReversion,Trend,False
2021-11-16 00:00:00+09:00,243128.421875,253248.05234375,274430.49296875,28.31866796987235,-154.36582978803017,0.02095199491667245,0.020400352932758905,-1,1,-1,-0.19999999999999996,False,MeanReversion,Trend,False
2021-11-17 00:00:00+09:00,236696.46875,251811.57890625,273743.03203125,28.07027749933515,-220.28517880535037,0.02054994824422027,0.020644714783771823,-1,1,-1,-0.19999999999999996,False,MeanReversion,Trend,False
2021-11-18 00:00:00+09:00,234981.234375,250225.028125,273245.22760416666,29.629662119782267,-273.7622105752089,0.020400207700399745,0.019770524716063838,-1,1,-1,-0.19999999999999996,False,MeanReversion,Trend,False
2021-11-19 00:00:00+09:00,238411.625,249131.59140625,272882.03802083334,33.913113738587086,12.368441265925867,0.02044048185202315,0.019773910583288753,-1,1,-1,-0.19999999999999996,False,MeanReversion,Trend,False
2021-11-22 00:00:00+09:00,240984.4375,247759.43828125,272540.6078125,35.59319887965563,441.60234566412873,0.019066684557026668,0.019820211293772202,-1,1,-1,-0.19999999999999996,False,MeanReversion,Trend,False
2021-11-23 00:00:00+09:00,245701.140625,246537.359375,272129.9466145833,38.70966035635562,1073.8410359457976,0.019700745617399245,0.019484443375301305,-1,1,-1,-0.19999999999999996,False,MeanReversion,MeanReversion,False
2021-11-24 00:00:00+09:00,240555.59375,245358.165625,271549.0455729167,36.92306916092496,1168.342940371127,0.019640845123478495,0.01946266169909308,-1,1,-1,-0.19999999999999996,False,MeanReversion,MeanReversion,False
2021-11-25 00:00:00+09:00,237554.0625,244329.0546875,270981.48046875,42.857142857142854,1055.011077610934,0.0192637691862297,0.019449802208611616,-1,1,-1,-0.19999999999999996,False,MeanReversion,MeanReversion,False
2021-11-26 00:00:00+09:00,233266.046875,243299.93828125,270433.96927083336,39.66942298090296,732.8490685028119,0.01931690024560641,0.019416843708099013,-1,1,-1,-0.19999999999999996,False,MeanReversion,MeanReversion,False
2021-11-29 00:00:00+09:00,226834.0625,241927.784375,269539.89479166665,34.814781824758015,158.19124605071556,0.019965787638995477,0.01831972763928611,-1,1,-1,-0.19999999999999996,False,MeanReversion,MeanReversion,True
2021-11-30 00:00:00+09:00,223832.515625,240341.22890625,268525.39401041664,39.166692983777324,-326.03959064475384,0.019867136718471644,0.018199362705259445,-1,1,-1,-0.19999999999999996,False,MeanReversion,MeanReversion,True
2021-12-01 00:00:00+09:00,237554.0625,239333.55546875,267732.54453125,51.65564927557426,339.7635211902307,0.024619978617879252,0.019952733229663774,-1,1,1,0.30000000000000004,False,Trend,MeanReversion,False
2021-12-02 00:00:00+09:00,241413.25,238647.4796875,266933.61432291666,47.48200590156095,1061.3160079596282,0.024978396523274306,0.01997479244799402,-1,1,1,0.30000000000000004,False,Trend,Trend,False
2021-12-03 00:00:00+09:00,243557.25,238604.6,266092.97630208335,49.30555696138468,1668.107936104062,0.02321784581646728,0.019881555714443038,-1,1,1,0.30000000000000004,False,Trend,Trend,False
2021-12-06 00:00:00+09:00,246129.984375,238711.7984375,265281.13645833335,52.38093821607863,2194.720004635328,0.02333555998008674,0.01994502014188023,-1,1,1,0.30000000000000004,False,Trend,Trend,False
2021-12-07 00:00:00+09:00,247416.375,238861.875,264328.8125,59.25923826551875,2556.377351857248,0.02335863101284187,0.01942845382271772,-1,1,1,0.30000000000000004,False,Trend,Trend,False
2021-12-08 00:00:00+09:00,248702.796875,239547.953125,263383.84869791666,61.940346400301955,2789.861092929792,0.021387248043479284,0.019444087692175805,-1,1,1,0.30000000000000004,False,Trend,Trend,False
2021-12-09 00:00:00+09:00,252990.734375,240426.9875,262538.51197916665,62.5000167459442,3115.95955462072,0.02162045222125114,0.01962105726597305,-1,1,1,0.30000000000000004,False,Trend,Trend,False
2021-12-10 00:00:00+09:00,241413.25,240276.9078125,261493.17708333334,50.31848331200362,2463.4164470730293,0.022847666175792484,0.020408507960075022,-1,1,1,0.30000000000000004,False,Trend,Trend,False
2021-12-13 00:00:00+09:00,246129.984375,240362.66484375,260315.24869791666,50.31850637384103,2265.9315013165683,0.023280777465146018,0.019790800501767014,-1,1,1,0.30000000000000004,False,Trend,Trend,False
2021-12-14 00:00:00+09:00,247416.375,240577.0625,259278.44401041666,55.40543268821207,2139.939642155374,0.023265498736575057,0.0196727227952655,-1,1,1,0.30000000000000004,False,Trend,Trend,False
2021-12-15 00:00:00+09:00,241842.03125,240834.340625,258219.13411458334,53.246753246753244,1622.6495708739199,0.023029717924131585,0.019785077895532254,-1,1,1,0.30000000000000004,False,Trend,Trend,False
2021-12-16 00:00:00+09:00,243128.421875,241241.7,257139.02447916666,57.823172252274226,1321.3562545452587,0.022961383314349455,0.01975793824339083,-1,1,1,0.30000000000000004,False,Trend,Trend,False
2021-12-17 00:00:00+09:00,250417.96875,241842.0171875,256208.56666666668,68.45645954685276,1551.335582394467,0.023639085669228004,0.020223406686492654,-1,1,1,0.30000000000000004,False,Trend,Trend,False
2021-12-20 00:00:00+09:00,240555.59375,241820.575,255339.0203125,61.81818181818181,1004.1190231234023,0.0253782942313807,0.020059119971773877,-1,1,1,0.30000000000000004,False,Trend,Trend,False
2021-12-21 00:00:00+09:00,240555.59375,241563.29765625,254490.5953125,52.6315400135236,625.5622766888666,0.024962221288788212,0.02006302788694391,-1,1,1,0.30000000000000004,False,Trend,Trend,False
2021-12-22 00:00:00+09:00,241842.03125,241627.61953125,253734.0125,50.39368655423125,453.2344565708165,0.02453849203355714,0.020036075814073753,-1,1,1,0.30000000000000004,False,Trend,Trend,False
2021-12-23 00:00:00+09:00,243128.421875,241906.3375,253062.22942708334,49.59997061544036,418.16463677910906,0.024371713185449444,0.020015620878815105,-1,1,1,0.30000000000000004,False,Trend,Trend,False
2021-12-24 00:00:00+09:00,243557.25,242420.89765625,252404.74036458333,47.50004782636025,415.28317324535305,0.023941410786736606,0.02002298089628317,-1,1,1,0.30000000000000004,False,Trend,Trend,False
2021-12-27 00:00:00+09:00,241413.25,243149.85703125,251711.51796875,44.262331805080564,267.58940420493377,0.02304021684925164,0.020036786981362967,-1,1,-1,-0.19999999999999996,False,MeanReversion,Trend,False
2021-12-28 00:00:00+09:00,243128.421875,244114.65234375,251132.64114583333,44.715433907373445,282.5458819323808,0.022723713309374883,0.01996789356363356,-1,1,-1,-0.19999999999999996,False,MeanReversion,MeanReversion,False
2021-12-29 00:00:00+09:00,243564.875,244415.19296875,250589.62447916667,40.36024346475465,316.41551747523295,0.018616569930776164,0.019967621272467,-1,1,-1,-0.19999999999999996,False,MeanReversion,MeanReversion,False
2021-12-30 00:00:00+09:00,239636.421875,244326.3515625,250052.60026041666,47.84582586494116,81.08475703919157,0.018663444675738345,0.01997480259528704,-1,1,1,0.30000000000000004,False,Trend,MeanReversion,False
2022-01-04 00:00:00+09:00,250112.296875,244654.10390625,249654.44166666668,54.236443507105285,608.4265922471525,0.020948788099221637,0.02076346354070277,-1,1,1,0.30000000000000004,False,Trend,Trend,False
2022-01-05 00:00:00+09:00,257969.28125,245246.06875,249380.0859375,59.84941199804,1417.6344958313503,0.02189613392694512,0.021179355265040643,-1,1,1,0.30000000000000004,False,Trend,Trend,False
2022-01-06 00:00:00+09:00,265826.1875,246166.559375,249208.09114583334,71.47047370311562,2357.854513433035,0.022751681038071653,0.02153682066751901,-1,1,-1,-0.19999999999999996,False,MeanReversion,Trend,False
2022-01-07 00:00:00+09:00,266262.6875,247044.55390625,249000.4921875,71.02965101068077,2851.9754801778827,0.02275239078342959,0.021499813504380252,-1,1,-1,-0.19999999999999996,False,MeanReversion,MeanReversion,False
2022-01-10 00:00:00+09:00,265389.78125,247664.50625,248742.61041666666,65.40713136732671,2950.5240897695817,0.02256288152915574,0.0214735376004743,-1,1,1,0.30000000000000004,False,Trend,MeanReversion,False
2022-01-11 00:00:00+09:00,261897.75,248688.73125,248419.38333333333,75.27676983911967,2622.0982484723713,0.01978383828630496,0.021529339929056347,1,1,-1,0.5,False,Trend,Trend,True
2022-01-12 00:00:00+09:00,266699.21875,249717.19296875,248297.6734375,77.80147934086983,2566.5652210940543,0.019737500081509093,0.02141628772595382,1,1,-1,0.5,False,Trend,Trend,False
2022-01-13 00:00:00+09:00,267572.21875,250724.98515625,248183.36666666667,77.60455396722051,2428.431836419617,0.019736068836593935,0.021420133895221925,1,1,-1,0.5,False,Trend,Trend,False
2022-01-14 00:00:00+09:00,261024.796875,251684.1234375,248110.01432291666,67.25251127906529,1766.6784523255842,0.019881969516401587,0.021224071593920285,1,1,1,1.0,False,Trend,Trend,False
2022-01-17 00:00:00+09:00,255350.265625,252295.215625,247920.64791666667,60.32451755044733,863.0996255909376,0.020693941453921238,0.021396181190722802,1,1,1,1.0,False,Trend,Trend,False
2022-01-18 00:00:00+09:00,249675.84375,252258.109375,247743.90598958332,56.81258592933543,-146.64380703965753,0.020376327364790805,0.02136124899720297,1,1,-1,0.5,False,Trend,Trend,False
2022-01-19 00:00:00+09:00,248366.359375,252648.64765625,247409.55364583334,54.347814808935205,-891.1023937759019,0.01813878357651182,0.020963179787423843,1,1,-1,0.5,False,Trend,Trend,False
2022-01-20 00:00:00+09:00,249675.84375,253104.66015625,247068.4390625,55.000017898208284,-1261.0923594074911,0.018152512625035814,0.020956784994766605,1,1,-1,0.5,False,Trend,Trend,False
2022-01-21 00:00:00+09:00,246183.921875,253321.7546875,246769.17994791668,55.39573347672511,-1680.5174079502985,0.018473443769347807,0.020840887463031074,1,1,-1,0.5,False,Trend,Trend,False
2022-01-24 00:00:00+09:00,239636.421875,253147.1546875,246460.84895833334,40.769269742805754,-2300.1100730769053,0.01945026865215946,0.020917412218562192,1,1,-1,0.5,False,Trend,Trend,False
2022-01-25 00:00:00+09:00,232652.5,252601.9171875,246107.584375,27.3437430085106,-3035.292859433285,0.020474876391305193,0.021142947221615256,1,1,-1,0.5,False,Trend,Trend,False
2022-01-26 00:00:00+09:00,232652.5,252163.8796875,245747.17369791667,15.45457858841094,-3351.77017318011,0.020421357227233348,0.021139820375091645,1,1,-1,0.5,False,Trend,Trend,False
2022-01-27 00:00:00+09:00,224795.5625,251247.23671875,245234.37265625,12.598447168729606,-3882.992778420975,0.021539097007538532,0.02154175665964427,1,1,-1,0.5,False,Trend,Trend,False
2022-01-28 00:00:00+09:00,231343.0,250636.14296875,244794.96380208334,22.14283668779335,-3592.86231804793,0.02272324282764495,0.02186763202831177,1,1,-1,0.5,False,Trend,Trend,False
2022-02-03 00:00:00+09:00,233961.984375,250352.42109375,244442.08411458333,26.811602285470002,-3045.6486274223976,0.022683979833966268,0.021904452803266118,1,1,-1,0.5,False,Trend,Trend,False
2022-02-04 00:00:00+09:00,234398.453125,249566.72890625,244275.14427083332,21.093709143495232,-2498.3273936345213,0.020219356249975784,0.021219325877941102,1,1,-1,0.5,False,Trend,Trend,False
2022-02-07 00:00:00+09:00,234398.453125,248388.1875,244115.3515625,19.841217305580685,-2001.7904598212217,0.01858464749747426,0.02121905200548311,1,1,-1,0.5,False,Trend,Trend,False
2022-02-08 00:00:00+09:00,234398.453125,246816.80078125,243948.41171875,22.522453375988036,-1558.550942556923,0.01674857885019506,0.021216862588119015,1,1,-1,0.5,False,Trend,Trend,False
2022-02-09 00:00:00+09:00,234398.453125,245223.5890625,243938.69869791667,25.510172772765458,-1168.4003084961014,0.01671166170885017,0.020600694382559206,1,1,-1,0.5,False,Trend,Trend,False
2022-02-10 00:00:00+09:00,244437.890625,244175.99453125,244089.16276041666,44.44444444444444,-188.62063091580103,0.019905763650173627,0.021301295262957785,1,1,-1,0.5,False,Trend,Trend,False
2022-02-11 00:00:00+09:00,253167.8125,243739.49765625,244235.04557291666,54.39999610534917,1026.2251150733791,0.021600680345441246,0.02123166290800142,-1,1,1,0.30000000000000004,False,Trend,Trend,False
2022-02-14 00:00:00+09:00,247929.90625,242801.03203125,244293.62994791666,48.50750176043733,1430.9883631472012,0.02147633051926724,0.021412234713010028,-1,1,1,0.30000000000000004,False,Trend,Trend,False
2022-02-15 00:00:00+09:00,244874.359375,241666.1390625,244322.72890625,48.872118122655074,1442.8008021143128,0.021496515597379126,0.021463023126457734,-1,1,1,0.30000000000000004,False,Trend,Trend,False
2022-02-16 00:00:00+09:00,244874.359375,240858.6171875,244459.02708333332,55.08472828098361,1399.4094874570224,0.020969988496316958,0.02116993583726701,-1,1,1,0.30000000000000004,False,Trend,Trend,False
2022-02-17 00:00:00+09:00,247056.859375,240443.946875,244660.2875,65.4205288563993,1459.7846879061142,0.02064764286743225,0.021171221934514407,-1,1,1,0.30000000000000004,False,Trend,Trend,False
2022-02-18 00:00:00+09:00,245747.40625,240247.525,244782.55052083332,63.63638138664872,1355.8583267735694,0.020085774314646747,0.021108982428294686,-1,1,1,0.30000000000000004,False,Trend,Trend,False
2022-02-21 00:00:00+09:00,245747.40625,240116.57734375,244861.93333333332,76.08698528067112,1234.874885400131,0.020058641740644603,0.021066267729475733,-1,1,-1,-0.19999999999999996,False,MeanReversion,Trend,False
2022-02-22 00:00:00+09:00,245747.40625,239920.15546875,244862.70442708334,71.42861127614648,1106.7280188413683,0.020013184842558856,0.02091716172590331,-1,1,-1,-0.19999999999999996,False,MeanReversion,Trend,False
2022-02-23 00:00:00+09:00,245747.40625,239898.3296875,244949.23463541668,69.014121432522,978.286469629742,0.01976715468408301,0.02073177718356343,-1,1,1,0.30000000000000004,False,Trend,Trend,False
2022-02-24 00:00:00+09:00,242691.890625,240051.103125,245034.86510416667,62.337649658912035,659.167755592319,0.01898213643769781,0.02073130836547458,-1,1,1,0.30000000000000004,False,Trend,Trend,False
2022-02-25 00:00:00+09:00,240509.421875,240443.94921875,245155.58802083333,58.53660133686291,291.478454296078,0.017779032511855024,0.02062550762019477,-1,1,1,0.30000000000000004,False,Trend,Trend,False
2022-02-28 00:00:00+09:00,240509.421875,240836.7953125,245383.51067708334,58.53660133686291,51.236649249035054,0.017779032511855024,0.020284393200674565,-1,1,1,0.30000000000000004,False,Trend,Trend,False
2022-03-02 00:00:00+09:00,247493.359375,241971.68515625,245777.85807291666,65.30612468532073,349.05213499483256,0.016602821543486374,0.020504934378102687,-1,1,1,0.30000000000000004,False,Trend,Trend,False
2022-03-03 00:00:00+09:00,253604.328125,243084.7515625,246045.3625,61.7977577800784,911.9931401956655,0.016300963859886768,0.019292033290802032,-1,1,1,0.30000000000000004,False,Trend,Trend,False
2022-03-04 00:00:00+09:00,253604.328125,244066.86875,246248.54713541668,50.72466850767105,1219.533020815994,0.01625304940841698,0.019191218833977893,-1,1,1,0.30000000000000004,False,Trend,Trend,False
2022-03-07 00:00:00+09:00,249239.34375,244808.91328125,246343.24869791666,52.23870868470656,1069.5280079098943,0.016941899891709265,0.019303422519443093,-1,1,1,0.30000000000000004,False,Trend,Trend,False
2022-03-08 00:00:00+09:00,241382.453125,245158.11328125,246264.12317708333,44.871890187655744,415.32326068853024,0.01867289306598297,0.01970237046920884,-1,1,-1,-0.19999999999999996,False,MeanReversion,Trend,False
2022-03-10 00:00:00+09:00,241382.453125,245507.31328125,246163.5578125,44.871890187655744,-20.14781932210184,0.01867289306598297,0.019689027120053642,-1,1,-1,-0.19999999999999996,False,MeanReversion,Trend,False
2022-03-11 00:00:00+09:00,246183.921875,246096.58671875,246121.5765625,48.8095988926977,10.771678769817697,0.019105771716974272,0.01984742313366078,-1,1,1,0.30000000000000004,False,Trend,Trend,False
2022-03-14 00:00:00+09:00,250548.828125,246402.13359375,246080.878125,56.043912384502434,304.50995485224007,0.017130206903868406,0.0198546050100063,1,1,1,1.0,False,Trend,Trend,True
2022-03-15 00:00:00+09:00,250548.828125,246271.184375,246233.13776041666,56.043912384502434,468.3275440802672,0.015164215677440607,0.018885225622995303,1,1,1,1.0,False,Trend,Trend,False
2022-03-16 00:00:00+09:00,247056.859375,246227.53203125,246248.58567708332,51.5151109743535,318.20907409167773,0.01475021597872641,0.018815696228612698,-1,1,1,0.30000000000000004,False,Trend,Trend,False
2022-03-17 00:00:00+09:00,247056.859375,246336.65703125,246242.59375,51.5151109743535,201.3150472964527,0.014467229619145837,0.018803543384899455,1,1,1,1.0,False,Trend,Trend,True
2022-03-18 00:00:00+09:00,250548.828125,246620.38046875,246387.70703125,59.00001861416136,333.76368590788127,0.01478156850222822,0.018648264752359568,1,1,1,1.0,False,Trend,Trend,False
2022-03-21 00:00:00+09:00,250548.828125,246794.97890625,246511.38046875,62.105268710807586,391.94229742610196,0.014670157014298187,0.01863810153326917,1,1,1,1.0,False,Trend,Trend,False
2022-03-22 00:00:00+09:00,255786.796875,247296.9484375,246600.8609375,66.35515957183442,733.9016888577887,0.0152498465892511,0.018438309093591482,1,1,1,1.0,False,Trend,Trend,False
2022-03-23 00:00:00+09:00,267572.21875,248388.1890625,247051.13802083334,69.49156038719592,1651.9737510231314,0.01801440447805493,0.018545231563183606,1,1,1,1.0,False,Trend,Trend,False
2022-03-24 00:00:00+09:00,265389.78125,249370.3078125,247465.04114583333,62.38539793030723,1987.853883321708,0.018208241455018603,0.018588599037741856,1,1,1,1.0,False,Trend,Trend,False
2022-03-25 00:00:00+09:00,261461.25,250156.0,247792.028125,57.62710990320102,1825.257656327814,0.018673414761076628,0.018703787029632195,1,1,1,1.0,False,Trend,Trend,False
2022-03-28 00:00:00+09:00,261461.25,251094.46796875,248097.57526041666,62.96298383194235,1605.2992225170728,0.01832932454839418,0.018697071349533433,1,1,1,1.0,False,Trend,Trend,False
2022-03-29 00:00:00+09:00,261024.796875,252120.23671875,248388.70104166667,74.72531146839371,1329.4056328784309,0.018132478422140875,0.01870061002069319,1,1,-1,0.5,False,Trend,Trend,False
2022-03-30 00:00:00+09:00,256600.578125,252924.79453125,248641.82317708334,67.2363874729144,775.3958986839593,0.01872866765393552,0.018805438232538125,1,1,1,1.0,False,Trend,Trend,False
2022-03-31 00:00:00+09:00,259255.078125,253512.88046875,248910.60078125,65.56150237955634,526.0904681588308,0.01784874524118557,0.01882754947694352,1,1,1,1.0,False,Trend,Trend,False
2022-04-01 00:00:00+09:00,254830.953125,253574.21171875,249098.36875,55.090786964006945,27.8964175607789,0.017563269983987946,0.018974480671150984,1,1,1,1.0,False,Trend,Trend,False
2022-04-04 00:00:00+09:00,260139.921875,253900.99140625,249440.09375,60.12432953098507,20.89968029863303,0.0181439382674794,0.019011290038533496,1,1,1,1.0,False,Trend,Trend,False
2022-04-05 00:00:00+09:00,256158.234375,254246.9359375,249540.859375,59.50907045248109,-270.81292831593055,0.018044116554850123,0.018335069738208358,1,1,-1,0.5,False,Trend,Trend,False
2022-04-06 00:00:00+09:00,252176.484375,254786.6375,249444.31276041668,54.93809745137649,-725.0746234159296,0.01677632162732046,0.01800374571941951,1,1,-1,0.5,False,Trend,Trend,False
2022-04-07 00:00:00+09:00,248194.6875,255127.24921875,249150.45442708334,47.750585774845675,-1255.7561878555798,0.017256157445351677,0.01766315455910451,1,1,-1,0.5,False,Trend,Trend,False
2022-04-08 00:00:00+09:00,250406.765625,255338.39140625,248886.1890625,49.8697628687235,-1408.3762865367294,0.016815999233732434,0.017707103719375332,1,1,-1,0.5,False,Trend,Trend,False
2022-04-11 00:00:00+09:00,253061.28125,255464.0140625,248680.7140625,47.377116968376484,-1284.5888829048822,0.016518862876724136,0.017767079796852565,1,1,-1,0.5,False,Trend,Trend,False
2022-04-12 00:00:00+09:00,249522.0,255412.67265625,248474.4515625,29.352463054011096,-1386.3895607877323,0.01683838671603268,0.017777375460055946,1,1,-1,0.5,False,Trend,Trend,False
2022-04-13 00:00:00+09:00,252618.859375,255690.77265625,248239.77890625,35.6907686840092,-1197.5850643445485,0.016730544477761677,0.017687583460482666,1,1,-1,0.5,False,Trend,Trend,False
2022-04-14 00:00:00+09:00,253061.28125,255990.99375,247997.92994791668,39.790662219308636,-1003.2027796715529,0.01672899205779712,0.017682599220996995,1,1,-1,0.5,False,Trend,Trend,False
2022-04-15 00:00:00+09:00,249964.40625,255961.77265625,247813.59010416668,37.00496701958338,-1039.0974420176565,0.016702515977866372,0.017469690076365497,1,1,-1,0.5,False,Trend,Trend,False
2022-04-18 00:00:00+09:00,250406.765625,255954.66953125,247731.1984375,37.9999025235109,-989.2095932623774,0.01670784502579658,0.017247514403964537,1,1,-1,0.5,False,Trend,Trend,False
2022-04-19 00:00:00+09:00,255273.34375,255928.996875,247824.49010416667,48.514859448143085,-603.5722182967696,0.01661658059514984,0.01718038705087067,1,1,-1,0.5,False,Trend,Trend,False
2022-04-20 00:00:00+09:00,256158.234375,255358.29765625,247954.3546875,46.39181826522988,-280.43562440942947,0.012843563347536202,0.017168846418040666,1,1,-1,0.5,False,Trend,Trend,False
2022-04-21 00:00:00+09:00,264564.09375,255317.01328125,248202.4921875,60.3773848938757,467.1971613149459,0.014875226555177342,0.017643481549746792,1,1,1,1.0,False,Trend,Trend,False
2022-04-22 00:00:00+09:00,261467.171875,255317.309375,248457.21302083333,51.48515543918248,706.5583265770886,0.014727155514018273,0.01761258091442368,1,1,1,1.0,False,Trend,Trend,False
2022-04-25 00:00:00+09:00,253061.28125,254897.3109375,248680.96067708332,46.84679869051585,274.38060692818044,0.016440271213768645,0.017781193587287972,1,1,1,1.0,False,Trend,Trend,False
2022-04-26 00:00:00+09:00,251291.65625,254410.65390625,248991.61328125,49.056605030884526,-133.1636059527209,0.016484334132991878,0.017359145921740572,1,1,-1,0.5,False,Trend,Trend,False
2022-04-27 00:00:00+09:00,245982.625,253879.75625,249213.78203125,47.706432719736746,-729.4770043301149,0.01671680242942237,0.017603099711688774,1,1,-1,0.5,False,Trend,Trend,False
2022-04-28 00:00:00+09:00,256600.578125,253747.03125,249743.865625,55.468757760204845,-394.7619772819139,0.01929486964794851,0.017778209481036263,1,1,-1,0.5,False,Trend,Trend,False
2022-04-29 00:00:00+09:00,255715.75,253791.27109375,250150.078125,52.41933921959556,-227.22356938540293,0.01890964754763156,0.0174473133766699,1,1,-1,0.5,False,Trend,Trend,False
2022-05-02 00:00:00+09:00,259255.078125,253747.02890625,250571.6296875,58.870926626949625,109.60633690670272,0.01857805544552359,0.017473432733944146,1,1,1,1.0,False,Trend,Trend,False
2022-05-03 00:00:00+09:00,255715.75,253724.9046875,250926.91796875,52.79998621204464,82.89457454276658,0.018509190286242157,0.01758695594364695,1,1,1,1.0,False,Trend,Trend,False
2022-05-04 00:00:00+09:00,257927.859375,254012.4734375,251319.07473958333,54.26357416851262,196.57658329999845,0.018227650242473407,0.017610052774613045,1,1,1,1.0,False,Trend,Trend,False
2022-05-06 00:00:00+09:00,253061.28125,254255.803125,251630.121875,52.63154959767297,-59.89804777499978,0.01839450301284062,0.017809847387970968,1,1,-1,0.5,False,Trend,Trend,False
2022-05-10 00:00:00+09:00,244213.0,253946.11484375,251793.69765625,45.39477826796235,-788.9013372918581,0.020005608529838705,0.01843483004342693,1,1,-1,0.5,False,Trend,Trend,False
2022-05-11 00:00:00+09:00,242885.734375,253437.3375,251767.82838541668,40.277806050810526,-1294.0891660117677,0.019828094243033355,0.017635161733248653,1,1,-1,0.5,False,Trend,Trend,False
2022-05-12 00:00:00+09:00,241558.5,253039.1625,251574.33984375,38.62066949774882,-1629.5595338866733,0.01964577785803862,0.017030139373307326,1,1,-1,0.5,False,Trend,Trend,False
2022-05-13 00:00:00+09:00,248194.6875,252817.95390625,251578.75286458334,36.87940153633594,-1329.1472983943559,0.02045859679050787,0.01719560642899068,1,1,-1,0.5,False,Trend,Trend,False
2022-05-16 00:00:00+09:00,248637.140625,252596.746875,251641.46588541666,39.25927476213025,-1038.1645345645513,0.020458809944274445,0.017119311857772417,1,1,-1,0.5,False,Trend,Trend,False
2022-05-17 00:00:00+09:00,254388.546875,252817.95390625,251800.03567708333,51.162807251744866,-427.174605471419,0.020931217545517296,0.017366339893049764,1,1,-1,0.5,False,Trend,Trend,False
2022-05-18 00:00:00+09:00,254830.953125,253039.16328125,251929.60390625,53.17457670208409,14.526153670121516,0.0209311502452433,0.01733337057615725,1,1,1,1.0,False,Trend,Trend,False
2022-05-19 00:00:00+09:00,252176.484375,252884.3203125,252036.75520833334,55.83337674442697,129.29662141424467,0.02061066006079147,0.017375506554064387,1,1,1,1.0,False,Trend,Trend,False
2022-05-20 00:00:00+09:00,257927.859375,252972.8015625,252239.76276041666,51.37618394654031,569.2836760214948,0.021241503274767988,0.01760837335510261,1,1,1,1.0,False,Trend,Trend,False
2022-05-23 00:00:00+09:00,258812.640625,252685.22890625,252457.51666666666,53.21099639210248,878.173181809062,0.019894780573398628,0.017611265386998212,1,1,1,1.0,False,Trend,Trend,False
2022-05-24 00:00:00+09:00,255715.75,252397.6578125,252623.65572916667,46.29628357906833,832.5982540003832,0.019902297548056416,0.017689662567840995,-1,1,1,0.30000000000000004,False,Trend,Trend,False
2022-05-25 00:00:00+09:00,257043.03125,252596.7453125,252862.84140625,51.45635129361631,847.6836529077211,0.01849251392753601,0.01761361671993169,-1,1,1,0.30000000000000004,False,Trend,Trend,False
2022-05-26 00:00:00+09:00,260139.921875,253039.15859375,253190.01640625,52.380942770727714,1010.999261545246,0.018558558280988915,0.017620464090548252,-1,1,1,0.30000000000000004,False,Trend,Trend,False
2022-05-27 00:00:00+09:00,260139.921875,253747.0234375,253517.19140625,58.51065708382631,1058.7208232667497,0.017757613965788666,0.017620464090548252,1,1,1,1.0,False,Trend,Trend,True
2022-05-30 00:00:00+09:00,260139.921875,253923.990625,253727.96744791666,74.32434818756315,1029.0755937750937,0.015135561767164515,0.01725197618602524,1,1,-1,0.5,False,Trend,Trend,False
2022-05-31 00:00:00+09:00,255715.75,253923.990625,253763.1578125,67.9012415657463,667.8066254821249,0.015634479452401547,0.01712355018292013,1,1,1,1.0,False,Trend,Trend,False
2022-06-02 00:00:00+09:00,254830.953125,253702.784375,253783.6015625,68.75005242457594,341.9732161062949,0.015308325259601463,0.017129869685486524,-1,1,1,0.30000000000000004,False,Trend,Trend,False
2022-06-03 00:00:00+09:00,256600.578125,253747.02578125,253906.28880208332,63.76816490155341,224.0504310079574,0.0150886974875448,0.016997131213889974,-1,1,1,0.30000000000000004,False,Trend,Trend,False
2022-06-07 00:00:00+09:00,253946.09375,253547.9375,254115.6828125,58.10809972371089,-40.22327647772511,0.015127775675834409,0.016518404415422173,-1,1,-1,-0.19999999999999996,False,MeanReversion,Trend,False
2022-06-08 00:00:00+09:00,252618.859375,253525.81640625,254302.95625,46.87493446909204,-297.5795711038253,0.014554281114780639,0.01653679390144297,-1,1,-1,-0.19999999999999996,False,MeanReversion,Trend,False
2022-06-09 00:00:00+09:00,253061.28125,253968.23046875,254417.57890625,46.87496378557084,-423.4955514646623,0.01191611766011258,0.016349693460231095,-1,1,-1,-0.19999999999999996,False,MeanReversion,Trend,False
2022-06-10 00:00:00+09:00,246867.4375,254167.315625,254356.22239583332,41.66653994838724,-882.9723021441065,0.013243383293902664,0.016511740167654203,-1,1,-1,-0.19999999999999996,False,MeanReversion,Trend,False
2022-06-13 00:00:00+09:00,237134.34375,253946.1078125,254132.64765625,20.987559042552505,-1751.2861451764857,0.016086104488429263,0.01729937100872729,-1,1,-1,-0.19999999999999996,False,MeanReversion,Trend,False
2022-06-14 00:00:00+09:00,233152.609375,253194.00390625,253900.91015625,17.045460930344944,-2459.3028562706736,0.015026955078794943,0.017340619096989855,-1,1,-1,-0.19999999999999996,False,MeanReversion,Trend,False
2022-06-15 00:00:00+09:00,231382.9375,252331.29375,253639.678125,17.647053935288284,-2882.959114955935,0.015012395613307547,0.017361314663473754,-1,1,-1,-0.19999999999999996,False,MeanReversion,Trend,False
2022-06-16 00:00:00+09:00,236691.890625,251446.4609375,253408.72916666666,25.531802177893212,-2647.8628323826415,0.014995457154484212,0.01752421000776604,-1,1,-1,-0.19999999999999996,False,MeanReversion,Trend,False
2022-06-17 00:00:00+09:00,232267.78125,250318.30234375,253104.04505208333,17.525691742778548,-2627.3036502554082,0.015313563294552085,0.017675547937579684,-1,1,-1,-0.19999999999999996,False,MeanReversion,Trend,False
2022-06-20 00:00:00+09:00,223419.453125,248880.45078125,252564.58932291667,14.529832486013333,-3018.6450610884744,0.01709301475176205,0.018088351570582233,-1,1,-1,-0.19999999999999996,False,MeanReversion,Trend,False
2022-06-21 00:00:00+09:00,221649.8125,247066.5484375,251799.21588541666,14.04951175623276,-3189.01761848301,0.01571138893058257,0.017000730482983426,-1,1,-1,-0.19999999999999996,False,MeanReversion,Trend,False
2022-06-22 00:00:00+09:00,214571.1875,244854.47578125,250952.23932291666,13.385762832527789,-3543.4985322669536,0.016421382660303047,0.017406765170288416,-1,1,-1,-0.19999999999999996,False,MeanReversion,Trend,False
2022-06-23 00:00:00+09:00,207050.109375,242421.19375,250045.38697916668,11.971759874368942,-4014.9524966668923,0.01744255672826168,0.017837830877261103,-1,1,-1,-0.19999999999999996,False,MeanReversion,Trend,False
2022-06-24 00:00:00+09:00,210589.453125,240098.51484375,249197.52369791668,14.383573573195832,-3820.007333412226,0.018184291081237074,0.018033600537613444,-1,1,-1,-0.19999999999999996,False,MeanReversion,Trend,False
2022-06-27 00:00:00+09:00,210589.453125,237620.99140625,248356.93463541666,15.000011352063567,-3434.761534981346,0.017611863691373044,0.018037929091570582,-1,1,-1,-0.19999999999999996,False,MeanReversion,Trend,False
2022-06-28 00:00:00+09:00,215013.59375,235364.675,247663.81822916667,21.08843341288187,-2660.267371092832,0.018839133714569516,0.018218955412637572,-1,1,-1,-0.19999999999999996,False,MeanReversion,Trend,False
2022-06-29 00:00:00+09:00,210515.40625,232883.44921875,246851.49036458333,19.210151141795393,-2245.7389858880506,0.018869630186121783,0.018283655344426247,-1,1,-1,-0.19999999999999996,False,MeanReversion,Trend,False
2022-06-30 00:00:00+09:00,207366.6875,230465.99609375,246060.41927083334,20.095861762228765,-1987.3220035592803,0.018837178727659644,0.01825844543196296,-1,1,-1,-0.19999999999999996,False,MeanReversion,Trend,False
2022-07-01 00:00:00+09:00,209165.953125,228182.74609375,245210.853125,25.935703136868455,-1520.0009571414303,0.019264018427473183,0.018055312469975226,-1,1,-1,-0.19999999999999996,False,MeanReversion,Trend,False
2022-07-04 00:00:00+09:00,206916.84375,225698.559375,244390.16328125,26.73275009859303,-1201.1340770733332,0.01885410514782631,0.018014031964090717,-1,1,-1,-0.19999999999999996,False,MeanReversion,Trend,False
2022-07-05 00:00:00+09:00,214563.78125,223729.44375,243763.28489583332,36.49203445828393,-357.75070107520696,0.021592726009185596,0.018659337198304694,-1,1,-1,-0.19999999999999996,False,MeanReversion,Trend,False
2022-07-06 00:00:00+09:00,206916.84375,221444.34296875,243075.32083333333,26.952307946482406,-205.02608420207798,0.022450808193080027,0.019084612475668283,-1,1,-1,-0.19999999999999996,False,MeanReversion,Trend,False
2022-07-07 00:00:00+09:00,206916.84375,219137.12109375,242350.48880208333,28.934015424965594,-4.72209151878269,0.022406063561824858,0.01902508503834727,-1,1,-1,-0.19999999999999996,False,MeanReversion,Trend,False
2022-07-08 00:00:00+09:00,207816.46875,217184.57265625,241596.40859375,35.06079708980627,272.3261942872996,0.0223455754497188,0.018965978118921936,-1,1,-1,-0.19999999999999996,False,MeanReversion,Trend,False
2022-07-11 00:00:00+09:00,206916.84375,215673.69765625,240886.32265625,35.654808668913034,467.5083691895179,0.02107820605640432,0.018913561755154247,-1,1,-1,-0.19999999999999996,False,MeanReversion,Trend,False
2022-07-12 00:00:00+09:00,200619.359375,214047.03515625,240019.66432291668,36.20555357639976,255.6023585863004,0.02165496767078813,0.01913721152545475,-1,1,-1,-0.19999999999999996,False,MeanReversion,Trend,False
2022-07-13 00:00:00+09:00,203768.140625,212666.2953125,239198.11197916666,46.44794401291718,401.905857661297,0.022261538962734275,0.019288277745002986,-1,1,1,0.30000000000000004,False,Trend,Trend,False
2022-07-14 00:00:00+09:00,200619.359375,210862.66875,238375.69453125,39.117422534336896,362.24691531203825,0.021255885251601096,0.019317778616075563,-1,1,-1,-0.19999999999999996,False,MeanReversion,Trend,False
2022-07-15 00:00:00+09:00,201519.0,209325.2296875,237560.8984375,40.29009826167855,465.64449687624983,0.021284009563446563,0.01933383161667514,-1,1,-1,-0.19999999999999996,False,MeanReversion,Trend,False
2022-07-18 00:00:00+09:00,203768.140625,208342.6640625,236702.47838541667,37.373805421143324,738.3475034054354,0.020269622747197204,0.01919861112409902,-1,1,-1,-0.19999999999999996,False,MeanReversion,Trend,False
2022-07-19 00:00:00+09:00,206916.84375,207606.015625,235881.78854166667,45.833333333333336,1158.5974619842546,0.02073069869747532,0.01933496856472691,-1,1,1,0.30000000000000004,False,Trend,Trend,False
2022-07-20 00:00:00+09:00,208716.125,207313.2625,234950.9890625,51.61287430920036,1560.539164846503,0.019715403444701674,0.01882641407195085,-1,1,1,0.30000000000000004,False,Trend,Trend,False
2022-07-21 00:00:00+09:00,211415.015625,207531.5078125,234116.78645833334,52.63153276088263,1983.789343713901,0.018200221818893896,0.0189211246508208,-1,1,1,0.30000000000000004,False,Trend,Trend,False
2022-07-22 00:00:00+09:00,210515.40625,207527.80546875,233407.68854166666,54.34782937014356,2164.0384683220664,0.01783898922380132,0.018531105837331745,-1,1,1,0.30000000000000004,False,Trend,Trend,False
2022-07-25 00:00:00+09:00,210965.21875,207546.59375,232735.58125,44.73683729416562,2263.7149530314073,0.017845483436393066,0.01853571007890598,-1,1,-1,-0.19999999999999996,False,MeanReversion,Trend,False
2022-07-26 00:00:00+09:00,211864.84375,207389.15625,232166.9515625,59.01636357010096,2331.2113805930967,0.017207546848053548,0.01839828131476518,-1,1,1,0.30000000000000004,False,Trend,Trend,False
2022-07-27 00:00:00+09:00,212764.515625,207501.61171875,231436.35052083334,60.31747694597985,2369.6893866616974,0.01654671751641343,0.017461841447092705,-1,1,1,0.30000000000000004,False,Trend,Trend,False
2022-07-28 00:00:00+09:00,214563.78125,207861.46640625,230750.484375,61.53847798158666,2439.9710977175346,0.016211319702119295,0.017525200041398726,-1,1,1,0.30000000000000004,False,Trend,Trend,False
2022-07-29 00:00:00+09:00,217712.515625,208288.79453125,230058.10833333334,67.14283233136247,2607.06122682349,0.0163979219353945,0.017538776334817704,-1,1,1,0.30000000000000004,False,Trend,Trend,False
2022-08-01 00:00:00+09:00,215913.25,208738.61484375,229394.73333333334,78.33334973649764,2504.358035741472,0.016303955927859524,0.01749578382733609,-1,1,-1,-0.19999999999999996,False,MeanReversion,Trend,False
2022-08-02 00:00:00+09:00,212314.6875,208626.16015625,228634.51380208333,65.57373035057898,2117.402627696362,0.014691723168572068,0.017521995803619378,-1,1,1,0.30000000000000004,False,Trend,Trend,False
2022-08-03 00:00:00+09:00,211864.84375,208873.56015625,227947.90651041668,72.72728995183037,1768.686164591385,0.012066151340319485,0.017399052347663445,-1,1,-1,-0.19999999999999996,False,MeanReversion,Trend,False
2022-08-04 00:00:00+09:00,209615.796875,209008.5078125,227371.28645833334,65.51737561574511,1343.3652908775812,0.012353712112032324,0.01689715567705267,-1,1,1,0.30000000000000004,False,Trend,Trend,False
2022-08-05 00:00:00+09:00,215463.421875,209390.85546875,226914.24791666667,69.69702551751868,1405.97516220561,0.013728615043282821,0.01733148163295855,-1,1,1,0.30000000000000004,False,Trend,Trend,False
2022-08-08 00:00:00+09:00,215913.25,209840.67578125,226486.82708333334,66.66676315637122,1423.4491707046082,0.013652210802981438,0.017333232569402,-1,1,1,0.30000000000000004,False,Trend,Trend,False
2022-08-09 00:00:00+09:00,221311.078125,210875.26171875,226038.76692708334,70.58832544019305,1724.2423503849402,0.012149325517081278,0.017267645694381228,-1,1,-1,-0.19999999999999996,False,MeanReversion,Trend,False
2022-08-10 00:00:00+09:00,223560.15625,211864.8625,225620.8171875,70.1493504574561,1981.9706562005665,0.011956823729126926,0.017331202949804107,-1,1,-1,-0.19999999999999996,False,MeanReversion,MeanReversion,False
2022-08-11 00:00:00+09:00,231207.078125,213394.2484375,225234.459375,78.04881458345953,2539.156655457191,0.012623725736494019,0.017643512971651853,-1,1,-1,-0.19999999999999996,False,MeanReversion,MeanReversion,False
2022-08-12 00:00:00+09:00,233456.203125,214991.10859375,224878.21354166666,79.06982098333349,2904.566286754631,0.012620515652871174,0.017698637378979976,-1,1,-1,-0.19999999999999996,False,MeanReversion,MeanReversion,False
2022-08-16 00:00:00+09:00,232106.71875,216408.0375,224543.71744791666,75.86207584941911,2894.3438918518227,0.012918729139061128,0.017668563708325466,-1,1,-1,-0.19999999999999996,False,MeanReversion,MeanReversion,False
2022-08-17 00:00:00+09:00,232106.71875,217667.53125,224113.36510416667,75.2941032237236,2728.742639936682,0.012822177365772125,0.017388462530727945,-1,1,-1,-0.19999999999999996,False,MeanReversion,MeanReversion,False
2022-08-18 00:00:00+09:00,230307.4375,218747.096875,223638.27838541666,70.58821846690009,2353.388739533164,0.013148359679045866,0.017392038624499614,-1,1,-1,-0.19999999999999996,False,MeanReversion,MeanReversion,False
2022-08-19 00:00:00+09:00,229407.8125,219646.73671875,223199.81276041668,66.25000597028405,1918.2927254782016,0.013150765687042997,0.017343686224358588,-1,1,1,0.30000000000000004,False,Trend,MeanReversion,False
2022-08-22 00:00:00+09:00,224009.96875,220321.46484375,222649.26171875,60.22723773990658,1177.1219748845474,0.01446452014964001,0.017548308583100594,-1,1,1,0.30000000000000004,False,Trend,MeanReversion,False
2022-08-23 00:00:00+09:00,223110.359375,220928.721875,222032.10234375,64.63417475448489,567.3468145829047,0.014551593621038965,0.017449093352353534,-1,1,1,0.30000000000000004,False,Trend,MeanReversion,False
2022-08-24 00:00:00+09:00,220861.28125,221378.54375,221377.45833333334,61.62799903061637,-15.519754943418775,0.014828763700866273,0.01747291508490099,1,1,-1,0.5,False,Trend,MeanReversion,False
2022-08-25 00:00:00+09:00,225359.40625,222008.28828125,220797.78307291667,69.23073693162797,-120.33959896032138,0.015368435651583733,0.0177184125021404,1,1,-1,0.5,False,Trend,MeanReversion,False
2022-08-26 00:00:00+09:00,224009.96875,222480.59765625,220269.35338541667,61.72839929721248,-292.93768679158984,0.015432890480823138,0.017619175252843382,1,1,-1,0.5,False,Trend,MeanReversion,False
2022-08-29 00:00:00+09:00,219511.78125,222570.5609375,219680.70052083334,54.444428148418034,-699.2481924964618,0.0159174826647901,0.01777267532935807,1,1,-1,0.5,False,Trend,MeanReversion,False
2022-08-30 00:00:00+09:00,228508.171875,223200.30703125,219212.49375,58.16326747623402,-367.9594676407596,0.01806577456284238,0.018571231856786264,1,1,-1,0.5,False,Trend,Trend,False
2022-08-31 00:00:00+09:00,229407.8125,224054.96328125,218803.52239583334,56.842124892500486,-107.60155258530449,0.017464196337210216,0.018552632672704367,1,1,-1,0.5,False,Trend,Trend,False
2022-09-01 00:00:00+09:00,227608.546875,224842.1484375,218386.68385416668,45.12197085035198,-77.34273311681272,0.017614823061417876,0.01856427860114321,1,1,-1,0.5,False,Trend,Trend,False
2022-09-02 00:00:00+09:00,221311.078125,225426.9125,217857.51380208333,35.16478734530908,-479.7803214000246,0.018747933747749843,0.01886576384704732,1,1,-1,0.5,False,Trend,Trend,False
2022-09-05 00:00:00+09:00,227158.703125,226011.6765625,217529.03489583332,44.5544312687245,-356.1621655916515,0.018650502670814258,0.018977846865943282,1,1,-1,0.5,False,Trend,Trend,False
2022-09-06 00:00:00+09:00,227158.703125,226573.94921875,217362.77421875,44.5544312687245,-281.6727295389501,0.01865961089749256,0.018280271085130816,1,1,-1,0.5,False,Trend,Trend,False
2022-09-07 00:00:00+09:00,221311.078125,226573.94921875,217165.41536458334,40.90908086139738,-614.4208598281198,0.01893861617187903,0.018455090649430815,1,1,-1,0.5,False,Trend,Trend,False
2022-09-08 00:00:00+09:00,217262.734375,226259.078125,216930.07864583333,38.46153161019442,-1068.7480850176375,0.01921147820553628,0.018575008245987044,1,1,-1,0.5,False,Trend,Trend,False
2022-09-13 00:00:00+09:00,223110.359375,225854.2421875,216703.71979166666,49.15256582315259,-941.488647718752,0.01858694711931026,0.01866542041235349,1,1,-1,0.5,False,Trend,Trend,False
2022-09-14 00:00:00+09:00,215463.421875,224954.603125,216423.64713541666,43.60899152956711,-1315.4187174873528,0.019773054444413643,0.019036074168618907,1,1,-1,0.5,False,Trend,Trend,False
2022-09-15 00:00:00+09:00,211415.015625,223920.01796875,216223.57317708334,42.33569683608413,-1751.234665595264,0.020053049848656745,0.018537347997294562,1,1,-1,0.5,False,Trend,Trend,False
2022-09-16 00:00:00+09:00,207366.6875,222683.01640625,215985.52109375,35.29412666165716,-2198.9968873698554,0.02028087912978356,0.018668305501272173,1,1,-1,0.5,False,Trend,Trend,False
2022-09-19 00:00:00+09:00,207816.46875,221558.46796875,215872.94244791666,36.56712394106241,-2338.703575857021,0.020347355175196348,0.01821247291704122,1,1,-1,0.5,False,Trend,Trend,False
2022-09-20 00:00:00+09:00,215463.421875,220861.2484375,216013.16432291668,46.80851535575948,-1813.3662949650147,0.02234668608538307,0.018223309463055563,1,1,-1,0.5,False,Trend,Trend,False
2022-09-21 00:00:00+09:00,214113.953125,220366.44765625,216071.90598958332,37.096744373147985,-1468.7289846400595,0.02183092122399002,0.018117920122547152,1,1,-1,0.5,False,Trend,Trend,False
2022-09-22 00:00:00+09:00,211864.84375,219804.171875,216093.1625,34.645624710759265,-1309.4828049333705,0.021907514214656493,0.018171861487402283,1,1,-1,0.5,False,Trend,Trend,False
2022-09-23 00:00:00+09:00,212314.6875,219376.8421875,216048.18072916666,36.29030066718752,-1099.5586827727825,0.021856654487151485,0.017970299776672263,1,1,-1,0.5,False,Trend,Trend,False
2022-09-26 00:00:00+09:00,201968.859375,218207.31484375,215905.73828125,33.834570952785896,-1555.3236191924316,0.023667787439328365,0.01890009520242431,1,1,-1,0.5,False,Trend,Trend,False
2022-09-27 00:00:00+09:00,206017.203125,217307.6765625,215883.246875,31.78292173146903,-1482.2902911168944,0.02433407387284336,0.01898718566948796,1,1,-1,0.5,False,Trend,Trend,False
2022-09-28 00:00:00+09:00,205117.59375,216587.9671875,215815.77421875,31.297701017453775,-1394.033352827002,0.02403837825037428,0.018959876332310766,1,1,-1,0.5,False,Trend,Trend,False
2022-09-29 00:00:00+09:00,199218.1875,215123.46796875,215687.46328125,31.27022238965759,-1616.7591972581954,0.022368383793070865,0.019277765297514574,-1,1,-1,-0.19999999999999996,False,MeanReversion,Trend,False
2022-09-30 00:00:00+09:00,191503.5625,213228.25546875,215303.12630208334,29.440119843371534,-2134.8854670549345,0.02335197056169631,0.019300314105426656,-1,1,-1,-0.19999999999999996,False,MeanReversion,Trend,False
2022-10-04 00:00:00+09:00,201941.0,211944.878125,215220.19557291668,34.25697208516608,-1647.71390734315,0.027174108226716114,0.020034962033824173,-1,-1,-1,-1.0,True,Defensive,Trend,False
2022-10-05 00:00:00+09:00,202394.765625,210999.0625,215144.82760416667,39.11687292361614,-1189.3586242152987,0.026719460938506096,0.02003782756545376,-1,-1,-1,-1.0,True,Defensive,Trend,False
2022-10-06 00:00:00+09:00,203302.390625,209806.246875,215069.59296875,42.87117119689983,-741.4175324225589,0.025841782756394645,0.020038376959084565,-1,1,-1,-0.19999999999999996,False,MeanReversion,Trend,False
2022-10-07 00:00:00+09:00,205571.375,208726.88046875,215047.16848958333,48.37147400736451,-234.91705076313247,0.026085212429099277,0.02008555757981395,-1,1,-1,-0.19999999999999996,False,MeanReversion,MeanReversion,False
2022-10-11 00:00:00+09:00,208747.96875,208098.725,215182.6453125,50.80513288420056,340.1926632289451,0.025966688985013562,0.01976841602299165,-1,-1,1,-0.5,True,Defensive,MeanReversion,False
2022-10-12 00:00:00+09:00,214647.375,207967.95703125,215363.96588541666,49.2726861023679,1101.1452782043189,0.026567077288002373,0.0199881211765652,-1,-1,1,-0.5,True,Defensive,Defensive,False
2022-10-13 00:00:00+09:00,215554.96875,207590.1875,215612.89270833333,51.29452295723646,1617.6146848555181,0.02582408939128268,0.019875204203821755,-1,1,1,0.30000000000000004,False,Trend,Defensive,False
2022-10-14 00:00:00+09:00,223269.578125,207980.4953125,215975.40234375,59.329228779255175,2384.4935369153595,0.025840619478346125,0.020350209519026018,-1,1,1,0.30000000000000004,False,Trend,Trend,False
2022-10-17 00:00:00+09:00,224630.984375,208641.29375,216323.11640625,59.92685608355131,2857.241797187289,0.025385112726017157,0.020321244886403404,-1,1,1,0.30000000000000004,False,Trend,Trend,False
2022-10-18 00:00:00+09:00,226899.984375,209617.95859375,216656.16875,73.10216955305273,3172.2607366043003,0.02486755802355912,0.02027221567928057,-1,1,-1,-0.19999999999999996,False,MeanReversion,Trend,False
2022-10-19 00:00:00+09:00,231437.96875,210799.03359375,217034.86614583334,73.34405647585498,3509.4752382359866,0.02509209316434029,0.02038928854931529,-1,1,-1,-0.19999999999999996,False,MeanReversion,MeanReversion,False
2022-10-20 00:00:00+09:00,228715.171875,211461.62109375,217323.20208333334,70.96770968959218,3371.559246040391,0.024277214349820362,0.020409997149397438,-1,1,-1,-0.19999999999999996,False,MeanReversion,MeanReversion,False
2022-10-21 00:00:00+09:00,225992.359375,212055.54140625,217581.15130208334,75.21362943588056,2935.384986658352,0.02442453246280564,0.0204698975979534,-1,1,-1,-0.19999999999999996,False,MeanReversion,MeanReversion,False
2022-10-24 00:00:00+09:00,225084.78125,212716.53828125,217816.47734375,86.2745349557083,2444.286879989368,0.02428109163928283,0.02048048019701693,-1,1,-1,-0.19999999999999996,False,MeanReversion,MeanReversion,False
2022-10-25 00:00:00+09:00,217370.1875,212969.31328125,217908.23307291666,67.70833931102554,1504.5288851597043,0.02572029922958546,0.020994234302666535,-1,1,1,0.30000000000000004,False,Trend,MeanReversion,False
2022-10-26 00:00:00+09:00,215101.171875,213625.92890625,217947.17734375,64.00000688629353,676.9181797926581,0.022956386747224024,0.021035018736196526,-1,1,1,0.30000000000000004,False,Trend,MeanReversion,False
2022-10-27 00:00:00+09:00,225992.359375,214624.68671875,218137.65364583334,70.4917889360895,801.2945288891324,0.0249514365288475,0.02195205836554149,-1,1,-1,-0.19999999999999996,False,MeanReversion,MeanReversion,False
2022-10-28 00:00:00+09:00,224177.1875,215577.66640625,218245.39817708332,66.94217556991245,703.1214236707751,0.025034969511004243,0.021907002417489087,-1,1,1,0.30000000000000004,False,Trend,MeanReversion,False
2022-10-31 00:00:00+09:00,225992.359375,216916.375,218413.38333333333,66.10170777390636,700.682529414853,0.023754580491618646,0.021897616764513617,-1,1,1,0.30000000000000004,False,Trend,MeanReversion,False
2022-11-01 00:00:00+09:00,230984.1875,218890.40625,218724.54166666666,65.51726799105256,959.5056181860577,0.021370407205373136,0.021940596892199783,1,1,1,1.0,False,Trend,Trend,True
2022-11-02 00:00:00+09:00,234614.578125,220524.08515625,219103.70390625,67.21313973798758,1279.4440543590354,0.01882924299965465,0.02201143658871921,1,1,1,1.0,False,Trend,Trend,False
2022-11-03 00:00:00+09:00,234160.796875,222112.38671875,219512.78723958333,61.320793328339676,1357.3582852879217,0.018913652549259617,0.0219570362944327,1,1,1,1.0,False,Trend,Trend,False
2022-11-04 00:00:00+09:00,232345.578125,223564.54609375,219794.15651041668,57.94393004545604,1189.5145856440786,0.019205970956698425,0.02172930159179366,1,1,1,1.0,False,Trend,Trend,False
2022-11-07 00:00:00+09:00,250951.328125,225833.54375,220378.12447916667,68.53145910232425,2176.940594487205,0.024838051568401288,0.023830360261619613,1,1,1,1.0,False,Trend,Trend,False
2022-11-08 00:00:00+09:00,247774.796875,227784.88515625,220819.18645833334,62.857199774620845,2441.648782329861,0.025307933209975823,0.02372944659715184,1,1,1,1.0,False,Trend,Trend,False
2022-11-09 00:00:00+09:00,257304.578125,229917.7453125,221381.59348958332,70.3226392612187,3044.8171687415525,0.025795683379482758,0.02415607955356155,1,1,-1,0.5,False,Trend,Trend,False
2022-11-10 00:00:00+09:00,255035.59375,231891.7765625,221778.73541666666,70.77930948596567,3068.5973546980003,0.026088980635532794,0.023844032324409677,1,1,-1,0.5,False,Trend,Trend,False
2022-11-11 00:00:00+09:00,259119.796875,233684.2875,222206.46197916666,73.29199692981715,3126.433274541915,0.025395395324669997,0.023892943107630498,1,1,-1,0.5,False,Trend,Trend,False
2022-11-14 00:00:00+09:00,267288.15625,235817.14609375,222792.81927083334,83.95069993861829,3456.0983508259214,0.025932232979472832,0.024167670048208793,1,1,-1,0.5,False,Trend,Trend,False
2022-11-15 00:00:00+09:00,264565.375,237700.415625,223333.796875,83.43570217732268,3235.934789880712,0.026270999780750755,0.024220650943317393,1,1,-1,0.5,False,Trend,Trend,False
2022-11-16 00:00:00+09:00,261388.78125,239197.95625,223851.81927083334,76.7124473296762,2646.354025229097,0.02646321635003143,0.02425694031923166,1,1,-1,0.5,False,Trend,Trend,False
2022-11-17 00:00:00+09:00,257758.421875,240650.11875,224324.32942708334,74.66678817196427,1821.1466737797582,0.02654414831590204,0.024334064304475458,1,1,-1,0.5,False,Trend,Trend,False
2022-11-18 00:00:00+09:00,262750.21875,242488.01171875,224970.00026041668,75.796307135869,1437.6069828208747,0.026348590844666085,0.024195471705847054,1,1,-1,0.5,False,Trend,Trend,False
2022-11-21 00:00:00+09:00,261842.546875,244325.9,225615.53671875,72.97301007053586,971.2348988001031,0.0263358765627391,0.024192942928548667,1,1,-1,0.5,False,Trend,Trend,False
2022-11-22 00:00:00+09:00,265473.03125,246731.0421875,226359.06588541667,72.97304779676655,764.7939599455203,0.024384159498877494,0.02417538715988196,1,1,-1,0.5,False,Trend,Trend,False
2022-11-23 00:00:00+09:00,262750.21875,249113.49453125,226982.24609375,70.58827235994198,324.89911808105535,0.0243760585946194,0.024130188927451907,1,1,-1,0.5,False,Trend,Trend,False
2022-11-24 00:00:00+09:00,262750.21875,250951.3875,227627.91692708334,72.4832816514001,-65.23707098092564,0.022613871075592096,0.024106504771642792,1,1,-1,0.5,False,Trend,Trend,False
2022-11-25 00:00:00+09:00,268195.78125,253152.3171875,228439.31692708333,65.83340482655267,-56.062151347619874,0.022478774031812903,0.02402363039296111,1,1,-1,0.5,False,Trend,Trend,False
2022-11-28 00:00:00+09:00,266834.34375,255194.41640625,229078.08645833333,68.1033881436492,-231.3667897974483,0.022697836186301206,0.02355360950474875,1,1,-1,0.5,False,Trend,Trend,False
2022-11-29 00:00:00+09:00,266380.5625,256964.23515625,229694.29895833333,60.41664200873053,-454.6580493270267,0.0225688455183772,0.023559378173870778,1,1,-1,0.5,False,Trend,Trend,False
2022-11-30 00:00:00+09:00,271826.15625,258824.8140625,230431.25911458334,67.96111052425377,-318.80050835157454,0.022684066226690964,0.023629181570297586,1,1,-1,0.5,False,Trend,Trend,False
2022-12-01 00:00:00+09:00,273187.5625,260776.15234375,231295.8671875,65.97932764989832,-224.87402787801147,0.022587290098467026,0.02327646973461739,1,1,-1,0.5,False,Trend,Trend,False
2022-12-02 00:00:00+09:00,267741.96875,262545.971875,231972.25494791666,50.54946468624288,-596.0472093099452,0.023193880966283137,0.023281595841893227,1,1,-1,0.5,False,Trend,Trend,False
2022-12-05 00:00:00+09:00,266380.5625,263317.43359375,232625.95260416667,52.272705930961955,-977.2765198398683,0.01644827043497924,0.023301056490531744,1,1,-1,0.5,False,Trend,Trend,False
2022-12-06 00:00:00+09:00,260027.359375,263930.06171875,233271.22395833334,48.42103126695519,-1661.161550802748,0.017202068047999793,0.023261811657375252,1,1,-1,0.5,False,Trend,Trend,False
2022-12-07 00:00:00+09:00,263203.9375,264225.0296875,234036.91067708333,56.382860652972504,-1886.94044126667,0.01528020786207961,0.023125347055815423,1,1,-1,0.5,False,Trend,Trend,False
2022-12-08 00:00:00+09:00,260027.359375,264474.61796875,234652.19401041666,46.666602904860376,-2214.894446125727,0.015410350899432552,0.023002086055259444,1,1,-1,0.5,False,Trend,Trend,False
2022-12-09 00:00:00+09:00,257758.421875,264406.54921875,235357.11067708334,45.16137631172863,-2526.7262456304215,0.015137785607495137,0.022524014650284325,1,1,-1,0.5,False,Trend,Trend,False
2022-12-12 00:00:00+09:00,256850.734375,263884.678125,236114.37265625,39.080331033019796,-2719.475505860597,0.013228987173757032,0.02235650285547452,1,1,-1,0.5,False,Trend,Trend,False
2022-12-13 00:00:00+09:00,260027.359375,263657.77734375,236992.05052083332,46.59083394990456,-2560.632385938884,0.013447226572618827,0.022187319525279747,1,1,-1,0.5,False,Trend,Trend,False
2022-12-14 00:00:00+09:00,259573.5625,263567.01640625,237854.66875,46.06734487651866,-2415.593636001173,0.01318972037269353,0.022197867025117227,1,1,-1,0.5,False,Trend,Trend,False
2022-12-15 00:00:00+09:00,257304.578125,263544.32421875,238552.02135416667,35.365853146468496,-2397.145767791526,0.012955693566032362,0.021840168079900236,1,1,-1,0.5,False,Trend,Trend,False
2022-12-16 00:00:00+09:00,253220.390625,263067.8328125,239203.7953125,32.954586804361384,-2569.3881222057926,0.012584787229967413,0.021945630385799227,1,1,-1,0.5,False,Trend,Trend,False
2022-12-19 00:00:00+09:00,255489.375,262750.17421875,239930.87083333332,36.95652499352538,-2440.8214428829233,0.012803861301875823,0.02188871862541739,1,1,-1,0.5,False,Trend,Trend,False
2022-12-20 00:00:00+09:00,255035.59375,262228.30234375,240642.8859375,27.16051376920514,-2298.6505821443047,0.012307706635911688,0.021897521169987638,1,1,-1,0.5,False,Trend,Trend,False
2022-12-21 00:00:00+09:00,260934.984375,262137.540625,241625.6546875,35.164838075361146,-1744.7220389566896,0.013323544314028291,0.020905155506787485,1,1,-1,0.5,False,Trend,Trend,False
2022-12-22 00:00:00+09:00,262750.21875,262137.540625,242571.20494791667,43.37355595158684,-1218.4143431329258,0.01342284649579855,0.02080831862579102,1,1,-1,0.5,False,Trend,Trend,False
2022-12-23 00:00:00+09:00,261842.546875,261819.87890625,243516.62083333332,43.902424686495536,-908.0012813510352,0.012535678420190328,0.02080236536301325,1,1,-1,0.5,False,Trend,Trend,False
2022-12-26 00:00:00+09:00,265019.1875,261729.12109375,244613.30416666667,57.33335781787632,-486.4583586030949,0.012838358530140133,0.020361706537075964,1,1,-1,0.5,False,Trend,Trend,False
2022-12-27 00:00:00+09:00,265019.1875,261661.05234375,245838.56458333333,52.94124795437238,-218.97641499804013,0.012834504243979538,0.019528263597177905,1,1,-1,0.5,False,Trend,Trend,False
2022-12-28 00:00:00+09:00,265933.09375,261366.39921875,246905.09947916667,60.32621672851099,-3.256300571799784,0.011941486284586638,0.018499541612793702,1,1,-1,0.5,False,Trend,Trend,False
2022-12-29 00:00:00+09:00,252682.03125,260341.12265625,247743.22057291667,43.586845422542304,-735.2556946479394,0.016248981553097418,0.019847457311920506,1,1,-1,0.5,False,Trend,Trend,False
2023-01-02 00:00:00+09:00,248569.6875,259382.50859375,248497.67552083332,40.32194740342436,-1438.0072210995781,0.01607346535436294,0.020016011022133465,1,1,-1,0.5,False,Trend,Trend,False
2023-01-03 00:00:00+09:00,248569.6875,258491.96484375,249214.3140625,35.53542847652048,-1819.8696742150755,0.01609079440516668,0.019994464081534172,1,1,-1,0.5,False,Trend,Trend,False
2023-01-04 00:00:00+09:00,250854.375,258033.315625,249916.0875,39.47895141706511,-1830.6359421150382,0.015551835973433636,0.019946549502723964,1,1,-1,0.5,False,Trend,Trend,False
2023-01-05 00:00:00+09:00,254509.796875,257598.60859375,250580.46119791668,46.73684602282927,-1516.592469757281,0.015669718121039088,0.01973799873943686,1,1,-1,0.5,False,Trend,Trend,False
2023-01-06 00:00:00+09:00,261363.765625,257665.42890625,251343.94114583332,58.930491802829245,-807.8468123821106,0.01666874602816333,0.01997406526501813,1,1,-1,0.5,False,Trend,Trend,False
2023-01-09 00:00:00+09:00,264105.25,257982.7703125,252024.53567708333,59.351746388811065,-149.47098959938398,0.01667474340159606,0.019554296264264276,1,1,-1,0.5,False,Trend,Trend,False
2023-01-10 00:00:00+09:00,265933.09375,258436.88828125,252712.90416666667,61.4856439331809,384.855112505637,0.01668158023518656,0.019556906480039386,1,1,1,1.0,False,Trend,Trend,False
2023-01-11 00:00:00+09:00,266846.875,258777.8640625,253378.68567708333,56.96269385390601,754.2084997450908,0.016503227873777726,0.019534044885145384,1,1,1,1.0,False,Trend,Trend,False
2023-01-12 00:00:00+09:00,265933.09375,259095.840625,253953.60442708334,53.82993540565683,882.4483075103283,0.01652383646055847,0.019419267988008963,1,1,1,1.0,False,Trend,Trend,False
2023-01-13 00:00:00+09:00,278727.0625,260166.96484375,254787.1359375,65.7979660763214,1725.6255551809977,0.019232696985815978,0.02016337195362291,1,1,1,1.0,False,Trend,Trend,False
2023-01-16 00:00:00+09:00,284210.25,261716.4578125,255757.43411458333,67.2131239439999,2502.2209651818926,0.018924842867245602,0.020168512539844724,1,1,1,1.0,False,Trend,Trend,False
2023-01-17 00:00:00+09:00,279184.0625,262901.1921875,256659.08880208334,61.654184827211715,2519.986926169886,0.01962385934382565,0.020337801680056146,1,1,1,1.0,False,Trend,Trend,False
2023-01-18 00:00:00+09:00,274157.75,263857.3,257605.54817708334,56.33796643916141,2055.450431300509,0.02022980436371246,0.01991214157259592,1,1,1,1.0,False,Trend,Trend,False
2023-01-19 00:00:00+09:00,274614.6875,264541.28515625,258597.44010416666,71.05269315012445,1658.211289342592,0.019716804402517305,0.019825185280503466,1,1,-1,0.5,False,Trend,Trend,False
2023-01-20 00:00:00+09:00,281925.59375,265500.05390625,259529.66067708333,80.16533736973861,1757.6016312053753,0.02040514929364962,0.019142311908980327,1,1,-1,0.5,False,Trend,Trend,False
2023-01-25 00:00:00+09:00,281925.59375,266504.20625,260492.13411458334,80.16533736973861,1692.4886193511238,0.020357441544957923,0.01908664142991936,1,1,-1,0.5,False,Trend,Trend,False
2023-01-26 00:00:00+09:00,286951.71875,267600.8328125,261508.1234375,81.1023626287523,1844.5794556589362,0.020516844001103637,0.019162986056268608,1,1,-1,0.5,False,Trend,Trend,False
2023-01-27 00:00:00+09:00,284667.15625,268583.23125,262402.83958333335,76.61301331235993,1654.0814362489828,0.020675605170273458,0.019078449224370356,1,1,-1,0.5,False,Trend,Trend,False
2023-01-30 00:00:00+09:00,284667.15625,269519.934375,263237.04921875,73.39459298358445,1400.8670355007216,0.020691098001452617,0.01901677386436818,1,1,-1,0.5,False,Trend,Trend,False
2023-01-31 00:00:00+09:00,277356.3125,270753.6484375,263956.9744791667,62.185011109310324,651.8633112508469,0.01776509924910934,0.019378195702088857,1,1,1,1.0,False,Trend,Trend,False
2023-02-01 00:00:00+09:00,277356.3125,272192.9796875,264707.15338541666,60.86960917423882,96.44769727688345,0.017107690469404753,0.01933200776958199,1,1,1,1.0,False,Trend,Trend,False
2023-02-02 00:00:00+09:00,277356.3125,273632.3109375,265147.2364583333,60.17709184445454,-308.73465914726785,0.017107690469404753,0.016708642634980193,1,1,-1,0.5,False,Trend,Trend,False
2023-02-03 00:00:00+09:00,277356.3125,274957.4078125,265640.26171875,61.261274583197014,-597.8097228464158,0.017126695993821956,0.01660308527364546,1,1,-1,0.5,False,Trend,Trend,False
2023-02-06 00:00:00+09:00,273243.90625,275894.11328125,265905.9171875,43.47825117324649,-1060.0388225858442,0.017530568298093806,0.01605852467854042,1,1,-1,0.5,False,Trend,Trend,False
2023-02-07 00:00:00+09:00,272330.0625,276442.428125,266194.1583333333,34.1462743331832,-1400.0258751332385,0.01672047754949551,0.016016901331509927,1,1,-1,0.5,False,Trend,Trend,False
2023-02-08 00:00:00+09:00,272330.0625,276853.66875,266414.3294270833,39.43651253874711,-1584.0609822412562,0.016607666853707778,0.015899076688370106,1,1,-1,0.5,False,Trend,Trend,False
2023-02-09 00:00:00+09:00,279640.90625,277539.059375,266620.20859375,57.89477946847101,-1190.5296427587664,0.017494992262172604,0.015762948801809337,1,1,-1,0.5,False,Trend,Trend,False
2023-02-10 00:00:00+09:00,274157.75,277904.603125,266780.08151041664,49.42527470626985,-1269.3901399781867,0.018188460344440785,0.015923519288323543,1,1,-1,0.5,False,Trend,Trend,False
2023-02-13 00:00:00+09:00,278270.125,278521.4546875,267061.43723958335,44.99992733384456,-1024.945106752063,0.018395071213210823,0.01594033874689691,1,1,-1,0.5,False,Trend,Trend,False
2023-02-14 00:00:00+09:00,280554.71875,278612.8375,267441.37552083336,48.23517105983071,-704.9813152009792,0.015198397518916565,0.015842655177099138,1,1,-1,0.5,False,Trend,Trend,False
2023-02-15 00:00:00+09:00,297461.15625,279275.3828125,268019.89114583336,60.360441402086245,580.2818442108528,0.019643684616265266,0.0173339933850678,1,1,1,1.0,False,Trend,Trend,False
2023-02-16 00:00:00+09:00,300659.6875,280349.1640625,268666.84348958335,65.48672512811262,1527.0711954198641,0.019135062333437616,0.017353796007889777,1,1,1,1.0,False,Trend,Trend,False
2023-02-17 00:00:00+09:00,305229.0,281902.7265625,269329.44296875,68.29269241996691,2296.07901152008,0.01857078778680795,0.017369325613225566,1,1,1,1.0,False,Trend,Trend,False
2023-02-20 00:00:00+09:00,316195.25,283981.7546875,270220.1934895833,82.44269747860552,3316.348523490876,0.019705899970128733,0.017799608036450025,1,1,-1,0.5,False,Trend,Trend,False
2023-02-21 00:00:00+09:00,316195.25,285695.2375,271110.9440104167,82.44269747860552,3733.2206999987266,0.019226789514920115,0.017799608036450025,1,1,-1,0.5,False,Trend,Trend,False
2023-02-22 00:00:00+09:00,303401.28125,286769.021875,271697.70234375,67.92453722920354,2925.0520263367807,0.02190677587149884,0.018547128725211175,1,1,1,1.0,False,Trend,Trend,False
2023-02-23 00:00:00+09:00,302944.34375,287568.653125,272299.53567708336,67.5000010686149,2172.070745657571,0.021680267858393658,0.018529497310187784,1,1,1,1.0,False,Trend,Trend,False
2023-02-24 00:00:00+09:00,294262.65625,288048.428125,272764.23723958334,63.52942075734182,963.3174576398633,0.02271598776425228,0.018957156971772842,1,1,1,1.0,False,Trend,Trend,False
2023-02-27 00:00:00+09:00,291521.0625,288391.1234375,273092.4856770833,62.06894789759537,-90.85273944068285,0.022847982673626175,0.018850328058955923,1,1,-1,0.5,False,Trend,Trend,False
2023-02-28 00:00:00+09:00,290607.25,289053.6703125,273382.8138020833,61.36365402669751,-876.0201051138329,0.021969973966387977,0.018851570636857898,1,1,-1,0.5,False,Trend,Trend,False
2023-03-02 00:00:00+09:00,307970.5625,290584.3828125,274053.2903645833,65.65659321965401,-283.02189095190715,0.025235059869742234,0.02002831481187517,1,1,-1,0.5,False,Trend,Trend,False
2023-03-03 00:00:00+09:00,303401.28125,291886.63125,274670.30234375,66.32657084664669,-256.34396757083414,0.025616741226746453,0.020130366358653118,1,1,-1,0.5,False,Trend,Trend,False
2023-03-06 00:00:00+09:00,301116.65625,293074.6484375,275355.12395833334,63.02088323915863,-439.6374475743378,0.025741883208154397,0.01987528857027664,1,1,-1,0.5,False,Trend,Trend,False
2023-03-07 00:00:00+09:00,306142.78125,294719.5921875,276070.7713541667,64.14144589133363,-277.3713798697481,0.025477225915559933,0.019919879560481406,1,1,-1,0.5,False,Trend,Trend,False
2023-03-08 00:00:00+09:00,300659.6875,296136.0734375,276747.97682291665,52.023144010028645,-577.0631413562614,0.02596011662035977,0.020008372893934135,1,1,-1,0.5,False,Trend,Trend,False
2023-03-09 00:00:00+09:00,294719.5625,297255.5484375,277363.99583333335,46.36867837040229,-1178.4422062548192,0.02653735057213636,0.020165930476977338,1,-1,-1,-0.30000000000000004,True,Defensive,Trend,False
2023-03-10 00:00:00+09:00,292891.84375,297918.0953125,277964.6809895833,42.1964671228474,-1672.2576762573399,0.02607907153620835,0.020181961967237594,1,1,-1,0.5,False,Trend,Trend,False
2023-03-13 00:00:00+09:00,298831.9375,299151.8046875,278611.4239583333,38.27157835721969,-1573.2326856725358,0.02582233019363053,0.020272854832570936,1,1,-1,0.5,False,Trend,Trend,False
2023-03-14 00:00:00+09:00,288779.53125,299677.275,279098.1901041667,33.695634801309694,-2124.836106338359,0.02706800803853018,0.020809513728362303,1,-1,-1,-0.30000000000000004,True,Defensive,Trend,False
2023-03-15 00:00:00+09:00,298375.03125,300568.290625,279782.69765625,46.892631572439704,-1796.5984405365743,0.027911124674474378,0.021138958621150675,1,-1,-1,-0.30000000000000004,True,Defensive,Trend,False
2023-03-16 00:00:00+09:00,295176.5,300454.0578125,280481.9661458333,45.355155313997116,-1746.4905618441644,0.024794315230452828,0.021072269980640646,1,1,-1,0.5,False,Trend,Trend,False
2023-03-17 00:00:00+09:00,293348.78125,300088.5125,281112.95625,49.40474978892269,-1781.873126691832,0.024684604756434313,0.02108534274035583,1,1,-1,0.5,False,Trend,Trend,False
2023-03-20 00:00:00+09:00,291521.0625,299403.115625,281721.04739583336,50.0,-1864.9233835174114,0.024401844516960675,0.021107905949257995,1,1,-1,0.5,False,Trend,Trend,False
2023-03-21 00:00:00+09:00,291521.0625,298169.40625,282230.81536458334,50.609726600944136,-1852.6059161342582,0.022760933734457013,0.020934657106125815,1,1,-1,0.5,False,Trend,Trend,False
2023-03-22 00:00:00+09:00,301573.53125,297438.3203125,282877.87057291664,45.270245603885,-1135.411973939279,0.024290390081804003,0.021331454604053935,1,1,-1,0.5,False,Trend,Trend,False
2023-03-23 00:00:00+09:00,300659.6875,297301.240625,283524.8229166667,47.85712436353191,-711.2682155010307,0.022503359233596577,0.021329578217973013,1,1,-1,0.5,False,Trend,Trend,False
2023-03-24 00:00:00+09:00,294262.65625,296867.15625,284012.2140625,44.96639181579667,-841.3400439839729,0.022991666897396644,0.021508804945472054,1,1,-1,0.5,False,Trend,Trend,False
2023-03-27 00:00:00+09:00,303401.28125,297324.0875,284651.915625,48.101319518871655,-318.5980133312969,0.023089232799185906,0.021826802643721003,1,1,-1,0.5,False,Trend,Trend,False
2023-03-28 00:00:00+09:00,309798.25,298237.946875,285383.0015625,56.249978627729234,411.67214853642645,0.023326910569739248,0.021958373037020546,1,1,1,1.0,False,Trend,Trend,False
2023-03-29 00:00:00+09:00,311626.0,299288.884375,286365.4010416667,62.25168532404782,941.1998037663298,0.023288313170481974,0.0208000637662431,1,1,1,1.0,False,Trend,Trend,False
2023-03-30 00:00:00+09:00,312546.625,299517.6875,287431.68333333335,64.43309496676468,1257.111447145604,0.019437556114002885,0.020635591261207065,1,1,1,1.0,False,Trend,Trend,False
2023-03-31 00:00:00+09:00,338784.0,301286.8234375,288935.2552083333,72.60075591241599,3035.362731541898,0.02601157462838884,0.02288436617299665,1,1,-1,0.5,False,Trend,Trend,False
2023-04-03 00:00:00+09:00,360878.53125,304274.9171875,290768.99114583334,85.89561996416612,5365.656486609518,0.028800025892089937,0.024075970104507044,1,1,-1,0.5,False,Trend,Trend,False
2023-04-04 00:00:00+09:00,337863.34375,305860.9453125,292158.2169270833,67.34250159477463,5028.7756355949,0.0332304550675381,0.025775951911221322,1,1,1,1.0,False,Trend,Trend,False
2023-04-05 00:00:00+09:00,343847.25,308020.3234375,293532.94166666665,70.86477970570269,4877.014083190301,0.03288565788184408,0.025672457758047187,1,1,-1,0.5,False,Trend,Trend,False
2023-04-06 00:00:00+09:00,333720.65625,309970.378125,294693.1984375,66.15745887033111,3809.9871376001774,0.03338115676158131,0.026041609437683397,1,1,1,1.0,False,Trend,Trend,False
2023-04-07 00:00:00+09:00,340164.84375,312334.028125,295930.39427083335,68.77426535451931,3274.0497065057352,0.03336536403380535,0.026113226537318755,1,1,1,1.0,False,Trend,Trend,False
2023-04-10 00:00:00+09:00,366862.46875,315735.5546875,297597.32083333336,74.1097563048824,4384.148463889822,0.03661563360725024,0.027694029418905763,1,-1,-1,-0.30000000000000004,True,Defensive,Trend,False
2023-04-11 00:00:00+09:00,365481.59375,319570.6578125,299256.4625,71.65272179169762,4665.860969303254,0.03527778639664908,0.02769588669837842,1,1,-1,0.5,False,Trend,Trend,False
2023-04-12 00:00:00+09:00,374227.40625,323363.2765625,300848.1348958333,73.66935671171703,5049.216282954361,0.035052971797482034,0.027260914626192963,1,1,-1,0.5,False,Trend,Trend,False
2023-04-13 00:00:00+09:00,360418.21875,326625.3625,302118.2677083333,70.31564526307547,4025.2676279864572,0.036429136545837786,0.02773564818552842,1,-1,-1,-0.30000000000000004,True,Defensive,Trend,False
2023-04-14 00:00:00+09:00,382973.125,331106.5796875,303848.08541666664,72.57542596138654,4484.422300804421,0.03790599754493146,0.028531292686663778,1,-1,-1,-0.30000000000000004,True,Defensive,Defensive,False
2023-04-17 00:00:00+09:00,389877.75,336024.4140625,305776.7520833333,72.65419706770876,4840.10246733293,0.0376329623191144,0.0284086188430659,1,-1,-1,-0.30000000000000004,True,Defensive,Defensive,False
2023-04-18 00:00:00+09:00,381592.1875,340527.9703125,307559.71041666664,69.09547095812796,4131.847624113056,0.03836898417563056,0.02862301114246846,1,-1,1,0.19999999999999996,True,Defensive,Defensive,False
2023-04-19 00:00:00+09:00,379290.65625,344413.8265625,309182.46145833336,68.07978707284587,3166.3363959111957,0.03828873852105341,0.028529095164828044,1,-1,1,0.19999999999999996,True,Defensive,Defensive,False
2023-04-20 00:00:00+09:00,376989.1875,348230.3015625,310766.8546875,61.891110734160826,2082.982810974696,0.038355577504201266,0.028557779114608377,1,-1,1,0.19999999999999996,True,Defensive,Defensive,False
2023-04-21 00:00:00+09:00,364560.96875,351745.2171875,312060.3421875,51.21951421445352,331.54603866617254,0.03898565570525079,0.02893034946673542,1,-1,1,0.19999999999999996,True,Defensive,Defensive,False
2023-04-24 00:00:00+09:00,366862.46875,354918.2765625,313430.2640625,61.13073442033992,-807.558544019179,0.03871137899300169,0.028888814952665435,1,-1,-1,-0.30000000000000004,True,Defensive,Defensive,False
2023-04-25 00:00:00+09:00,349371.0,356896.9140625,314508.6614583333,51.948088875879094,-2764.4518649560887,0.04072061654067296,0.029687392135087105,1,-1,-1,-0.30000000000000004,True,Defensive,Defensive,False
2023-04-26 00:00:00+09:00,342006.03125,358415.915625,315586.15677083336,52.980094785025216,-4478.785424691134,0.04117640317988411,0.029614365310801614,1,-1,-1,-0.30000000000000004,True,Defensive,Defensive,False
2023-04-27 00:00:00+09:00,356275.53125,360602.3609375,316901.47708333336,55.48589935455751,-4560.349715755812,0.04195978586687696,0.030000323073267172,1,-1,-1,-0.30000000000000004,True,Defensive,Defensive,False
2023-04-28 00:00:00+09:00,347069.4375,361016.6328125,318063.3625,42.34878763623555,-5102.013716690404,0.03870781746075991,0.030251376650097295,1,1,-1,0.5,False,Trend,Defensive,False
2023-05-02 00:00:00+09:00,351672.46875,360556.3296875,319301.96510416665,44.79167747088049,-5010.769762014728,0.03601567933917833,0.03027160261376506,1,1,-1,0.5,False,Trend,Defensive,False
2023-05-03 00:00:00+09:00,349831.21875,361154.7234375,320578.4203125,40.29303500972092,-4927.452937601733,0.03268913828906461,0.030194847259304682,1,1,-1,0.5,False,Trend,Defensive,False
2023-05-04 00:00:00+09:00,348910.6875,361407.8953125,321854.7640625,44.89799763854302,-4783.483508849391,0.03248614571502371,0.03019199012137078,1,1,-1,0.5,False,Trend,Trend,False
2023-05-08 00:00:00+09:00,338323.59375,361638.0421875,322954.65625,27.853918648256453,-5215.040227468258,0.03253240632749028,0.030523668127560657,1,1,-1,0.5,False,Trend,Trend,False
2023-05-09 00:00:00+09:00,342466.34375,361753.1171875,324001.746875,25.821601631139274,-5032.792321064756,0.032361622675067286,0.030397494249555186,1,1,-1,0.5,False,Trend,Trend,False
2023-05-10 00:00:00+09:00,336942.75,360257.13125,325048.16354166664,26.570092513879715,-5080.790027527382,0.02723600203998615,0.03035512056100684,1,1,-1,0.5,False,Trend,Trend,False
2023-05-11 00:00:00+09:00,333720.65625,358669.084375,325972.3390625,26.315845891881594,-5112.128602963322,0.027261826124788544,0.030363227099968058,1,1,-1,0.5,False,Trend,Trend,False
2023-05-12 00:00:00+09:00,334641.15625,356689.771875,326873.7796875,27.66986243718945,-4855.360507469697,0.026514681113161034,0.030355713711419922,1,1,-1,0.5,False,Trend,Trend,False
2023-05-15 00:00:00+09:00,338784.0,355608.0609375,327562.49375,35.10642638951231,-4214.764141168736,0.025678881221276345,0.029495776607203997,1,1,-1,0.5,False,Trend,Trend,False
2023-05-16 00:00:00+09:00,341085.46875,353513.678125,328236.25677083334,35.10640295537685,-3475.0787214471493,0.021039834984365596,0.029480892445736824,1,1,-1,0.5,False,Trend,Trend,False
2023-05-17 00:00:00+09:00,340625.125,351051.046875,328826.1921875,43.70855240145419,-2880.3937489996197,0.02032923393178095,0.029434553001391306,1,1,-1,0.5,False,Trend,Trend,False
2023-05-18 00:00:00+09:00,343387.03125,349140.7890625,329279.3885416667,51.06389535152458,-2195.565149469804,0.020276448087450064,0.029118020353290596,1,1,-1,0.5,False,Trend,Trend,False
2023-05-19 00:00:00+09:00,335561.84375,346954.3484375,329602.16510416666,32.28348224547463,-2160.7755703208804,0.020663375813191318,0.029288053010895855,1,1,-1,0.5,False,Trend,Trend,False
2023-05-22 00:00:00+09:00,339704.5,345090.1140625,330207.21875,43.10337764126959,-1766.556909359606,0.021068862182456384,0.028789175274256538,1,1,-1,0.5,False,Trend,Trend,False
2023-05-23 00:00:00+09:00,347069.4375,344215.5375,330942.63697916665,45.901652115797795,-958.0558547672524,0.020763962982684882,0.028895689617859162,1,1,-1,0.5,False,Trend,Trend,False
2023-05-24 00:00:00+09:00,341545.75,342949.7015625,331730.68854166666,43.07693432494267,-752.6119173311023,0.020868901132361246,0.028704437472897457,1,1,-1,0.5,False,Trend,Trend,False
2023-05-25 00:00:00+09:00,336022.125,342282.2578125,332472.3729166667,39.99998060291946,-934.202865049744,0.018258001220249013,0.02876693274842966,1,1,-1,0.5,False,Trend,Trend,False
2023-05-26 00:00:00+09:00,331879.375,341775.925,333160.24166666664,44.44448036501042,-1258.6070293040761,0.017865578550533553,0.0288218179417715,1,1,-1,0.5,False,Trend,Trend,False
2023-05-30 00:00:00+09:00,334180.90625,340671.19375,333597.0807291667,42.62298639754083,-1241.3903542196324,0.01501147045925545,0.027884135625152507,1,1,-1,0.5,False,Trend,Trend,False
2023-05-31 00:00:00+09:00,331419.0625,339888.675,334064.04375,44.82755997125219,-1331.258265698315,0.014074115061143921,0.02783138318113894,1,1,-1,0.5,False,Trend,Trend,False
2023-06-01 00:00:00+09:00,332339.6875,338922.0359375,334584.4276041667,48.648597404900904,-1245.4929374622536,0.013657916164880414,0.027806513732297672,1,1,-1,0.5,False,Trend,Trend,False
2023-06-02 00:00:00+09:00,346609.15625,338760.9328125,335258.8671875,59.28574338125045,-199.4093042470704,0.01692029086191102,0.028229578279092775,1,1,-1,0.5,False,Trend,Trend,False
2023-06-05 00:00:00+09:00,356735.75,339152.1859375,336193.46822916664,62.745002333989454,1129.811695599597,0.018124813005215058,0.028311147589682468,1,1,1,1.0,False,Trend,Trend,False
2023-06-07 00:00:00+09:00,357656.4375,340118.828125,337242.4161458333,61.99997555971643,1976.7432507319518,0.01649410643533834,0.02815251658678047,1,1,1,1.0,False,Trend,Trend,False
2023-06-08 00:00:00+09:00,357196.09375,340855.315625,338314.1536458333,61.99997555971643,2384.3479880517743,0.0163647950307115,0.02813165657552178,1,1,1,1.0,False,Trend,Trend,False
2023-06-09 00:00:00+09:00,362719.71875,342144.1640625,339378.95,63.461456444786016,2871.6723678905087,0.016020325143640837,0.02809044529619451,1,1,1,1.0,False,Trend,Trend,False
2023-06-12 00:00:00+09:00,360418.21875,343479.0421875,340572.928125,68.74994106786907,2877.4908071902328,0.015894585910189368,0.02768838839834775,1,1,1,1.0,False,Trend,Trend,False
2023-06-13 00:00:00+09:00,358577.0625,344675.8375,341576.2953125,64.74825098318092,2604.025318149699,0.016020175231560803,0.027446518309175792,1,1,1,1.0,False,Trend,Trend,False
2023-06-14 00:00:00+09:00,360418.21875,345757.5484375,342663.65729166666,61.41729589586647,2398.9070670263754,0.01589133684044219,0.027387310931238383,1,1,1,1.0,False,Trend,Trend,False
2023-06-15 00:00:00+09:00,355354.90625,346471.0203125,343697.09270833334,61.904810654206514,1801.2855182074127,0.016319342138285623,0.027453255288051752,1,1,1,1.0,False,Trend,Trend,False
2023-06-16 00:00:00+09:00,361799.1875,347529.7234375,344868.39479166665,71.87504640915157,1719.26107078637,0.016675566633288293,0.027490068972907268,1,1,-1,0.5,False,Trend,Trend,False
2023-06-19 00:00:00+09:00,361338.875,348427.315625,346032.025,76.6667270133053,1520.149168332508,0.01665727268220976,0.027493385561177523,1,1,-1,0.5,False,Trend,Trend,False
2023-06-20 00:00:00+09:00,355354.90625,349416.96875,346928.38125,67.96877486204548,902.1153273124191,0.01619764898479049,0.02732302023321986,1,1,1,1.0,False,Trend,Trend,False
2023-06-21 00:00:00+09:00,352132.78125,350038.3828125,347786.26614583336,67.4419106452022,228.10599890876074,0.016249699643998847,0.02735599166091507,1,1,1,1.0,False,Trend,Trend,False
2023-06-22 00:00:00+09:00,364560.96875,350912.959375,348957.9046875,72.7273047886703,552.5914842346756,0.01732614820024742,0.027477141962733254,1,1,-1,0.5,False,Trend,Trend,False
2023-06-23 00:00:00+09:00,360878.53125,351879.5984375,349915.85885416664,61.83204722246695,456.50219150689054,0.017042823218119167,0.02730106813390527,1,1,1,1.0,False,Trend,Trend,False
2023-06-26 00:00:00+09:00,368243.40625,353490.6625,350889.94479166664,60.00005431196248,805.8151496655628,0.016848176045289154,0.027293811236793027,1,1,1,1.0,False,Trend,Trend,False
2023-06-27 00:00:00+09:00,371465.53125,355469.9703125,351887.2703125,61.53846153846154,1149.7688048190785,0.016383078355978156,0.02730152933408285,1,1,1,1.0,False,Trend,Trend,False
2023-06-28 00:00:00+09:00,358577.0625,356689.778125,352654.44427083334,50.95545587770441,441.5717221953346,0.018758243182778446,0.02774427265928138,1,1,1,1.0,False,Trend,Trend,False
2023-06-29 00:00:00+09:00,359040.28125,358070.8390625,352992.0489583333,47.262613524979685,-37.90112501096701,0.01856168703129953,0.02576858312254291,1,1,-1,0.5,False,Trend,Trend,False
2023-06-30 00:00:00+09:00,359503.53125,359429.03125,352969.13229166664,49.30036466131626,-348.790915008115,0.018569825266374258,0.024440606517809625,1,1,-1,0.5,False,Trend,Trend,False
2023-07-03 00:00:00+09:00,372475.375,360722.3421875,353545.99947916664,59.08391632958685,261.34544158735844,0.017904224778447844,0.023288407995551926,1,1,1,1.0,False,Trend,Trend,False
2023-07-04 00:00:00+09:00,372938.625,361532.4859375,354030.85572916665,58.33341999831108,617.913897714835,0.01689482657097959,0.023194306870710002,1,1,1,1.0,False,Trend,Trend,False
2023-07-05 00:00:00+09:00,373401.9375,362319.7609375,354692.21041666664,62.795382446792715,795.4546364238677,0.016895983453342464,0.02282879082319816,1,1,1,1.0,False,Trend,Trend,False
2023-07-06 00:00:00+09:00,365062.875,362713.1,355107.1776041667,52.25341622197308,287.9172807356026,0.017772758785378966,0.022929366773962626,1,1,1,1.0,False,Trend,Trend,False
2023-07-07 00:00:00+09:00,370622.21875,363108.225,355169.84010416665,55.98805883503091,263.8997904395519,0.017763044270264493,0.02083861977194008,1,1,1,1.0,False,Trend,Trend,False
2023-07-10 00:00:00+09:00,367842.59375,363479.44375,355209.1901041667,58.402300126663405,11.427235685918276,0.017790570071263726,0.02085630003520391,1,1,1,1.0,False,Trend,Trend,False
2023-07-11 00:00:00+09:00,365526.21875,363826.9015625,355064.1703125,59.122926965498095,-341.4640112664174,0.017814284472794272,0.02064070651438936,1,1,-1,0.5,False,Trend,Trend,False
2023-07-12 00:00:00+09:00,386836.96875,365147.8390625,355504.4828125,63.53539818639882,769.8095790155248,0.021743216155602235,0.021336456913201844,1,1,1,1.0,False,Trend,Trend,False
2023-07-13 00:00:00+09:00,399808.75,367370.53125,355785.0765625,71.2553911945273,2206.61046977359,0.022273216621268264,0.020300867491154524,1,1,-1,0.5,False,Trend,Trend,False
2023-07-14 00:00:00+09:00,414170.3125,369989.0875,356189.95260416664,73.29565646609922,3855.7893700444165,0.02308923798293229,0.02067157065674916,1,1,-1,0.5,False,Trend,Trend,False
2023-07-17 00:00:00+09:00,442893.59375,374066.8234375,357211.6427083333,78.78419929055079,6459.373224252035,0.026622544413837105,0.02214631203548716,1,1,-1,0.5,False,Trend,Trend,False
2023-07-18 00:00:00+09:00,452159.09375,378907.0328125,358426.11666666664,88.84614197182543,8268.203085209627,0.025940300148916347,0.022240740054051446,1,1,-1,0.5,False,Trend,Trend,False
2023-07-19 00:00:00+09:00,462814.5,384441.11875,359856.53854166664,89.71630756115303,9553.93035236446,0.025558559203587537,0.022361964350095926,1,1,-1,0.5,False,Trend,Trend,False
2023-07-20 00:00:00+09:00,460961.4375,389261.1421875,361463.2130208333,88.4210832755634,9624.350506601455,0.025347446313625267,0.021854462327300872,1,1,-1,0.5,False,Trend,Trend,False
2023-07-21 00:00:00+09:00,510532.09375,396743.8203125,363857.70677083335,90.93408298903591,12189.15391985514,0.03184802451484005,0.025267900108860198,1,1,-1,0.5,False,Trend,Trend,False
2023-07-24 00:00:00+09:00,594848.75,408074.0875,367949.0026041667,93.94497029790222,18372.564202179674,0.043977323975299173,0.030738703928304724,1,-1,-1,-0.30000000000000004,True,Defensive,Trend,False
2023-07-25 00:00:00+09:00,609673.5625,419984.4890625,372410.128125,94.27084626399966,22023.220668661226,0.04383029329563546,0.030545731433970633,1,-1,-1,-0.30000000000000004,True,Defensive,Defensive,False
2023-07-26 00:00:00+09:00,583730.0,431242.1359375,376201.0359375,88.43650892350608,21243.084841685086,0.04445362482353512,0.031021201106096685,1,-1,-1,-0.30000000000000004,True,Defensive,Defensive,False
2023-07-27 00:00:00+09:00,550374.0625,440808.825,379589.44635416666,78.78341671865009,17205.252509815204,0.04798918595725688,0.03190907388087546,1,-1,-1,-0.30000000000000004,True,Defensive,Defensive,False
2023-07-28 00:00:00+09:00,573537.9375,451510.5453125,383287.20416666666,80.91924260045059,14904.977106213046,0.04794102909882309,0.03219509150747904,1,-1,-1,-0.30000000000000004,True,Defensive,Defensive,False
2023-07-31 00:00:00+09:00,594848.75,462629.2140625,387370.8296875,82.60871651787203,13662.123383409104,0.04795534182247207,0.03235107486163329,1,-1,-1,-0.30000000000000004,True,Defensive,Defensive,False
2023-08-01 00:00:00+09:00,575391.0,472751.8328125,391145.5015625,76.95364399346758,10514.300371626523,0.04939351063376673,0.03277408125227942,1,-1,-1,-0.30000000000000004,True,Defensive,Defensive,False
2023-08-02 00:00:00+09:00,542035.0,481183.4859375,394540.69166666665,69.21151424506571,5426.57553518346,0.052504221730018244,0.0335623090518162,1,-1,1,0.19999999999999996,True,Defensive,Defensive,False
2023-08-03 00:00:00+09:00,548520.875,490356.3859375,397974.93385416665,68.54220222405435,1919.9118814671674,0.05163846360983542,0.033561726905144085,1,-1,1,0.19999999999999996,True,Defensive,Defensive,False
2023-08-04 00:00:00+09:00,550374.0625,499343.978125,401532.1223958333,66.02210390005087,-711.9713109297154,0.05176779296140239,0.033418065485139224,1,-1,-1,-0.30000000000000004,True,Defensive,Defensive,False
2023-08-07 00:00:00+09:00,519797.71875,506941.734375,404633.40677083336,59.480527922239595,-4725.5455880015,0.054274105891699544,0.034396507618980846,1,-1,-1,-0.30000000000000004,True,Defensive,Defensive,False
2023-08-08 00:00:00+09:00,553153.75,516323.1109375,408275.2833333333,61.90477092531404,-5303.953584332354,0.0548647000692434,0.035109498927607376,1,-1,-1,-0.30000000000000004,True,Defensive,Defensive,False
2023-08-09 00:00:00+09:00,553153.75,524638.95,411848.1125,62.208589962430956,-5815.5600086890045,0.0543713822636705,0.035122099487810206,1,-1,-1,-0.30000000000000004,True,Defensive,Defensive,False
2023-08-10 00:00:00+09:00,554080.25,532352.525,415398.0255208333,56.619722725620925,-6186.095344585701,0.05436443049040755,0.035131707378493665,1,-1,-1,-0.30000000000000004,True,Defensive,Defensive,False
2023-08-11 00:00:00+09:00,534622.625,538375.140625,418631.3171875,38.59648769861397,-7735.553854506965,0.05537084607682702,0.0355662857673547,1,-1,-1,-0.30000000000000004,True,Defensive,Defensive,False
2023-08-14 00:00:00+09:00,534622.625,542961.5921875,421818.57708333334,34.944253812035214,-8683.342332004599,0.05392178044492949,0.035579398341406235,1,-1,-1,-0.30000000000000004,True,Defensive,Defensive,False
2023-08-16 00:00:00+09:00,505899.375,545648.60625,424657.5359375,34.55883647610797,-11017.590669944395,0.05572748488955903,0.03628125638931676,1,-1,-1,-0.30000000000000004,True,Defensive,Defensive,False
2023-08-17 00:00:00+09:00,512385.3125,548127.146875,427535.5494791667,41.56379920226535,-11826.400624246642,0.05560111838838751,0.0362824968224555,1,-1,-1,-0.30000000000000004,True,Defensive,Defensive,False
2023-08-18 00:00:00+09:00,508679.0625,550513.028125,430229.04322916665,34.234255175047835,-12260.18303422189,0.05563382502163185,0.03627600816972314,1,-1,-1,-0.30000000000000004,True,Defensive,Defensive,False
2023-08-21 00:00:00+09:00,510532.09375,550513.028125,433045.4822916667,27.36317097312927,-12053.442075186096,0.050717635227313464,0.0361586857535888,1,-1,-1,-0.30000000000000004,True,Defensive,Defensive,False
2023-08-22 00:00:00+09:00,518871.09375,546714.1453125,436092.96510416665,33.862431785237504,-11014.679574280446,0.03615599801285495,0.036051534765309555,1,1,-1,0.5,False,Trend,Defensive,False
2023-08-23 00:00:00+09:00,510532.09375,541757.071875,439070.5104166667,39.50616924113077,-10548.12205099826,0.03543214484650412,0.03608991344616488,1,1,-1,0.5,False,Trend,Defensive,False
2023-08-24 00:00:00+09:00,536475.75,539394.359375,442442.0911458333,46.448119155592956,-8252.788903399225,0.03673359813161424,0.03650236313160414,1,1,-1,0.5,False,Trend,Trend,False
2023-08-25 00:00:00+09:00,534622.625,538606.7875,445828.8171875,45.35519558739619,-6686.655645952302,0.03441367931339439,0.03647132534135934,1,1,-1,0.5,False,Trend,Trend,False
2023-08-28 00:00:00+09:00,549447.3125,537402.25625,449447.27760416665,59.638502443893664,-4580.090773843582,0.0336392284605744,0.03654991976475488,1,1,-1,0.5,False,Trend,Trend,False
2023-08-29 00:00:00+09:00,540181.875,534668.9125,452673.4895833333,44.99995181837454,-3772.1599923392787,0.03251395385881397,0.03642293815270948,1,1,-1,0.5,False,Trend,Trend,False
2023-08-30 00:00:00+09:00,537402.125,532769.46875,455684.5958333333,44.055867197243714,-3398.042026558018,0.03182017452225094,0.03634848459632287,1,1,-1,0.5,False,Trend,Trend,False
2023-08-31 00:00:00+09:00,536475.75,532491.50625,458664.91770833335,43.35664830463302,-3189.418523478136,0.028930486870507997,0.03636125747098321,1,1,-1,0.5,False,Trend,Trend,False
2023-09-01 00:00:00+09:00,518871.09375,531009.0171875,461359.50104166666,43.97158981230743,-4152.559748125301,0.029669405317438596,0.036715656583704,1,1,-1,0.5,False,Trend,Trend,False
2023-09-04 00:00:00+09:00,546667.8125,530823.7046875,464425.3026041667,53.80116163205991,-2892.776738493083,0.032109437346773975,0.037175963137952565,1,1,-1,0.5,False,Trend,Trend,False
2023-09-05 00:00:00+09:00,553153.75,532491.50625,467637.56145833334,67.3469673379505,-1659.1588412397723,0.029263049873205577,0.03714056389928369,1,1,-1,0.5,False,Trend,Trend,False
2023-09-06 00:00:00+09:00,537402.125,531703.925,470617.9791666667,58.598660026087984,-1921.9767472908043,0.026545000711780137,0.03739940156787599,1,1,-1,0.5,False,Trend,Trend,False
2023-09-07 00:00:00+09:00,526283.5,530360.4125,473382.4005208333,55.75753871663779,-2808.9064649023985,0.02689447055148424,0.03756910008215504,1,1,-1,0.5,False,Trend,Trend,False
2023-09-08 00:00:00+09:00,540181.875,529665.49375,476462.85,58.98876074504947,-2437.594491822698,0.027636056376102756,0.03755665600650367,1,1,-1,0.5,False,Trend,Trend,False
2023-09-11 00:00:00+09:00,528136.6875,529341.196875,479235.14166666666,52.747263336595466,-2947.207569338796,0.026917697863950017,0.03771963783986931,1,1,-1,0.5,False,Trend,Trend,False
2023-09-12 00:00:00+09:00,505899.375,527905.034375,481644.48333333334,48.73098080519335,-4625.972967223317,0.028536354373187925,0.03824312697867795,1,1,-1,0.5,False,Trend,Trend,False
2023-09-13 00:00:00+09:00,490147.90625,527117.4609375,483891.0333333333,36.55911658271466,-6525.081808943204,0.026680842941916378,0.0384388299252914,1,1,-1,0.5,False,Trend,Trend,False
2023-09-14 00:00:00+09:00,512385.3125,527117.4609375,486561.9088541667,44.23077484363128,-6023.50999399346,0.028453000000250105,0.038716667704986295,1,1,-1,0.5,False,Trend,Trend,False
2023-09-15 00:00:00+09:00,541108.5,528738.9328125,489504.36770833336,47.982109848506624,-3615.895070589532,0.030875931858276896,0.03904730989251437,1,1,-1,0.5,False,Trend,Trend,False
2023-09-18 00:00:00+09:00,558712.9375,531147.975,492801.6078125,54.310330039422844,-841.151698964025,0.03154718897507039,0.039120426053657155,1,1,-1,0.5,False,Trend,Trend,False
2023-09-19 00:00:00+09:00,549447.3125,532676.7859375,495821.67291666666,52.71965547051198,305.37657844501973,0.03176322905170394,0.03920412405450106,1,1,1,1.0,False,Trend,Trend,False
2023-09-20 00:00:00+09:00,550374.0625,534668.884375,498803.4817708333,53.1380630324877,1021.0258179774019,0.031448430961718316,0.03920841422879668,1,1,1,1.0,False,Trend,Trend,False
2023-09-21 00:00:00+09:00,534622.625,534576.228125,501737.57447916665,53.5865106800032,362.4028210577726,0.030313265008235026,0.039103072989967645,1,1,1,1.0,False,Trend,Trend,False
2023-09-22 00:00:00+09:00,527210.125,534205.603125,504540.40520833334,45.11628439604211,-591.7157631352038,0.030463784340988783,0.039188037866999106,1,1,-1,0.5,False,Trend,Trend,False
2023-09-25 00:00:00+09:00,499413.4375,531703.909375,506872.2369791667,37.81512783668194,-2980.551369096037,0.031931223328156864,0.039957069563898655,1,1,-1,0.5,False,Trend,Trend,False
2023-09-26 00:00:00+09:00,496155.375,529502.584375,508933.5703125,40.086205731045204,-4570.6220991136515,0.03180572126374771,0.03979067049461071,1,1,-1,0.5,False,Trend,Trend,False
2023-09-27 00:00:00+09:00,498017.15625,527533.3359375,511018.2125,42.889693454140755,-5239.534504860314,0.03185462379844489,0.03978821307245576,1,1,-1,0.5,False,Trend,Trend,False
2023-10-04 00:00:00+09:00,475676.1875,524493.3578125,512722.7833333333,34.43491820757946,-6828.638229099215,0.03320545243171363,0.040321890747306154,1,1,-1,0.5,False,Trend,Trend,False
2023-10-05 00:00:00+09:00,475676.1875,522333.6125,514566.3385416667,36.56014285156157,-7469.88432074268,0.03259143523219358,0.04017431557294613,1,1,-1,0.5,False,Trend,Trend,False
2023-10-06 00:00:00+09:00,478468.84375,518923.6640625,516363.78229166666,42.194949970078966,-7288.170256506277,0.02989692089602035,0.04015028337016922,1,1,-1,0.5,False,Trend,Trend,False
2023-10-10 00:00:00+09:00,458920.4375,514211.9984375,517881.74635416665,41.302505275790274,-8009.3096631621265,0.030545469061674636,0.0405608233598473,-1,1,-1,-0.19999999999999996,False,MeanReversion,Trend,False
2023-10-11 00:00:00+09:00,471952.6875,510939.5265625,519655.5208333333,38.13002837393708,-7161.060610511127,0.03126934310864876,0.04065921682499945,-1,1,-1,-0.19999999999999996,False,MeanReversion,Trend,False
2023-10-12 00:00:00+09:00,482192.28125,508734.965625,521244.7760416667,30.598112994347957,-5535.515184734451,0.03167415309074257,0.04014087235575321,-1,1,-1,-0.19999999999999996,False,MeanReversion,MeanReversion,True
2023-10-13 00:00:00+09:00,476607.03125,505556.2234375,522524.7473958333,20.63702521891568,-4505.277227900293,0.03087918868957268,0.04000181459906402,-1,1,-1,-0.19999999999999996,False,MeanReversion,MeanReversion,True
2023-10-16 00:00:00+09:00,471952.6875,502747.0234375,523487.7869791667,21.340890925573134,-3832.4965354272717,0.03065607701734474,0.03980666912379575,-1,1,-1,-0.19999999999999996,False,MeanReversion,MeanReversion,True
2023-10-17 00:00:00+09:00,468229.28125,500863.51875,523910.0484375,20.236825210630187,-3350.886115525929,0.02938090776808556,0.038902118837803194,-1,1,-1,-0.19999999999999996,False,MeanReversion,MeanReversion,True
2023-10-18 00:00:00+09:00,465436.625,499627.9546875,524131.340625,22.334134919377362,-2947.30869505342,0.028656205027897806,0.03882464685627795,-1,1,-1,-0.19999999999999996,False,MeanReversion,MeanReversion,True
2023-10-19 00:00:00+09:00,444026.46875,496210.0125,523818.20677083335,20.08561618049613,-3795.204885563744,0.02806003462778621,0.0391854093344004,-1,1,-1,-0.19999999999999996,False,MeanReversion,MeanReversion,True
2023-10-20 00:00:00+09:00,421685.5625,490238.865625,523163.60885416664,20.905966302139106,-5433.800621949871,0.02571736053555903,0.03973208914448753,-1,1,-1,-0.19999999999999996,False,MeanReversion,MeanReversion,True
2023-10-23 00:00:00+09:00,421685.5625,483387.496875,521682.8333333333,21.42861596099671,-6043.9644439359945,0.023721680060371845,0.03733272878864113,-1,1,-1,-0.19999999999999996,False,MeanReversion,MeanReversion,True
2023-10-24 00:00:00+09:00,441233.875,477976.825,519122.58541666664,30.8176133826406,-4716.238217353246,0.02716287632898809,0.03190062574573064,-1,1,-1,-0.19999999999999996,False,MeanReversion,MeanReversion,True
2023-10-25 00:00:00+09:00,414704.0,471193.321875,515873.09270833334,29.96942712300809,-5173.334672565623,0.029254857729096202,0.03249327078677528,-1,1,-1,-0.19999999999999996,False,MeanReversion,MeanReversion,True
2023-10-26 00:00:00+09:00,392363.03125,464080.3421875,512683.6432291667,26.13333963565762,-6446.044368464445,0.030525564790933917,0.032758370563024095,-1,1,-1,-0.19999999999999996,False,MeanReversion,MeanReversion,True
2023-10-27 00:00:00+09:00,393759.375,457407.8046875,510073.3984375,25.53763979410742,-6633.695429182986,0.030820865143685337,0.032055374595638446,-1,1,-1,-0.19999999999999996,False,MeanReversion,MeanReversion,True
2023-10-30 00:00:00+09:00,403068.09375,452590.5375,507232.234375,32.85715464112127,-5611.346958276881,0.03045527143292319,0.03169424170650239,-1,1,-1,-0.19999999999999996,False,MeanReversion,MeanReversion,True
2023-10-31 00:00:00+09:00,383054.3125,446935.484375,503702.32708333334,23.83561386811394,-5742.6914712473335,0.03172586613930134,0.03172301186679519,-1,1,-1,-0.19999999999999996,False,MeanReversion,MeanReversion,True
2023-11-01 00:00:00+09:00,374676.4375,440768.4484375,500357.084375,18.005539805565576,-5834.597990591388,0.03153663845511896,0.031601064708994715,-1,1,-1,-0.19999999999999996,False,MeanReversion,MeanReversion,True
2023-11-02 00:00:00+09:00,397948.28125,436882.053125,497955.6390625,28.822062855667824,-3863.858307809627,0.03470075620528856,0.0320115244378705,-1,1,-1,-0.19999999999999996,False,MeanReversion,MeanReversion,True
2023-11-03 00:00:00+09:00,407722.375,433484.3625,495608.9973958333,33.17070949996774,-1556.1897334302303,0.035445248143687776,0.03216263301529043,-1,1,-1,-0.19999999999999996,False,MeanReversion,MeanReversion,True
2023-11-06 00:00:00+09:00,485915.8125,433856.7109375,494534.6932291667,53.33332076889199,5211.597092144697,0.054190304425365744,0.03970454015203731,-1,-1,1,-0.5,True,Defensive,MeanReversion,False
2023-11-07 00:00:00+09:00,432390.53125,432530.215625,493077.90677083336,44.771710423334845,6002.261866433997,0.059608406874324275,0.04179398295136867,-1,-1,-1,-1.0,True,Defensive,Defensive,False
2023-11-08 00:00:00+09:00,424943.59375,430179.7609375,490941.07083333336,46.841298762242154,5932.066262880191,0.05922954887839771,0.0409416874656492,-1,-1,1,-0.5,True,Defensive,Defensive,False
2023-11-09 00:00:00+09:00,428667.125,427503.503125,488866.29375,51.231528994429375,6025.332662088818,0.05899521104453833,0.040973039643010876,-1,-1,1,-0.5,True,Defensive,Defensive,False
2023-11-10 00:00:00+09:00,416565.6875,424501.4359375,486574.384375,49.13384659532709,5192.519211532846,0.059204503233539145,0.041085474432024524,-1,-1,1,-0.5,True,Defensive,Defensive,False
2023-11-13 00:00:00+09:00,420754.65625,421941.534375,484676.58489583334,46.345516858407585,4850.695177423542,0.05931597925684948,0.04092475544430496,-1,-1,1,-0.5,True,Defensive,Defensive,False
2023-11-14 00:00:00+09:00,438906.6875,420475.4046875,483081.31927083334,54.45204739248441,5714.567091188725,0.060271625943325864,0.041355575558551703,-1,-1,1,-0.5,True,Defensive,Defensive,False
2023-11-15 00:00:00+09:00,441233.875,419265.2671875,482003.5609375,59.7042412009362,6265.93106092581,0.06029725669745745,0.0408017047462373,-1,-1,1,-0.5,True,Defensive,Defensive,False
2023-11-16 00:00:00+09:00,434717.78125,418799.8328125,480709.10208333336,57.97100497367931,6013.8788210388175,0.05947280801734682,0.040785180559858816,-1,-1,1,-0.5,True,Defensive,Defensive,False
2023-11-17 00:00:00+09:00,431459.75,419288.5421875,479422.11354166665,55.65862720275162,5465.688951635502,0.05830545874614165,0.040785689098755816,-1,-1,1,-0.5,True,Defensive,Defensive,False
2023-11-20 00:00:00+09:00,439372.15625,420172.871875,478236.1145833333,61.79336657935691,5461.036586340799,0.0584281351955294,0.04086732334799467,-1,-1,1,-0.5,True,Defensive,Defensive,False
2023-11-21 00:00:00+09:00,441233.875,420172.871875,476942.1609375,64.32864968375006,5398.719335451437,0.05754262291433704,0.0408036270084643,-1,-1,1,-0.5,True,Defensive,Defensive,False
2023-11-22 00:00:00+09:00,439372.15625,421406.2796875,475756.1619791667,59.82339929675119,5053.59976865645,0.055685966659416254,0.04076574200171513,-1,-1,1,-0.5,True,Defensive,Defensive,False
2023-11-23 00:00:00+09:00,442164.78125,423896.3671875,474184.3125,58.447505313429076,4834.82809563612,0.05397078571052908,0.04020806136178682,-1,-1,1,-0.5,True,Defensive,Defensive,False
2023-11-24 00:00:00+09:00,439837.5625,426200.2765625,472604.56145833334,32.00000683619453,4368.961188819418,0.05402772588011274,0.04020892775320515,-1,-1,-1,-1.0,True,Defensive,Defensive,False
2023-11-27 00:00:00+09:00,435648.625,427829.303125,470707.9166666667,52.07102824976372,3643.873001943376,0.053957476680858575,0.040014673380123426,-1,-1,1,-0.5,True,Defensive,Defensive,False
2023-11-28 00:00:00+09:00,444957.40625,430924.4578125,469120.8421875,62.42774566473989,3647.4080134260275,0.05249066158634732,0.040105349593504126,-1,-1,1,-0.5,True,Defensive,Defensive,False
2023-11-29 00:00:00+09:00,449611.75,434671.2234375,467657.6692708333,62.85711435639614,3802.096110426889,0.05202699005987664,0.0401429961188223,-1,1,1,0.30000000000000004,False,Trend,Defensive,False
2023-11-30 00:00:00+09:00,449611.75,437254.396875,466209.9359375,73.8255462999763,3737.7199366040145,0.05063557551709114,0.040144522690609294,-1,1,-1,-0.19999999999999996,False,MeanReversion,Defensive,False
2023-12-01 00:00:00+09:00,441233.875,438929.971875,464915.9822916667,63.92405897043532,2996.2377971624837,0.05073838965934687,0.04000128501820133,-1,1,1,0.30000000000000004,False,Trend,Defensive,False
2023-12-04 00:00:00+09:00,442164.78125,436742.4203125,463174.26510416664,52.892594542915184,2456.464115532478,0.03078128650814995,0.03935384674245857,-1,1,1,0.30000000000000004,False,Trend,Trend,False
2023-12-05 00:00:00+09:00,428667.125,436556.25,461099.48802083335,40.68968423236246,1145.0172862332893,0.017448315440795403,0.039458971257290046,-1,1,-1,-0.19999999999999996,False,MeanReversion,Trend,False
2023-12-06 00:00:00+09:00,420289.21875,436323.53125,459147.60625,39.59730606109217,-257.23035405480323,0.017576698010213023,0.03937971887445057,-1,1,-1,-0.19999999999999996,False,MeanReversion,Trend,False
2023-12-07 00:00:00+09:00,416100.28125,435695.1890625,457311.21927083336,39.07282059126018,-1374.9655657189676,0.017555758132950895,0.039325989135666435,-1,1,-1,-0.19999999999999996,False,MeanReversion,Trend,False
2023-12-08 00:00:00+09:00,438906.6875,436812.2390625,455623.2994791667,49.72675751146261,-529.8667755470337,0.02024973884006116,0.03983327630248451,-1,1,-1,-0.19999999999999996,False,MeanReversion,Trend,False
2023-12-11 00:00:00+09:00,434717.78125,437510.3953125,454066.3177083333,46.2766122716174,-220.3732386936863,0.020347001467255054,0.039763075842654566,-1,1,-1,-0.19999999999999996,False,MeanReversion,Trend,False
2023-12-12 00:00:00+09:00,435648.625,437347.4921875,452895.471875,47.84944354060578,64.42189868041623,0.01797240804434449,0.03942341423369501,-1,1,1,0.30000000000000004,False,Trend,Trend,False
2023-12-13 00:00:00+09:00,421685.5625,436370.0765625,451754.4328125,39.52381546146623,-631.8340064869053,0.019290685490905287,0.039435446155326986,-1,1,-1,-0.19999999999999996,False,MeanReversion,Trend,False
2023-12-14 00:00:00+09:00,429132.53125,436090.8140625,450366.88645833335,44.79638737635456,-538.7165597991384,0.019533901527636868,0.03904476950712542,-1,1,-1,-0.19999999999999996,False,MeanReversion,MeanReversion,False
2023-12-15 00:00:00+09:00,446819.09375,436858.78125,448795.3963541667,54.79999559553356,698.9782362815595,0.021486437455079013,0.03873298622221333,-1,1,1,0.30000000000000004,False,Trend,MeanReversion,False
2023-12-18 00:00:00+09:00,455662.375,437673.2921875,447077.88697916665,54.61844465710349,2023.239271762559,0.02154607843523647,0.03857452775955186,-1,1,1,0.30000000000000004,False,Trend,Trend,False
2023-12-19 00:00:00+09:00,461713.09375,438697.253125,445615.65,55.15872645826411,3149.512210941044,0.021691530234908354,0.03859270287875093,-1,1,1,0.30000000000000004,False,Trend,Trend,False
2023-12-20 00:00:00+09:00,461713.09375,439814.3,444137.9671875,55.15872645826411,3699.32784802214,0.021645434536209963,0.038589922692210454,-1,1,1,0.30000000000000004,False,Trend,Trend,False
2023-12-21 00:00:00+09:00,452869.78125,440349.55,442775.4197916667,54.94070737160561,3286.2179111370165,0.022159954418384625,0.0384989128882617,-1,1,1,0.30000000000000004,False,Trend,Trend,False
2023-12-22 00:00:00+09:00,447284.5625,440721.9,441443.32708333334,52.09124679323777,2491.654761252491,0.022326379758719022,0.03849178243030806,-1,1,1,0.30000000000000004,False,Trend,Trend,False
2023-12-26 00:00:00+09:00,440768.40625,440977.8890625,440465.90989583335,55.241904808315766,1434.5671990860042,0.02248033010901087,0.037931108426950466,1,1,1,1.0,False,Trend,Trend,True
2023-12-27 00:00:00+09:00,458455.03125,441652.7703125,439837.57083333336,65.29851307150244,1809.6439864423046,0.023692046429814893,0.038300406540324614,1,1,1,1.0,False,Trend,Trend,False
2023-12-28 00:00:00+09:00,464971.1875,442420.7421875,439286.8046875,69.23079004096108,2345.7137333956575,0.023779782671538588,0.03834699343724215,1,1,1,1.0,False,Trend,Trend,False
2024-01-02 00:00:00+09:00,454266.15625,442653.4625,438929.9708333333,56.680188245604356,1850.226776020445,0.024427899043247173,0.038009413280205816,1,1,1,1.0,False,Trend,Trend,False
2024-01-03 00:00:00+09:00,439837.5625,442583.646875,438332.66041666665,52.04459973727568,492.3082050913622,0.025163243036567206,0.03822616796270223,1,1,1,1.0,False,Trend,Trend,False
2024-01-04 00:00:00+09:00,437044.90625,442327.653125,437642.26145833335,50.54943865792405,-593.5251801990698,0.02519444008676079,0.03821993750301534,1,1,-1,0.5,False,Trend,Trend,False
2024-01-05 00:00:00+09:00,446819.09375,443235.2515625,437440.5723958333,60.22723717991921,-648.560288355502,0.02461203920836905,0.03796942207946156,1,1,-1,0.5,False,Trend,Trend,False
2024-01-08 00:00:00+09:00,437044.90625,444073.0359375,436858.7760416667,53.15982634158711,-1300.6793988190057,0.024728538858141476,0.03788419596218419,1,1,-1,0.5,False,Trend,Trend,False
2024-01-09 00:00:00+09:00,428667.125,444701.378125,435966.6901041667,42.16871303360698,-2200.774137077261,0.02505252215293254,0.037835306134337915,1,1,-1,0.5,False,Trend,Trend,False
2024-01-10 00:00:00+09:00,419358.34375,443723.9609375,435012.5453125,34.400044474273,-3263.508976820569,0.022360790687239545,0.03790335822669405,1,1,-1,0.5,False,Trend,Trend,False
2024-01-11 00:00:00+09:00,420289.21875,443002.5328125,434151.4875,31.3807812305986,-3711.5640276576887,0.022313402309779073,0.037893858326567435,1,1,-1,0.5,False,Trend,Trend,False
2024-01-12 00:00:00+09:00,417496.625,442094.9328125,433305.9432291667,30.612280691657986,-3980.025580726017,0.022320795092561976,0.03789084516268645,1,1,-1,0.5,False,Trend,Trend,False
2024-01-15 00:00:00+09:00,411445.9375,441582.9515625,432406.0984375,31.38079004625436,-4320.700858722608,0.021371914085950648,0.037922851153414046,1,1,-1,0.5,False,Trend,Trend,False
2024-01-16 00:00:00+09:00,407257.0,440489.175,431793.27395833336,31.779689466580777,-4560.119252622588,0.02098873914955057,0.03747685013505452,1,1,-1,0.5,False,Trend,Trend,False
2024-01-17 00:00:00+09:00,390035.875,437650.0140625,431265.7791666667,28.95757740095185,-5544.811411904027,0.0202858394146665,0.037301131258033055,1,1,-1,0.5,False,Trend,Trend,False
2024-01-18 00:00:00+09:00,392828.5,434508.3203125,430784.828125,18.942777663575313,-5655.139022819722,0.019612596204160355,0.03731671483118937,1,1,-1,0.5,False,Trend,Trend,False
2024-01-19 00:00:00+09:00,385846.96875,430715.0140625,429861.7130208333,12.719316973450049,-5822.522930317858,0.019119743505423444,0.036871669987768634,1,1,-1,0.5,False,Trend,Trend,False
2024-01-22 00:00:00+09:00,370952.9375,426177.00625,429132.5286458333,12.236297319310168,-6508.5806355536515,0.02014588040199905,0.03636183272269058,-1,1,-1,-0.19999999999999996,False,MeanReversion,Trend,False
2024-01-23 00:00:00+09:00,375141.90625,422290.6125,428845.5098958333,17.67446639146064,-6251.101899813595,0.02062916914295862,0.03571113101196246,-1,1,-1,-0.19999999999999996,False,MeanReversion,Trend,False
2024-01-24 00:00:00+09:00,372349.28125,418543.8484375,428488.675,17.674471910926414,-5847.03174015076,0.020620988591167726,0.03571699006104448,-1,1,-1,-0.19999999999999996,False,MeanReversion,Trend,False
2024-01-25 00:00:00+09:00,372349.28125,415122.8921875,427976.69479166664,8.762933337763272,-5180.717569897228,0.020675735005247647,0.035574678964448055,-1,1,-1,-0.19999999999999996,False,MeanReversion,Trend,False
2024-01-26 00:00:00+09:00,383985.21875,411399.4015625,427992.20989583334,21.212183893702573,-3630.5769732812296,0.01969910130638055,0.03520538084315668,-1,1,-1,-0.19999999999999996,False,MeanReversion,Trend,False
2024-01-29 00:00:00+09:00,393759.375,407838.8109375,428310.25885416666,31.34330452164083,-1718.2717373472715,0.02051312917331028,0.03522986679851752,-1,1,-1,-0.19999999999999996,False,MeanReversion,MeanReversion,False
2024-01-30 00:00:00+09:00,398879.15625,405069.4609375,428325.7734375,38.54168560841839,27.670027642720015,0.020718327348242,0.03439654587425242,-1,1,-1,-0.19999999999999996,False,MeanReversion,MeanReversion,False
2024-01-31 00:00:00+09:00,396551.96875,402905.18125,428139.6,36.923093344204474,1102.502025950078,0.01981069169815589,0.034256491415252846,-1,1,-1,-0.19999999999999996,False,MeanReversion,MeanReversion,False
2024-02-01 00:00:00+09:00,406791.53125,401392.5125,426820.8619791667,44.5497384514685,2499.8187562807616,0.0209579800871066,0.025575050868011703,-1,1,-1,-0.19999999999999996,False,MeanReversion,MeanReversion,False
2024-02-02 00:00:00+09:00,417962.03125,399949.659375,426580.38697916665,53.1531427994204,4079.7256809192277,0.02130553024656217,0.02107763061915766,-1,1,1,0.30000000000000004,False,Trend,MeanReversion,False
2024-02-05 00:00:00+09:00,415634.875,398879.1578125,426425.24166666664,54.12844799601833,4820.567861368585,0.020854485619445147,0.020972987922626533,-1,1,1,0.30000000000000004,False,Trend,Trend,False
2024-02-06 00:00:00+09:00,406791.53125,397785.378125,426060.6484375,58.99995870816306,4569.82943175826,0.02095124879526225,0.02111348099122313,-1,1,1,0.30000000000000004,False,Trend,Trend,False
2024-02-07 00:00:00+09:00,418427.5,397738.8359375,426091.67864583334,62.55705466701658,5007.257923362449,0.02150943144572559,0.02112180521690163,-1,1,1,0.30000000000000004,False,Trend,Trend,False
2024-02-08 00:00:00+09:00,421685.5625,397808.653125,426107.19375,68.24640357305482,5307.014426599088,0.021576543759129683,0.021105868703194097,-1,1,1,0.30000000000000004,False,Trend,Trend,False
2024-02-13 00:00:00+09:00,407722.375,397319.940625,425587.4552083333,68.89945728121468,4393.651361055863,0.022835041323170883,0.020806411133834826,-1,1,1,0.30000000000000004,False,Trend,Trend,False
2024-02-14 00:00:00+09:00,403068.09375,396901.0484375,424951.35885416664,64.2857005834252,3351.867082366314,0.022749124060088263,0.0208300068764382,-1,1,1,0.30000000000000004,False,Trend,Trend,False
2024-02-15 00:00:00+09:00,408653.34375,396970.865625,424516.9515625,68.05554692114015,2930.026308433853,0.022870541249144453,0.020846569469032388,-1,1,1,0.30000000000000004,False,Trend,Trend,False
2024-02-16 00:00:00+09:00,411445.9375,398041.36875,424183.3880208333,68.91890216221987,2733.968783048961,0.02048827563786239,0.020853034411206738,-1,1,1,0.30000000000000004,False,Trend,Trend,False
2024-02-19 00:00:00+09:00,413773.09375,399088.5984375,423756.7369791667,65.84154927470814,2653.7710813709455,0.020473865380661437,0.020722215636039775,-1,1,1,0.30000000000000004,False,Trend,Trend,False
2024-02-20 00:00:00+09:00,409584.1875,400275.459375,423229.2421875,58.94735205420491,2228.5078015199897,0.020135163062454255,0.020744034129643443,-1,1,1,0.30000000000000004,False,Trend,Trend,False
2024-02-21 00:00:00+09:00,407722.375,402113.93125,422701.74583333335,55.19120751071599,1752.68757269461,0.017630371218666074,0.02074487723513647,-1,1,1,0.30000000000000004,False,Trend,Trend,False
2024-02-22 00:00:00+09:00,406326.15625,403673.14375,422104.4354166667,55.801117883766196,1295.8408862563265,0.017650475187016224,0.02072268195533098,-1,1,1,0.30000000000000004,False,Trend,Trend,False
2024-02-23 00:00:00+09:00,405395.28125,405325.44375,421530.39739583334,49.06836312986617,901.5787743098249,0.01751087463057692,0.02071682096544907,-1,1,1,0.30000000000000004,False,Trend,Trend,False
2024-02-26 00:00:00+09:00,402602.65625,406838.1125,420979.63125,38.46156374334574,446.3439165757436,0.017666730850623244,0.020701807641022894,-1,1,-1,-0.19999999999999996,False,MeanReversion,Trend,False
2024-02-27 00:00:00+09:00,397482.8125,407512.9921875,420188.3880208333,36.91273988330951,-172.7782853868564,0.016846829206599464,0.02054085182554661,-1,1,-1,-0.19999999999999996,False,MeanReversion,Trend,False
2024-02-28 00:00:00+09:00,409655.46875,408307.796875,419522.45,51.97025293433236,241.79425742011472,0.017247362357562617,0.020896478447664815,-1,1,1,0.30000000000000004,False,Trend,Trend,False
2024-02-29 00:00:00+09:00,404037.34375,408565.70625,418762.8765625,39.206561499289094,146.61686762240697,0.017389991974980805,0.020955069495235554,-1,1,-1,-0.19999999999999996,False,MeanReversion,Trend,False
2024-03-04 00:00:00+09:00,428850.78125,410180.646875,418556.49166666664,54.061134071782526,1678.6645071840285,0.02172270913389579,0.022278372671976188,-1,1,1,0.30000000000000004,False,Trend,Trend,False
2024-03-05 00:00:00+09:00,418550.84375,410768.6125,418162.92604166665,56.40330721704657,1905.6332244817836,0.02197208381342755,0.02248656631979009,-1,1,1,0.30000000000000004,False,Trend,Trend,False
2024-03-06 00:00:00+09:00,411528.125,410446.9171875,417877.2760416667,54.86644120152047,1507.5068025318974,0.02146443247064546,0.022239356960922822,-1,1,1,0.30000000000000004,False,Trend,Trend,False
2024-03-07 00:00:00+09:00,414805.4375,410405.4453125,417785.8796875,53.63537821472824,1392.341321001906,0.02151779477966649,0.022124061614717416,-1,1,1,0.30000000000000004,False,Trend,Trend,False
2024-03-08 00:00:00+09:00,416209.9375,410876.365625,417787.70729166665,52.86208206858123,1337.8754938756347,0.020926189173908392,0.02209108081152487,-1,1,1,0.30000000000000004,False,Trend,Trend,False
2024-03-11 00:00:00+09:00,409187.25,410414.353125,417292.38333333336,47.39208521222552,783.4575151620338,0.020281755462142878,0.02105409964704537,-1,1,1,0.30000000000000004,False,Trend,Trend,False
2024-03-12 00:00:00+09:00,421359.90625,410398.0703125,417069.7520833333,56.13923615489612,1167.9590562404337,0.02132421948666397,0.02138679491009206,-1,1,1,0.30000000000000004,False,Trend,Trend,False
2024-03-13 00:00:00+09:00,419487.21875,410986.3125,416800.3953125,56.132871081258685,1221.7979157045834,0.0198484182584572,0.021389838669058046,-1,1,1,0.30000000000000004,False,Trend,Trend,False
2024-03-14 00:00:00+09:00,413869.03125,411526.359375,416670.1197916667,53.7662306860765,823.747705932781,0.019921849864471194,0.021045782448276002,-1,1,1,0.30000000000000004,False,Trend,Trend,False
2024-03-15 00:00:00+09:00,407314.5625,411459.4203125,416306.4869791667,50.907359961753684,101.69986215290965,0.02005335824688256,0.021009043763482164,-1,1,1,0.30000000000000004,False,Trend,Trend,False
2024-03-18 00:00:00+09:00,411528.125,411463.5296875,415718.30416666664,54.16366726348595,-98.61367691472083,0.02013203537170126,0.0203564413389694,-1,1,-1,-0.19999999999999996,False,MeanReversion,Trend,False
2024-03-19 00:00:00+09:00,404037.34375,410976.7421875,414857.88697916665,52.99146908237655,-708.1326088680953,0.020491309366988616,0.020283543161633916,-1,1,-1,-0.19999999999999996,False,MeanReversion,Trend,False
2024-03-20 00:00:00+09:00,399355.53125,410465.309375,413818.59427083336,44.954121417802504,-1361.305763043301,0.020528101852977217,0.020221591565085927,-1,1,-1,-0.19999999999999996,False,MeanReversion,Trend,False
2024-03-21 00:00:00+09:00,400760.125,410117.196875,412802.71145833336,48.32537520212035,-1616.0772028068645,0.02053927464091921,0.02023378411370378,-1,1,-1,-0.19999999999999996,False,MeanReversion,Trend,False
2024-03-22 00:00:00+09:00,401228.21875,409862.3,411942.01875,31.210163732585983,-1663.864501760042,0.020534735253683434,0.020114960644365475,-1,1,-1,-0.19999999999999996,False,MeanReversion,Trend,False
2024-03-25 00:00:00+09:00,404505.46875,409817.809375,411229.0338541667,39.436599194698516,-1396.3469890880333,0.020622517496363017,0.02010992801134706,-1,1,-1,-0.19999999999999996,False,MeanReversion,Trend,False
2024-03-26 00:00:00+09:00,401696.4375,409772.4984375,410577.834375,42.10529749609046,-1330.4559324967993,0.020623495256177668,0.020050010360313723,-1,1,-1,-0.19999999999999996,False,MeanReversion,Trend,False
2024-03-27 00:00:00+09:00,400760.125,409936.3640625,409616.2526041667,38.281241852014865,-1271.849636683508,0.020416416827152815,0.0193179799565265,1,1,-1,0.5,False,Trend,Trend,True
2024-03-28 00:00:00+09:00,396521.71875,409279.6765625,408475.428125,34.3148087198513,-1428.714632906606,0.01929436968108802,0.01922683095776995,1,1,-1,0.5,False,Trend,Trend,False
2024-03-29 00:00:00+09:00,397463.59375,408950.9890625,407528.71875,39.65797951317464,-1378.559961355248,0.01909498916162077,0.019044527975283543,1,1,-1,0.5,False,Trend,Trend,False
2024-04-01 00:00:00+09:00,393696.15625,407193.2578125,406759.6953125,21.34745051735389,-1498.6738683710923,0.012801690403029963,0.018658611927353273,1,1,-1,0.5,False,Trend,Trend,False
2024-04-02 00:00:00+09:00,385690.40625,405550.2359375,405903.7869791667,18.9410709218962,-1986.2756736803613,0.012515992856302411,0.018806000474379175,-1,1,-1,-0.19999999999999996,False,MeanReversion,Trend,False
2024-04-03 00:00:00+09:00,375329.90625,403740.325,404712.30052083335,17.42247976010094,-2824.3984016902314,0.01326229773825123,0.01880872649175619,-1,1,-1,-0.19999999999999996,False,MeanReversion,Trend,False
2024-04-04 00:00:00+09:00,378155.5625,401907.83125,403730.81145833334,23.693214560799888,-2990.3380131114673,0.013241143363886277,0.018684211796844808,-1,1,-1,-0.19999999999999996,False,MeanReversion,Trend,False
2024-04-05 00:00:00+09:00,371562.53125,399675.4609375,402779.0682291667,15.428004824782633,-3320.5304880366884,0.01340307439547447,0.018658431271023665,-1,1,-1,-0.19999999999999996,False,MeanReversion,Trend,False
2024-04-08 00:00:00+09:00,379568.3125,398194.5140625,402115.9010416667,29.02014203977606,-2797.133971627987,0.014399517802769832,0.01872526845497149,-1,1,-1,-0.19999999999999996,False,MeanReversion,Trend,False
2024-04-09 00:00:00+09:00,380039.25,396128.48125,401445.0682291667,32.14915074892468,-2240.64261371266,0.012207458638861487,0.01872226192468076,-1,1,-1,-0.19999999999999996,False,MeanReversion,Trend,False
2024-04-11 00:00:00+09:00,376742.71875,393991.25625,400765.83645833336,28.554582840139275,-1927.9044232138585,0.012231593864917694,0.018733358512980372,-1,1,-1,-0.19999999999999996,False,MeanReversion,Trend,False
2024-04-12 00:00:00+09:00,372033.4375,391899.4765625,400108.96145833336,25.767051305529293,-1870.1045688923932,0.012201658988278992,0.018711608193740594,-1,1,-1,-0.19999999999999996,False,MeanReversion,Trend,False
2024-04-15 00:00:00+09:00,367795.09375,389923.503125,399451.2630208333,20.007312225919193,-1940.8086109339265,0.012035408702817892,0.018721762652953382,-1,1,-1,-0.19999999999999996,False,MeanReversion,Trend,False
2024-04-16 00:00:00+09:00,358376.5625,387265.925,398923.6078125,18.057135272744702,-2414.5139519428176,0.012319829301067873,0.018198379624912584,-1,1,-1,-0.19999999999999996,False,MeanReversion,Trend,False
2024-04-17 00:00:00+09:00,349428.90625,384535.503125,398200.28125,16.149163043420018,-3080.4269748226943,0.012747771532756642,0.01842026974232202,-1,1,-1,-0.19999999999999996,False,MeanReversion,Trend,False
2024-04-18 00:00:00+09:00,367324.21875,382933.9375,397891.56875,33.68428625912074,-2111.8273162517107,0.01799267535503385,0.019476227806349073,-1,1,-1,-0.19999999999999996,False,MeanReversion,Trend,False
2024-04-19 00:00:00+09:00,364027.6875,381097.315625,397776.14791666664,31.794925544502306,-1517.123047838928,0.017928751749000278,0.018841946550579577,-1,1,-1,-0.19999999999999996,False,MeanReversion,Trend,False
2024-04-22 00:00:00+09:00,372033.4375,379637.5765625,397724.34010416665,38.72550725759679,-463.20153137860507,0.01885672035338124,0.0189995615841627,-1,1,-1,-0.19999999999999996,False,MeanReversion,MeanReversion,False
2024-04-23 00:00:00+09:00,368736.96875,377849.1515625,397664.1348958333,40.721661826627404,103.07468563062503,0.018674180703653707,0.019009796207053974,-1,1,-1,-0.19999999999999996,False,MeanReversion,MeanReversion,False
2024-04-24 00:00:00+09:00,372975.34375,376413.096875,397674.56927083334,48.61883354805028,814.640338478288,0.019003092650764643,0.019068619154509442,-1,1,1,0.30000000000000004,False,Trend,MeanReversion,False
2024-04-25 00:00:00+09:00,369678.75,374859.028125,397436.128125,45.05489497180143,1097.2483149762957,0.019034476996203406,0.01866795485918387,-1,1,1,0.30000000000000004,False,Trend,MeanReversion,False
2024-04-26 00:00:00+09:00,371562.53125,373611.06875,397066.18072916666,50.0,1424.2777324530853,0.019072192990221785,0.01837601441904762,-1,1,1,0.30000000000000004,False,Trend,Trend,False
2024-04-29 00:00:00+09:00,383335.78125,372904.678125,396807.12447916664,52.222240655028195,2389.8828010631332,0.020550981405005348,0.01875758092213457,-1,1,1,0.30000000000000004,False,Trend,Trend,False
2024-04-30 00:00:00+09:00,381452.03125,372292.471875,396555.4588541667,50.81966737557406,2828.111242169055,0.020485758481806234,0.01875362286304862,-1,1,1,0.30000000000000004,False,Trend,Trend,False
2024-05-02 00:00:00+09:00,375800.90625,371797.996875,396038.9484375,49.46811139128987,2665.9466623035314,0.020249149522872014,0.01852323896338568,-1,1,1,0.30000000000000004,False,Trend,Trend,False
2024-05-03 00:00:00+09:00,380039.25,372033.4640625,395406.90208333335,54.54546099738755,2761.0148639934187,0.01946768071595183,0.018221473611814854,-1,1,1,0.30000000000000004,False,Trend,Trend,False
2024-05-07 00:00:00+09:00,382864.84375,372268.928125,394860.73489583336,58.69565217391305,2915.8766415804394,0.01946596710482298,0.018250319638477477,-1,1,1,0.30000000000000004,False,Trend,Trend,False
2024-05-08 00:00:00+09:00,380039.25,372692.7640625,394414.86354166665,63.52934976930823,2732.806307134787,0.019094346171265427,0.018076582649175756,-1,1,1,0.30000000000000004,False,Trend,Trend,False
2024-05-09 00:00:00+09:00,374859.03125,372457.3,393688.72239583335,66.66659839708484,2191.028236110451,0.018748845880675193,0.017730373128742656,-1,1,1,0.30000000000000004,False,Trend,Trend,False
2024-05-10 00:00:00+09:00,377684.59375,372339.5671875,392955.3729166667,58.461463857850916,1958.736466711891,0.01883387298887121,0.01772813859249013,-1,1,1,0.30000000000000004,False,Trend,Trend,False
2024-05-13 00:00:00+09:00,375800.90625,372292.4765625,392423.3484375,59.842496234048596,1627.6041438695815,0.01876488713125813,0.01723499157754251,-1,1,1,0.30000000000000004,False,Trend,Trend,False
2024-05-14 00:00:00+09:00,378155.5625,372598.5828125,392008.13958333334,55.65220100817992,1518.6505380289505,0.018578539762785767,0.017210456976574504,-1,1,1,0.30000000000000004,False,Trend,Trend,False
2024-05-16 00:00:00+09:00,379097.375,373163.696875,391515.54010416666,59.999939674544166,1461.040076511334,0.018353979928126204,0.017107089212340647,-1,1,1,0.30000000000000004,False,Trend,Trend,False
2024-05-17 00:00:00+09:00,374859.03125,373987.8203125,390905.75833333336,51.818150010195005,1104.7150628051754,0.01746974404516941,0.017121654410874425,-1,1,1,0.30000000000000004,False,Trend,Trend,False
2024-05-20 00:00:00+09:00,377684.59375,375400.6046875,390304.2833333333,57.79821149506179,1028.1248260802709,0.016245679596437364,0.01713665747162948,-1,1,1,0.30000000000000004,False,Trend,Trend,False
2024-05-21 00:00:00+09:00,370620.65625,375565.4265625,389654.89114583336,49.16665099874694,497.41382420094715,0.012926603327204578,0.017247660716349283,-1,1,1,0.30000000000000004,False,Trend,Trend,False
2024-05-22 00:00:00+09:00,367795.09375,375753.796875,388989.43645833334,33.663307140416805,-20.76104365785386,0.012877632676767104,0.01726108541080936,-1,1,-1,-0.19999999999999996,False,MeanReversion,Trend,False
2024-05-23 00:00:00+09:00,364969.5,375400.6,388300.1588541667,33.00965932408569,-503.86959844516787,0.011973679038217406,0.01727713024638124,-1,1,-1,-0.19999999999999996,False,MeanReversion,Trend,False
2024-05-24 00:00:00+09:00,359318.375,374929.6703125,387532.21041666664,33.00965932408569,-1118.8443014873933,0.012297221920062223,0.017368940849831763,-1,1,-1,-0.19999999999999996,False,MeanReversion,Trend,False
2024-05-27 00:00:00+09:00,365911.40625,374576.4734375,386920.6895833333,36.11112305832953,-1000.2886416774836,0.012749385547544791,0.017550109591294057,-1,1,-1,-0.19999999999999996,False,MeanReversion,Trend,False
2024-05-28 00:00:00+09:00,360731.125,374129.0921875,386308.1614583333,29.203484217023046,-1177.250683861003,0.012980020778468932,0.01756691332795403,-1,1,-1,-0.19999999999999996,False,MeanReversion,Trend,False
2024-05-29 00:00:00+09:00,352254.46875,373163.6890625,385351.478125,26.39998768389877,-1737.8446129826161,0.013819093777094045,0.01729101215017181,-1,1,-1,-0.19999999999999996,False,MeanReversion,Trend,False
2024-05-30 00:00:00+09:00,348016.15625,371397.7078125,384417.7916666667,26.829278819490156,-2235.0622205662285,0.011417980756379453,0.017273537356142427,-1,1,-1,-0.19999999999999996,False,MeanReversion,Trend,False
2024-05-31 00:00:00+09:00,347545.1875,369702.365625,383062.6984375,22.881356408778416,-2420.974573180236,0.011444354124701354,0.015231768400864881,-1,1,-1,-0.19999999999999996,False,MeanReversion,Trend,False
2024-06-03 00:00:00+09:00,352254.46875,368525.04375,381957.75885416666,29.838695867163565,-2065.9116464780964,0.011856192090735958,0.015137461894496088,-1,1,-1,-0.19999999999999996,False,MeanReversion,Trend,False
2024-06-04 00:00:00+09:00,353196.3125,367182.896875,380985.56197916664,28.099125057446557,-1626.1093097604698,0.0114552416083595,0.01504031197895767,-1,1,-1,-0.19999999999999996,False,MeanReversion,Trend,False
2024-06-05 00:00:00+09:00,358847.46875,365982.028125,380052.92916666664,33.587807913651204,-852.005563767646,0.01202793161012607,0.015168490227798105,-1,1,-1,-0.19999999999999996,False,MeanReversion,MeanReversion,False
2024-06-07 00:00:00+09:00,364027.6875,365181.45,379183.225,41.353398464181275,62.9397935222687,0.012600149968030662,0.01530470324108604,-1,1,-1,-0.19999999999999996,False,MeanReversion,MeanReversion,False
2024-06-10 00:00:00+09:00,355080.0,364192.4984375,378281.4375,33.561647882606024,116.44557268235621,0.013363788089541492,0.015466424359029033,-1,1,-1,-0.19999999999999996,False,MeanReversion,MeanReversion,False
2024-06-11 00:00:00+09:00,357905.59375,363203.5484375,377223.865625,40.14600732167819,378.29075359948183,0.013380875089642646,0.014962184235456874,-1,1,-1,-0.19999999999999996,False,MeanReversion,MeanReversion,False
2024-06-12 00:00:00+09:00,355080.0,362167.503125,376150.4119791667,40.14598787632202,395.4848930773733,0.013423397729232041,0.01497571112483942,-1,1,-1,-0.19999999999999996,False,MeanReversion,MeanReversion,False
2024-06-13 00:00:00+09:00,353196.3125,360919.540625,375139.2,40.74077351020982,317.64402059649547,0.013259676074482007,0.014913754883069322,-1,1,-1,-0.19999999999999996,False,MeanReversion,MeanReversion,False
2024-06-14 00:00:00+09:00,357905.59375,359859.9515625,374315.7171875,48.872185703059706,604.3414791875803,0.013721820775205859,0.014948218041783352,-1,1,1,0.30000000000000004,False,Trend,MeanReversion,False
2024-06-17 00:00:00+09:00,349428.90625,358588.4453125,373280.73020833335,37.226284443307804,261.62020961459257,0.014408127279952311,0.01511810010636842,-1,1,-1,-0.19999999999999996,False,MeanReversion,MeanReversion,False
2024-06-18 00:00:00+09:00,346603.3125,357034.38125,372323.49635416665,38.63639791232866,-97.59919387193531,0.01420121437269953,0.014995742138854476,-1,1,-1,-0.19999999999999996,False,MeanReversion,MeanReversion,False
2024-06-19 00:00:00+09:00,351312.625,356068.9796875,371522.78125,49.193560902620995,32.75412890442203,0.01429594368568299,0.01508829963596191,-1,1,1,0.30000000000000004,False,Trend,MeanReversion,False
2024-06-20 00:00:00+09:00,349428.90625,355150.6703125,370667.2609375,51.26046952545586,42.302310186850264,0.01426324625152344,0.015075539147049365,-1,1,1,0.30000000000000004,False,Trend,MeanReversion,False
2024-06-21 00:00:00+09:00,345190.5,354161.7203125,369733.2989583333,48.031463149303654,-174.73543306756437,0.014383468368475328,0.015122404236404728,-1,1,-1,-0.19999999999999996,False,MeanReversion,MeanReversion,False
2024-06-24 00:00:00+09:00,344719.59375,353431.78125,368736.86770833336,43.220337076756095,-281.58406115310936,0.014064419394624281,0.015058690523409324,-1,1,-1,-0.19999999999999996,False,MeanReversion,MeanReversion,False
2024-06-25 00:00:00+09:00,345190.5,352395.7359375,367795.10208333336,42.73503255518501,-253.02104438738297,0.013269907538932039,0.01505676177902995,-1,1,-1,-0.19999999999999996,False,MeanReversion,MeanReversion,False
2024-06-26 00:00:00+09:00,342835.90625,351500.975,366829.6984375,34.545476482050105,-320.8220755010516,0.013037870738868947,0.015067039906082632,-1,1,-1,-0.19999999999999996,False,MeanReversion,MeanReversion,False
2024-06-27 00:00:00+09:00,340939.15625,350935.209375,365903.3223958333,26.206573622680423,-415.5182459326197,0.0120769788096823,0.015035374652789951,-1,1,-1,-0.19999999999999996,False,MeanReversion,MeanReversion,False
2024-06-28 00:00:00+09:00,344258.46875,350747.325,365016.5703125,37.38465315983858,-188.28366570102662,0.012065532004456868,0.015105206339781694,-1,1,-1,-0.19999999999999996,False,MeanReversion,MeanReversion,False
2024-07-01 00:00:00+09:00,351371.21875,350938.6265625,364311.1546875,43.07469132531397,471.3363156764008,0.012941678340995423,0.015358981983433674,-1,1,-1,-0.19999999999999996,False,MeanReversion,MeanReversion,False
2024-07-02 00:00:00+09:00,346629.375,350657.371875,363660.1375,41.393380012730745,609.7819709631203,0.012934556617233493,0.015241617551939552,-1,1,-1,-0.19999999999999996,False,MeanReversion,MeanReversion,False
2024-07-03 00:00:00+09:00,351371.21875,350566.1171875,363260.8260416667,48.24347759135403,1018.1450696288648,0.013313719987891137,0.01499535448717383,-1,1,1,0.30000000000000004,False,Trend,MeanReversion,False
2024-07-04 00:00:00+09:00,355638.90625,350405.6890625,362885.5484375,47.79977310368676,1541.700021491827,0.013096685733084005,0.015051312472735421,-1,1,1,0.30000000000000004,False,Trend,Trend,False
2024-07-05 00:00:00+09:00,357535.625,350081.0859375,362651.76666666666,59.02142969916628,1955.1858467790107,0.012710656293873074,0.014913903749011938,-1,1,1,0.30000000000000004,False,Trend,Trend,False
2024-07-08 00:00:00+09:00,358009.78125,350227.575,362292.4578125,63.3945065228161,2182.7659862845053,0.011389913793495987,0.014635726597709444,-1,1,1,0.30000000000000004,False,Trend,Trend,False
2024-07-09 00:00:00+09:00,353742.1875,350019.4046875,361854.1734375,52.88291963007735,1974.3115439441776,0.011567618913666117,0.014701334793581676,-1,1,1,0.30000000000000004,False,Trend,Trend,False
2024-07-10 00:00:00+09:00,349474.46875,349739.128125,361399.70260416664,50.05116945723876,1498.9787668397666,0.011745268496336055,0.014737631722503098,-1,1,1,0.30000000000000004,False,Trend,Trend,False
2024-07-11 00:00:00+09:00,371286.96875,350643.6609375,361387.26145833335,71.01324627626194,2542.25170608055,0.017985892655201733,0.01668050954029656,-1,1,-1,-0.19999999999999996,False,MeanReversion,Trend,False
2024-07-12 00:00:00+09:00,371761.21875,351336.4421875,361453.36354166665,71.77312702173357,3115.1156258028777,0.017807701930362244,0.01661356576451538,-1,1,-1,-0.19999999999999996,False,MeanReversion,MeanReversion,False
2024-07-15 00:00:00+09:00,366070.96875,352168.5453125,361581.6036458333,65.50883748999036,2962.6018449053977,0.017248132715498743,0.016387244521487855,-1,1,1,0.30000000000000004,False,Trend,MeanReversion,False
2024-07-16 00:00:00+09:00,353742.1875,352525.4890625,361653.49166666664,57.05523159085111,1933.0224741395464,0.0189842976065256,0.01666385419419114,-1,1,1,0.30000000000000004,False,Trend,MeanReversion,False
2024-07-17 00:00:00+09:00,346629.375,352291.3265625,361308.57760416664,53.448273903016485,736.152826085241,0.019317160941662456,0.015539959119210588,-1,1,1,0.30000000000000004,False,Trend,MeanReversion,False
2024-07-18 00:00:00+09:00,347577.71875,352198.7671875,361034.4114583333,52.070978227977626,9.93707620721986,0.019298289166167496,0.015510811689625849,-1,1,1,0.30000000000000004,False,Trend,MeanReversion,False
2024-07-19 00:00:00+09:00,351371.21875,352507.803125,360690.0411458333,50.0,-201.66392228745497,0.019236231112111042,0.015305009054075915,-1,1,-1,-0.19999999999999996,False,MeanReversion,MeanReversion,False
2024-07-22 00:00:00+09:00,343310.125,352437.3296875,360266.2604166667,47.929021772022374,-835.694736125498,0.019976729782167222,0.015540617448779624,-1,1,-1,-0.19999999999999996,False,MeanReversion,MeanReversion,False
2024-07-23 00:00:00+09:00,336671.4375,352011.3765625,359661.1953125,41.040443931277046,-1608.5800702257293,0.02043136182214634,0.015628156295953807,-1,-1,-1,-1.0,True,Defensive,MeanReversion,False
2024-07-24 00:00:00+09:00,328610.3125,351300.096875,358976.7213541667,34.25412373142214,-2515.0911600354852,0.021042907950759672,0.01587145302719353,-1,-1,-1,-1.0,True,Defensive,MeanReversion,True
2024-07-25 00:00:00+09:00,337145.65625,351110.421875,358403.1067708333,38.97436122743558,-2392.955210744331,0.021913193677410524,0.016243715482097756,-1,-1,-1,-1.0,True,Defensive,MeanReversion,False
2024-07-26 00:00:00+09:00,338094.0625,350802.2015625,357649.078125,39.28575871702734,-2111.2123916416317,0.021797548264417828,0.015675230035068467,-1,-1,-1,-1.0,True,Defensive,MeanReversion,False
2024-07-29 00:00:00+09:00,344258.46875,350446.5640625,357029.1854166667,45.00000164755992,-1406.5156882074662,0.02168092945826098,0.01588449450746125,-1,-1,-1,-1.0,True,Defensive,MeanReversion,False
2024-07-30 00:00:00+09:00,340939.15625,350162.053125,356448.15625,45.45456360948223,-1075.6840908693148,0.02157930845104764,0.015824922313293847,-1,-1,-1,-1.0,True,Defensive,Defensive,False
2024-07-31 00:00:00+09:00,333352.21875,349261.103125,355670.0390625,26.190558381687907,-1266.4247939853367,0.021818187287744505,0.015959459532225117,-1,-1,-1,-1.0,True,Defensive,Defensive,False
2024-08-01 00:00:00+09:00,343784.25,348668.3703125,355018.69583333336,34.39151594230289,-621.2630393446993,0.02286059271892414,0.016475644715917698,-1,-1,-1,-1.0,True,Defensive,Defensive,False
2024-08-02 00:00:00+09:00,338094.0625,347696.2921875,354319.609375,34.391539926307715,-513.4606156085233,0.02303425342739633,0.016572544122842918,-1,-1,-1,-1.0,True,Defensive,Defensive,False
2024-08-05 00:00:00+09:00,298262.46875,344708.9265625,353043.0,26.315775430960997,-2925.770297009709,0.03574861592559428,0.022953825165073882,-1,-1,-1,-1.0,True,Defensive,Defensive,False
2024-08-06 00:00:00+09:00,313436.40625,342693.6375,351972.196875,36.74242376963877,-3274.1872398207724,0.03806855718570209,0.02392896670237107,-1,-1,-1,-1.0,True,Defensive,Defensive,False
2024-08-07 00:00:00+09:00,309168.75,340678.3515625,350861.6609375,35.0553666161252,-3543.9861654539545,0.03808340491626044,0.02396702504815691,-1,-1,-1,-1.0,True,Defensive,Defensive,False
2024-08-08 00:00:00+09:00,302530.125,337240.509375,349601.2369791667,31.407941465257608,-3893.5977607647746,0.03480462287457409,0.024050778698173916,-1,-1,-1,-1.0,True,Defensive,Defensive,False
2024-08-09 00:00:00+09:00,308694.5625,334087.1765625,348427.8567708333,36.630033269877075,-3448.9713383170383,0.03538527732423229,0.024235766527218528,-1,-1,-1,-1.0,True,Defensive,Defensive,False
2024-08-12 00:00:00+09:00,310591.28125,331313.1921875,347356.72760416666,39.54373909820803,-2794.3349021812483,0.03551666688455205,0.024244516666722466,-1,-1,-1,-1.0,True,Defensive,Defensive,False
2024-08-13 00:00:00+09:00,307746.1875,329013.3921875,346191.0875,41.269852477751364,-2338.627923287091,0.03498771530616693,0.02421614193127647,-1,-1,-1,-1.0,True,Defensive,Defensive,False
2024-08-14 00:00:00+09:00,315333.125,327448.5796875,345269.62864583335,40.79999346246891,-1360.4169178008942,0.03551250660730802,0.024390711582708818,-1,-1,-1,-1.0,True,Defensive,Defensive,False
2024-08-16 00:00:00+09:00,313436.40625,325741.5140625,344363.6505208333,39.68252224799919,-708.11406934158,0.03546961180270256,0.024386023575379768,-1,-1,-1,-1.0,True,Defensive,Defensive,False
2024-08-19 00:00:00+09:00,305849.4375,323465.425,343378.31614583335,34.11762547136482,-655.803459349705,0.035510026439789885,0.024540779894025342,-1,-1,-1,-1.0,True,Defensive,Defensive,False
2024-08-20 00:00:00+09:00,306323.59375,321616.0984375,342495.06979166664,35.3413330425503,-466.3616952815828,0.03534408916636779,0.024490666770111323,-1,-1,-1,-1.0,True,Defensive,Defensive,False
2024-08-21 00:00:00+09:00,313436.40625,320454.346875,341620.4864583333,41.532239634432166,223.826834581836,0.03574362085801355,0.024567127646846307,-1,-1,-1,-1.0,True,Defensive,Defensive,False
2024-08-22 00:00:00+09:00,329084.5625,320478.059375,341093.04375,44.0154674955624,1735.8884643251422,0.03721647025475733,0.025391209242541454,-1,-1,-1,-1.0,True,Defensive,Defensive,False
2024-08-23 00:00:00+09:00,322445.90625,319743.071875,340596.234375,43.678149600583176,2257.570712914112,0.03697422036650878,0.025344469160447684,-1,-1,-1,-1.0,True,Defensive,Defensive,False
2024-08-26 00:00:00+09:00,327187.78125,319197.7578125,340249.09479166666,66.3101474240959,2852.2883637870236,0.03715232581056399,0.02538904117557652,-1,-1,1,-0.5,True,Defensive,Defensive,False
2024-08-27 00:00:00+09:00,328136.09375,318391.6390625,339925.60989583336,59.87256895414027,3213.0098694615754,0.036882632809871564,0.025394041234638894,-1,-1,1,-0.5,True,Defensive,Defensive,False
2024-08-28 00:00:00+09:00,319126.625,317301.0125,339373.4791666667,56.28741546128207,2765.3520715931327,0.03729253239439499,0.025555850158060743,-1,-1,1,-0.5,True,Defensive,Defensive,False
2024-08-29 00:00:00+09:00,324816.8125,316874.2421875,338900.4875,64.24242400035787,2766.279672710524,0.0372860599702853,0.025671935568761895,-1,-1,1,-0.5,True,Defensive,Defensive,False
2024-08-30 00:00:00+09:00,322445.90625,315807.325,338293.7947916667,59.23566397725227,2527.578203110357,0.03652484216950753,0.025581974855316034,-1,-1,1,-0.5,True,Defensive,Defensive,False
2024-09-02 00:00:00+09:00,341413.34375,315973.2890625,337916.8890625,66.83940194620848,3507.197385704784,0.038754480116414164,0.026615786959203556,-1,-1,1,-0.5,True,Defensive,Defensive,False
2024-09-03 00:00:00+09:00,340464.9375,318083.4125,337673.3046875,68.25395275660838,3920.1068606482813,0.02508976644754282,0.026432871573386453,-1,1,1,0.30000000000000004,False,Trend,Defensive,False
2024-09-04 00:00:00+09:00,329558.6875,318889.5265625,337200.85625,57.65306362618481,3311.747231572745,0.024395761345867392,0.026724029240623507,-1,1,1,0.30000000000000004,False,Trend,Trend,False
2024-09-05 00:00:00+09:00,324816.8125,319671.9296875,336696.46979166666,55.94057031745747,2481.014999948811,0.024423798862046424,0.026764729920521178,-1,1,1,0.30000000000000004,False,Trend,Trend,False
2024-09-06 00:00:00+09:00,312962.25,320193.5359375,336025.90208333335,53.55452013275456,1094.882450664711,0.02545319386402378,0.02715527978327445,-1,1,1,0.30000000000000004,False,Trend,Trend,False
2024-09-09 00:00:00+09:00,313436.40625,320430.628125,335284.74895833334,53.55452013275456,217.5936707853839,0.025079544799904024,0.027085681063532926,-1,1,1,0.30000000000000004,False,Trend,Trend,False
2024-09-10 00:00:00+09:00,313910.5625,320596.5921875,334692.7765625,50.25379182346406,-295.2687048711691,0.025048815356222623,0.026938110100204665,-1,1,-1,-0.19999999999999996,False,MeanReversion,Trend,False
2024-09-11 00:00:00+09:00,324342.6875,321426.4171875,334321.76614583336,47.31181271763794,83.33670182266337,0.025928282181405048,0.027288473864209475,-1,1,1,0.30000000000000004,False,Trend,Trend,False
2024-09-12 00:00:00+09:00,339990.75,322659.2984375,334133.0682291667,59.0244029461376,1333.5287275263747,0.027390664283621705,0.027931058121688328,-1,1,1,0.30000000000000004,False,Trend,Trend,False
2024-09-13 00:00:00+09:00,350897.0,324532.328125,334157.5364583333,61.467894068428116,2758.8264510283757,0.027967464591409082,0.02822852289646853,-1,1,1,0.30000000000000004,False,Trend,Trend,False
2024-09-19 00:00:00+09:00,356113.09375,327045.5109375,334339.5796875,62.99564113923793,3849.740169522887,0.0271044975780457,0.028244404952725982,-1,1,1,0.30000000000000004,False,Trend,Trend,False
2024-09-20 00:00:00+09:00,355638.90625,329511.2765625,334521.5682291667,68.42107254673012,4301.966179591286,0.027146025026717837,0.028244368323353027,-1,1,1,0.30000000000000004,False,Trend,Trend,False
2024-09-23 00:00:00+09:00,359906.5625,331834.784375,334766.8359375,67.96119300230211,4622.977011931201,0.026925940955961347,0.02828262400635825,-1,1,1,0.30000000000000004,False,Trend,Trend,False
2024-09-24 00:00:00+09:00,365596.78125,333660.3953125,335146.18385416665,71.36151527546329,4925.164710297167,0.025183350303555854,0.028330348141412238,-1,1,-1,-0.19999999999999996,False,MeanReversion,Trend,False
2024-09-25 00:00:00+09:00,355638.90625,335320.0453125,335391.1796875,57.73196681772168,4189.863021505233,0.025619290511201976,0.028560044133131807,-1,1,1,0.30000000000000004,False,Trend,Trend,False
2024-09-26 00:00:00+09:00,363225.8125,337121.946875,335707.3020833333,61.53847128736963,3952.946220125904,0.025789802037410905,0.028658822819533733,1,1,1,1.0,False,Trend,Trend,True
2024-09-27 00:00:00+09:00,368953.5,339162.8171875,336000.34010416665,71.07760751028772,3913.166419886298,0.025886603231825376,0.028609923085431553,1,1,-1,0.5,False,Trend,Trend,False
2024-09-30 00:00:00+09:00,367521.53125,341582.5625,336348.54270833335,73.68749482153314,3533.2021622086977,0.024775559248997894,0.02855452509254247,1,1,-1,0.5,False,Trend,Trend,False
2024-10-02 00:00:00+09:00,358452.875,343264.365625,336466.5703125,76.03749313155365,2464.526793348992,0.025635035242607306,0.028699604350973212,1,1,-1,0.5,False,Trend,Trend,False
2024-10-04 00:00:00+09:00,352247.9375,344754.4671875,336410.05416666664,70.84696168931075,1197.3410566612001,0.025987782652754254,0.028748071651422003,1,1,-1,0.5,False,Trend,Trend,False
2024-10-07 00:00:00+09:00,361793.96875,345773.4984375,336481.0265625,73.43580466290638,874.6218834705996,0.023510894739008924,0.028949562504469718,1,1,-1,0.5,False,Trend,Trend,False
2024-10-08 00:00:00+09:00,358930.125,346696.7578125,336496.365625,68.28274679109794,366.83085628946174,0.023604767831800096,0.02896818260809068,1,1,1,1.0,False,Trend,Trend,False
2024-10-10 00:00:00+09:00,354634.4375,347950.5453125,336511.2364583333,58.79627543910233,-322.5533836062241,0.02241013283915812,0.028968523254440093,1,1,-1,0.5,False,Trend,Trend,False
2024-10-11 00:00:00+09:00,350338.75,349226.6421875,336525.64114583336,49.6357375254784,-1088.8829057704424,0.022317520073285586,0.028968873890488855,1,1,-1,0.5,False,Trend,Trend,False
2024-10-14 00:00:00+09:00,350338.75,351095.4671875,336176.50416666665,45.95698425013883,-1586.645455190027,0.020171330897122548,0.02785883500803606,1,1,-1,0.5,False,Trend,Trend,False
2024-10-15 00:00:00+09:00,336497.03125,352248.4984375,335588.7677083333,38.710704759882695,-2769.7117616543455,0.022638889489662403,0.02831565393863993,1,1,-1,0.5,False,Trend,Trend,False
2024-10-16 00:00:00+09:00,331724.0,353139.1703125,335016.3182291667,33.47727599175698,-3735.2397122826824,0.022986662457119722,0.028306654273754943,1,1,-1,0.5,False,Trend,Trend,False
2024-10-17 00:00:00+09:00,326950.96875,353269.584375,334569.79791666666,27.096623163808744,-4505.290898394505,0.02215936600585286,0.028034336131286787,1,1,-1,0.5,False,Trend,Trend,False
2024-10-18 00:00:00+09:00,329337.5,352736.921875,334281.6,32.8757340395359,-4645.278657905777,0.01935139743526476,0.027943514277477564,1,1,-1,0.5,False,Trend,Trend,False
2024-10-21 00:00:00+09:00,327905.5625,351587.35,333953.73072916665,25.000088475844322,-4616.114703589461,0.017708398112150026,0.027943087091700933,1,1,-1,0.5,False,Trend,Trend,False
2024-10-22 00:00:00+09:00,316450.40625,349604.215625,333371.7171875,15.625037083898192,-5111.595900140697,0.01854913096009762,0.028250911525730983,1,1,-1,0.5,False,Trend,Trend,False
2024-10-23 00:00:00+09:00,326473.71875,348145.95625,333091.11041666666,25.84273547783394,-4527.584511091323,0.020312063736110213,0.028422632715934787,1,1,-1,0.5,False,Trend,Trend,False
2024-10-24 00:00:00+09:00,324087.21875,346354.9890625,332881.3734375,28.048802396285325,-4079.2288859095206,0.01995673321103323,0.028330198566760854,1,1,-1,0.5,False,Trend,Trend,False
2024-10-25 00:00:00+09:00,320268.78125,344088.5890625,332742.34791666665,28.930837810360174,-3821.4887263843148,0.019378425428323406,0.028200167933797253,1,1,-1,0.5,False,Trend,Trend,False
2024-10-28 00:00:00+09:00,333633.21875,342988.3046875,332683.8072916667,32.33534507025135,-2591.4529269691693,0.02141785195273731,0.028505926614699053,1,1,-1,0.5,False,Trend,Trend,False
2024-10-29 00:00:00+09:00,330769.375,341365.4828125,332561.7291666667,32.33534507025135,-1846.2261178441918,0.02066068461261696,0.028523835999222043,1,1,-1,0.5,False,Trend,Trend,False
2024-10-30 00:00:00+09:00,324564.46875,339146.03125,332233.49583333335,31.578957444177234,-1652.9450929285672,0.020314277987794192,0.028518577320349695,1,1,-1,0.5,False,Trend,Trend,False
2024-10-31 00:00:00+09:00,320268.78125,336783.39375,331888.9895833333,31.578957444177234,-1690.1358267313099,0.020362156437655928,0.028541238536720928,1,1,-1,0.5,False,Trend,Trend,False
2024-11-01 00:00:00+09:00,321700.71875,334945.7859375,331694.79791666666,32.758657668623925,-1500.4563860460457,0.020046368351799484,0.028409561370314754,1,1,-1,0.5,False,Trend,Trend,False
2024-11-04 00:00:00+09:00,329337.5,333800.2640625,331454.01875,45.34160859223678,-779.1239488148813,0.020824774879996157,0.028287375459547303,1,1,-1,0.5,False,Trend,Trend,False
2024-11-05 00:00:00+09:00,324087.21875,331914.9265625,331220.57135416666,45.0617520952145,-583.0215926261699,0.01973970475107961,0.0282815560475357,1,1,-1,0.5,False,Trend,Trend,False
2024-11-06 00:00:00+09:00,307858.96875,329361.36875,331380.5130208333,39.247336051724524,-1425.6627803381034,0.022251033726482423,0.024051617100722632,-1,1,-1,-0.19999999999999996,False,MeanReversion,Trend,False
2024-11-07 00:00:00+09:00,307858.96875,327022.5953125,331287.55572916666,37.569066968779836,-1836.2972773946512,0.022289538127007045,0.023171897657917516,-1,1,-1,-0.19999999999999996,False,MeanReversion,Trend,False
2024-11-08 00:00:00+09:00,305472.46875,324779.28125,331225.9510416667,37.15849281932887,-2102.747772992657,0.02225808017504323,0.023126349187431998,-1,1,-1,-0.19999999999999996,False,MeanReversion,Trend,False
2024-11-11 00:00:00+09:00,297358.3125,322130.259375,331139.75416666665,38.636339118081096,-2625.5918080258252,0.02263279656069338,0.023218171468911468,-1,1,-1,-0.19999999999999996,False,MeanReversion,Trend,False
2024-11-12 00:00:00+09:00,291153.4375,319863.0796875,330847.40208333335,27.97619302790251,-3153.8998743543734,0.021580976944201684,0.023212953899527735,-1,1,-1,-0.19999999999999996,False,MeanReversion,Trend,False
2024-11-13 00:00:00+09:00,275879.78125,317070.86875,330268.8770833333,24.10255979800965,-4229.497965084909,0.023948408233726258,0.024174745199716973,-1,1,-1,-0.19999999999999996,False,MeanReversion,Trend,False
2024-11-14 00:00:00+09:00,295926.4375,315519.6421875,330071.88125,38.864636187076925,-3328.0425006214027,0.029743994224339845,0.02588270082662027,-1,1,-1,-0.19999999999999996,False,MeanReversion,Trend,False
2024-11-15 00:00:00+09:00,264901.90625,312297.8625,329231.3609375,22.932342486165894,-4486.322547277385,0.03780084871570508,0.029319126092506073,-1,1,-1,-0.19999999999999996,False,MeanReversion,Trend,False
2024-11-18 00:00:00+09:00,276834.40625,309744.3046875,328621.32760416664,30.17544520619539,-4123.243339090148,0.039741543993363035,0.029935270574684713,-1,-1,-1,-1.0,True,Defensive,Trend,False
2024-11-19 00:00:00+09:00,277789.0,307811.234375,328153.6536458333,32.11679023974587,-3516.8254605149887,0.03929649619146882,0.02979739188595679,-1,-1,-1,-1.0,True,Defensive,Trend,False
2024-11-20 00:00:00+09:00,281607.40625,305567.91875,327741.7171875,35.16483200230233,-2598.899664880106,0.03860071010240947,0.029859998357609555,-1,1,-1,-0.19999999999999996,False,MeanReversion,Trend,False
2024-11-21 00:00:00+09:00,290198.8125,303873.4984375,327354.4239583333,38.54164417001625,-1223.3208013096646,0.03949846230050192,0.029971978644572125,-1,-1,-1,-1.0,True,Defensive,Trend,False
2024-11-22 00:00:00+09:00,289721.5625,302346.1375,326698.37395833334,34.79853936663997,-208.95623831711964,0.039478304650169355,0.02924429437558825,-1,-1,-1,-1.0,True,Defensive,Defensive,False
2024-11-25 00:00:00+09:00,287812.34375,300055.09375,326121.14791666664,35.7142786818103,434.92288565678246,0.03797211123307141,0.029152491333973393,-1,-1,-1,-1.0,True,Defensive,Defensive,False
2024-11-26 00:00:00+09:00,288766.9375,297954.971875,325480.80052083335,41.452988463713346,994.6062524405006,0.038045365423472845,0.02908058892128731,-1,-1,-1,-1.0,True,Defensive,Defensive,False
2024-11-27 00:00:00+09:00,283993.9375,295926.4453125,324745.09791666665,39.75409759085834,1104.3892615814366,0.03801058771650211,0.029133458381554945,-1,-1,-1,-1.0,True,Defensive,Defensive,False
2024-11-28 00:00:00+09:00,282084.75,294017.24375,324127.73333333334,39.917698799592294,1106.6731326629633,0.03797849026011639,0.0289480327051716,-1,-1,-1,-1.0,True,Defensive,Defensive,False
2024-11-29 00:00:00+09:00,269674.90625,291415.953125,323208.7015625,38.49207225553144,368.8092199635794,0.038837792045642576,0.029351738915926302,-1,-1,-1,-1.0,True,Defensive,Defensive,False
2024-12-02 00:00:00+09:00,267765.6875,288337.3625,322297.3645833333,39.91768804442422,-125.00017368773115,0.038094917798362965,0.029351213347524448,-1,1,-1,-0.19999999999999996,False,MeanReversion,Defensive,False
2024-12-03 00:00:00+09:00,262992.71875,285282.6375,320990.3541666667,43.891424833534195,-622.4275526019046,0.03811246482685425,0.028321688844715018,-1,-1,-1,-1.0,True,Defensive,Defensive,False
2024-12-04 00:00:00+09:00,260606.21875,282920.0,319659.37552083336,29.89129796612015,-942.3291507290196,0.036875427243797415,0.02832755060548234,-1,-1,-1,-1.0,True,Defensive,Defensive,False
2024-12-05 00:00:00+09:00,254401.296875,280247.11640625,318406.75234375,41.666660466625046,-1375.7262631031845,0.03698240248557781,0.028206092287985682,-1,-1,-1,-1.0,True,Defensive,Defensive,False
2024-12-06 00:00:00+09:00,253446.703125,277645.828125,317217.25052083336,27.522934126611105,-1519.3415386004308,0.03700337934345061,0.028174459277745412,-1,-1,-1,-1.0,True,Defensive,Defensive,False
2024-12-09 00:00:00+09:00,241991.484375,274877.48671875,316034.4044270833,21.374046183045394,-2140.4610921233725,0.03773212764303211,0.02837840606354953,-1,-1,-1,-1.0,True,Defensive,Defensive,False
2024-12-10 00:00:00+09:00,258697.0,273254.66484375,315122.08098958334,34.8101299917538,-1226.2801399686978,0.04134969528337388,0.029817803803279495,-1,-1,-1,-1.0,True,Defensive,Defensive,False
2024-12-11 00:00:00+09:00,260128.890625,272467.1203125,314225.71979166666,27.97201900714954,-369.6575757302071,0.03982770630546049,0.029833021947004972,-1,-1,-1,-1.0,True,Defensive,Defensive,False
2024-12-12 00:00:00+09:00,262038.109375,270772.70390625,313187.31015625,30.136974015319197,437.2874259357104,0.036059126603939784,0.02949446758927401,-1,1,-1,-0.19999999999999996,False,MeanReversion,Defensive,False
2024-12-13 00:00:00+09:00,258697.0,270462.45859375,311832.41432291665,29.530193969598855,834.7337616832283,0.026472691397918486,0.02875492956477531,-1,1,-1,-0.19999999999999996,False,MeanReversion,MeanReversion,False
2024-12-16 00:00:00+09:00,258219.703125,269531.7234375,310287.79270833335,28.378379872908397,1135.5387695414065,0.024239179425704416,0.028364261020411834,-1,1,-1,-0.19999999999999996,False,MeanReversion,MeanReversion,False
2024-12-17 00:00:00+09:00,252014.765625,268243.01171875,308552.82057291665,27.81455718911208,991.8894033372253,0.024614036399079737,0.02834900171638691,-1,1,-1,-0.19999999999999996,False,MeanReversion,MeanReversion,True
2024-12-18 00:00:00+09:00,256310.515625,266978.1671875,306897.34739583335,32.69232746635889,1245.0636112691755,0.024753075061810792,0.028494663881196338,-1,1,-1,-0.19999999999999996,False,MeanReversion,MeanReversion,False
2024-12-19 00:00:00+09:00,251060.171875,265021.23515625,305083.2408854167,36.170225115487746,1121.6401838592046,0.023575583981294734,0.028468523068699264,-1,1,-1,-0.19999999999999996,False,MeanReversion,MeanReversion,True
2024-12-20 00:00:00+09:00,247719.078125,262921.1109375,303118.6125,35.416693662622606,887.9301443183031,0.02357516778059712,0.028340280458481998,-1,1,-1,-0.19999999999999996,False,MeanReversion,MeanReversion,True
2024-12-23 00:00:00+09:00,250105.5625,261035.771875,301359.7234375,40.28775301031165,960.8429422226127,0.02389537985950886,0.02827710014846999,-1,1,-1,-0.19999999999999996,False,MeanReversion,MeanReversion,False
2024-12-24 00:00:00+09:00,249151.0,259054.975,299458.4765625,41.17647483600631,1006.7110233256444,0.023786009795624372,0.02805629262521937,-1,1,-1,-0.19999999999999996,False,MeanReversion,MeanReversion,False
2024-12-26 00:00:00+09:00,244377.953125,257074.17578125,297382.2174479167,42.10524890789281,787.2422690803814,0.023848458901209627,0.027956225059003376,-1,1,-1,-0.19999999999999996,False,MeanReversion,MeanReversion,False
2024-12-27 00:00:00+09:00,241991.484375,255069.5125,295290.05,41.17647483600631,563.4819977018651,0.02385313634213732,0.027955994496697213,-1,1,-1,-0.19999999999999996,False,MeanReversion,MeanReversion,True
2024-12-30 00:00:00+09:00,241991.484375,253685.34140625,293349.02682291664,50.0,499.7763406421309,0.02221291071900965,0.02786897322216707,-1,1,1,0.30000000000000004,False,Trend,MeanReversion,False
2025-01-02 00:00:00+09:00,238650.375,252229.57578125,291455.73411458335,25.000038971586605,325.3684846294127,0.02229198952235107,0.02784913126572157,-1,1,-1,-0.19999999999999996,False,MeanReversion,MeanReversion,True
2025-01-03 00:00:00+09:00,247241.765625,251442.028125,289546.53072916664,36.36364237578451,851.4800758910424,0.023886673887307787,0.02804518736704514,-1,1,-1,-0.19999999999999996,False,MeanReversion,MeanReversion,False
2025-01-06 00:00:00+09:00,250105.5625,250916.9953125,287732.78802083334,37.62373702424388,1421.621698663781,0.024057562284996246,0.028138752497326083,-1,1,-1,-0.19999999999999996,False,MeanReversion,MeanReversion,False
2025-01-07 00:00:00+09:00,250582.890625,250726.075,285998.5955729167,41.05264282349601,1833.9337023895532,0.023499875497473822,0.02814578940344183,-1,1,-1,-0.19999999999999996,False,MeanReversion,MeanReversion,False
2025-01-08 00:00:00+09:00,251537.484375,250630.6140625,284351.9078125,42.70832978123387,2151.9851533495275,0.023509840879214258,0.028159869578509862,-1,1,-1,-0.19999999999999996,False,MeanReversion,MeanReversion,False
2025-01-09 00:00:00+09:00,249151.0,250988.58984375,282665.4453125,46.590954322980394,2176.15852331566,0.0210433290388335,0.028155079252916285,-1,1,1,0.30000000000000004,False,Trend,MeanReversion,False
2025-01-10 00:00:00+09:00,250105.5625,250559.01796875,281225.5875,41.97523280124123,2223.1254982827777,0.014432201704235996,0.027809399759590604,-1,1,-1,-0.19999999999999996,False,MeanReversion,MeanReversion,False
2025-01-13 00:00:00+09:00,245332.578125,249819.20234375,279785.73046875,42.4999897699047,1911.3313631706842,0.014839205834618164,0.027845179816870756,-1,1,-1,-0.19999999999999996,False,MeanReversion,MeanReversion,False
2025-01-14 00:00:00+09:00,247719.078125,249103.25078125,278465.19895833335,50.0,1843.5627345488992,0.014934353872479331,0.027880772483317613,-1,1,1,0.30000000000000004,False,Trend,MeanReversion,False
2025-01-15 00:00:00+09:00,245332.578125,248435.0296875,277065.11692708335,43.589752198892256,1623.4935475420862,0.014839351543081887,0.027844030700313212,-1,1,-1,-0.19999999999999996,False,MeanReversion,MeanReversion,False
2025-01-16 00:00:00+09:00,250105.5625,248029.32265625,275768.45026041666,51.16274643555371,1772.7030082793972,0.015629739739804038,0.02801845402754558,-1,1,1,0.30000000000000004,False,Trend,MeanReversion,False
2025-01-17 00:00:00+09:00,248196.390625,247838.40390625,274630.88333333336,55.00006547266352,1715.0674149412807,0.01477534414296754,0.027724473695767762,-1,1,1,0.30000000000000004,False,Trend,MeanReversion,False
2025-01-20 00:00:00+09:00,258697.0,247957.728125,273501.2713541667,68.04128686670899,2318.8609643065256,0.017147389690419356,0.027975804526240183,-1,1,1,0.30000000000000004,False,Trend,Trend,False
2025-01-21 00:00:00+09:00,246287.171875,247719.078125,272204.60390625,53.658529444798425,1838.197879241463,0.019948311053079447,0.028577979692359604,-1,1,1,0.30000000000000004,False,Trend,Trend,False
2025-01-22 00:00:00+09:00,252014.765625,247933.8625,271067.0369791667,60.93750519496363,1856.3138052508966,0.02040825123205441,0.028780873599308334,-1,1,1,0.30000000000000004,False,Trend,Trend,False
2025-01-23 00:00:00+09:00,247719.078125,247814.53828125,269635.1346354167,50.4201796258272,1542.211777851785,0.020682145631156935,0.02821710026137479,-1,1,1,0.30000000000000004,False,Trend,Trend,False
2025-01-24 00:00:00+09:00,249628.28125,247838.40234375,268282.7830729167,49.572665834363455,1428.8143320252993,0.020744064012382483,0.028259703335943555,-1,1,1,0.30000000000000004,False,Trend,Trend,False
2025-01-31 00:00:00+09:00,248673.6875,248053.1890625,267017.93671875,48.305078868090256,1261.1417280323103,0.020263437984430074,0.02819785276610787,-1,1,1,0.30000000000000004,False,Trend,Trend,False
2025-02-03 00:00:00+09:00,237218.46875,247814.53828125,265633.76484375,39.28569006756063,395.24042812598873,0.02285495991642682,0.028712213126290638,-1,1,-1,-0.19999999999999996,False,MeanReversion,Trend,False
2025-02-04 00:00:00+09:00,225763.265625,247003.12734375,264034.8072916667,34.59116026535716,-863.804950199572,0.025291212897631355,0.029250667788826002,-1,1,-1,-0.19999999999999996,False,MeanReversion,Trend,False
2025-02-05 00:00:00+09:00,231013.5625,246621.28671875,262396.075,38.09523438364684,-1235.189412088891,0.025829935909364783,0.029242700541423503,-1,1,-1,-0.19999999999999996,False,MeanReversion,Trend,False
2025-02-06 00:00:00+09:00,231490.84375,245833.740625,260852.80208333334,40.88047711726759,-1332.524081259151,0.024350716057519265,0.02922961967319486,-1,1,-1,-0.19999999999999996,False,MeanReversion,Trend,False
2025-02-07 00:00:00+09:00,228149.75,244735.95,259524.31510416666,37.26705674979571,-1493.6298855407167,0.024213382162075203,0.02863290565406441,-1,1,-1,-0.19999999999999996,False,MeanReversion,Trend,False
2025-02-10 00:00:00+09:00,226240.546875,243518.8328125,258164.00807291668,37.49997442481407,-1591.4765702133027,0.02417742151733152,0.028628615855280228,-1,1,-1,-0.19999999999999996,False,MeanReversion,Trend,False
2025-02-11 00:00:00+09:00,224331.34375,242158.52578125,256811.65598958332,32.46751673161478,-1640.917082327186,0.024094959004234313,0.028629841090114138,-1,1,-1,-0.19999999999999996,False,MeanReversion,Trend,False
2025-02-12 00:00:00+09:00,220035.625,240702.75703125,255522.94453125,31.44650604786034,-1805.9876598209385,0.02427553003837979,0.0285486704187319,-1,1,-1,-0.19999999999999996,False,MeanReversion,Trend,False
2025-02-13 00:00:00+09:00,235309.25,239962.94140625,254592.20807291666,35.5029365731199,-781.8936379694615,0.029264864046492405,0.02994387561460321,-1,1,-1,-0.19999999999999996,False,MeanReversion,MeanReversion,False
2025-02-14 00:00:00+09:00,235786.546875,239485.63984375,253923.9875,42.36109500822725,-8.62398431094789,0.029030145503640612,0.029211900417182496,-1,1,-1,-0.19999999999999996,False,MeanReversion,MeanReversion,False
2025-02-17 00:00:00+09:00,238650.375,239032.2046875,252969.38645833332,39.855087762663516,719.2202464349366,0.029085609312431038,0.027682186809229088,-1,1,-1,-0.19999999999999996,False,MeanReversion,MeanReversion,False
2025-02-18 00:00:00+09:00,237218.46875,238626.49921875,252507.99583333332,41.666668733345155,1104.654924235957,0.029045312107953733,0.02384641130194095,-1,1,-1,-0.19999999999999996,False,MeanReversion,MeanReversion,False
2025-02-19 00:00:00+09:00,246764.453125,238459.44375,252006.82994791667,47.97295459024563,1953.3344064278608,0.030141541697109878,0.023703094385532187,-1,1,1,0.30000000000000004,False,Trend,MeanReversion,False
2025-02-20 00:00:00+09:00,256310.515625,238865.15,251648.85520833332,54.81928744392204,3043.430518159733,0.031288920115313076,0.024247858074489963,-1,1,1,0.30000000000000004,False,Trend,Trend,False
2025-02-21 00:00:00+09:00,269197.625,239390.18125,251442.02552083333,69.8224924280637,4433.978469288748,0.031840875553248764,0.02503684017257493,-1,1,1,0.30000000000000004,False,Trend,Trend,False
2025-02-24 00:00:00+09:00,268243.0625,240487.97578125,251076.09635416666,80.27214686836021,5046.499895036464,0.029534554036271886,0.024709817783466197,-1,1,-1,-0.19999999999999996,False,MeanReversion,Trend,False
2025-02-25 00:00:00+09:00,262038.109375,240989.14296875,250614.70546875,71.81207419640953,4792.690324391946,0.029807521687697132,0.024873919680061522,-1,1,-1,-0.19999999999999996,False,MeanReversion,MeanReversion,False
2025-02-26 00:00:00+09:00,269197.625,242063.0703125,250304.46015625,74.23313043610986,4851.152049001151,0.02994967569168094,0.02513708084552124,-1,1,-1,-0.19999999999999996,False,MeanReversion,MeanReversion,False
2025-02-27 00:00:00+09:00,270642.375,243113.775,250002.38411458334,77.99113515106926,4726.514963307805,0.029939803921569214,0.025144552438806107,-1,1,-1,-0.19999999999999996,False,MeanReversion,MeanReversion,False
2025-02-28 00:00:00+09:00,262455.625,243802.871875,249643.41223958333,72.03365806645789,3868.2162597784145,0.0309000202957935,0.025356681457336973,-1,1,-1,-0.19999999999999996,False,MeanReversion,MeanReversion,False
2025-03-04 00:00:00+09:00,258121.5,244848.0234375,249244.02473958334,69.96908101431707,2832.1151836370314,0.02900410206303062,0.025424802279461194,-1,1,1,0.30000000000000004,False,Trend,MeanReversion,False
2025-03-05 00:00:00+09:00,266308.1875,246875.26953125,249187.91276041666,76.1435307419836,2531.4791949015034,0.026656987740649014,0.025116114596868633,-1,1,-1,-0.19999999999999996,False,MeanReversion,MeanReversion,False
2025-03-06 00:00:00+09:00,284607.875,249554.98515625,249468.61588541666,76.93230508788241,3347.19659096971,0.029537696389724963,0.02652953239602929,1,1,-1,0.5,False,Trend,MeanReversion,False
2025-03-07 00:00:00+09:00,305315.375,253246.21171875,250173.99348958334,81.10814280155572,4965.893438024743,0.03232306869510887,0.02786931595829059,1,1,-1,0.5,False,Trend,Trend,False
2025-03-10 00:00:00+09:00,299054.9375,256791.47109375,250814.80546875,76.22863487064838,5270.678440295933,0.03263664713807363,0.027991169496344392,1,1,-1,0.5,False,Trend,Trend,False
2025-03-11 00:00:00+09:00,285570.96875,259757.9921875,251334.3,69.00617300177105,4262.949788303709,0.03497804671434415,0.028483636163824978,1,1,1,1.0,False,Trend,Trend,False
2025-03-12 00:00:00+09:00,302425.9375,263662.721875,252150.62057291667,70.69029746504383,4411.833795650638,0.03606501137441348,0.029355940244033533,1,1,-1,0.5,False,Trend,Trend,False
2025-03-13 00:00:00+09:00,300981.1875,267710.0,253133.78229166666,67.6689956088984,4099.954704088492,0.03547944417452052,0.02865795803409777,1,1,1,1.0,False,Trend,Trend,False
2025-03-14 00:00:00+09:00,293276.09375,270608.3421875,253710.10052083334,59.93108786973279,3106.762307003499,0.03446393213511107,0.02767932132962809,1,1,1,1.0,False,Trend,Trend,False
2025-03-17 00:00:00+09:00,295683.9375,273603.21171875,254302.68463541666,61.183829610985605,2376.9038217297366,0.03440693890345961,0.02768702389705081,1,1,1,1.0,False,Trend,Trend,False
2025-03-18 00:00:00+09:00,293757.65625,276358.57578125,254831.34375,63.394811996329786,1568.3471417838955,0.03463630588885992,0.027700851539094757,1,1,1,1.0,False,Trend,Trend,False
2025-03-19 00:00:00+09:00,300981.1875,279546.71171875,255536.08020833333,63.41459232630356,1333.1949130339362,0.03454368379104688,0.027780611091398306,1,1,1,1.0,False,Trend,Trend,False
2025-03-20 00:00:00+09:00,319762.46875,283196.6125,256561.79296875,68.08506721482627,2204.3185371091713,0.03572960715900416,0.02876406190582798,1,1,1,1.0,False,Trend,Trend,False
2025-03-21 00:00:00+09:00,313983.625,286080.26796875,257594.60729166667,69.3140672438997,2150.7748053692194,0.035869511365311614,0.028674656840604464,1,1,1,1.0,False,Trend,Trend,False
2025-03-24 00:00:00+09:00,297128.6875,287476.82109375,258274.91015625,63.366333240957005,808.7218614935991,0.03745581940649437,0.02960537306699815,1,1,1,1.0,False,Trend,Trend,False
2025-03-25 00:00:00+09:00,296165.53125,288872.94453125,259026.66614583333,60.763880830606794,-258.2579484552625,0.037452238350692044,0.02945935189199434,1,1,-1,0.5,False,Trend,Trend,False
2025-03-26 00:00:00+09:00,295683.9375,290555.2359375,259826.08046875,54.58164920446725,-1065.5735865360894,0.03689694468098661,0.02938908507871344,1,1,-1,0.5,False,Trend,Trend,False
2025-03-27 00:00:00+09:00,289423.53125,291566.53125,260481.37994791666,42.533929476957084,-2034.1775880901496,0.03703830044187854,0.02954233817766424,1,1,-1,0.5,False,Trend,Trend,False
2025-03-28 00:00:00+09:00,281236.875,292096.25625,261016.14453125,41.777795210460226,-3171.3906616244203,0.037730524622105785,0.02980492516058251,1,1,-1,0.5,False,Trend,Trend,False
2025-03-31 00:00:00+09:00,268234.46875,292385.1984375,261413.753125,41.964300199079,-4654.771720210823,0.038658731337316406,0.030358919360811653,1,1,-1,0.5,False,Trend,Trend,False
2025-04-01 00:00:00+09:00,269197.59375,292939.003125,261867.18828125,31.937172419111917,-5375.506134516076,0.03843413768284367,0.030323154369184615,1,1,-1,0.5,False,Trend,Trend,False
2025-04-02 00:00:00+09:00,261974.03125,292722.2953125,262200.23072916665,30.049269902077143,-6090.64972297329,0.03832424321116868,0.03055260870902634,1,1,-1,0.5,False,Trend,Trend,False
2025-04-03 00:00:00+09:00,261010.921875,291542.44765625,262572.90651041665,32.27514308409289,-6351.390765867568,0.034899860688736566,0.030494722126214475,1,1,-1,0.5,False,Trend,Trend,False
2025-04-04 00:00:00+09:00,262937.21875,289423.53984375,262834.4973958333,31.914921891557356,-6114.781359115726,0.030367479156045988,0.030180122911804694,1,1,-1,0.5,False,Trend,Trend,False
2025-04-07 00:00:00+09:00,245600.671875,286750.8265625,262759.4158854167,27.272746043106793,-6794.218644884737,0.0331838757596905,0.031439188791709434,1,1,-1,0.5,False,Trend,Trend,False
2025-04-08 00:00:00+09:00,242229.703125,284583.76328125,262620.19609375,21.22645660470053,-7105.463057093952,0.03209261836218546,0.03148598068741673,1,1,-1,0.5,False,Trend,Trend,False
2025-04-09 00:00:00+09:00,240303.421875,281477.6375,262432.96171875,3.3898326833448635,-7061.223994051098,0.0281492545942625,0.03149503728595532,1,1,-1,0.5,False,Trend,Trend,False
2025-04-10 00:00:00+09:00,251379.53125,278997.5546875,262470.10390625,15.425533934504045,-5950.6177088124605,0.0308517759628637,0.0320215599979469,1,1,-1,0.5,False,Trend,Trend,False
2025-04-11 00:00:00+09:00,245600.671875,276613.78359375,262395.02239583334,17.575752927853387,-5291.934992229886,0.030780203514905197,0.032159432327320416,1,1,-1,0.5,False,Trend,Trend,False
2025-04-14 00:00:00+09:00,245119.109375,274085.5421875,262391.46458333335,17.682927432442668,-4600.915948284533,0.030567417167033765,0.032063917475475386,1,1,-1,0.5,False,Trend,Trend,False
2025-04-15 00:00:00+09:00,248008.515625,271798.08515625,262396.28854166664,20.71005224185342,-3700.239712402322,0.03092715216249074,0.032075440794674163,1,1,-1,0.5,False,Trend,Trend,False
2025-04-16 00:00:00+09:00,244155.96875,268956.82421875,262376.6783854167,21.34145907177603,-3137.191450150319,0.02997557732619734,0.032115319006389476,1,1,-1,0.5,False,Trend,Trend,False
2025-04-17 00:00:00+09:00,244637.546875,265200.578125,262285.5447916667,24.324318399204103,-2531.5337550320764,0.025147259526391737,0.032016172983782974,1,1,-1,0.5,False,Trend,Trend,False
2025-04-18 00:00:00+09:00,243674.40625,261685.1171875,262210.1783854167,29.268293326313056,-2017.3475680494157,0.025205271275512673,0.03200541198538665,-1,1,-1,-0.19999999999999996,False,MeanReversion,Trend,False
2025-04-21 00:00:00+09:00,241748.109375,258916.08828125,261927.696875,27.200010590357948,-1644.316878433874,0.02314193039139382,0.03154536619024696,-1,1,-1,-0.19999999999999996,False,MeanReversion,Trend,False
2025-04-22 00:00:00+09:00,242711.265625,256243.375,261868.0984375,32.142895424107635,-1191.1687261601055,0.023313739427518708,0.03091366734938305,-1,1,-1,-0.19999999999999996,False,MeanReversion,Trend,False
2025-04-23 00:00:00+09:00,250416.375,253979.996875,261841.45859375,41.269841269841265,-278.5886628780536,0.025027938232177378,0.03103708254374963,-1,1,-1,-0.19999999999999996,False,MeanReversion,MeanReversion,False
2025-04-24 00:00:00+09:00,247526.96875,251885.16875,261838.25677083334,37.49999366289973,198.6331901126805,0.024853506485590062,0.030993303040677125,-1,1,-1,-0.19999999999999996,False,MeanReversion,MeanReversion,False
2025-04-25 00:00:00+09:00,250416.375,250344.14375,261851.39166666666,55.10204757309036,746.3017812480903,0.024705161731342427,0.031013963990601336,-1,1,1,0.30000000000000004,False,Trend,MeanReversion,False
2025-04-28 00:00:00+09:00,252824.234375,249573.63203125,261920.56744791666,61.458324179742505,1276.983161243721,0.02287960939710687,0.031033766807855453,-1,1,1,0.30000000000000004,False,Trend,Trend,False
2025-04-29 00:00:00+09:00,252824.234375,248754.9640625,262180.66354166664,64.13042711579399,1612.623628499564,0.022839668699554734,0.03040278470185437,-1,1,1,0.30000000000000004,False,Trend,Trend,False
2025-04-30 00:00:00+09:00,250897.953125,248201.16015625,262599.575,49.31505692487872,1681.8151376270425,0.022163954055683895,0.02969510467086586,-1,1,1,0.30000000000000004,False,Trend,Trend,False
2025-05-02 00:00:00+09:00,246082.234375,247454.72578125,262850.71953125,50.70421441021014,1392.1441206397049,0.022496179843696187,0.029685472451563593,-1,1,1,0.30000000000000004,False,Trend,Trend,False
2025-05-07 00:00:00+09:00,251861.078125,246900.91875,263190.2234375,58.53656895951379,1565.6773078426886,0.023148305276664706,0.029822907597765243,-1,1,1,0.30000000000000004,False,Trend,Trend,False
2025-05-08 00:00:00+09:00,251861.078125,247213.9390625,263585.4122395833,55.26315789473684,1648.0802170714915,0.017151937105860795,0.02975014423095736,-1,1,1,0.30000000000000004,False,Trend,Trend,False
2025-05-09 00:00:00+09:00,248971.65625,247551.03671875,263964.2640625,56.756731871279136,1480.892274853636,0.017053661254395665,0.0297708437250341,-1,1,1,0.30000000000000004,False,Trend,Trend,False
2025-05-12 00:00:00+09:00,253305.796875,248201.15546875,264447.17161458335,60.97558562914626,1623.6455206661321,0.01725759925330157,0.029808643433791557,-1,1,1,0.30000000000000004,False,Trend,Trend,False
2025-05-13 00:00:00+09:00,248008.515625,248032.6046875,264913.38645833335,54.94502555918404,1334.8250776671912,0.014875833400842909,0.029831396678484126,-1,1,1,0.30000000000000004,False,Trend,Trend,False
2025-05-14 00:00:00+09:00,242711.265625,247888.134375,265036.75338541664,51.020425055158114,787.6027103108354,0.01474680255242108,0.028727172722389165,-1,1,1,0.30000000000000004,False,Trend,Trend,False
2025-05-15 00:00:00+09:00,240784.984375,247671.428125,265120.0606770833,47.999998702161676,320.4375681182137,0.014837053170727784,0.028747237445986795,-1,1,1,0.30000000000000004,False,Trend,Trend,False
2025-05-16 00:00:00+09:00,238377.140625,247189.859375,265115.50677083334,35.95507584150771,-103.52222336823979,0.01466067396191388,0.028736201527844257,-1,1,-1,-0.19999999999999996,False,MeanReversion,Trend,False
2025-05-19 00:00:00+09:00,236450.84375,246804.603125,265102.7130208333,36.78160233670373,-447.209920560088,0.014384802082712736,0.028744888723436408,-1,1,-1,-0.19999999999999996,False,MeanReversion,Trend,False
2025-05-20 00:00:00+09:00,232116.71875,246178.56171875,264858.5841145833,28.888914525175508,-875.2106311149355,0.014838251827469838,0.028366053008621064,-1,1,-1,-0.19999999999999996,False,MeanReversion,Trend,False
2025-05-21 00:00:00+09:00,231635.140625,245576.5984375,264447.32786458335,24.41861430246543,-1085.765277170467,0.014835398227305749,0.027900755591880804,-1,1,-1,-0.19999999999999996,False,MeanReversion,Trend,False
2025-05-22 00:00:00+09:00,229227.3125,244950.55859375,263781.15598958335,23.07694501838901,-1269.4454163912978,0.014894087047735514,0.027112935495031742,-1,1,-1,-0.19999999999999996,False,MeanReversion,Trend,False
2025-05-23 00:00:00+09:00,224893.15625,244059.653125,263058.6575520833,21.875009505642396,-1546.6927567562043,0.015242163824715283,0.027195482688349405,-1,1,-1,-0.19999999999999996,False,MeanReversion,Trend,False
2025-05-26 00:00:00+09:00,232598.296875,243168.74921875,262567.9940104167,36.274545979695205,-1096.2074161626588,0.015543733266142187,0.027464708802809976,-1,1,-1,-0.19999999999999996,False,MeanReversion,Trend,False
2025-05-27 00:00:00+09:00,230651.859375,242324.99375,261925.56458333333,26.583950279083282,-826.6512052646658,0.015474253703883183,0.02721135101022521,-1,1,-1,-0.19999999999999996,False,MeanReversion,Trend,False
2025-05-28 00:00:00+09:00,242817.046875,241945.02734375,261461.80911458333,42.12918718843402,217.82659580619656,0.019545563687959226,0.028074369382558872,-1,1,-1,-0.19999999999999996,False,MeanReversion,MeanReversion,False
2025-05-29 00:00:00+09:00,247683.109375,241687.97109375,261215.60052083334,48.91590497686996,1226.9474083348177,0.019982962775725966,0.027950466514347544,-1,1,1,0.30000000000000004,False,Trend,MeanReversion,False
2025-05-30 00:00:00+09:00,243303.65625,241211.9421875,260968.63645833332,41.59129570105047,1568.1836956312882,0.020329851188722346,0.027962187708722542,-1,1,-1,-0.19999999999999996,False,MeanReversion,MeanReversion,False
2025-06-02 00:00:00+09:00,237464.375,240540.26328125,260487.90625,41.21569359474918,1376.1777031732818,0.020909141877215202,0.027796349467108135,-1,1,-1,-0.19999999999999996,False,MeanReversion,MeanReversion,False
2025-06-04 00:00:00+09:00,238924.171875,240182.36015625,259726.51119791667,46.62946817203571,1322.6845783867675,0.02061737227264169,0.026333992636888175,-1,1,1,0.30000000000000004,False,Trend,MeanReversion,False
2025-06-05 00:00:00+09:00,250116.15625,240095.1140625,258806.52421875,57.128999441564986,1976.8836379908198,0.02256515943643967,0.02535368812541202,-1,1,1,0.30000000000000004,False,Trend,Trend,False
2025-06-09 00:00:00+09:00,251089.359375,240056.528125,258007.09791666668,59.929786944238174,2383.7117886456335,0.022585007844881797,0.02526639567313437,-1,1,1,0.30000000000000004,False,Trend,Trend,False
2025-06-10 00:00:00+09:00,254982.21875,240357.05625,257497.28541666668,64.04379455559149,2795.0587217170114,0.02267289596369314,0.02472512455922438,-1,1,1,0.30000000000000004,False,Trend,Trend,False
2025-06-11 00:00:00+09:00,259361.6875,240659.85078125,256779.54791666666,70.63311336392267,3212.3582234087407,0.022664425501436988,0.023610790700252692,-1,1,-1,-0.19999999999999996,False,MeanReversion,Trend,False
2025-06-12 00:00:00+09:00,258388.484375,241178.84921875,256069.66953125,70.11104324743359,3262.5965219284785,0.022089738259534208,0.023609518037439953,-1,1,-1,-0.19999999999999996,False,MeanReversion,MeanReversion,False
2025-06-13 00:00:00+09:00,256928.640625,241889.71796875,255463.87864583332,71.12474080895014,3041.6420095987687,0.021471095269251846,0.02341336478505812,-1,1,-1,-0.19999999999999996,False,MeanReversion,MeanReversion,False
2025-06-16 00:00:00+09:00,252062.5625,242453.596875,254736.85572916668,70.55236637265878,2437.981460324126,0.021907152585711076,0.023473350943261674,-1,1,-1,-0.19999999999999996,False,MeanReversion,MeanReversion,False
2025-06-17 00:00:00+09:00,250602.75,243064.87734375,254017.60729166667,65.04064276579132,1837.916326464027,0.02180168314240859,0.02347150244882976,-1,1,1,0.30000000000000004,False,Trend,MeanReversion,False
2025-06-18 00:00:00+09:00,252062.5625,243845.46328125,253202.296875,68.03278494362439,1453.6957988519137,0.021666778498137078,0.02323198674009435,-1,1,1,0.30000000000000004,False,Trend,MeanReversion,False
2025-06-19 00:00:00+09:00,253035.796875,244891.4171875,252090.18567708333,60.606063554646525,1190.5384178025765,0.021056603693750064,0.021709188559517503,-1,1,1,0.30000000000000004,False,Trend,MeanReversion,False
2025-06-20 00:00:00+09:00,255468.84375,246083.10234375,251114.93932291667,58.51065901171301,1107.5045618839608,0.0210315717633892,0.021694746841580598,-1,1,1,0.30000000000000004,False,Trend,MeanReversion,False
2025-06-23 00:00:00+09:00,246709.90625,246957.23203125,250274.62630208334,53.39805643641768,424.95089066096943,0.022620001261472095,0.0210223698363147,-1,1,1,0.30000000000000004,False,Trend,MeanReversion,False
2025-06-24 00:00:00+09:00,255955.4375,248510.34609375,249604.45807291666,67.27271028888559,550.4449900106406,0.02310608938445824,0.02164383772282565,-1,1,1,0.30000000000000004,False,Trend,Trend,False
2025-06-25 00:00:00+09:00,262281.34375,249994.4984375,249047.74817708333,70.000002675838,988.2509472120082,0.02261907183252367,0.0219195995295608,1,1,-1,0.5,False,Trend,Trend,True
2025-06-26 00:00:00+09:00,260334.90625,251478.65078125,248562.93776041668,60.396028272110165,1068.683338479157,0.022588053056887606,0.02178387275807432,1,1,1,1.0,False,Trend,Trend,False
2025-06-27 00:00:00+09:00,253035.796875,251989.58828125,248092.91979166667,51.75439189474662,576.873743490959,0.02116211416310551,0.021778535532811515,1,1,1,1.0,False,Trend,Trend,False
