Date,Close,MA20,MA60,RSI14,MACD_hist,Vol20,Vol60,sig_trend,sig_vol,sig_mom,composite,vol_override,strategy_raw,strategy,entry
2018-01-02 00:00:00+09:00,97308.296875,,,,0.0,,,-1,-1,-1,-1.0,True,Defensive,Defensive,False
2018-01-03 00:00:00+09:00,105907.6328125,,,,548.7895299145254,,,-1,-1,-1,-1.0,True,Defensive,Defensive,False
2018-01-04 00:00:00+09:00,112696.5859375,,,,1295.996047312913,,,-1,-1,-1,-1.0,True,Defensive,Defensive,False
2018-01-05 00:00:00+09:00,111338.796875,,,,1605.5367968721976,,,-1,-1,-1,-1.0,True,Defensive,Defensive,False
2018-01-08 00:00:00+09:00,112243.9921875,,,,1765.2895175027304,,,-1,-1,-1,-1.0,True,Defensive,Defensive,False
2018-01-09 00:00:00+09:00,111791.390625,,,,1732.1086254895727,,,-1,-1,-1,-1.0,True,Defensive,Defensive,False
2018-01-10 00:00:00+09:00,115864.765625,,,,1864.6295047899312,,,-1,-1,-1,-1.0,True,Defensive,Defensive,False
2018-01-11 00:00:00+09:00,118580.3359375,,,,2003.1602898054275,,,-1,-1,-1,-1.0,True,Defensive,Defensive,False
2018-01-12 00:00:00+09:00,118580.3359375,,,,1960.3289938556854,,,-1,-1,-1,-1.0,True,Defensive,Defensive,False
2018-01-15 00:00:00+09:00,122201.1171875,,,,2032.6705606923797,,,-1,-1,-1,-1.0,True,Defensive,Defensive,False
2018-01-16 00:00:00+09:00,123106.3046875,,,,1995.4722658044666,,,-1,-1,-1,-1.0,True,Defensive,Defensive,False
2018-01-17 00:00:00+09:00,121295.921875,,,,1713.7170655999707,,,-1,-1,-1,-1.0,True,Defensive,Defensive,False
2018-01-18 00:00:00+09:00,121748.5234375,,,,1433.9608763973038,,,-1,-1,-1,-1.0,True,Defensive,Defensive,False
2018-01-19 00:00:00+09:00,120843.328125,,,,1080.2031988772642,,,-1,-1,-1,-1.0,True,Defensive,Defensive,False
2018-01-22 00:00:00+09:00,123106.3046875,,,87.0129817725234,898.3307101818846,,,-1,-1,-1,-1.0,True,Defensive,Defensive,False
2018-01-23 00:00:00+09:00,127179.6796875,,,85.0746237894406,947.2145057180469,,,-1,-1,-1,-1.0,True,Defensive,Defensive,False
2018-01-24 00:00:00+09:00,127632.28125,,,81.1320742426843,904.9411049251448,,,-1,-1,-1,-1.0,True,Defensive,Defensive,False
2018-01-25 00:00:00+09:00,128084.8671875,,,86.27449653094497,805.6846400247141,,,-1,-1,-1,-1.0,True,Defensive,Defensive,False
2018-01-26 00:00:00+09:00,128537.484375,,,85.99999792862097,674.0811584248186,,,-1,-1,-1,-1.0,True,Defensive,Defensive,False
2018-01-29 00:00:00+09:00,129442.6640625,118874.53046875,,88.23530208143302,556.4471795623103,,,-1,-1,-1,-1.0,True,Defensive,Defensive,False
2018-01-30 00:00:00+09:00,129895.25,120503.878125,,86.04650976078744,423.58385047085994,0.024770015378886654,,-1,-1,-1,-1.0,True,Defensive,Defensive,False
2018-01-31 00:00:00+09:00,131994.71875,121808.232421875,,85.59033988895747,392.2747553524505,0.018482758974888665,,-1,-1,-1,-1.0,True,Defensive,Defensive,False
2018-02-01 00:00:00+09:00,132944.3125,122820.61875,,86.28158673790156,351.9827514590088,0.014031685797148849,,-1,-1,-1,-1.0,True,Defensive,Defensive,False
2018-02-02 00:00:00+09:00,131994.71875,123853.41484375,,78.59621828899134,186.168658505655,0.013692623348930158,,-1,-1,-1,-1.0,True,Defensive,Defensive,False
2018-02-05 00:00:00+09:00,125347.5,124508.590234375,,54.90072074195934,-413.66143219598325,0.019201513531161105,,-1,-1,-1,-1.0,True,Defensive,Defensive,False
2018-02-06 00:00:00+09:00,124872.6953125,125162.65546875,,58.30633359592233,-859.228393809175,0.019195160797779526,,-1,-1,-1,-1.0,True,Defensive,Defensive,False
2018-02-07 00:00:00+09:00,121074.28125,125423.13125,,48.644805293712146,-1394.895488732369,0.019452454039199388,,-1,-1,-1,-1.0,True,Defensive,Defensive,False
2018-02-08 00:00:00+09:00,125822.296875,125785.229296875,,58.66841347582015,-1410.362621805496,0.020588089852840764,,-1,-1,-1,-1.0,True,Defensive,Defensive,False
2018-02-09 00:00:00+09:00,123448.2890625,126028.626953125,,50.59310376971955,-1550.264079798837,0.021164928459020613,,-1,-1,-1,-1.0,True,Defensive,Defensive,False
2018-02-12 00:00:00+09:00,122973.4921875,126067.245703125,,41.664803708164705,-1636.0881258022346,0.020131497868489407,,-1,-1,-1,-1.0,True,Defensive,Defensive,False
2018-02-13 00:00:00+09:00,118700.2890625,125846.944921875,,34.627623285440734,-1922.194896635012,0.021560441136944306,,-1,-1,-1,-1.0,True,Defensive,Defensive,False
2018-02-14 00:00:00+09:00,122973.4921875,125930.8234375,,42.22550244717668,-1769.0440576724318,0.022850231768612183,,-1,-1,-1,-1.0,True,Defensive,Defensive,False
2018-02-19 00:00:00+09:00,127246.703125,126205.732421875,,48.24112118570703,-1344.5709709485845,0.024045322213307244,,-1,-1,-1,-1.0,True,Defensive,Defensive,False
2018-02-20 00:00:00+09:00,122498.6875,126288.500390625,,41.434831000505916,-1344.938991095058,0.025612559129694023,,-1,-1,-1,-1.0,True,Defensive,Defensive,False
2018-02-21 00:00:00+09:00,121549.0859375,126210.639453125,,39.82997359413873,-1366.0985945688699,0.02532062606356756,,-1,-1,-1,-1.0,True,Defensive,Defensive,False
2018-02-22 00:00:00+09:00,118700.2890625,125786.669921875,,34.090902716580686,-1517.2693312405345,0.024553273926467997,,-1,-1,-1,-1.0,True,Defensive,Defensive,False
2018-02-23 00:00:00+09:00,123448.2890625,125577.4703125,,39.58332654880498,-1253.7359148745218,0.026320429902523205,,-1,-1,-1,-1.0,True,Defensive,Defensive,False
2018-02-26 00:00:00+09:00,123923.09375,125369.381640625,,41.05262246301255,-1013.9366508188818,0.026323628126816618,,-1,-1,-1,-1.0,True,Defensive,Defensive,False
2018-02-27 00:00:00+09:00,122498.6875,125067.441796875,,46.42856303353927,-920.4764056984441,0.02638352941745305,,-1,-1,-1,-1.0,True,Defensive,Defensive,False
2018-02-28 00:00:00+09:00,124397.890625,124815.203125,,49.42528279112748,-709.4350253968166,0.026606228081943774,,-1,-1,-1,-1.0,True,Defensive,Defensive,False
2018-03-02 00:00:00+09:00,124397.890625,124540.33515625,,54.430384492498305,-555.3449659993653,0.02657983961736184,,-1,-1,-1,-1.0,True,Defensive,Defensive,False
2018-03-05 00:00:00+09:00,117275.875,123804.39296875,,39.28570449150627,-898.273202097743,0.0290521957107857,,-1,-1,-1,-1.0,True,Defensive,Defensive,False
2018-03-06 00:00:00+09:00,131994.71875,123756.91328125,,58.181830692498664,-138.86604475792365,0.04017106331169859,,-1,-1,-1,-1.0,True,Defensive,Defensive,False
2018-03-07 00:00:00+09:00,130095.515625,123661.953125,,56.637176646420166,211.44577838575378,0.04026968286864968,,-1,-1,1,-0.5,True,Defensive,Defensive,False
2018-03-08 00:00:00+09:00,137217.53125,124255.4546875,,66.38655706192706,862.2118246299938,0.04012036556612138,,-1,-1,1,-0.5,True,Defensive,Defensive,False
2018-03-09 00:00:00+09:00,135318.328125,124777.736328125,,61.403516621761455,1089.5042650951182,0.04029477212317314,,-1,-1,1,-0.5,True,Defensive,Defensive,False
2018-03-12 00:00:00+09:00,138167.109375,125632.377734375,,60.360348474718975,1339.978678243895,0.03959015766047951,,-1,-1,1,-0.5,True,Defensive,Defensive,False
2018-03-13 00:00:00+09:00,135318.328125,126107.179296875,,62.61684844287167,1225.193609472054,0.03929772706788622,,-1,-1,1,-0.5,True,Defensive,Defensive,False
2018-03-14 00:00:00+09:00,132469.515625,126558.240625,,60.360375317578644,884.6937382936321,0.0393685568012055,,-1,-1,1,-0.5,True,Defensive,Defensive,False
2018-03-15 00:00:00+09:00,135318.328125,127175.482421875,,65.76577805204856,782.1624885100882,0.039521369455193314,,-1,-1,1,-0.5,True,Defensive,Defensive,False
2018-03-16 00:00:00+09:00,135318.328125,128006.384375,,62.37625697982723,650.5729530059716,0.03840582217349427,,-1,-1,1,-0.5,True,Defensive,Defensive,False
2018-03-19 00:00:00+09:00,134368.71875,128576.145703125,,60.78432005162123,445.5837486481605,0.037898517844508206,,-1,-1,1,-0.5,True,Defensive,Defensive,False
2018-03-20 00:00:00+09:00,139116.734375,129169.647265625,,66.05506110570855,567.928467975381,0.037922123356241004,,-1,-1,1,-0.5,True,Defensive,Defensive,False
2018-03-21 00:00:00+09:00,144339.546875,130261.690234375,,68.10346441708498,918.0322402960537,0.03719625010341218,,-1,-1,1,-0.5,True,Defensive,Defensive,False
2018-03-22 00:00:00+09:00,141490.734375,131258.77265625,,64.75410587805611,875.3333244561404,0.03756851020071689,,-1,-1,1,-0.5,True,Defensive,Defensive,False
2018-03-23 00:00:00+09:00,140066.34375,132327.075390625,,71.81820847137466,677.5798558998299,0.03709202198126327,,-1,-1,-1,-1.0,True,Defensive,Defensive,False
2018-03-26 00:00:00+09:00,140066.34375,133157.978125,,60.759512653545464,482.3647016999844,0.03640021103985726,,-1,-1,1,-0.5,True,Defensive,Defensive,False
2018-03-27 00:00:00+09:00,139116.734375,133917.66015625,,62.337668998187034,237.27275614498194,0.0365159001059171,,-1,-1,1,-0.5,True,Defensive,Defensive,False
2018-03-28 00:00:00+09:00,136267.921875,134606.121875,,48.52939966597833,-147.97637033549063,0.036800076837141926,,-1,-1,-1,-1.0,True,Defensive,Defensive,False
2018-03-29 00:00:00+09:00,130570.3203125,134914.743359375,126201.49231770834,43.42105120721321,-782.3437013176676,0.0382294322178265,,1,-1,-1,-0.30000000000000004,True,Defensive,Defensive,False
2018-03-30 00:00:00+09:00,125347.5,134962.223828125,126668.81236979166,33.33336041853131,-1507.51636318089,0.039436228444106027,0.03130746365460394,1,1,-1,0.5,False,Trend,Defensive,False
2018-04-02 00:00:00+09:00,119649.8828125,135080.92421875,126897.84986979167,31.03448601947011,-2278.453790642397,0.038539250036380555,0.03015290035082485,1,1,-1,0.5,False,Trend,Defensive,False
2018-04-03 00:00:00+09:00,119649.8828125,134463.682421875,127013.73815104166,33.333340104628704,-2668.8601974025396,0.026929922093834577,0.029102571669187123,1,1,-1,0.5,False,Trend,Defensive,False
2018-04-04 00:00:00+09:00,114901.875,133704.000390625,127073.12278645833,24.70588508582732,-3097.2152776766243,0.02802218637034543,0.02954641428379756,1,1,-1,0.5,False,Trend,Defensive,False
2018-04-05 00:00:00+09:00,122973.4921875,132991.7984375,127251.94778645833,37.254898165108756,-2701.7230715514925,0.029787442603640454,0.030788398751258984,1,1,-1,0.5,False,Trend,Defensive,False
2018-04-06 00:00:00+09:00,121549.0859375,132303.336328125,127414.57604166666,36.89320341820375,-2410.447959807099,0.029757642769558057,0.03082735139760604,1,1,-1,0.5,False,Trend,Defensive,False
2018-04-09 00:00:00+09:00,120124.6796875,131401.21484375,127485.574609375,29.16665881090239,-2194.2693279829646,0.02913349774879549,0.03053819263360915,1,1,-1,0.5,False,Trend,Defensive,False
2018-04-10 00:00:00+09:00,119175.078125,130594.05234375,127495.48697916667,19.540222711184697,-2001.190046431295,0.028953275252199016,0.030412386592064876,1,1,-1,0.5,False,Trend,Defensive,False
2018-04-11 00:00:00+09:00,119649.8828125,129953.070703125,127513.31276041667,21.95122195928856,-1737.2471289917262,0.028818448742666578,0.030416533649875798,1,1,-1,0.5,False,Trend,Trend,False
2018-04-12 00:00:00+09:00,122498.6875,129312.088671875,127518.272265625,28.23528341384302,-1287.261909792499,0.028931124248491098,0.030318936650439252,1,1,-1,0.5,False,Trend,Trend,False
2018-04-13 00:00:00+09:00,122498.6875,128671.106640625,127508.1453125,28.23528341384302,-923.1280783947154,0.028931124248491098,0.0303036224666792,1,1,-1,0.5,False,Trend,Trend,False
2018-04-16 00:00:00+09:00,118700.2890625,127887.68515625,127464.884765625,26.373627764518943,-872.1936497072461,0.02953360035649839,0.030516887958711197,1,1,-1,0.5,False,Trend,Trend,False
2018-04-17 00:00:00+09:00,115851.46875,126724.421875,127366.60052083334,26.373622995745038,-957.6488425706284,0.028145107441743512,0.030667304706991073,-1,1,-1,-0.19999999999999996,False,MeanReversion,Trend,False
2018-04-18 00:00:00+09:00,115851.46875,125300.01796875,127283.40286458333,30.379732862116924,-940.1229730934092,0.02610718497402898,0.03065506869557939,-1,1,-1,-0.19999999999999996,False,MeanReversion,Trend,False
2018-04-19 00:00:00+09:00,114427.0703125,123946.834765625,127138.74895833334,33.80281265809701,-947.7283540577009,0.026025503973959,0.030585710906348058,-1,1,-1,-0.19999999999999996,False,MeanReversion,Trend,False
2018-04-20 00:00:00+09:00,115376.671875,122712.351171875,126942.03216145834,42.62294905087252,-817.0236307602927,0.02636634293428202,0.0302904756924028,-1,1,-1,-0.19999999999999996,False,MeanReversion,Trend,False
2018-04-23 00:00:00+09:00,114427.0703125,121430.3875,126721.9453125,41.26984044070251,-725.8211156295397,0.026270979955168926,0.03029466917362387,-1,1,-1,-0.19999999999999996,False,MeanReversion,Trend,False
2018-04-24 00:00:00+09:00,111578.265625,120053.4640625,126446.83528645833,44.06779377404344,-783.707219252522,0.026470772178134046,0.030435508508316892,-1,1,-1,-0.19999999999999996,False,MeanReversion,Trend,False
2018-04-25 00:00:00+09:00,106830.25,118581.58046875,126085.048046875,17.307691699177013,-1051.4216734275328,0.02738362566720829,0.030884794976919632,-1,1,-1,-0.19999999999999996,False,MeanReversion,Trend,False
2018-04-26 00:00:00+09:00,113002.6640625,117703.19765625,125811.048046875,35.48386925554044,-737.3057253970592,0.03034536200814669,0.031795700038082825,-1,1,-1,-0.19999999999999996,False,MeanReversion,Trend,False
2018-04-27 00:00:00+09:00,112527.8671875,117062.216015625,125521.59166666666,36.66667397967131,-497.5052342846616,0.029298181869774877,0.03178762086869444,-1,1,-1,-0.19999999999999996,False,MeanReversion,Trend,False
2018-04-30 00:00:00+09:00,113477.46875,116753.5953125,125212.97083333334,40.00000548475349,-224.81927414380516,0.027774962777149963,0.031727864304101426,-1,1,-1,-0.19999999999999996,False,MeanReversion,Trend,False
2018-05-02 00:00:00+09:00,113952.265625,116468.714453125,124896.43671875,39.999989030490035,24.395494940008575,0.027811583360426984,0.03171472466123478,-1,1,-1,-0.19999999999999996,False,MeanReversion,MeanReversion,False
2018-05-03 00:00:00+09:00,113477.46875,116397.494140625,124587.81588541667,32.727267831788325,185.1782692100287,0.026343209020381037,0.03170972133848048,-1,1,-1,-0.19999999999999996,False,MeanReversion,MeanReversion,False
2018-05-04 00:00:00+09:00,118225.4765625,116160.093359375,124469.11549479167,43.07691762462145,614.9902186339878,0.02315464850671818,0.03153120178355346,-1,1,-1,-0.19999999999999996,False,MeanReversion,MeanReversion,False
2018-05-08 00:00:00+09:00,120599.4921875,116112.613671875,124397.89544270834,53.22580388331066,1037.9886680281825,0.02353116253735412,0.03164326507372899,-1,1,1,0.30000000000000004,False,Trend,MeanReversion,False
2018-05-09 00:00:00+09:00,118225.4765625,116017.653515625,124350.41536458333,54.098364635536825,1129.1682216679137,0.023805449760943464,0.03149610749312734,-1,1,1,0.30000000000000004,False,Trend,Trend,False
2018-05-10 00:00:00+09:00,119175.078125,116017.653515625,124239.62838541667,55.55555845754122,1217.1222185261863,0.023820601345054516,0.03110206676122928,-1,1,1,0.30000000000000004,False,Trend,Trend,False
2018-05-11 00:00:00+09:00,121549.0859375,116112.613671875,124207.975,61.53845764396334,1386.5720164986092,0.024215964998633592,0.031121492568918,-1,1,1,0.30000000000000004,False,Trend,Trend,False
2018-05-14 00:00:00+09:00,122023.890625,116088.873828125,124192.14830729166,60.93750160686059,1473.855980708122,0.023636511467811726,0.03112240605243515,-1,1,1,0.30000000000000004,False,Trend,Trend,False
2018-05-15 00:00:00+09:00,117750.671875,115851.473046875,124176.32135416666,54.92956538767716,1198.6974430547823,0.02492976060852449,0.03112780621861761,-1,1,1,0.30000000000000004,False,Trend,Trend,False
2018-05-16 00:00:00+09:00,116326.28125,115732.77265625,124065.53450520833,57.35294615829476,889.8647137448868,0.024085431438578258,0.03081227359999453,-1,1,1,0.30000000000000004,False,Trend,Trend,False
2018-05-17 00:00:00+09:00,116801.078125,115780.253125,123891.44075520833,67.79661867786969,695.2887031924686,0.023469553374746814,0.030474585519329817,-1,1,1,0.30000000000000004,False,Trend,Trend,False
2018-05-18 00:00:00+09:00,121074.28125,116041.39375,123867.70065104167,65.454545998488,823.3472959398928,0.024775620482270694,0.030464856651718393,-1,1,1,0.30000000000000004,False,Trend,Trend,False
2018-05-21 00:00:00+09:00,121549.0859375,116397.49453125,123867.70065104167,67.27272183330342,902.6324749627263,0.024537829758074964,0.030452903103125543,-1,1,1,0.30000000000000004,False,Trend,Trend,False
2018-05-23 00:00:00+09:00,120124.6796875,116634.894921875,123891.44049479166,62.499988981525696,823.9306759416728,0.024721207533785577,0.03033415438921236,-1,1,1,0.30000000000000004,False,Trend,Trend,False
2018-05-24 00:00:00+09:00,119649.8828125,116896.035546875,123828.13372395834,60.714290961178236,709.055325329671,0.024645617089879317,0.029901820911377473,-1,1,1,0.30000000000000004,False,Trend,Trend,False
2018-05-25 00:00:00+09:00,115851.46875,117109.695703125,123693.606640625,53.968242774886534,363.80748423616444,0.025104887758187817,0.030174553667683575,-1,1,1,0.30000000000000004,False,Trend,Trend,False
2018-05-28 00:00:00+09:00,109679.0546875,117252.1359375,123479.94609375,36.363640896487325,-260.0672332596291,0.02627536901714461,0.03093339755439194,-1,1,-1,-0.19999999999999996,False,MeanReversion,Trend,False
2018-05-29 00:00:00+09:00,109679.0546875,117085.95546875,123234.63216145833,31.147525064414367,-631.373543974722,0.02288699502006659,0.030851833013599346,-1,1,-1,-0.19999999999999996,False,MeanReversion,Trend,False
2018-05-30 00:00:00+09:00,107305.046875,116824.814453125,122949.75143229167,31.147533466208216,-974.9749844787152,0.023334218955007074,0.03095576927106961,-1,1,-1,-0.19999999999999996,False,MeanReversion,Trend,False
2018-05-31 00:00:00+09:00,108729.453125,116587.413671875,122807.31106770833,32.25806537222978,-1038.5713168935504,0.0234746228476067,0.0301139342125356,-1,1,-1,-0.19999999999999996,False,MeanReversion,Trend,False
2018-06-01 00:00:00+09:00,109679.0546875,116373.753125,122435.38333333333,28.813553177094107,-951.2658591386771,0.0235602043165985,0.0257512392717021,-1,1,-1,-0.19999999999999996,False,MeanReversion,Trend,False
2018-06-04 00:00:00+09:00,112053.0625,116302.5328125,122134.67578125,33.33332462737633,-680.8843726033156,0.024118978369699673,0.02589848257384208,-1,1,-1,-0.19999999999999996,False,MeanReversion,MeanReversion,False
2018-06-05 00:00:00+09:00,114901.875,116136.352734375,121762.74817708334,45.00001645426045,-278.07542316896706,0.02290746323131621,0.02511302453060714,-1,1,-1,-0.19999999999999996,False,MeanReversion,MeanReversion,False
2018-06-07 00:00:00+09:00,118700.2890625,116041.392578125,121485.780859375,53.84615579340246,247.85572713921783,0.023687473395383303,0.025482324182234773,-1,1,1,0.30000000000000004,False,Trend,MeanReversion,False
2018-06-08 00:00:00+09:00,115376.671875,115898.95234375,121105.940234375,47.88732133239521,368.3109983729414,0.024121343430370867,0.02552122206138493,-1,1,1,0.30000000000000004,False,Trend,Trend,False
2018-06-11 00:00:00+09:00,118225.4765625,115851.472265625,120821.059375,45.58824276684848,621.3774685075773,0.024722069409786062,0.025653222668019133,-1,1,1,0.30000000000000004,False,Trend,Trend,False
2018-06-12 00:00:00+09:00,115376.671875,115542.8515625,120536.17864583334,41.095897821390295,579.271541869897,0.02479995232900271,0.025695484157908535,-1,1,-1,-0.19999999999999996,False,MeanReversion,Trend,False
2018-06-14 00:00:00+09:00,110628.6640625,114973.090234375,120124.68424479167,37.50001542585859,231.84155405479532,0.026249490828201032,0.026008517063063948,-1,1,-1,-0.19999999999999996,False,MeanReversion,Trend,False
2018-06-15 00:00:00+09:00,109204.2578125,114545.76953125,119689.44973958333,36.585374663189604,-77.17071275311059,0.025324810049345066,0.026033959104315173,-1,1,-1,-0.19999999999999996,False,MeanReversion,Trend,False
2018-06-18 00:00:00+09:00,104931.0390625,113976.007421875,119198.82174479167,36.144584045607196,-527.5332334041818,0.026540175883124066,0.026450797696295446,-1,1,-1,-0.19999999999999996,False,MeanReversion,Trend,False
2018-06-19 00:00:00+09:00,100183.0390625,113145.10546875,118549.92682291666,37.50001542585859,-1071.9796824848572,0.027970360792572133,0.026502291215240007,-1,1,-1,-0.19999999999999996,False,MeanReversion,Trend,False
2018-06-20 00:00:00+09:00,102557.0390625,112219.243359375,117853.55169270834,41.17647514304552,-1189.9026724357484,0.027069144557869598,0.0261935710642228,-1,1,-1,-0.19999999999999996,False,MeanReversion,Trend,False
2018-06-21 00:00:00+09:00,101132.640625,111198.42109375,117180.916796875,42.16868664120685,-1274.0001889917608,0.026939690729829824,0.02614998926827371,-1,1,-1,-0.19999999999999996,False,MeanReversion,Trend,False
2018-06-22 00:00:00+09:00,104931.0390625,110438.7390625,116595.32838541667,45.454538655264365,-996.277624058629,0.028824367163895217,0.02670990094902096,-1,1,-1,-0.19999999999999996,False,MeanReversion,Trend,False
2018-06-25 00:00:00+09:00,105880.65625,109750.277734375,116025.56692708333,45.45455905310256,-685.8637633075623,0.02903581554757431,0.02676269075775678,-1,1,-1,-0.19999999999999996,False,MeanReversion,MeanReversion,False
2018-06-26 00:00:00+09:00,102557.0390625,109085.55625,115416.238671875,38.88889193597249,-642.3766516938854,0.02901851043890536,0.026991731975615604,-1,1,-1,-0.19999999999999996,False,MeanReversion,MeanReversion,True
2018-06-27 00:00:00+09:00,94865.265625,108344.866796875,114726.19440104166,28.942116161790324,-1045.775142195792,0.03143073024992076,0.028522320254677862,-1,1,-1,-0.19999999999999996,False,MeanReversion,MeanReversion,True
2018-06-28 00:00:00+09:00,96859.421875,107703.88515625,114164.34609375,26.14105773243564,-1087.6091173884088,0.03202211996445505,0.02831598225621111,-1,1,-1,-0.19999999999999996,False,MeanReversion,MeanReversion,True
2018-06-29 00:00:00+09:00,96859.421875,107181.60390625,113689.54479166666,28.187903281318953,-1025.4119649300146,0.031831883985870266,0.027927893646236997,-1,1,-1,-0.19999999999999996,False,MeanReversion,MeanReversion,True
2018-07-02 00:00:00+09:00,94200.5390625,106455.158203125,113265.3890625,21.57302033007626,-1068.617162756705,0.031911654401870077,0.02755072206661407,-1,1,-1,-0.19999999999999996,False,MeanReversion,MeanReversion,True
2018-07-03 00:00:00+09:00,94960.2265625,105719.216796875,112853.89479166667,24.586285197485182,-955.0208582828482,0.03189463160960286,0.027589903895778672,-1,1,-1,-0.19999999999999996,False,MeanReversion,MeanReversion,True
2018-07-04 00:00:00+09:00,94295.5078125,104831.3390625,112510.45533854167,27.368417862054386,-837.8249093918002,0.031177440401581595,0.02717174298007076,-1,1,-1,-0.19999999999999996,False,MeanReversion,MeanReversion,True
2018-07-05 00:00:00+09:00,96384.625,103905.4765625,112067.30755208334,32.55812618637073,-546.8634299033447,0.031003311156235547,0.0257408424261034,-1,1,-1,-0.19999999999999996,False,MeanReversion,MeanReversion,True
2018-07-06 00:00:00+09:00,99233.4375,102932.133984375,111695.380078125,41.93549528565296,-112.51337134717141,0.03077367659820221,0.026073244084280436,-1,1,-1,-0.19999999999999996,False,MeanReversion,MeanReversion,False
2018-07-09 00:00:00+09:00,96384.625,101982.531640625,111299.7125,44.31817305348312,25.58784679459768,0.030798332506116806,0.026263422857228942,-1,1,-1,-0.19999999999999996,False,MeanReversion,MeanReversion,True
2018-07-10 00:00:00+09:00,96384.625,100890.4890625,110919.87161458333,40.061162541151376,152.5127755277872,0.029875906330695718,0.026261554924174875,-1,1,-1,-0.19999999999999996,False,MeanReversion,MeanReversion,False
2018-07-11 00:00:00+09:00,94485.4140625,99845.926171875,110500.46380208334,39.45781751688977,144.22819548887855,0.02978046467638835,0.02632660028691595,-1,1,-1,-0.19999999999999996,False,MeanReversion,MeanReversion,True
2018-07-12 00:00:00+09:00,91161.8125,98872.58359375,109978.18255208334,27.828766104848796,-39.598801112800174,0.02945935505610184,0.0263918297013621,-1,1,-1,-0.19999999999999996,False,MeanReversion,MeanReversion,True
2018-07-13 00:00:00+09:00,90592.0546875,97941.9734375,109446.40533854166,25.077387236741387,-147.98174035108605,0.02945810662762766,0.026384412587804315,-1,1,-1,-0.19999999999999996,False,MeanReversion,MeanReversion,True
2018-07-16 00:00:00+09:00,92206.375,97305.740234375,109004.84010416667,32.13113781258049,-63.6761494064267,0.02912457320842335,0.026311717750658645,-1,1,-1,-0.19999999999999996,False,MeanReversion,MeanReversion,True
2018-07-17 00:00:00+09:00,91731.578125,96883.1671875,108602.84192708334,42.794754177516424,3.805993351305915,0.027574157384766956,0.026179806629484784,-1,1,-1,-0.19999999999999996,False,MeanReversion,MeanReversion,True
2018-07-18 00:00:00+09:00,90402.1328125,96275.421875,108178.686328125,34.684695201470205,2.655657982120829,0.02685597581152369,0.02621085568129977,-1,1,-1,-0.19999999999999996,False,MeanReversion,MeanReversion,True
2018-07-19 00:00:00+09:00,90592.0546875,95748.392578125,107781.43606770833,35.26787206371324,55.50452904168196,0.02685476756387379,0.026200347047459854,-1,1,-1,-0.19999999999999996,False,MeanReversion,MeanReversion,True
2018-07-20 00:00:00+09:00,92016.453125,95102.66328125,107392.09908854167,44.54975952212455,218.08353561005242,0.025474058019910418,0.026275057598499147,-1,1,-1,-0.19999999999999996,False,MeanReversion,MeanReversion,False
2018-07-23 00:00:00+09:00,94485.4140625,94532.901171875,107059.73815104166,48.908269959245146,507.0810870860778,0.02632161257659607,0.0265556686625038,-1,1,1,0.30000000000000004,False,Trend,MeanReversion,False
2018-07-24 00:00:00+09:00,93250.9375,94067.59609375,106754.28268229167,47.6595548034047,622.6651344676893,0.02566518420343772,0.026431525978525442,-1,1,1,0.30000000000000004,False,Trend,Trend,False
2018-07-25 00:00:00+09:00,93630.7890625,94005.872265625,106534.29166666667,43.317997509113354,725.1013200824464,0.019053557369683376,0.025904385271134103,-1,1,-1,-0.19999999999999996,False,MeanReversion,Trend,False
2018-07-26 00:00:00+09:00,99233.4375,94124.573046875,106304.80455729166,50.0,1145.5808491157668,0.02273608216147171,0.025979791679190838,-1,1,1,0.30000000000000004,False,Trend,Trend,False
2018-07-27 00:00:00+09:00,100657.8359375,94314.49375,106106.970703125,59.74027176620968,1474.104388230493,0.022918748671730212,0.026064359477555598,-1,1,1,0.30000000000000004,False,Trend,Trend,False
2018-07-30 00:00:00+09:00,102082.2421875,94708.57890625,105917.05026041667,62.195140304437466,1724.4106640620957,0.02194963604356792,0.026112206092656094,-1,1,1,0.30000000000000004,False,Trend,Trend,False
2018-07-31 00:00:00+09:00,101132.640625,95017.199609375,105703.38984375,64.8305505733723,1757.1364928029539,0.022125610588415574,0.026118426329703178,-1,1,1,0.30000000000000004,False,Trend,Trend,False
2018-08-01 00:00:00+09:00,101132.640625,95359.05625,105497.64270833334,76.11944330519734,1708.36805429871,0.022011074993131565,0.026118065013678356,-1,1,-1,-0.19999999999999996,False,MeanReversion,Trend,False
2018-08-02 00:00:00+09:00,96859.421875,95382.79609375,105141.541796875,63.74998843059574,1334.4765560540463,0.023877656835697935,0.026034401288522295,-1,1,1,0.30000000000000004,False,Trend,Trend,False
2018-08-03 00:00:00+09:00,103031.84375,95572.71640625,104848.74765625,69.7916708326025,1439.9790725671387,0.026883136254485393,0.027202913801447934,-1,1,1,0.30000000000000004,False,Trend,Trend,False
2018-08-06 00:00:00+09:00,105405.84375,96023.77734375,104635.087109375,73.37661123505227,1594.737440034111,0.02622987213727624,0.027301554331224297,-1,1,-1,-0.19999999999999996,False,MeanReversion,Trend,False
2018-08-07 00:00:00+09:00,105880.65625,96498.57890625,104413.51341145833,77.25752747626171,1647.4192926760911,0.026208772383458964,0.02728372603930223,-1,1,-1,-0.19999999999999996,False,MeanReversion,MeanReversion,False
2018-08-08 00:00:00+09:00,106830.25,97115.820703125,104168.19947916667,77.85015745438164,1659.904522001129,0.025569612193718557,0.02717359604351621,-1,1,-1,-0.19999999999999996,False,MeanReversion,MeanReversion,False
2018-08-09 00:00:00+09:00,105880.65625,97851.762890625,103899.14557291666,74.17220635820922,1521.5558226454978,0.023900549583410376,0.027175650273591725,-1,1,-1,-0.19999999999999996,False,MeanReversion,MeanReversion,False
2018-08-10 00:00:00+09:00,104931.0390625,98568.712109375,103685.48502604167,69.23075816685873,1292.4503771368486,0.023991202475259918,0.02683819879778284,-1,1,1,0.30000000000000004,False,Trend,MeanReversion,False
2018-08-13 00:00:00+09:00,102082.2421875,99062.50546875,103448.084375,65.34653438463141,894.3234807506446,0.02507198193003097,0.027010232276682793,-1,1,1,0.30000000000000004,False,Trend,MeanReversion,False
2018-08-14 00:00:00+09:00,102557.0390625,99603.778515625,103210.68372395834,65.46050815514201,621.1933277144267,0.02495660712058224,0.027012555412428415,-1,1,1,0.30000000000000004,False,Trend,MeanReversion,False
2018-08-16 00:00:00+09:00,98283.828125,99997.86328125,102830.84283854166,48.2758493516456,136.3040541388557,0.026857154062922228,0.027036784719188987,-1,1,1,0.30000000000000004,False,Trend,MeanReversion,False
2018-08-17 00:00:00+09:00,97809.03125,100358.712109375,102435.17526041667,44.64286186506041,-213.7977896024522,0.026930209887472915,0.027019847994978006,-1,1,-1,-0.19999999999999996,False,MeanReversion,MeanReversion,False
2018-08-20 00:00:00+09:00,106830.25,101099.401953125,102213.60143229166,56.94443968337436,145.43625474757346,0.032846728003153164,0.029480396279818844,-1,1,1,0.30000000000000004,False,Trend,MeanReversion,False
2018-08-21 00:00:00+09:00,105880.65625,101669.1640625,101984.11432291666,56.944452696967794,293.7912106652959,0.032721890537080855,0.0294930992991504,-1,1,1,0.30000000000000004,False,Trend,Trend,False
2018-08-22 00:00:00+09:00,111103.4609375,102561.790234375,101904.980859375,62.650603603880434,695.4326662624146,0.03371959718200975,0.02992030246812202,1,1,1,1.0,False,Trend,Trend,True
2018-08-23 00:00:00+09:00,109204.2578125,103340.463671875,101897.067578125,66.66668776188394,778.6795520973444,0.03420872247115496,0.029153823180425153,1,1,1,1.0,False,Trend,Trend,False
2018-08-24 00:00:00+09:00,108254.6640625,103791.525,101873.327734375,58.20897868286685,716.8260342606968,0.032231432354458786,0.029175250860617053,1,1,1,1.0,False,Trend,Trend,False
2018-08-27 00:00:00+09:00,109204.2578125,104218.84609375,101904.98125,56.25001767549842,686.8367759483876,0.032165763075036685,0.02905741253359514,1,1,1,1.0,False,Trend,Trend,False
2018-08-28 00:00:00+09:00,112527.8671875,104741.12734375,101968.28815104166,60.00000940244853,828.3301957772164,0.03261981231415474,0.029263875952823964,1,1,1,1.0,False,Trend,Trend,False
2018-08-29 00:00:00+09:00,113952.265625,105382.10859375,102039.50833333333,60.56339464369062,946.7971800208061,0.0324850104530869,0.029286430396250233,1,1,1,1.0,False,Trend,Trend,False
2018-08-30 00:00:00+09:00,113002.6640625,105975.609765625,102055.33502604166,60.563380608099166,890.9603292705165,0.03261952962549761,0.029180510470946573,1,1,1,1.0,False,Trend,Trend,False
2018-08-31 00:00:00+09:00,112053.0625,106735.291796875,102007.85481770833,60.56340867928857,726.7695927416689,0.030760727280855805,0.029014962713779156,1,1,1,1.0,False,Trend,Trend,False
2018-09-03 00:00:00+09:00,113952.265625,107281.312890625,101928.72109375,68.11596311092786,683.4194944084311,0.02809608177438735,0.028782546744637184,1,1,1,1.0,False,Trend,Trend,False
2018-09-04 00:00:00+09:00,112527.8671875,107637.4140625,101881.241015625,64.78876177118535,504.4203123625025,0.02803325186859363,0.02859616875937219,1,1,1,1.0,False,Trend,Trend,False
2018-09-05 00:00:00+09:00,114427.0703125,108064.734765625,101817.93424479167,75.75762637452497,460.73715676376423,0.02819460860116581,0.028500530202836015,1,1,-1,0.5,False,Trend,Trend,False
2018-09-06 00:00:00+09:00,117750.671875,108610.755859375,101857.50091145834,79.16670475528822,594.0090756834752,0.02871959221872706,0.028570527760124094,1,1,-1,0.5,False,Trend,Trend,False
2018-09-07 00:00:00+09:00,119175.078125,109275.476953125,101999.94114583333,73.21432768951227,708.6505980943493,0.028571670434186597,0.028059713263619186,1,1,-1,0.5,False,Trend,Trend,False
2018-09-10 00:00:00+09:00,118700.2890625,109963.939453125,102158.20833333333,74.54551002769406,682.787884827786,0.028455535460430274,0.028006632091557685,1,1,-1,0.5,False,Trend,Trend,False
2018-09-11 00:00:00+09:00,117750.671875,110747.3609375,102371.86888020833,65.21740219092331,538.3569714677947,0.027560663914422197,0.027507634682554277,1,1,1,1.0,False,Trend,Trend,False
2018-09-12 00:00:00+09:00,120599.4921875,111649.48359375,102712.14309895833,75.00003427972807,568.3614974471102,0.02780430895523188,0.02690818831593841,1,1,-1,0.5,False,Trend,Trend,False
2018-09-13 00:00:00+09:00,122498.6875,112860.2265625,103044.50390625,80.0,644.2276307730444,0.025140808278198284,0.026827069208216373,1,1,-1,0.5,False,Trend,Trend,False
2018-09-14 00:00:00+09:00,122973.4921875,114118.449609375,103408.51809895833,79.59184701432393,652.4922958894354,0.024926218995350274,0.026734760367879584,1,1,-1,0.5,False,Trend,Trend,False
2018-09-17 00:00:00+09:00,123923.09375,114973.091796875,103725.05234375,77.27273577183023,646.7656884104972,0.017168201717642717,0.026375974529546355,1,1,-1,0.5,False,Trend,Trend,False
2018-09-18 00:00:00+09:00,122498.6875,115803.993359375,104002.01953125,70.45454885418536,479.59207824184796,0.017309644524590533,0.026427172509879904,1,1,-1,0.5,False,Trend,Trend,False
2018-09-19 00:00:00+09:00,119175.078125,116207.57421875,104278.98684895833,63.26530338121521,97.69433751131328,0.016137396371846725,0.026336517328956643,1,1,1,1.0,False,Trend,Trend,False
2018-09-20 00:00:00+09:00,123448.2890625,116919.77578125,104755.37057291667,71.4285672310574,85.82004189707368,0.016836731125550244,0.024462368234868765,1,1,-1,0.5,False,Trend,Trend,False
2018-09-21 00:00:00+09:00,121549.0859375,117584.496875,105166.86497395833,64.2857163844713,-87.61290348536022,0.017215132902947374,0.02449850135344086,1,1,-1,0.5,False,Trend,Trend,False
2018-09-27 00:00:00+09:00,127721.5078125,118510.359375,105681.23307291667,74.24241895409813,162.0958991915495,0.019804789790219917,0.02519356865720683,1,1,-1,0.5,False,Trend,Trend,False
2018-09-28 00:00:00+09:00,127721.5078125,119270.04140625,106239.91588541666,72.58064173688915,269.6526103711294,0.019164340442037082,0.024839799446512774,1,1,-1,0.5,False,Trend,Trend,False
2018-10-01 00:00:00+09:00,129620.6953125,120053.462890625,106817.59036458333,71.18642697002733,403.0599605723337,0.019207921547280602,0.024868550743307988,1,1,-1,0.5,False,Trend,Trend,False
2018-10-02 00:00:00+09:00,134368.71875,121121.765625,107485.47721354167,74.24241895409813,726.5639557097165,0.019953263714936224,0.025128925923489545,1,1,-1,0.5,False,Trend,Trend,False
2018-10-04 00:00:00+09:00,133893.90625,122213.8078125,108110.63190104166,74.24236342671944,817.29305686095,0.019761472756547997,0.02506883282289432,1,1,-1,0.5,False,Trend,Trend,False
2018-10-05 00:00:00+09:00,133419.109375,123187.15,108680.39309895833,75.38459902773123,755.5054156087035,0.01985707774926244,0.024900741329379816,1,1,-1,0.5,False,Trend,Trend,False
2018-10-08 00:00:00+09:00,126771.90625,123899.351953125,109186.84778645834,58.9041102065776,205.73174853817636,0.023484344149574683,0.02556312660875263,1,1,1,1.0,False,Trend,Trend,False
2018-10-10 00:00:00+09:00,128671.1015625,124611.553515625,109724.95572916667,58.9041102065776,-76.13978350314119,0.023442929961464198,0.02559016384567396,1,1,-1,0.5,False,Trend,Trend,False
2018-10-11 00:00:00+09:00,121074.28125,124777.733984375,110168.103515625,47.72726465312643,-781.1592707501859,0.02712051079275646,0.02677916354453181,1,1,-1,0.5,False,Trend,Trend,False
2018-10-12 00:00:00+09:00,122023.890625,124920.174609375,110682.471484375,47.72727442709268,-1167.247815442599,0.027049867171020637,0.026263577210764975,1,1,-1,0.5,False,Trend,Trend,False
2018-10-15 00:00:00+09:00,125347.5,125252.53515625,111261.72890625,53.260876174914486,-1179.033696782525,0.027613774359235146,0.026373835871984302,1,1,-1,0.5,False,Trend,Trend,False
2018-10-16 00:00:00+09:00,124397.890625,125584.89609375,111798.25416666667,56.32183842828951,-1225.6156661235245,0.02760517100516226,0.026376635875215156,1,1,-1,0.5,False,Trend,Trend,False
2018-10-17 00:00:00+09:00,125822.296875,125846.036328125,112366.4328125,53.08642201018579,-1137.267688431657,0.027239608203080756,0.02635517474743974,1,1,-1,0.5,False,Trend,Trend,False
2018-10-18 00:00:00+09:00,119175.078125,125679.855859375,112845.98190104167,47.252745464457455,-1481.49976855047,0.029781486640371158,0.027341433456300534,1,1,-1,0.5,False,Trend,Trend,False
2018-10-19 00:00:00+09:00,119649.8828125,125513.675390625,113330.27903645833,39.24050079251186,-1620.9318988952718,0.029782494179466636,0.027339590184410047,1,1,-1,0.5,False,Trend,Trend,False
2018-10-22 00:00:00+09:00,119649.8828125,125300.01484375,113790.83619791667,39.24050079251186,-1651.2966199302805,0.02970888162393943,0.027307715466934463,1,1,-1,0.5,False,Trend,Trend,False
2018-10-23 00:00:00+09:00,113952.265625,124872.69375,114115.28372395833,31.0345049323967,-1971.5532121586302,0.03146980297643495,0.02799539777156446,1,1,-1,0.5,False,Trend,Trend,False
2018-10-24 00:00:00+09:00,112527.8671875,124540.333203125,114436.56588541667,21.25000899841936,-2179.5196271670175,0.03104754203253203,0.02798985307722527,1,1,-1,0.5,False,Trend,Trend,False
2018-10-25 00:00:00+09:00,112053.0625,123970.571875,114743.60377604167,21.25001336908295,-2240.6343705905983,0.029724672785393768,0.02800563951667283,1,1,-1,0.5,False,Trend,Trend,False
2018-10-26 00:00:00+09:00,110153.859375,123400.810546875,114925.61080729167,20.48193917555858,-2292.2965170793304,0.02975680294105363,0.027167224841217818,1,1,-1,0.5,False,Trend,Trend,False
2018-10-29 00:00:00+09:00,110628.6640625,122546.168359375,115091.79127604167,25.714296459915914,-2178.5975039249856,0.026990435745640154,0.027119880991205648,1,1,-1,0.5,False,Trend,Trend,False
2018-10-30 00:00:00+09:00,117275.875,122023.88671875,115345.01848958334,35.00001131229398,-1568.3395982276732,0.030705722883875637,0.02805227157433037,1,1,-1,0.5,False,Trend,Trend,False
2018-10-31 00:00:00+09:00,118225.4765625,121454.12578125,115629.89908854167,45.45455225382019,-1038.8724829201024,0.030523318358324874,0.028019661123304458,1,1,-1,0.5,False,Trend,Trend,False
2018-11-01 00:00:00+09:00,110153.859375,120243.3828125,115780.252734375,34.56790324087805,-1161.1443158207057,0.03232837601250827,0.02957507572262015,1,1,-1,0.5,False,Trend,Trend,False
2018-11-02 00:00:00+09:00,114427.0703125,119270.041015625,116073.046875,36.1445785521012,-895.0392297120952,0.034053710996275216,0.02935746051113993,1,1,-1,0.5,False,Trend,Trend,False
2018-11-05 00:00:00+09:00,115376.671875,118367.919140625,116278.79401041666,38.554222122131016,-609.5216935140393,0.03423433577090239,0.028329539184169344,1,1,-1,0.5,False,Trend,Trend,False
2018-11-06 00:00:00+09:00,121549.0859375,118106.778125,116547.848046875,45.16128975184681,7.8928048163381845,0.03504814267533981,0.02894276985776673,1,1,1,1.0,False,Trend,Trend,False
2018-11-07 00:00:00+09:00,119649.8828125,117655.7171875,116777.33515625,50.60241417667156,285.8382594315585,0.03493623853549976,0.029035479644202798,1,1,1,1.0,False,Trend,Trend,False
2018-11-08 00:00:00+09:00,122498.6875,117726.9375,117038.47578125,53.4090889967931,638.7960172097401,0.03268505270900141,0.02915516354304329,1,1,1,1.0,False,Trend,Trend,False
2018-11-09 00:00:00+09:00,122498.6875,117750.67734375,117315.44296875,53.4090889967931,837.0073993154591,0.03264078001222985,0.029119744200680912,1,1,1,1.0,False,Trend,Trend,False
2018-11-12 00:00:00+09:00,126297.09375,117798.15703125,117671.54388020834,65.47619420731587,1168.333886839584,0.032808235853612554,0.029303407944874744,1,1,1,1.0,False,Trend,Trend,False
2018-11-13 00:00:00+09:00,126771.90625,117916.8578125,118083.03828125,68.29268831043483,1350.9588037430103,0.03276106154705585,0.029026476707049335,-1,1,1,0.30000000000000004,False,Trend,Trend,False
2018-11-14 00:00:00+09:00,119175.078125,117584.496875,118360.00559895833,57.731955789963656,912.6146008442412,0.03550546305300729,0.030228778199642276,-1,1,1,0.30000000000000004,False,Trend,Trend,False
2018-11-15 00:00:00+09:00,121549.0859375,117703.197265625,118747.75989583334,62.24489401866081,742.2731338320156,0.033656969368488304,0.029720237848106963,-1,1,1,0.30000000000000004,False,Trend,Trend,False
2018-11-16 00:00:00+09:00,127721.5078125,118106.778515625,119246.301171875,66.36363418786746,989.5542918368942,0.03536814672369235,0.03028398157493053,-1,1,1,0.30000000000000004,False,Trend,Trend,False
2018-11-19 00:00:00+09:00,127721.5078125,118510.359765625,119594.48880208333,61.45833672559402,1089.465395035483,0.03536814672369235,0.028218736280380453,-1,1,1,0.30000000000000004,False,Trend,Trend,False
2018-11-20 00:00:00+09:00,131045.109375,119365.001953125,120013.89635416666,63.36633469805878,1301.3916729569892,0.033468832993145924,0.02832489386159506,-1,1,1,0.30000000000000004,False,Trend,Trend,False
2018-11-21 00:00:00+09:00,130095.515625,120243.384375,120330.43059895834,74.41860999056368,1296.745889872568,0.033326292948129194,0.027743663994563232,-1,1,-1,-0.19999999999999996,False,MeanReversion,Trend,False
2018-11-22 00:00:00+09:00,128671.1015625,121074.286328125,120654.87799479166,68.74998714511784,1123.3430050090717,0.0334833759571163,0.027679594735190997,1,1,1,1.0,False,Trend,Trend,True
2018-11-23 00:00:00+09:00,127246.703125,121928.928515625,120971.41197916666,65.43209675912195,850.6971750917173,0.0332843077362764,0.027698160190205025,1,1,1,1.0,False,Trend,Trend,False
2018-11-26 00:00:00+09:00,126297.09375,122712.35,121256.292578125,57.14284706882882,558.501352634609,0.0334426560499224,0.027717387936847585,1,1,1,1.0,False,Trend,Trend,False
2018-11-27 00:00:00+09:00,125822.296875,123139.67109375,121477.86640625,59.70148557294058,298.39784838937385,0.031194764087778756,0.027490182134949647,1,1,1,1.0,False,Trend,Trend,False
2018-11-28 00:00:00+09:00,129620.6953125,123709.43203125,121739.00690104166,60.8695475915387,344.0694757851775,0.03173303004804168,0.027692150148728677,1,1,1,1.0,False,Trend,Trend,False
2018-11-29 00:00:00+09:00,128671.1015625,124635.294140625,122000.14752604166,59.15492794542193,275.2108765038338,0.026559074650532307,0.027685924928943284,1,1,1,1.0,False,Trend,Trend,False
2018-11-30 00:00:00+09:00,125347.5,125181.315625,122221.721484375,48.57144133187345,-13.954262217397627,0.026586857219798705,0.027894856182678753,1,1,-1,0.5,False,Trend,Trend,False
2018-12-03 00:00:00+09:00,127721.5078125,125798.557421875,122451.20885416666,51.35135075039218,-62.40483317375765,0.02676690841944899,0.027913738544021658,1,1,-1,0.5,False,Trend,Trend,False
2018-12-04 00:00:00+09:00,131519.90625,126297.0984375,122767.74283854167,69.69698707292434,133.60319780836562,0.025090883123800953,0.028068786093090336,1,1,1,1.0,False,Trend,Trend,False
2018-12-05 00:00:00+09:00,131994.71875,126914.340234375,123060.53697916666,67.74196202301528,260.15008092196877,0.02466104481208294,0.028007811846078867,1,1,1,1.0,False,Trend,Trend,False
2018-12-06 00:00:00+09:00,128196.296875,127199.220703125,123234.63072916666,50.877171205494456,63.22549610079432,0.025373869032656107,0.02808407915694104,1,1,1,1.0,False,Trend,Trend,False
2018-12-07 00:00:00+09:00,128671.1015625,127507.84140625,123392.89778645833,51.72412325719548,-53.55839351187933,0.025369903513360128,0.02805132592340758,1,1,-1,0.5,False,Trend,Trend,False
2018-12-10 00:00:00+09:00,128671.1015625,127626.541796875,123559.07799479166,45.09803352217018,-144.16849899476074,0.02449490757231223,0.028043348343908647,1,1,-1,0.5,False,Trend,Trend,False
2018-12-11 00:00:00+09:00,126297.09375,127602.801171875,123701.518359375,42.592568893049176,-364.79849550719973,0.024867399025011647,0.02813653702095642,1,1,-1,0.5,False,Trend,Trend,False
2018-12-12 00:00:00+09:00,132944.3125,128291.262890625,123907.26536458333,56.92307887032651,-78.81159827110605,0.02290095979856494,0.028727614931241784,1,1,-1,0.5,False,Trend,Trend,False
2018-12-13 00:00:00+09:00,135793.109375,129003.4640625,124128.8390625,63.23527561371975,267.4942647602961,0.022951704500148638,0.028782652238169382,1,1,1,1.0,False,Trend,Trend,False
2018-12-14 00:00:00+09:00,132944.3125,129264.604296875,124295.01940104166,59.722233648798245,269.2361653511716,0.02119884004288762,0.02893247997442687,1,1,1,1.0,False,Trend,Trend,False
2018-12-17 00:00:00+09:00,130570.3203125,129407.044921875,124405.80651041666,56.57897044314605,84.60801853445219,0.021666211527472785,0.02902643557761748,1,1,1,1.0,False,Trend,Trend,False
2018-12-18 00:00:00+09:00,130095.515625,129359.565234375,124532.4203125,50.72466740321372,-86.14588025681041,0.020893314443372855,0.028986930695356863,1,1,-1,0.5,False,Trend,Trend,False
2018-12-19 00:00:00+09:00,126297.09375,129169.644140625,124651.12057291667,46.666663741465456,-451.16160808636505,0.021858372605922858,0.02902363360239476,1,1,-1,0.5,False,Trend,Trend,False
2018-12-20 00:00:00+09:00,121549.0859375,128813.543359375,124619.4671875,44.871788651415535,-978.3742268272947,0.02329094498736213,0.02910510567065505,1,1,-1,0.5,False,Trend,Trend,False
2018-12-21 00:00:00+09:00,120599.4921875,128481.1828125,124603.640625,39.99999999999999,-1334.975533414961,0.02324093152893302,0.02905384811929244,1,1,-1,0.5,False,Trend,Trend,False
2018-12-24 00:00:00+09:00,120599.4921875,128196.302734375,124484.94036458334,32.83584178865122,-1502.303811109015,0.02321971742592878,0.028313014102772795,1,1,-1,0.5,False,Trend,Trend,False
2018-12-26 00:00:00+09:00,118225.4765625,127816.46171875,124326.67317708333,29.577452385206655,-1690.3078730906373,0.023550239332822864,0.028417778799064243,1,1,-1,0.5,False,Trend,Trend,False
2018-12-27 00:00:00+09:00,122973.4921875,127484.1015625,124215.88645833333,42.46576330524163,-1423.051682947875,0.0243427732848613,0.02882809120479219,1,1,-1,0.5,False,Trend,Trend,False
2018-12-28 00:00:00+09:00,122023.890625,127151.741015625,124010.13932291667,40.54054474725475,-1244.8223933318995,0.024347009573629515,0.02843063230851462,1,1,-1,0.5,False,Trend,Trend,False
2019-01-02 00:00:00+09:00,119175.078125,126843.119921875,123764.82552083333,37.49999742902198,-1250.1025171921742,0.024223897882702905,0.028571657647668267,1,1,-1,0.5,False,Trend,Trend,False
2019-01-03 00:00:00+09:00,124872.6953125,126700.679296875,123622.38528645833,48.2758679384989,-821.8635802888737,0.02623794995008426,0.029252088791456594,1,1,-1,0.5,False,Trend,Trend,False
2019-01-04 00:00:00+09:00,131519.90625,126700.679296875,123701.51861979166,48.27585815594252,-81.87823941636498,0.028038116928429672,0.029289295941564007,1,1,-1,0.5,False,Trend,Trend,False
2019-01-07 00:00:00+09:00,131994.71875,126700.679296875,123756.91223958334,45.12197617986023,420.9910222331,0.028038116928429672,0.029232402622627798,1,1,1,1.0,False,Trend,Trend,False
2019-01-08 00:00:00+09:00,127246.703125,126653.199609375,123859.7859375,43.02326515790146,414.61106832356165,0.02849125979423302,0.028530624592201737,1,1,-1,0.5,False,Trend,Trend,False
2019-01-09 00:00:00+09:00,128671.1015625,126653.199609375,123970.57278645833,47.6190317617833,482.3420827168518,0.028595453929325346,0.02854760850308974,1,1,1,1.0,False,Trend,Trend,False
2019-01-10 00:00:00+09:00,128196.296875,126629.459375,124018.052734375,47.6190317617833,470.6717828526218,0.028607400006314777,0.028348010845797276,1,1,1,1.0,False,Trend,Trend,False
2019-01-11 00:00:00+09:00,127246.703125,126676.93984375,124065.53294270833,51.282060477392704,378.4733688988535,0.02833599205072056,0.02834720949977159,1,1,1,1.0,False,Trend,Trend,False
2019-01-14 00:00:00+09:00,128196.296875,126439.5390625,124105.099609375,59.999990597569145,360.97377836937443,0.025768798903182552,0.028325788160408174,1,1,1,1.0,False,Trend,Trend,False
2019-01-15 00:00:00+09:00,131519.90625,126225.87890625,124310.84674479166,65.3333093466939,541.8927194535528,0.025993120390234215,0.027583992745679436,1,1,1,1.0,False,Trend,Trend,False
2019-01-16 00:00:00+09:00,129620.6953125,126059.698046875,124477.026953125,62.02528455433568,503.14920829697735,0.025770567021148296,0.027660970400580787,1,1,1,1.0,False,Trend,Trend,False
2019-01-17 00:00:00+09:00,128671.1015625,125964.737109375,124627.38059895833,64.47368250128928,388.21209812522807,0.02551474075961946,0.027683259982433015,1,1,1,1.0,False,Trend,Trend,False
2019-01-18 00:00:00+09:00,132469.515625,126083.437109375,124936.00143229167,63.513512612075154,533.6654619287624,0.026354419102897278,0.027119172862877898,1,1,1,1.0,False,Trend,Trend,False
2019-01-21 00:00:00+09:00,134843.53125,126510.758984375,125307.92916666667,67.53247363794068,742.5835123734116,0.025583704620622975,0.027115939554566773,1,1,1,1.0,False,Trend,Trend,False
2019-01-22 00:00:00+09:00,135318.328125,127199.22109375,125695.68359375,73.61112380729509,857.4319677267902,0.023640500239161085,0.027099301718465797,1,1,-1,0.5,False,Trend,Trend,False
2019-01-23 00:00:00+09:00,133893.90625,127863.941796875,126091.35104166667,65.07933688866927,784.1409129013641,0.023728819320076484,0.027029821140884272,1,1,1,1.0,False,Trend,Trend,False
2019-01-24 00:00:00+09:00,130570.3203125,128362.483203125,126423.71197916666,48.214316670951625,473.7822667344135,0.024667420102128683,0.027276498881803612,1,1,1,1.0,False,Trend,Trend,False
2019-01-25 00:00:00+09:00,131994.71875,129050.9453125,126669.02604166667,50.0,333.0291851855684,0.024052856908188362,0.026307909350994127,1,1,1,1.0,False,Trend,Trend,False
2019-01-28 00:00:00+09:00,135318.328125,129668.187109375,126953.90690104167,65.45456558042576,426.40425910205477,0.023180723586430887,0.026462866057383242,1,1,1,1.0,False,Trend,Trend,False
2019-01-29 00:00:00+09:00,136267.921875,130380.388671875,127389.14127604167,64.81483005024951,509.1554567650653,0.02299480383245821,0.024672260573694225,1,1,1,1.0,False,Trend,Trend,False
2019-01-30 00:00:00+09:00,137217.53125,131282.511328125,127768.98229166666,67.27276208506078,579.7503889631985,0.021947814472275968,0.02425804709328775,1,1,1,1.0,False,Trend,Trend,False
2019-01-31 00:00:00+09:00,131519.90625,131614.871875,128038.03619791666,56.92306446068268,213.4929694066343,0.022512178953087096,0.024945010848442986,1,1,1,1.0,False,Trend,Trend,False
2019-02-01 00:00:00+09:00,121549.0859375,131116.330859375,128038.03619791666,41.666674828498685,-680.5671573912869,0.026136085611108535,0.02619951465657781,1,1,-1,0.5,False,Trend,Trend,False
2019-02-07 00:00:00+09:00,121549.0859375,130594.04921875,128069.68958333334,36.36364413424022,-1220.7100777336536,0.02609371468473794,0.026117828064593476,1,1,-1,0.5,False,Trend,Trend,False
2019-02-08 00:00:00+09:00,121549.0859375,130309.168359375,128053.862890625,38.35617920443445,-1507.9271199657414,0.02495218321293696,0.025938570275976028,1,1,-1,0.5,False,Trend,Trend,False
2019-02-11 00:00:00+09:00,124872.6953125,130119.248046875,128093.4296875,44.87180028081924,-1406.0168731456886,0.025642757149024763,0.026173593274234234,1,1,-1,0.5,False,Trend,Trend,False
2019-02-12 00:00:00+09:00,123923.09375,129905.587890625,128053.86302083333,37.5,-1335.0532259025565,0.025675610820970307,0.025889034099413018,1,1,-1,0.5,False,Trend,Trend,False
2019-02-13 00:00:00+09:00,120599.4921875,129573.22734375,127950.989453125,29.729716508627916,-1435.6666169371163,0.026280714761007146,0.026113754728103542,1,1,-1,0.5,False,Trend,Trend,False
2019-02-14 00:00:00+09:00,118225.4765625,129074.686328125,127935.16276041667,26.923064752769534,-1574.674320599914,0.026436586388742956,0.024991785618019412,1,1,-1,0.5,False,Trend,Trend,False
2019-02-15 00:00:00+09:00,119649.8828125,128481.18515625,127903.509375,30.769238882772456,-1484.4644105143889,0.02580056822494794,0.024907312115297814,1,1,-1,0.5,False,Trend,Trend,False
2019-02-18 00:00:00+09:00,122023.890625,128101.344921875,127808.54908854167,38.15788590578598,-1191.3295454218228,0.02624490906705638,0.02418288026895379,1,1,-1,0.5,False,Trend,Trend,False
2019-02-19 00:00:00+09:00,121549.0859375,127745.244140625,127705.675390625,35.13513273130059,-965.4611412404151,0.026226252056412037,0.02418603950800212,1,1,-1,0.5,False,Trend,Trend,False
2019-02-20 00:00:00+09:00,122498.6875,127246.702734375,127563.23502604167,30.434778461437205,-700.4916861313827,0.02527596527962537,0.0239627565935827,-1,1,-1,-0.19999999999999996,False,MeanReversion,Trend,False
2019-02-21 00:00:00+09:00,125347.5,126771.901171875,127484.10143229166,34.24659633868329,-302.1048191164266,0.025537550485447227,0.024148903884558686,-1,1,-1,-0.19999999999999996,False,MeanReversion,MeanReversion,False
2019-02-22 00:00:00+09:00,126771.90625,126344.580078125,127452.44817708334,35.13514715430523,68.80767787437935,0.025711257729118222,0.02415796564040936,-1,1,-1,-0.19999999999999996,False,MeanReversion,MeanReversion,False
2019-02-25 00:00:00+09:00,126297.09375,125964.739453125,127436.62135416667,41.26984956122023,281.6953956849827,0.025654207894829587,0.024120370764037318,-1,1,-1,-0.19999999999999996,False,MeanReversion,MeanReversion,False
2019-02-26 00:00:00+09:00,123448.2890625,125608.637890625,127389.14127604167,54.16665809675227,232.23164129074985,0.02555347113845878,0.024280285193984886,-1,1,1,0.30000000000000004,False,Trend,MeanReversion,False
2019-02-27 00:00:00+09:00,123923.09375,125205.056640625,127357.487890625,55.10203807509645,232.49972132030848,0.025403946096042265,0.02428215941819659,-1,1,1,0.30000000000000004,False,Trend,Trend,False
2019-02-28 00:00:00+09:00,124872.6953125,124682.775,127278.35455729166,56.86273877192043,293.6952119585176,0.024685493221499308,0.02398520385082432,-1,1,1,0.30000000000000004,False,Trend,Trend,False
2019-03-04 00:00:00+09:00,125347.5,124136.75390625,127222.96119791667,51.1111176115478,358.9010363192176,0.024620698979545358,0.023975355881675247,-1,1,1,0.30000000000000004,False,Trend,Trend,False
2019-03-05 00:00:00+09:00,126771.90625,123614.47265625,127246.70130208334,56.52174068565485,482.9856083199704,0.024743188708456442,0.0237809063145179,-1,1,1,0.30000000000000004,False,Trend,Trend,False
2019-03-06 00:00:00+09:00,127721.5078125,123424.552734375,127246.70130208334,68.29263790040943,606.0677725410441,0.023124314285147645,0.023675831662339906,-1,1,1,0.30000000000000004,False,Trend,Trend,False
2019-03-07 00:00:00+09:00,123923.09375,123543.253125,127120.08776041666,63.63634663819587,417.6808605477985,0.016026170402767118,0.023673560263953085,-1,1,1,0.30000000000000004,False,Trend,Trend,False
2019-03-08 00:00:00+09:00,119175.078125,123424.552734375,126906.42708333333,49.019602149632185,-17.606613482233342,0.018361070454987256,0.02416893895214656,-1,1,-1,-0.19999999999999996,False,MeanReversion,Trend,False
2019-03-11 00:00:00+09:00,119175.078125,123305.85234375,126756.0734375,43.478259314345145,-281.78069388022493,0.018361070454987256,0.023898356038876866,-1,1,-1,-0.19999999999999996,False,MeanReversion,Trend,False
2019-03-12 00:00:00+09:00,119649.8828125,123044.71171875,126605.71979166666,45.65218479958392,-393.9126112198695,0.017201138405766866,0.02389935637515844,-1,1,-1,-0.19999999999999996,False,MeanReversion,Trend,False
2019-03-13 00:00:00+09:00,117750.671875,122736.090625,126423.71263020833,39.58334475987802,-555.4756304374177,0.01744192991175925,0.023974757864315854,-1,1,-1,-0.19999999999999996,False,MeanReversion,Trend,False
2019-03-14 00:00:00+09:00,118700.2890625,122641.13046875,126297.09921875,34.09096263509751,-556.480109356356,0.01658082589787527,0.02389852501610678,-1,1,-1,-0.19999999999999996,False,MeanReversion,Trend,False
2019-03-15 00:00:00+09:00,122973.4921875,122878.53125,126130.91888020834,42.000004607183314,-243.4251285451096,0.017791464889416436,0.02339052977369825,-1,1,-1,-0.19999999999999996,False,MeanReversion,MeanReversion,False
2019-03-18 00:00:00+09:00,123448.2890625,123068.4515625,125925.171875,44.00001184705063,8.214779891615308,0.017643088033741722,0.023214225238663136,-1,1,-1,-0.19999999999999996,False,MeanReversion,MeanReversion,False
2019-03-19 00:00:00+09:00,122973.4921875,123115.931640625,125758.99153645833,48.88890026465725,147.54995311028597,0.01715098343012789,0.023073403310655827,-1,1,1,0.30000000000000004,False,Trend,MeanReversion,False
2019-03-20 00:00:00+09:00,121549.0859375,123115.931640625,125608.63763020834,44.680852553575164,148.25236593669024,0.017339505969862893,0.023009755216779493,-1,1,-1,-0.19999999999999996,False,MeanReversion,MeanReversion,False
2019-03-21 00:00:00+09:00,120599.4921875,123020.971875,125450.37057291667,40.42555575082814,91.98915604214835,0.017322416528638543,0.02302371904079083,-1,1,-1,-0.19999999999999996,False,MeanReversion,MeanReversion,False
2019-03-22 00:00:00+09:00,119649.8828125,122736.091015625,125339.58372395833,37.500004284958656,2.759748821713629,0.016446453095662828,0.022739077915371275,-1,1,-1,-0.19999999999999996,False,MeanReversion,MeanReversion,False
2019-03-25 00:00:00+09:00,110628.6640625,121928.92890625,125157.57669270833,23.43750843601599,-617.5722228371776,0.023325141507528336,0.02438554981310828,-1,1,-1,-0.19999999999999996,False,MeanReversion,MeanReversion,True
2019-03-26 00:00:00+09:00,112527.8671875,121240.467578125,125023.049609375,25.757581045901873,-839.9467817315742,0.023923370458800563,0.024488181502850693,-1,1,-1,-0.19999999999999996,False,MeanReversion,MeanReversion,True
2019-03-27 00:00:00+09:00,111103.4609375,120623.226171875,124864.782421875,27.868859092011363,-1011.4226793233302,0.02365011750181949,0.024533185216275587,-1,1,-1,-0.19999999999999996,False,MeanReversion,MeanReversion,True
2019-03-28 00:00:00+09:00,110153.859375,119934.764453125,124730.25546875,32.07548341349349,-1109.4010693773903,0.023561316092957436,0.02443182138303759,-1,1,-1,-0.19999999999999996,False,MeanReversion,MeanReversion,True
2019-03-29 00:00:00+09:00,113002.6640625,119341.262890625,124564.075,38.98305462895797,-911.2424939306111,0.024426108736744733,0.024105573124232522,-1,1,-1,-0.19999999999999996,False,MeanReversion,MeanReversion,True
2019-04-01 00:00:00+09:00,113952.265625,118771.501171875,124429.54791666666,39.99999451524803,-656.9846061844055,0.024533884336931856,0.02412350996232102,-1,1,-1,-0.19999999999999996,False,MeanReversion,MeanReversion,False
2019-04-02 00:00:00+09:00,113002.6640625,118083.0390625,124326.67434895833,41.37931523610587,-500.59868067097113,0.024248569723801093,0.023962390770771013,-1,1,-1,-0.19999999999999996,False,MeanReversion,MeanReversion,False
2019-04-03 00:00:00+09:00,115851.46875,117489.537109375,124176.32057291667,45.16126378343633,-170.20863486158305,0.025048719030211025,0.023386904537856468,-1,1,-1,-0.19999999999999996,False,MeanReversion,MeanReversion,False
2019-04-04 00:00:00+09:00,114427.0703125,117014.7359375,123891.43997395833,33.9285567372594,-20.39367016301094,0.024409684591346566,0.02236211911128316,-1,1,-1,-0.19999999999999996,False,MeanReversion,MeanReversion,False
2019-04-05 00:00:00+09:00,116801.078125,116896.0359375,123638.21263020833,38.33333653277374,250.8386784139011,0.02352352719514399,0.02254422224861034,-1,1,-1,-0.19999999999999996,False,MeanReversion,MeanReversion,False
2019-04-08 00:00:00+09:00,115851.46875,116729.85546875,123448.29205729166,37.70490609338951,371.277446639504,0.023575916683599634,0.022098930219573515,-1,1,-1,-0.19999999999999996,False,MeanReversion,MeanReversion,False
2019-04-09 00:00:00+09:00,115376.671875,116516.194921875,123226.71822916667,38.983048484018596,420.3433289108202,0.023547912471019703,0.02203803453384744,-1,1,-1,-0.19999999999999996,False,MeanReversion,MeanReversion,False
2019-04-10 00:00:00+09:00,113477.46875,116302.534765625,122981.40442708334,37.70490609338951,330.2416276868189,0.02356722258331695,0.02211946509170036,-1,1,-1,-0.19999999999999996,False,MeanReversion,MeanReversion,False
2019-04-11 00:00:00+09:00,112527.8671875,115993.913671875,122736.09049479167,37.704916263986796,217.4843271220584,0.02349098775857323,0.022123827130928135,-1,1,-1,-0.19999999999999996,False,MeanReversion,MeanReversion,False
2019-04-12 00:00:00+09:00,113952.265625,115542.85234375,122498.68997395833,57.77776721454499,247.44530294970536,0.02205786707279034,0.022171115276952535,-1,1,1,0.30000000000000004,False,Trend,MeanReversion,False
2019-04-15 00:00:00+09:00,116326.28125,115186.751953125,122245.462890625,58.695663838084386,425.3270981754613,0.02267439111728042,0.02207537894696974,-1,1,1,0.30000000000000004,False,Trend,MeanReversion,False
2019-04-16 00:00:00+09:00,117275.875,114901.87109375,122039.71588541666,64.4444509448954,594.7252568111521,0.022807790037361154,0.0220518482006926,-1,1,1,0.30000000000000004,False,Trend,Trend,False
2019-04-17 00:00:00+09:00,116801.078125,114664.470703125,121841.88216145833,65.9091096071244,657.6691237825853,0.02270818559162018,0.02204154930012694,-1,1,1,0.30000000000000004,False,Trend,Trend,False
2019-04-18 00:00:00+09:00,114901.875,114379.58984375,121549.08815104167,54.761924350320804,558.1886414165713,0.0229037893227019,0.0217478158854249,-1,1,1,0.30000000000000004,False,Trend,Trend,False
2019-04-19 00:00:00+09:00,114901.875,114142.189453125,121216.72721354167,52.50002056783684,482.0491365667144,0.022872333261224648,0.021589419127518127,-1,1,1,0.30000000000000004,False,Trend,Trend,False
2019-04-22 00:00:00+09:00,113952.265625,114308.36953125,120860.626171875,52.49999897160858,362.8301235502729,0.014330094277962719,0.021585952490734812,-1,1,1,0.30000000000000004,False,Trend,Trend,False
2019-04-23 00:00:00+09:00,120599.4921875,114711.95078125,120639.05260416666,60.41669023395548,706.844725758978,0.018680385267974973,0.02288645053599325,-1,1,1,0.30000000000000004,False,Trend,Trend,False
2019-04-24 00:00:00+09:00,117750.671875,115044.311328125,120425.391796875,56.862724854452566,715.5448005838482,0.019345196564403422,0.022865680333729464,-1,1,1,0.30000000000000004,False,Trend,Trend,False
2019-04-25 00:00:00+09:00,115851.46875,115329.191796875,120156.33763020833,47.999986836606084,572.5916325549306,0.0196587744425394,0.02288088706060907,-1,1,1,0.30000000000000004,False,Trend,Trend,False
2019-04-26 00:00:00+09:00,116801.078125,115519.1125,119847.716796875,52.000013163393916,522.578497454359,0.018959909338654487,0.02264669464024442,-1,1,1,0.30000000000000004,False,Trend,Trend,False
2019-04-29 00:00:00+09:00,120124.6796875,115827.733203125,119578.66276041667,58.928558311347814,683.7517188555754,0.019818682582225727,0.022956765310123077,-1,1,1,0.30000000000000004,False,Trend,Trend,False
2019-04-30 00:00:00+09:00,118225.4765625,116088.873828125,119262.128515625,58.928558311347814,633.9778883523043,0.02011000005600159,0.022993964720095326,-1,1,1,0.30000000000000004,False,Trend,Trend,False
2019-05-02 00:00:00+09:00,122498.6875,116421.234765625,119111.77486979167,66.66664925476631,847.059840617068,0.020864356303735263,0.022900867805406587,-1,1,1,0.30000000000000004,False,Trend,Trend,False
2019-05-03 00:00:00+09:00,120124.6796875,116706.115234375,119088.034765625,59.99998987431237,787.5840048898531,0.02119908114715122,0.020663408533015314,-1,1,1,0.30000000000000004,False,Trend,Trend,False
2019-05-07 00:00:00+09:00,115851.46875,116658.634765625,118993.07447916667,49.27534538420192,437.39427974733957,0.02241200251999224,0.02118021636842324,-1,1,1,0.30000000000000004,False,Trend,Trend,False
2019-05-08 00:00:00+09:00,114427.0703125,116587.41484375,118874.37421875,45.71429175870271,104.15589320156464,0.02250818107323725,0.0212324470104422,-1,1,1,0.30000000000000004,False,Trend,Trend,False
2019-05-09 00:00:00+09:00,109679.0546875,116302.533984375,118621.146875,40.50632832298139,-413.33169252036345,0.02437027472324253,0.021568454113561415,-1,1,-1,-0.19999999999999996,False,MeanReversion,Trend,False
2019-05-10 00:00:00+09:00,109679.0546875,116112.61328125,118383.74622395834,42.66666227886869,-715.226220941609,0.024147669977671423,0.021558144925637547,-1,1,-1,-0.19999999999999996,False,MeanReversion,Trend,False
2019-05-13 00:00:00+09:00,104456.25,115709.032421875,118114.6921875,37.20930988972976,-1197.8424362407543,0.026327783009720024,0.02215742740995335,-1,1,-1,-0.19999999999999996,False,MeanReversion,Trend,False
2019-05-14 00:00:00+09:00,103506.6484375,115186.7515625,117869.37838541667,37.209317008931016,-1492.995998555958,0.026066612495617272,0.02205687487891911,-1,1,-1,-0.19999999999999996,False,MeanReversion,Trend,False
2019-05-15 00:00:00+09:00,105880.65625,114664.4703125,117639.89127604167,29.870133200388665,-1439.6713386435208,0.02617606524772974,0.02221625525362039,-1,1,-1,-0.19999999999999996,False,MeanReversion,Trend,False
2019-05-16 00:00:00+09:00,103506.6484375,113976.008984375,117331.27057291666,30.26317071401739,-1470.4486097321892,0.02628725404409262,0.022187969015027967,-1,1,-1,-0.19999999999999996,False,MeanReversion,Trend,False
2019-05-17 00:00:00+09:00,103981.4453125,113335.02734375,117038.4765625,32.876716342754406,-1367.1704367878697,0.02639573467015014,0.022207456615537236,-1,1,-1,-0.19999999999999996,False,MeanReversion,Trend,False
2019-05-20 00:00:00+09:00,101132.640625,112646.565625,116682.37578125,28.571419413211018,-1394.27135029796,0.02675626397748546,0.022399347303745185,-1,1,-1,-0.19999999999999996,False,MeanReversion,Trend,False
2019-05-21 00:00:00+09:00,101607.4375,111981.84375,116286.70807291666,22.53520343379627,-1286.388361047755,0.026835447352209958,0.02216004722552386,-1,1,-1,-0.19999999999999996,False,MeanReversion,Trend,False
2019-05-22 00:00:00+09:00,103506.6484375,111459.562890625,115898.95377604167,28.169020939088654,-1005.7207641226514,0.02738667379266338,0.022261136029594238,-1,1,-1,-0.19999999999999996,False,MeanReversion,Trend,False
2019-05-23 00:00:00+09:00,105880.65625,110723.62109375,115558.67981770834,23.880606911673055,-598.875513304778,0.02424165334658812,0.02251367355110782,-1,1,-1,-0.19999999999999996,False,MeanReversion,MeanReversion,False
2019-05-24 00:00:00+09:00,105405.84375,110106.3796875,115257.97239583333,25.396828298810306,-314.71215236725675,0.02389454806513713,0.022363271428828584,-1,1,-1,-0.19999999999999996,False,MeanReversion,MeanReversion,False
2019-05-27 00:00:00+09:00,104931.0390625,109560.358203125,114941.43815104167,29.09090854696686,-121.62194497111659,0.023761097880162296,0.022348292861962927,-1,1,-1,-0.19999999999999996,False,MeanReversion,MeanReversion,False
2019-05-28 00:00:00+09:00,108254.6640625,109133.0375,114664.47096354167,38.9830777906251,246.94737627338964,0.024957187208453933,0.02273755322221072,-1,1,-1,-0.19999999999999996,False,MeanReversion,MeanReversion,False
2019-05-29 00:00:00+09:00,105405.84375,108397.095703125,114332.11002604167,41.81819269701326,311.708710722246,0.02427119648914994,0.02293657467325218,-1,1,-1,-0.19999999999999996,False,MeanReversion,MeanReversion,False
2019-05-30 00:00:00+09:00,109679.0546875,107969.774609375,114047.22916666667,50.0,636.4551374290018,0.026248626359707806,0.023521176833398525,-1,1,1,0.30000000000000004,False,Trend,MeanReversion,False
2019-05-31 00:00:00+09:00,111578.265625,107423.753515625,113778.17513020833,63.157865869781844,954.1776950057947,0.025100226349878633,0.023623396512481208,-1,1,1,0.30000000000000004,False,Trend,Trend,False
2019-06-03 00:00:00+09:00,109679.0546875,106901.472265625,113540.77447916666,61.0169099195528,1006.2611117734555,0.025030817059636466,0.023421306146137955,-1,1,1,0.30000000000000004,False,Trend,Trend,False
2019-06-04 00:00:00+09:00,112527.8671875,106735.2921875,113429.98763020833,61.66663147291868,1189.831053509918,0.024731484351735236,0.023175728891807204,-1,1,1,0.30000000000000004,False,Trend,Trend,False
2019-06-05 00:00:00+09:00,112053.0625,106616.591796875,113311.28736979167,66.07137662731463,1231.3738121192343,0.024609046614599926,0.023179199480173558,-1,1,1,0.30000000000000004,False,Trend,Trend,False
2019-06-07 00:00:00+09:00,110628.6640625,106664.072265625,113160.93372395834,62.06894203916558,1118.3115391158076,0.022817843949674593,0.023218917133774726,-1,1,1,0.30000000000000004,False,Trend,Trend,False
2019-06-10 00:00:00+09:00,111103.4609375,106735.292578125,113050.146875,69.81126393524615,1032.9260884404891,0.022833675385819,0.023148906372659983,-1,1,1,0.30000000000000004,False,Trend,Trend,False
2019-06-11 00:00:00+09:00,112053.0625,107115.133203125,112939.359765625,70.3703173286644,997.3106586593398,0.019681690469837677,0.023152141173762204,-1,1,-1,-0.19999999999999996,False,MeanReversion,Trend,False
2019-06-12 00:00:00+09:00,113477.46875,107613.67421875,112781.09270833334,69.81126393524615,1022.7849866495974,0.019547097088832434,0.022729700937983554,-1,1,1,0.30000000000000004,False,Trend,Trend,False
2019-06-13 00:00:00+09:00,114427.0703125,108040.994921875,112630.7390625,67.99994076482483,1052.581725139486,0.01910707946832011,0.022754392605555732,-1,1,1,0.30000000000000004,False,Trend,Trend,False
2019-06-14 00:00:00+09:00,116326.28125,108681.9765625,112519.95221354166,71.6980880195265,1141.728477708002,0.018227901801525857,0.02286608558639786,-1,1,-1,-0.19999999999999996,False,MeanReversion,Trend,False
2019-06-17 00:00:00+09:00,112527.8671875,109109.29765625,112369.59856770834,63.33332419209758,897.190102264736,0.020214330671711578,0.023204083657043868,-1,1,1,0.30000000000000004,False,Trend,Trend,False
2019-06-18 00:00:00+09:00,111103.4609375,109607.838671875,112211.33138020833,55.357115573341794,605.7822136127853,0.01922749017824522,0.023236122013559776,-1,1,1,0.30000000000000004,False,Trend,Trend,False
2019-06-19 00:00:00+09:00,113477.46875,110201.340234375,112108.4578125,65.45453783936117,541.2987166257969,0.019575754803337814,0.023399616937550924,-1,1,1,0.30000000000000004,False,Trend,Trend,False
2019-06-20 00:00:00+09:00,114901.875,110771.1015625,112179.67799479167,61.224490481225885,560.5922809993396,0.01941052786088281,0.021128467676612788,-1,1,1,0.30000000000000004,False,Trend,Trend,False
2019-06-21 00:00:00+09:00,115851.46875,111269.6421875,112235.07135416666,59.57444424917186,599.8051561707198,0.018991071824010164,0.021043190889077426,-1,1,1,0.30000000000000004,False,Trend,Trend,False
2019-06-24 00:00:00+09:00,116326.28125,111815.6640625,112322.118359375,65.90909855827212,617.7809582578906,0.018873736697040296,0.02097598842566121,-1,1,1,0.30000000000000004,False,Trend,Trend,False
2019-06-25 00:00:00+09:00,115376.671875,112337.945703125,112409.165234375,57.4999845741541,529.1921289959328,0.018988316182718658,0.02097312478725756,-1,1,1,0.30000000000000004,False,Trend,Trend,False
2019-06-26 00:00:00+09:00,113477.46875,112599.0859375,112417.07864583333,53.48837565262112,316.6476355129423,0.018486063286109626,0.020834887285838925,1,1,1,1.0,False,Trend,Trend,True
2019-06-27 00:00:00+09:00,114427.0703125,113050.147265625,112424.99205729166,59.52379086821175,218.63442249449486,0.017206214171425156,0.020834652384815248,1,1,1,1.0,False,Trend,Trend,False
2019-06-28 00:00:00+09:00,112527.8671875,113192.587890625,112417.07877604167,53.333335770997984,15.242839914050705,0.01561064455294229,0.020919930749395035,1,1,1,1.0,False,Trend,Trend,False
2019-07-01 00:00:00+09:00,113002.6640625,113263.8078125,112369.59869791666,52.27272302318215,-92.06734795439786,0.01517958507821184,0.020670445496922027,1,1,-1,0.5,False,Trend,Trend,False
2019-07-02 00:00:00+09:00,112053.0625,113382.508203125,112330.03190104167,46.51162434737888,-224.22214217106182,0.014760495939030054,0.020638102055996234,1,1,-1,0.5,False,Trend,Trend,False
2019-07-03 00:00:00+09:00,108729.453125,113192.5875,112195.50481770834,37.500004284958656,-516.0138664996294,0.015135544317796608,0.02080447090247423,1,1,-1,0.5,False,Trend,Trend,False
2019-07-04 00:00:00+09:00,110153.859375,113097.62734375,112100.54466145833,36.17020829671972,-588.3833566509153,0.015472344294645883,0.02086379240354521,1,1,-1,0.5,False,Trend,Trend,False
2019-07-05 00:00:00+09:00,112053.0625,113168.847265625,112045.151171875,48.83720129322732,-487.7880410383707,0.015700240327618274,0.020986708588943057,1,1,-1,0.5,False,Trend,Trend,False
2019-07-08 00:00:00+09:00,110153.859375,113121.3671875,111989.75768229166,47.727275277001716,-525.3487542189812,0.016160105467259378,0.02099326608837631,1,1,-1,0.5,False,Trend,Trend,False
2019-07-09 00:00:00+09:00,107305.046875,112883.96640625,111902.71067708333,35.5555466174453,-706.9384708428739,0.016992134020123815,0.021231312549181428,1,1,-1,0.5,False,Trend,Trend,False
2019-07-10 00:00:00+09:00,107305.046875,112575.3453125,111791.92369791666,30.9523641623298,-785.8677293327903,0.016644405408853806,0.021159026868766688,1,1,-1,0.5,False,Trend,Trend,False
2019-07-11 00:00:00+09:00,108729.453125,112290.464453125,111665.30989583333,32.55816000257144,-703.6203686513104,0.016849346358620926,0.021051787952643335,1,1,-1,0.5,False,Trend,Trend,False
2019-07-12 00:00:00+09:00,109204.2578125,111934.36328125,111530.78294270833,32.55813419548487,-583.6598282658665,0.016340091908114664,0.021029296360027552,1,1,-1,0.5,False,Trend,Trend,False
2019-07-15 00:00:00+09:00,108254.6640625,111720.703125,111388.34270833334,32.558159112694455,-535.9214290360101,0.01481779369682987,0.021048766718608062,1,1,-1,0.5,False,Trend,Trend,False
2019-07-16 00:00:00+09:00,108729.453125,111602.002734375,111285.46901041667,37.49997943216316,-443.8307376603709,0.01465436118294102,0.02096639647570491,1,1,-1,0.5,False,Trend,Trend,False
2019-07-17 00:00:00+09:00,107305.046875,111293.381640625,111158.85520833333,31.707290644545708,-448.95906297733984,0.013905840641093242,0.02102562017372636,1,1,-1,0.5,False,Trend,Trend,False
2019-07-18 00:00:00+09:00,104456.25,110771.100390625,111000.58828125,30.232544791017332,-604.6315627563124,0.014408833316377899,0.02126884408942509,-1,1,-1,-0.19999999999999996,False,MeanReversion,Trend,False
2019-07-19 00:00:00+09:00,105880.65625,110272.559765625,110755.27434895834,33.333345521678865,-572.4177067959765,0.014706991294669033,0.019958578256020428,-1,1,-1,-0.19999999999999996,False,MeanReversion,Trend,False
2019-07-22 00:00:00+09:00,103506.6484375,109631.578125,110517.87395833334,31.250006427446806,-665.23028252108,0.015096892063706598,0.019936512500225576,-1,1,-1,-0.19999999999999996,False,MeanReversion,Trend,False
2019-07-23 00:00:00+09:00,102557.0390625,108990.596484375,110296.30013020833,34.883720040332065,-739.1236398741958,0.01510699772179334,0.019872644046337196,-1,1,-1,-0.19999999999999996,False,MeanReversion,Trend,False
2019-07-24 00:00:00+09:00,103031.84375,108468.315234375,110066.812890625,31.707318052008304,-704.6977957201007,0.015060304246982816,0.019847076812840096,-1,1,-1,-0.19999999999999996,False,MeanReversion,Trend,False
2019-07-25 00:00:00+09:00,97334.234375,107613.6734375,109686.97213541667,18.367354477170892,-996.4871309514033,0.018685298616283263,0.02067257841492848,-1,1,-1,-0.19999999999999996,False,MeanReversion,Trend,False
2019-07-26 00:00:00+09:00,98283.828125,106901.471484375,109354.611328125,23.404233717803024,-1050.965571572368,0.01897462616358163,0.020676335163539394,-1,1,-1,-0.19999999999999996,False,MeanReversion,Trend,False
2019-07-29 00:00:00+09:00,100657.8359375,106284.230078125,108990.59713541667,34.78260869565217,-860.5481501450095,0.02005169980241345,0.020360372733241962,-1,1,-1,-0.19999999999999996,False,MeanReversion,Trend,False
2019-07-30 00:00:00+09:00,100657.8359375,105714.46875,108666.14973958333,34.78260869565217,-676.1590118615513,0.020081664823890732,0.02025133222250529,-1,1,-1,-0.19999999999999996,False,MeanReversion,Trend,False
2019-07-31 00:00:00+09:00,103031.84375,105429.58828125,108452.48932291666,37.5,-352.1695323433214,0.020169315022476656,0.020050816753369904,-1,1,-1,-0.19999999999999996,False,MeanReversion,Trend,False
2019-08-01 00:00:00+09:00,101607.4375,105002.2671875,108238.82877604167,33.99998354573053,-199.26857341087725,0.01996360178022634,0.020065459420225702,-1,1,-1,-0.19999999999999996,False,MeanReversion,MeanReversion,False
2019-08-02 00:00:00+09:00,96859.421875,104242.58515625,108025.16822916667,29.31031401253304,-373.268717938553,0.021563698958570267,0.020263830363609382,-1,1,-1,-0.19999999999999996,False,MeanReversion,MeanReversion,True
2019-08-05 00:00:00+09:00,94200.5390625,103444.919140625,107767.19296875,25.55910954617535,-608.8684354792226,0.021951090027495578,0.02053243858412237,-1,1,-1,-0.19999999999999996,False,MeanReversion,MeanReversion,True
2019-08-06 00:00:00+09:00,91731.578125,102666.245703125,107555.11510416666,24.691368369733297,-857.2189408025952,0.0219669527866976,0.019873625230006707,-1,1,-1,-0.19999999999999996,False,MeanReversion,MeanReversion,True
2019-08-07 00:00:00+09:00,89167.65625,101759.376171875,107316.13190104166,24.922124208619465,-1104.6488588370785,0.02234574199547182,0.02014084411115059,-1,1,-1,-0.19999999999999996,False,MeanReversion,MeanReversion,True
2019-08-08 00:00:00+09:00,89642.4453125,100805.02578125,107045.49505208334,22.50800558175216,-1142.0899341864924,0.021996022320056534,0.01989641992247,-1,1,-1,-0.19999999999999996,False,MeanReversion,MeanReversion,True
2019-08-09 00:00:00+09:00,91826.5390625,99936.13984375,106850.8265625,30.097080140771794,-934.2644621726872,0.02307231621763176,0.020018821320721646,-1,1,-1,-0.19999999999999996,False,MeanReversion,MeanReversion,True
2019-08-12 00:00:00+09:00,91446.6953125,99095.74140625,106641.9140625,30.69306661858907,-745.1003482654519,0.02309441065233434,0.020001948253034727,-1,1,-1,-0.19999999999999996,False,MeanReversion,MeanReversion,True
2019-08-13 00:00:00+09:00,90402.1328125,98179.375390625,106463.072265625,28.478952252011197,-618.2716708275161,0.022902822894234596,0.019757088929443604,-1,1,-1,-0.19999999999999996,False,MeanReversion,MeanReversion,True
2019-08-14 00:00:00+09:00,90687.0234375,97348.47421875,106281.06536458334,36.11112108668618,-450.91044738230175,0.023045055088089263,0.019749441375613613,-1,1,-1,-0.19999999999999996,False,MeanReversion,MeanReversion,True
2019-08-16 00:00:00+09:00,90876.9296875,96669.508203125,106070.57005208333,34.016387500560555,-271.9515260222188,0.022730323368432264,0.019574735601506108,-1,1,-1,-0.19999999999999996,False,MeanReversion,MeanReversion,True
2019-08-19 00:00:00+09:00,97809.03125,96265.926953125,105936.04296875,44.86301688280257,335.78627171693915,0.028738727603341375,0.021657610790339094,-1,-1,-1,-1.0,True,Defensive,MeanReversion,False
2019-08-20 00:00:00+09:00,103031.84375,96242.18671875,105896.47630208333,53.60230909681055,1070.567583153052,0.030947899959386117,0.022720193891386714,-1,-1,1,-0.5,True,Defensive,Defensive,False
2019-08-21 00:00:00+09:00,102557.0390625,96242.18671875,105856.90963541667,49.23546823560787,1480.410198909346,0.0308946611497094,0.022720519508626753,-1,-1,1,-0.5,True,Defensive,Defensive,False
2019-08-22 00:00:00+09:00,102082.2421875,96194.706640625,105754.0359375,50.788649673445185,1661.7292524473855,0.030891177986285823,0.02234457849633058,-1,-1,1,-0.5,True,Defensive,Defensive,False
2019-08-23 00:00:00+09:00,103031.84375,96479.587109375,105714.46927083333,61.73287182186149,1777.4234835493126,0.02793137964170055,0.02212478413336863,-1,1,1,0.30000000000000004,False,Trend,Defensive,False
2019-08-26 00:00:00+09:00,100183.0390625,96574.54765625,105556.20234375,61.290338751445645,1599.4639437821465,0.028707698691899645,0.02176909859405239,-1,-1,1,-0.5,True,Defensive,Defensive,False
2019-08-27 00:00:00+09:00,100183.0390625,96550.8078125,105366.28190104167,67.58894000405178,1424.935400554806,0.028196722145250767,0.021631840170225295,-1,-1,1,-0.5,True,Defensive,Defensive,False
2019-08-28 00:00:00+09:00,98758.6328125,96455.84765625,105184.27486979167,70.95434353144556,1167.5564189049746,0.02837167648689553,0.021600641186228207,-1,-1,-1,-1.0,True,Defensive,Defensive,False
2019-08-29 00:00:00+09:00,100183.0390625,96313.407421875,104978.527734375,72.11155848599947,1050.8840802018167,0.028036233777308375,0.021405876963386514,-1,-1,-1,-1.0,True,Defensive,Defensive,False
2019-08-30 00:00:00+09:00,104456.25,96455.848046875,104851.91419270834,74.35896972266748,1207.9289785819885,0.029456959676756933,0.02213372013172278,-1,-1,-1,-1.0,True,Defensive,Defensive,False
2019-09-02 00:00:00+09:00,104931.0390625,96859.42890625,104756.95377604167,75.91240086907331,1283.1424605669129,0.027081542760695094,0.022092500668619234,-1,1,-1,-0.19999999999999996,False,MeanReversion,Defensive,False
2019-09-03 00:00:00+09:00,104456.25,97372.214453125,104646.16692708334,77.61196962222408,1239.5983823127317,0.026124137427242972,0.022086895051740652,-1,1,-1,-0.19999999999999996,False,MeanReversion,MeanReversion,False
2019-09-04 00:00:00+09:00,107305.046875,98150.887890625,104567.03333333334,79.66103065711425,1333.1802131224192,0.025433177725058414,0.022347710829297318,-1,1,-1,-0.19999999999999996,False,MeanReversion,MeanReversion,False
2019-09-05 00:00:00+09:00,108729.453125,99128.977734375,104487.89973958333,80.51950619025143,1413.864323523741,0.02397672620103788,0.02235344850007882,-1,1,-1,-0.19999999999999996,False,MeanReversion,MeanReversion,False
2019-09-06 00:00:00+09:00,112527.8671875,100273.248828125,104456.24635416667,78.181844835019,1630.5159479420176,0.024554790167776033,0.022779848136900222,-1,1,-1,-0.19999999999999996,False,MeanReversion,MeanReversion,False
2019-09-09 00:00:00+09:00,113952.265625,101379.53515625,104416.67942708333,74.46810670774401,1765.811733146832,0.024375665915139913,0.02273696284170018,-1,1,-1,-0.19999999999999996,False,MeanReversion,MeanReversion,False
2019-09-10 00:00:00+09:00,113952.265625,102504.813671875,104440.41940104167,76.08699306952829,1748.0964030774726,0.024259304872966837,0.022324089551508268,-1,1,-1,-0.19999999999999996,False,MeanReversion,MeanReversion,False
2019-09-11 00:00:00+09:00,115851.46875,103777.28046875,104519.55286458334,79.59186003521215,1752.6237783941167,0.023694652374137183,0.02235610039768189,-1,1,-1,-0.19999999999999996,False,MeanReversion,MeanReversion,False
2019-09-16 00:00:00+09:00,118700.2890625,105177.94375,104606.59986979167,81.13210944633255,1827.4628843557193,0.0237316790119911,0.02240856959714412,1,1,-1,0.5,False,Trend,MeanReversion,False
2019-09-17 00:00:00+09:00,118700.2890625,106569.11171875,104669.90677083333,91.4893982009535,1756.4786167694874,0.02378895756604974,0.022355754823064476,1,1,-1,0.5,False,Trend,Trend,False
2019-09-18 00:00:00+09:00,117750.671875,107566.19375,104701.56015625,87.75507874032935,1533.210475820434,0.01954559936800573,0.02235954547772575,1,1,-1,0.5,False,Trend,Trend,False
2019-09-19 00:00:00+09:00,115376.671875,108183.43515625,104685.73333333334,84.31373308155086,1131.8025578713368,0.01784196911634312,0.02251116122753521,1,1,-1,0.5,False,Trend,Trend,False
2019-09-20 00:00:00+09:00,117750.671875,108943.116796875,104725.3,84.90566272043672,940.2092060303853,0.01795887325581821,0.022639486109961315,1,1,-1,0.5,False,Trend,Trend,False
2019-09-23 00:00:00+09:00,118225.4765625,109750.278515625,104804.43346354166,82.22222547244769,766.822064596392,0.017769145998568568,0.022534286365832077,1,1,-1,0.5,False,Trend,Trend,False
2019-09-24 00:00:00+09:00,120124.6796875,110604.9203125,104899.39361979166,83.33334475990152,703.089501624615,0.017869536955187004,0.022599320266959558,1,1,-1,0.5,False,Trend,Trend,False
2019-09-25 00:00:00+09:00,117750.671875,111483.301953125,104986.44036458334,76.92304284623062,437.11844810887123,0.01709426078335933,0.022645532478394736,1,1,-1,0.5,False,Trend,Trend,False
2019-09-26 00:00:00+09:00,117750.671875,112361.68359375,105065.573828125,73.91301859472205,208.83821996784536,0.01709426078335933,0.022641169963225755,1,1,-1,0.5,False,Trend,Trend,False
2019-09-27 00:00:00+09:00,116326.28125,113240.066015625,105136.794140625,67.39132145527125,-75.22856884478824,0.01695218142629967,0.022671764089766205,1,1,-1,0.5,False,Trend,Trend,False
2019-09-30 00:00:00+09:00,117750.671875,114118.44765625,105287.14778645833,63.41462142144793,-197.39601742530976,0.016918022660178632,0.022355184532596207,1,1,-1,0.5,False,Trend,Trend,False
2019-10-01 00:00:00+09:00,119649.8828125,114878.129296875,105445.41484375,64.28572268074316,-180.93204800330113,0.01510079803346845,0.022384935575505027,1,1,-1,0.5,False,Trend,Trend,False
2019-10-02 00:00:00+09:00,117750.671875,115519.1109375,105540.375,58.69564284257931,-320.4336895169308,0.015937184475748156,0.022398848464451455,1,1,-1,0.5,False,Trend,Trend,False
2019-10-04 00:00:00+09:00,116326.28125,116112.6125,105643.24869791667,51.11113792546147,-519.3463915729362,0.016284527656300854,0.022341020944548082,1,1,-1,0.5,False,Trend,Trend,False
2019-10-07 00:00:00+09:00,115851.46875,116539.93359375,105785.6890625,42.499961949517505,-683.2859098347362,0.01558818592362352,0.02206691595338827,1,1,-1,0.5,False,Trend,Trend,False
2019-10-08 00:00:00+09:00,119649.8828125,117085.955078125,105991.436328125,52.083314765160026,-542.4462506076179,0.016732174494258203,0.022425390182758978,1,1,-1,0.5,False,Trend,Trend,False
2019-10-10 00:00:00+09:00,121074.28125,117513.27578125,106197.18346354166,57.142866737184974,-368.2277414709056,0.015338884617031182,0.022414441554590377,1,1,-1,0.5,False,Trend,Trend,False
2019-10-11 00:00:00+09:00,120599.4921875,117845.637109375,106387.10403645833,62.22225634961466,-302.5832818921158,0.015277740839217077,0.022423896398888785,1,1,-1,0.5,False,Trend,Trend,False
2019-10-14 00:00:00+09:00,122973.4921875,118296.6984375,106632.41783854166,62.22225634961466,-125.93941300697406,0.01570327351456769,0.02249824744183814,1,1,-1,0.5,False,Trend,Trend,False
2019-10-15 00:00:00+09:00,120124.6796875,118510.358984375,106822.33828125,54.000001316341994,-222.003879192172,0.016521206828518965,0.022736373026550124,1,1,-1,0.5,False,Trend,Trend,False
2019-10-16 00:00:00+09:00,119649.8828125,118557.838671875,107028.085546875,48.93617840638566,-331.95066570304607,0.01568442690668132,0.022665336558965618,1,1,-1,0.5,False,Trend,Trend,False
2019-10-17 00:00:00+09:00,116801.078125,118462.878125,107233.83268229167,47.91668237821947,-595.5820791862466,0.01661464389336282,0.02260781543418815,1,1,-1,0.5,False,Trend,Trend,False
2019-10-18 00:00:00+09:00,114901.875,118320.43828125,107384.186328125,44.23078140109459,-879.7612398559668,0.016908636644040364,0.022675877886255896,1,1,-1,0.5,False,Trend,Trend,False
2019-10-21 00:00:00+09:00,115376.671875,118320.43828125,107582.02005208333,47.99998288755412,-1008.4139014739267,0.016326129873006984,0.022457223057011946,1,1,-1,0.5,False,Trend,Trend,False
2019-10-22 00:00:00+09:00,119649.8828125,118415.398828125,107866.90078125,53.57144221335716,-788.1370904812302,0.017710074687517254,0.02284559323948559,1,1,-1,0.5,False,Trend,Trend,False
2019-10-23 00:00:00+09:00,118225.4765625,118415.398828125,108120.12799479166,47.272720201472026,-722.5176147464736,0.017916949492327628,0.022920689893293277,1,1,-1,0.5,False,Trend,Trend,False
2019-10-24 00:00:00+09:00,118225.4765625,118320.438671875,108468.31536458334,50.98040038083573,-664.7251988934063,0.017520891512758416,0.02156785897116982,1,1,-1,0.5,False,Trend,Trend,False
2019-10-25 00:00:00+09:00,119175.078125,118391.658984375,108816.50286458334,55.999981571224254,-552.7518100105624,0.017019631644454324,0.0215603006160496,1,1,-1,0.5,False,Trend,Trend,False
2019-10-28 00:00:00+09:00,121074.28125,118557.839453125,109156.776953125,60.3773678628819,-350.8274805034714,0.01735413576719151,0.021454304553048184,1,1,-1,0.5,False,Trend,Trend,False
2019-10-29 00:00:00+09:00,121549.0859375,118818.9796875,109504.964453125,54.34782764218104,-193.21102490289854,0.01706280698186736,0.021450737249897784,1,1,-1,0.5,False,Trend,Trend,False
2019-10-30 00:00:00+09:00,116326.28125,118747.76015625,109726.53841145833,40.74075315480242,-434.79615398198894,0.019737035782587255,0.02212472435776942,1,1,-1,0.5,False,Trend,Trend,False
2019-10-31 00:00:00+09:00,115851.46875,118557.839453125,109963.93893229167,40.74071591264007,-609.9320532356921,0.01935478291854024,0.022040888256312417,1,1,-1,0.5,False,Trend,Trend,False
2019-11-01 00:00:00+09:00,112053.0625,118272.958984375,110217.16627604167,29.82455431333929,-944.951779411231,0.020393359565610066,0.0215565269708296,1,1,-1,0.5,False,Trend,Trend,False
2019-11-04 00:00:00+09:00,115376.671875,118225.478515625,110570.10182291667,41.37931523610587,-905.9571680871641,0.02143261129074654,0.02145729224435506,1,1,-1,0.5,False,Trend,Trend,False
2019-11-05 00:00:00+09:00,115851.46875,118225.478515625,110972.1,43.10343800417768,-814.3214766034893,0.021436903355776922,0.02109423173984264,1,1,-1,0.5,False,Trend,Trend,False
2019-11-06 00:00:00+09:00,112053.0625,117845.6375,111353.5234375,41.666657525410855,-965.3449073617073,0.021258651121061598,0.021232817049808925,1,1,-1,0.5,False,Trend,Trend,False
2019-11-07 00:00:00+09:00,112053.0625,117394.5765625,111727.03372395833,44.64284559969018,-1015.9398476395281,0.020978670901317536,0.021237513685902557,1,1,-1,0.5,False,Trend,Trend,False
2019-11-08 00:00:00+09:00,114427.0703125,117085.95546875,112103.70924479167,48.33333470452133,-847.1167204389458,0.0217011540989996,0.021190777676513613,1,1,-1,0.5,False,Trend,Trend,False
2019-11-11 00:00:00+09:00,112053.0625,116539.933984375,112447.14869791667,35.7142836155287,-850.6931012694113,0.02141443968631235,0.021406043011526987,1,1,-1,0.5,False,Trend,Trend,False
2019-11-12 00:00:00+09:00,113002.6640625,116183.833203125,112823.82421875,40.0,-748.0947865971132,0.021126775045223544,0.021325774428630654,1,1,-1,0.5,False,Trend,Trend,False
2019-11-13 00:00:00+09:00,109204.2578125,115661.551953125,113132.44479166667,34.920638237189976,-885.6283099592454,0.02224666909568096,0.02188032394772924,1,1,-1,0.5,False,Trend,Trend,False
2019-11-14 00:00:00+09:00,109679.0546875,115305.45078125,113445.81354166666,33.87096303338012,-891.737716198158,0.021837718409401144,0.021880497347721663,1,1,-1,0.5,False,Trend,Trend,False
2019-11-15 00:00:00+09:00,111578.265625,115139.2703125,113675.30078125,33.870980583446695,-722.2175383491219,0.022054528164979416,0.019931148784381698,1,1,-1,0.5,False,Trend,Trend,False
2019-11-18 00:00:00+09:00,110628.6640625,114901.869921875,113801.914453125,31.746037135433696,-631.6611460909675,0.022067445225099656,0.018870392356875793,1,1,-1,0.5,False,Trend,Trend,False
2019-11-19 00:00:00+09:00,110153.859375,114427.06875,113928.528125,37.73583909853055,-563.6047297036662,0.020124303893326485,0.018868779654102465,1,1,-1,0.5,False,Trend,Trend,False
2019-11-20 00:00:00+09:00,110153.859375,114023.487890625,114063.055078125,38.46154576372443,-481.63299698972446,0.020056757234940287,0.01885397730239768,-1,1,-1,-0.19999999999999996,False,MeanReversion,Trend,False
2019-11-21 00:00:00+09:00,109679.0546875,113596.166796875,114173.84192708334,44.44444038166557,-424.4396941688997,0.02003992926865317,0.018837922391156375,-1,1,-1,-0.19999999999999996,False,MeanReversion,Trend,False
2019-11-22 00:00:00+09:00,109204.2578125,113097.62578125,114324.19557291667,33.33333333333333,-384.8073161146099,0.01984811285492254,0.018462532654048895,-1,1,-1,-0.19999999999999996,False,MeanReversion,Trend,False
2019-11-25 00:00:00+09:00,111103.4609375,112599.084765625,114506.20260416667,38.09524742304795,-205.87919262427044,0.019927118687667295,0.018573633964527356,-1,1,-1,-0.19999999999999996,False,MeanReversion,Trend,False
2019-11-26 00:00:00+09:00,115376.671875,112290.4640625,114783.169921875,58.13953666352122,202.94997040398857,0.02198950253792294,0.019022005734461066,-1,1,1,0.30000000000000004,False,Trend,Trend,False
2019-11-27 00:00:00+09:00,115851.46875,112266.7234375,115044.31041666666,59.09090229162927,491.57667509120415,0.019748638354265394,0.018960876117567412,-1,1,1,0.30000000000000004,False,Trend,Trend,False
2019-11-28 00:00:00+09:00,115851.46875,112266.7234375,115234.23072916667,53.84614086448989,658.3116887774463,0.01972744985552612,0.018245003601971288,-1,1,1,0.30000000000000004,False,Trend,Trend,False
2019-11-29 00:00:00+09:00,113952.265625,112361.68359375,115384.58450520833,55.263155615753135,617.2036949905753,0.018555821041214955,0.018392097346802947,-1,1,1,0.30000000000000004,False,Trend,Trend,False
2019-12-02 00:00:00+09:00,115376.671875,112361.68359375,115566.59153645833,56.41026290108839,658.6769333564104,0.01755610916370632,0.018429998518593078,-1,1,1,0.30000000000000004,False,Trend,Trend,False
2019-12-03 00:00:00+09:00,114901.875,112314.20390625,115693.20533854167,68.75001606861427,627.0324279643323,0.017551240467191143,0.01814257425151687,-1,1,1,0.30000000000000004,False,Trend,Trend,False
2019-12-04 00:00:00+09:00,113952.265625,112409.1640625,115780.25221354167,63.63635910351268,519.4874363332583,0.01589388101518035,0.018112780481143894,-1,1,1,0.30000000000000004,False,Trend,Trend,False
2019-12-05 00:00:00+09:00,116326.28125,112622.825,115843.55911458333,64.70588519969647,580.9291424923999,0.016493920845042226,0.01776525934778002,-1,1,1,0.30000000000000004,False,Trend,Trend,False
2019-12-06 00:00:00+09:00,115376.671875,112670.305078125,115867.29921875,64.70585388540204,531.6375233139831,0.015998703245866774,0.017729331176743482,-1,1,1,0.30000000000000004,False,Trend,Trend,False
2019-12-09 00:00:00+09:00,114901.875,112812.745703125,115883.12604166666,64.70588519969647,444.614064249442,0.015239454538504239,0.01773813794829585,-1,1,1,0.30000000000000004,False,Trend,Trend,False
2019-12-10 00:00:00+09:00,115851.46875,112955.1859375,115883.12604166666,66.6666514312459,428.3908491177943,0.015234353746699616,0.017640247241068628,-1,1,1,0.30000000000000004,False,Trend,Trend,False
2019-12-11 00:00:00+09:00,116801.078125,113335.026953125,115851.47252604166,70.27028108752816,456.4189107507182,0.012798168319637352,0.0173848195927714,-1,1,-1,-0.19999999999999996,False,MeanReversion,Trend,False
2019-12-12 00:00:00+09:00,116801.078125,113691.128125,115819.81901041667,72.22221460451532,449.0714151914981,0.012817510920318074,0.0173848195927714,-1,1,-1,-0.19999999999999996,False,MeanReversion,Trend,False
2019-12-13 00:00:00+09:00,118700.2890625,114047.229296875,115835.64596354167,72.22222730069117,540.1160541162099,0.012759693071903838,0.017481509242819528,-1,1,-1,-0.19999999999999996,False,MeanReversion,MeanReversion,False
2019-12-16 00:00:00+09:00,118700.2890625,114450.810546875,115891.03958333333,62.962981019735935,565.6240274767042,0.012489565212995582,0.01727317638485463,-1,1,1,0.30000000000000004,False,Trend,MeanReversion,False
2019-12-17 00:00:00+09:00,119175.078125,114901.871484375,115914.7796875,62.96295844876697,577.7284756066044,0.01235311815761719,0.017081825808591994,-1,1,1,0.30000000000000004,False,Trend,Trend,False
2019-12-18 00:00:00+09:00,117750.671875,115281.712109375,115906.86627604166,56.666655697171734,458.27835058320545,0.012837840954649963,0.01714646041680565,-1,1,1,0.30000000000000004,False,Trend,Trend,False
2019-12-19 00:00:00+09:00,119649.8828125,115780.253515625,115898.95299479166,69.99998354576663,473.69511594795665,0.013003204641243856,0.017147471884252447,-1,1,1,0.30000000000000004,False,Trend,Trend,False
2019-12-20 00:00:00+09:00,119175.078125,116278.79453125,115922.69309895833,64.28568070565143,420.2518850446611,0.012990713101486558,0.016956245495100733,1,1,1,1.0,False,Trend,Trend,True
2019-12-23 00:00:00+09:00,120124.6796875,116729.85546875,115962.25989583334,68.96545463314165,416.394565143142,0.012668022558031544,0.01698558676757671,1,1,1,1.0,False,Trend,Trend,False
2019-12-24 00:00:00+09:00,119175.078125,116919.77578125,116009.73984375,68.96549376327687,321.6671867073162,0.010104782383324658,0.016941501016451553,1,1,1,1.0,False,Trend,Trend,False
2019-12-26 00:00:00+09:00,118225.4765625,117038.476171875,116017.65325520834,57.69226631328003,174.2168371498699,0.010308525069732401,0.016904126814424644,1,1,1,1.0,False,Trend,Trend,False
2019-12-27 00:00:00+09:00,120124.6796875,117252.13671875,116025.56653645834,67.85713236335471,182.8573260977746,0.010828804480598501,0.01690310930075895,1,1,1,1.0,False,Trend,Trend,False
2019-12-30 00:00:00+09:00,120124.6796875,117560.757421875,116065.13333333333,70.37033651387978,167.26010454327547,0.009950529225979665,0.016771040080215308,1,1,-1,0.5,False,Trend,Trend,False
2020-01-02 00:00:00+09:00,119175.078125,117750.677734375,116112.61328125,62.96295844876697,76.3062148475733,0.009938196970175991,0.016726388857841976,1,1,1,1.0,False,Trend,Trend,False
2020-01-03 00:00:00+09:00,122973.4921875,118154.25859375,116231.313671875,69.69695760936716,245.72152631272365,0.011845472735611325,0.017185261615475043,1,1,1,1.0,False,Trend,Trend,False
2020-01-06 00:00:00+09:00,121074.28125,118510.359375,116255.05364583334,62.162132114236925,205.2810124313762,0.012324689603123575,0.016815618771049912,1,1,1,1.0,False,Trend,Trend,False
2020-01-07 00:00:00+09:00,121074.28125,118747.759375,116255.05364583334,57.57571073629772,156.16221954501793,0.011618155368935606,0.01674606852121462,1,1,1,1.0,False,Trend,Trend,False
2020-01-08 00:00:00+09:00,117750.671875,118866.459375,116207.57330729166,47.499961949548805,-108.2819732491048,0.013241715730367141,0.017121317648363263,1,1,-1,0.5,False,Trend,Trend,False
2020-01-09 00:00:00+09:00,122973.4921875,119270.040234375,116207.57330729166,58.000000658169476,51.8346195587651,0.016203160573674102,0.01785452343867031,1,1,1,1.0,False,Trend,Trend,False
2020-01-10 00:00:00+09:00,124397.890625,119697.361328125,116278.79348958333,63.99999341830304,227.13955945816087,0.0162712936971405,0.017645833416705888,1,1,1,1.0,False,Trend,Trend,False
2020-01-13 00:00:00+09:00,124872.6953125,120100.9421875,116365.84036458333,61.70211797622608,341.65593473768513,0.016235533012122903,0.017640438689534035,1,1,1,1.0,False,Trend,Trend,False
2020-01-14 00:00:00+09:00,122498.6875,120385.82265625,116460.80052083333,56.86274320020235,229.48481637244913,0.01699307352366419,0.01753460136292851,1,1,1,1.0,False,Trend,Trend,False
2020-01-15 00:00:00+09:00,122498.6875,120575.742578125,116587.4140625,55.10204150163452,132.0911541980313,0.01668623931836579,0.017389364455788606,1,1,1,1.0,False,Trend,Trend,False
2020-01-16 00:00:00+09:00,121549.0859375,120718.182421875,116690.28763020833,55.10204150163452,-11.837163752364177,0.01681513608824746,0.017421792273455302,1,1,-1,0.5,False,Trend,Trend,False
2020-01-17 00:00:00+09:00,121549.0859375,120836.8828125,116721.941015625,57.44680553114648,-116.7592095928594,0.016803762816409825,0.016786869511130217,1,1,-1,0.5,False,Trend,Trend,False
2020-01-20 00:00:00+09:00,122023.890625,121050.54375,116785.24791666666,54.54546474436283,-161.1656489509653,0.016529871218022938,0.01671565618561951,1,1,-1,0.5,False,Trend,Trend,False
2020-01-21 00:00:00+09:00,119649.8828125,121050.54375,116808.98802083333,48.97960211635095,-346.75144890885804,0.01683515376571694,0.01691737568608146,1,1,-1,0.5,False,Trend,Trend,False
2020-01-22 00:00:00+09:00,121074.28125,121145.50390625,116840.64140625,53.99999341830305,-367.901292894112,0.017008930051194963,0.01695454315545279,1,1,-1,0.5,False,Trend,Trend,False
2020-01-23 00:00:00+09:00,118700.2890625,121074.284375,116801.07486979167,40.42554904698355,-526.4430500485266,0.017518870321844102,0.01702427516627336,1,1,-1,0.5,False,Trend,Trend,False
2020-01-28 00:00:00+09:00,113002.6640625,120765.663671875,116658.63450520833,34.54546324853011,-973.6949870477733,0.02058832495725454,0.01814351795801798,1,1,-1,0.5,False,Trend,Trend,False
2020-01-29 00:00:00+09:00,112527.8671875,120480.783203125,116595.32760416667,33.92858559518125,-1242.9312486493993,0.020553993914532834,0.017262236484939252,1,1,-1,0.5,False,Trend,Trend,False
2020-01-30 00:00:00+09:00,110628.6640625,120005.982421875,116508.280859375,35.84907534838784,-1474.546311391015,0.020320494351151474,0.017387417567724897,1,1,-1,0.5,False,Trend,Trend,False
2020-01-31 00:00:00+09:00,108254.6640625,119412.481640625,116444.97421875,17.021273616248692,-1697.3791292529722,0.020665166184196324,0.017080031159454678,1,1,-1,0.5,False,Trend,Trend,False
2020-02-03 00:00:00+09:00,107305.046875,118818.980078125,116310.44713541666,10.869571438280474,-1808.2566877827696,0.020672177730824758,0.01665570129470208,1,1,-1,0.5,False,Trend,Trend,False
2020-02-04 00:00:00+09:00,108254.6640625,118083.038671875,116183.83372395833,12.766007353296416,-1717.8243902434765,0.019126269761914706,0.01669217742562559,1,1,-1,0.5,False,Trend,Trend,False
2020-02-05 00:00:00+09:00,104456.25,117252.137109375,116057.22018229167,12.000046071878714,-1805.048578252119,0.02013999417521983,0.016772702155276344,1,1,-1,0.5,False,Trend,Trend,False
2020-02-06 00:00:00+09:00,117275.875,117062.216796875,116144.26705729167,42.85714590987942,-934.4134725245456,0.03414083392632916,0.02256673416072753,1,-1,-1,-0.30000000000000004,True,Defensive,Trend,False
2020-02-07 00:00:00+09:00,114427.0703125,116896.03671875,116144.26705729167,40.74074600730487,-506.84371023115796,0.034017105767533515,0.022641637333920633,1,-1,-1,-0.30000000000000004,True,Defensive,Defensive,False
2020-02-10 00:00:00+09:00,114427.0703125,116468.715625,116183.83385416666,40.74074600730487,-196.4333758965597,0.032350192717522826,0.022473757829634913,1,-1,-1,-0.30000000000000004,True,Defensive,Defensive,False
2020-02-11 00:00:00+09:00,114427.0703125,115970.174609375,116207.57395833333,39.99999999999999,24.719187492230276,0.032168922195879184,0.02244866601922212,-1,-1,-1,-1.0,True,Defensive,Defensive,False
2020-02-12 00:00:00+09:00,114427.0703125,115447.893359375,116294.62083333333,42.66666842178701,178.277186423996,0.0321303965563684,0.021989907353012594,-1,-1,-1,-1.0,True,Defensive,Defensive,False
2020-02-13 00:00:00+09:00,110628.6640625,114854.3921875,116310.44765625,36.25001414037329,38.606714956780706,0.03264502766912411,0.022430969202187716,-1,-1,-1,-1.0,True,Defensive,Defensive,False
2020-02-14 00:00:00+09:00,110628.6640625,114260.891015625,116294.62096354166,38.66666637414674,-35.21450347547784,0.03264502766912411,0.022319346322272268,-1,-1,-1,-1.0,True,Defensive,Defensive,False
2020-02-17 00:00:00+09:00,109204.2578125,113643.649609375,116270.880859375,43.93940149414553,-154.7148737891564,0.03268794424628651,0.02235474639565613,-1,-1,-1,-1.0,True,Defensive,Defensive,False
2020-02-18 00:00:00+09:00,109679.0546875,113050.148046875,116262.96744791667,45.454538655269026,-175.02631162738066,0.03273970361152338,0.02235581155769371,-1,-1,-1,-1.0,True,Defensive,Defensive,False
2020-02-19 00:00:00+09:00,109679.0546875,112432.90625,116255.05403645833,48.387085644889744,-162.00479604643374,0.032694642579500714,0.02235581155769371,-1,-1,-1,-1.0,True,Defensive,Defensive,False
2020-02-20 00:00:00+09:00,109204.2578125,111910.625,116247.14075520834,51.724121300702485,-158.70462604279555,0.03252062628110041,0.022355871810014877,-1,-1,-1,-1.0,True,Defensive,Defensive,False
2020-02-21 00:00:00+09:00,106355.453125,111174.68359375,116199.66067708333,48.38711132790626,-312.8125200113568,0.03263038567905805,0.022607887612066186,-1,-1,-1,-1.0,True,Defensive,Defensive,False
2020-02-24 00:00:00+09:00,100657.8359375,110272.5609375,116025.56692708333,38.8888711142232,-738.5937439196623,0.03429776180990072,0.023556405809525872,-1,-1,-1,-1.0,True,Defensive,Defensive,False
2020-02-25 00:00:00+09:00,104456.25,109845.240234375,115843.55989583333,50.0,-704.6364580607201,0.0342995394861372,0.02353676130529195,-1,-1,-1,-1.0,True,Defensive,Defensive,False
2020-02-26 00:00:00+09:00,102557.0390625,109346.698828125,115621.98606770833,18.367348309392398,-746.3071857190471,0.03445094789256931,0.02362193851707167,-1,-1,-1,-1.0,True,Defensive,Defensive,False
2020-02-27 00:00:00+09:00,102082.2421875,108919.377734375,115392.49895833334,20.45454885418536,-740.5918758739799,0.0343277508486769,0.023622770892572587,-1,-1,-1,-1.0,True,Defensive,Defensive,False
2020-02-28 00:00:00+09:00,98758.6328125,108444.576171875,115139.27174479167,17.647060721367495,-885.5921214411915,0.03472925793994336,0.023889578963301638,-1,-1,-1,-1.0,True,Defensive,Defensive,False
2020-03-02 00:00:00+09:00,99233.4375,108040.995703125,114870.21783854166,19.230782618105934,-873.0324495585614,0.03477547888149938,0.0238296723565204,-1,-1,-1,-1.0,True,Defensive,Defensive,False
2020-03-03 00:00:00+09:00,98283.828125,107542.45390625,114593.250390625,18.51852641836392,-851.2886328441282,0.03466463555424447,0.023846508626941175,-1,-1,-1,-1.0,True,Defensive,Defensive,False
2020-03-04 00:00:00+09:00,100657.8359375,107352.533203125,114371.6765625,29.411770399392935,-610.8824755549467,0.03443010516861485,0.024076764380197922,-1,-1,-1,-1.0,True,Defensive,Defensive,False
2020-03-05 00:00:00+09:00,104931.0390625,106735.29140625,114181.755859375,39.99998354574857,-123.43095469663649,0.023284623674408974,0.02455865296291299,-1,1,-1,-0.19999999999999996,False,MeanReversion,Defensive,False
2020-03-06 00:00:00+09:00,101132.640625,106070.569921875,113944.35533854166,36.92307887032652,-21.518631088556504,0.02396475445544152,0.024962520805527657,-1,1,-1,-0.19999999999999996,False,MeanReversion,MeanReversion,False
2020-03-09 00:00:00+09:00,101132.640625,105405.8484375,113714.86809895834,35.93751084631184,75.85674025579829,0.02396475445544152,0.02496280065559244,-1,1,-1,-0.19999999999999996,False,MeanReversion,MeanReversion,False
2020-03-10 00:00:00+09:00,91446.6953125,104256.8296875,113308.121875,27.251191763826057,-453.02343461909186,0.031869372388053346,0.027974666735764226,-1,1,-1,-0.19999999999999996,False,MeanReversion,MeanReversion,True
2020-03-11 00:00:00+09:00,90687.0234375,103069.82734375,112872.88763020834,27.058834233219955,-776.0172311544939,0.03176938168334998,0.027934729606394326,-1,1,-1,-0.19999999999999996,False,MeanReversion,MeanReversion,True
2020-03-12 00:00:00+09:00,90687.0234375,102072.7453125,112437.65338541666,29.11393406924826,-902.7843813199356,0.03142654489950972,0.027934729606394326,-1,1,-1,-0.19999999999999996,False,MeanReversion,MeanReversion,True
2020-03-13 00:00:00+09:00,76822.8203125,100382.453125,111739.69557291667,23.908528709083285,-1782.6385535096106,0.046801815886439,0.0347434949706362,-1,-1,-1,-1.0,True,Defensive,MeanReversion,True
2020-03-16 00:00:00+09:00,72739.5390625,98559.2171875,110973.68307291667,15.495867312031748,-2460.1310938880006,0.04747681142080966,0.03526189021419656,-1,-1,-1,-1.0,True,Defensive,MeanReversion,True
2020-03-17 00:00:00+09:00,74638.734375,96807.201171875,110231.41067708333,19.628086003454385,-2587.8771909143506,0.04829757420848859,0.03550046808263331,-1,-1,-1,-1.0,True,Defensive,MeanReversion,True
2020-03-18 00:00:00+09:00,68276.3984375,94737.068359375,109406.839453125,17.399253048785084,-2885.689534449364,0.050488291396951775,0.03701785800953981,-1,-1,-1,-1.0,True,Defensive,MeanReversion,True
2020-03-19 00:00:00+09:00,62958.62890625,92424.7869140625,108461.98522135416,16.754837484758227,-3201.245433492373,0.051837870933143695,0.03801139650946796,-1,-1,-1,-1.0,True,Defensive,MeanReversion,True
2020-03-20 00:00:00+09:00,73119.375,90762.9830078125,107694.39016927083,29.446927682773605,-2516.2816952777375,0.06524783580083603,0.04327881105927249,-1,-1,-1,-1.0,True,Defensive,MeanReversion,True
2020-03-23 00:00:00+09:00,65142.7109375,88987.2267578125,106778.0240234375,26.514124423906992,-2391.870591622208,0.06834591356583103,0.045384676487771045,-1,-1,-1,-1.0,True,Defensive,MeanReversion,True
2020-03-24 00:00:00+09:00,70175.6015625,87273.1943359375,105961.36608072916,29.18286972395144,-1789.6339108640313,0.07051506212675636,0.04668114871417054,-1,-1,-1,-1.0,True,Defensive,MeanReversion,True
2020-03-25 00:00:00+09:00,75018.5703125,85896.2708984375,105241.2509765625,29.729724435565302,-927.5170900336998,0.07313087748406838,0.047689750136627886,-1,-1,-1,-1.0,True,Defensive,Defensive,False
2020-03-26 00:00:00+09:00,73784.09375,84481.3634765625,104468.90787760417,30.799993067270847,-333.4403832072876,0.07308513093191356,0.04760268491475286,-1,-1,-1,-1.0,True,Defensive,Defensive,False
2020-03-27 00:00:00+09:00,73404.2578125,83213.6447265625,103690.2341796875,30.63659995561278,116.79263649687528,0.07301271830945825,0.04759241942220358,-1,-1,-1,-1.0,True,Defensive,Defensive,False
2020-03-30 00:00:00+09:00,72454.6484375,81874.7052734375,102911.5603515625,34.894253398383185,416.63745723054853,0.07286914090119082,0.04759645242770134,-1,-1,-1,-1.0,True,Defensive,Defensive,False
2020-03-31 00:00:00+09:00,74638.734375,80692.4505859375,102105.9810546875,37.518453318996826,805.5390202981289,0.07356954849127052,0.047573257770166424,-1,-1,-1,-1.0,True,Defensive,Defensive,False
2020-04-01 00:00:00+09:00,72549.609375,79287.0392578125,101297.2365234375,36.337614814954314,955.330436177057,0.07308925075412528,0.04763511911516076,-1,-1,-1,-1.0,True,Defensive,Defensive,False
2020-04-02 00:00:00+09:00,75303.4609375,77805.6603515625,100534.38951822916,48.6254330022455,1254.2899894274542,0.07291512319529045,0.04798975922924026,-1,-1,1,-0.5,True,Defensive,Defensive,False
2020-04-03 00:00:00+09:00,72739.5390625,76386.0052734375,99784.20397135416,50.0,1288.8466294310256,0.07288418258291486,0.048045655388091,-1,-1,1,-0.5,True,Defensive,Defensive,False
2020-04-06 00:00:00+09:00,76632.90625,75161.0185546875,99011.86087239583,51.78876291866032,1565.0206899647765,0.07442095207229321,0.0482172048433274,-1,-1,1,-0.5,True,Defensive,Defensive,False
2020-04-07 00:00:00+09:00,77392.578125,74458.3126953125,98228.43899739583,59.090909799167626,1774.606255486703,0.07168942693544349,0.04820640978913151,-1,-1,1,-0.5,True,Defensive,Defensive,False
2020-04-08 00:00:00+09:00,75493.375,73698.6302734375,97405.45032552084,63.41463394241694,1757.7407431949578,0.07178433533955762,0.04823027707110021,-1,-1,1,-0.5,True,Defensive,Defensive,False
2020-04-09 00:00:00+09:00,79386.75,73133.6166015625,96686.91803385416,57.746480777290024,1965.4867571499462,0.07299287256605433,0.04879719598958978,-1,-1,1,-0.5,True,Defensive,Defensive,False
2020-04-10 00:00:00+09:00,81096.03125,73347.2771484375,95996.87376302083,73.33334856876455,2159.2610323920944,0.062784968561177,0.048928010361403554,-1,1,-1,-0.19999999999999996,False,MeanReversion,Defensive,False
2020-04-13 00:00:00+09:00,76727.859375,73546.6931640625,95249.8533203125,59.77337863150395,1941.349871716321,0.06282134458375967,0.04932703616639324,-1,1,1,0.30000000000000004,False,Trend,Defensive,False
2020-04-14 00:00:00+09:00,78247.2265625,73727.1177734375,94528.1556640625,55.345927570202264,1848.1297781548383,0.0627170284619316,0.049443516455011605,-1,1,1,0.30000000000000004,False,Trend,Trend,False
2020-04-16 00:00:00+09:00,75968.1796875,74111.7068359375,93760.56048177084,53.49544194560343,1591.3322078530355,0.05947688036971269,0.04950324068841238,-1,1,1,0.30000000000000004,False,Trend,Trend,False
2020-04-17 00:00:00+09:00,77867.390625,74857.144921875,93064.18561197916,56.811595239713405,1508.4888815523732,0.055988047910912636,0.049655603682537554,-1,1,1,0.30000000000000004,False,Trend,Trend,False
2020-04-20 00:00:00+09:00,76917.78125,75047.065234375,92328.2439453125,56.811595239713405,1353.7762811176362,0.04556921353936539,0.049596803471859345,-1,1,1,0.30000000000000004,False,Trend,Trend,False
2020-04-21 00:00:00+09:00,73119.375,75445.8984375,91568.56204427083,47.79006190344808,977.2386109211138,0.03848248227570928,0.04988480554066803,-1,1,1,0.30000000000000004,False,Trend,Trend,False
2020-04-22 00:00:00+09:00,71884.890625,75531.362890625,90883.2658203125,49.008503073169685,642.8001911385154,0.035188876017285854,0.04960754034087403,-1,1,1,0.30000000000000004,False,Trend,Trend,False
2020-04-23 00:00:00+09:00,73404.2578125,75450.647265625,90231.2056640625,47.05882637616843,526.5598820742753,0.03204937976634994,0.049741988006481386,-1,1,1,0.30000000000000004,False,Trend,Trend,False
2020-04-24 00:00:00+09:00,72549.609375,75388.923046875,89596.55475260416,49.68942607635435,400.4711631501218,0.03194350559364227,0.04972879456800573,-1,1,1,0.30000000000000004,False,Trend,Trend,False
2020-04-27 00:00:00+09:00,73404.2578125,75388.923046875,89015.7146484375,44.13793533880276,382.9900092644348,0.03204611394186016,0.04974885953004914,-1,1,-1,-0.19999999999999996,False,MeanReversion,Trend,False
2020-04-28 00:00:00+09:00,73499.2109375,75441.151171875,88452.28404947916,42.75619555892522,385.1434722805834,0.03189950697799942,0.049757918101286755,-1,1,-1,-0.19999999999999996,False,MeanReversion,Trend,False
2020-04-29 00:00:00+09:00,78532.1015625,75635.81953125,87956.9080078125,55.0632850423918,713.7404601431431,0.034579982837529465,0.05059873047378108,-1,1,1,0.30000000000000004,False,Trend,Trend,False
2020-05-04 00:00:00+09:00,75208.5,75768.7640625,87469.4455078125,42.90322991573303,694.8017600325247,0.035428406558751714,0.05068453354965078,-1,1,-1,-0.19999999999999996,False,MeanReversion,Trend,False
2020-05-06 00:00:00+09:00,78247.2265625,75915.95234375,86818.96803385417,45.370376718459454,863.4725451638333,0.035556056601399315,0.04850374905331912,-1,1,1,0.30000000000000004,False,Trend,Trend,False
2020-05-07 00:00:00+09:00,77962.34375,76177.092578125,86211.22259114584,52.313168197516525,926.8183054252731,0.034539720615026,0.04844846401464117,-1,1,1,0.30000000000000004,False,Trend,Trend,False
2020-05-08 00:00:00+09:00,77582.5078125,76224.57265625,85597.14654947916,48.698890897924926,912.6555981524523,0.03260997439012737,0.0484416395405449,-1,1,1,0.30000000000000004,False,Trend,Trend,False
2020-05-11 00:00:00+09:00,75873.21875,76148.6046875,84954.58235677083,49.80988462319304,763.7317982236927,0.03292075013939883,0.04847652357665802,-1,1,1,0.30000000000000004,False,Trend,Trend,False
2020-05-12 00:00:00+09:00,74258.890625,76086.88046875,84285.1126953125,42.692288463230135,542.4686737815441,0.032801637120417046,0.0485045327676093,-1,1,-1,-0.19999999999999996,False,MeanReversion,Trend,False
2020-05-13 00:00:00+09:00,74068.9765625,75820.991796875,83675.7845703125,44.04762332286551,377.1300227233512,0.030516643503540216,0.04838213656774819,-1,1,-1,-0.19999999999999996,False,MeanReversion,Trend,False
2020-05-14 00:00:00+09:00,72834.4921875,75407.91484375,83045.88170572916,49.33332845799869,187.98948079837123,0.030075236149567558,0.04839142161260078,-1,1,1,0.30000000000000004,False,Trend,Trend,False
2020-05-15 00:00:00+09:00,74448.8125,75293.9625,82466.62428385417,55.8951870935385,175.22102832093833,0.028221370619170086,0.0485275416768671,-1,1,1,0.30000000000000004,False,Trend,Trend,False
2020-05-18 00:00:00+09:00,74448.8125,75104.041796875,81879.45358072917,52.58214094658352,170.2470128275188,0.0277864270941368,0.04851452317973013,-1,1,1,0.30000000000000004,False,Trend,Trend,False
2020-05-19 00:00:00+09:00,77297.6171875,75170.513671875,81339.76295572917,60.68375918125253,351.8351779930781,0.02839084819442596,0.04884035731757658,-1,1,1,0.30000000000000004,False,Trend,Trend,False
2020-05-20 00:00:00+09:00,76253.0546875,75089.796875,80790.57623697916,56.35591565930733,391.57025017725255,0.027988017669701937,0.048850207685458426,-1,1,1,0.30000000000000004,False,Trend,Trend,False
2020-05-21 00:00:00+09:00,78057.296875,75146.77265625,80318.94029947916,59.448814434408845,521.2231657111716,0.028368548455379106,0.04892011270940947,-1,1,1,0.30000000000000004,False,Trend,Trend,False
2020-05-22 00:00:00+09:00,75873.21875,75284.46484375,79905.86334635416,43.75000229551801,444.72496545750346,0.026629814413205565,0.04857887583161703,-1,1,-1,-0.19999999999999996,False,MeanReversion,Trend,False
2020-05-25 00:00:00+09:00,79576.671875,75669.05390625,79491.2037109375,60.08772721138462,617.7402735771299,0.028103876283209324,0.04875254350761172,-1,1,1,0.30000000000000004,False,Trend,Trend,False
2020-05-26 00:00:00+09:00,81475.875,76072.634765625,79139.8509765625,57.87037618945868,821.5250915368304,0.02818926226088769,0.04885162487220861,-1,1,1,0.30000000000000004,False,Trend,Trend,False
2020-05-27 00:00:00+09:00,88028.1328125,76846.5609375,78905.6158203125,68.79434300079674,1328.9875631749453,0.03213304955740486,0.0499628100949072,-1,1,1,0.30000000000000004,False,Trend,Trend,False
2020-05-28 00:00:00+09:00,84799.4765625,77416.321875,78672.96321614583,62.17947162853885,1372.9631666665662,0.033799673604755054,0.05001016516394314,-1,1,1,0.30000000000000004,False,Trend,Trend,False
2020-05-29 00:00:00+09:00,86223.8828125,78052.55546875,78456.1373046875,67.63753881593784,1417.9472242043003,0.033832574477311216,0.05006307347556617,-1,1,1,0.30000000000000004,False,Trend,Trend,False
2020-06-01 00:00:00+09:00,87553.328125,78503.616796875,78277.29563802083,72.87582788846163,1451.913248842002,0.031017050197105423,0.05010504122494767,1,1,-1,0.5,False,Trend,Trend,True
2020-06-02 00:00:00+09:00,93155.984375,79400.991015625,78152.26477864584,77.68594722898814,1746.5899638203919,0.03125252409802901,0.05067692714159783,1,1,-1,0.5,False,Trend,Trend,False
2020-06-03 00:00:00+09:00,97809.03125,80379.08125,78033.5646484375,82.95739069311801,2124.64496469135,0.03175973009059821,0.050787976724609996,1,1,-1,0.5,False,Trend,Trend,False
2020-06-04 00:00:00+09:00,95909.828125,81276.45546875,77946.5177734375,78.10945517995921,2112.1498086067354,0.03234642929708779,0.05063097386254221,1,1,-1,0.5,False,Trend,Trend,False
2020-06-05 00:00:00+09:00,97334.234375,82264.041796875,77883.21100260416,78.89688627900654,2062.81136618264,0.03215680307047818,0.05067109054286996,1,1,-1,0.5,False,Trend,Trend,False
2020-06-08 00:00:00+09:00,98283.828125,83384.572265625,77997.16321614584,77.8337535662115,1957.9636794650032,0.03117727758219435,0.0489521118863587,1,1,-1,0.5,False,Trend,Trend,False
2020-06-09 00:00:00+09:00,96859.421875,84514.598828125,78100.0365234375,77.05735128748395,1667.85443362332,0.03081172838566005,0.048979443851064876,1,1,-1,0.5,False,Trend,Trend,False
2020-06-10 00:00:00+09:00,95909.828125,85606.64140625,78187.08326822917,73.97960511458795,1303.3348845602495,0.031051295972498047,0.04899969594131837,1,1,-1,0.5,False,Trend,Trend,False
2020-06-11 00:00:00+09:00,94010.625,86665.448046875,78473.5466796875,74.55013049197802,847.7127004157319,0.031219964128591404,0.04393815346888323,1,1,-1,0.5,False,Trend,Trend,False
2020-06-12 00:00:00+09:00,89832.375,87434.626171875,78758.42727864583,63.70558237840867,211.49806131396417,0.03371554778397947,0.043748891062245394,1,1,1,1.0,False,Trend,Trend,False
2020-06-15 00:00:00+09:00,81950.671875,87809.719140625,78880.29290364584,50.54704098837868,-741.384780580317,0.040609574102871034,0.04534030921706621,1,1,-1,0.5,False,Trend,Trend,False
2020-06-16 00:00:00+09:00,87838.203125,88336.7484375,79206.32298177083,49.77776697078401,-962.3872877140134,0.04253836962551248,0.04457940250664745,1,1,-1,0.5,False,Trend,Trend,False
2020-06-17 00:00:00+09:00,87078.5234375,88878.021875,79608.32122395834,52.83019124198631,-1135.0920609196219,0.04243073945367266,0.04318999476729794,1,1,-1,0.5,False,Trend,Trend,False
2020-06-18 00:00:00+09:00,88597.890625,89405.0515625,79866.296484375,52.941179886697896,-1120.4407288833436,0.04232597470722644,0.03886313683029318,1,1,-1,0.5,False,Trend,Trend,False
2020-06-19 00:00:00+09:00,88977.7265625,90060.276953125,80263.54674479166,51.80722342215002,-1059.2947779671385,0.04153895336973632,0.0356012359435152,1,1,-1,0.5,False,Trend,Trend,False
2020-06-22 00:00:00+09:00,85939.0,90378.393359375,80526.27005208333,40.20617026518934,-1187.962597765786,0.0414816482351609,0.034783718533884074,1,1,-1,0.5,False,Trend,Trend,False
2020-06-23 00:00:00+09:00,84039.7890625,90506.5890625,80676.62369791667,29.804994074861398,-1353.4281998856468,0.0416025892520289,0.033924096537067475,1,1,-1,0.5,False,Trend,Trend,False
2020-06-24 00:00:00+09:00,85749.0859375,90392.63671875,80876.040234375,35.01401031455974,-1299.9126836914343,0.037920141463461364,0.033916253536736135,1,1,-1,0.5,False,Trend,Trend,False
2020-06-25 00:00:00+09:00,83185.1640625,90311.92109375,81039.05533854167,29.810301124084503,-1381.6934903517,0.03760035721064027,0.03416781350751309,1,1,-1,0.5,False,Trend,Trend,False
2020-06-26 00:00:00+09:00,84324.6796875,90216.9609375,81236.88919270833,30.188685102975484,-1304.4944377331913,0.037531212341980084,0.03414119565532627,1,1,-1,0.5,False,Trend,Trend,False
2020-06-29 00:00:00+09:00,83185.1640625,89998.552734375,81379.3296875,30.434797188914388,-1274.1660346208657,0.03742225598606373,0.03401457528998292,1,1,-1,0.5,False,Trend,Trend,False
2020-06-30 00:00:00+09:00,82995.234375,89490.515234375,81553.4234375,31.111110095416393,-1211.3006733345446,0.03420523633374234,0.03378799657915134,1,1,-1,0.5,False,Trend,Trend,False
2020-07-01 00:00:00+09:00,83185.1640625,88759.321875,81684.78515625,33.33334937061295,-1104.3347459818979,0.0318012040489855,0.033473936437348494,1,1,-1,0.5,False,Trend,Trend,False
2020-07-02 00:00:00+09:00,83849.8828125,88156.324609375,81869.95755208333,39.67213963777453,-942.5178378085081,0.03187336972021509,0.033141072891600065,1,1,-1,0.5,False,Trend,Trend,False
2020-07-03 00:00:00+09:00,84039.7890625,87491.60234375,81993.40559895833,54.91069706934185,-782.957342910252,0.031551636586504984,0.03249061515878613,1,1,-1,0.5,False,Trend,Trend,False
2020-07-06 00:00:00+09:00,83375.078125,86746.16484375,82093.11393229167,36.09468118147503,-685.930703146854,0.031295391909174436,0.0324945871399699,1,1,-1,0.5,False,Trend,Trend,False
2020-07-07 00:00:00+09:00,82330.515625,86019.71953125,82207.06627604166,35.46511766953995,-655.8632335794432,0.031277211245181555,0.03236621781091756,1,1,-1,0.5,False,Trend,Trend,False
2020-07-08 00:00:00+09:00,81380.9140625,85293.273828125,82240.30234375,27.108414328499634,-661.7856309530474,0.03128473511755081,0.03176385601109406,1,1,-1,0.5,False,Trend,Trend,False
2020-07-09 00:00:00+09:00,81855.7109375,84685.528125,82252.963671875,27.54489454486695,-597.5451938838817,0.03130541441981791,0.03165397190079722,1,1,-1,0.5,False,Trend,Trend,False
2020-07-10 00:00:00+09:00,79481.703125,84167.99453125,82298.86106770833,28.74997943216316,-673.1377747906606,0.0304605190001498,0.031054255861529094,1,1,-1,0.5,False,Trend,Trend,False
2020-07-13 00:00:00+09:00,85179.3203125,84329.426953125,82414.39596354167,53.000024681404206,-315.7658264843003,0.02778143877541731,0.03220875414265536,1,1,-1,0.5,False,Trend,Trend,False
2020-07-14 00:00:00+09:00,84039.7890625,84139.50625,82548.92278645834,45.360785394711726,-141.36527350775066,0.022952185817949125,0.03201288277763591,1,1,-1,0.5,False,Trend,Trend,False
2020-07-15 00:00:00+09:00,86413.8046875,84106.2703125,82691.36302083333,58.854149259001204,133.75854178072018,0.02384665136864202,0.03205401287939236,1,1,1,1.0,False,Trend,Trend,False
2020-07-16 00:00:00+09:00,86413.8046875,83997.066015625,82849.630078125,56.11111009541639,305.7823077070467,0.02348254039778467,0.032002241466400586,1,1,1,1.0,False,Trend,Trend,False
2020-07-17 00:00:00+09:00,84894.4375,83792.9015625,83045.88111979167,54.89127008435035,306.5077858872688,0.023724668008149197,0.03136137642930087,1,1,1,1.0,False,Trend,Trend,False
2020-07-20 00:00:00+09:00,85559.1640625,83773.909765625,83273.78567708333,57.14286336139406,338.51395258212045,0.02254479398691875,0.03126314889575021,1,1,1,1.0,False,Trend,Trend,False
2020-07-21 00:00:00+09:00,88313.0078125,83987.570703125,83522.26484375,62.499980955718236,520.9994692597938,0.0229865490769587,0.03139885016723948,1,1,1,1.0,False,Trend,Trend,False
2020-07-22 00:00:00+09:00,86223.8828125,84011.310546875,83750.16940104167,55.41124246024623,477.98192016520477,0.023315263918792285,0.031535892386731136,1,1,1,1.0,False,Trend,Trend,False
2020-07-23 00:00:00+09:00,84514.6015625,84077.782421875,83935.341796875,51.012169482763674,319.02979243047764,0.02270727709333277,0.031651136613767325,1,1,1,1.0,False,Trend,Trend,False
2020-07-24 00:00:00+09:00,83849.8828125,84054.042578125,84107.85299479167,51.01215249153556,161.67905505342782,0.022577355427119368,0.03167855365182488,-1,1,1,0.30000000000000004,False,Trend,Trend,False
2020-07-27 00:00:00+09:00,83280.1171875,84058.790234375,84186.98658854167,52.06611204997737,19.27181113047405,0.022416991744756313,0.030559722595827628,-1,1,1,0.30000000000000004,False,Trend,Trend,False
2020-07-28 00:00:00+09:00,86223.8828125,84220.22265625,84370.57630208334,59.69580297953167,117.87751421371006,0.023704995312951126,0.030304296573741153,-1,1,1,0.30000000000000004,False,Trend,Trend,False
2020-07-29 00:00:00+09:00,86223.8828125,84372.15859375,84503.52057291666,58.91472176073113,174.24347767662906,0.023708588973733995,0.029906097384794553,-1,1,1,0.30000000000000004,False,Trend,Trend,False
2020-07-30 00:00:00+09:00,86413.8046875,84500.3546875,84644.37825520833,65.53190774283917,212.90282795909846,0.023664701952709626,0.029898174743847667,-1,1,1,0.30000000000000004,False,Trend,Trend,False
2020-07-31 00:00:00+09:00,84704.5234375,84533.59140625,84763.078515625,48.704676243659144,116.7494739473783,0.024144978003866748,0.030017910664703034,-1,1,1,0.30000000000000004,False,Trend,Trend,False
2020-08-03 00:00:00+09:00,81950.671875,84462.37109375,84864.36940104167,44.76192864107927,-125.78948636081651,0.025229702053790257,0.030194036555380246,-1,1,-1,-0.19999999999999996,False,MeanReversion,Trend,False
2020-08-04 00:00:00+09:00,82710.359375,84481.36328125,85005.22721354167,39.89638940124873,-222.8532612743266,0.02516702009309229,0.03006125241059008,-1,1,-1,-0.19999999999999996,False,MeanReversion,Trend,False
2020-08-05 00:00:00+09:00,82140.59375,84519.347265625,85139.75416666667,38.69347523119659,-307.9824297654421,0.025072673790891592,0.030077188957033575,-1,1,-1,-0.19999999999999996,False,MeanReversion,Trend,False
2020-08-06 00:00:00+09:00,82615.3984375,84557.331640625,85302.76927083333,43.617045019419066,-313.80461518825086,0.025072074919162104,0.02998248910323613,-1,1,-1,-0.19999999999999996,False,MeanReversion,Trend,False
2020-08-07 00:00:00+09:00,81665.796875,84666.536328125,85423.05234375,39.267027884780646,-359.8005664829914,0.024255817275257812,0.02991883111734038,-1,1,-1,-0.19999999999999996,False,MeanReversion,Trend,False
2020-08-10 00:00:00+09:00,82805.3125,84547.8359375,85562.32734375,33.33333333333333,-294.4228355407313,0.018601513673920777,0.029960179565642727,-1,1,-1,-0.19999999999999996,False,MeanReversion,MeanReversion,False
2020-08-11 00:00:00+09:00,87078.5234375,84699.77265625,85725.34244791667,52.28425929560771,37.99071623126008,0.021645089243049382,0.03026239685450955,-1,1,1,0.30000000000000004,False,Trend,MeanReversion,False
2020-08-12 00:00:00+09:00,87458.3671875,84752.00078125,85912.09765625,58.46993503720187,271.7992926669313,0.02077508769945926,0.03019430886304901,-1,1,1,0.30000000000000004,False,Trend,Trend,False
2020-08-13 00:00:00+09:00,85749.0859375,84718.76484375,86040.294140625,55.154631742954145,297.6049864401044,0.021268069854803635,0.030196768821299354,-1,1,1,0.30000000000000004,False,Trend,Trend,False
2020-08-14 00:00:00+09:00,91066.859375,85027.3859375,86293.521484375,66.80327965583642,639.4576376482304,0.024768987038342703,0.030864831945231753,-1,1,1,0.30000000000000004,False,Trend,Trend,False
2020-08-18 00:00:00+09:00,86888.609375,85093.858203125,86415.387109375,51.361877295471906,554.0104334242768,0.027179743922309835,0.030963844493053203,-1,1,1,0.30000000000000004,False,Trend,Trend,False
2020-08-19 00:00:00+09:00,86793.6484375,85017.890234375,86504.01666666666,51.16279885509036,464.54250844797195,0.026188062806737678,0.030828635717231403,-1,1,1,0.30000000000000004,False,Trend,Trend,False
2020-08-20 00:00:00+09:00,83090.1953125,84861.205859375,86421.71770833334,44.067797082856906,145.90020240982403,0.027439334078944923,0.0296886575614195,-1,1,-1,-0.19999999999999996,False,MeanReversion,Trend,False
2020-08-21 00:00:00+09:00,83280.1171875,84799.481640625,86396.39505208333,47.31182446917365,-51.54684882613839,0.027113233207305465,0.029303374627511647,-1,1,-1,-0.19999999999999996,False,MeanReversion,Trend,False
2020-08-24 00:00:00+09:00,83090.1953125,84761.497265625,86344.16692708334,52.38095238095238,-186.8038166481993,0.027064219108521435,0.02921948307399143,-1,1,-1,-0.19999999999999996,False,MeanReversion,Trend,False
2020-08-25 00:00:00+09:00,85939.0,84894.44140625,86317.26145833333,56.204364220287616,-81.640657369687,0.02806165054466225,0.029484928643479846,-1,1,-1,-0.19999999999999996,False,MeanReversion,Trend,False
2020-08-26 00:00:00+09:00,84609.5625,84813.725390625,86174.82109375,54.6099348714759,-97.75922641794841,0.027173488395639385,0.028385787211436184,-1,1,-1,-0.19999999999999996,False,MeanReversion,Trend,False
2020-08-27 00:00:00+09:00,82710.359375,84638.04921875,85923.1765625,50.168351474110715,-225.18816919916497,0.027602721095355953,0.027728968650143394,-1,1,-1,-0.19999999999999996,False,MeanReversion,Trend,False
2020-08-28 00:00:00+09:00,83185.1640625,84476.6171875,85711.098828125,52.739732781702415,-263.6873801818752,0.02764269997841189,0.0276613941482492,-1,1,-1,-0.19999999999999996,False,MeanReversion,Trend,False
2020-08-31 00:00:00+09:00,81855.7109375,84334.1765625,85453.1234375,48.29932182188835,-358.9714875124297,0.027522872689878332,0.02762459733943016,-1,1,-1,-0.19999999999999996,False,MeanReversion,Trend,False
2020-09-01 00:00:00+09:00,83565.0,84414.89296875,85207.80963541666,43.07117570515224,-290.1087214288503,0.026917872389850904,0.027745238521410188,-1,1,-1,-0.19999999999999996,False,MeanReversion,Trend,False
2020-09-02 00:00:00+09:00,83375.078125,84448.12890625,84983.07057291667,41.88679913059487,-242.5137638002003,0.0268550899675904,0.027701269886649293,-1,1,-1,-0.19999999999999996,False,MeanReversion,Trend,False
2020-09-03 00:00:00+09:00,83185.1640625,84500.357421875,84770.99283854167,44.57832519541898,-210.1908263123322,0.026808637706197985,0.02768444345364954,-1,1,-1,-0.19999999999999996,False,MeanReversion,Trend,False
2020-09-04 00:00:00+09:00,81760.75,84457.625,84566.82825520834,26.44231682002861,-267.4383555472587,0.02707011070542308,0.02765721959987893,-1,1,-1,-0.19999999999999996,False,MeanReversion,Trend,False
2020-09-07 00:00:00+09:00,83470.0390625,84547.837109375,84460.78932291667,40.109899796446705,-177.23074933102987,0.027337076857518874,0.02722367212832851,1,1,-1,0.5,False,Trend,Trend,True
2020-09-08 00:00:00+09:00,83280.1171875,84571.57734375,84482.94674479167,39.89071873516423,-120.12921307397255,0.027178179667979793,0.024489710439953946,1,1,-1,0.5,False,Trend,Trend,False
2020-09-09 00:00:00+09:00,82140.59375,84324.680859375,84387.98658854167,46.794879570333656,-147.09883148269546,0.024627288137175768,0.02280749816204531,-1,1,-1,-0.19999999999999996,False,MeanReversion,Trend,False
2020-09-10 00:00:00+09:00,82805.3125,84092.028125,84316.76640625,48.44719544718471,-109.87103958532532,0.024698747985930913,0.022815772466717697,-1,1,-1,-0.19999999999999996,False,MeanReversion,Trend,False
2020-09-11 00:00:00+09:00,82520.4296875,83930.5953125,84215.475390625,48.148136862665034,-94.70803193838685,0.02437496528195651,0.02269312890261873,-1,1,-1,-0.19999999999999996,False,MeanReversion,Trend,False
2020-09-14 00:00:00+09:00,82900.2734375,83522.266015625,84114.18450520834,38.2353208059424,-51.5325184516995,0.019630461467947474,0.0226944480166332,-1,1,-1,-0.19999999999999996,False,MeanReversion,Trend,False
2020-09-15 00:00:00+09:00,82520.4296875,83303.85703125,84057.20833333333,41.26983401489889,-41.42666920619149,0.01692909142708684,0.02226833405661454,-1,1,-1,-0.19999999999999996,False,MeanReversion,Trend,False
2020-09-16 00:00:00+09:00,82045.640625,83066.456640625,84023.97252604166,46.846867546498,-58.542778433065905,0.016939787544463295,0.02209708293516025,-1,1,-1,-0.19999999999999996,False,MeanReversion,Trend,False
2020-09-17 00:00:00+09:00,81665.796875,82995.23671875,83955.91770833333,42.72727204734627,-85.63121025654107,0.013983928252482406,0.0219377521761221,-1,1,-1,-0.19999999999999996,False,MeanReversion,Trend,False
2020-09-18 00:00:00+09:00,81096.03125,82886.032421875,83921.098828125,46.07844956013173,-129.4752798506629,0.01402797124842427,0.02160941076594694,-1,1,-1,-0.19999999999999996,False,MeanReversion,Trend,False
2020-09-21 00:00:00+09:00,80621.2265625,82762.583984375,83859.374609375,32.58426550833849,-175.16779447362887,0.014063730922313883,0.021541274608278926,-1,1,-1,-0.19999999999999996,False,MeanReversion,Trend,False
2020-09-22 00:00:00+09:00,78247.2265625,82377.9953125,83777.07565104167,25.892881409717262,-340.42656665131176,0.01281607467631407,0.021806927946719082,-1,1,-1,-0.19999999999999996,False,MeanReversion,Trend,False
2020-09-23 00:00:00+09:00,77107.703125,82002.90234375,83678.95013020834,23.770501200012674,-492.4067035032108,0.01277646390856199,0.021877608510174,-1,1,-1,-0.19999999999999996,False,MeanReversion,Trend,False
2020-09-24 00:00:00+09:00,73784.09375,81556.5890625,83522.265625,20.422561323941267,-766.3579667011081,0.01505482392363807,0.022559054376453166,-1,1,-1,-0.19999999999999996,False,MeanReversion,Trend,False
2020-09-25 00:00:00+09:00,75683.296875,81181.495703125,83386.155859375,21.527766271859733,-767.3430138873873,0.016423519272936497,0.022800901385535872,-1,1,-1,-0.19999999999999996,False,MeanReversion,Trend,False
2020-09-28 00:00:00+09:00,75968.1796875,80887.119140625,83251.62903645834,23.44827860118403,-698.4597083617052,0.01629901466764839,0.02280612889999665,-1,1,-1,-0.19999999999999996,False,MeanReversion,Trend,False
2020-09-29 00:00:00+09:00,78532.1015625,80635.47421875,83170.91276041667,38.12498553824715,-442.3603699538453,0.017483543583385178,0.023229150859706536,-1,1,-1,-0.19999999999999996,False,MeanReversion,Trend,False
2020-10-05 00:00:00+09:00,79481.703125,80440.80546875,83123.43255208334,39.26379810725552,-184.3567218498747,0.017808450937162493,0.023238098034068514,-1,1,-1,-0.19999999999999996,False,MeanReversion,MeanReversion,False
2020-10-06 00:00:00+09:00,78911.9453125,80227.14453125,83082.28307291666,38.554225227163016,-35.22624643673976,0.017840710136613206,0.023209643168457365,-1,1,-1,-0.19999999999999996,False,MeanReversion,MeanReversion,False
2020-10-07 00:00:00+09:00,79861.5390625,80132.183984375,83049.046875,40.6976421596811,134.88872258767788,0.017775998541033584,0.023251567493755895,-1,1,-1,-0.19999999999999996,False,MeanReversion,MeanReversion,False
2020-10-08 00:00:00+09:00,78816.984375,79899.53125,83037.96822916667,39.10613703478151,181.6693246216828,0.01718643379892668,0.023000955591217814,-1,1,-1,-0.19999999999999996,False,MeanReversion,MeanReversion,False
2020-10-12 00:00:00+09:00,79101.875,79690.619140625,82936.67747395833,41.24293837831607,233.12205122828686,0.017247357072728214,0.02113051390024731,-1,1,-1,-0.19999999999999996,False,MeanReversion,MeanReversion,False
2020-10-13 00:00:00+09:00,78911.9453125,79529.18671875,82851.21341145833,41.71427040175186,253.97268266518222,0.01704481752514618,0.021070125757085348,-1,1,-1,-0.19999999999999996,False,MeanReversion,MeanReversion,False
2020-10-14 00:00:00+09:00,77012.7421875,79239.558203125,82694.52903645833,38.624336551491176,144.8887964328344,0.017570840631343742,0.02093391787613862,-1,1,-1,-0.19999999999999996,False,MeanReversion,MeanReversion,False
2020-10-15 00:00:00+09:00,75778.2578125,78902.449609375,82517.269921875,37.05583925937434,2.1733961899208225,0.01779255788140353,0.02101260432946768,-1,1,-1,-0.19999999999999996,False,MeanReversion,MeanReversion,False
2020-10-16 00:00:00+09:00,75588.3359375,78536.852734375,82362.16822916667,41.95400940162292,-87.48362352537947,0.017677043128853986,0.020913331897481187,-1,1,-1,-0.19999999999999996,False,MeanReversion,MeanReversion,False
2020-10-19 00:00:00+09:00,76537.9375,78237.728125,82211.814453125,48.25580060498105,-66.26359259209448,0.018085984923099572,0.020958990183049087,-1,1,-1,-0.19999999999999996,False,MeanReversion,MeanReversion,False
2020-10-20 00:00:00+09:00,76063.1484375,77938.603515625,82007.65013020833,58.45074869857677,-67.4106173636651,0.01808891035686465,0.02049717131750645,-1,1,-1,-0.19999999999999996,False,MeanReversion,MeanReversion,False
2020-10-21 00:00:00+09:00,77012.7421875,77705.95078125,81854.13111979167,55.30304871778091,8.53767551324836,0.01844465869034121,0.020389265035526776,-1,1,1,0.30000000000000004,False,Trend,MeanReversion,False
2020-10-22 00:00:00+09:00,76537.9375,77478.04609375,81721.18671875,52.238795890112385,37.90524518024404,0.01843607866084378,0.020258439742938658,-1,1,1,0.30000000000000004,False,Trend,Trend,False
2020-10-23 00:00:00+09:00,77582.5078125,77326.11015625,81616.73046875,45.76274613429196,133.41399267002885,0.01877942900449883,0.020335523681209687,-1,1,1,0.30000000000000004,False,Trend,Trend,False
2020-10-26 00:00:00+09:00,78911.9453125,77359.34609375,81543.92760416666,47.54099576706946,283.24750361585666,0.01801498322835995,0.02045784293473437,-1,1,1,0.30000000000000004,False,Trend,Trend,False
2020-10-27 00:00:00+09:00,76727.859375,77340.35390625,81385.660546875,41.72660933714741,234.40576771278802,0.0188361285619645,0.02020884890374867,-1,1,-1,-0.19999999999999996,False,MeanReversion,Trend,False
2020-10-28 00:00:00+09:00,76917.78125,77497.03828125,81230.55885416667,38.16797536634275,214.56797488572965,0.015762612517658047,0.02021540034142364,-1,1,-1,-0.19999999999999996,False,MeanReversion,Trend,False
2020-10-29 00:00:00+09:00,75778.2578125,77501.786328125,81053.29973958334,37.878798266570016,128.61808372488645,0.015190113240736804,0.020277285403025144,-1,1,-1,-0.19999999999999996,False,MeanReversion,Trend,False
2020-10-30 00:00:00+09:00,74448.8125,77425.81796875,80882.37122395834,32.8670910254109,-6.677471547245204,0.015665723157323924,0.02024550923226366,-1,1,-1,-0.19999999999999996,False,MeanReversion,Trend,False
2020-11-02 00:00:00+09:00,75588.3359375,77278.6296875,80776.33229166667,38.56207990536108,-8.230479555090596,0.014028690988784238,0.01995335289131537,-1,1,-1,-0.19999999999999996,False,MeanReversion,Trend,False
2020-11-03 00:00:00+09:00,76917.78125,77150.43359375,80679.78932291667,49.659861280488656,86.26429058273607,0.014360070686347495,0.020054952955069004,-1,1,1,0.30000000000000004,False,Trend,Trend,False
2020-11-04 00:00:00+09:00,79101.875,77159.930078125,80629.14401041667,61.14652618715614,290.35142821072236,0.01573414940340856,0.020390359291756005,-1,1,1,0.30000000000000004,False,Trend,Trend,False
2020-11-05 00:00:00+09:00,79576.671875,77145.68671875,80578.49856770833,63.12502410292141,442.6852506618145,0.015553110378057091,0.020391551559441848,-1,1,1,0.30000000000000004,False,Trend,Trend,False
2020-11-06 00:00:00+09:00,78722.03125,77140.9390625,80529.43580729167,57.23273466726689,468.74494242190724,0.015457763697444189,0.02038485364052052,-1,1,1,0.30000000000000004,False,Trend,Trend,False
2020-11-09 00:00:00+09:00,85559.1640625,77463.803515625,80575.33333333333,72.12387286540638,904.0950101525164,0.02423076885423898,0.02302025761424124,-1,1,-1,-0.19999999999999996,False,MeanReversion,Trend,False
2020-11-10 00:00:00+09:00,88313.0078125,77933.856640625,80595.90807291666,74.28570085367336,1310.512002268172,0.024950194392300003,0.022456062610936623,-1,1,-1,-0.19999999999999996,False,MeanReversion,MeanReversion,False
2020-11-11 00:00:00+09:00,88882.7734375,78527.358203125,80619.64817708333,76.42276585903724,1535.1195673410016,0.023931480728376274,0.022464123855546598,-1,1,-1,-0.19999999999999996,False,MeanReversion,MeanReversion,False
2020-11-12 00:00:00+09:00,88787.8125,79177.8359375,80670.29361979167,74.9999912848228,1588.0780617567516,0.02338905351649785,0.022311085895572597,-1,1,-1,-0.19999999999999996,False,MeanReversion,MeanReversion,False
2020-11-13 00:00:00+09:00,87648.296875,79780.833984375,80613.317578125,69.6581417449738,1460.3934812687578,0.02374641086402549,0.020956655693524954,-1,1,1,0.30000000000000004,False,Trend,MeanReversion,False
2020-11-16 00:00:00+09:00,93915.6640625,80649.7203125,80730.43515625,82.67149483398572,1695.5401828808763,0.027463306547392635,0.021939583843920966,-1,1,-1,-0.19999999999999996,False,MeanReversion,MeanReversion,False
2020-11-17 00:00:00+09:00,94960.2265625,81594.57421875,80866.54479166666,83.21679669464946,1808.6040514618223,0.027188888593301812,0.021973232239180587,1,1,-1,0.5,False,Trend,MeanReversion,False
2020-11-18 00:00:00+09:00,94295.5078125,82458.7125,81053.3,84.69753431973037,1726.0172599575371,0.027485101334842933,0.021194175599605552,1,1,-1,0.5,False,Trend,Trend,False
2020-11-19 00:00:00+09:00,89737.4140625,83118.686328125,81160.92161458333,75.5555729674741,1272.7297218349113,0.030395305983022643,0.022218387741259987,1,-1,-1,-0.30000000000000004,True,Defensive,Trend,False
2020-11-20 00:00:00+09:00,90971.8984375,83788.155859375,81292.28333333334,75.63292935341516,977.624214105319,0.030396357079923,0.022270782726755638,1,-1,-1,-0.30000000000000004,True,Defensive,Defensive,False
2020-11-23 00:00:00+09:00,96859.421875,84685.5296875,81474.29036458333,78.8461625392371,1091.851936168884,0.03274003780174464,0.023273530028935483,1,-1,-1,-0.30000000000000004,True,Defensive,Defensive,False
2020-11-24 00:00:00+09:00,97809.03125,85739.58828125,81694.28151041667,78.06268560860873,1139.0390995988296,0.0314785013461418,0.023178789711654244,1,-1,-1,-0.30000000000000004,True,Defensive,Defensive,False
2020-11-25 00:00:00+09:00,101607.4375,86974.07109375,82009.2328125,80.05182241668003,1320.9403713302354,0.03190790646856315,0.02339016372411041,1,-1,-1,-0.30000000000000004,True,Defensive,Defensive,False
2020-11-26 00:00:00+09:00,103031.84375,88336.750390625,82340.01080729166,82.65306979085034,1423.2284468491016,0.031179070599723538,0.023427703138788135,1,-1,-1,-0.30000000000000004,True,Defensive,Defensive,False
2020-11-27 00:00:00+09:00,100183.0390625,89623.46171875,82645.46627604167,72.00001128292499,1194.3042388529075,0.031834927524510594,0.023647093938894113,1,-1,-1,-0.30000000000000004,True,Defensive,Defensive,False
2020-11-30 00:00:00+09:00,97809.03125,90734.496484375,82882.866796875,64.45087344317585,797.3615398673401,0.03299635695649598,0.02379553137969433,1,-1,1,0.19999999999999996,True,Defensive,Defensive,False
2020-12-01 00:00:00+09:00,98758.6328125,91826.5390625,83139.259375,64.85714406602767,526.2041355022438,0.0329857284800952,0.023803782720670442,1,-1,1,0.19999999999999996,True,Defensive,Defensive,False
2020-12-02 00:00:00+09:00,98283.828125,92785.63671875,83390.90377604167,64.1242891897344,255.9994312750805,0.032990259145332296,0.02381526097412375,1,-1,1,0.19999999999999996,True,Defensive,Defensive,False
2020-12-03 00:00:00+09:00,98283.828125,93720.99453125,83666.28841145833,66.37425071770888,30.273889563897683,0.033063828347674136,0.02367274173195127,1,-1,1,0.19999999999999996,True,Defensive,Defensive,False
2020-12-04 00:00:00+09:00,99233.4375,94746.56484375,83929.01171875,59.79020828149429,-95.2072173628203,0.032682796999792846,0.023575983121934548,1,-1,-1,-0.30000000000000004,True,Defensive,Defensive,False
2020-12-07 00:00:00+09:00,97334.234375,95335.318359375,84163.24700520834,54.23729097171849,-332.8666895489978,0.02863717735209994,0.02374136067757159,1,1,-1,0.5,False,Trend,Defensive,False
2020-12-08 00:00:00+09:00,96384.625,95738.89921875,84400.64752604166,53.69125923308298,-567.0193603597436,0.028212601448715454,0.02370041250054887,1,1,-1,0.5,False,Trend,Defensive,False
2020-12-09 00:00:00+09:00,96859.421875,96137.731640625,84634.88268229166,64.70585768105403,-694.5047350627956,0.02820881637153038,0.023691754010625184,1,1,-1,0.5,False,Trend,Defensive,False
2020-12-10 00:00:00+09:00,97334.234375,96565.052734375,84881.77942708334,63.56274346201951,-746.8662071268618,0.028180611565368607,0.023680059551383827,1,1,-1,0.5,False,Trend,Defensive,False
2020-12-11 00:00:00+09:00,103981.4453125,97381.71015625,85233.13229166667,64.70588045510493,-353.7862899252327,0.030990978297689195,0.025051051463472907,1,1,-1,0.5,False,Trend,Trend,False
2020-12-14 00:00:00+09:00,105405.84375,97956.219140625,85614.555859375,65.38459591213177,-34.619580148460955,0.027584717078159283,0.025058175518830945,1,1,-1,0.5,False,Trend,Trend,False
2020-12-15 00:00:00+09:00,103031.84375,98359.8,85964.32591145833,53.0612292869534,-20.83749267719986,0.02827248332107227,0.025266850766317846,1,1,-1,0.5,False,Trend,Trend,False
2020-12-16 00:00:00+09:00,103981.4453125,98844.096875,86336.25338541667,52.08333119085254,12.964930057462425,0.02816949254294481,0.0252516094373443,1,1,1,1.0,False,Trend,Trend,False
2020-12-17 00:00:00+09:00,104931.0390625,99603.778125,86733.503515625,61.36360916651708,57.51368394763722,0.02508878062901285,0.02521793507537083,1,1,1,1.0,False,Trend,Trend,False
2020-12-18 00:00:00+09:00,102557.0390625,100183.03515625,87099.100390625,61.363632114084886,-105.77236320072188,0.025956821511571103,0.02542893452758194,1,1,-1,0.5,False,Trend,Trend,False
2020-12-21 00:00:00+09:00,104456.25,100562.8765625,87535.91744791667,63.04348681459521,-117.81809715928694,0.022523524714234043,0.02509940819223345,1,1,-1,0.5,False,Trend,Trend,False
2020-12-22 00:00:00+09:00,103981.4453125,100871.497265625,87983.81315104167,63.04348681459521,-185.67347532207395,0.022550844343281265,0.025000092802966282,1,1,-1,0.5,False,Trend,Trend,False
2020-12-23 00:00:00+09:00,102082.2421875,100895.2375,88455.44895833333,58.000011188895876,-375.4307594292395,0.02144347984955508,0.024358699448935314,1,1,-1,0.5,False,Trend,Trend,False
2020-12-24 00:00:00+09:00,102557.0390625,100871.497265625,88903.34466145834,57.14284754853253,-479.2875896123287,0.021231037360899988,0.024216775266007354,1,1,-1,0.5,False,Trend,Trend,False
2020-12-28 00:00:00+09:00,101132.640625,100918.97734375,89322.75234375,58.33333333333333,-643.9691474012675,0.02048159071913614,0.024341026126372883,1,1,-1,0.5,False,Trend,Trend,False
2020-12-29 00:00:00+09:00,101607.4375,101108.89765625,89707.34127604167,61.70214255706483,-715.471642774357,0.01966708204619061,0.02405331975306882,1,1,-1,0.5,False,Trend,Trend,False
2020-12-30 00:00:00+09:00,103031.84375,101322.558203125,90099.84361979166,63.26533353481422,-662.5904715931174,0.019778250477070852,0.024064924831939907,1,1,-1,0.5,False,Trend,Trend,False
2021-01-04 00:00:00+09:00,104456.25,101631.179296875,90525.58203125,64.70589753566546,-533.009968589974,0.019870526859926504,0.024046768076676446,1,1,-1,0.5,False,Trend,Trend,False
2021-01-05 00:00:00+09:00,111578.265625,102295.901171875,91054.194140625,65.38463607416195,2.6743227904798914,0.02431493585137225,0.025301772741822638,1,1,1,1.0,False,Trend,Trend,False
2021-01-06 00:00:00+09:00,112053.0625,102936.882421875,91608.12877604166,64.00002106147186,340.59907862498585,0.02430654565987713,0.025182767406327272,1,1,1,1.0,False,Trend,Trend,False
2021-01-07 00:00:00+09:00,112527.8671875,103696.5640625,92165.22864583334,71.73914831985812,536.0816191023418,0.02357062442574387,0.025181952861154093,1,1,-1,0.5,False,Trend,Trend,False
2021-01-08 00:00:00+09:00,112527.8671875,104503.726171875,92725.49401041666,70.45456415257894,600.5138563926866,0.02329759227852149,0.02517046802107291,1,1,-1,0.5,False,Trend,Trend,False
2021-01-11 00:00:00+09:00,109204.2578125,105120.96796875,93262.01927083333,59.18369402864787,365.954979858534,0.0247800437605079,0.02529517095540837,1,1,1,1.0,False,Trend,Trend,False
2021-01-12 00:00:00+09:00,110153.859375,105761.94921875,93834.94596354167,67.39130979110604,228.16248310487572,0.02478550046070223,0.025132039824009408,1,1,1,1.0,False,Trend,Trend,False
2021-01-13 00:00:00+09:00,110153.859375,106070.569921875,94411.03802083334,64.28570868902618,97.12320716458453,0.020400087208172216,0.02511932678476239,1,1,1,1.0,False,Trend,Trend,False
2021-01-14 00:00:00+09:00,112527.8671875,106426.67109375,95010.87018229166,69.56522827786816,128.46828361890903,0.020684569723279058,0.025182186078245624,1,1,1,1.0,False,Trend,Trend,False
2021-01-15 00:00:00+09:00,108254.6640625,106687.812109375,95547.39544270834,62.7451201806743,-164.55271259583014,0.022005438252561266,0.025800514441651656,1,1,-1,0.5,False,Trend,Trend,False
2021-01-18 00:00:00+09:00,104931.0390625,106735.291796875,96012.700390625,54.3859532641485,-584.5445278611719,0.02317767486551608,0.02622390772799267,1,1,-1,0.5,False,Trend,Trend,False
2021-01-19 00:00:00+09:00,104931.0390625,106735.291796875,96485.91875,57.40738314359654,-848.6642495879541,0.02308836064785626,0.02619071374569654,1,1,-1,0.5,False,Trend,Trend,False
2021-01-20 00:00:00+09:00,102082.2421875,106711.551953125,96894.24765625,50.84746377205672,-1181.1100543405664,0.023352237448646024,0.026505205673655226,1,1,-1,0.5,False,Trend,Trend,False
2021-01-21 00:00:00+09:00,102557.0390625,106616.59140625,97288.33255208333,49.12280043381506,-1324.1579884799812,0.022976297193637456,0.026455052390673812,1,1,-1,0.5,False,Trend,Trend,False
2021-01-22 00:00:00+09:00,99708.234375,106402.930859375,97671.33880208334,41.666657525410855,-1550.0826607565818,0.02376631935095633,0.026457198383564882,1,1,-1,0.5,False,Trend,Trend,False
2021-01-25 00:00:00+09:00,103506.6484375,106474.151171875,98114.48658854167,33.96226883709696,-1388.366598821442,0.024993051662454656,0.026796632267701678,1,1,-1,0.5,False,Trend,Trend,False
2021-01-26 00:00:00+09:00,100657.8359375,106379.191015625,98529.14622395833,29.310354121009667,-1413.2083594902017,0.025770139793197047,0.027011397200955526,1,1,-1,0.5,False,Trend,Trend,False
2021-01-27 00:00:00+09:00,97334.234375,106189.270703125,98910.569921875,25.000006427444063,-1580.757644059144,0.026649622582606055,0.027310971074881993,1,1,-1,0.5,False,Trend,Trend,False
2021-01-28 00:00:00+09:00,93345.8984375,105776.19375,99206.529296875,22.099449146128762,-1867.7889579919577,0.028037643068975646,0.027917109289036277,1,1,-1,0.5,False,Trend,Trend,False
2021-01-29 00:00:00+09:00,89262.609375,105087.73203125,99412.27643229166,21.621624626416164,-2216.4652551649374,0.02908571682936724,0.028538434765667784,1,1,-1,0.5,False,Trend,Trend,False
2021-02-01 00:00:00+09:00,94865.265625,104608.1828125,99674.999609375,30.787597184162763,-1962.3150715422491,0.03257059029527757,0.029340997398199127,1,1,-1,0.5,False,Trend,Trend,False
2021-02-02 00:00:00+09:00,94010.625,103729.80078125,99915.56549479166,30.140195628781257,-1751.2649891912793,0.027988491701434443,0.029379498338071432,1,1,-1,0.5,False,Trend,Trend,False
2021-02-03 00:00:00+09:00,93915.6640625,102822.930859375,100168.79270833333,25.74257970131454,-1525.8203393294407,0.027886335752184518,0.029329972383479397,1,1,-1,0.5,False,Trend,Trend,False
2021-02-04 00:00:00+09:00,92491.265625,101821.10078125,100284.327734375,27.80749051295696,-1384.5355767428307,0.027746446054167172,0.02745401514592272,1,1,-1,0.5,False,Trend,Trend,False
2021-02-05 00:00:00+09:00,93250.9375,100857.254296875,100366.6265625,32.27665644557965,-1160.8690801697467,0.02795805335136137,0.027179506234676663,1,1,-1,0.5,False,Trend,Trend,False
2021-02-08 00:00:00+09:00,95435.03125,100168.79296875,100475.830859375,36.48650361382291,-803.7431442684101,0.028419590827362555,0.027322451246229586,-1,1,-1,-0.19999999999999996,False,MeanReversion,Trend,False
2021-02-09 00:00:00+09:00,95909.828125,99456.59140625,100594.53111979166,40.579709799322416,-488.93998914474514,0.028326081080330644,0.027325112112844108,-1,1,-1,-0.19999999999999996,False,MeanReversion,MeanReversion,False
2021-02-10 00:00:00+09:00,95909.828125,98744.38984375,100732.22330729167,39.705889825679236,-246.35246887588164,0.028326081080330644,0.027262125393491165,-1,1,-1,-0.19999999999999996,False,MeanReversion,MeanReversion,False
2021-02-15 00:00:00+09:00,101607.4375,98198.368359375,100860.41953125,52.70270089982559,302.42445861261467,0.031252947433248524,0.026820939402453673,-1,1,1,0.30000000000000004,False,Trend,MeanReversion,False
2021-02-16 00:00:00+09:00,100657.8359375,97818.526953125,100955.3796875,45.58822533046449,589.4484218721625,0.030265412215045386,0.02682489324267487,-1,1,1,0.30000000000000004,False,Trend,Trend,False
2021-02-17 00:00:00+09:00,99233.4375,97533.646875,101037.678515625,47.69231431295966,665.7205281749018,0.02968563255417664,0.026877581875484356,-1,1,1,0.30000000000000004,False,Trend,Trend,False
2021-02-18 00:00:00+09:00,98758.6328125,97225.0265625,101188.03216145834,52.5423648456632,664.9826865887364,0.029681268081544344,0.026063992018498187,-1,1,1,0.30000000000000004,False,Trend,Trend,False
2021-02-19 00:00:00+09:00,99708.234375,97106.326171875,101333.63776041666,62.73765233883655,705.4018296189543,0.029225646738764443,0.02603721607527173,-1,1,1,0.30000000000000004,False,Trend,Trend,False
2021-02-22 00:00:00+09:00,98758.6328125,96916.405859375,101365.29127604167,71.73914831985812,646.6880749858051,0.029249506871717294,0.02480129337307817,-1,1,-1,-0.19999999999999996,False,MeanReversion,Trend,False
2021-02-23 00:00:00+09:00,106355.453125,97248.766796875,101507.731640625,74.10360289490245,1072.8563577866025,0.033099922377833366,0.026546180847709686,-1,1,-1,-0.19999999999999996,False,MeanReversion,MeanReversion,False
2021-02-24 00:00:00+09:00,103506.6484375,97248.766796875,101539.38515625,68.38236695256967,1111.5382210594967,0.03273827426751038,0.02635291861557763,-1,1,1,0.30000000000000004,False,Trend,MeanReversion,False
2021-02-25 00:00:00+09:00,108254.6640625,97628.608203125,101626.43216145833,73.52026950137939,1387.6012405796664,0.03350732344013098,0.026920107419576584,-1,1,-1,-0.19999999999999996,False,MeanReversion,MeanReversion,False
2021-02-26 00:00:00+09:00,106355.453125,98079.669140625,101729.30572916666,72.3926309148265,1370.6053963470404,0.03275898190609698,0.026764856475323402,-1,1,-1,-0.19999999999999996,False,MeanReversion,MeanReversion,False
2021-03-02 00:00:00+09:00,104931.0390625,98658.926171875,101848.005859375,68.4684479913588,1197.9934244539763,0.03122890840684189,0.026632783081833214,-1,1,1,0.30000000000000004,False,Trend,MeanReversion,False
2021-03-03 00:00:00+09:00,105880.65625,99489.828515625,101966.70625,67.18748634169192,1085.6675421847497,0.02887087937015918,0.02662938944026519,-1,1,1,0.30000000000000004,False,Trend,MeanReversion,False
2021-03-04 00:00:00+09:00,102557.0390625,99874.4171875,102037.92643229167,59.99998119515597,741.8338306199665,0.027436045487508744,0.02695977249308939,-1,1,1,0.30000000000000004,False,Trend,MeanReversion,False
2021-03-05 00:00:00+09:00,101607.4375,100254.2578125,102093.319921875,58.333318097926494,420.73316971974623,0.027442376217216707,0.026990651130637408,-1,1,1,0.30000000000000004,False,Trend,MeanReversion,False
2021-03-08 00:00:00+09:00,105405.84375,100828.766796875,102196.193359375,55.88234155416082,432.76160218419545,0.02836825336086984,0.027368637168357277,-1,1,1,0.30000000000000004,False,Trend,MeanReversion,False
2021-03-09 00:00:00+09:00,109679.0546875,101688.15625,102401.94036458334,62.66664853043903,682.2729209766594,0.02888239414831879,0.02768540424547953,-1,1,1,0.30000000000000004,False,Trend,Trend,False
2021-03-10 00:00:00+09:00,109679.0546875,102509.562109375,102623.51419270833,65.27774635475834,793.2927394546023,0.028945344588810786,0.02764351467653346,-1,1,1,0.30000000000000004,False,Trend,Trend,False
2021-03-11 00:00:00+09:00,109204.2578125,103198.0234375,102829.26145833333,65.27776127275371,779.5804242551822,0.028846171211869727,0.02765365950850042,1,1,1,1.0,False,Trend,Trend,True
2021-03-12 00:00:00+09:00,111578.265625,103981.4453125,103066.66197916666,66.66665204067664,868.4344847003231,0.02902917874985607,0.02776607159983241,1,1,1,1.0,False,Trend,Trend,False
2021-03-15 00:00:00+09:00,115851.46875,104978.52734375,103264.495703125,71.95119430715296,1136.1401558060313,0.029721790266432298,0.026886695750226355,1,1,-1,0.5,False,Trend,Trend,False
2021-03-16 00:00:00+09:00,115376.671875,105666.9890625,103430.676171875,64.17908798304869,1196.3172168614105,0.027575318399229616,0.026852110852063342,1,1,1,1.0,False,Trend,Trend,False
2021-03-17 00:00:00+09:00,112527.8671875,106260.490625,103588.94322916666,64.17908798304869,969.0345032501727,0.028256975555515994,0.02688767049535024,1,1,1,1.0,False,Trend,Trend,False
2021-03-18 00:00:00+09:00,112527.8671875,106925.212109375,103731.38359375,57.89471709093596,753.0875414941875,0.027908242229383113,0.026869190991543605,1,1,1,1.0,False,Trend,Trend,False
2021-03-19 00:00:00+09:00,112053.0625,107589.93359375,103850.083984375,61.11109418287612,523.548541194797,0.02789666065637447,0.02685889021967465,1,1,1,1.0,False,Trend,Trend,False
2021-03-22 00:00:00+09:00,111103.4609375,108159.694921875,103992.52434895834,62.26416090146946,266.0294277700664,0.028077996074120877,0.026705054322331646,1,1,1,1.0,False,Trend,Trend,False
2021-03-23 00:00:00+09:00,110153.859375,108729.45625,104087.48450520834,58.49055432234831,3.86616408102509,0.02805116981399941,0.02664047921544119,1,1,1,1.0,False,Trend,Trend,False
2021-03-24 00:00:00+09:00,111578.265625,108990.596875,104214.09817708333,69.38777703192564,-95.9701108260715,0.0230615761653524,0.02667495917449807,1,1,-1,0.5,False,Trend,Trend,False
2021-03-25 00:00:00+09:00,112527.8671875,109441.6578125,104388.19192708333,73.46940899967797,-118.9115820893503,0.02201110652935486,0.02656567084263238,1,1,-1,0.5,False,Trend,Trend,False
2021-03-26 00:00:00+09:00,125347.5,110296.299609375,104768.03294270833,80.88237429186182,665.3344370705995,0.030871781071369092,0.02989923621111669,1,1,-1,0.5,False,Trend,Trend,False
2021-03-29 00:00:00+09:00,127246.703125,111340.862109375,105203.26731770833,79.3651005081233,1215.9657228713472,0.030338095333529318,0.029848838502331398,1,1,-1,0.5,False,Trend,Trend,False
2021-03-30 00:00:00+09:00,127721.5078125,112480.385546875,105638.50182291666,79.68752329949069,1497.633605321496,0.02990885730397296,0.029848629384267605,1,1,-1,0.5,False,Trend,Trend,False
2021-03-31 00:00:00+09:00,126771.90625,113524.948046875,106034.16953125,78.46155209228561,1501.6392522774204,0.03015832688982863,0.02985354349379936,1,1,-1,0.5,False,Trend,Trend,False
2021-04-01 00:00:00+09:00,122023.890625,114498.290625,106326.96354166667,65.71428638588807,1085.5731553172527,0.03063539940071485,0.030299431527393877,1,1,1,1.0,False,Trend,Trend,False
2021-04-02 00:00:00+09:00,124872.6953125,115661.553515625,106548.53736979167,64.17911070889598,910.3621837083256,0.03048977043674342,0.029267602117388106,1,1,1,1.0,False,Trend,Trend,False
2021-04-05 00:00:00+09:00,126297.09375,116706.116015625,106785.937890625,66.66665871775085,802.3222084182125,0.029855131468738097,0.02929166880322755,1,1,1,1.0,False,Trend,Trend,False
2021-04-06 00:00:00+09:00,123448.2890625,117394.577734375,106967.944921875,66.66665871775085,467.51285127266874,0.029746224375941436,0.02946426173178793,1,1,1,1.0,False,Trend,Trend,False
2021-04-07 00:00:00+09:00,121074.28125,117964.3390625,107110.38515625,62.16215134490186,37.35496957516443,0.030261818243034495,0.029587889743918235,1,1,1,1.0,False,Trend,Trend,False
2021-04-08 00:00:00+09:00,123448.2890625,118676.540625,107347.78567708333,65.3846129505539,-127.09380771734868,0.03034449168722357,0.029391614081258798,1,1,-1,0.5,False,Trend,Trend,False
2021-04-09 00:00:00+09:00,121549.0859375,119175.081640625,107537.70611979166,63.74999897160901,-388.7972559003165,0.03048563478381667,0.029464883971080578,1,1,-1,0.5,False,Trend,Trend,False
2021-04-12 00:00:00+09:00,124872.6953125,119626.14296875,107783.02005208333,68.23529275120373,-363.54528056367326,0.029963610186429266,0.02964469615137789,1,1,-1,0.5,False,Trend,Trend,False
2021-04-13 00:00:00+09:00,126297.09375,120172.1640625,108012.50716145833,68.23528660220727,-280.13356718551313,0.029949556450817816,0.02956283788904158,1,1,-1,0.5,False,Trend,Trend,False
2021-04-14 00:00:00+09:00,126771.90625,120884.366015625,108321.12786458334,67.85714495589966,-224.6029116514328,0.029136869963109335,0.029077782790473773,1,1,-1,0.5,False,Trend,Trend,False
2021-04-15 00:00:00+09:00,127721.5078125,121644.048046875,108700.96901041667,54.23729097171849,-158.64672750825412,0.029104301653268022,0.02874214278217959,1,1,-1,0.5,False,Trend,Trend,False
2021-04-16 00:00:00+09:00,130095.515625,122546.170703125,109120.376953125,55.000008227125704,1.6503110160347205,0.029112306294262428,0.02880483698157117,1,1,1,1.0,False,Trend,Trend,False
2021-04-19 00:00:00+09:00,132944.3125,123638.21328125,109634.74479166667,58.461526778040906,242.9715011249009,0.02902250505782514,0.02860373623042606,1,1,1,1.0,False,Trend,Trend,False
2021-04-20 00:00:00+09:00,131994.71875,124730.25625,110125.37278645833,58.461541577138604,279.46840704489296,0.0289791353359961,0.028642671761915237,1,1,1,1.0,False,Trend,Trend,False
2021-04-21 00:00:00+09:00,128671.1015625,125584.898046875,110608.08723958333,61.29031658793834,33.530596964556025,0.02996618391961241,0.02859357665879734,1,1,1,1.0,False,Trend,Trend,False
2021-04-22 00:00:00+09:00,133419.109375,126629.46015625,111106.62825520833,63.636356837082126,138.4964726615235,0.03066668292434862,0.028571331150554415,1,1,1,1.0,False,Trend,Trend,False
2021-04-23 00:00:00+09:00,133893.90625,127056.78046875,111660.56276041667,62.499993572554295,184.87749531020654,0.019832905813913837,0.02825847150599101,1,1,1,1.0,False,Trend,Trend,False
2021-04-26 00:00:00+09:00,142915.140625,127840.20234375,112420.24453125,76.62337773346289,737.0995992021835,0.024107393071990255,0.02885849533502792,1,1,-1,0.5,False,Trend,Trend,False
2021-04-27 00:00:00+09:00,142440.34375,128576.144140625,113238.48528645834,80.82193293786017,969.7301688564057,0.024190874630898685,0.028187853207547426,1,1,-1,0.5,False,Trend,Trend,False
2021-04-28 00:00:00+09:00,141490.734375,129312.085546875,114108.95403645834,77.14285512805053,957.3404417897591,0.02416974238373533,0.02742101006584045,1,1,-1,0.5,False,Trend,Trend,False
2021-04-29 00:00:00+09:00,142915.140625,130356.648046875,114909.78528645834,82.60869046809961,941.3483880735384,0.021881372014097095,0.026519961888755803,1,1,-1,0.5,False,Trend,Trend,False
2021-04-30 00:00:00+09:00,145763.9375,131401.21015625,115772.34049479167,82.35292978944116,1012.6925543431262,0.021771906892631993,0.026488187829219818,1,1,-1,0.5,False,Trend,Trend,False
2021-05-03 00:00:00+09:00,145289.140625,132350.8125,116628.56510416667,80.30303256945692,920.6252724475553,0.021889151041682226,0.026501769405293408,1,1,-1,0.5,False,Trend,Trend,False
2021-05-04 00:00:00+09:00,142440.34375,133300.415234375,117461.04973958334,73.23945130811427,577.3597545764806,0.02168257414584265,0.026573291300349775,1,1,-1,0.5,False,Trend,Trend,False
2021-05-06 00:00:00+09:00,145289.140625,134511.158203125,118328.353125,74.66667485723725,456.9337974192231,0.020912676405046345,0.026622895600736243,1,1,-1,0.5,False,Trend,Trend,False
2021-05-07 00:00:00+09:00,146713.546875,135674.42109375,119182.99505208334,73.9726110764745,390.54956086252787,0.02077330149730786,0.02654453563106324,1,1,-1,0.5,False,Trend,Trend,False
2021-05-10 00:00:00+09:00,151461.578125,137170.045703125,120108.85755208334,75.32470446444599,572.733440647944,0.02057512014582719,0.02673297218147308,1,1,-1,0.5,False,Trend,Trend,False
2021-05-11 00:00:00+09:00,152411.15625,138546.96875,121050.54635416667,77.92207431429526,657.4508402473248,0.020247464557452844,0.02671496621209298,1,1,-1,0.5,False,Trend,Trend,False
2021-05-12 00:00:00+09:00,145763.9375,139520.3109375,121786.48802083333,71.42857702526062,190.32881971632196,0.023628090371367875,0.026735053347612475,1,1,-1,0.5,False,Trend,Trend,False
2021-05-13 00:00:00+09:00,141490.734375,140256.25234375,122467.036328125,60.240977708630204,-447.1178170730582,0.02502931618461422,0.02706120535911839,1,1,-1,0.5,False,Trend,Trend,False
2021-05-14 00:00:00+09:00,141015.921875,140920.973046875,123163.41106770834,59.03614505600991,-914.4811296637308,0.025101387300830034,0.02696162203679588,1,1,-1,0.5,False,Trend,Trend,False
2021-05-17 00:00:00+09:00,145289.140625,141680.654296875,123938.91953125,53.42465074134348,-945.6470029976663,0.025550525502774497,0.027100299973575517,1,1,-1,0.5,False,Trend,Trend,False
2021-05-18 00:00:00+09:00,146238.75,142345.376171875,124714.428125,55.40540179965117,-911.728670325273,0.02526992888903188,0.027097179151443797,1,1,-1,0.5,False,Trend,Trend,False
2021-05-20 00:00:00+09:00,138641.9375,142677.737109375,125379.14986979167,46.59091971478778,-1382.1295372640234,0.028340709566620957,0.028104621120651027,1,1,-1,0.5,False,Trend,Trend,False
2021-05-21 00:00:00+09:00,135793.109375,143033.8375,125869.77747395834,41.758225862329596,-1837.813294040313,0.028113494890735873,0.026827792053220605,1,1,-1,0.5,False,Trend,Trend,False
2021-05-24 00:00:00+09:00,140541.125,143389.93828125,126487.01875,44.210528503612316,-1771.3833870112994,0.027999055823617613,0.02678980362584944,1,1,-1,0.5,False,Trend,Trend,False
2021-05-25 00:00:00+09:00,139116.734375,143651.0796875,127001.38658854166,43.29897956483417,-1771.0563219838768,0.028142642188104645,0.02634412462459317,1,1,-1,0.5,False,Trend,Trend,False
2021-05-26 00:00:00+09:00,139116.734375,143461.159375,127547.40794270833,46.15384615384615,-1717.2405053304365,0.023878662640381465,0.02619363293105998,1,1,-1,0.5,False,Trend,Trend,False
2021-05-27 00:00:00+09:00,135318.328125,143105.05859375,128053.86276041667,38.709696824294824,-1871.2115640742454,0.02459530217090479,0.02642180245984191,1,1,-1,0.5,False,Trend,Trend,False
2021-05-28 00:00:00+09:00,135793.109375,142820.17734375,128552.40364583333,37.36262504330543,-1870.3782805253086,0.024610925427411737,0.026414514098119322,1,1,-1,0.5,False,Trend,Trend,False
2021-05-31 00:00:00+09:00,135318.328125,142440.33671875,129098.42513020833,29.268258423584356,-1828.8962063452768,0.02444702255054712,0.02600913564515243,1,1,-1,0.5,False,Trend,Trend,False
2021-06-01 00:00:00+09:00,141490.734375,142226.6765625,129763.14674479167,37.63440746068227,-1335.7344149600585,0.02621807499474185,0.026447417757485398,1,1,-1,0.5,False,Trend,Trend,False
2021-06-02 00:00:00+09:00,141965.53125,142060.49609375,130372.47486979167,45.00000000000001,-945.8845940716835,0.02623620339622828,0.026129498505360758,1,1,-1,0.5,False,Trend,Trend,False
2021-06-03 00:00:00+09:00,138167.109375,141846.834375,130847.27578125,45.569596524860096,-911.7762618966851,0.02655896285089923,0.026046775218742272,1,1,-1,0.5,False,Trend,Trend,False
2021-06-04 00:00:00+09:00,137217.53125,141443.25390625,131306.250390625,45.00001851106077,-918.543142882482,0.02609763610534903,0.026079241617598597,1,1,-1,0.5,False,Trend,Trend,False
2021-06-07 00:00:00+09:00,135793.109375,140897.23203125,131749.39791666667,36.48646124618438,-978.7849576885935,0.025974236133632072,0.026123064643157657,1,1,-1,0.5,False,Trend,Trend,False
2021-06-08 00:00:00+09:00,132944.3125,139971.36875,132105.49869791666,32.051249597081096,-1158.0552855485125,0.024817848868066837,0.02620948572399055,1,1,-1,0.5,False,Trend,Trend,False
2021-06-09 00:00:00+09:00,131045.109375,138903.06640625,132358.72604166667,37.878753882337925,-1339.292435661364,0.024687662990800302,0.02590149987423596,1,1,-1,0.5,False,Trend,Trend,False
2021-06-10 00:00:00+09:00,131994.71875,138214.60546875,132635.69348958333,43.54840507492806,-1327.4045241931206,0.02327417519160157,0.025897115322151092,1,1,-1,0.5,False,Trend,Trend,False
2021-06-11 00:00:00+09:00,132944.3125,137787.284375,132975.967578125,35.18515358569768,-1192.0683232771034,0.022660349076043626,0.025655394482600475,1,1,-1,0.5,False,Trend,Trend,False
2021-06-14 00:00:00+09:00,131519.90625,137312.48359375,133292.5015625,35.18513214322061,-1135.2378424742192,0.02272508343550843,0.02571279735309607,1,1,-1,0.5,False,Trend,Trend,False
2021-06-15 00:00:00+09:00,129620.6953125,136529.061328125,133585.29544270833,32.75855857031527,-1158.3058630892533,0.021428520193442466,0.02579360406040685,1,1,-1,0.5,False,Trend,Trend,False
2021-06-16 00:00:00+09:00,130570.3203125,135745.63984375,133909.74309895834,40.38461234203501,-1045.7973852488717,0.02145277919294261,0.025760705263625474,1,1,-1,0.5,False,Trend,Trend,False
2021-06-17 00:00:00+09:00,127246.703125,135175.878125,134194.623828125,34.48278601184025,-1124.5348145990106,0.018970363416972037,0.025983046046085236,1,1,-1,0.5,False,Trend,Trend,False
2021-06-18 00:00:00+09:00,125822.296875,134677.3375,134432.02434895834,33.33333333333333,-1195.247679932611,0.018652331985533604,0.026005173089877657,1,1,-1,0.5,False,Trend,Trend,False
2021-06-21 00:00:00+09:00,129145.90625,134107.5765625,134708.99166666667,25.925962039471884,-951.492542560457,0.01783285280682039,0.026178066674156345,-1,1,-1,-0.19999999999999996,False,MeanReversion,Trend,False
2021-06-22 00:00:00+09:00,128196.296875,133561.5546875,134756.47161458334,23.636408239559188,-793.951194072431,0.017794494900668024,0.02222931747275966,-1,1,-1,-0.19999999999999996,False,MeanReversion,Trend,False
2021-06-23 00:00:00+09:00,124872.6953125,132849.352734375,134716.90481770833,24.07413670852442,-848.3986159873639,0.01843480178070307,0.022406408168807013,-1,1,-1,-0.19999999999999996,False,MeanReversion,Trend,False
2021-06-24 00:00:00+09:00,125822.296875,132374.551171875,134685.25130208334,27.777808248563602,-758.2227559439402,0.017869000421175254,0.02242368309292286,-1,1,-1,-0.19999999999999996,False,MeanReversion,Trend,False
2021-06-25 00:00:00+09:00,127246.703125,131947.230859375,134693.16458333333,33.33338411800733,-550.097923220198,0.018114540429693675,0.022451836229673554,-1,1,-1,-0.19999999999999996,False,MeanReversion,MeanReversion,False
2021-06-28 00:00:00+09:00,129145.90625,131638.609765625,134811.86484375,42.30771178015127,-247.40099532229715,0.01855874048405787,0.02195911179164759,-1,1,-1,-0.19999999999999996,False,MeanReversion,MeanReversion,False
2021-06-29 00:00:00+09:00,127721.5078125,130950.1484375,134859.34505208334,43.1372795738161,-112.83659374560011,0.014977973691265092,0.0218180124796263,-1,1,-1,-0.19999999999999996,False,MeanReversion,MeanReversion,False
2021-06-30 00:00:00+09:00,127246.703125,130214.20703125,134875.171875,40.000006581692624,-29.85045856402985,0.014850430184392749,0.02177632241760553,-1,1,-1,-0.19999999999999996,False,MeanReversion,MeanReversion,False
2021-07-01 00:00:00+09:00,125347.5,129573.2265625,134906.825390625,34.61542356030252,-74.37659724974992,0.01415281898790044,0.021660306470585235,-1,1,-1,-0.19999999999999996,False,MeanReversion,MeanReversion,False
2021-07-02 00:00:00+09:00,128671.1015625,129145.905078125,135033.4390625,44.6428681613185,136.98588793581575,0.01574524807876414,0.02175787978135475,-1,1,-1,-0.19999999999999996,False,MeanReversion,MeanReversion,False
2021-07-05 00:00:00+09:00,126297.09375,128671.104296875,135080.919140625,43.85966786109043,133.73409623795396,0.016046394943092283,0.02176675201328558,-1,1,-1,-0.19999999999999996,False,MeanReversion,MeanReversion,False
2021-07-06 00:00:00+09:00,126297.09375,128338.743359375,135160.05260416667,41.81815298924401,147.3355232748445,0.015515608095480016,0.02166678374804373,-1,1,-1,-0.19999999999999996,False,MeanReversion,MeanReversion,False
2021-07-07 00:00:00+09:00,122498.6875,127911.422265625,135120.48580729167,41.07141912701925,-71.95400853287356,0.01654902820989624,0.02175386448588339,-1,1,-1,-0.19999999999999996,False,MeanReversion,MeanReversion,False
2021-07-08 00:00:00+09:00,119649.8828125,127294.18046875,135009.69895833332,38.983048484018596,-364.9542108640162,0.016937065129017787,0.021902350004064194,-1,1,-1,-0.19999999999999996,False,MeanReversion,MeanReversion,True
2021-07-09 00:00:00+09:00,118225.4765625,126558.238671875,134867.25846354166,29.09089603628793,-597.0616936041856,0.01675858252644626,0.021939802913580598,-1,1,-1,-0.19999999999999996,False,MeanReversion,MeanReversion,True
2021-07-12 00:00:00+09:00,120599.4921875,126012.21796875,134748.558203125,36.206918562476396,-535.0681069788006,0.017663644247489535,0.022080685777335955,-1,1,-1,-0.19999999999999996,False,MeanReversion,MeanReversion,False
2021-07-13 00:00:00+09:00,121074.28125,125584.897265625,134598.204296875,42.30767892034712,-411.9721478402994,0.017584415830746238,0.021944035042938626,-1,1,-1,-0.19999999999999996,False,MeanReversion,MeanReversion,False
2021-07-14 00:00:00+09:00,121074.28125,125110.0953125,134400.37044270834,39.99998683658876,-286.39225986132396,0.017425460815970344,0.021738808776103107,-1,1,-1,-0.19999999999999996,False,MeanReversion,MeanReversion,False
2021-07-15 00:00:00+09:00,121074.28125,124801.47421875,134218.36315104167,36.17018892998954,-165.185852754194,0.01664792046690562,0.021727151520894016,-1,1,-1,-0.19999999999999996,False,MeanReversion,MeanReversion,False
2021-07-16 00:00:00+09:00,119649.8828125,124492.853515625,134068.00950520832,28.26085168014187,-143.59978752846519,0.016664418995579546,0.021541442669600414,-1,1,-1,-0.19999999999999996,False,MeanReversion,MeanReversion,False
2021-07-19 00:00:00+09:00,116801.078125,123875.612109375,133791.04231770834,26.530591000322033,-276.1603860749383,0.0158928568554861,0.02116872969767715,-1,1,-1,-0.19999999999999996,False,MeanReversion,MeanReversion,True
2021-07-20 00:00:00+09:00,116326.28125,123282.111328125,133498.24856770833,26.530599909333603,-346.25502367487024,0.015884248278936686,0.021156391878916873,-1,1,-1,-0.19999999999999996,False,MeanReversion,MeanReversion,True
2021-07-21 00:00:00+09:00,121549.0859375,123115.930859375,133142.14765625,42.857126067067036,-9.125924069636767,0.018451103745480837,0.02015956268349751,-1,1,-1,-0.19999999999999996,False,MeanReversion,MeanReversion,False
2021-07-22 00:00:00+09:00,122023.890625,122926.010546875,132801.8734375,36.0,262.58479232094396,0.01837566001479068,0.020177320678806607,-1,1,-1,-0.19999999999999996,False,MeanReversion,MeanReversion,False
2021-07-23 00:00:00+09:00,125347.5,122831.050390625,132532.81953125,48.07693889833603,660.2545847153233,0.019258277903016593,0.020523673995233853,-1,1,1,0.30000000000000004,False,Trend,MeanReversion,False
2021-07-26 00:00:00+09:00,124397.890625,122593.649609375,132224.19869791667,46.296297424846664,841.8148867194077,0.018954574135292713,0.020474544657881944,-1,1,1,0.30000000000000004,False,Trend,Trend,False
2021-07-27 00:00:00+09:00,123448.2890625,122379.988671875,131852.27122395832,52.08333261917258,876.4860880052183,0.018882198459827786,0.020279033208058506,-1,1,1,0.30000000000000004,False,Trend,Trend,False
2021-07-28 00:00:00+09:00,126297.09375,122332.508203125,131535.737109375,64.58332833420803,1057.6802490286677,0.01964948676979365,0.020545972069482,-1,1,1,0.30000000000000004,False,Trend,Trend,False
2021-07-29 00:00:00+09:00,128196.296875,122474.948046875,131298.336328125,71.42857622573374,1258.201644753621,0.019614892102574534,0.020534708723722116,-1,1,-1,-0.19999999999999996,False,MeanReversion,Trend,False
2021-07-30 00:00:00+09:00,123923.09375,122237.54765625,130942.235546875,56.60376889874628,1063.5490707839767,0.020169238146354736,0.020748401269456887,-1,1,1,0.30000000000000004,False,Trend,Trend,False
2021-08-02 00:00:00+09:00,123448.2890625,122095.107421875,130554.48125,54.71698816131019,871.3939890411091,0.019790693559898074,0.020684745481196625,-1,1,1,0.30000000000000004,False,Trend,Trend,False
2021-08-03 00:00:00+09:00,122973.4921875,121928.92734375,130079.67981770834,53.70371893913839,688.8917893572914,0.01979776039285279,0.020176073334383305,-1,1,1,0.30000000000000004,False,Trend,Trend,False
2021-08-04 00:00:00+09:00,125822.296875,122095.1078125,129636.53216145834,58.333347045224556,732.5412594617437,0.01924742246812371,0.020425069630597495,-1,1,1,0.30000000000000004,False,Trend,Trend,False
2021-08-05 00:00:00+09:00,123448.2890625,122285.028125,129264.6046875,56.4516111910234,580.672735537524,0.018966659629437128,0.01980432044607446,-1,1,1,0.30000000000000004,False,Trend,Trend,False
2021-08-06 00:00:00+09:00,123448.2890625,122546.16875,128963.897265625,62.49999632717308,464.3986816003845,0.018703953222212688,0.019487149905723315,-1,1,1,0.30000000000000004,False,Trend,Trend,False
2021-08-09 00:00:00+09:00,118700.2890625,122451.20859375,128591.97005208333,53.84615968790558,72.46510357298769,0.02035312245226582,0.02006247197468546,-1,1,1,0.30000000000000004,False,Trend,Trend,False
2021-08-10 00:00:00+09:00,118225.4765625,122308.768359375,128140.908984375,43.636360916651704,-199.16103726640858,0.020333560112817145,0.019597203723319054,-1,1,-1,-0.19999999999999996,False,MeanReversion,Trend,False
2021-08-11 00:00:00+09:00,114901.875,122000.148046875,127618.627734375,37.704916263986796,-562.4908504630157,0.02122582790765855,0.01981631720430182,-1,1,-1,-0.19999999999999996,False,MeanReversion,Trend,False
2021-08-12 00:00:00+09:00,113952.265625,121644.047265625,127207.133203125,28.57141178136756,-811.4677339599125,0.021253089940469257,0.018739915687787594,-1,1,-1,-0.19999999999999996,False,MeanReversion,Trend,False
2021-08-13 00:00:00+09:00,113002.6640625,121311.686328125,126827.29244791667,28.57142017639559,-973.8686391734614,0.02119156946648593,0.018611689217076746,-1,1,-1,-0.19999999999999996,False,MeanReversion,Trend,False
2021-08-17 00:00:00+09:00,109679.0546875,120955.58515625,126312.924609375,26.22949758392079,-1222.7760635049624,0.021531525691523706,0.018266083581455816,-1,1,-1,-0.19999999999999996,False,MeanReversion,Trend,False
2021-08-18 00:00:00+09:00,110628.6640625,120670.704296875,125838.1234375,21.05264525284565,-1237.3621680286237,0.02168926305856524,0.01832171585165347,-1,1,-1,-0.19999999999999996,False,MeanReversion,Trend,False
2021-08-19 00:00:00+09:00,104931.0390625,119839.801953125,125268.36184895833,12.307703601734232,-1525.7063511409274,0.021582711542119843,0.019376219268074008,-1,1,-1,-0.19999999999999996,False,MeanReversion,Trend,False
2021-08-20 00:00:00+09:00,103981.4453125,118937.6796875,124746.08046875,13.793116165592181,-1664.0356602911766,0.021421211527839316,0.019149776417680522,-1,1,-1,-0.19999999999999996,False,MeanReversion,Trend,False
2021-08-23 00:00:00+09:00,109679.0546875,118154.257421875,124310.84622395833,28.98550690077178,-1273.0854535205044,0.024312294030336887,0.020529389055454803,-1,1,-1,-0.19999999999999996,False,MeanReversion,Trend,False
2021-08-24 00:00:00+09:00,113477.46875,117608.236328125,123946.83190104166,36.842108681631224,-689.1879445821896,0.025956830824995468,0.02109565064184508,-1,1,-1,-0.19999999999999996,False,MeanReversion,MeanReversion,False
2021-08-25 00:00:00+09:00,112527.8671875,117062.215234375,123464.11744791667,30.555566347309465,-316.40014314222435,0.025961966505694305,0.020160284367901262,-1,1,-1,-0.19999999999999996,False,MeanReversion,MeanReversion,False
2021-08-26 00:00:00+09:00,111103.4609375,116302.53359375,122949.749609375,31.42858150260213,-125.05375504020049,0.02518951120318463,0.02017033469723849,-1,1,-1,-0.19999999999999996,False,MeanReversion,MeanReversion,False
2021-08-27 00:00:00+09:00,111578.265625,115471.63203125,122506.60221354167,32.39438284401257,64.02620436839652,0.02482443125254536,0.01996878569012998,-1,1,-1,-0.19999999999999996,False,MeanReversion,MeanReversion,False
2021-08-30 00:00:00+09:00,111578.265625,114854.390625,122079.28111979166,37.70491935938516,211.3268716711018,0.02403144254966542,0.019969117123459737,-1,1,-1,-0.19999999999999996,False,MeanReversion,MeanReversion,False
2021-08-31 00:00:00+09:00,112527.8671875,114308.36953125,121691.52708333333,40.32259348666569,384.839040287211,0.0242263524742501,0.0200061512553158,-1,1,-1,-0.19999999999999996,False,MeanReversion,MeanReversion,False
2021-09-01 00:00:00+09:00,108254.6640625,113572.428125,121280.03294270833,39.06251406002664,231.4999557813112,0.025393445713559018,0.02039814791132353,-1,1,-1,-0.19999999999999996,False,MeanReversion,MeanReversion,False
2021-09-02 00:00:00+09:00,108254.6640625,112694.046484375,120900.1921875,40.322604187925606,153.51333139918142,0.024504610908619686,0.020351584146754594,-1,1,-1,-0.19999999999999996,False,MeanReversion,MeanReversion,False
2021-09-03 00:00:00+09:00,107779.859375,111910.625,120496.61119791666,40.983624245363615,96.19354305906336,0.024360393767806778,0.020306129797953154,-1,1,-1,-0.19999999999999996,False,MeanReversion,MeanReversion,False
2021-09-06 00:00:00+09:00,108254.6640625,111150.94375,120085.11705729166,47.27275338194616,115.2147324974153,0.024444529330175952,0.020284865644236434,-1,1,1,0.30000000000000004,False,Trend,MeanReversion,False
2021-09-07 00:00:00+09:00,110628.6640625,110747.3625,119736.9296875,50.0,302.0274559517461,0.023951677360553425,0.020517196642377392,-1,1,1,0.30000000000000004,False,Trend,MeanReversion,False
2021-09-08 00:00:00+09:00,107779.859375,110225.081640625,119372.91575520833,55.769260586499584,250.22005521004667,0.024478392829084927,0.02068185863463044,-1,1,1,0.30000000000000004,False,Trend,MeanReversion,False
2021-09-09 00:00:00+09:00,103031.84375,109631.580078125,118913.94114583333,48.33333470452133,-70.20749423150619,0.025582297544669227,0.02133088723595805,-1,1,-1,-0.19999999999999996,False,MeanReversion,MeanReversion,True
2021-09-10 00:00:00+09:00,108254.6640625,109346.7,118597.40716145834,47.457651225702094,94.27186570340018,0.02835288340445235,0.022218255403510502,-1,1,1,0.30000000000000004,False,Trend,MeanReversion,False
2021-09-13 00:00:00+09:00,108729.453125,109133.039453125,118312.52643229166,40.38460564836742,250.8360756310767,0.028358798541344276,0.022207797303686945,-1,1,-1,-0.19999999999999996,False,MeanReversion,MeanReversion,False
2021-09-14 00:00:00+09:00,112527.8671875,109275.480078125,118035.55911458333,50.0,605.7661450323567,0.02866277745644974,0.0224123259392475,-1,1,1,0.30000000000000004,False,Trend,MeanReversion,False
2021-09-15 00:00:00+09:00,111578.265625,109322.96015625,117758.59192708334,50.877199566184935,762.0341428985289,0.02868730374583633,0.0224169791221394,-1,1,1,0.30000000000000004,False,Trend,Trend,False
2021-09-16 00:00:00+09:00,112527.8671875,109702.8015625,117552.84479166666,51.72413695277883,905.0586529790326,0.02582491495175884,0.02223572509555614,-1,1,1,0.30000000000000004,False,Trend,Trend,False
2021-09-17 00:00:00+09:00,100183.0390625,109512.88125,117125.523828125,35.71428431511396,181.8025641401082,0.03718155933499875,0.026659147747264727,-1,-1,-1,-1.0,True,Defensive,Trend,False
2021-09-23 00:00:00+09:00,95909.828125,108824.419921875,116603.242578125,30.76922937833821,-531.8097548382666,0.035902402623587466,0.02707132986058182,-1,-1,-1,-1.0,True,Defensive,Trend,False
2021-09-24 00:00:00+09:00,96859.421875,107993.517578125,116065.13450520833,35.71426472670943,-867.449513012114,0.034849138414078745,0.02701818479206748,-1,1,-1,-0.19999999999999996,False,MeanReversion,Trend,False
2021-09-27 00:00:00+09:00,97334.234375,107233.8359375,115558.67994791667,36.47058550240745,-976.9109391694128,0.034965953943421856,0.027033832027707882,-1,1,-1,-0.19999999999999996,False,MeanReversion,Trend,False
2021-09-28 00:00:00+09:00,96384.625,106497.894140625,115044.31197916667,36.04650584355601,-1027.5467184997324,0.034947869734724725,0.027042160185695434,-1,1,-1,-0.19999999999999996,False,MeanReversion,Trend,False
2021-09-29 00:00:00+09:00,96384.625,105738.212109375,114561.59739583333,35.29410626003104,-975.7134721422622,0.034887804926938645,0.02701373222284923,-1,1,-1,-0.19999999999999996,False,MeanReversion,Trend,False
2021-09-30 00:00:00+09:00,96859.421875,105002.269921875,114031.402734375,32.09875640370127,-829.8475343430641,0.03495929210056888,0.02674435402062021,-1,-1,-1,-1.0,True,Defensive,Trend,False
2021-10-01 00:00:00+09:00,92111.4140625,103981.447265625,113461.64140625,30.588228006419868,-964.1060640961296,0.0360349995991807,0.027328391086623723,-1,-1,-1,-1.0,True,Defensive,Trend,False
2021-10-05 00:00:00+09:00,91541.65625,103145.796875,112882.38411458333,34.12073366126684,-998.0595826320059,0.03539967290543935,0.027319885350242677,-1,1,-1,-0.19999999999999996,False,MeanReversion,Trend,False
2021-10-06 00:00:00+09:00,89547.4921875,102210.43828125,112333.19752604167,21.613812286734742,-1055.9914633475128,0.03546763043436296,0.027208831270919043,-1,-1,-1,-1.0,True,Defensive,Trend,False
2021-10-07 00:00:00+09:00,92111.4140625,101427.016015625,111874.223046875,26.287261482921124,-832.622417862678,0.03645071612932993,0.027438095318380814,-1,-1,-1,-1.0,True,Defensive,Trend,False
2021-10-08 00:00:00+09:00,89072.6875,100467.9171875,111388.34322916667,15.789459290629893,-800.2989955646144,0.03676557767876837,0.02767982334930536,-1,-1,-1,-1.0,True,Defensive,Trend,False
2021-10-12 00:00:00+09:00,88882.7734375,99380.62265625,110859.73125,16.147296897625353,-705.7851142207237,0.03607253566146346,0.027493482585294687,-1,-1,-1,-1.0,True,Defensive,Trend,False
2021-10-13 00:00:00+09:00,90876.9296875,98535.476171875,110356.44205729167,18.68128986995704,-436.25513981494714,0.03661684317790279,0.027695264563198947,-1,-1,-1,-1.0,True,Defensive,Trend,False
2021-10-14 00:00:00+09:00,91161.8125,97941.974609375,109857.90091145833,29.957777784720506,-179.24519943651558,0.03565991728166057,0.02770736866307765,-1,1,-1,-0.19999999999999996,False,MeanReversion,Trend,False
2021-10-15 00:00:00+09:00,92396.296875,97149.05625,109379.93450520834,40.97559389891618,117.45442974697471,0.03355383834263307,0.027800541950187576,-1,1,-1,-0.19999999999999996,False,MeanReversion,Trend,False
2021-10-18 00:00:00+09:00,90971.8984375,96261.178515625,108901.96809895833,35.23811090882808,253.5259102590544,0.033465084666130435,0.02782118307296004,-1,1,-1,-0.19999999999999996,False,MeanReversion,MeanReversion,True
2021-10-19 00:00:00+09:00,92016.453125,95235.6078125,108488.891015625,37.03699471634641,438.7706708926635,0.03227722903554714,0.02777637450541592,-1,1,-1,-0.19999999999999996,False,MeanReversion,MeanReversion,False
2021-10-20 00:00:00+09:00,91541.65625,94233.77734375,108075.81393229167,37.91467161595209,547.1639400572458,0.032294209661758326,0.027776803426330505,-1,1,-1,-0.19999999999999996,False,MeanReversion,MeanReversion,False
2021-10-21 00:00:00+09:00,92396.296875,93227.198828125,107589.93411458333,40.4545274364135,685.3005270911617,0.032319214085417644,0.027116328720398517,-1,1,-1,-0.19999999999999996,False,MeanReversion,MeanReversion,False
2021-10-22 00:00:00+09:00,91731.578125,92804.62578125,107085.06223958333,37.837831828234975,736.3143970543015,0.020454905602422507,0.027095454278681704,-1,1,-1,-0.19999999999999996,False,MeanReversion,MeanReversion,False
2021-10-25 00:00:00+09:00,96384.625,92828.365625,106602.34765625,60.18101956311245,1067.7363739104821,0.021624730211321375,0.02769332025985294,-1,1,1,0.30000000000000004,False,Trend,MeanReversion,False
2021-10-26 00:00:00+09:00,98758.6328125,92923.326171875,106175.02669270833,65.8333599001499,1409.662496188881,0.022198035097626592,0.027936127840726126,-1,1,1,0.30000000000000004,False,Trend,Trend,False
2021-10-27 00:00:00+09:00,99233.4375,93018.286328125,105771.44583333333,72.76790092169708,1615.832468455908,0.022197172504562563,0.027953580923302686,-1,1,-1,-0.19999999999999996,False,MeanReversion,Trend,False
2021-10-28 00:00:00+09:00,96859.421875,93042.026171875,105280.81796875,61.26126459992581,1540.6174792785455,0.02279110430899106,0.02785842966418213,-1,1,1,0.30000000000000004,False,Trend,Trend,False
2021-10-29 00:00:00+09:00,97809.03125,93113.246484375,104774.36354166667,73.0000246814042,1501.57334565582,0.022889764721478894,0.027805520292202936,-1,1,-1,-0.19999999999999996,False,MeanReversion,Trend,False
2021-11-01 00:00:00+09:00,99233.4375,93231.947265625,104362.86927083334,75.5868589935477,1514.1251995093053,0.023080202443679136,0.02763948745929452,-1,1,-1,-0.19999999999999996,False,MeanReversion,MeanReversion,False
2021-11-02 00:00:00+09:00,98283.828125,93540.56796875,103943.46158854167,69.30692182155042,1403.4033011526924,0.01987646132885685,0.02765002742396455,-1,1,1,0.30000000000000004,False,Trend,MeanReversion,False
2021-11-03 00:00:00+09:00,97334.234375,93830.196875,103516.140625,65.55025712729139,1218.022385139729,0.019979297686125486,0.027660552290922697,-1,1,1,0.30000000000000004,False,Trend,MeanReversion,False
2021-11-04 00:00:00+09:00,96859.421875,94195.793359375,103033.42604166667,61.691521313982264,1023.0879279932224,0.01919878340880276,0.027435967081282524,-1,1,1,0.30000000000000004,False,Trend,MeanReversion,False
2021-11-05 00:00:00+09:00,97334.234375,94456.934375,102598.191796875,67.53924356185047,890.655307370153,0.01833349911385738,0.02739277495842903,-1,1,1,0.30000000000000004,False,Trend,MeanReversion,False
2021-11-08 00:00:00+09:00,97334.234375,94870.01171875,102162.95755208333,65.55554946139839,772.0085557177914,0.016253913419325715,0.02739277495842903,-1,1,1,0.30000000000000004,False,Trend,MeanReversion,False
2021-11-09 00:00:00+09:00,95909.828125,95221.364453125,101783.11653645833,62.10523945652579,575.5603355736556,0.016758762199012938,0.027038736171768173,-1,1,1,0.30000000000000004,False,Trend,MeanReversion,False
2021-11-10 00:00:00+09:00,94105.578125,95382.796875,101381.11822916666,54.49998107765237,315.0932433896487,0.016910251896041697,0.027112097100939363,-1,1,1,0.30000000000000004,False,Trend,MeanReversion,False
2021-11-11 00:00:00+09:00,94010.625,95525.2375,101032.93072916666,56.1855560804696,136.5196499312849,0.016917746831415333,0.026919020089334535,-1,1,1,0.30000000000000004,False,Trend,MeanReversion,False
2021-11-12 00:00:00+09:00,96384.625,95724.65390625,100740.13671875,50.0,175.88810239692452,0.01752752306185375,0.02715628890296943,-1,1,1,0.30000000000000004,False,Trend,MeanReversion,False
2021-11-15 00:00:00+09:00,97334.234375,96042.770703125,100478.99622395834,45.16132285430545,258.49248106201003,0.01709511737301846,0.027194337504429903,-1,1,1,0.30000000000000004,False,Trend,MeanReversion,False
2021-11-16 00:00:00+09:00,95909.828125,96237.439453125,100249.50911458333,39.39396659097731,211.77275491678995,0.01744499934900724,0.027005931043320264,-1,1,-1,-0.19999999999999996,False,MeanReversion,MeanReversion,False
2021-11-17 00:00:00+09:00,93630.7890625,96341.89609375,99966.21119791667,39.634214554062915,31.420968084607466,0.01834500004704204,0.027112466758884096,-1,1,-1,-0.19999999999999996,False,MeanReversion,MeanReversion,False
2021-11-18 00:00:00+09:00,91731.578125,96308.66015625,99746.22018229167,31.60923290202453,-199.06633797233485,0.01884938195219813,0.026411588853334902,-1,1,-1,-0.19999999999999996,False,MeanReversion,MeanReversion,False
2021-11-19 00:00:00+09:00,91921.5,96318.15625,99545.22109375,26.087000956593556,-315.11780279741583,0.01878580607264609,0.026401821389950442,-1,1,-1,-0.19999999999999996,False,MeanReversion,MeanReversion,False
2021-11-22 00:00:00+09:00,93061.0234375,96151.976171875,99268.25390625,33.128883590334,-292.03991928624976,0.01512646779017518,0.025457070439092275,-1,1,-1,-0.19999999999999996,False,MeanReversion,MeanReversion,False
2021-11-23 00:00:00+09:00,93155.984375,95871.84375,98929.5625,35.71431624159926,-248.96415682123916,0.013855266801575387,0.02500120240645441,-1,1,-1,-0.19999999999999996,False,MeanReversion,MeanReversion,False
2021-11-24 00:00:00+09:00,91351.734375,95477.75859375,98576.626953125,32.73814071109702,-316.24797935351967,0.014207152481962098,0.02508122501281862,-1,1,-1,-0.19999999999999996,False,MeanReversion,MeanReversion,False
2021-11-25 00:00:00+09:00,92016.453125,95235.61015625,98258.51015625,33.52939696157837,-290.89131180412596,0.013595939703129167,0.025088838241123113,-1,1,-1,-0.19999999999999996,False,MeanReversion,MeanReversion,False
2021-11-26 00:00:00+09:00,88692.8515625,94779.801171875,97877.08658854167,27.804878244547922,-462.66090298831887,0.015257892100766642,0.02544075538442607,-1,1,-1,-0.19999999999999996,False,MeanReversion,MeanReversion,True
2021-11-29 00:00:00+09:00,86413.8046875,94138.81953125,97457.67890625,26.635516354106315,-681.2654307002031,0.015241505922147054,0.025595904325766784,-1,1,-1,-0.19999999999999996,False,MeanReversion,MeanReversion,True
2021-11-30 00:00:00+09:00,83090.1953125,93379.137890625,96967.05104166667,24.782616005199557,-982.8743754537613,0.0168682649441666,0.025932137796634586,-1,1,-1,-0.19999999999999996,False,MeanReversion,MeanReversion,True
2021-12-01 00:00:00+09:00,86223.8828125,92823.6203125,96599.87135416667,34.35114192201375,-906.3682708208248,0.019679059534342916,0.026108573092280065,-1,1,-1,-0.19999999999999996,False,MeanReversion,MeanReversion,True
2021-12-02 00:00:00+09:00,90592.0546875,92510.251953125,96305.49453125,39.222626859787994,-516.0298495028658,0.023268649903387735,0.026994723052484106,-1,1,-1,-0.19999999999999996,False,MeanReversion,MeanReversion,False
2021-12-03 00:00:00+09:00,89832.375,92135.158984375,96006.36979166667,35.94306008145149,-275.5209677916107,0.023211010729920347,0.027003330542075793,-1,1,-1,-0.19999999999999996,False,MeanReversion,MeanReversion,False
2021-12-06 00:00:00+09:00,90307.171875,91783.805859375,95707.244921875,39.114384422491945,-62.1208335524982,0.023288745773826957,0.027007652047823648,-1,1,-1,-0.19999999999999996,False,MeanReversion,MeanReversion,False
2021-12-07 00:00:00+09:00,92681.171875,91622.373046875,95408.12005208334,48.16173568229972,244.44556778908236,0.024042790580684606,0.027079150050487093,-1,1,1,0.30000000000000004,False,Trend,MeanReversion,False
2021-12-08 00:00:00+09:00,92206.375,91527.412890625,95148.56197916667,50.972754424885,410.9753609358818,0.02371610789754352,0.026910280088138214,-1,1,1,0.30000000000000004,False,Trend,Trend,False
2021-12-09 00:00:00+09:00,93820.6953125,91517.91640625,94995.04283854166,53.6764552424237,613.3890364601689,0.0240694380842082,0.026443690826478267,-1,1,1,0.30000000000000004,False,Trend,Trend,False
2021-12-10 00:00:00+09:00,93915.6640625,91394.468359375,94756.05950520834,51.72413575713255,729.323670002213,0.02334301447504162,0.025585494311845414,-1,1,1,0.30000000000000004,False,Trend,Trend,False
2021-12-13 00:00:00+09:00,93345.8984375,91195.0515625,94499.66692708334,50.37592729195953,740.8933593013116,0.023215336459537078,0.025574397703955996,-1,1,1,0.30000000000000004,False,Trend,Trend,False
2021-12-14 00:00:00+09:00,92301.3359375,91014.626953125,94162.55807291667,51.93798400173471,654.4535480192558,0.023128218554535777,0.02513353774498608,-1,1,1,0.30000000000000004,False,Trend,Trend,False
2021-12-15 00:00:00+09:00,92871.1015625,90976.642578125,93850.77200520833,51.750986215235166,612.6456158292702,0.02258679126273803,0.025153458170142622,-1,1,1,0.30000000000000004,False,Trend,Trend,False
2021-12-16 00:00:00+09:00,92966.0546875,91038.36640625,93524.741796875,60.089672036314475,569.3059538953813,0.0220866491822113,0.025113910361149842,-1,1,1,0.30000000000000004,False,Trend,Trend,False
2021-12-17 00:00:00+09:00,94675.34375,91176.05859375,93432.946875,70.04608329873768,629.0037548469606,0.02243306944374581,0.020417402681180766,-1,1,-1,-0.19999999999999996,False,MeanReversion,Trend,False
2021-12-20 00:00:00+09:00,90307.171875,91038.366015625,93339.56927083334,66.66666666666666,360.8709982299521,0.024750943514559053,0.020551480092478678,-1,1,1,0.30000000000000004,False,Trend,Trend,False
2021-12-21 00:00:00+09:00,90497.09375,90905.421484375,93233.53046875,61.42132212884686,191.38075801772402,0.024757919449743714,0.02050639862797088,-1,1,1,0.30000000000000004,False,Trend,Trend,False
2021-12-22 00:00:00+09:00,88977.7265625,90786.72109375,93094.25533854167,44.910166660919174,-16.916335691534528,0.024663589745655187,0.020591112581155573,-1,1,-1,-0.19999999999999996,False,MeanReversion,Trend,False
2021-12-23 00:00:00+09:00,89452.5390625,90658.525390625,92978.72057291666,48.780504934516635,-111.31509087243785,0.02463209133070415,0.020580265682169505,-1,1,-1,-0.19999999999999996,False,MeanReversion,Trend,False
2021-12-24 00:00:00+09:00,88977.7265625,90672.769140625,92855.272265625,45.73170884650366,-189.72517470213597,0.023217998724212863,0.02058628163638694,-1,1,-1,-0.19999999999999996,False,MeanReversion,Trend,False
2021-12-27 00:00:00+09:00,88313.0078125,90767.729296875,92712.83203125,34.24663632403764,-265.6904340888369,0.022475588113728552,0.020584812321841554,-1,1,-1,-0.19999999999999996,False,MeanReversion,Trend,False
2021-12-28 00:00:00+09:00,88787.8125,91052.61015625,92657.438671875,37.67128999865887,-262.81381456545284,0.020380680547989295,0.019581443347644726,-1,1,-1,-0.19999999999999996,False,MeanReversion,Trend,False
2021-12-29 00:00:00+09:00,90971.8984375,91290.0109375,92647.94270833333,40.13164446792296,-100.99008788353581,0.019450846560225672,0.01982826856524831,-1,1,-1,-0.19999999999999996,False,MeanReversion,MeanReversion,False
2021-12-30 00:00:00+09:00,89832.375,91252.026953125,92652.69075520833,36.80985032214429,-59.899269822033034,0.016295167509026518,0.019688560738372534,-1,1,-1,-0.19999999999999996,False,MeanReversion,MeanReversion,False
2022-01-04 00:00:00+09:00,93725.7421875,91446.6953125,92679.59622395833,51.010106886012075,224.68829600880167,0.01876142775411266,0.020113674044954875,-1,1,1,0.30000000000000004,False,Trend,MeanReversion,False
2022-01-05 00:00:00+09:00,93440.859375,91603.3796875,92752.39908854167,53.1578908625782,379.8180916435008,0.018780077069010314,0.0196234843970455,-1,1,1,0.30000000000000004,False,Trend,Trend,False
2022-01-06 00:00:00+09:00,96859.421875,91812.2921875,92885.34322916667,59.54542173896621,681.153650366113,0.01957425538091327,0.02013574156145743,-1,1,1,0.30000000000000004,False,Trend,Trend,False
2022-01-07 00:00:00+09:00,95435.03125,91973.725,92961.31158854166,55.55557508813393,747.7131996259161,0.019882519307252156,0.020055771405492983,-1,1,1,0.30000000000000004,False,Trend,Trend,False
2022-01-10 00:00:00+09:00,97334.234375,92149.401953125,93064.18528645833,55.932209889282426,874.0303319401371,0.019986401825344485,0.020201811731610633,-1,1,1,0.30000000000000004,False,Trend,Trend,False
2022-01-11 00:00:00+09:00,94865.265625,92196.88203125,93105.334765625,61.11111111111111,750.4219906698518,0.02091499921581179,0.020426734637298313,-1,1,1,0.30000000000000004,False,Trend,Trend,False
2022-01-12 00:00:00+09:00,95435.03125,92301.338671875,93179.7203125,61.81818657767413,668.8595231837439,0.020889053897336144,0.020330188734339595,-1,1,1,0.30000000000000004,False,Trend,Trend,False
2022-01-13 00:00:00+09:00,93915.6640625,92382.055078125,93211.373828125,61.81818657767413,483.0781924945459,0.02106516313394613,0.020396147408206184,-1,1,1,0.30000000000000004,False,Trend,Trend,False
2022-01-14 00:00:00+09:00,92396.296875,92358.31484375,93225.61783854167,56.709933274805586,240.61242883100488,0.021365187409381693,0.0204976008055523,-1,1,1,0.30000000000000004,False,Trend,Trend,False
2022-01-17 00:00:00+09:00,88597.890625,92139.906640625,93162.31106770833,49.24812995154963,-170.66293638812272,0.023305340836364565,0.02116796583630853,-1,1,-1,-0.19999999999999996,False,MeanReversion,Trend,False
2022-01-18 00:00:00+09:00,85749.0859375,91693.59375,93062.60286458333,45.328726519940965,-605.1948266017955,0.023710238724216067,0.021552643948799754,-1,1,-1,-0.19999999999999996,False,MeanReversion,Trend,False
2022-01-19 00:00:00+09:00,86698.6796875,91513.169140625,92901.17044270833,46.25848703009144,-787.7403004553128,0.021738277987851416,0.02057164172354073,-1,1,-1,-0.19999999999999996,False,MeanReversion,Trend,False
2022-01-20 00:00:00+09:00,85464.203125,91261.524609375,92679.59661458334,39.788719032002106,-940.3630804099785,0.02188389199411089,0.020344704844828136,-1,1,-1,-0.19999999999999996,False,MeanReversion,Trend,False
2022-01-21 00:00:00+09:00,85084.3671875,91066.856640625,92443.77877604167,40.94202520544744,-1009.5457114380297,0.02163812524742259,0.020324212490901973,-1,1,-1,-0.19999999999999996,False,MeanReversion,Trend,False
2022-01-24 00:00:00+09:00,81285.953125,90658.52734375,92184.22096354167,26.181798164720433,-1238.667716415008,0.023614480398493877,0.020892409633157114,-1,1,-1,-0.19999999999999996,False,MeanReversion,Trend,False
2022-01-25 00:00:00+09:00,78816.984375,90150.490234375,91867.68684895833,24.16105307330433,-1468.360400036017,0.02432390063761164,0.021130981345422805,-1,1,-1,-0.19999999999999996,False,MeanReversion,Trend,False
2022-01-26 00:00:00+09:00,78816.984375,89675.6890625,91527.41263020833,13.740444591821088,-1525.459395916384,0.024358372832110935,0.02100363907090889,-1,1,-1,-0.19999999999999996,False,MeanReversion,Trend,False
2022-01-27 00:00:00+09:00,73879.046875,88930.25078125,91120.66627604167,12.040113165661339,-1783.0375930962568,0.027518492721119912,0.02241671544101109,-1,1,-1,-0.19999999999999996,False,MeanReversion,Trend,False
2022-01-28 00:00:00+09:00,75683.296875,88165.820703125,90759.81731770834,11.744967925251316,-1718.435036382401,0.027507434332734358,0.022713695203408473,-1,1,-1,-0.19999999999999996,False,MeanReversion,Trend,False
2022-02-03 00:00:00+09:00,76632.90625,87505.847265625,90422.70872395833,15.95747101689011,-1505.9069046195796,0.02791247637581345,0.022815000054654002,-1,1,-1,-0.19999999999999996,False,MeanReversion,Trend,False
2022-02-04 00:00:00+09:00,78057.296875,86722.425,90101.42643229167,18.556673050467083,-1178.07126741507,0.026088611624627816,0.022969673671461188,-1,1,-1,-0.19999999999999996,False,MeanReversion,Trend,False
2022-02-07 00:00:00+09:00,78152.265625,85957.9953125,89781.726953125,19.92753569187616,-877.3043410751147,0.0261583549138654,0.022973510096677984,-1,1,-1,-0.19999999999999996,False,MeanReversion,Trend,False
2022-02-08 00:00:00+09:00,78152.265625,85022.6375,89485.767578125,21.153848587908143,-613.3313872764602,0.024064907468352936,0.022931752212623717,-1,1,-1,-0.19999999999999996,False,MeanReversion,MeanReversion,True
2022-02-09 00:00:00+09:00,78152.265625,84158.49921875,89219.87903645834,25.000000000000014,-384.86017478595386,0.024160374227355175,0.0228439771160605,-1,1,-1,-0.19999999999999996,False,MeanReversion,MeanReversion,True
2022-02-10 00:00:00+09:00,80241.390625,83303.85703125,88990.391796875,36.32075087287108,-56.4173533432795,0.024633657623792774,0.023157892611758667,-1,1,-1,-0.19999999999999996,False,MeanReversion,MeanReversion,False
2022-02-11 00:00:00+09:00,78816.984375,82501.44296875,88697.59778645834,30.875597177300563,93.37145082761799,0.024427598989201285,0.022952804189939318,-1,1,-1,-0.19999999999999996,False,MeanReversion,MeanReversion,False
2022-02-14 00:00:00+09:00,77297.6171875,81594.572265625,88363.65416666666,30.454552083835836,117.05820383840592,0.024253450463263448,0.022979440569629382,-1,1,-1,-0.19999999999999996,False,MeanReversion,MeanReversion,True
2022-02-15 00:00:00+09:00,77202.671875,80758.92265625,88051.86822916666,30.875597177300563,151.10141247971114,0.024302599358767524,0.022936973061164528,-1,1,-1,-0.19999999999999996,False,MeanReversion,MeanReversion,False
2022-02-16 00:00:00+09:00,78342.1875,80056.2171875,87797.058203125,41.79894640526744,268.2872680433006,0.02484603955490738,0.022896763885339993,-1,1,-1,-0.19999999999999996,False,MeanReversion,MeanReversion,False
2022-02-17 00:00:00+09:00,78532.1015625,79552.927734375,87577.06692708333,49.09090183834033,370.2294135388056,0.023627439635737567,0.022790414002263847,-1,1,1,0.30000000000000004,False,Trend,MeanReversion,False
2022-02-18 00:00:00+09:00,79766.5859375,79253.802734375,87374.48502604167,52.80898772539684,523.0913304789678,0.023223957609501817,0.02290391931214323,-1,1,1,0.30000000000000004,False,Trend,Trend,False
2022-02-21 00:00:00+09:00,79766.5859375,78907.198046875,87152.91106770834,74.60322020584819,619.8813596178165,0.02298819798836665,0.022825131092476126,-1,1,-1,-0.19999999999999996,False,MeanReversion,Trend,False
2022-02-22 00:00:00+09:00,79766.5859375,78622.3171875,86929.75442708333,70.09348956190848,675.0398875027149,0.022877532615651574,0.02282279259268685,-1,1,-1,-0.19999999999999996,False,MeanReversion,MeanReversion,False
2022-02-23 00:00:00+09:00,79766.5859375,78356.428125,86736.66861979167,67.01031277591701,699.6745433108285,0.022888916163749058,0.022715700420014414,-1,1,1,0.30000000000000004,False,Trend,MeanReversion,False
2022-02-24 00:00:00+09:00,82330.515625,78408.65625,86575.236328125,70.64226000163033,865.9153411177563,0.021848048632114647,0.02310361724288001,-1,1,-1,-0.19999999999999996,False,MeanReversion,MeanReversion,False
2022-02-25 00:00:00+09:00,82995.234375,78617.56875,86480.27604166667,72.1739404154493,989.0207066944822,0.02059307013855977,0.022675627547927117,-1,1,-1,-0.19999999999999996,False,MeanReversion,MeanReversion,False
2022-02-28 00:00:00+09:00,82995.234375,78826.48125,86423.29986979166,72.1739404154493,1033.9612563663368,0.02059307013855977,0.022438436682921628,-1,1,-1,-0.19999999999999996,False,MeanReversion,MeanReversion,False
2022-03-02 00:00:00+09:00,86983.5625,79481.70703125,86488.18932291666,79.61786243173307,1279.7229324822758,0.01601748822359402,0.022685188326669995,-1,1,-1,-0.19999999999999996,False,MeanReversion,MeanReversion,False
2022-03-03 00:00:00+09:00,86888.609375,80041.97265625,86499.26809895833,75.73536172828155,1374.969949427776,0.015683851772518985,0.022180725542415885,-1,1,-1,-0.19999999999999996,False,MeanReversion,MeanReversion,False
2022-03-04 00:00:00+09:00,86888.609375,80554.7578125,86437.54401041666,85.12408719420155,1373.8101399093653,0.015698791347998738,0.021215907347233977,-1,1,-1,-0.19999999999999996,False,MeanReversion,MeanReversion,False
2022-03-07 00:00:00+09:00,87838.203125,81043.803125,86404.3078125,98.26106427988373,1369.7548619042095,0.015480904082197029,0.021243000497000095,-1,1,-1,-0.19999999999999996,False,MeanReversion,MeanReversion,False
2022-03-08 00:00:00+09:00,86508.765625,81461.628125,86341.00104166666,88.28132230895011,1215.5329461745014,0.016166004641826763,0.021315650761086366,-1,1,-1,-0.19999999999999996,False,MeanReversion,MeanReversion,False
2022-03-10 00:00:00+09:00,86508.765625,81879.453125,86238.12760416667,87.06904989198321,1057.345208772693,0.016166004641826763,0.02102675794280818,-1,1,-1,-0.19999999999999996,False,MeanReversion,MeanReversion,False
2022-03-11 00:00:00+09:00,86508.765625,82297.278125,86143.16744791667,86.8421983218069,902.5543301552318,0.016166004641826763,0.021020703568722956,-1,1,-1,-0.19999999999999996,False,MeanReversion,MeanReversion,False
2022-03-14 00:00:00+09:00,88218.046875,82696.1109375,86049.78997395834,87.3950433861,865.0321627485976,0.01576013272254303,0.021055426752885336,-1,1,-1,-0.19999999999999996,False,MeanReversion,MeanReversion,False
2022-03-15 00:00:00+09:00,88218.046875,83166.1640625,85954.8296875,87.3950433861,791.9248062150787,0.014890239190297094,0.021054172087103428,-1,1,-1,-0.19999999999999996,False,MeanReversion,MeanReversion,False
2022-03-16 00:00:00+09:00,88218.046875,83712.185546875,85869.36549479167,87.3950433861,698.5407941468806,0.01375629473166767,0.02104412597130332,-1,1,-1,-0.19999999999999996,False,MeanReversion,MeanReversion,False
2022-03-17 00:00:00+09:00,88218.046875,84262.954296875,85801.31067708334,87.3950433861,595.7509956658878,0.013722147377427404,0.02100076882225753,-1,1,-1,-0.19999999999999996,False,MeanReversion,MeanReversion,False
2022-03-18 00:00:00+09:00,84514.6015625,84571.575,85662.03567708333,58.77865136291213,254.7511786227792,0.01747808380015563,0.021670999162851916,-1,1,1,0.30000000000000004,False,Trend,MeanReversion,False
2022-03-21 00:00:00+09:00,84514.6015625,84870.7,85521.178125,56.45164393695615,18.086309178064766,0.017496453045818944,0.02166932794576928,-1,1,1,0.30000000000000004,False,Trend,MeanReversion,False
2022-03-22 00:00:00+09:00,86223.8828125,85193.56484375,85380.32044270834,61.97186199480531,-31.73595906413243,0.017682228726018306,0.02169850422946566,-1,1,-1,-0.19999999999999996,False,MeanReversion,MeanReversion,False
2022-03-23 00:00:00+09:00,86698.6796875,85540.16953125,85320.17890625,48.57141290065277,-40.5467151483208,0.01766123386006321,0.020869058150119243,1,1,-1,0.5,False,Trend,MeanReversion,False
2022-03-24 00:00:00+09:00,86888.609375,85896.270703125,85260.0375,50.0,-41.27751978284505,0.01764082844769779,0.020869258647945265,1,1,-1,0.5,False,Trend,MeanReversion,False
2022-03-25 00:00:00+09:00,85939.0,86204.89140625,85209.39205729167,45.689618487795464,-109.53429837740259,0.01794946760836351,0.020804817087999018,1,1,-1,0.5,False,Trend,Trend,False
2022-03-28 00:00:00+09:00,86128.921875,86394.81171875,85153.9984375,41.66667936285451,-143.56504308696606,0.01670406862845807,0.02079372598603362,1,1,-1,0.5,False,Trend,Trend,False
2022-03-29 00:00:00+09:00,84894.4375,86489.771875,85085.94361979167,42.05605823881111,-244.93469038392186,0.017046943584527685,0.02086175985874685,1,1,-1,0.5,False,Trend,Trend,False
2022-03-30 00:00:00+09:00,84704.5234375,86575.236328125,85025.80221354167,41.28441336417878,-315.97680009299995,0.01706211471342782,0.020844105972034732,1,1,-1,0.5,False,Trend,Trend,False
2022-03-31 00:00:00+09:00,84419.640625,86447.040234375,84952.99934895833,40.17857274029457,-369.6265607193187,0.013210013749801337,0.020831574572371427,1,1,-1,0.5,False,Trend,Trend,False
2022-04-01 00:00:00+09:00,81760.75,86190.647265625,84799.48020833333,22.131161912468812,-560.2239035612661,0.01486485665499442,0.020947643963129824,1,1,-1,0.5,False,Trend,Trend,False
2022-04-04 00:00:00+09:00,82140.59375,85953.246484375,84671.28385416667,24.603204659423312,-631.464117788681,0.014950654740327524,0.020914843595876136,1,1,-1,0.5,False,Trend,Trend,False
2022-04-05 00:00:00+09:00,82805.3125,85701.601953125,84489.27669270833,28.571437408295424,-604.5397749471249,0.014828049246130744,0.02014820229118457,1,1,-1,0.5,False,Trend,Trend,False
2022-04-06 00:00:00+09:00,81475.875,85449.957421875,84289.86028645834,25.850360314578467,-643.3837327698202,0.014870261191926722,0.020230287107699845,1,1,-1,0.5,False,Trend,Trend,False
2022-04-07 00:00:00+09:00,78152.265625,85032.132421875,83978.07434895834,26.573437436175055,-847.2107114927435,0.017167223499942163,0.02022559295759495,1,1,-1,0.5,False,Trend,Trend,False
2022-04-08 00:00:00+09:00,78247.2265625,84619.05546875,83691.6109375,27.08334761653377,-923.6647689061192,0.01718826809211004,0.020180446662645048,1,1,-1,0.5,False,Trend,Trend,False
2022-04-11 00:00:00+09:00,79956.5078125,84205.978515625,83401.98216145833,27.08334761653377,-811.148728998621,0.017347448902678173,0.0202187189492418,1,1,-1,0.5,False,Trend,Trend,False
2022-04-12 00:00:00+09:00,81380.9140625,83864.121875,83177.24296875,31.8182255277911,-602.4194547336048,0.018046120234423767,0.020178665845009044,1,1,-1,0.5,False,Trend,Trend,False
2022-04-13 00:00:00+09:00,87173.484375,83811.89375,83039.55052083333,50.704211207742304,-64.18846116383509,0.02431562293574559,0.022159155889292223,1,1,-1,0.5,False,Trend,Trend,False
2022-04-14 00:00:00+09:00,87363.40625,83769.16171875,82930.34622395833,53.65854441606642,294.9512325036362,0.024323296790394938,0.022081249959828974,1,1,1,1.0,False,Trend,Trend,False
2022-04-15 00:00:00+09:00,92776.140625,84182.238671875,82936.676953125,63.46154576372443,855.6487115614484,0.025736426227862774,0.023362200531307515,1,1,1,1.0,False,Trend,Trend,False
2022-04-18 00:00:00+09:00,89167.65625,84414.89140625,82946.173046875,57.8947550739749,935.6227154111878,0.027577651938761508,0.02329360220454453,1,1,1,1.0,False,Trend,Trend,False
2022-04-19 00:00:00+09:00,92491.265625,84728.260546875,83058.54270833333,62.89308794412589,1150.3537437938417,0.028363983896122637,0.023357657207419048,1,1,1,1.0,False,Trend,Trend,False
2022-04-20 00:00:00+09:00,91826.5390625,84984.653515625,83144.00703125,62.11180155962841,1181.1431382162893,0.028459331824642095,0.02334719894539783,1,1,1,1.0,False,Trend,Trend,False
2022-04-21 00:00:00+09:00,91066.859375,85193.566015625,83237.38463541666,66.22518035666515,1086.2756983390464,0.028569182055945257,0.023293118862541946,1,1,1,1.0,False,Trend,Trend,False
2022-04-22 00:00:00+09:00,91446.6953125,85468.95078125,83343.4234375,66.22517115567504,987.8674800832786,0.028397263319119462,0.023285116685439276,1,1,1,1.0,False,Trend,Trend,False
2022-04-25 00:00:00+09:00,90212.2109375,85673.115234375,83492.19440104166,62.66234225879081,787.1249911396624,0.02864225929226066,0.022547243197718198,1,1,1,1.0,False,Trend,Trend,False
2022-04-26 00:00:00+09:00,88692.8515625,85863.0359375,83656.7921875,62.25806597150069,512.7905428009483,0.028726268521692515,0.022277178501021934,1,1,1,1.0,False,Trend,Trend,False
2022-04-27 00:00:00+09:00,88882.7734375,86071.9484375,83824.55533854167,70.39712092010802,314.6247279330921,0.028707423662124396,0.022275688007234843,1,1,-1,0.5,False,Trend,Trend,False
2022-04-28 00:00:00+09:00,90307.171875,86366.325,84098.357421875,71.82130895086536,252.65243322140827,0.028826420337936698,0.02054831916656955,1,-1,-1,-0.30000000000000004,True,Defensive,Trend,False
2022-04-29 00:00:00+09:00,87173.484375,86636.96171875,84289.860546875,62.418303377344905,-12.16995348324599,0.029049113618901168,0.02095832536857309,1,-1,-1,-0.30000000000000004,True,Defensive,Trend,False
2022-05-02 00:00:00+09:00,87078.5234375,86883.858203125,84463.95416666666,60.273969129096095,-196.30025289530317,0.029062485612545454,0.02092049549576968,1,-1,-1,-0.30000000000000004,True,Defensive,Trend,False
2022-05-03 00:00:00+09:00,85654.125,87026.298828125,84590.56796875,46.74797482095953,-404.59608815958154,0.029351032732742546,0.02094528414967606,1,-1,-1,-0.30000000000000004,True,Defensive,Trend,False
2022-05-04 00:00:00+09:00,83944.84375,87149.747265625,84687.1109375,43.12977770408945,-634.3776004839685,0.029491466708929114,0.02113194550794413,1,-1,-1,-0.30000000000000004,True,Defensive,Trend,False
2022-05-06 00:00:00+09:00,84229.71875,87453.619921875,84788.40182291667,28.365354569898642,-736.8721243356073,0.02768835763696104,0.0211332334878763,1,-1,-1,-0.30000000000000004,True,Defensive,Trend,False
2022-05-10 00:00:00+09:00,82425.4765625,87662.532421875,84859.62200520834,31.216898281659795,-885.855795189129,0.028264495393875926,0.02133879305458822,1,-1,-1,-0.30000000000000004,True,Defensive,Trend,False
2022-05-11 00:00:00+09:00,81855.7109375,87757.492578125,84886.52734375,14.999925441553117,-975.3675377251363,0.02797334711794516,0.02109627265106233,1,-1,-1,-0.30000000000000004,True,Defensive,Trend,False
2022-05-12 00:00:00+09:00,82425.4765625,87809.720703125,84946.66888020834,18.86788352440304,-947.9657921623102,0.027742602941608116,0.020975625628966,1,-1,-1,-0.30000000000000004,True,Defensive,Trend,False
2022-05-13 00:00:00+09:00,87078.5234375,87804.97265625,85109.683984375,39.499970999338124,-585.9753061518502,0.02607614108914744,0.021936838708370748,1,1,-1,0.5,False,Trend,Trend,False
2022-05-16 00:00:00+09:00,86318.84375,87752.74453125,85261.62018229166,36.76469461392749,-377.339226976707,0.02614152292411336,0.021977072054649268,1,1,-1,0.5,False,Trend,Trend,False
2022-05-17 00:00:00+09:00,86223.8828125,87425.131640625,85392.98177083333,39.06249196568598,-232.47893691554248,0.02189791713985259,0.02191567326278499,1,1,-1,0.5,False,Trend,Trend,False
2022-05-18 00:00:00+09:00,84134.7578125,87173.48671875,85486.359375,37.87877025101073,-261.9189169189617,0.020822688319165065,0.0221731425306186,1,1,-1,0.5,False,Trend,Trend,False
2022-05-19 00:00:00+09:00,82045.640625,86651.20546875,85524.34361979166,33.4862272796061,-398.4661722745502,0.0191693026201162,0.022346318997833334,1,1,-1,0.5,False,Trend,Trend,False
2022-05-20 00:00:00+09:00,83659.953125,86242.876171875,85589.23307291667,34.09087849410413,-357.7357442714963,0.019991724467813155,0.022480556702384174,1,1,-1,0.5,False,Trend,Trend,False
2022-05-23 00:00:00+09:00,83849.8828125,85882.02734375,85657.28802083334,40.740747189605074,-298.11168647053114,0.020029908087206522,0.022481104972573666,1,1,-1,0.5,False,Trend,Trend,False
2022-05-24 00:00:00+09:00,82140.59375,85416.722265625,85696.85481770833,37.378634766678815,-350.2953060451241,0.020254359806058008,0.02265062342480339,-1,1,-1,-0.19999999999999996,False,MeanReversion,Trend,False
2022-05-25 00:00:00+09:00,82235.546875,85017.8890625,85695.27200520833,40.62496250653458,-353.88134492917345,0.02020753477527745,0.022278945553477748,-1,1,-1,-0.19999999999999996,False,MeanReversion,Trend,False
2022-05-26 00:00:00+09:00,84324.6796875,84799.48046875,85717.42942708333,51.02039531372449,-198.7489195871949,0.02102677704829133,0.02249114223330404,-1,1,-1,-0.19999999999999996,False,MeanReversion,MeanReversion,False
2022-05-27 00:00:00+09:00,85084.3671875,84609.56015625,85752.24830729167,52.238822464724656,-36.656238863179055,0.02116154069334831,0.022519138379039048,-1,1,-1,-0.19999999999999996,False,MeanReversion,MeanReversion,False
2022-05-30 00:00:00+09:00,85464.203125,84367.41171875,85726.92565104166,58.602148872993915,97.14413658967828,0.020798470896314675,0.02168400335433023,-1,1,1,0.30000000000000004,False,Trend,MeanReversion,False
2022-05-31 00:00:00+09:00,86793.6484375,84348.419921875,85725.34296875,63.40207934345808,266.5778471500753,0.019682883563132164,0.021778465290849213,-1,1,1,0.30000000000000004,False,Trend,Trend,False
2022-06-02 00:00:00+09:00,84609.5625,84224.971875,85687.35885416667,55.45024047787544,224.63090577775802,0.020479574126502996,0.02202524773243397,-1,1,1,0.30000000000000004,False,Trend,Trend,False
2022-06-03 00:00:00+09:00,86413.8046875,84262.955859375,85663.61888020833,48.06630612743962,306.40739908189573,0.020748511401420672,0.022153535525320005,-1,1,1,0.30000000000000004,False,Trend,Trend,False
2022-06-07 00:00:00+09:00,87743.2421875,84452.87578125,85684.19348958334,54.010682953162096,430.4451950434665,0.020406732044672297,0.022154153849175986,-1,1,1,0.30000000000000004,False,Trend,Trend,False
2022-06-08 00:00:00+09:00,88787.8125,84680.78046875,85722.17760416666,56.85280162972324,555.3086604720038,0.020519426498012444,0.02220464074161396,-1,1,1,0.30000000000000004,False,Trend,Trend,False
2022-06-09 00:00:00+09:00,88597.890625,84989.401171875,85756.99635416667,63.27684193548537,594.09602216969,0.019753409247039708,0.022207069871061722,-1,1,1,0.30000000000000004,False,Trend,Trend,False
2022-06-10 00:00:00+09:00,87458.3671875,85269.533984375,85744.33502604166,67.06583817395293,514.9438337426883,0.019966807219126966,0.02212793436471502,-1,1,1,0.30000000000000004,False,Trend,Trend,False
2022-06-13 00:00:00+09:00,84324.6796875,85364.494140625,85679.44557291667,51.9125803436598,237.58215577904272,0.02182620635901836,0.022619838965937993,-1,1,1,0.30000000000000004,False,Trend,Trend,False
2022-06-14 00:00:00+09:00,83090.1953125,85165.077734375,85593.98138020834,47.938130339678395,-28.812424031195064,0.018019127354302764,0.02269154080551181,-1,1,-1,-0.19999999999999996,False,MeanReversion,Trend,False
2022-06-15 00:00:00+09:00,81665.796875,84932.425390625,85484.77721354166,48.69111142890125,-286.42239756942115,0.018278086330148432,0.0227882475972244,-1,1,-1,-0.19999999999999996,False,MeanReversion,Trend,False
2022-06-16 00:00:00+09:00,81570.828125,84699.77265625,85435.71432291667,48.16754896428741,-439.5280981418232,0.018277789526987824,0.02212419101864044,-1,1,-1,-0.19999999999999996,False,MeanReversion,Trend,False
2022-06-17 00:00:00+09:00,83470.0390625,84666.53671875,85418.30494791667,47.61905383758184,-390.84082885231294,0.01839100024721838,0.022333155011682097,-1,1,-1,-0.19999999999999996,False,MeanReversion,Trend,False
2022-06-20 00:00:00+09:00,83944.84375,84761.496875,85380.32096354167,46.77419426180382,-308.23737643523464,0.017476689807829553,0.02218920778038704,-1,1,-1,-0.19999999999999996,False,MeanReversion,Trend,False
2022-06-21 00:00:00+09:00,86983.5625,84927.67734375,85385.06901041667,53.738305181704106,-44.380585941984066,0.01869190211851241,0.022660118155523868,-1,1,-1,-0.19999999999999996,False,MeanReversion,MeanReversion,False
2022-06-22 00:00:00+09:00,84324.6796875,84951.4171875,85342.33684895834,44.298240549629774,-44.25599231360508,0.020093564882113092,0.023010528439747883,-1,1,-1,-0.19999999999999996,False,MeanReversion,MeanReversion,False
2022-06-23 00:00:00+09:00,83090.1953125,84998.897265625,85294.85677083333,46.33026778540485,-118.43751275694672,0.019814373411463804,0.02304466177714052,-1,1,-1,-0.19999999999999996,False,MeanReversion,MeanReversion,False
2022-06-24 00:00:00+09:00,83659.953125,85070.117578125,85253.70729166667,42.92681830531629,-119.89148365449745,0.019863751703057014,0.023061817352815813,-1,1,-1,-0.19999999999999996,False,MeanReversion,MeanReversion,False
2022-06-27 00:00:00+09:00,86603.71875,85184.06953125,85282.1953125,47.29729679649835,76.0918735149694,0.020574095253668177,0.02342459760378081,-1,1,1,0.30000000000000004,False,Trend,MeanReversion,False
2022-06-28 00:00:00+09:00,86983.5625,85279.029296875,85320.179296875,45.58138235629505,221.75441844516428,0.020509922688386723,0.02342785761369089,-1,1,1,0.30000000000000004,False,Trend,MeanReversion,False
2022-06-29 00:00:00+09:00,86603.71875,85336.005078125,85356.58059895833,45.161274423570376,279.2540771812861,0.02052904146336434,0.023430996509921642,-1,1,1,0.30000000000000004,False,Trend,Trend,False
2022-06-30 00:00:00+09:00,89167.65625,85454.70546875,85480.02903645833,53.879318751704375,465.70948536133557,0.02126611280273404,0.023326806516805704,-1,1,1,0.30000000000000004,False,Trend,Trend,False
2022-07-01 00:00:00+09:00,88218.046875,85635.1296875,85581.319921875,59.80859548909828,497.9297590082259,0.020528532413703445,0.02337528484002011,1,1,1,1.0,False,Trend,Trend,True
2022-07-04 00:00:00+09:00,84134.7578125,85521.17734375,85603.47734375,52.30125306967994,230.6703989240558,0.02277955140945709,0.02418135584827773,-1,1,1,0.30000000000000004,False,Trend,Trend,False
2022-07-05 00:00:00+09:00,85274.28125,85397.729296875,85666.78411458334,58.05082825471438,122.49513139137406,0.022713467406144685,0.024142299980686347,-1,1,1,0.30000000000000004,False,Trend,Trend,False
2022-07-06 00:00:00+09:00,77962.34375,84856.455859375,85663.61875,43.910267397333676,-419.93026668599583,0.02981882036051637,0.026272600482051375,-1,1,-1,-0.19999999999999996,False,MeanReversion,Trend,False
2022-07-07 00:00:00+09:00,78627.0625,84357.914453125,85669.94934895834,41.47156592473033,-696.0917251105253,0.0299948724166352,0.02629527124254057,-1,1,-1,-0.19999999999999996,False,MeanReversion,Trend,False
2022-07-08 00:00:00+09:00,79101.875,83940.08984375,85655.70546875,41.47158202910035,-801.4201039375603,0.03006245884513975,0.02615559114982203,-1,1,-1,-0.19999999999999996,False,MeanReversion,Trend,False
2022-07-11 00:00:00+09:00,77772.421875,83612.476953125,85595.56393229167,32.74023915440455,-907.4695489611346,0.029293707397919224,0.02613715866449876,-1,1,-1,-0.19999999999999996,False,MeanReversion,Trend,False
2022-07-12 00:00:00+09:00,77487.546875,83332.34453125,85434.131640625,35.937526613599616,-939.6808148839406,0.02918520168773161,0.024493025204756727,-1,1,-1,-0.19999999999999996,False,MeanReversion,Trend,False
2022-07-13 00:00:00+09:00,76348.0234375,83066.455859375,85250.54192708334,36.078458954426935,-976.3231168550378,0.02912876837609114,0.024542532378747504,-1,1,-1,-0.19999999999999996,False,MeanReversion,Trend,False
2022-07-14 00:00:00+09:00,76253.0546875,82800.5671875,84975.15716145834,34.400027906367555,-944.9355786006872,0.02912845120569014,0.02313827275629223,-1,1,-1,-0.19999999999999996,False,MeanReversion,Trend,False
2022-07-15 00:00:00+09:00,75683.296875,82411.230078125,84750.41783854166,24.444505386016104,-900.6998705212682,0.028465209442813808,0.022647979879685524,-1,1,-1,-0.19999999999999996,False,MeanReversion,Trend,False
2022-07-18 00:00:00+09:00,78816.984375,82154.837109375,84522.51315104167,33.070897001702434,-612.331982301484,0.030166029665438434,0.02277046244234367,-1,-1,-1,-1.0,True,Defensive,Trend,False
2022-07-19 00:00:00+09:00,77772.421875,81694.280078125,84288.27786458333,32.183943190658525,-451.31401979828456,0.028814785996916604,0.022804923349861866,-1,1,-1,-0.19999999999999996,False,MeanReversion,Trend,False
2022-07-20 00:00:00+09:00,77867.390625,81371.415625,84068.28671875,24.680892925660473,-304.80649305538805,0.02821194850861626,0.02279887275097595,-1,1,-1,-0.19999999999999996,False,MeanReversion,MeanReversion,False
2022-07-21 00:00:00+09:00,79006.9140625,81167.2515625,83860.95703125,29.535910677793055,-107.71823743755795,0.028383012568616042,0.022890151405196,-1,1,-1,-0.19999999999999996,False,MeanReversion,MeanReversion,False
2022-07-22 00:00:00+09:00,78342.1875,80901.36328125,83663.12330729167,34.82590648677257,-4.156161195588993,0.028323609677780574,0.022857282420707163,-1,1,-1,-0.19999999999999996,False,MeanReversion,MeanReversion,False
2022-07-25 00:00:00+09:00,78722.03125,80507.27890625,83496.94296875,32.12440246864533,102.02813232106473,0.026979695009789938,0.02279400709084529,-1,1,-1,-0.19999999999999996,False,MeanReversion,MeanReversion,False
2022-07-26 00:00:00+09:00,78722.03125,80094.20234375,83327.597265625,53.44829053585386,179.8163412048707,0.026919279699292736,0.022789115673793568,-1,1,1,0.30000000000000004,False,Trend,MeanReversion,False
2022-07-27 00:00:00+09:00,78911.9453125,79709.613671875,83137.67682291666,51.35135736092303,247.4386818959233,0.026970136150450144,0.022675571373259096,-1,1,1,0.30000000000000004,False,Trend,Trend,False
2022-07-28 00:00:00+09:00,79481.703125,79225.316015625,83009.48046875,51.78565132309645,328.8211564427056,0.02594762797965437,0.022285594523488945,-1,1,1,0.30000000000000004,False,Trend,Trend,False
2022-07-29 00:00:00+09:00,80431.3046875,78835.97890625,82898.69348958334,62.96293757060662,438.0533033297995,0.02621060089204017,0.022352797193689444,-1,1,1,0.30000000000000004,False,Trend,Trend,False
2022-08-01 00:00:00+09:00,82045.640625,78731.523046875,82838.55208333333,69.67210240460935,600.4383384490168,0.024705840086002104,0.02242740035502673,-1,1,1,0.30000000000000004,False,Trend,Trend,False
2022-08-02 00:00:00+09:00,82900.2734375,78612.82265625,82821.142578125,78.99153505581995,737.7750832380925,0.02461850221052735,0.022324887501245266,-1,1,-1,-0.19999999999999996,False,MeanReversion,Trend,False
2022-08-03 00:00:00+09:00,85084.3671875,78968.923828125,82835.38671875,82.97873085298312,935.3741783310259,0.014165919058562033,0.022576172521621262,-1,1,-1,-0.19999999999999996,False,MeanReversion,MeanReversion,False
2022-08-04 00:00:00+09:00,82330.515625,79154.096484375,82833.80403645833,71.34144139082416,843.1260351746116,0.016382582189918875,0.022805980615328948,-1,1,-1,-0.19999999999999996,False,MeanReversion,MeanReversion,False
2022-08-05 00:00:00+09:00,83470.0390625,79372.5046875,82860.70950520833,67.13285063760136,820.587500539802,0.016564949023095597,0.022855905776209426,-1,1,1,0.30000000000000004,False,Trend,MeanReversion,False
2022-08-08 00:00:00+09:00,84894.4375,79728.60546875,82901.85885416667,75.5101652475355,859.2328773340364,0.016178538405247286,0.02294104134782455,-1,1,-1,-0.19999999999999996,False,MeanReversion,MeanReversion,False
2022-08-09 00:00:00+09:00,86413.8046875,80174.918359375,82890.78020833334,77.77773263582242,938.3036082009628,0.016325402710217245,0.021925785020224638,-1,1,-1,-0.19999999999999996,False,MeanReversion,MeanReversion,False
2022-08-10 00:00:00+09:00,87933.1640625,80754.175390625,82917.685546875,78.3132016596984,1036.428067163284,0.015802414504178595,0.022011526665610397,-1,1,-1,-0.19999999999999996,False,MeanReversion,MeanReversion,False
2022-08-11 00:00:00+09:00,89262.609375,81404.653125,82968.33098958334,83.2369697546129,1126.8690864741538,0.015770476302045325,0.022092109940489997,-1,1,-1,-0.19999999999999996,False,MeanReversion,MeanReversion,False
2022-08-12 00:00:00+09:00,88882.7734375,82064.626953125,83047.46458333333,80.92485301733547,1096.1025082128958,0.015620317852920335,0.021855445952239812,-1,1,-1,-0.19999999999999996,False,MeanReversion,MeanReversion,False
2022-08-16 00:00:00+09:00,88218.046875,82534.680078125,83150.33802083334,77.77775238540983,970.2988973806187,0.01396153651227157,0.02161631421762343,-1,1,-1,-0.19999999999999996,False,MeanReversion,MeanReversion,False
2022-08-17 00:00:00+09:00,87458.3671875,83018.97734375,83213.644921875,74.19354267976047,783.2515547984381,0.01366205610698014,0.021518070417102395,-1,1,-1,-0.19999999999999996,False,MeanReversion,MeanReversion,False
2022-08-18 00:00:00+09:00,87458.3671875,83498.526171875,83273.786328125,73.33333333333333,614.3189525999953,0.013686613074692705,0.0215173332466734,1,1,-1,0.5,False,Trend,MeanReversion,False
2022-08-19 00:00:00+09:00,87363.40625,83916.35078125,83360.833203125,71.34502867705466,458.13570254626984,0.013608122235245771,0.0213366847817021,1,1,-1,0.5,False,Trend,MeanReversion,False
2022-08-22 00:00:00+09:00,86413.8046875,84319.931640625,83430.47083333334,64.02437036126628,262.54553144067063,0.013747960221518933,0.021392418966438637,1,1,1,1.0,False,Trend,MeanReversion,False
2022-08-23 00:00:00+09:00,89832.375,84875.448828125,83522.26575520834,69.10995012467754,330.67715546833256,0.01569833361815089,0.02172659319358515,1,1,1,1.0,False,Trend,Trend,False
2022-08-24 00:00:00+09:00,93820.6953125,85630.38203125,83667.87122395834,71.90473765244678,596.1393530653174,0.017623988884560425,0.02238520198529232,1,1,-1,0.5,False,Trend,Trend,False
2022-08-25 00:00:00+09:00,94105.578125,86390.063671875,83811.894140625,83.69565508995744,733.6651126766014,0.017612708472518526,0.022382912265340168,1,1,-1,0.5,False,Trend,Trend,False
2022-08-26 00:00:00+09:00,93820.6953125,87107.01328125,83929.01158854166,81.14284747177858,745.7601816216547,0.017809244907176468,0.02231637968304629,1,1,-1,0.5,False,Trend,Trend,False
2022-08-29 00:00:00+09:00,92206.375,87695.766796875,84055.62513020834,71.7514216205312,592.0623464058554,0.018678050390644508,0.02217523485159841,1,1,-1,0.5,False,Trend,Trend,False
2022-08-30 00:00:00+09:00,92016.453125,88194.307421875,84149.00260416667,68.09815424512517,432.0581760774103,0.018515269580864878,0.02202817881622328,1,1,1,1.0,False,Trend,Trend,False
2022-08-31 00:00:00+09:00,92301.3359375,88664.360546875,84224.97083333334,65.33334137763843,305.805178023621,0.01849098419230601,0.02195090317713894,1,1,1,1.0,False,Trend,Trend,False
2022-09-01 00:00:00+09:00,88313.0078125,88825.792578125,84217.057421875,47.19101227460317,-66.07817922619233,0.020874121863870332,0.02265511242962724,1,1,-1,0.5,False,Trend,Trend,False
2022-09-02 00:00:00+09:00,86508.765625,89034.705078125,84182.238671875,43.523308994384664,-432.88927922916537,0.019959491168043342,0.022808887294227254,1,1,-1,0.5,False,Trend,Trend,False
2022-09-05 00:00:00+09:00,87078.5234375,89215.129296875,84175.90794270833,46.874995982844716,-624.8025665320042,0.019810097234004505,0.02276600388957055,1,1,-1,0.5,False,Trend,Trend,False
2022-09-06 00:00:00+09:00,87458.3671875,89343.32578125,84228.13606770833,50.0,-707.7287018871652,0.019512862097298193,0.022263765638761906,1,1,-1,0.5,False,Trend,Trend,False
2022-09-07 00:00:00+09:00,83849.8828125,89215.1296875,84240.79752604167,41.5929258305764,-970.9094033946697,0.021390927639573346,0.022856772202637137,1,1,-1,0.5,False,Trend,Trend,False
2022-09-08 00:00:00+09:00,83659.953125,89001.469140625,84274.03346354167,41.40968061340319,-1112.8967348824096,0.020921519746775672,0.022744460646445204,1,1,-1,0.5,False,Trend,Trend,False
2022-09-13 00:00:00+09:00,83849.8828125,88730.8328125,84312.01770833334,43.83562878907978,-1144.700944741584,0.0205514669154528,0.022744771002245513,1,1,-1,0.5,False,Trend,Trend,False
2022-09-14 00:00:00+09:00,82045.640625,88388.976171875,84288.277734375,29.70298441081549,-1230.4316646420805,0.02097013926647714,0.022726561244226662,1,1,-1,0.5,False,Trend,Trend,False
2022-09-15 00:00:00+09:00,82045.640625,88080.355859375,84256.62434895833,11.250075201037433,-1227.5214062839304,0.020971289774585358,0.022713146367943495,1,1,-1,0.5,False,Trend,Trend,False
2022-09-16 00:00:00+09:00,79956.5078125,87705.262890625,84139.50677083334,8.379942189544565,-1299.7310664780737,0.021530301218661126,0.022447155956524936,1,1,-1,0.5,False,Trend,Trend,False
2022-09-19 00:00:00+09:00,77962.34375,87230.46171875,84033.46783854166,7.614264075582611,-1406.2160528282222,0.021989273555902588,0.022329751921813423,1,1,-1,0.5,False,Trend,Trend,False
2022-09-20 00:00:00+09:00,79481.703125,86836.3765625,83973.32630208334,15.816348803121613,-1301.1721222644412,0.022678441935166042,0.022414882590257073,1,1,-1,0.5,False,Trend,Trend,False
2022-09-21 00:00:00+09:00,80336.3515625,86532.50390625,83917.93294270833,19.70448021418072,-1108.5072056707345,0.022881786396313133,0.022442525069042124,1,1,-1,0.5,False,Trend,Trend,False
2022-09-22 00:00:00+09:00,81001.0625,86090.93828125,83824.55533854167,21.256031735243937,-880.6178211972863,0.020826384047572356,0.021994277995096147,1,1,-1,0.5,False,Trend,Trend,False
2022-09-23 00:00:00+09:00,79861.5390625,85392.98046875,83705.85494791667,24.85874445714923,-755.731677418434,0.017460695046031552,0.022046042247338377,1,1,-1,0.5,False,Trend,Trend,False
2022-09-26 00:00:00+09:00,75778.2578125,84476.614453125,83525.43059895834,21.890544820040787,-888.0939885011446,0.019854101108158967,0.023008990493378113,1,1,-1,0.5,False,Trend,Trend,False
2022-09-27 00:00:00+09:00,74828.6640625,83527.012890625,83286.44739583334,18.536606312977682,-972.7472350676994,0.019771440086354633,0.022672359654991307,1,1,-1,0.5,False,Trend,Trend,False
2022-09-28 00:00:00+09:00,72169.7734375,82525.1828125,83018.976171875,14.847165807907672,-1129.925946823881,0.0205087224625031,0.02305585608055665,-1,1,-1,-0.19999999999999996,False,MeanReversion,Trend,False
2022-09-29 00:00:00+09:00,70555.4453125,81452.132421875,82792.654296875,16.346151564221813,-1255.085779058531,0.02048643035402509,0.022468104576797453,-1,1,-1,-0.19999999999999996,False,MeanReversion,Trend,False
2022-09-30 00:00:00+09:00,69226.0078125,80298.366015625,82525.18307291667,15.454554633576649,-1332.5740641960424,0.02015043240821184,0.022457818890805312,-1,1,-1,-0.19999999999999996,False,MeanReversion,Trend,False
2022-10-04 00:00:00+09:00,72359.6953125,79500.700390625,82431.80559895834,25.89639710509755,-1088.2572665436528,0.022800050934783593,0.020299530979267958,-1,1,-1,-0.19999999999999996,False,MeanReversion,Trend,False
2022-10-05 00:00:00+09:00,71125.2109375,78731.52265625,82306.77473958333,26.530591000322033,-931.3329334205541,0.02272820776750493,0.020361695567791382,-1,1,-1,-0.19999999999999996,False,MeanReversion,Trend,False
2022-10-06 00:00:00+09:00,75588.3359375,78157.01328125,82248.21575520834,38.35613968208888,-471.67992103585766,0.02752171130424904,0.0218865346901983,-1,1,-1,-0.19999999999999996,False,MeanReversion,MeanReversion,False
2022-10-07 00:00:00+09:00,76063.1484375,77587.25234375,82219.72786458333,42.5454691231192,-99.82794014261981,0.02756671315360321,0.021800442137396448,-1,1,-1,-0.19999999999999996,False,MeanReversion,MeanReversion,False
2022-10-11 00:00:00+09:00,72739.5390625,77031.73515625,82140.59440104167,40.48443862060877,-44.679922281956806,0.02774277193028606,0.022536079615960505,-1,1,-1,-0.19999999999999996,False,MeanReversion,MeanReversion,True
2022-10-12 00:00:00+09:00,73404.2578125,76518.950390625,82091.531640625,38.571440744226386,63.70085495766034,0.027962623280076603,0.022500001525451698,-1,1,-1,-0.19999999999999996,False,MeanReversion,MeanReversion,False
2022-10-13 00:00:00+09:00,70270.5625,75839.984375,81991.8234375,32.565774428830025,-42.78570376224525,0.02906349487383251,0.023174064845693097,-1,1,-1,-0.19999999999999996,False,MeanReversion,MeanReversion,True
2022-10-14 00:00:00+09:00,71600.015625,75317.703125,81923.76875,34.08363309875884,6.560479205462798,0.029523055571609294,0.023303530418069773,-1,1,-1,-0.19999999999999996,False,MeanReversion,MeanReversion,False
2022-10-17 00:00:00+09:00,71030.25,74766.93359375,81793.98984375,34.75412630767451,29.774140866354628,0.0294800954224123,0.022672675590457186,-1,-1,-1,-1.0,True,Defensive,MeanReversion,False
2022-10-18 00:00:00+09:00,70365.53125,74287.384765625,81670.54166666667,39.40522492616234,29.26399804077664,0.029162382460072685,0.02264417768618897,-1,1,-1,-0.19999999999999996,False,MeanReversion,MeanReversion,True
2022-10-19 00:00:00+09:00,69320.96875,73855.316015625,81528.10130208333,39.25926670768038,-10.396462612348387,0.028901409478550362,0.022705422254384697,-1,1,-1,-0.19999999999999996,False,MeanReversion,MeanReversion,True
2022-10-20 00:00:00+09:00,69226.0078125,73342.53125,81365.08619791667,43.62140892984468,-11.891468211216306,0.028317446483152053,0.02260254317318274,-1,1,-1,-0.19999999999999996,False,MeanReversion,MeanReversion,True
2022-10-21 00:00:00+09:00,67896.5546875,72720.54140625,81190.99231770834,44.166664952683796,-68.14203965187244,0.028131647008617377,0.02269774110210811,-1,1,-1,-0.19999999999999996,False,MeanReversion,MeanReversion,True
2022-10-24 00:00:00+09:00,67991.5234375,72070.064453125,81012.15052083334,47.13656643120938,-64.70500522064322,0.027959560232341966,0.02268353286049473,-1,1,-1,-0.19999999999999996,False,MeanReversion,MeanReversion,True
2022-10-25 00:00:00+09:00,66187.28125,71386.3515625,80803.23802083333,34.741817403701276,-145.0928401271549,0.028232755422903183,0.02289915847546727,-1,1,-1,-0.19999999999999996,False,MeanReversion,MeanReversion,True
2022-10-26 00:00:00+09:00,65807.4296875,70887.81015625,80584.82942708333,36.27452403767047,-182.57443805337152,0.02634961597320336,0.02289138748987215,-1,1,-1,-0.19999999999999996,False,MeanReversion,MeanReversion,True
2022-10-27 00:00:00+09:00,67991.5234375,70545.953125,80393.32643229167,27.77787934687818,-27.157266498263198,0.027753490180368715,0.02331599448463516,-1,1,-1,-0.19999999999999996,False,MeanReversion,MeanReversion,False
2022-10-28 00:00:00+09:00,69510.8828125,70413.00859375,80211.31940104166,31.937194875589796,198.65799378188422,0.02734084890181287,0.023460510983094852,-1,1,-1,-0.19999999999999996,False,MeanReversion,MeanReversion,False
2022-10-31 00:00:00+09:00,69036.078125,70337.040234375,79994.493359375,37.88820034472063,329.0441296612221,0.026935479316513466,0.02328289923178738,-1,1,-1,-0.19999999999999996,False,MeanReversion,MeanReversion,False
2022-11-01 00:00:00+09:00,70650.40625,70408.26015625,79790.32890625,41.52048331077697,525.3556998081358,0.027106297429022704,0.02346330953014654,-1,1,-1,-0.19999999999999996,False,MeanReversion,MeanReversion,False
2022-11-02 00:00:00+09:00,71220.171875,70351.283984375,79559.258984375,53.47223412484845,684.8381476995328,0.025207405790359554,0.023204386868730123,-1,1,1,0.30000000000000004,False,Trend,MeanReversion,False
2022-11-03 00:00:00+09:00,70935.2890625,70341.787890625,79369.33854166667,47.368411285598434,756.7739304753413,0.024926266850985573,0.022869978628239508,-1,1,1,0.30000000000000004,False,Trend,Trend,False
2022-11-04 00:00:00+09:00,72169.7734375,70170.859765625,79181.00078125,54.28570253271301,865.303790536354,0.020890742682029825,0.02291659741640476,-1,1,1,0.30000000000000004,False,Trend,Trend,False
2022-11-07 00:00:00+09:00,71789.921875,69957.1984375,78962.5921875,55.47437891462441,886.0854441734336,0.020800576233438783,0.022777755444227114,-1,1,1,0.30000000000000004,False,Trend,Trend,False
2022-11-08 00:00:00+09:00,73309.296875,69985.686328125,78744.18372395834,64.78865079263919,969.9634476808192,0.018955844351549143,0.022830412447319426,-1,1,1,0.30000000000000004,False,Trend,Trend,False
2022-11-09 00:00:00+09:00,73214.328125,69976.18984375,78498.86979166667,64.78861325591379,983.7576077374445,0.018846740271679735,0.02267748323259513,-1,1,1,0.30000000000000004,False,Trend,Trend,False
2022-11-10 00:00:00+09:00,72074.8046875,70066.401953125,78212.40638020834,65.71420512241905,883.9982373370945,0.0163185005068878,0.022609287448234105,-1,1,1,0.30000000000000004,False,Trend,Trend,False
2022-11-11 00:00:00+09:00,74353.8515625,70204.09375,77970.25768229166,70.55204319679719,934.4456251275199,0.01722659447272181,0.023048227217266886,-1,1,-1,-0.19999999999999996,False,MeanReversion,Trend,False
2022-11-14 00:00:00+09:00,73024.4140625,70303.801953125,77717.03046875,72.78471092949013,843.9803302014896,0.017670835736263376,0.023123342443799547,-1,1,-1,-0.19999999999999996,False,MeanReversion,MeanReversion,False
2022-11-15 00:00:00+09:00,73499.2109375,70460.4859375,77484.37786458334,75.4716356313346,783.1544568277646,0.01751678468857045,0.023144849927540987,-1,1,-1,-0.19999999999999996,False,MeanReversion,MeanReversion,False
2022-11-16 00:00:00+09:00,75683.296875,70778.60234375,77288.12669270833,75.47162293966528,851.3924587991007,0.018024994142633866,0.023512810710011278,-1,1,-1,-0.19999999999999996,False,MeanReversion,MeanReversion,False
2022-11-17 00:00:00+09:00,73689.1328125,71001.75859375,77060.22213541667,63.41460111065962,728.3613991539418,0.01929628317515316,0.02372001216074292,-1,1,1,0.30000000000000004,False,Trend,MeanReversion,False
2022-11-18 00:00:00+09:00,74163.9375,71315.127734375,76856.05768229166,66.46339689276165,647.7998233335875,0.01856030068677661,0.023725457406184657,-1,1,1,0.30000000000000004,False,Trend,MeanReversion,False
2022-11-21 00:00:00+09:00,73024.4140625,71566.772265625,76575.925,57.86162415562173,493.58135172377075,0.019081297201942165,0.023150101977132014,-1,1,1,0.30000000000000004,False,Trend,MeanReversion,False
2022-11-22 00:00:00+09:00,74353.8515625,71975.10078125,76251.47760416666,59.88019940163745,457.7188992665277,0.017915208310155112,0.0225012400833709,-1,1,1,0.30000000000000004,False,Trend,Trend,False
2022-11-23 00:00:00+09:00,74258.890625,72397.673828125,75920.69947916667,60.60602434328914,405.9746611094647,0.0177905171568065,0.022485688720101805,-1,1,1,0.30000000000000004,False,Trend,Trend,False
2022-11-24 00:00:00+09:00,73689.1328125,72682.554296875,75585.1734375,55.06327070656367,315.7628201012423,0.016878779524159733,0.02249054782578895,-1,1,1,0.30000000000000004,False,Trend,Trend,False
2022-11-25 00:00:00+09:00,74258.890625,72919.9546875,75286.04869791666,58.12500707018665,278.17082237284717,0.01636647930075972,0.022471460407769553,-1,1,1,0.30000000000000004,False,Trend,Trend,False
2022-11-28 00:00:00+09:00,72169.7734375,73076.639453125,74955.270703125,46.38553649602298,105.21335917968369,0.01773557920586805,0.02269935261472444,-1,1,1,0.30000000000000004,False,Trend,Trend,False
2022-11-29 00:00:00+09:00,72834.4921875,73185.84375,74630.82330729166,48.83722265085206,31.981734257618484,0.017134794924022548,0.022745264641640714,-1,1,1,0.30000000000000004,False,Trend,Trend,False
2022-11-30 00:00:00+09:00,74353.8515625,73342.527734375,74398.170703125,56.81819881641315,79.56353079084477,0.017612493116654585,0.022338073750405876,-1,1,1,0.30000000000000004,False,Trend,Trend,False
2022-12-01 00:00:00+09:00,73214.328125,73456.4796875,74176.59674479166,46.34145362623978,30.509492108452548,0.018004335473213545,0.02227797754267275,-1,1,1,0.30000000000000004,False,Trend,Trend,False
2022-12-02 00:00:00+09:00,70270.5625,73361.519140625,73896.4640625,41.98892290349926,-191.75458084563746,0.019947118346134732,0.022781460816767653,-1,1,-1,-0.19999999999999996,False,MeanReversion,Trend,False
2022-12-05 00:00:00+09:00,70080.6484375,73276.05546875,73606.83541666667,39.887639410788644,-334.75047696994403,0.01992864092050831,0.022758045679302865,-1,1,-1,-0.19999999999999996,False,MeanReversion,Trend,False
2022-12-06 00:00:00+09:00,70745.3671875,73147.858984375,73388.42682291666,33.95058938362929,-365.2629008070097,0.01941516751809089,0.022249761395101784,-1,1,-1,-0.19999999999999996,False,MeanReversion,Trend,False
2022-12-07 00:00:00+09:00,70080.6484375,72991.175,73162.105078125,37.16214488454752,-407.68243911006925,0.019489749414121363,0.02226593904367031,-1,1,-1,-0.19999999999999996,False,MeanReversion,Trend,False
2022-12-08 00:00:00+09:00,69131.046875,72843.987109375,72916.79114583334,32.679696036341426,-472.5927885996078,0.0194204768844764,0.022297443081945974,-1,1,-1,-0.19999999999999996,False,MeanReversion,Trend,False
2022-12-09 00:00:00+09:00,69890.7265625,72620.830859375,72714.20924479167,38.926141144822196,-438.03776429864945,0.018081108150886576,0.022236073361451735,-1,1,-1,-0.19999999999999996,False,MeanReversion,Trend,False
2022-12-12 00:00:00+09:00,69890.7265625,72464.146484375,72511.62734375,32.592564604475086,-390.4338083788577,0.017743062535583647,0.022236073361451735,-1,1,-1,-0.19999999999999996,False,MeanReversion,Trend,False
2022-12-13 00:00:00+09:00,70745.3671875,72326.454296875,72358.10833333334,37.06291815364293,-281.71546723420954,0.01793336113019173,0.022106599475543023,-1,1,-1,-0.19999999999999996,False,MeanReversion,Trend,False
2022-12-14 00:00:00+09:00,70745.3671875,72079.5578125,72237.825390625,38.6861059633033,-194.29009006053252,0.01638086459912921,0.021896483962554364,-1,1,-1,-0.19999999999999996,False,MeanReversion,Trend,False
2022-12-15 00:00:00+09:00,69320.96875,71861.149609375,72068.47981770833,32.19176924307962,-215.25266713631697,0.015960347276714523,0.02185256271833242,-1,1,-1,-0.19999999999999996,False,MeanReversion,Trend,False
2022-12-16 00:00:00+09:00,69131.046875,71609.505078125,71881.72473958334,37.301560872730605,-223.7798065567631,0.015804701972735306,0.021786089923083233,-1,1,-1,-0.19999999999999996,False,MeanReversion,Trend,False
2022-12-19 00:00:00+09:00,68371.359375,71376.85234375,71671.2296875,31.496024735840734,-259.91671949642546,0.015658363072244382,0.021767180770619187,-1,1,-1,-0.19999999999999996,False,MeanReversion,Trend,False
2022-12-20 00:00:00+09:00,67896.5546875,71053.9875,71471.81328125,20.68961848779547,-292.6915885629719,0.014842365641959145,0.02172339464944074,-1,1,-1,-0.19999999999999996,False,MeanReversion,Trend,False
2022-12-21 00:00:00+09:00,68751.1953125,70778.602734375,71354.69557291667,29.203503741892078,-236.13188351624444,0.015314608929316109,0.02079996860416905,-1,1,-1,-0.19999999999999996,False,MeanReversion,Trend,False
2022-12-22 00:00:00+09:00,70270.5625,70607.67421875,71278.72721354167,50.0,-83.584462689264,0.0163172623471245,0.020966673744385163,-1,1,-1,-0.19999999999999996,False,MeanReversion,MeanReversion,False
2022-12-23 00:00:00+09:00,68466.3203125,70318.045703125,71217.00299479166,42.60867325695693,-90.78506893182566,0.016950520930156626,0.02071749606866845,-1,1,-1,-0.19999999999999996,False,MeanReversion,MeanReversion,False
2022-12-26 00:00:00+09:00,68371.359375,70128.125,71180.6015625,38.53209901236711,-88.44592231195122,0.015944524441884954,0.020520179159400572,-1,1,-1,-0.19999999999999996,False,MeanReversion,MeanReversion,False
2022-12-27 00:00:00+09:00,69795.765625,69976.188671875,71190.09752604166,48.71793970290938,16.91398519048016,0.01658595474550102,0.020552643741207913,-1,1,1,0.30000000000000004,False,Trend,MeanReversion,False
2022-12-28 00:00:00+09:00,69510.8828125,69734.040234375,71142.61731770834,51.8181566608653,72.20078416859326,0.015696552497153158,0.019724000393177326,-1,1,1,0.30000000000000004,False,Trend,Trend,False
2022-12-29 00:00:00+09:00,67136.875,69430.167578125,71076.14505208333,38.58266798386966,-40.283133673474595,0.017016428686755614,0.020099739705170736,-1,1,-1,-0.19999999999999996,False,MeanReversion,Trend,False
2023-01-02 00:00:00+09:00,67421.765625,69287.727734375,70940.035546875,40.000037971294965,-82.24939369561048,0.014734954404313261,0.018405775241110506,-1,1,-1,-0.19999999999999996,False,MeanReversion,Trend,False
2023-01-03 00:00:00+09:00,65997.359375,69083.56328125,70772.27239583334,31.617698211389595,-186.71248158172943,0.01535430147417629,0.01854283755479003,-1,1,-1,-0.19999999999999996,False,MeanReversion,Trend,False
2023-01-04 00:00:00+09:00,70650.40625,69078.815234375,70737.453515625,49.72972804704667,63.4031731882892,0.02201900649543106,0.01985260460871641,-1,1,1,0.30000000000000004,False,Trend,Trend,False
2023-01-05 00:00:00+09:00,69700.8046875,69059.823046875,70675.729296875,51.111094860017914,164.95799547405,0.022129409208555335,0.01988239815736275,-1,1,1,0.30000000000000004,False,Trend,Trend,False
2023-01-06 00:00:00+09:00,70270.5625,69116.798828125,70675.729296875,53.26084526489086,264.6600876373725,0.021972194358000817,0.01910308123972711,-1,1,1,0.30000000000000004,False,Trend,Trend,False
2023-01-09 00:00:00+09:00,72169.7734375,69230.751171875,70685.22526041667,60.204082917604985,442.2137547498469,0.022625564245177896,0.019261630265525582,-1,1,1,0.30000000000000004,False,Trend,Trend,False
2023-01-10 00:00:00+09:00,71125.2109375,69292.475390625,70686.80794270833,58.41585569793271,470.3829859937928,0.02291301899537071,0.019327402148815426,-1,1,1,0.30000000000000004,False,Trend,Trend,False
2023-01-11 00:00:00+09:00,71600.015625,69335.2078125,70707.38268229166,57.57578401736836,499.3346356572078,0.022803262743556544,0.019305840509559115,-1,1,1,0.30000000000000004,False,Trend,Trend,False
2023-01-12 00:00:00+09:00,72169.7734375,69406.428125,70754.86276041667,55.319161971445766,532.180598682311,0.0228610792340887,0.01922540622076394,-1,1,1,0.30000000000000004,False,Trend,Trend,False
2023-01-13 00:00:00+09:00,73309.296875,69605.84453125,70822.917578125,64.08839653442823,600.8937660976269,0.02250740481553415,0.019320314124578655,-1,1,1,0.30000000000000004,False,Trend,Trend,False
2023-01-16 00:00:00+09:00,72644.5703125,69781.520703125,70902.051171875,62.03207168063297,571.9731661982055,0.022634518131425557,0.019181885104215597,-1,1,1,0.30000000000000004,False,Trend,Trend,False
2023-01-17 00:00:00+09:00,72264.734375,69976.189453125,70973.27135416666,57.38636522994336,500.2510896490519,0.022488607642738134,0.019199440996415348,-1,1,1,0.30000000000000004,False,Trend,Trend,False
2023-01-18 00:00:00+09:00,71505.046875,70156.6140625,71061.90078125,55.801096434111905,380.0802537661357,0.022584837611030764,0.018910691112424063,-1,1,1,0.30000000000000004,False,Trend,Trend,False
2023-01-19 00:00:00+09:00,71410.0859375,70289.55859375,71155.27838541666,64.33119550516344,277.3972444467588,0.022476654034435176,0.018891370925325234,-1,1,1,0.30000000000000004,False,Trend,Trend,False
2023-01-20 00:00:00+09:00,72454.6484375,70398.762890625,71229.66380208333,66.06056858903818,263.1475582609948,0.022191771181737253,0.018523866678447267,-1,1,1,0.30000000000000004,False,Trend,Trend,False
2023-01-25 00:00:00+09:00,72359.6953125,70593.431640625,71277.14401041667,72.18543623674738,231.75216628778304,0.02124550984053579,0.018318584593877023,-1,1,-1,-0.19999999999999996,False,MeanReversion,Trend,False
2023-01-26 00:00:00+09:00,73119.375,70830.832421875,71345.19895833333,61.81819541674145,245.26843587023797,0.021288460724183233,0.01833428401888036,-1,1,1,0.30000000000000004,False,Trend,Trend,False
2023-01-27 00:00:00+09:00,74828.6640625,71082.47734375,71414.83658854167,72.88137602141842,346.2687551200148,0.021401626896101696,0.018334141099778687,-1,1,-1,-0.19999999999999996,False,MeanReversion,Trend,False
2023-01-30 00:00:00+09:00,73214.328125,71267.649609375,71448.07252604167,62.01547717900542,283.9125787815374,0.02208736872051221,0.018542561854941558,-1,1,1,0.30000000000000004,False,Trend,Trend,False
2023-01-31 00:00:00+09:00,75588.3359375,71690.22265625,71525.62330729167,63.432795500871826,376.31621598205084,0.02116567365160327,0.018970736018785142,1,1,1,1.0,False,Trend,Trend,True
2023-02-01 00:00:00+09:00,76158.09375,72127.0390625,71592.0953125,70.54257534351413,444.875634040964,0.02116454666286391,0.01887120008055267,1,1,-1,0.5,False,Trend,Trend,False
2023-02-02 00:00:00+09:00,75873.21875,72620.83203125,71660.15026041666,67.71649972727403,439.34132842277495,0.020311908740649812,0.018863750219895576,1,1,1,1.0,False,Trend,Trend,False
2023-02-03 00:00:00+09:00,78816.984375,73029.1609375,71751.94505208333,73.02628837047178,592.6995839204546,0.01625503490788005,0.019296292363431493,1,1,-1,0.5,False,Trend,Trend,False
2023-02-06 00:00:00+09:00,77392.578125,73413.749609375,71821.58255208333,63.870930758402814,557.491918840359,0.01657543885149872,0.019456828542591863,1,1,1,1.0,False,Trend,Trend,False
2023-02-07 00:00:00+09:00,75873.21875,73693.882421875,71884.889453125,60.36585641151697,398.6101083907072,0.017472764685910823,0.019523971085006985,1,1,1,1.0,False,Trend,Trend,False
2023-02-08 00:00:00+09:00,75493.375,73860.0625,71903.88151041667,60.36582612874648,242.35329863696393,0.016713550394014058,0.01912762769685475,1,1,1,1.0,False,Trend,Trend,False
2023-02-09 00:00:00+09:00,75588.3359375,74083.21875,71946.61354166667,63.69426317689739,125.68158236943054,0.016242716473123912,0.01897643052192371,1,1,1,1.0,False,Trend,Trend,False
2023-02-10 00:00:00+09:00,78057.296875,74406.0828125,72022.581640625,69.23075879907404,191.15384012009872,0.01749266972837201,0.019396291580242947,1,1,1,1.0,False,Trend,Trend,False
2023-02-13 00:00:00+09:00,79956.5078125,74795.41953125,72093.80182291666,70.68062894880573,330.5624559029725,0.018030443843890277,0.019278174597282968,1,1,-1,0.5,False,Trend,Trend,False
2023-02-14 00:00:00+09:00,79766.5859375,75118.283984375,72195.09270833334,70.312467862799,374.927924312492,0.017926272648435094,0.018940356517119245,1,1,-1,0.5,False,Trend,Trend,False
2023-02-15 00:00:00+09:00,80526.2734375,75512.369140625,72301.131640625,70.31248058378272,417.1437933478626,0.017678957736189067,0.018958410075572356,1,1,-1,0.5,False,Trend,Trend,False
2023-02-16 00:00:00+09:00,81096.03125,75953.933984375,72435.65859375,68.33329905365227,442.7276854965046,0.017511520175172567,0.018841677194254648,1,1,1,1.0,False,Trend,Trend,False
2023-02-17 00:00:00+09:00,80811.15625,76419.239453125,72543.28033854166,74.0964279377553,400.99609138015853,0.017234221262906163,0.018730922983725095,1,1,-1,0.5,False,Trend,Trend,False
2023-02-20 00:00:00+09:00,79196.8203125,76808.576171875,72625.57916666666,62.025299977713864,233.50305133886536,0.01815377003228545,0.01893435115760432,1,1,1,1.0,False,Trend,Trend,False
2023-02-21 00:00:00+09:00,80526.2734375,77212.157421875,72739.53151041667,63.85543661474826,183.29897537789248,0.018217482542170652,0.019003900583943075,1,1,1,1.0,False,Trend,Trend,False
2023-02-22 00:00:00+09:00,81190.9921875,77653.722265625,72855.06653645834,66.47057087009524,166.40156014357603,0.018160532726693,0.019006896914488022,1,1,1,1.0,False,Trend,Trend,False
2023-02-23 00:00:00+09:00,81001.0625,78047.806640625,73002.2546875,58.15598367647968,116.34497554189966,0.01821186144231504,0.018602111956677003,1,1,1,1.0,False,Trend,Trend,False
2023-02-24 00:00:00+09:00,81096.03125,78361.175,73139.94700520833,65.35430316426094,66.04529383315275,0.017725497642599144,0.018577960180512033,1,1,1,1.0,False,Trend,Trend,False
2023-02-27 00:00:00+09:00,78911.9453125,78646.055859375,73215.915234375,61.94025772933201,-127.3644404544425,0.018183321325193853,0.01878325002637419,1,1,-1,0.5,False,Trend,Trend,False
2023-02-28 00:00:00+09:00,77202.671875,78726.77265625,73282.38763020834,56.08111488495939,-369.7422115058373,0.01777306918342847,0.018897109166499556,1,1,-1,0.5,False,Trend,Trend,False
2023-03-02 00:00:00+09:00,79006.9140625,78869.213671875,73427.99348958333,60.84338842196976,-405.03927979793616,0.018401848904645003,0.018289810373451208,1,1,-1,0.5,False,Trend,Trend,False
2023-03-03 00:00:00+09:00,76632.90625,78907.198046875,73537.19778645833,45.45459531583136,-574.4148321713378,0.019752608032114365,0.018756102470420477,1,1,-1,0.5,False,Trend,Trend,False
2023-03-06 00:00:00+09:00,76442.984375,78788.498046875,73632.15807291666,37.41500748555357,-678.2567647968258,0.017664376639667054,0.018733581999549765,1,1,-1,0.5,False,Trend,Trend,False
2023-03-07 00:00:00+09:00,75683.296875,78703.033984375,73725.535546875,35.94774440032157,-770.395155209537,0.017347143733111407,0.01873902846371331,1,1,-1,0.5,False,Trend,Trend,False
2023-03-08 00:00:00+09:00,73974.015625,78608.073828125,73806.25169270833,28.83437905204434,-909.2129137288885,0.017530527032643184,0.018900184765115065,1,1,-1,0.5,False,Trend,Trend,False
2023-03-09 00:00:00+09:00,72929.453125,78479.877734375,73856.89713541667,24.404807377763674,-1025.5182616947118,0.017753520844577694,0.018957948948054488,1,1,-1,0.5,False,Trend,Trend,False
2023-03-10 00:00:00+09:00,71030.25,78251.9734375,73875.88919270833,22.16220134462182,-1173.8201528693771,0.01856640609456828,0.01927803483378095,1,1,-1,0.5,False,Trend,Trend,False
2023-03-13 00:00:00+09:00,71410.0859375,77919.612890625,73886.96783854166,26.162822400348986,-1186.2843049729026,0.01676814025203412,0.01922680810991225,1,1,-1,0.5,False,Trend,Trend,False
2023-03-14 00:00:00+09:00,69131.046875,77378.33984375,73860.0625,17.032962313866832,-1279.9340113831836,0.016470474689529755,0.019681858332787832,1,1,-1,0.5,False,Trend,Trend,False
2023-03-15 00:00:00+09:00,69985.6796875,76889.29453125,73871.141015625,17.934748102170275,-1216.659131298969,0.017017253925641438,0.019571591029620253,1,1,-1,0.5,False,Trend,Trend,False
2023-03-16 00:00:00+09:00,68656.2421875,76295.79296875,73863.22760416666,16.83671520539096,-1194.9531869974157,0.016802538335018893,0.019727293775420623,1,1,-1,0.5,False,Trend,Trend,False
2023-03-17 00:00:00+09:00,69131.046875,75697.54375,73875.8890625,18.499961743792,-1082.5736463931387,0.01679510856874361,0.01969468436818104,1,1,-1,0.5,False,Trend,Trend,False
2023-03-20 00:00:00+09:00,69415.9140625,75127.781640625,73901.21171875,22.222125730959405,-928.906736681738,0.01698741036247136,0.01967842072374579,1,1,-1,0.5,False,Trend,Trend,False
2023-03-21 00:00:00+09:00,70745.3671875,74705.208984375,73934.44791666667,30.681763468786656,-688.6369766734117,0.01770223764291699,0.01976348952580319,1,1,-1,0.5,False,Trend,Trend,False
2023-03-22 00:00:00+09:00,70270.5625,74192.4234375,73934.44791666667,21.60487087202077,-520.2555412733216,0.016906922281069343,0.01958306955266523,1,1,-1,0.5,False,Trend,Trend,False
2023-03-23 00:00:00+09:00,69795.765625,73622.662109375,73956.60533854166,24.64782612222291,-404.5728819192632,0.01653356392288825,0.019305538962215138,-1,1,-1,-0.19999999999999996,False,MeanReversion,Trend,False
2023-03-24 00:00:00+09:00,69415.9140625,73043.4046875,73974.01458333334,24.30547818808722,-321.0037791370098,0.016496436251952785,0.019318785726591303,-1,1,-1,-0.19999999999999996,False,MeanReversion,Trend,False
2023-03-27 00:00:00+09:00,69605.84375,72468.8953125,73970.84921875,26.811579514670527,-224.8499211230876,0.016544317657580722,0.019136321988756578,-1,1,-1,-0.19999999999999996,False,MeanReversion,Trend,False
2023-03-28 00:00:00+09:00,72169.7734375,72131.78671875,74015.1640625,43.53742029616554,26.166885894857842,0.018541592875771434,0.019690017694205076,-1,1,-1,-0.19999999999999996,False,MeanReversion,MeanReversion,False
2023-03-29 00:00:00+09:00,72169.7734375,71880.141796875,74099.045703125,47.05883064630774,197.4064308701927,0.01809925517299025,0.01913509044287785,-1,1,1,0.30000000000000004,False,Trend,MeanReversion,False
2023-03-30 00:00:00+09:00,72929.453125,71576.26875,74190.84049479167,58.064513988779254,357.6975273508697,0.017331044020001518,0.019168737748251327,-1,1,1,0.30000000000000004,False,Trend,Trend,False
2023-03-31 00:00:00+09:00,73594.171875,71424.33203125,74317.45403645834,59.055123721150785,495.8481740710188,0.016378681167626443,0.01896038953675015,-1,1,1,0.30000000000000004,False,Trend,Trend,False
2023-04-03 00:00:00+09:00,74923.6171875,71348.363671875,74388.67421875,76.06834842225543,654.1706886366878,0.016972168396296342,0.016989327741874057,-1,1,-1,-0.19999999999999996,False,MeanReversion,Trend,False
2023-04-04 00:00:00+09:00,76348.0234375,71381.6,74499.46119791667,77.23576909493691,821.4062092054749,0.017387672719123032,0.017034537014560973,-1,1,-1,-0.19999999999999996,False,MeanReversion,MeanReversion,False
2023-04-05 00:00:00+09:00,74733.6953125,71419.583984375,74573.84674479166,75.39676217514342,789.6643872524912,0.01728672915743023,0.017264586027483205,-1,1,-1,-0.19999999999999996,False,MeanReversion,MeanReversion,False
2023-04-06 00:00:00+09:00,73594.171875,71452.819921875,74597.58671875,67.6691166555116,663.3725016508981,0.017339849084338933,0.01705803213984025,-1,1,1,0.30000000000000004,False,Trend,MeanReversion,False
2023-04-07 00:00:00+09:00,73309.296875,71566.772265625,74633.98815104166,65.41354825260561,537.4686037731126,0.016199034239126348,0.016955181556516586,-1,1,1,0.30000000000000004,False,Trend,MeanReversion,False
2023-04-10 00:00:00+09:00,72644.5703125,71628.496484375,74651.39739583334,57.93648409882457,392.94174047416095,0.016344117376182042,0.016980379973656125,-1,1,1,0.30000000000000004,False,Trend,MeanReversion,False
2023-04-11 00:00:00+09:00,72739.5390625,71808.92109375,74660.89348958334,60.655754287367415,291.90508657596604,0.014346065561790924,0.016951083915323472,-1,1,1,0.30000000000000004,False,Trend,MeanReversion,False
2023-04-12 00:00:00+09:00,74923.6171875,72055.81796875,74687.798828125,69.28566937240663,356.08053077075357,0.01544372555866811,0.017259695152801617,-1,1,1,0.30000000000000004,False,Trend,MeanReversion,False
2023-04-13 00:00:00+09:00,76442.984375,72445.155078125,74751.10572916667,74.34211487760271,477.2116558277902,0.014907105377138503,0.017398917655164207,-1,1,-1,-0.19999999999999996,False,MeanReversion,MeanReversion,False
2023-04-14 00:00:00+09:00,79101.875,72943.696484375,74865.05807291667,78.08988452450943,699.325666252301,0.016243571080559686,0.017902408433057612,-1,1,-1,-0.19999999999999996,False,MeanReversion,MeanReversion,False
2023-04-17 00:00:00+09:00,79576.671875,73451.734375,74999.58515625,74.99998681550728,832.1125440729164,0.016233042107203745,0.0178406117693355,-1,1,-1,-0.19999999999999996,False,MeanReversion,MeanReversion,False
2023-04-18 00:00:00+09:00,79861.5390625,73907.54296875,75140.44270833333,75.4716629670449,887.9325764234009,0.01599025810433046,0.017837345909710697,-1,1,-1,-0.19999999999999996,False,MeanReversion,MeanReversion,False
2023-04-19 00:00:00+09:00,81001.0625,74444.06796875,75282.88294270834,76.07358990536278,945.1034900849504,0.015791850408239196,0.017833148560087674,-1,1,-1,-0.19999999999999996,False,MeanReversion,MeanReversion,False
2023-04-20 00:00:00+09:00,81665.796875,75037.56953125,75437.98463541667,76.07361405818139,967.6701054131513,0.015450145728293573,0.01784660549184645,-1,1,-1,-0.19999999999999996,False,MeanReversion,MeanReversion,False
2023-04-21 00:00:00+09:00,81285.953125,75631.071484375,75574.09427083333,71.89540480388536,898.4963861552965,0.015415075461637295,0.017832247725993185,1,1,-1,0.5,False,Trend,MeanReversion,False
2023-04-24 00:00:00+09:00,82330.515625,76267.305078125,75699.12513020834,71.14091402768399,864.3022273432807,0.015401593493815176,0.017671741698105096,1,1,-1,0.5,False,Trend,Trend,False
2023-04-25 00:00:00+09:00,81475.875,76732.61015625,75836.817578125,75.17730620599437,730.6524675009139,0.014475544103939605,0.017476361664775175,1,1,-1,0.5,False,Trend,Trend,False
2023-04-26 00:00:00+09:00,82140.59375,77231.151171875,75946.021875,83.08823351489474,636.9686660073353,0.014410262510563676,0.017045814893441077,1,1,-1,0.5,False,Trend,Trend,False
2023-04-27 00:00:00+09:00,79861.5390625,77577.75546875,76007.74596354166,71.97445086602215,383.92928859184053,0.016307356359920012,0.017445305862012137,1,1,-1,0.5,False,Trend,Trend,False
2023-04-28 00:00:00+09:00,80526.2734375,77924.360546875,76085.296875,76.43308997843134,231.26435394200962,0.016296823308898766,0.017461425970504187,1,1,-1,0.5,False,Trend,Trend,False
2023-05-02 00:00:00+09:00,79576.671875,78157.01328125,76097.95833333333,71.68671325066894,45.9648771920472,0.01636745507238934,0.016843490601859336,1,1,-1,0.5,False,Trend,Trend,False
2023-05-03 00:00:00+09:00,79576.671875,78318.445703125,76134.35989583333,67.13285063760136,-89.57900352253364,0.01594568886229468,0.01666952024622681,1,1,-1,0.5,False,Trend,Trend,False
2023-05-04 00:00:00+09:00,78437.1484375,78503.618359375,76177.09205729167,57.55394235692069,-259.3491613432511,0.015476899991362576,0.01657234781087296,1,1,-1,0.5,False,Trend,Trend,False
2023-05-08 00:00:00+09:00,79861.5390625,78816.98671875,76249.89479166667,53.17452803393232,-277.45793947842503,0.01525560247768102,0.01670699026952314,1,1,-1,0.5,False,Trend,Trend,False
2023-05-09 00:00:00+09:00,83944.84375,79348.7640625,76389.169921875,64.02437433781745,-29.24094439395867,0.01822347672752034,0.01786140836526737,1,1,-1,0.5,False,Trend,Trend,False
2023-05-10 00:00:00+09:00,82805.3125,79856.801171875,76468.303515625,58.95953262428043,39.64939870838634,0.018459580747622318,0.017515929024818643,1,1,1,1.0,False,Trend,Trend,False
2023-05-11 00:00:00+09:00,83659.953125,80402.821875,76530.02760416667,58.23528557739772,119.70294617507989,0.018434461794225337,0.01729756148694259,1,1,1,1.0,False,Trend,Trend,False
2023-05-12 00:00:00+09:00,81570.828125,80735.182421875,76560.09830729167,49.729705931794115,14.419762387720994,0.018970952929413618,0.017617799680095372,1,1,1,1.0,False,Trend,Trend,False
2023-05-15 00:00:00+09:00,83375.078125,81081.787109375,76607.57838541667,55.49999053881841,46.923455796619464,0.019054155731229424,0.017798212756552703,1,1,1,1.0,False,Trend,Trend,False
2023-05-16 00:00:00+09:00,82615.3984375,81257.46328125,76632.901171875,50.76142577158437,0.35444624204546926,0.017910890177821624,0.0178212796262326,1,1,1,1.0,False,Trend,Trend,False
2023-05-17 00:00:00+09:00,82520.4296875,81404.651171875,76661.3890625,52.9100245812118,-50.91508591412094,0.017902030265478208,0.017815277613035793,1,1,-1,0.5,False,Trend,Trend,False
2023-05-18 00:00:00+09:00,85464.203125,81684.784375,76765.84544270833,58.2159457582497,91.59829215209606,0.019386831880484175,0.018160174394037516,1,1,1,1.0,False,Trend,Trend,False
2023-05-19 00:00:00+09:00,85939.0,81931.68125,76856.05755208334,66.49483027763961,190.3271701008814,0.019229742041186885,0.018057077356250725,1,1,1,1.0,False,Trend,Trend,False
2023-05-22 00:00:00+09:00,91446.6953125,82420.726171875,77026.9859375,73.46935280440678,577.1912670919232,0.0233430428185195,0.019685346290206757,1,1,-1,0.5,False,Trend,Trend,False
2023-05-23 00:00:00+09:00,91541.65625,82933.511328125,77202.6625,76.69487359868813,777.629283715386,0.023245027897386954,0.019677595760203417,1,1,-1,0.5,False,Trend,Trend,False
2023-05-24 00:00:00+09:00,93630.7890625,83498.525,77411.57513020834,78.68213704782346,976.2027686758643,0.023498310859680703,0.019854644269562956,1,1,-1,0.5,False,Trend,Trend,False
2023-05-25 00:00:00+09:00,92491.265625,84049.29453125,77637.89713541667,78.68213704782346,954.9277883825921,0.023570069396904342,0.0195659990198179,1,1,-1,0.5,False,Trend,Trend,False
2023-05-26 00:00:00+09:00,91921.5,84538.33984375,77883.2109375,75.50197764538774,831.1554578068717,0.0237295495039382,0.019335657568453984,1,1,-1,0.5,False,Trend,Trend,False
2023-05-30 00:00:00+09:00,92016.453125,85146.085546875,78100.03658854167,70.53134451744188,690.1545501776245,0.022404580632114198,0.019154075519393566,1,1,-1,0.5,False,Trend,Trend,False
2023-05-31 00:00:00+09:00,91351.734375,85687.35859375,78345.350390625,72.27720997974174,495.69311864085967,0.02262889408832195,0.018703947098619465,1,1,-1,0.5,False,Trend,Trend,False
2023-06-01 00:00:00+09:00,92111.4140625,86314.095703125,78606.49088541667,72.13928474802293,367.6896517357418,0.02222227514731222,0.01870279837043859,1,1,-1,0.5,False,Trend,Trend,False
2023-06-02 00:00:00+09:00,93820.6953125,87026.296875,78908.780859375,82.74108495276087,347.81421699194743,0.02228401492028804,0.018724782256746963,1,1,-1,0.5,False,Trend,Trend,False
2023-06-05 00:00:00+09:00,98568.7109375,88032.875,79318.69244791666,85.08768922834994,589.8854309694743,0.023407470554824093,0.019309182098171847,1,1,-1,0.5,False,Trend,Trend,False
2023-06-07 00:00:00+09:00,99138.4765625,88996.721875,79755.50950520833,88.49553624083185,715.4593345103449,0.02338646733740434,0.019147477404572715,1,1,-1,0.5,False,Trend,Trend,False
2023-06-08 00:00:00+09:00,99708.234375,89784.89140625,80233.47591145833,89.17748331870139,759.8010141514087,0.02151471852782736,0.0186954273647885,1,1,-1,0.5,False,Trend,Trend,False
2023-06-09 00:00:00+09:00,98473.7578125,90568.313671875,80684.537109375,82.1596410962555,634.029682468622,0.02145041966026016,0.018841099887727458,1,1,-1,0.5,False,Trend,Trend,False
2023-06-12 00:00:00+09:00,100278.0,91399.216015625,81203.65299479167,83.25992945689346,600.7068016854109,0.021553719309372322,0.018243766044133684,1,1,-1,0.5,False,Trend,Trend,False
2023-06-13 00:00:00+09:00,99233.4375,92282.346484375,81691.115625,72.77779479067208,443.90246723541713,0.020541837473490945,0.01835131424213969,1,1,-1,0.5,False,Trend,Trend,False
2023-06-14 00:00:00+09:00,100752.796875,93151.232421875,82226.058203125,74.87180439168579,380.5340529375617,0.020388822173640332,0.018092398807405607,1,1,-1,0.5,False,Trend,Trend,False
2023-06-15 00:00:00+09:00,103221.765625,94181.55078125,82794.23684895833,75.37688753837091,438.7858779964099,0.020148683104342653,0.018238050049808704,1,1,-1,0.5,False,Trend,Trend,False
2023-06-16 00:00:00+09:00,108254.6640625,95468.2625,83441.54934895833,84.58334890203783,732.8371770580834,0.02148916145373677,0.018983366800396823,1,1,-1,0.5,False,Trend,Trend,False
2023-06-19 00:00:00+09:00,109204.2578125,96655.265234375,84082.530859375,87.29510974291885,897.0111132600441,0.02090240271088779,0.018923573791114555,1,1,-1,0.5,False,Trend,Trend,False
2023-06-20 00:00:00+09:00,111388.34375,97927.732421875,84767.82721354166,88.34589466052869,1047.912103177503,0.02090451059456523,0.0189016371802661,1,1,-1,0.5,False,Trend,Trend,False
2023-06-21 00:00:00+09:00,114522.0390625,99081.499609375,85513.26510416667,91.780843917545,1240.7968364579046,0.017839277842436115,0.018979397052787176,1,1,-1,0.5,False,Trend,Trend,False
2023-06-22 00:00:00+09:00,111578.265625,100083.330078125,86215.97096354167,82.53968544166744,1059.2069457448943,0.01959626097567468,0.019412511586054355,1,1,-1,0.5,False,Trend,Trend,False
2023-06-23 00:00:00+09:00,110058.90625,100904.7359375,86890.188671875,77.31631097701214,740.9114885190011,0.020035842850549494,0.01960198463856633,1,1,-1,0.5,False,Trend,Trend,False
2023-06-26 00:00:00+09:00,111008.5,101830.59765625,87537.50078125,73.99268116791515,509.49133781534147,0.019456555331376132,0.019241516685953208,1,1,-1,0.5,False,Trend,Trend,False
2023-06-27 00:00:00+09:00,114047.2265625,102936.883984375,88235.45833333333,76.25418373085884,476.8167145692023,0.0194977191643427,0.019386117654374608,1,1,-1,0.5,False,Trend,Trend,False
2023-06-28 00:00:00+09:00,109489.140625,103810.518359375,88844.78645833333,65.10265097029497,84.52720738210792,0.022594955015898772,0.020363428030073908,1,1,1,1.0,False,Trend,Trend,False
2023-06-29 00:00:00+09:00,108729.453125,104679.404296875,89430.37447916667,66.07141589143518,-270.38521804052016,0.022584368075199545,0.020437813437563394,1,1,-1,0.5,False,Trend,Trend,False
2023-06-30 00:00:00+09:00,110628.6640625,105605.266796875,90025.45859375,66.17210320284264,-412.96436770704804,0.022665619943455326,0.020432406161981213,1,1,-1,0.5,False,Trend,Trend,False
2023-07-03 00:00:00+09:00,110248.8203125,106426.673046875,90590.471875,67.57574752793545,-559.4856156232236,0.02272331246420163,0.02040676046568782,1,1,-1,0.5,False,Trend,Trend,False
2023-07-04 00:00:00+09:00,112907.703125,107143.62265625,91226.70533854167,68.7134410076546,-505.5971973307751,0.020926879324719785,0.02020791120315292,1,1,-1,0.5,False,Trend,Trend,False
2023-07-05 00:00:00+09:00,115376.671875,107955.532421875,91923.08033854167,68.7134410076546,-339.8883162827933,0.021185088882517886,0.020081765938050892,1,1,-1,0.5,False,Trend,Trend,False
2023-07-06 00:00:00+09:00,114237.15625,108681.978515625,92605.211328125,60.46511437214015,-342.2896373773883,0.021543412086267668,0.020154850544979425,1,1,-1,0.5,False,Trend,Trend,False
2023-07-07 00:00:00+09:00,114332.109375,109474.89609375,93300.00364583333,59.246575245975684,-370.3722361167811,0.021118885992564722,0.020057529689403268,1,1,-1,0.5,False,Trend,Trend,False
2023-07-10 00:00:00+09:00,115566.59375,110239.32578125,94013.787890625,57.801419267353694,-339.5128504577842,0.020985987496558882,0.020044656473033697,1,1,-1,0.5,False,Trend,Trend,False
2023-07-11 00:00:00+09:00,117750.671875,111165.1875,94727.57213541666,56.24997542446114,-211.9527976993686,0.020713369790957354,0.019892283124060883,1,1,-1,0.5,False,Trend,Trend,False
2023-07-12 00:00:00+09:00,121549.0859375,112205.001953125,95479.34049479167,68.683280793857,73.03668249289149,0.021314683426672344,0.02007326845392264,1,1,1,1.0,False,Trend,Trend,False
2023-07-13 00:00:00+09:00,122498.6875,113168.848046875,96202.620703125,73.81817975119952,259.78923463359024,0.021027820656860156,0.019770453229652634,1,1,-1,0.5,False,Trend,Trend,False
2023-07-14 00:00:00+09:00,122878.53125,113900.04140625,96924.318359375,73.23421018023225,338.2261813086716,0.01892847537263822,0.019777200082024233,1,1,-1,0.5,False,Trend,Trend,False
2023-07-17 00:00:00+09:00,121549.0859375,114517.2828125,97619.11080729167,65.73705571044701,234.8074899031235,0.019302009047212968,0.019910179356552725,1,1,1,1.0,False,Trend,Trend,False
2023-07-18 00:00:00+09:00,118510.359375,114873.38359375,98244.26575520834,70.2127570189651,-86.790923575938,0.020143000713957245,0.020317649877210218,1,1,-1,0.5,False,Trend,Trend,False
2023-07-19 00:00:00+09:00,120124.6796875,115153.515625,98885.24713541666,74.59016918555113,-231.13704448890167,0.019467056377557468,0.02033759049685975,1,1,-1,0.5,False,Trend,Trend,False
2023-07-20 00:00:00+09:00,118890.1953125,115519.112109375,99511.98450520834,68.35442071265715,-438.0952519405155,0.018555107679149623,0.020403048803762276,1,1,-1,0.5,False,Trend,Trend,False
2023-07-21 00:00:00+09:00,119175.078125,115974.920703125,100126.060546875,69.91525704387259,-575.4874389358365,0.018128362278901113,0.02039157981747451,1,1,-1,0.5,False,Trend,Trend,False
2023-07-24 00:00:00+09:00,120029.7265625,116425.98203125,100768.62473958333,67.28112328751543,-624.4019031612261,0.018111882798627195,0.020274998632588425,1,1,-1,0.5,False,Trend,Trend,False
2023-07-25 00:00:00+09:00,120789.40625,116763.091015625,101412.77161458334,64.3216171812276,-619.9336133306033,0.01729549073369009,0.02027382163263999,1,1,-1,0.5,False,Trend,Trend,False
2023-07-26 00:00:00+09:00,119554.9140625,117266.3796875,102074.32786458333,63.999953928102336,-708.0907187988269,0.014333722203378968,0.019885039001140723,1,1,-1,0.5,False,Trend,Trend,False
2023-07-27 00:00:00+09:00,112527.8671875,117456.300390625,102607.68776041667,46.52015148761817,-1217.7357121590467,0.02032926890336427,0.021697934513937183,1,1,-1,0.5,False,Trend,Trend,False
2023-07-28 00:00:00+09:00,117465.796875,117798.15703125,103239.17317708333,53.20512550061545,-1198.4923975098181,0.02209545710884747,0.02210126423232907,1,1,-1,0.5,False,Trend,Trend,False
2023-07-31 00:00:00+09:00,117085.953125,118140.013671875,103864.32786458333,48.80546640497109,-1185.3971749103375,0.022092427489315124,0.022121331916658174,1,1,-1,0.5,False,Trend,Trend,False
2023-08-01 00:00:00+09:00,118225.4765625,118405.90234375,104527.46666666666,43.39622582932532,-1077.1777061765092,0.02161192755221928,0.021954337546463892,1,1,-1,0.5,False,Trend,Trend,False
2023-08-02 00:00:00+09:00,116136.3515625,118443.886328125,105132.046875,37.90614007914079,-1118.5989408905443,0.021555467356820023,0.022132168098225977,1,1,-1,0.5,False,Trend,Trend,False
2023-08-03 00:00:00+09:00,113952.265625,118429.641796875,105632.17057291667,34.121618053428506,-1255.1513718641136,0.02187511422781403,0.02161073876825354,1,1,-1,0.5,False,Trend,Trend,False
2023-08-04 00:00:00+09:00,115376.671875,118481.869921875,106175.0265625,39.05724334759276,-1211.0256044037224,0.022054593971272952,0.02148897827274382,1,1,-1,0.5,False,Trend,Trend,False
2023-08-07 00:00:00+09:00,114522.0390625,118429.6421875,106689.39466145834,42.33578395679857,-1198.650164528167,0.021982830835292243,0.021544261406832427,1,1,-1,0.5,False,Trend,Trend,False
2023-08-08 00:00:00+09:00,116706.1171875,118377.414453125,107274.9828125,43.57143822571366,-1010.168556649051,0.02199062879461486,0.02123618999542785,1,1,-1,0.5,False,Trend,Trend,False
2023-08-09 00:00:00+09:00,116136.3515625,118106.777734375,107821.00403645834,44.68864987689443,-894.6290279120226,0.020652960848580475,0.021177451964299786,1,1,-1,0.5,False,Trend,Trend,False
2023-08-10 00:00:00+09:00,113382.5078125,117650.96875,108333.78919270834,39.79933506075557,-968.2086772880814,0.021056838432972604,0.02143694420131875,1,1,-1,0.5,False,Trend,Trend,False
2023-08-11 00:00:00+09:00,112622.828125,117138.18359375,108835.49583333333,36.912743525204974,-1026.9977616912995,0.021000346381092678,0.021477291639349885,1,1,-1,0.5,False,Trend,Trend,False
2023-08-14 00:00:00+09:00,110628.6640625,116592.1625,109254.903515625,32.79742339971034,-1149.8757587543378,0.021171944698873554,0.021315869657934916,1,1,-1,0.5,False,Trend,Trend,False
2023-08-16 00:00:00+09:00,108254.6640625,116079.377734375,109626.83125,31.578958093056798,-1328.1014197267832,0.02100103686805701,0.02157737810643907,1,1,-1,0.5,False,Trend,Trend,False
2023-08-17 00:00:00+09:00,107020.171875,115424.15234375,109886.38919270833,38.9312893202725,-1455.9273022445063,0.02061015252546691,0.020260274987418482,1,1,-1,0.5,False,Trend,Trend,False
2023-08-18 00:00:00+09:00,108254.6640625,114892.37578125,110164.93932291666,28.25114506492237,-1384.5795684085065,0.020930549687632284,0.02029119153960257,1,1,-1,0.5,False,Trend,Trend,False
2023-08-21 00:00:00+09:00,107305.046875,114298.87421875,110392.84361979166,27.51092518850531,-1328.3628575070677,0.02088098799921799,0.02017702778215829,1,1,-1,0.5,False,Trend,Trend,False
2023-08-22 00:00:00+09:00,107305.046875,113662.640234375,110639.73997395833,23.502312883182043,-1220.9469934437707,0.020718298881214566,0.0200894415346853,1,1,-1,0.5,False,Trend,Trend,False
2023-08-23 00:00:00+09:00,107589.9296875,113002.66640625,110900.88046875,27.27274238222543,-1066.1080684357244,0.020623536860595378,0.02005727861280273,1,1,-1,0.5,False,Trend,Trend,False
2023-08-24 00:00:00+09:00,107589.9296875,112404.4171875,111160.43841145834,30.857157901021623,-905.4128794891137,0.020633833714555565,0.020059109270121098,1,1,-1,0.5,False,Trend,Trend,False
2023-08-25 00:00:00+09:00,106165.53125,112086.300390625,111407.33502604166,22.285730404163388,-838.3091666295068,0.01619657867027872,0.020124958545197365,1,1,-1,0.5,False,Trend,Trend,False
2023-08-28 00:00:00+09:00,114332.109375,111929.616015625,111777.67994791667,49.603155558907346,-219.40007121278836,0.021477861325317028,0.022138722485836475,1,1,-1,0.5,False,Trend,Trend,False
2023-08-29 00:00:00+09:00,117180.9140625,111934.3640625,112167.01692708333,50.96524152161732,374.0578899129532,0.02223846249517464,0.022223606645783628,-1,1,1,0.30000000000000004,False,Trend,Trend,False
2023-08-30 00:00:00+09:00,116801.078125,111863.144140625,112470.88971354166,51.361877295471906,713.5566705809724,0.02213101834644389,0.021414604333272084,-1,1,1,0.30000000000000004,False,Trend,Trend,False
2023-08-31 00:00:00+09:00,117465.796875,111929.61640625,112776.34505208333,59.14893021122705,941.1163697633631,0.0217897475711439,0.021414401004038738,-1,1,1,0.30000000000000004,False,Trend,Trend,False
2023-09-01 00:00:00+09:00,114711.9453125,111967.600390625,113026.40690104167,54.296855793003026,866.2756003201032,0.022037861958553128,0.02168262672632324,-1,1,1,0.30000000000000004,False,Trend,Trend,False
2023-09-04 00:00:00+09:00,115851.46875,111991.340234375,113316.03541666667,61.133577482334175,852.3110319590518,0.021971791748078326,0.02161599621046837,-1,1,1,0.30000000000000004,False,Trend,Trend,False
2023-09-05 00:00:00+09:00,114047.2265625,111967.599609375,113545.52252604166,62.65556426439302,687.427698556313,0.022199465729055387,0.021647734607132537,-1,1,1,0.30000000000000004,False,Trend,Trend,False
2023-09-06 00:00:00+09:00,113667.390625,111815.66328125,113786.08841145833,65.08620750796116,525.9303562264723,0.021744696836573325,0.02159679473732449,-1,1,1,0.30000000000000004,False,Trend,Trend,False
2023-09-07 00:00:00+09:00,113002.6640625,111658.97890625,113990.25286458334,61.06191823109489,355.6414892525442,0.02175418227365058,0.021554159690511505,-1,1,1,0.30000000000000004,False,Trend,Trend,False
2023-09-08 00:00:00+09:00,112812.7421875,111630.490625,114150.10247395834,63.30276337295817,218.25943578067938,0.02109467445761202,0.02135848111935393,-1,1,1,0.30000000000000004,False,Trend,Trend,False
2023-09-11 00:00:00+09:00,114711.9453125,111734.946484375,114257.723828125,66.38656391738715,241.5301492766231,0.021364780091602493,0.020585844253844913,-1,1,1,0.30000000000000004,False,Trend,Trend,False
2023-09-12 00:00:00+09:00,113287.546875,111867.890625,114325.77864583333,62.00001645426948,151.6200322460209,0.02114892993461974,0.020632447701546354,-1,1,1,0.30000000000000004,False,Trend,Trend,False
2023-09-13 00:00:00+09:00,113287.546875,112119.534765625,114357.43203125,62.00001645426948,86.03980812630618,0.020458741453066927,0.02047806897157234,-1,1,1,0.30000000000000004,False,Trend,Trend,False
2023-09-14 00:00:00+09:00,113952.265625,112466.139453125,114347.93580729167,66.9421510080279,81.37160884334708,0.020211546350226327,0.020173207954144633,-1,1,1,0.30000000000000004,False,Trend,Trend,False
2023-09-15 00:00:00+09:00,116231.3125,112864.971875,114425.48658854167,55.55555555555556,217.9637886025859,0.020476500031002896,0.02004112118832524,-1,1,1,0.30000000000000004,False,Trend,Trend,False
2023-09-18 00:00:00+09:00,114901.875,113244.81328125,114506.202734375,42.68293967652301,205.15302320752318,0.020570731348747474,0.020016271812336096,-1,1,-1,-0.19999999999999996,False,MeanReversion,Trend,False
2023-09-19 00:00:00+09:00,114522.0390625,113605.662890625,114564.76171875,42.68293967652301,159.50471573480706,0.020612988235513836,0.01999588899267066,-1,1,-1,-0.19999999999999996,False,MeanReversion,MeanReversion,False
2023-09-20 00:00:00+09:00,113952.265625,113923.7796875,114563.17903645833,38.65029652996846,83.1825217317134,0.020695363217571896,0.01970203069316923,-1,1,-1,-0.19999999999999996,False,MeanReversion,MeanReversion,False
2023-09-21 00:00:00+09:00,112053.0625,114146.936328125,114605.91106770834,40.90909819403746,-93.3952212298255,0.02115429430315242,0.01909476406519164,-1,1,-1,-0.19999999999999996,False,MeanReversion,MeanReversion,False
2023-09-22 00:00:00+09:00,109963.9375,114336.856640625,114626.48580729167,31.09755975206231,-335.4622067081226,0.021398433420000106,0.019232966265007773,-1,1,-1,-0.19999999999999996,False,MeanReversion,MeanReversion,False
2023-09-25 00:00:00+09:00,110438.7421875,114142.18828125,114623.32044270834,37.33334576544123,-441.4984402078327,0.013034987902912987,0.019109536848994024,-1,1,-1,-0.19999999999999996,False,MeanReversion,MeanReversion,False
2023-09-26 00:00:00+09:00,108729.453125,113719.615234375,114597.99765625,34.146330451498585,-595.0921355769323,0.011800379828272216,0.019210522378784515,-1,1,-1,-0.19999999999999996,False,MeanReversion,MeanReversion,False
2023-09-27 00:00:00+09:00,105405.84375,113149.853515625,114472.96666666666,29.166664881265845,-872.1081070372318,0.013282829185357848,0.019351298298825263,-1,1,-1,-0.19999999999999996,False,MeanReversion,MeanReversion,True
2023-10-04 00:00:00+09:00,99518.3125,112252.479296875,114208.66067708333,22.22222584970406,-1373.596928581759,0.01743543126166965,0.02043754905396589,-1,1,-1,-0.19999999999999996,False,MeanReversion,MeanReversion,True
2023-10-05 00:00:00+09:00,97809.03125,111407.33359375,113934.85859375,14.40001026745739,-1719.7152520044851,0.017194392877713544,0.020505543135277374,-1,1,-1,-0.19999999999999996,False,MeanReversion,MeanReversion,True
2023-10-06 00:00:00+09:00,95624.9375,110396.00703125,113623.07239583334,13.953490596842812,-1976.6881083634516,0.01695088693381018,0.02066158398852947,-1,1,-1,-0.19999999999999996,False,MeanReversion,MeanReversion,True
2023-10-10 00:00:00+09:00,96289.6640625,109508.12890625,113301.790234375,16.22643278455834,-1978.0050422217819,0.01727400455858526,0.0206245153150268,-1,1,-1,-0.19999999999999996,False,MeanReversion,MeanReversion,True
2023-10-11 00:00:00+09:00,99518.3125,108800.675,112997.917578125,23.97262396752427,-1650.880983011988,0.019594241640061877,0.02095896043406134,-1,1,-1,-0.19999999999999996,False,MeanReversion,MeanReversion,True
2023-10-12 00:00:00+09:00,97334.234375,108017.253515625,112594.33671875,15.807587049204429,-1476.7097284405504,0.019897679416165794,0.020605616269059053,-1,1,-1,-0.19999999999999996,False,MeanReversion,MeanReversion,True
2023-10-13 00:00:00+09:00,94865.265625,107119.8796875,112133.7796875,15.181539748136004,-1422.352007549457,0.020251740076770358,0.0207421169049217,-1,1,-1,-0.19999999999999996,False,MeanReversion,MeanReversion,True
2023-10-16 00:00:00+09:00,95529.9921875,106160.78203125,111677.970703125,17.32029254133589,-1242.7136680487752,0.019721165428635376,0.020771529171069288,-1,1,-1,-0.19999999999999996,False,MeanReversion,MeanReversion,True
2023-10-17 00:00:00+09:00,96004.7890625,105296.644140625,111252.232421875,19.016418913323605,-1003.2572756086593,0.019950131530860876,0.020785787544533984,-1,1,-1,-0.19999999999999996,False,MeanReversion,MeanReversion,True
2023-10-18 00:00:00+09:00,95529.9921875,104408.76640625,110869.22630208333,20.000028369397924,-797.1750146606819,0.019872529030233003,0.020596066708576,-1,1,-1,-0.19999999999999996,False,MeanReversion,MeanReversion,True
2023-10-19 00:00:00+09:00,93345.8984375,103378.448046875,110422.91328125,19.93129362884254,-730.0805956442741,0.019825660632327675,0.02062323227283732,-1,1,-1,-0.19999999999999996,False,MeanReversion,MeanReversion,True
2023-10-20 00:00:00+09:00,91921.5,102162.957421875,109973.43502604167,17.60798922219226,-703.4722822071717,0.01856537012412371,0.020658905921832064,-1,1,-1,-0.19999999999999996,False,MeanReversion,MeanReversion,True
2023-10-23 00:00:00+09:00,91446.6953125,100990.1984375,109511.2953125,18.402794937460996,-641.4305168296742,0.01862325112991696,0.0206405207427433,-1,1,-1,-0.19999999999999996,False,MeanReversion,MeanReversion,True
2023-10-24 00:00:00+09:00,91446.6953125,99836.43125,109034.91145833333,20.948636394528734,-528.669206274385,0.01871359522027061,0.02059325182814745,-1,1,-1,-0.19999999999999996,False,MeanReversion,MeanReversion,True
2023-10-25 00:00:00+09:00,94390.46875,98858.34140625,108594.92916666667,37.83786788576308,-200.95931398144603,0.021014624482622795,0.02107461306650974,-1,1,-1,-0.19999999999999996,False,MeanReversion,MeanReversion,False
2023-10-26 00:00:00+09:00,92016.453125,97856.5109375,108135.95481770833,36.68123117912195,-94.61375668772325,0.02126288100792094,0.021240650907563257,-1,1,-1,-0.19999999999999996,False,MeanReversion,MeanReversion,True
2023-10-27 00:00:00+09:00,89927.3359375,96854.680859375,107759.279296875,36.8421413470327,-114.19268927626035,0.021374829455080895,0.020076752679555658,-1,1,-1,-0.19999999999999996,False,MeanReversion,MeanReversion,True
2023-10-30 00:00:00+09:00,88597.890625,95762.63828125,107278.14752604166,32.76597681351208,-162.93153999316564,0.0211253824461843,0.019165166349559573,-1,1,-1,-0.19999999999999996,False,MeanReversion,MeanReversion,True
2023-10-31 00:00:00+09:00,85749.0859375,94613.619921875,106755.86640625,18.614744362549118,-323.9829032543694,0.021659019156272892,0.019501115797524823,-1,1,-1,-0.19999999999999996,False,MeanReversion,MeanReversion,True
2023-11-01 00:00:00+09:00,87363.40625,93711.498046875,106241.49856770833,26.666669104333096,-261.42236153877275,0.0221878589109184,0.019650818124307485,-1,1,-1,-0.19999999999999996,False,MeanReversion,MeanReversion,True
2023-11-02 00:00:00+09:00,88597.890625,93165.476953125,105782.52421875,34.43396995236806,-85.6301445622912,0.019646748626861072,0.019729743844155597,-1,1,-1,-0.19999999999999996,False,MeanReversion,MeanReversion,False
2023-11-03 00:00:00+09:00,91446.6953125,92847.36015625,105407.43138020833,40.85104908129242,255.13549372664784,0.021132007855229794,0.02017791695923466,-1,1,-1,-0.19999999999999996,False,MeanReversion,MeanReversion,False
2023-11-06 00:00:00+09:00,97429.1953125,92937.573046875,105108.30677083334,52.559730891590085,880.8433871416291,0.025338876374139143,0.021867683578277838,-1,1,1,0.30000000000000004,False,Trend,MeanReversion,False
2023-11-07 00:00:00+09:00,96479.5859375,92947.069140625,104807.59921875,51.67783585843388,1207.9482782180958,0.02540652003999585,0.021878246458933884,-1,1,1,0.30000000000000004,False,Trend,Trend,False
2023-11-08 00:00:00+09:00,93630.7890625,92652.69296875,104423.01041666667,50.49182034760017,1206.7923455542268,0.02501493282919716,0.02196422736608801,-1,1,1,0.30000000000000004,False,Trend,Trend,False
2023-11-09 00:00:00+09:00,93061.0234375,92439.032421875,104038.42161458333,52.0270272148266,1142.6414102171498,0.024622597845133945,0.02196592378187677,-1,1,1,0.30000000000000004,False,Trend,Trend,False
2023-11-10 00:00:00+09:00,92206.375,92306.087890625,103685.48606770833,51.333328762709186,1021.5844591932214,0.02406627887961951,0.021816750526289667,-1,1,1,0.30000000000000004,False,Trend,Trend,False
2023-11-13 00:00:00+09:00,90876.9296875,92073.434765625,103323.05442708333,49.04457947872529,838.5771004211128,0.0241513115870786,0.0218598086026096,-1,1,1,0.30000000000000004,False,Trend,Trend,False
2023-11-14 00:00:00+09:00,90497.09375,91798.05,102987.52825520834,42.857134666873065,685.0245394167141,0.024089242452012997,0.0217794370614578,-1,1,-1,-0.19999999999999996,False,MeanReversion,Trend,False
2023-11-15 00:00:00+09:00,94390.46875,91741.073828125,102756.45833333333,54.12542920896306,829.1281835400619,0.02609958474528302,0.02241723004883898,-1,1,1,0.30000000000000004,False,Trend,Trend,False
2023-11-16 00:00:00+09:00,94105.578125,91779.0578125,102541.21510416667,57.746458064708634,883.7059174907654,0.025567981027309675,0.022385070785138537,-1,1,1,0.30000000000000004,False,Trend,Trend,False
2023-11-17 00:00:00+09:00,93250.9375,91845.5296875,102291.15299479167,58.7813478445233,840.9352318498445,0.025402515936646664,0.022330622298556667,-1,1,1,0.30000000000000004,False,Trend,Trend,False
2023-11-20 00:00:00+09:00,95814.8671875,92063.93828125,102099.65,69.20287543840718,955.6390622207564,0.026027102456082227,0.022637900097128922,-1,1,1,0.30000000000000004,False,Trend,Trend,False
2023-11-21 00:00:00+09:00,96004.7890625,92291.84296875,101911.31236979166,67.43293400810418,1009.350176905074,0.026021525874741994,0.022642141765986567,-1,1,1,0.30000000000000004,False,Trend,Trend,False
2023-11-22 00:00:00+09:00,97809.03125,92462.77109375,101748.29739583333,68.16477288834164,1122.738251410538,0.02540522770572113,0.02278935893873497,-1,1,1,0.30000000000000004,False,Trend,Trend,False
2023-11-23 00:00:00+09:00,97429.1953125,92733.408203125,101578.95182291667,63.0705388524908,1125.6449868522793,0.024633415877184393,0.022790298194158683,-1,1,1,0.30000000000000004,False,Trend,Trend,False
2023-11-24 00:00:00+09:00,96859.421875,93080.0125,101423.85,48.36953338397779,1044.464843332095,0.023977978227757282,0.022745827922391923,-1,1,1,0.30000000000000004,False,Trend,Trend,False
2023-11-27 00:00:00+09:00,100657.8359375,93683.009765625,101195.94544270834,60.280360178597654,1191.2232450953543,0.024754737306097216,0.021146179953880802,-1,1,1,0.30000000000000004,False,Trend,Trend,False
2023-11-28 00:00:00+09:00,102557.0390625,94523.407421875,100952.21419270833,73.03914412209036,1349.2375493481827,0.0230979351514894,0.021032840762269182,-1,1,-1,-0.19999999999999996,False,MeanReversion,Trend,False
2023-11-29 00:00:00+09:00,102082.2421875,95259.34921875,100706.90026041666,73.39897464994225,1351.4451450824051,0.023170108685791387,0.02103476135344653,-1,1,-1,-0.19999999999999996,False,MeanReversion,MeanReversion,False
2023-11-30 00:00:00+09:00,106070.5625,96132.9828125,100516.9796875,80.93217502858577,1537.6258839742568,0.02413168718058381,0.02165628950223049,-1,1,-1,-0.19999999999999996,False,MeanReversion,MeanReversion,False
2023-12-01 00:00:00+09:00,105690.7265625,96845.184375,100366.62604166666,84.51327079260723,1547.0874353786394,0.023673036842303374,0.02146440369191457,-1,1,-1,-0.19999999999999996,False,MeanReversion,MeanReversion,False
2023-12-04 00:00:00+09:00,108729.453125,97410.197265625,100247.92578125,87.79525340194886,1659.9273806821707,0.020366734699033603,0.0217586925358492,-1,1,-1,-0.19999999999999996,False,MeanReversion,MeanReversion,False
2023-12-05 00:00:00+09:00,108159.6953125,97994.202734375,100149.80026041667,83.10500859340515,1597.5792911130334,0.020212149021244446,0.021681241668210862,-1,1,-1,-0.19999999999999996,False,MeanReversion,MeanReversion,False
2023-12-06 00:00:00+09:00,104646.1640625,98544.971484375,99999.446484375,71.93676750484767,1237.189175171236,0.0205051367732834,0.022073379733302395,-1,1,-1,-0.19999999999999996,False,MeanReversion,MeanReversion,False
2023-12-07 00:00:00+09:00,103981.4453125,99090.992578125,99849.09283854166,72.50997334868191,887.8690905433937,0.020513262088569927,0.022075224088005274,-1,1,-1,-0.19999999999999996,False,MeanReversion,MeanReversion,False
2023-12-08 00:00:00+09:00,103886.484375,99674.998046875,99700.321875,68.88889457678347,598.1364024220643,0.020281063299824226,0.022075272681507056,-1,1,1,0.30000000000000004,False,Trend,MeanReversion,False
2023-12-11 00:00:00+09:00,102367.1171875,100249.507421875,99494.57473958333,64.01672689569992,268.67465324926616,0.020292288077447526,0.02201204448951693,1,1,1,1.0,False,Trend,MeanReversion,False
2023-12-12 00:00:00+09:00,106450.4140625,101047.1734375,99380.62252604167,67.300384985834,288.51899533247115,0.021431404722412093,0.02259162764361787,1,1,1,1.0,False,Trend,MeanReversion,False
2023-12-13 00:00:00+09:00,105215.9296875,101588.446484375,99246.09557291666,65.07351784681575,186.23538580804416,0.020283785198164865,0.022632699922716566,1,1,1,1.0,False,Trend,MeanReversion,False
2023-12-14 00:00:00+09:00,108159.6953125,102291.15234375,99149.552734375,70.03368691528853,278.98790378481954,0.02076207596377778,0.02292027684117017,1,1,-1,0.5,False,Trend,Trend,False
2023-12-15 00:00:00+09:00,107874.8125,103022.34609375,99010.277734375,64.61538948351014,282.44237730707164,0.02054719149877705,0.022759762718163445,1,1,1,1.0,False,Trend,Trend,False
2023-12-18 00:00:00+09:00,106450.4140625,103554.1234375,98869.42005208334,58.03923213421519,156.3805089642392,0.020480584941199368,0.022774593344929688,1,1,1,1.0,False,Trend,Trend,False
2023-12-19 00:00:00+09:00,105120.96875,104009.932421875,98712.735546875,56.060606532778415,-38.54805806799732,0.02085817207724512,0.022819936921976154,1,1,-1,0.5,False,Trend,Trend,False
2023-12-20 00:00:00+09:00,107020.171875,104470.489453125,98597.20065104167,52.066131155388014,-60.28980068948249,0.020833420244783477,0.022950419610151967,1,1,-1,0.5,False,Trend,Trend,False
2023-12-21 00:00:00+09:00,104836.0859375,104840.833984375,98476.91770833333,48.27586532981637,-232.7902148917201,0.021512756947165625,0.023000015746793834,1,1,-1,0.5,False,Trend,Trend,False
2023-12-22 00:00:00+09:00,106355.453125,105315.635546875,98416.77630208334,44.89797357514589,-253.86418451997451,0.02151730567937321,0.022966150381195916,1,1,-1,0.5,False,Trend,Trend,False
2023-12-26 00:00:00+09:00,108064.734375,105685.98046875,98377.20950520833,49.80544610064687,-166.22378037315775,0.020205154804288687,0.023056863992811316,1,1,-1,0.5,False,Trend,Trend,False
2023-12-27 00:00:00+09:00,110913.53125,106103.805078125,98413.61080729167,63.19998473044798,58.06251499448899,0.02055757941969633,0.02321621128942209,1,1,1,1.0,False,Trend,Trend,False
2023-12-28 00:00:00+09:00,114806.90625,106740.03828125,98570.29518229167,70.07040856084669,422.7685488858424,0.02153972526081928,0.02325686749996475,1,1,-1,0.5,False,Trend,Trend,False
2024-01-02 00:00:00+09:00,112527.8671875,107062.903515625,98787.12109375,64.82085092094266,461.4958409325118,0.020855111281933677,0.022124685719483474,1,1,1,1.0,False,Trend,Trend,False
2024-01-03 00:00:00+09:00,107779.859375,107167.36015625,98953.3015625,58.3577875339912,135.2601641693791,0.023243392613464215,0.022748980866476688,1,1,1,1.0,False,Trend,Trend,False
2024-01-04 00:00:00+09:00,106355.453125,107048.66015625,99132.14348958334,49.84025433140096,-190.82921577624302,0.022516853655450645,0.02261279916556368,1,1,-1,0.5,False,Trend,Trend,False
2024-01-05 00:00:00+09:00,105120.96875,106896.723828125,99279.33190104166,49.84025433140096,-487.1774468230742,0.022624662281749364,0.02266838350253616,1,1,-1,0.5,False,Trend,Trend,False
2024-01-08 00:00:00+09:00,106260.4921875,106977.440234375,99391.7015625,46.5986407883271,-596.7354295324085,0.021496853830754194,0.02232378117217549,1,1,-1,0.5,False,Trend,Trend,False
2024-01-09 00:00:00+09:00,105120.96875,107034.41640625,99521.48046875,45.21452449893238,-727.5570593650609,0.021596293914581836,0.02217015582823007,1,1,-1,0.5,False,Trend,Trend,False
2024-01-10 00:00:00+09:00,105310.890625,107105.63671875,99695.57421875,47.931032819724,-778.3481015359271,0.02159518585012411,0.0218854521521738,1,1,-1,0.5,False,Trend,Trend,False
2024-01-11 00:00:00+09:00,103126.796875,107143.620703125,99822.18763020834,46.48828198302956,-926.0450897388034,0.02187209077767345,0.0220685168578526,1,1,-1,0.5,False,Trend,Trend,False
2024-01-12 00:00:00+09:00,103601.6015625,107001.180078125,99948.801171875,43.66196938292205,-954.9429966662167,0.019929527748067034,0.02206753660819614,1,1,-1,0.5,False,Trend,Trend,False
2024-01-15 00:00:00+09:00,107115.140625,107096.140625,100141.88697916667,54.02685962677018,-711.7636279087421,0.021205249351065672,0.022435456108930083,1,1,-1,0.5,False,Trend,Trend,False
2024-01-16 00:00:00+09:00,103791.5234375,106877.73203125,100315.98072916667,45.74132213752583,-745.5084438582157,0.02140670990076879,0.022619576624531543,1,1,-1,0.5,False,Trend,Trend,False
2024-01-17 00:00:00+09:00,99138.4765625,106440.915234375,100436.263671875,36.494266664239504,-1034.1969471779678,0.023543738280295014,0.02334221476713538,1,1,-1,0.5,False,Trend,Trend,False
2024-01-18 00:00:00+09:00,99803.1953125,106108.554296875,100575.538671875,32.00003341476918,-1125.8211633257401,0.023562420123905012,0.023336989517673205,1,1,-1,0.5,False,Trend,Trend,False
2024-01-19 00:00:00+09:00,107589.9296875,106232.00234375,100844.592578125,39.61749266470939,-632.0498362096687,0.029213908963042927,0.025198630143872094,1,1,-1,0.5,False,Trend,Trend,False
2024-01-22 00:00:00+09:00,108824.4140625,106322.214453125,101085.15833333334,44.50704009922605,-213.95695077995697,0.029053595897043902,0.024938091927040232,1,1,-1,0.5,False,Trend,Trend,False
2024-01-23 00:00:00+09:00,107779.859375,106469.403125,101347.88177083334,50.0,-10.170263932269904,0.028728874777321715,0.02472133272168634,1,1,-1,0.5,False,Trend,Trend,False
2024-01-24 00:00:00+09:00,105785.6875,106440.91484375,101612.18763020834,49.0683167922197,-11.968555759494222,0.028892048478719075,0.024652143166753432,1,1,-1,0.5,False,Trend,Trend,False
2024-01-25 00:00:00+09:00,110058.90625,106540.6234375,101969.87122395834,57.34463408138156,257.4682467316617,0.030051696308879043,0.02499417493804664,1,1,1,1.0,False,Trend,Trend,False
2024-01-26 00:00:00+09:00,110628.6640625,106526.380078125,102384.530859375,56.60919186971265,445.8525819487769,0.029491273271166143,0.024535970348429186,1,1,1,1.0,False,Trend,Trend,False
2024-01-29 00:00:00+09:00,107779.859375,106175.027734375,102724.805078125,53.825139928518446,354.37852219769854,0.028851834984697112,0.024769485604817034,1,1,1,1.0,False,Trend,Trend,False
2024-01-30 00:00:00+09:00,106070.5625,105852.1625,103016.01627604167,51.04710564742268,164.2028897647374,0.02874068535270474,0.024856167470073718,1,1,1,1.0,False,Trend,Trend,False
2024-01-31 00:00:00+09:00,107779.859375,105852.1625,103288.23567708333,56.498682133359644,139.9247597105201,0.02740170184482549,0.024631435253735602,1,1,1,1.0,False,Trend,Trend,False
2024-02-01 00:00:00+09:00,108919.3828125,105980.358984375,103479.73880208333,57.29167068381506,184.2201433558771,0.027310548111670038,0.023337466845554142,1,1,1,1.0,False,Trend,Trend,False
2024-02-02 00:00:00+09:00,113097.6328125,106379.1921875,103756.70625,58.05625710536167,462.67859492188757,0.02829643763256605,0.02373616042138903,1,1,1,1.0,False,Trend,Trend,False
2024-02-05 00:00:00+09:00,116801.078125,106906.221484375,104142.877734375,67.34176998998791,841.9532047722118,0.028978421338275547,0.023645274786511156,1,1,1,1.0,False,Trend,Trend,False
2024-02-06 00:00:00+09:00,114332.109375,107366.778515625,104497.39583333333,71.50535791414997,868.7072004842998,0.029370529698315485,0.023833689604696277,1,1,-1,0.5,False,Trend,Trend,False
2024-02-07 00:00:00+09:00,115281.7109375,107865.31953125,104881.984765625,71.7333166011934,889.29082755851,0.029378370622842674,0.023783190070728332,1,1,-1,0.5,False,Trend,Trend,False
2024-02-08 00:00:00+09:00,114996.8359375,108458.821484375,105283.983203125,63.175680182864454,824.1196754288767,0.028820040745328818,0.023677152369278424,1,1,1,1.0,False,Trend,Trend,False
2024-02-13 00:00:00+09:00,112527.8671875,108905.134765625,105651.16276041667,56.310681679610845,567.3533723989567,0.029453951529712075,0.023885913860430142,1,1,1,1.0,False,Trend,Trend,False
2024-02-14 00:00:00+09:00,108539.5390625,108976.3546875,105886.98059895834,51.176466175765654,105.70397557920364,0.02991732547709604,0.023883785660066537,1,1,1,1.0,False,Trend,Trend,False
2024-02-15 00:00:00+09:00,109963.9375,109284.975390625,106151.28658854167,56.586822512366545,-114.97510760166006,0.02904100915211077,0.023912784287002758,1,1,-1,0.5,False,Trend,Trend,False
2024-02-16 00:00:00+09:00,113857.3125,110020.9171875,106494.726171875,56.06059850585447,-15.22393660254761,0.027472282548148104,0.024218177719227237,1,1,-1,0.5,False,Trend,Trend,False
2024-02-19 00:00:00+09:00,113477.46875,110704.630859375,106789.10286458333,54.57316407867637,7.465449560350862,0.02756814565394965,0.024029444346752145,1,1,1,1.0,False,Trend,Trend,False
2024-02-20 00:00:00+09:00,110533.6953125,110851.819140625,107031.25130208333,54.407273474738105,-182.97643131096493,0.023254652197482864,0.024321449651077867,1,1,-1,0.5,False,Trend,Trend,False
2024-02-21 00:00:00+09:00,112812.7421875,111051.235546875,107281.31315104167,60.59701411897206,-163.29635205249247,0.023544826881543777,0.02434283428890855,1,1,-1,0.5,False,Trend,Trend,False
2024-02-22 00:00:00+09:00,110913.53125,111207.919140625,107506.05208333333,54.89611606447527,-279.2220282018991,0.023788284793337135,0.024458325114197356,1,1,-1,0.5,False,Trend,Trend,False
2024-02-23 00:00:00+09:00,109204.2578125,111378.84765625,107711.79934895833,50.437309043077065,-461.30797821460465,0.023658413575581787,0.024543763359369093,1,1,-1,0.5,False,Trend,Trend,False
2024-02-26 00:00:00+09:00,105880.65625,111169.93515625,107798.84635416667,38.62275382727806,-777.2878951421906,0.022938640293739765,0.024430526003329813,1,1,-1,0.5,False,Trend,Trend,False
2024-02-27 00:00:00+09:00,108064.734375,111041.738671875,107890.64127604167,35.534582408427895,-807.3669201429836,0.023435325517081572,0.024452901711205493,1,1,-1,0.5,False,Trend,Trend,False
2024-02-28 00:00:00+09:00,109489.140625,111127.202734375,108014.08958333333,41.6938135190789,-703.3123445169155,0.022873865090088975,0.024492301358027223,1,1,-1,0.5,False,Trend,Trend,False
2024-02-29 00:00:00+09:00,106260.4921875,111136.69921875,108017.255078125,35.64954810435482,-815.9842280874237,0.02361270035586993,0.024321737421500754,1,1,-1,0.5,False,Trend,Trend,False
2024-03-04 00:00:00+09:00,102367.1171875,110866.062109375,107961.86158854167,31.978309813558567,-1099.1511144587262,0.02470762767800223,0.024792295523693508,1,1,-1,0.5,False,Trend,Trend,False
2024-03-05 00:00:00+09:00,104646.1640625,110652.401171875,107893.80677083334,38.69209290063871,-1077.9221575689958,0.025158190472692566,0.024680600008242147,1,1,-1,0.5,False,Trend,Trend,False
2024-03-06 00:00:00+09:00,106735.2890625,110334.283984375,107870.06666666667,47.26223957110822,-876.6802079820718,0.023964817950140146,0.024812316560336556,1,1,-1,0.5,False,Trend,Trend,False
2024-03-07 00:00:00+09:00,107779.859375,109883.223046875,107922.294921875,46.64724297792156,-637.8219458955296,0.022726243920568413,0.024465851000716292,1,1,-1,0.5,False,Trend,Trend,False
2024-03-08 00:00:00+09:00,106545.375,109493.886328125,107965.02708333333,37.777783001349256,-531.8980733125832,0.02243552258156412,0.024499330962888866,1,1,-1,0.5,False,Trend,Trend,False
2024-03-11 00:00:00+09:00,108349.6171875,109147.281640625,108039.41263020833,41.81818499117828,-319.71087163467047,0.022750058858345523,0.024589635141884853,1,1,-1,0.5,False,Trend,Trend,False
2024-03-12 00:00:00+09:00,108349.6171875,108814.920703125,108139.12096354166,46.15385885329792,-166.45691329769346,0.0227603701201943,0.024506316744644607,1,1,-1,0.5,False,Trend,Trend,False
2024-03-13 00:00:00+09:00,107210.09375,108549.03203125,108151.78229166666,39.72126374424925,-130.5173305669009,0.022411777245287014,0.02402958511136423,1,1,-1,0.5,False,Trend,Trend,False
2024-03-14 00:00:00+09:00,112527.8671875,108748.4484375,108273.64791666667,52.63159905604509,242.39493851386976,0.023660854292722192,0.02477045822997189,1,1,1,1.0,False,Trend,Trend,False
2024-03-15 00:00:00+09:00,117560.765625,109128.28984375,108430.332421875,62.29050991862729,788.2339577231443,0.025364011765776354,0.02514818283998336,1,1,1,1.0,False,Trend,Trend,False
2024-03-18 00:00:00+09:00,119080.125,109389.43046875,108617.08763020833,70.50146146744729,1187.823931088087,0.024387429428955488,0.02518554207328638,1,1,-1,0.5,False,Trend,Trend,False
2024-03-19 00:00:00+09:00,118225.4765625,109626.830859375,108813.338671875,66.46152023530072,1320.5897456480754,0.02444916928358408,0.025136544238693593,1,1,1,1.0,False,Trend,Trend,False
2024-03-20 00:00:00+09:00,121169.25,110158.60859375,109080.81002604167,68.03517540414222,1518.552062425973,0.023988541964381164,0.0252354620256341,1,1,1,1.0,False,Trend,Trend,False
2024-03-21 00:00:00+09:00,121454.125,110590.677734375,109321.37591145834,75.80642378965108,1573.8549980337434,0.023700049173441408,0.025152899495207277,1,1,-1,0.5,False,Trend,Trend,False
2024-03-22 00:00:00+09:00,119554.9140625,111022.746875,109566.68971354167,81.31484195387574,1393.872330020335,0.023645664084222483,0.02508622348480886,1,1,-1,0.5,False,Trend,Trend,False
2024-03-25 00:00:00+09:00,118130.5234375,111469.06015625,109762.94088541667,75.35714537565053,1102.9771988467255,0.023506386233151693,0.025099910184376257,1,1,-1,0.5,False,Trend,Trend,False
2024-03-26 00:00:00+09:00,118605.3203125,112105.293359375,109938.61731770834,73.76425748465155,876.5012892095137,0.02203340660568794,0.02503272648496603,1,1,-1,0.5,False,Trend,Trend,False
2024-03-27 00:00:00+09:00,114142.1875,112409.166015625,109992.42825520833,61.204000310374596,385.1494805522284,0.023811292947248854,0.025343873653318673,1,1,1,1.0,False,Trend,Trend,False
2024-03-28 00:00:00+09:00,114142.1875,112641.818359375,109981.349609375,63.9860035255835,37.48493944607162,0.023691185247309204,0.024947152050682018,1,1,1,1.0,False,Trend,Trend,False
2024-03-29 00:00:00+09:00,112432.90625,112950.4390625,109979.76692708333,57.543858534953316,-311.061828252572,0.022853216349216453,0.02488803307114852,1,1,-1,0.5,False,Trend,Trend,False
2024-04-01 00:00:00+09:00,113667.390625,113515.452734375,110077.89244791666,59.395974173442774,-453.3169431366405,0.0208505564726476,0.024272139285603917,1,1,-1,0.5,False,Trend,Trend,False
2024-04-02 00:00:00+09:00,113762.3515625,113971.262109375,110201.34075520834,62.02090951907418,-530.5037210190437,0.020487995733993965,0.024200564034179917,1,1,-1,0.5,False,Trend,Trend,False
2024-04-03 00:00:00+09:00,113667.390625,114317.8671875,110343.78111979166,52.58620842507587,-573.771912490572,0.020178445342146304,0.02414380515374191,1,1,-1,0.5,False,Trend,Trend,False
2024-04-04 00:00:00+09:00,114901.875,114673.96796875,110487.80416666667,42.70831994282145,-507.36256474997026,0.02019811441136813,0.02414393946528161,1,1,-1,0.5,False,Trend,Trend,False
2024-04-05 00:00:00+09:00,113572.421875,115025.3203125,110628.66171875,34.736822961816614,-538.1588674935965,0.02020265448838165,0.024151453269983397,1,1,-1,0.5,False,Trend,Trend,False
2024-04-08 00:00:00+09:00,112527.8671875,115234.2328125,110748.94466145833,34.37500803430713,-608.8592700721033,0.0201188247962654,0.024189513536526878,1,1,-1,0.5,False,Trend,Trend,False
2024-04-09 00:00:00+09:00,112622.828125,115447.893359375,110907.21184895834,22.222199651210147,-626.7556189189181,0.02011553386299076,0.02401561033227288,1,1,-1,0.5,False,Trend,Trend,False
2024-04-11 00:00:00+09:00,110438.7421875,115609.32578125,111021.16419270834,18.131871857473556,-754.6321981506525,0.020507483839371295,0.02416464671476718,1,1,-1,0.5,False,Trend,Trend,False
2024-04-12 00:00:00+09:00,111673.21875,115566.593359375,111097.13216145833,26.28570165957801,-724.8541217365339,0.017489364236865014,0.02382928137723388,1,1,-1,0.5,False,Trend,Trend,False
2024-04-15 00:00:00+09:00,112148.0234375,115295.95625,111236.40716145834,30.90907277767805,-644.6505725774967,0.014155239273989482,0.023454152503602832,1,1,-1,0.5,False,Trend,Trend,False
2024-04-16 00:00:00+09:00,106070.5625,114645.478125,111351.94192708333,20.53571067847699,-953.726712428678,0.018046977573709364,0.02382135516636881,1,1,-1,0.5,False,Trend,Trend,False
2024-04-17 00:00:00+09:00,106640.328125,114066.220703125,111465.894140625,28.415312338435953,-1064.2093315933748,0.018212798570192184,0.023816729690168077,1,1,-1,0.5,False,Trend,Trend,False
2024-04-18 00:00:00+09:00,113382.5078125,113676.88359375,111562.437109375,48.42520233378215,-648.0911040089795,0.022672826453493358,0.023146039278997898,1,1,-1,0.5,False,Trend,Trend,False
2024-04-19 00:00:00+09:00,113287.546875,113268.5546875,111636.82265625,51.89872934367706,-358.57648388768575,0.022642067504754955,0.02310552835880236,1,1,-1,0.5,False,Trend,Trend,False
2024-04-22 00:00:00+09:00,113287.546875,112955.186328125,111728.61744791667,49.107136954393106,-156.7139334672305,0.02246574521746551,0.023066067421189454,1,1,-1,0.5,False,Trend,Trend,False
2024-04-23 00:00:00+09:00,118985.15625,112997.91796875,111948.60859375,59.71729507265017,343.5933317248663,0.025127065101650616,0.02374317726044033,1,1,1,1.0,False,Trend,Trend,False
2024-04-24 00:00:00+09:00,122878.53125,113211.578515625,112162.26901041667,65.01546852068167,888.8078872441627,0.026113688994514342,0.02356281011161629,1,1,1,1.0,False,Trend,Trend,False
2024-04-25 00:00:00+09:00,120884.3671875,113548.6875,112333.19739583334,59.516607979018104,1055.8336528507357,0.024763118737668215,0.023674894781883,1,1,1,1.0,False,Trend,Trend,False
2024-04-26 00:00:00+09:00,122498.6875,113966.5125,112578.51119791667,64.0718617448408,1204.9408293113233,0.024859691427638216,0.02344224939160035,1,1,1,1.0,False,Trend,Trend,False
2024-04-29 00:00:00+09:00,126012.21875,114645.478125,112910.87213541666,69.72221339837637,1453.4574379017113,0.025040659231013552,0.023558577429103184,1,1,1,1.0,False,Trend,Trend,False
2024-04-30 00:00:00+09:00,124872.6953125,115205.743359375,113195.752734375,67.38543506081531,1450.9944981165208,0.025220100829389972,0.023544346455874162,1,1,1,1.0,False,Trend,Trend,False
2024-05-02 00:00:00+09:00,122973.4921875,115666.300390625,113429.987890625,67.93477677661207,1239.5634581915133,0.025606422056233147,0.02363055635980418,1,1,1,1.0,False,Trend,Trend,False
2024-05-03 00:00:00+09:00,121833.96875,116074.629296875,113575.59348958333,64.57765710332595,953.8945930166797,0.025758441853233303,0.023204553488719644,1,1,1,1.0,False,Trend,Trend,False
2024-05-07 00:00:00+09:00,125822.296875,116620.650390625,113725.94713541666,67.82177683514286,961.7435195507937,0.02651303228171,0.023204338889044284,1,1,1,1.0,False,Trend,Trend,False
2024-05-08 00:00:00+09:00,124207.9765625,117152.428125,113890.544921875,76.75071319057461,793.4123153501482,0.02655548994813929,0.023090163195973592,1,1,-1,0.5,False,Trend,Trend,False
2024-05-09 00:00:00+09:00,122973.4921875,117674.709375,114018.74127604166,73.62638033246188,545.910913267352,0.026576363522604507,0.02311812323002899,1,1,-1,0.5,False,Trend,Trend,False
2024-05-10 00:00:00+09:00,123353.328125,118211.234375,114158.01614583333,67.67676627773852,363.5395070068689,0.026565132683393895,0.02311479001541045,1,1,1,1.0,False,Trend,Trend,False
2024-05-13 00:00:00+09:00,129430.7890625,119160.83671875,114439.73151041666,73.61111777660922,594.3310675569396,0.02761861041111653,0.023693254721209422,1,1,-1,0.5,False,Trend,Trend,False
2024-05-14 00:00:00+09:00,129050.9453125,120029.723046875,114781.58828125,72.80219836103849,658.5419959991837,0.027712047454006634,0.02316276983758124,1,1,-1,0.5,False,Trend,Trend,False
2024-05-16 00:00:00+09:00,130760.21875,120960.3328125,115128.19296875,69.25465267202878,746.7989963962332,0.02773313629951579,0.02316366693905223,1,1,1,1.0,False,Trend,Trend,False
2024-05-17 00:00:00+09:00,127721.5078125,122042.880078125,115359.262890625,58.1469808118475,540.793654416188,0.02461900098701983,0.023025054105211145,1,1,1,1.0,False,Trend,Trend,False
2024-05-20 00:00:00+09:00,125252.53125,122973.490234375,115555.51393229167,57.23269773125165,196.27605615675748,0.025442708011653367,0.02318185678742751,1,1,1,1.0,False,Trend,Trend,False
2024-05-21 00:00:00+09:00,124587.8125,123533.75546875,115789.74921875,53.57143047939077,-102.30199343719141,0.022265302083657183,0.022910167808751523,1,1,-1,0.5,False,Trend,Trend,False
2024-05-22 00:00:00+09:00,121833.96875,123961.0765625,115940.10299479167,42.66666118191017,-489.5239791744916,0.02305329308497354,0.022992581130311447,1,1,-1,0.5,False,Trend,Trend,False
2024-05-23 00:00:00+09:00,122213.8046875,124407.389453125,116128.44088541667,45.20546710131493,-710.9076094434904,0.023037952420251646,0.022868097826142568,1,1,-1,0.5,False,Trend,Trend,False
2024-05-24 00:00:00+09:00,128576.1484375,124886.9390625,116451.30572916666,58.70207391702779,-433.3317010015867,0.023214099386538792,0.023614402259505826,1,1,-1,0.5,False,Trend,Trend,False
2024-05-27 00:00:00+09:00,127531.578125,125119.59140625,116812.15442708334,58.87573575623156,-329.27290890763834,0.02236099498757926,0.023245034263387292,1,1,-1,0.5,False,Trend,Trend,False
2024-05-28 00:00:00+09:00,128576.1484375,125504.18046875,117154.011328125,54.72313567768092,-205.35166394744874,0.021978347197504845,0.023143893714723012,1,1,-1,0.5,False,Trend,Trend,False
2024-05-29 00:00:00+09:00,127531.578125,125755.825,117454.71861979166,55.81394013987206,-208.33321085490297,0.021978064431580242,0.02314779377072958,1,1,-1,0.5,False,Trend,Trend,False
2024-05-30 00:00:00+09:00,124207.9765625,125665.612890625,117753.843359375,52.01238603008225,-435.6662881871416,0.021940064974102072,0.023068308690302772,1,1,-1,0.5,False,Trend,Trend,False
2024-05-31 00:00:00+09:00,123828.1328125,125613.384765625,118111.526953125,50.77399932807561,-602.8446647785809,0.021860434567016588,0.022479687624030128,1,1,-1,0.5,False,Trend,Trend,False
2024-06-03 00:00:00+09:00,126107.1796875,125770.069140625,118469.210546875,43.81625308153868,-552.4972806176802,0.021944051865807678,0.02243119842161417,1,1,-1,0.5,False,Trend,Trend,False
2024-06-04 00:00:00+09:00,124113.015625,125884.021484375,118758.83932291667,41.33333772113491,-639.8953428344093,0.02216110217425146,0.022455409557412608,1,1,-1,0.5,False,Trend,Trend,False
2024-06-05 00:00:00+09:00,124207.9765625,125803.30546875,119032.64127604167,37.809218507483344,-674.2665035811362,0.020904575600681184,0.0224363495310546,1,1,-1,0.5,False,Trend,Trend,False
2024-06-07 00:00:00+09:00,128196.296875,126002.721484375,119393.48997395833,50.853219991851496,-423.59774727940066,0.021877120910375396,0.022673531493879955,1,1,-1,0.5,False,Trend,Trend,False
2024-06-10 00:00:00+09:00,127911.421875,126249.61796875,119719.52005208333,55.18519263361311,-279.15184045763203,0.021729419208041365,0.022611479245456482,1,1,-1,0.5,False,Trend,Trend,False
2024-06-11 00:00:00+09:00,126961.828125,126430.04296875,120029.72356770834,54.57877400709401,-250.64100514225242,0.02182843082939347,0.022647365281105374,1,1,-1,0.5,False,Trend,Trend,False
2024-06-12 00:00:00+09:00,126676.9375,126292.350390625,120354.17096354166,60.32387558189419,-253.29954959068777,0.01886745369066098,0.022590456853528663,1,1,-1,0.5,False,Trend,Trend,False
2024-06-13 00:00:00+09:00,126297.09375,126154.6578125,120583.65807291666,58.704444810834495,-280.8374578297553,0.018867791784905653,0.02179127725643745,1,1,-1,0.5,False,Trend,Trend,False
2024-06-14 00:00:00+09:00,131899.765625,126211.63515625,120822.64140625,57.32218667847149,59.90456966884358,0.021143943887672118,0.021779959832921334,1,1,1,1.0,False,Trend,Trend,False
2024-06-17 00:00:00+09:00,130760.21875,126363.570703125,121017.30963541666,57.08330362431715,183.20588178446246,0.020510341435213242,0.021774210257868038,1,1,1,1.0,False,Trend,Trend,False
2024-06-18 00:00:00+09:00,131614.859375,126681.687109375,121240.466015625,56.72264216230716,290.6027316989346,0.019946115506704547,0.02175265228074581,1,1,1,1.0,False,Trend,Trend,False
2024-06-19 00:00:00+09:00,138357.046875,127370.148828125,121526.929296875,69.1274949146478,757.4681972599935,0.0224779167454301,0.022438973245312334,1,1,1,1.0,False,Trend,Trend,False
2024-06-20 00:00:00+09:00,142345.375,128395.719140625,121875.116796875,81.31141845458079,1247.6964728442017,0.02206070174769229,0.02269265879176374,1,1,-1,0.5,False,Trend,Trend,False
2024-06-21 00:00:00+09:00,143959.703125,129483.0140625,122281.86328125,83.33328590237105,1572.5226423203403,0.022045327944903978,0.022589177682495853,1,1,-1,0.5,False,Trend,Trend,False
2024-06-24 00:00:00+09:00,146523.625,130380.387890625,122755.081640625,83.48904627202644,1833.6668090158591,0.019811341720777927,0.02257785200821063,1,1,-1,0.5,False,Trend,Trend,False
2024-06-25 00:00:00+09:00,144149.609375,131211.289453125,123180.81979166667,82.46146166215061,1721.8997884574192,0.02021085556388889,0.022723738676660877,1,1,-1,0.5,False,Trend,Trend,False
2024-06-26 00:00:00+09:00,142915.140625,131928.2390625,123660.36901041666,79.2284524544524,1451.0569335731552,0.020467880158847637,0.022116895870647236,1,1,-1,0.5,False,Trend,Trend,False
2024-06-27 00:00:00+09:00,149562.34375,133029.77734375,124250.70494791666,80.82188260867801,1594.3890913137693,0.02206372883811715,0.02275587735253448,1,1,-1,0.5,False,Trend,Trend,False
2024-06-28 00:00:00+09:00,150796.84375,134359.220703125,124890.10390625,82.13329331664217,1640.7444108834106,0.020529683419941554,0.02261424607565701,1,1,-1,0.5,False,Trend,Trend,False
2024-07-01 00:00:00+09:00,151841.390625,135759.88359375,125526.33723958333,84.84035453624877,1608.024551517453,0.020323543613863026,0.022602043732825636,1,1,-1,0.5,False,Trend,Trend,False
2024-07-02 00:00:00+09:00,149277.46875,136918.398046875,126118.255859375,79.74996955965156,1293.5080722235189,0.02110418056957661,0.02277253623463516,1,1,-1,0.5,False,Trend,Trend,False
2024-07-03 00:00:00+09:00,148802.671875,138152.880859375,126703.84388020834,79.55110684549956,949.2293148016124,0.020513359772923696,0.02278393861278099,1,1,-1,0.5,False,Trend,Trend,False
2024-07-04 00:00:00+09:00,151651.46875,139525.05546875,127316.337109375,77.95695619230781,814.284302384157,0.020529132952209345,0.02284654774732798,1,1,-1,0.5,False,Trend,Trend,False
2024-07-05 00:00:00+09:00,147853.078125,140507.89453125,127887.68138020833,72.50005039122098,391.5557705580268,0.021308522242529063,0.023079727240786687,1,1,-1,0.5,False,Trend,Trend,False
2024-07-08 00:00:00+09:00,151936.359375,141709.14140625,128544.48958333333,74.65442225770886,312.70768345912074,0.021643568725243954,0.0231946753674721,1,1,-1,0.5,False,Trend,Trend,False
2024-07-09 00:00:00+09:00,151651.46875,142943.6234375,129194.96692708334,69.12569767729377,174.05129577854495,0.021461013134612014,0.023205602691344307,1,1,1,1.0,False,Trend,Trend,False
2024-07-10 00:00:00+09:00,155829.734375,144401.26328125,129951.48346354166,69.29350802883611,289.6083279518916,0.021665400084155743,0.023152571663945992,1,1,1,1.0,False,Trend,Trend,False
2024-07-11 00:00:00+09:00,158678.546875,146020.3359375,130734.90559895833,70.3412382941454,472.9410476281291,0.021494005321724116,0.023197726121347125,1,1,-1,0.5,False,Trend,Trend,False
2024-07-12 00:00:00+09:00,157349.09375,147292.80234375,131488.25677083334,65.4891433139787,421.41857177872043,0.02053635488411586,0.023270065108843347,1,1,1,1.0,False,Trend,Trend,False
2024-07-15 00:00:00+09:00,160292.859375,148769.434375,132391.96171875,72.72730872349169,497.1406420334715,0.020214963235277425,0.021884757384661047,1,1,-1,0.5,False,Trend,Trend,False
2024-07-16 00:00:00+09:00,169314.09375,150654.39609375,133436.52447916666,80.48247062139004,1035.3644260676956,0.022502681515279267,0.02273886158342572,1,1,-1,0.5,False,Trend,Trend,False
2024-07-17 00:00:00+09:00,170168.734375,152244.98046875,134382.96158854166,77.46837763137889,1311.728004587383,0.020750665512423945,0.02162376217988742,1,1,-1,0.5,False,Trend,Trend,False
2024-07-18 00:00:00+09:00,168174.5625,153536.43984375,135297.74518229166,72.7047126139243,1224.680992048331,0.020855148939148145,0.021734957755949764,1,1,-1,0.5,False,Trend,Trend,False
2024-07-19 00:00:00+09:00,165325.75,154604.7421875,136165.04856770832,66.82464565851507,857.0859459028889,0.021595839832444046,0.02193368622871781,1,1,1,1.0,False,Trend,Trend,False
2024-07-22 00:00:00+09:00,177195.78125,156138.35,137135.22565104166,78.26922188491012,1270.2875171333562,0.025658157840655414,0.022744625548041245,1,1,-1,0.5,False,Trend,Trend,False
2024-07-23 00:00:00+09:00,180139.546875,157937.846875,138089.57591145832,80.21976366154635,1578.6679114360468,0.024958547448113835,0.02253477016974488,1,1,-1,0.5,False,Trend,Trend,False
2024-07-24 00:00:00+09:00,179474.828125,159765.83125,139066.08359375,78.01146511684244,1571.299466683402,0.024777800473850167,0.022376942031232486,1,1,-1,0.5,False,Trend,Trend,False
2024-07-25 00:00:00+09:00,174536.890625,161014.55859375,139933.38697916668,76.26164021993934,1090.1238857994704,0.024898033971015233,0.02279582228555537,1,1,-1,0.5,False,Trend,Trend,False
2024-07-26 00:00:00+09:00,188780.9375,162913.76328125,140979.53229166666,80.21803655864538,1558.8640075672247,0.029499506171196916,0.024488038143838056,1,1,-1,0.5,False,Trend,Trend,False
2024-07-29 00:00:00+09:00,192769.25,164960.15625,142111.14153645834,81.79145877378436,1940.3707821463413,0.02955746353685917,0.024465703421941504,1,1,-1,0.5,False,Trend,Trend,False
2024-07-30 00:00:00+09:00,190870.0625,167039.7859375,143242.75104166666,78.08218560546011,1867.0531759292771,0.02923099863304975,0.024390816751436464,1,1,-1,0.5,False,Trend,Trend,False
2024-07-31 00:00:00+09:00,196567.65625,169428.03515625,144488.3125,79.03928687675904,1993.0573293659927,0.02923157078025082,0.024455375004374145,1,1,-1,0.5,False,Trend,Trend,False
2024-08-01 00:00:00+09:00,202265.28125,171958.72578125,145762.36223958334,82.26466707401991,2232.8465678087487,0.029397358637043933,0.024398705022442096,1,1,-1,0.5,False,Trend,Trend,False
2024-08-02 00:00:00+09:00,192769.25,174204.534375,146905.05013020834,71.32168910935495,1556.6711893276151,0.03138661590018133,0.025312954466161684,1,1,-1,0.5,False,Trend,Trend,False
2024-08-05 00:00:00+09:00,164091.28125,174812.28046875,147590.34661458334,47.27452850957658,-885.8612424602215,0.049810887809040416,0.03331442484731427,1,-1,-1,-0.30000000000000004,True,Defensive,Trend,False
2024-08-06 00:00:00+09:00,180709.3125,176265.17265625,148546.2796875,54.72340245570408,-1414.7665118224595,0.053902085665086114,0.03535158047705648,1,-1,-1,-0.30000000000000004,True,Defensive,Trend,False
2024-08-07 00:00:00+09:00,182323.625,177589.8671875,149427.826953125,56.362081505237825,-1670.7990008446322,0.053728112895971604,0.03492698335184582,1,-1,-1,-0.30000000000000004,True,Defensive,Trend,False
2024-08-08 00:00:00+09:00,195143.265625,179413.103125,150529.365625,62.30408175344679,-1023.4725192870337,0.05536002695957334,0.03581709974734667,1,-1,-1,-0.30000000000000004,True,Defensive,Trend,False
2024-08-09 00:00:00+09:00,191819.65625,181136.63125,151547.02291666667,56.49241425122415,-871.7638602869883,0.05555068226864783,0.035941053591771625,1,-1,-1,-0.30000000000000004,True,Defensive,Defensive,False
2024-08-12 00:00:00+09:00,189065.8125,182575.27890625,152569.42799479168,53.969598244952586,-1000.3036320562387,0.05577039469924825,0.03583224709325846,1,-1,-1,-0.30000000000000004,True,Defensive,Defensive,False
2024-08-13 00:00:00+09:00,185837.15625,183401.43203125,153579.17174479167,52.766306670226555,-1325.7809538626461,0.05492791663579794,0.035805165033199755,1,-1,-1,-0.30000000000000004,True,Defensive,Defensive,False
2024-08-14 00:00:00+09:00,187641.390625,184275.06484375,154630.06471354168,55.85738314608343,-1433.42381277401,0.05493934036975712,0.03577302029552897,1,-1,-1,-0.30000000000000004,True,Defensive,Defensive,False
2024-08-16 00:00:00+09:00,186786.765625,185205.675,155712.611328125,48.98745937008861,-1565.3045648731295,0.05484761920077098,0.03560041958945346,1,-1,-1,-0.30000000000000004,True,Defensive,Defensive,False
2024-08-19 00:00:00+09:00,189255.734375,186402.17421875,156829.97682291668,48.18805632871276,-1489.7921175728043,0.05461573780054261,0.035604792619205364,1,-1,-1,-0.30000000000000004,True,Defensive,Defensive,False
2024-08-20 00:00:00+09:00,192294.453125,187157.1078125,157891.94856770834,50.726034552048134,-1248.4924664787068,0.052665827349982756,0.03516546727518183,1,-1,-1,-0.30000000000000004,True,Defensive,Defensive,False
2024-08-21 00:00:00+09:00,189635.5625,187631.90859375,158927.01497395834,46.35364664923162,-1276.6924871006368,0.052728136302713065,0.03521462866022545,1,-1,-1,-0.30000000000000004,True,Defensive,Defensive,False
2024-08-22 00:00:00+09:00,182133.71875,187764.853125,159819.64114583333,39.60783997418939,-1778.4875031880592,0.053587861117440676,0.03573186220278416,1,-1,-1,-0.30000000000000004,True,Defensive,Defensive,False
2024-08-23 00:00:00+09:00,180234.515625,188049.734375,160698.0234375,42.97872690516372,-2189.2167947850494,0.05323842654751132,0.03574851545709358,1,-1,-1,-0.30000000000000004,True,Defensive,Defensive,False
2024-08-26 00:00:00+09:00,175676.40625,187394.5078125,161555.83059895833,58.89211471356627,-2686.032263621033,0.05033917785994134,0.035736587336397625,1,-1,-1,-0.30000000000000004,True,Defensive,Defensive,False
2024-08-27 00:00:00+09:00,177005.84375,186606.3375,162442.12578125,46.28569243624051,-2828.9094947222748,0.050084806855246744,0.03571833848782963,1,-1,-1,-0.30000000000000004,True,Defensive,Defensive,False
2024-08-28 00:00:00+09:00,177290.734375,185927.37109375,163295.18502604167,44.81409102779224,-2802.66811912927,0.05008276815401683,0.03568591789762759,1,-1,-1,-0.30000000000000004,True,Defensive,Defensive,False
2024-08-29 00:00:00+09:00,175866.328125,184892.3046875,164157.740234375,24.040897468484403,-2774.497579270913,0.049476436872278345,0.0356194978223932,1,-1,-1,-0.30000000000000004,True,Defensive,Defensive,False
2024-08-30 00:00:00+09:00,181753.859375,183866.73359375,165116.83828125,37.32055306795257,-2273.640212437066,0.049643915563720595,0.03578395481950125,1,-1,-1,-0.30000000000000004,True,Defensive,Defensive,False
2024-09-02 00:00:00+09:00,171403.203125,182798.43125,165836.95338541668,31.325285281594248,-2533.868775646494,0.05017507855086935,0.03659154660933055,1,-1,-1,-0.30000000000000004,True,Defensive,Defensive,False
2024-09-03 00:00:00+09:00,171593.125,183173.5234375,166564.98177083334,33.90557227660683,-2579.039373117896,0.03439758948757983,0.036583169058847384,1,1,-1,0.5,False,Trend,Defensive,False
2024-09-04 00:00:00+09:00,166940.078125,182485.06171875,167231.2859375,28.02420103927261,-2790.236685819101,0.026868540757590823,0.03678871447901525,1,1,-1,0.5,False,Trend,Defensive,False
2024-09-05 00:00:00+09:00,159533.171875,181345.5390625,167778.88984375,24.601763313823156,-3263.810373016603,0.028209286269763382,0.03734138061163464,1,1,-1,0.5,False,Trend,Defensive,False
2024-09-06 00:00:00+09:00,161907.1875,179683.73515625,168372.39140625,24.468088520386218,-3245.3765053603793,0.022790687542050495,0.037356645923916444,1,1,-1,0.5,False,Trend,Defensive,False
2024-09-09 00:00:00+09:00,162002.125,178192.85859375,168874.09739583332,20.075028949307608,-3057.576739962743,0.022815098385026458,0.037001124968357356,1,1,-1,0.5,False,Trend,Defensive,False
2024-09-10 00:00:00+09:00,164376.140625,176958.375,169434.36276041667,24.905659674435455,-2621.052207580004,0.023328988496271706,0.03699384496005885,1,1,-1,0.5,False,Trend,Defensive,False
2024-09-11 00:00:00+09:00,165610.625,175947.0484375,170000.95885416667,31.249991134563146,-2118.263461217395,0.023412896109295072,0.03699525308711299,1,1,-1,0.5,False,Trend,Defensive,False
2024-09-12 00:00:00+09:00,163141.65625,174722.06171875,170414.03567708333,30.851052284252404,-1831.8163817736508,0.02320673160532353,0.03657066414914116,1,1,-1,0.5,False,Trend,Trend,False
2024-09-13 00:00:00+09:00,173777.21875,174071.584375,170937.89973958334,48.12735836556907,-855.5084472829021,0.028021081667704575,0.03725256229922,1,1,-1,0.5,False,Trend,Trend,False
2024-09-19 00:00:00+09:00,181374.046875,173677.5,171561.47213541667,53.83335961442215,310.03617915528775,0.02968863031259453,0.037587169443781904,1,1,1,1.0,False,Trend,Trend,False
2024-09-20 00:00:00+09:00,188306.109375,173478.0828125,172257.846875,58.65670864713079,1489.9604983531417,0.030752386143277778,0.03779754879895929,1,1,1,1.0,False,Trend,Trend,False
2024-09-23 00:00:00+09:00,184697.625,173231.1859375,172933.64713541666,56.709955065383724,1940.9751495600876,0.030895531172939677,0.037827267313630605,1,1,1,1.0,False,Trend,Trend,False
2024-09-24 00:00:00+09:00,186122.046875,173430.60234375,173653.76223958333,53.560385080523965,2228.244853018231,0.029537967054006988,0.03779277159253536,-1,1,1,0.30000000000000004,False,Trend,Trend,False
2024-09-25 00:00:00+09:00,186976.671875,173767.71015625,174277.334375,65.01830762229943,2356.3815167874573,0.029419357194445047,0.037406515110896675,-1,1,1,0.30000000000000004,False,Trend,Trend,False
2024-09-26 00:00:00+09:00,188970.828125,174432.43125,174913.56744791666,66.19467691548712,2445.4110906469177,0.028747761070228053,0.03741265487465192,-1,1,1,0.30000000000000004,False,Trend,Trend,False
2024-09-27 00:00:00+09:00,175201.609375,174342.21953125,175302.90442708333,56.580933566597196,1493.706667891881,0.03374046171878702,0.03878803173937637,-1,1,1,0.30000000000000004,False,Trend,Trend,False
2024-09-30 00:00:00+09:00,178240.34375,174389.7,175785.61901041667,66.01627286574151,1008.8200992370978,0.03397125532770318,0.03874931812523576,-1,1,1,0.30000000000000004,False,Trend,Trend,False
2024-10-02 00:00:00+09:00,174062.078125,174299.4875,176206.60911458332,60.094624984265934,379.0730880920885,0.034351583922851675,0.038894893915867014,-1,1,1,0.30000000000000004,False,Trend,Trend,False
2024-10-04 00:00:00+09:00,176436.09375,174033.59921875,176619.68619791666,61.55016071654523,108.8300347440404,0.03362408988396762,0.03886257031549848,-1,1,1,0.30000000000000004,False,Trend,Trend,False
2024-10-07 00:00:00+09:00,174726.8125,174199.7796875,177067.58177083332,58.37174134312736,-182.7508280936495,0.03091874257578276,0.038724596003195125,-1,1,-1,-0.19999999999999996,False,MeanReversion,Trend,False
2024-10-08 00:00:00+09:00,175676.40625,174403.94375,177463.24921875,58.17901117010607,-302.3209489057805,0.03093485699522137,0.038593233909922545,-1,1,-1,-0.19999999999999996,False,MeanReversion,Trend,False
2024-10-10 00:00:00+09:00,180899.21875,175101.90078125,177950.71171875,63.81093301730784,-34.414117502260865,0.03077085277140983,0.03874394950620547,-1,1,-1,-0.19999999999999996,False,MeanReversion,MeanReversion,False
2024-10-11 00:00:00+09:00,175866.328125,175918.55859375,178284.65494791666,51.779922867302204,-192.10493543316375,0.02953497323402806,0.038816485747839316,-1,1,-1,-0.19999999999999996,False,MeanReversion,MeanReversion,False
2024-10-14 00:00:00+09:00,175866.328125,176616.515625,178571.11796875,44.60963620771283,-286.66053357857845,0.02945903040710665,0.03875954195030368,-1,1,-1,-0.19999999999999996,False,MeanReversion,MeanReversion,False
2024-10-15 00:00:00+09:00,185267.390625,177779.77890625,179036.42291666666,47.16312822302173,263.91976510092536,0.03132346450223627,0.03927490875143097,-1,1,1,0.30000000000000004,False,Trend,MeanReversion,False
2024-10-16 00:00:00+09:00,183178.28125,178719.8859375,179417.84661458334,48.54016461468801,456.1189640473531,0.03151680756016075,0.03926040858205046,-1,1,1,0.30000000000000004,False,Trend,Trend,False
2024-10-17 00:00:00+09:00,187261.578125,179802.43359375,179716.97135416666,51.041674998543115,806.4853926999552,0.03173459022539364,0.0387423535640697,1,1,1,1.0,False,Trend,Trend,True
2024-10-18 00:00:00+09:00,185172.421875,180903.971875,179967.0328125,48.387092268401524,841.8715077742049,0.0316123070025094,0.03877530394015137,1,1,1,1.0,False,Trend,Trend,False
2024-10-21 00:00:00+09:00,186881.71875,181559.196875,180278.81875,48.122882323227074,918.4686749543844,0.028673509444600793,0.03874886196955846,1,1,1,1.0,False,Trend,Trend,False
2024-10-22 00:00:00+09:00,185077.484375,181744.36875,180608.01432291666,61.304349070263896,790.5620491066779,0.02726907034218583,0.03869970098893696,1,1,1,1.0,False,Trend,Trend,False
2024-10-23 00:00:00+09:00,186881.71875,181673.14921875,180769.44661458334,60.17895741184647,769.6636791284527,0.025989164180812676,0.03769049855427905,1,1,1,1.0,False,Trend,Trend,False
2024-10-24 00:00:00+09:00,185932.109375,181734.8734375,180865.98932291666,65.13316786122654,639.4334440664375,0.02563461274825235,0.0376421224260578,1,1,1,1.0,False,Trend,Trend,False
2024-10-25 00:00:00+09:00,189825.484375,181920.0453125,181038.50026041668,66.43355838708453,755.1135487521287,0.025994722499666622,0.03772759845609954,1,1,1,1.0,False,Trend,Trend,False
2024-10-28 00:00:00+09:00,180899.21875,181616.17265625,181144.5390625,56.435631628130054,199.02077588588327,0.028193399551406,0.03807919733628831,1,1,1,1.0,False,Trend,Trend,False
2024-10-29 00:00:00+09:00,178620.171875,181098.63984375,180975.19296875,52.98650910325626,-325.21855726918875,0.02814120413226958,0.036714196345236004,1,1,-1,0.5,False,Trend,Trend,False
2024-10-30 00:00:00+09:00,177385.703125,181207.84453125,180718.80052083332,46.12160898422772,-734.6075049190958,0.022386530232687725,0.03660942411436753,1,1,-1,0.5,False,Trend,Trend,False
2024-10-31 00:00:00+09:00,174157.046875,181003.6796875,180440.25026041668,48.03493904743565,-1176.139679201958,0.022413027512469524,0.0366590952866428,1,1,-1,0.5,False,Trend,Trend,False
2024-11-01 00:00:00+09:00,170928.40625,180846.99609375,180012.92942708332,44.7154602056313,-1611.99110165885,0.022174391038208553,0.03649677361023095,1,1,-1,0.5,False,Trend,Trend,False
2024-11-04 00:00:00+09:00,171593.125,180604.84765625,179501.72682291668,32.00001809967408,-1769.2947336420925,0.021946932712914355,0.03628098508743944,1,1,-1,0.5,False,Trend,Trend,False
2024-11-05 00:00:00+09:00,172542.71875,180495.64296875,179164.61796875,35.5669971934485,-1721.5512530338844,0.02190673500316254,0.03580228514460668,1,1,-1,0.5,False,Trend,Trend,False
2024-11-06 00:00:00+09:00,176436.09375,180533.62734375,179370.36484375,35.233145160980925,-1356.0020011169331,0.022470693150551814,0.029197618084345355,1,1,-1,0.5,False,Trend,Trend,False
2024-11-07 00:00:00+09:00,187071.640625,180842.2484375,179476.40364583334,52.10085631283557,-377.0606835203773,0.025242173354032404,0.027458916873720547,1,1,-1,0.5,False,Trend,Trend,False
2024-11-08 00:00:00+09:00,184222.828125,181260.0734375,179508.05703125,47.1311421516712,75.34426015181434,0.02459574994603438,0.027512737397889418,1,1,1,1.0,False,Trend,Trend,False
2024-11-11 00:00:00+09:00,184127.875,181673.15078125,179324.4671875,48.936162019154864,349.5837376272741,0.024598580638842578,0.02603406541002621,1,1,1,1.0,False,Trend,Trend,False
2024-11-12 00:00:00+09:00,178240.34375,181321.7984375,179098.1453125,41.13060960300013,127.31089049041492,0.022793716351061734,0.02626978623960659,1,1,-1,0.5,False,Trend,Trend,False
2024-11-13 00:00:00+09:00,176246.171875,180975.19296875,178884.48463541668,40.267180726160326,-146.33942029255545,0.02279179009038077,0.02624563395605148,1,1,-1,0.5,False,Trend,Trend,False
2024-11-14 00:00:00+09:00,183178.28125,180771.028125,178840.17005208333,43.7050485859254,132.14102462956228,0.023976066964631643,0.026652651155626855,1,1,-1,0.5,False,Trend,Trend,False
2024-11-15 00:00:00+09:00,180044.578125,180514.6359375,178713.55651041667,49.09091090404977,99.41011128633292,0.024147503130726476,0.026709630451250636,1,1,1,1.0,False,Trend,Trend,False
2024-11-18 00:00:00+09:00,184602.671875,180400.68359375,178677.15494791666,56.06936782702429,363.9796876812857,0.024763596504630704,0.02690890012771669,1,1,1,1.0,False,Trend,Trend,False
2024-11-19 00:00:00+09:00,189160.765625,180604.84765625,178675.57213541667,61.19132308774331,800.1926936676803,0.02527326741888039,0.027042356607213797,1,1,1,1.0,False,Trend,Trend,False
2024-11-20 00:00:00+09:00,193718.84375,180946.70390625,178699.31197916667,68.13378930154882,1319.2966712923176,0.02571924049361534,0.027140055321508507,1,1,1,1.0,False,Trend,Trend,False
2024-11-21 00:00:00+09:00,188306.109375,181065.40390625,178677.15442708333,65.48221117290967,1223.8219116950017,0.02655853469999974,0.027329652672301002,1,1,1,1.0,False,Trend,Trend,False
2024-11-22 00:00:00+09:00,191344.84375,181141.371875,178830.67317708334,66.88310057873011,1284.709704400805,0.02639121993598059,0.026888041184648184,1,1,1,1.0,False,Trend,Trend,False
2024-11-25 00:00:00+09:00,205588.875,182375.8546875,179253.24583333332,73.01585919690208,2152.5784325977156,0.028334219522854413,0.028359796719299026,1,1,-1,0.5,False,Trend,Trend,False
2024-11-26 00:00:00+09:00,205114.078125,183700.55,179743.87369791666,70.97221082739972,2536.5246777836937,0.028060400908918225,0.028131147733312177,1,1,-1,0.5,False,Trend,Trend,False
2024-11-27 00:00:00+09:00,201790.46875,184920.78828125,180156.95078125,62.05286599510467,2409.4447779096245,0.028381539428636453,0.028228535544692537,1,1,1,1.0,False,Trend,Trend,False
2024-11-28 00:00:00+09:00,200840.875,186254.9796875,180549.453125,64.044946787789,2114.7378478992396,0.027913639348885827,0.02824252988710945,1,1,1,1.0,False,Trend,Trend,False
2024-11-29 00:00:00+09:00,194193.65625,187418.2421875,180854.90859375,57.658954727030626,1361.985534993937,0.028826851258419144,0.028589433785128963,1,1,1,1.0,False,Trend,Trend,False
2024-12-02 00:00:00+09:00,185647.25,188120.9484375,180919.7984375,55.41667199906393,237.29382007315735,0.03103795808528821,0.02891297108562034,1,1,1,1.0,False,Trend,Trend,False
2024-12-03 00:00:00+09:00,187261.578125,188856.89140625,181184.1046875,58.10057226796168,-413.6706183373708,0.03105431707948606,0.027872457442529936,1,1,-1,0.5,False,Trend,Trend,False
2024-12-04 00:00:00+09:00,185172.421875,189293.7078125,181410.42630208333,51.578927573834434,-968.9922277061005,0.030923745207604318,0.02792059733964829,1,1,-1,0.5,False,Trend,Trend,False
2024-12-05 00:00:00+09:00,184412.75,189160.76328125,181701.6375,53.59375108463119,-1348.2027721639047,0.027972370882611942,0.027674467787278823,1,1,-1,0.5,False,Trend,Trend,False
2024-12-06 00:00:00+09:00,179759.703125,188937.60703125,182038.74635416668,46.021842835903044,-1842.5447396525433,0.02834411130411513,0.02721783218771579,1,1,-1,0.5,False,Trend,Trend,False
2024-12-09 00:00:00+09:00,178430.25,188652.72578125,182314.13072916667,40.69191911662056,-2166.8311090593706,0.02837706230864555,0.02719198065737652,1,1,-1,0.5,False,Trend,Trend,False
2024-12-10 00:00:00+09:00,186122.046875,189046.8109375,182716.12942708333,43.75002088918244,-1786.8765506532568,0.02900166831727771,0.02769141502878029,1,1,-1,0.5,False,Trend,Trend,False
2024-12-11 00:00:00+09:00,200366.078125,190252.80625,183315.96171875,58.66303939861398,-563.2143241995761,0.03289806733960846,0.02915076055609411,1,1,-1,0.5,False,Trend,Trend,False
2024-12-12 00:00:00+09:00,199416.46875,191064.715625,183879.39244791667,55.977498176378454,156.7821571346517,0.0320850449163741,0.029163788846491397,1,1,1,1.0,False,Trend,Trend,False
2024-12-13 00:00:00+09:00,199416.46875,192033.31015625,184483.97265625,44.20678501601723,583.5918153675807,0.03170618014778679,0.0290699585254036,1,1,-1,0.5,False,Trend,Trend,False
2024-12-16 00:00:00+09:00,197042.46875,192655.3,184871.72682291668,42.68503878359775,651.4303276003857,0.03156299265398041,0.028050279368133285,1,1,-1,0.5,False,Trend,Trend,False
2024-12-17 00:00:00+09:00,197992.0625,193096.86484375,185148.69375,46.40288174306155,701.3357201545914,0.03117432646224685,0.027540310880278376,1,1,1,1.0,False,Trend,Trend,False
2024-12-18 00:00:00+09:00,198941.671875,193358.00625,185325.953125,48.20144140379578,735.7873687531946,0.030770456571437302,0.027135415897118723,1,1,1,1.0,False,Trend,Trend,False
2024-12-19 00:00:00+09:00,203689.6875,194127.18515625,185642.4875,59.32835981259352,999.4753025385294,0.03032269568083457,0.027158069565592843,1,1,1,1.0,False,Trend,Trend,False
2024-12-20 00:00:00+09:00,201790.46875,194649.46640625,185903.62786458334,68.24029394463045,966.5321665728816,0.030321451512570884,0.02718287122904759,1,1,1,1.0,False,Trend,Trend,False
2024-12-23 00:00:00+09:00,218408.515625,195290.4484375,186427.49192708332,76.28200665763794,1928.9190665710348,0.031232614951154043,0.028978021707410883,1,1,-1,0.5,False,Trend,Trend,False
2024-12-24 00:00:00+09:00,214610.09375,195765.24921875,186854.81302083333,74.14328365706588,2157.3819030330405,0.03155366732773922,0.029073747534113195,1,1,-1,0.5,False,Trend,Trend,False
2024-12-26 00:00:00+09:00,223631.3125,196857.29140625,187661.97473958333,78.32644316582356,2727.061361457203,0.03237929517552501,0.027654172800999452,1,1,-1,0.5,False,Trend,Trend,False
2024-12-27 00:00:00+09:00,219358.109375,197783.153125,188347.27083333334,78.75859195244473,2626.110779162016,0.03277443500540638,0.02776158871549334,1,1,-1,0.5,False,Trend,Trend,False
2024-12-30 00:00:00+09:00,216509.328125,198898.93671875,189054.725,77.05804176626745,2195.0321146236383,0.03182555716396645,0.027618548188671207,1,1,-1,0.5,False,Trend,Trend,False
2025-01-02 00:00:00+09:00,219358.109375,200584.4796875,189770.09192708333,75.3623157301329,1938.2356257043775,0.029548548870996557,0.027615728792065454,1,1,-1,0.5,False,Trend,Trend,False
2025-01-03 00:00:00+09:00,211761.3125,201809.46640625,190387.33359375,59.67743262441086,1133.1075001234458,0.031113303929416285,0.028018424519169957,1,1,1,1.0,False,Trend,Trend,False
2025-01-06 00:00:00+09:00,213660.5,203233.8703125,191020.40182291667,61.90477309814688,629.9308316508341,0.030846436389265847,0.02802678793519584,1,1,1,1.0,False,Trend,Trend,False
2025-01-07 00:00:00+09:00,219358.109375,204981.13828125,191661.38333333333,65.21740270932759,583.35950961244,0.03101147939640758,0.027982489105887562,1,1,1,1.0,False,Trend,Trend,False
2025-01-08 00:00:00+09:00,223156.53125,207150.9796875,192449.55338541666,69.50356182441216,702.8896147345704,0.02998380245912854,0.02773079438498704,1,1,1,1.0,False,Trend,Trend,False
2025-01-09 00:00:00+09:00,227904.53125,209624.69375,193316.85677083334,71.14095456854474,979.2607407948271,0.029747464411701778,0.02781279700771997,1,1,-1,0.5,False,Trend,Trend,False
2025-01-10 00:00:00+09:00,227904.53125,211713.81796875,194027.47578125,70.74831119841949,1034.210748035277,0.02899717246632466,0.02710068757693722,1,1,-1,0.5,False,Trend,Trend,False
2025-01-13 00:00:00+09:00,223156.53125,212853.340625,194693.77994791666,63.94559208976916,642.1342741588514,0.02559972597719121,0.027219297959991888,1,1,1,1.0,False,Trend,Trend,False
2025-01-14 00:00:00+09:00,224106.125,214087.8234375,195307.85572916668,66.20692269074938,352.5671275026334,0.025491037825885784,0.027108180573879433,1,1,1,1.0,False,Trend,Trend,False
2025-01-15 00:00:00+09:00,231228.140625,215678.40703125,196075.45104166667,60.8000153748866,535.5364018860919,0.026067438172998003,0.027285266074348443,1,1,1,1.0,False,Trend,Trend,False
2025-01-16 00:00:00+09:00,231228.140625,217387.690625,196814.55807291667,64.95730462354405,549.3598040717006,0.025734327844734218,0.027279735505991044,1,1,1,1.0,False,Trend,Trend,False
2025-01-17 00:00:00+09:00,231228.140625,219049.49453125,197583.73567708334,58.163297173050545,455.18910276159477,0.025788107518933553,0.02722857218762038,1,1,1,1.0,False,Trend,Trend,False
2025-01-20 00:00:00+09:00,231702.9375,220687.5578125,198330.75598958333,64.44448263467754,327.52933265615866,0.02581193228743795,0.027217953079004275,1,1,1,1.0,False,Trend,Trend,False
2025-01-21 00:00:00+09:00,235976.15625,222301.88125,199164.8234375,72.04303167963607,427.23130377247435,0.0256659533990951,0.027258849798638577,1,1,-1,0.5,False,Trend,Trend,False
2025-01-22 00:00:00+09:00,228854.140625,223655.06484375,199815.30104166668,59.80394244487333,-63.97831554643926,0.026811163074068205,0.027529184370040708,1,1,-1,0.5,False,Trend,Trend,False
2025-01-23 00:00:00+09:00,214610.09375,223465.14375,200377.14895833333,52.58618488579321,-1354.175428448967,0.02544488063825582,0.028109724917959693,1,1,-1,0.5,False,Trend,Trend,False
2025-01-24 00:00:00+09:00,216984.109375,223583.84453125,201016.54791666666,52.99145419345874,-2013.9157931128238,0.02526070246229612,0.028054214523930185,1,1,-1,0.5,False,Trend,Trend,False
2025-01-31 00:00:00+09:00,220307.71875,223417.66484375,201731.91484375,50.892863701472805,-2178.722425706006,0.02368034958348218,0.028063652713666454,1,1,-1,0.5,False,Trend,Trend,False
2025-02-03 00:00:00+09:00,214610.09375,223180.2640625,202406.13229166667,42.24136463651415,-2595.423100932121,0.024013185376592167,0.028185599873659734,1,1,-1,0.5,False,Trend,Trend,False
2025-02-04 00:00:00+09:00,220307.71875,223370.18359375,203229.12083333332,43.22034749142427,-2415.028216256107,0.02458127065336012,0.028182615093736346,1,1,-1,0.5,False,Trend,Trend,False
2025-02-05 00:00:00+09:00,214135.3125,223109.04375,203938.15729166666,38.93131266746284,-2621.855326242665,0.02523915823423481,0.028496100437389826,1,1,-1,0.5,False,Trend,Trend,False
2025-02-06 00:00:00+09:00,216509.328125,223346.44453125,204670.93411458333,44.4444589543614,-2509.1550451779794,0.024047135884574907,0.02851094994858671,1,1,-1,0.5,False,Trend,Trend,False
2025-02-07 00:00:00+09:00,214135.3125,223370.18515625,205299.25442708333,41.860482321002095,-2499.378510848796,0.02411945140631459,0.028468526985628684,1,1,-1,0.5,False,Trend,Trend,False
2025-02-10 00:00:00+09:00,207488.09375,222776.684375,205639.52864583334,30.468778722611077,-2821.634340351007,0.024279639037910576,0.02787120674172202,1,1,-1,0.5,False,Trend,Trend,False
2025-02-11 00:00:00+09:00,210336.890625,222135.70234375,206074.76302083334,33.58210348098112,-2722.663831698682,0.024139361893127254,0.027821417767517773,1,1,-1,0.5,False,Trend,Trend,False
2025-02-12 00:00:00+09:00,222206.921875,221850.821875,206709.41380208332,44.02516361107546,-1782.945408231162,0.026935631218521376,0.028637236239505832,1,1,-1,0.5,False,Trend,Trend,False
2025-02-13 00:00:00+09:00,224580.9375,221684.6421875,207481.75703125,45.398788240970866,-967.4739118458631,0.027066420410058144,0.02826659261230281,1,1,-1,0.5,False,Trend,Trend,False
2025-02-14 00:00:00+09:00,214135.3125,221233.58125,208113.24270833333,36.93183305523167,-1088.540792560609,0.028718293823395653,0.028977206180296155,1,1,-1,0.5,False,Trend,Trend,False
2025-02-17 00:00:00+09:00,214135.3125,220735.040625,208629.19322916667,40.37268350313908,-1121.1688690667945,0.028684869565173975,0.028605545442734377,1,1,-1,0.5,False,Trend,Trend,False
2025-02-18 00:00:00+09:00,220782.53125,220212.76015625,209308.15911458334,54.48277161191224,-669.8894566019185,0.02864125051781301,0.028708968281254722,1,1,-1,0.5,False,Trend,Trend,False
2025-02-19 00:00:00+09:00,226954.9375,219999.1,210014.03020833334,56.8627446762976,32.26237167367685,0.029411631625395066,0.028743668317639953,1,1,1,1.0,False,Trend,Trend,False
2025-02-20 00:00:00+09:00,206538.484375,218764.6171875,210303.65885416666,42.32804481545731,-842.0642104759414,0.03605664287121558,0.031250459009249186,1,1,-1,0.5,False,Trend,Trend,False
2025-02-21 00:00:00+09:00,203214.875,217340.2140625,210461.92604166668,43.47826786806552,-1565.9186838324376,0.036082855303283055,0.031192591887312472,1,1,-1,0.5,False,Trend,Trend,False
2025-02-24 00:00:00+09:00,200840.875,215583.45,210670.83880208334,38.41808235233747,-2093.343609635333,0.0356168271160666,0.031002906073769855,1,1,-1,0.5,False,Trend,Trend,False
2025-02-25 00:00:00+09:00,212236.09375,214752.54765625,211019.02630208334,48.936162391594465,-1586.51128761982,0.037853167964528735,0.03172689529016785,1,1,-1,0.5,False,Trend,Trend,False
2025-02-26 00:00:00+09:00,211286.515625,214586.36875,211113.98697916666,47.02702625779932,-1242.1956641083773,0.035084002271139905,0.03037069364499223,1,1,-1,0.5,False,Trend,Trend,False
2025-02-27 00:00:00+09:00,210411.796875,214257.753125,211202.28229166666,47.84366257311984,-1010.1833870704717,0.03497963214814672,0.030374455356286932,1,1,-1,0.5,False,Trend,Trend,False
2025-02-28 00:00:00+09:00,207982.109375,213641.47265625,211305.47630208332,50.30078388178167,-957.6551995255397,0.03481780168142901,0.030336384387969446,1,1,-1,0.5,False,Trend,Trend,False
2025-03-04 00:00:00+09:00,228877.5,214354.84296875,211772.75338541667,59.25476102714364,470.35690773550004,0.04069818367007734,0.03272147982415993,1,1,1,1.0,False,Trend,Trend,False
2025-03-05 00:00:00+09:00,243941.625,215536.53828125,212601.88619791667,60.51387031416119,2312.427146158211,0.04263362819905561,0.03332401505545446,1,1,1,1.0,False,Trend,Trend,False
2025-03-06 00:00:00+09:00,239568.171875,216808.18125,213500.56822916667,57.1122927243782,3071.72531834629,0.04226737281727301,0.032833376751630144,1,1,1,1.0,False,Trend,Trend,False
2025-03-07 00:00:00+09:00,226933.75,217329.40234375,214161.77109375,55.94997862918188,2578.3624614901146,0.04429399188656573,0.03368160906216902,1,-1,1,0.19999999999999996,True,Defensive,Trend,False
2025-03-10 00:00:00+09:00,226447.8125,217945.02734375,214849.69427083334,55.69832049957783,2095.130118044834,0.044197236524613125,0.033636094189473865,1,-1,1,0.19999999999999996,True,Defensive,Defensive,False
2025-03-11 00:00:00+09:00,210897.734375,218115.509375,215291.11067708334,45.77352710766464,677.4457346432714,0.04663642895829921,0.03497474011286841,1,-1,1,0.19999999999999996,True,Defensive,Defensive,False
2025-03-12 00:00:00+09:00,206524.28125,217924.87890625,215737.18697916667,41.12791641923265,-539.8956650645855,0.04677713022768191,0.03491777964450459,1,-1,-1,-0.30000000000000004,True,Defensive,Defensive,False
2025-03-13 00:00:00+09:00,208468.046875,217237.93515625,216237.81692708333,50.998041610444055,-1163.4702422673004,0.044991732727773355,0.03490570750688852,1,1,-1,0.5,False,Trend,Defensive,False
2025-03-14 00:00:00+09:00,207982.109375,216407.99375,216602.15130208334,52.540363573992465,-1534.6006617336539,0.044875415193536786,0.03452049758015393,-1,1,-1,-0.19999999999999996,False,MeanReversion,Defensive,False
2025-03-17 00:00:00+09:00,210411.796875,216221.81796875,216769.57994791667,55.097127167430926,-1538.4826625402554,0.043774616940752194,0.03323533574202884,-1,-1,-1,-1.0,True,Defensive,Defensive,False
2025-03-18 00:00:00+09:00,214299.3125,216230.01796875,217017.62734375,51.19429989204396,-1215.4352700419772,0.04398482531875683,0.03330312426655855,-1,-1,-1,-1.0,True,Defensive,Defensive,False
2025-03-19 00:00:00+09:00,212841.5,215832.96640625,217241.37786458334,50.894841893192286,-1042.7656760589632,0.043409698075585784,0.03331894692550771,-1,-1,-1,-1.0,True,Defensive,Defensive,False
2025-03-20 00:00:00+09:00,203608.65625,214665.65234375,217350.81432291667,46.42857670167594,-1467.2092549015679,0.043822613099985516,0.03379277121120466,-1,1,-1,-0.19999999999999996,False,MeanReversion,Defensive,False
2025-03-21 00:00:00+09:00,207496.171875,214713.53671875,217509.21614583334,49.74874469293855,-1403.0070182655727,0.038762418751665306,0.03387189084568582,-1,1,-1,-0.19999999999999996,False,MeanReversion,Defensive,False
2025-03-24 00:00:00+09:00,205066.46875,214806.11640625,217611.29609375,34.7826095639809,-1435.8490441202157,0.03867577194558689,0.03390618989367934,-1,1,-1,-0.19999999999999996,False,MeanReversion,Defensive,False
2025-03-25 00:00:00+09:00,201178.953125,214823.0203125,217569.45052083334,18.115940171726805,-1617.5564980002237,0.038833444579080965,0.03386186479492765,-1,1,-1,-0.19999999999999996,False,MeanReversion,Defensive,False
2025-03-26 00:00:00+09:00,201664.890625,214294.46015625,217567.35755208333,19.999995053197907,-1600.2542134636778,0.0366222524991511,0.033841993025338635,-1,1,-1,-0.19999999999999996,False,MeanReversion,Defensive,False
2025-03-27 00:00:00+09:00,190877.03125,213273.9859375,217108.49947916667,20.60221114971428,-2174.943570559788,0.03845681277409738,0.032942898308790644,-1,1,-1,-0.19999999999999996,False,MeanReversion,Defensive,False
2025-03-28 00:00:00+09:00,195347.6875,212520.78046875,216787.459375,26.190483025978395,-2111.8356972632246,0.038972630783908474,0.0330413717336112,-1,1,-1,-0.19999999999999996,False,MeanReversion,Defensive,False
2025-03-31 00:00:00+09:00,195347.6875,211889.059375,216316.065625,34.37501668156625,-1932.7706320135449,0.038935230184946976,0.03256269427303675,-1,1,-1,-0.19999999999999996,False,MeanReversion,Defensive,False
2025-04-01 00:00:00+09:00,197777.375,210334.053125,215956.38671875,40.853661724590005,-1530.9505766365073,0.0315566741694089,0.03253836258342511,-1,1,-1,-0.19999999999999996,False,MeanReversion,Defensive,False
2025-04-02 00:00:00+09:00,200207.078125,208147.32578125,215684.68255208334,41.44869299905025,-1007.0857370133308,0.027262196553508748,0.0325526415292073,-1,1,-1,-0.19999999999999996,False,MeanReversion,Defensive,False
2025-04-03 00:00:00+09:00,201664.890625,206252.16171875,215389.79557291666,43.5897362719879,-493.9158886303312,0.02744883593591763,0.032517742835934005,-1,1,-1,-0.19999999999999996,False,MeanReversion,MeanReversion,False
2025-04-04 00:00:00+09:00,198263.3125,204818.63984375,215164.82890625,37.911027370572306,-323.3398880313707,0.02538165491161494,0.03228041959798743,-1,1,-1,-0.19999999999999996,False,MeanReversion,MeanReversion,False
2025-04-07 00:00:00+09:00,180963.859375,202544.4421875,214619.88489583333,23.816792693975174,-1262.629907412671,0.03159747938629055,0.034283900013527886,-1,1,-1,-0.19999999999999996,False,MeanReversion,MeanReversion,True
2025-04-08 00:00:00+09:00,186503.578125,201324.734375,214072.309375,30.559545357143435,-1387.9029299652066,0.029536704454860747,0.03434258169425467,-1,1,-1,-0.19999999999999996,False,MeanReversion,MeanReversion,True
2025-04-09 00:00:00+09:00,190002.34375,200498.6375,213519.73958333334,39.02821253418903,-1123.4843990668915,0.02981531836317055,0.03435697491710636,-1,1,-1,-0.19999999999999996,False,MeanReversion,MeanReversion,True
2025-04-10 00:00:00+09:00,207010.21875,200425.74609375,213171.50104166666,49.67657574820391,236.0044404066848,0.03590737399140228,0.03608545069485538,-1,1,1,0.30000000000000004,False,Trend,MeanReversion,False
2025-04-11 00:00:00+09:00,214785.25,200765.903125,212952.84635416666,56.0386409645329,1620.83906246696,0.036851125862118375,0.036425541665696844,-1,1,1,0.30000000000000004,False,Trend,Trend,False
2025-04-14 00:00:00+09:00,219644.640625,201227.5453125,212894.31484375,61.336506035052686,2759.20101749923,0.03708263492899236,0.03645151202759645,-1,1,1,0.30000000000000004,False,Trend,Trend,False
2025-04-15 00:00:00+09:00,219644.640625,201494.81171875,212819.95677083332,61.1044332271434,3367.000130557873,0.03688818399455548,0.03644672793138912,-1,1,1,0.30000000000000004,False,Trend,Trend,False
2025-04-16 00:00:00+09:00,219644.640625,201834.96875,212626.8984375,70.49860616866394,3602.716824759179,0.036841255416023067,0.03620970753859535,-1,1,-1,-0.19999999999999996,False,MeanReversion,Trend,False
2025-04-17 00:00:00+09:00,223532.171875,202831.14453125,212498.63229166667,70.25138883930285,3832.744650636499,0.035350189134196325,0.036287496846019465,-1,1,-1,-0.19999999999999996,False,MeanReversion,MeanReversion,False
2025-04-18 00:00:00+09:00,219644.640625,203438.56796875,212305.57395833332,66.5343708591104,3542.226440194917,0.03551654554794743,0.03635350046001437,-1,1,1,0.30000000000000004,False,Trend,MeanReversion,False
2025-04-21 00:00:00+09:00,215757.125,203973.10078125,212039.81041666667,61.997392632727795,2932.597050066184,0.035673941028894714,0.036417312187890405,-1,1,1,0.30000000000000004,False,Trend,MeanReversion,False
2025-04-22 00:00:00+09:00,224018.109375,205115.05859375,211840.50963541667,64.74126516489954,2923.517641724196,0.0361112317959096,0.036676433606182474,-1,1,1,0.30000000000000004,False,Trend,Trend,False
2025-04-23 00:00:00+09:00,226933.75,206378.5015625,211808.503125,65.36642376825421,2943.5366464682324,0.03614237542689032,0.0365078169333416,-1,1,1,0.30000000000000004,False,Trend,Trend,False
2025-04-24 00:00:00+09:00,242483.8125,208958.840625,212273.06510416666,73.42944489480182,3780.334915811838,0.035557691493778264,0.036511455394345235,-1,1,-1,-0.19999999999999996,False,MeanReversion,Trend,False
2025-04-25 00:00:00+09:00,258033.875,212093.15,212957.22786458334,91.6054440796216,5076.592108583801,0.03723364304629166,0.037312830829860234,-1,1,-1,-0.19999999999999996,False,MeanReversion,MeanReversion,False
2025-04-28 00:00:00+09:00,259005.75,215276.053125,213602.19505208332,91.16996386201733,5650.960860103249,0.037169128523078174,0.03727805542677921,1,1,-1,0.5,False,Trend,MeanReversion,False
2025-04-29 00:00:00+09:00,261921.40625,218483.2546875,214390.71692708333,91.11109880518597,5853.92245837026,0.03717292293482262,0.03709887448464975,1,1,-1,0.5,False,Trend,Trend,False
2025-04-30 00:00:00+09:00,264351.0625,221690.45390625,215124.77265625,89.33331475534939,5769.096007946843,0.037186612841626894,0.03698598915500926,1,1,-1,0.5,False,Trend,Trend,False
2025-05-02 00:00:00+09:00,269696.40625,225092.0296875,216050.79088541667,88.96549965406518,5681.259754587611,0.03717616326901732,0.036816012197801125,1,1,-1,0.5,False,Trend,Trend,False
2025-05-07 00:00:00+09:00,272126.125,228785.1703125,216977.7375,88.57141479106325,5397.124420351654,0.03646293342598006,0.03681016997735674,1,1,-1,0.5,False,Trend,Trend,False
2025-05-08 00:00:00+09:00,278929.28125,233683.44140625,218057.63697916668,89.61037686585628,5271.648894721933,0.026347727685488345,0.03685496504027854,1,1,-1,0.5,False,Trend,Trend,False
2025-05-09 00:00:00+09:00,275527.6875,238134.646875,219191.63020833334,85.7142571835135,4588.937438747938,0.027315603600051083,0.03661972213435004,1,1,-1,0.5,False,Trend,Trend,False
2025-05-12 00:00:00+09:00,265322.9375,241900.6765625,220108.06432291667,74.712603533227,3148.1295046064097,0.030170599378069738,0.03700648973784335,1,1,-1,0.5,False,Trend,Trend,False
2025-05-13 00:00:00+09:00,275041.78125,245302.2546875,220988.6453125,80.6451440031352,2571.992901483869,0.02593206150438226,0.03664308622771332,1,1,-1,0.5,False,Trend,Trend,False
2025-05-14 00:00:00+09:00,279901.15625,248558.05,221910.64895833333,85.10635677794635,2252.035534829831,0.025397426051939242,0.03667638172518392,1,1,-1,0.5,False,Trend,Trend,False
2025-05-15 00:00:00+09:00,280873.03125,251619.46953125,223022.94427083334,83.81499860510337,1856.1950318271738,0.025391470212243007,0.03605299826283961,1,1,-1,0.5,False,Trend,Trend,False
2025-05-16 00:00:00+09:00,278929.28125,254583.7015625,224102.84375,81.28652837484482,1243.2440423091193,0.025614942807069604,0.036078897431730074,1,1,-1,0.5,False,Trend,Trend,False
2025-05-19 00:00:00+09:00,279901.15625,257596.52734375,225088.15416666667,77.30494157289124,709.5790811098414,0.025541258748132643,0.03591505599355589,1,1,-1,0.5,False,Trend,Trend,False
2025-05-20 00:00:00+09:00,271154.25,259977.63125,225824.809375,60.62991807014168,-368.262523248095,0.027307638211334306,0.03607003047066333,1,1,-1,0.5,False,Trend,Trend,False
2025-05-21 00:00:00+09:00,283302.71875,263160.53515625,227104.21328125,66.66665237591592,-396.34790525876815,0.027537442968200848,0.03411346029745278,1,1,-1,0.5,False,Trend,Trend,False
2025-05-22 00:00:00+09:00,279901.15625,266367.73671875,228382.31796875,62.25164603970938,-756.4574517435194,0.027228272719258585,0.03407339080601369,1,1,-1,0.5,False,Trend,Trend,False
2025-05-23 00:00:00+09:00,280387.09375,269186.1859375,229708.08828125,61.224501402316235,-1055.9804870248154,0.026701115327230202,0.0340031728119058,1,1,-1,0.5,False,Trend,Trend,False
2025-05-26 00:00:00+09:00,288162.125,272247.6046875,230973.52213541666,62.50000528851829,-834.2478507859851,0.026943309909705088,0.03350081990358684,1,1,-1,0.5,False,Trend,Trend,False
2025-05-27 00:00:00+09:00,287676.1875,274507.2234375,232246.68333333332,60.81080728770623,-822.720156119085,0.02383673083406116,0.033489207464957184,1,1,-1,0.5,False,Trend,Trend,False
2025-05-28 00:00:00+09:00,281358.96875,275673.478125,233429.13619791667,51.700672832106946,-1313.8127480698258,0.021164965405580993,0.03365483314160054,1,1,-1,0.5,False,Trend,Trend,False
2025-05-29 00:00:00+09:00,301768.4375,277811.6125,234992.24166666667,64.835172600943,-385.5649102927746,0.025759984004089628,0.03461494886866052,1,1,-1,0.5,False,Trend,Trend,False
2025-05-30 00:00:00+09:00,307599.71875,280095.528125,236304.27864583334,75.14453595900022,454.1706376075017,0.02587866185157828,0.03261152223319027,1,1,-1,0.5,False,Trend,Trend,False
2025-06-02 00:00:00+09:00,303712.1875,282063.584375,237300.4546875,68.32297541220319,573.1410163786604,0.026287587072027316,0.0317569909270795,1,1,1,1.0,False,Trend,Trend,False
2025-06-04 00:00:00+09:00,318290.375,284493.2828125,238612.49140625,71.82320795321189,1411.2458538651535,0.02764249981873093,0.032108837029279004,1,1,-1,0.5,False,Trend,Trend,False
2025-06-05 00:00:00+09:00,310029.40625,286388.446875,239997.41901041666,65.30612780578329,1195.3972874329302,0.028700992330823627,0.031436430978243564,1,1,1,1.0,False,Trend,Trend,False
2025-06-09 00:00:00+09:00,312459.09375,288064.9375,241430.94036458334,67.51268704123117,1009.7944387508633,0.028384899769510644,0.031423275949618676,1,1,1,1.0,False,Trend,Trend,False
2025-06-10 00:00:00+09:00,326065.40625,290591.8234375,243350.4015625,71.30044894776427,1563.8431990994377,0.02920059977438399,0.030134459116054464,1,1,-1,0.5,False,Trend,Trend,False
2025-06-11 00:00:00+09:00,327037.28125,293677.540625,245358.9515625,77.77777432590328,1742.5825071319668,0.027161064765241338,0.029912202624210297,1,1,-1,0.5,False,Trend,Trend,False
2025-06-12 00:00:00+09:00,330924.78125,296471.690625,247399.89713541666,75.78947047769648,1858.811989571801,0.026495478220401332,0.029916242128438363,1,1,-1,0.5,False,Trend,Trend,False
2025-06-13 00:00:00+09:00,340643.59375,299508.8125,249610.921875,80.78816750848364,2297.6727150345832,0.026804685110167925,0.030010788103513094,1,1,-1,0.5,False,Trend,Trend,False
2025-06-16 00:00:00+09:00,357165.53125,303323.4375,252056.81744791666,83.47456657227501,3344.6693320771337,0.0280263613864898,0.030431166616894118,1,1,-1,0.5,False,Trend,Trend,False
2025-06-17 00:00:00+09:00,354735.84375,307113.765625,254397.42630208333,80.4444425390102,3500.8768406533054,0.028022154257954762,0.030471298924971156,1,1,-1,0.5,False,Trend,Trend,False
2025-06-18 00:00:00+09:00,358137.4375,311025.5796875,256819.02526041667,81.38528078270276,3454.7258777396746,0.027957585352645052,0.030405874733594438,1,1,-1,0.5,False,Trend,Trend,False
2025-06-19 00:00:00+09:00,368342.125,315884.9734375,259564.58307291666,87.44769559245142,3710.4433857311597,0.02613544971194234,0.0296947983316495,1,1,-1,0.5,False,Trend,Trend,False
2025-06-20 00:00:00+09:00,364940.5625,319966.865625,262188.65625,81.86275066105291,3265.185129458987,0.025781563410294264,0.029772376206955053,1,1,-1,0.5,False,Trend,Trend,False
2025-06-23 00:00:00+09:00,364940.5625,324218.8359375,264853.2244791667,80.72917067896654,2613.5477725425044,0.025308628779137535,0.029668945672732473,1,1,-1,0.5,False,Trend,Trend,False
2025-06-24 00:00:00+09:00,380976.5625,329248.309375,267849.85130208335,86.6359625908542,2884.1391535391012,0.02599218490385291,0.029733043192538406,1,1,-1,0.5,False,Trend,Trend,False
2025-06-25 00:00:00+09:00,353763.96875,332528.4015625,270384.8359375,65.02059061631059,951.9830405405373,0.03258660156764743,0.03167003390816715,1,1,1,1.0,False,Trend,Trend,False
2025-06-26 00:00:00+09:00,352306.125,335759.8984375,273075.32083333336,68.99563404618357,-618.0874959115899,0.03263823423700865,0.030580611913980572,1,1,-1,0.5,False,Trend,Trend,False
2025-06-27 00:00:00+09:00,356914.65625,339537.6828125,275768.1036458333,69.5910359640024,-1490.3534890370101,0.03173937166347512,0.03053586587366186,1,1,-1,0.5,False,Trend,Trend,False
