Date,Close,High,Low,Volume,MA20,MA60,Vol20,Vol60,RSI14,MACD,MACD_signal,MACD_hist,Return,sig_trend,sig_vol,sig_mom,composite,strategy
2018-01-02 00:00:00+09:00,97308.2890625,99118.67597377939,90971.93487302214,473550,,,,,,0.0,0.0,0.0,,-1,-1,-1,-1.0,Defensive
2018-01-03 00:00:00+09:00,105907.6328125,107718.0198250003,95497.90749062327,583444,,,,,,685.9875356125267,137.19750712250536,548.7900284900213,0.08837216061292308,-1,-1,-1,-1.0,Defensive
2018-01-04 00:00:00+09:00,112696.5859375,114959.5697398347,105907.63453049592,582764,,,,,,1757.1935460142267,461.19671490084966,1295.996831113377,0.0641025858544042,-1,-1,-1,-1.0,Defensive
2018-01-05 00:00:00+09:00,111338.7890625,118127.74006745532,108623.20866051788,554621,,,,,,2468.118235975504,862.5810191157806,1605.5372168597232,-0.012048252071744314,-1,-1,-1,-1.0,Defensive
2018-01-08 00:00:00+09:00,112243.984375,114054.3713394156,111338.7908927922,203142,,,,,,3069.193123569392,1303.903440006503,1765.289683562889,0.008130098415134235,-1,-1,-1,-1.0,Defensive
2018-01-09 00:00:00+09:00,111791.390625,112696.58413142727,110433.60036535909,162942,,,,,,3469.0398375125224,1736.9307195077067,1732.1091180048156,-0.004032231682794762,-1,-1,-1,-1.0,Defensive
2018-01-10 00:00:00+09:00,115864.765625,119485.53978261774,111791.39469768004,578955,,,,,,4067.7184329094307,2203.0882621880514,1864.6301707213793,0.03643728714015171,-1,-1,-1,-1.0,Defensive
2018-01-11 00:00:00+09:00,118580.34375,119485.53727037227,114959.56966851091,220416,,,,,,4707.0401636858005,2703.8786424876016,2003.161521198199,0.023437479982387766,-1,-1,-1,-1.0,Defensive
2018-01-12 00:00:00+09:00,118580.34375,121295.92431111682,117675.15022962773,173918,,,,,,5154.291774252066,3193.961268840495,1960.3305054115708,0.0,-1,-1,-1,-1.0,Defensive
2018-01-15 00:00:00+09:00,122201.109375,123106.30283273161,119485.52900180517,232484,,,,,,5734.800216727046,3702.1290584178055,2032.6711583092406,0.030534281740939972,-1,-1,-1,-1.0,Defensive
2018-01-16 00:00:00+09:00,123106.3046875,123558.90142318481,119485.53080202155,151397,,,,,,6196.469987563847,4200.997244247014,1995.4727433168327,0.007407423035106886,-1,-1,-1,-1.0,Defensive
2018-01-17 00:00:00+09:00,121295.9140625,122201.10750639006,119485.5271747199,140005,,,,,,6343.143405027833,4629.426476403178,1713.7169286246553,-0.014705913150391381,-1,-1,-1,-1.0,Defensive
2018-01-18 00:00:00+09:00,121748.515625,123106.30584481897,119485.53192530172,143433,,,,,,6421.876909108993,4987.9165629443405,1433.960346164652,0.003731383418791756,-1,-1,-1,-1.0,Defensive
2018-01-19 00:00:00+09:00,120843.3203125,122201.11051172772,119485.53011327227,121211,,,,,,6338.169607786709,5257.967171912815,1080.2024358738945,-0.0074349597434774095,-1,-1,-1,-1.0,Defensive
2018-01-22 00:00:00+09:00,123106.3046875,124916.6990490065,120843.32100907597,117495,,,,,87.01296808910338,6380.8800813058915,5482.54975379143,898.3303275144617,0.018726598782191184,-1,-1,-1,-1.0,Defensive
2018-01-23 00:00:00+09:00,127179.6796875,127632.2838575354,124464.09917989286,366708,,,,,85.07460571659412,6666.567716327394,5719.353346298623,947.2143700287706,0.03308827285767446,-1,-1,-1,-1.0,Defensive
2018-01-24 00:00:00+09:00,127632.2734375,128537.46686613475,125369.2824471462,248577,,,,,81.13204781889632,6850.529123066997,5945.588501652299,904.9406214146984,0.0035586954701576357,-1,-1,-1,-1.0,Defensive
2018-01-25 00:00:00+09:00,128084.8671875,129442.66479643963,126727.08441609475,468060,,,,,86.27450117648971,6952.694067115794,6147.0096147449985,805.684452370795,0.003546076065326975,-1,-1,-1,-1.0,Defensive
2018-01-26 00:00:00+09:00,128537.484375,130347.87147887323,126727.09727112677,196234,,,,,86.00000276183775,6989.611060263807,6315.529903848761,674.0811564150463,0.00353372882713332,-1,-1,-1,-1.0,Defensive
2018-01-29 00:00:00+09:00,129442.671875,132158.25240384616,128537.47836538461,284694,118874.528515625,,,,88.23528018103579,7011.08963255625,6454.641849590259,556.4477829659909,0.00704220643807818,-1,-1,-1,-1.0,Defensive
2018-01-30 00:00:00+09:00,129895.265625,131253.06335432988,128537.48273320582,366139,120503.87734375,,0.024770026767421523,,86.04649202318339,6984.123461189287,6560.538171910065,423.5852892792218,0.0034964802830790287,-1,-1,-1,-1.0,Defensive
2018-01-31 00:00:00+09:00,131994.71875,131994.71875,122023.8946717626,579930,121808.231640625,,0.018482757633697732,,85.59030440712536,7050.882710560589,6658.607079640171,392.2756309204178,0.016162660855253863,-1,-1,-1,-1.0,Defensive
2018-02-01 00:00:00+09:00,132944.3125,136267.9203125,130095.50580357142,214107,122820.61796875,,0.014031684030510836,,86.2815526853576,7098.586094420607,6746.6028825962585,351.9832118243485,0.007194179880776419,-1,-1,-1,-1.0,Defensive
2018-02-02 00:00:00+09:00,131994.71875,134843.5256294964,131045.11645683453,149231,123853.414453125,,0.01369261597418698,,78.596201961067,6979.313904061128,6793.1450868892325,186.16881717189517,-0.007142793340632725,-1,-1,-1,-1.0,Defensive
2018-02-05 00:00:00+09:00,125347.4921875,130570.30436197916,125347.4921875,176805,124508.58984375,,0.01920151861373151,,54.900698635528734,6276.067602878495,6689.729590087085,-413.6619872085903,-0.05035979185720263,-1,-1,-1,-1.0,Defensive
2018-02-06 00:00:00+09:00,124872.6953125,126297.09868108365,118700.28071530418,331436,125162.655078125,,0.019195166114710793,,58.30634872484118,5615.693483970419,6474.922368863752,-859.2288848933331,-0.0037878450275636855,-1,-1,-1,-1.0,Defensive
2018-02-07 00:00:00+09:00,121074.28125,128671.09889705882,120599.48014705881,315183,125423.130859375,,0.019452459285804816,,48.644821422066,4731.302457230806,6126.198386537164,-1394.895929306358,-0.030418291628880767,-1,-1,-1,-1.0,Defensive
2018-02-08 00:00:00+09:00,125822.296875,126771.89911556603,122023.88791273584,288096,125785.228515625,,0.02058809140734348,,58.6684247193377,4363.244609133035,5773.6076310563385,-1410.3630219233037,0.039215724231276505,-1,-1,-1,-1.0,Defensive
2018-02-09 00:00:00+09:00,123448.2890625,126297.09573317308,122498.6868389423,246646,126028.62578125,,0.021164929815117927,,50.59310376971955,3835.77707234268,5386.041519313607,-1550.2644469709267,-0.018867942101378876,-1,-1,-1,-1.0,Defensive
2018-02-12 00:00:00+09:00,122973.484375,125347.48986486487,120124.67778716216,186031,126067.24453125,,0.020131509795331223,,41.66479080737087,3340.930314061421,4977.019278263169,-1636.0889642017482,-0.00384618281148974,-1,-1,-1,-1.0,Defensive
2018-02-13 00:00:00+09:00,118700.28125,122973.491375,116326.275625,318295,125846.943359375,,0.021560451026528826,,34.627631553117524,2574.2742819144332,4496.470278993422,-1922.1959970789885,-0.034748979804208324,-1,-1,-1,-1.0,Defensive
2018-02-14 00:00:00+09:00,122973.484375,122973.484375,118700.27449324324,165961,125930.821875,,0.022850239363278256,,42.225492411900355,2285.1636879882717,4054.208960792392,-1769.0452728041205,0.03599994102794102,-1,-1,-1,-1.0,Defensive
2018-02-19 00:00:00+09:00,127246.703125,128196.30538712688,124872.69746968284,315009,126205.73125,,0.024045333869732507,,48.24112193468497,2373.494334479299,3718.0660355297737,-1344.5717010504745,0.03474910686411947,-1,-1,-1,-1.0,Defensive
2018-02-20 00:00:00+09:00,122498.6875,126771.89752906977,122023.88638565892,148923,126288.499609375,,0.02561257026633386,,41.434823014802,2036.8918072631204,3381.831189876443,-1344.9393826133228,-0.03731346674134117,-1,-1,-1,-1.0,Defensive
2018-02-21 00:00:00+09:00,121549.0859375,123448.29040527344,120599.48370361328,239155,126210.638671875,,0.025320634926793255,,39.82995455465408,1674.207744689047,3040.306500838964,-1366.0987561499169,-0.007751932546216089,-1,-1,-1,-1.0,Defensive
2018-02-22 00:00:00+09:00,118700.28125,120599.48574999999,116801.07675,225756,125786.66875,,0.024553285925955525,,34.09090229162928,1143.7191992855514,2660.9890405282817,-1517.2698412427303,-0.023437483429244677,-1,-1,-1,-1.0,Defensive
2018-02-23 00:00:00+09:00,123448.2890625,123923.09017427884,119649.88016826923,354833,125577.46953125,,0.026320447351078854,,39.583333690413525,1093.8188914989296,2347.555010722411,-1253.7361192234816,0.03999997104050679,-1,-1,-1,-1.0,Defensive
2018-02-26 00:00:00+09:00,123923.0859375,125822.2903196839,122973.48374640803,301314,125369.38046875,,0.026323644244020616,,41.05261845200805,1080.1335703954537,2094.07072265702,-1013.9371522615661,0.0038461195258818748,-1,-1,-1,-1.0,Defensive
2018-02-27 00:00:00+09:00,122498.6875,125347.49418604652,121549.08527131783,383048,125067.440625,,0.026383544251856867,,46.42857352732906,943.4750124608836,1863.9515806177928,-920.4765681569093,-0.011494213743340698,-1,-1,-1,-1.0,Defensive
2018-02-28 00:00:00+09:00,124397.890625,125347.49284351146,121074.28286020993,552077,124815.2015625,,0.026606241717039257,,49.42528300851934,977.1578729114408,1686.5928390765225,-709.4349661650817,0.015503865092432179,-1,-1,-1,-1.0,Defensive
2018-03-02 00:00:00+09:00,124397.890625,124872.69173425573,121074.28286020993,404628,124540.3328125,,0.026579852574310028,,54.430382646961554,992.4118761372374,1547.7566464886654,-555.344770351428,0.0,-1,-1,-1,-1.0,Defensive
2018-03-05 00:00:00+09:00,117275.875,124872.69281376518,117275.875,403601,123804.390625,,0.02905221153026037,,39.28570868902618,424.9154826402373,1323.18841371898,-898.2729310787427,-0.05725190024700233,-1,-1,-1,-1.0,Defensive
2018-03-06 00:00:00+09:00,131994.71875,133893.92333633095,120599.49123201439,956555,123756.9109375,,0.04017107475253426,,58.18182824475382,1149.6062372207525,1288.4719784193346,-138.8657411985821,0.12550615162751932,-1,-1,-1,-1.0,Defensive
2018-03-07 00:00:00+09:00,130095.5078125,139116.72915716242,129145.90556569344,633769,123661.950390625,,0.04026969536210058,,56.637174713502965,1552.778961752847,1341.3333750860372,211.44558666680973,-0.014388537325475403,-1,-1,1,-0.5,Defensive
2018-03-08 00:00:00+09:00,137217.53125,138641.9346885813,132469.5197880623,682091,124255.45234375,,0.040120377767216116,,66.3865571781202,2419.098163032919,1556.8863326754135,862.2118303575053,0.054744576175255855,-1,-1,1,-0.5,Defensive
2018-03-09 00:00:00+09:00,135318.328125,146238.75460526315,133419.12351973684,710732,124777.733984375,,0.04029478494869493,,61.403518900740444,2918.7668245710665,1829.2624310545443,1089.5043935165222,-0.013840819811426264,-1,-1,1,-0.5,Defensive
2018-03-12 00:00:00+09:00,138167.140625,140066.34530713057,133893.93009020618,314976,125632.376953125,,0.039590174993249,,60.36036890733083,3504.2385186585598,2164.2576485753475,1339.9808700832123,0.02105267290450419,-1,-1,1,-0.5,Defensive
2018-03-13 00:00:00+09:00,135318.328125,138167.13503289473,132944.32236842107,255500,126107.178515625,,0.03929775284077754,,62.616829040926184,3695.7513727879705,2470.556393417872,1225.1949793700983,-0.020618596340008066,-1,-1,1,-0.5,Defensive
2018-03-14 00:00:00+09:00,132469.5,135318.3064516129,129620.69354838709,238503,126558.2390625,,0.039368586439040364,,60.36034206450984,3576.42328701714,2691.729772137726,884.6935148794141,-0.021052788372971976,-1,-1,1,-0.5,Defensive
2018-03-15 00:00:00+09:00,135318.328125,135318.328125,129145.91315789474,251879,127175.48125,,0.039521401036043645,,65.76575508206219,3669.43260543581,2887.2703387973424,782.1622666384674,0.021505539954480124,-1,-1,1,-0.5,Defensive
2018-03-16 00:00:00+09:00,135318.328125,137217.53273026316,134368.72582236843,286537,128006.38359375,,0.03840585438631309,,62.37623278475562,3700.486258265999,3049.913522691074,650.572735574925,0.0,-1,-1,1,-0.5,Defensive
2018-03-19 00:00:00+09:00,134368.71875,136267.92325530035,131519.91199204948,164888,128576.1453125,,0.03789855058408261,,60.784305501537105,3606.8929448621057,3161.3094071252804,445.5835377368253,-0.007017596124323955,-1,-1,1,-0.5,Defensive
2018-03-20 00:00:00+09:00,139116.734375,141490.74008105803,133419.12068046076,420070,129169.646875,,0.03792215345425003,,66.05502717514366,3871.219738407628,3303.29147338175,567.9282650258779,0.035335721506982054,-1,-1,1,-0.5,Defensive
2018-03-21 00:00:00+09:00,144339.53125,144814.33233963815,139591.52035361843,398187,130261.6890625,,0.03719627640012364,,68.10341941736115,4450.830284764859,3532.7992356583723,918.031049106487,0.037542549416963444,-1,-1,1,-0.5,Defensive
2018-03-22 00:00:00+09:00,141490.734375,150037.15457214764,141015.93325293626,410360,131258.771484375,,0.0375685319696488,,64.75408597907182,4626.964947469067,3751.632378020511,875.3325694485557,-0.01973677516013128,-1,-1,1,-0.5,Defensive
2018-03-23 00:00:00+09:00,140066.34375,144339.55423728813,138641.94025423727,354280,132327.074609375,,0.03709204104206508,,71.81817583482095,4598.606642494095,3921.027230915228,677.5794115788667,-0.010067024044308592,-1,-1,-1,-1.0,Defensive
2018-03-26 00:00:00+09:00,140066.34375,141965.54841101693,127246.71228813559,732838,133157.97734375,,0.03640022751802604,,60.759490243468605,4523.982823582133,4041.6183494486095,482.3644741335238,0.0,-1,-1,1,-0.5,Defensive
2018-03-27 00:00:00+09:00,139116.734375,142915.14350469282,138167.1320925768,285429,133917.659765625,,0.036515916355250866,,62.337655954671774,4338.20919396641,4100.9365183521695,237.27267561424014,-0.006779711310912262,-1,-1,1,-0.5,Defensive
2018-03-28 00:00:00+09:00,136267.9375,140066.34690766552,133893.93162020907,415769,134606.122265625,,0.036800090258244204,,48.52942599848234,3915.9673209744506,4063.942678876626,-147.97535790217535,-0.020477744016912047,-1,-1,-1,-1.0,Defensive
2018-03-29 00:00:00+09:00,130570.3046875,137692.32130681816,128196.29914772727,530692,134914.74296875,126201.491015625,0.038229460155888656,,43.42104380053048,3086.0126112687576,3868.3566653550524,-782.3440540862948,-0.041811983926886676,1,-1,-1,-0.30000000000000004,Defensive
2018-03-30 00:00:00+09:00,125347.4921875,132944.3098958333,122973.48665364583,762270,134962.223046875,126668.81106770833,0.03943625204817817,0.03130748132888038,33.33332656204071,1983.9603445618122,3491.4774011964046,-1507.5170566345923,-0.04000000239334667,1,1,-1,0.5,Trend
2018-04-02 00:00:00+09:00,119649.8828125,125822.29740203373,119175.08169022818,545347,135080.9234375,126897.84856770834,0.038539270197806355,0.030152913292969916,31.03448601947011,643.4096972038096,2921.863860397886,-2278.4541631940765,-0.04545451429117764,1,1,-1,0.5,Trend
2018-04-03 00:00:00+09:00,119649.8828125,121074.28617931549,117750.6783234127,308554,134463.681640625,127013.73684895833,0.026929950946722233,0.029102585078421492,33.333353647227696,-414.21157576559926,2254.648773165189,-2668.8603489307884,0.0,1,1,-1,0.5,Trend
2018-04-04 00:00:00+09:00,114901.875,120599.48863636363,114427.07386363637,411379,133704.0,127073.12161458333,0.02802221316429134,0.029546426982558414,24.705865500130272,-1616.8703293653962,1480.3449526590723,-3097.2152820244683,-0.03968251118089661,1,1,-1,0.5,Trend
2018-04-05 00:00:00+09:00,122973.484375,124397.88766891892,116326.26900337839,612806,132991.79765625,127251.94661458333,0.029787453259648662,0.030788408576069255,37.25487981932569,-1896.8093989451154,804.9140823382347,-2701.7234812833503,0.07024784734800882,1,1,-1,0.5,Trend
2018-04-06 00:00:00+09:00,121549.0859375,124872.69375610352,120124.68258666992,220302,132303.335546875,127414.57486979167,0.029757652742877224,0.030827360962754145,36.89319085532334,-2208.146045066591,202.30205685726963,-2410.4481019238606,-0.011582972091417565,1,1,-1,0.5,Trend
2018-04-09 00:00:00+09:00,120124.6796875,121549.08300395258,117750.67416007906,212694,131401.2125,127485.5734375,0.029133496564136576,0.030538202289327302,29.1666373860606,-2540.5345593205566,-346.2652663782956,-2194.269292942261,-0.011718773851844722,1,1,-1,0.5,Trend
2018-04-10 00:00:00+09:00,119175.078125,121074.28255727091,116326.27147659363,227670,130594.05,127495.48567708333,0.028953268371031893,0.03041239544014947,19.540218580764545,-2847.7526417494955,-846.5627414525356,-2001.1899002969599,-0.007905132941626647,1,1,-1,0.5,Trend
2018-04-11 00:00:00+09:00,119649.8828125,120599.48505704365,117750.6783234127,206316,129953.069140625,127513.311328125,0.028818438342056128,0.030416542499186957,21.951210702655217,-3018.1213906126213,-1280.8744712845528,-1737.2469193280685,0.003984093780093678,1,1,-1,0.5,Trend
2018-04-12 00:00:00+09:00,122498.6875,125347.49418604652,120599.48304263566,353541,129312.087109375,127518.27096354167,0.028931108230685204,0.030318947704006515,28.235274987436682,-2889.951559059671,-1602.6898888395767,-1287.2616702200944,0.023809506708537986,1,1,-1,0.5,Trend
2018-04-13 00:00:00+09:00,122498.6875,123923.09084302327,121549.08527131783,199051,128671.105078125,127508.14401041667,0.028931108230685204,0.030303633263387728,28.235274987436682,-2756.5996789647907,-1833.4718468646197,-923.127832100171,0.0,1,1,-1,0.5,Trend
2018-04-16 00:00:00+09:00,118700.28125,124397.89474999999,117750.679,255349,127887.683203125,127464.88346354167,0.02953358763285863,0.03051689930113961,26.373614451687928,-2923.7142352555384,-2051.520324542804,-872.1939107127346,-0.031007730184864246,1,1,-1,0.5,Trend
2018-04-17 00:00:00+09:00,115851.4765625,119649.88563012295,114901.87429559426,303980,126724.4203125,127366.59947916666,0.028145089953943596,0.030667314264704655,26.373609682915585,-3248.5808372182946,-2290.932427077902,-957.6484101403926,-0.023999982624304028,-1,1,-1,-0.19999999999999996,MeanReversion
2018-04-18 00:00:00+09:00,115851.4765625,118225.48222976434,113952.27202868852,242973,125300.017578125,127283.40208333333,0.026107176813689032,0.030655078246261184,30.379743671667782,-3466.085088474385,-2525.962959357199,-940.122129117186,0.0,-1,1,-1,-0.19999999999999996,MeanReversion
2018-04-19 00:00:00+09:00,114427.0703125,116326.27479901451,113952.26919087136,290770,123946.834375,127138.74817708334,0.026025497933373554,0.030585720224842152,33.802812984502864,-3710.622705971604,-2762.8949086800803,-947.7277972915235,-0.012295106564580993,-1,1,-1,-0.19999999999999996,MeanReversion
2018-04-20 00:00:00+09:00,115376.671875,116326.27411265431,113002.6662808642,206900,122712.35078125,126942.03138020834,0.02636633697178353,0.030290485101722366,42.6229450710703,-3784.1740171905694,-2967.150730382178,-817.0232868083913,0.00829874923745444,-1,1,-1,-0.19999999999999996,MeanReversion
2018-04-23 00:00:00+09:00,114427.0703125,115851.47367738589,113952.26919087136,228271,121430.387109375,126721.94466145833,0.026270973971026713,0.030294678765633947,41.2698358804365,-3874.426889744558,-3148.6059622546545,-725.8209274899036,-0.008230446823156767,-1,1,-1,-0.19999999999999996,MeanReversion
2018-04-24 00:00:00+09:00,111578.2578125,115376.66658909575,110628.65561835107,282354,120053.46328125,126446.83450520833,0.026470768213535566,0.03043551876661826,44.06777817534499,-4128.240514796897,-3344.532872763103,-783.7076420337935,-0.02489631598729125,-1,1,-1,-0.19999999999999996,MeanReversion
2018-04-25 00:00:00+09:00,106830.2578125,111103.468125,105880.65552083333,307780,118581.579296875,126085.04739583333,0.027383614943320613,0.03088480188198785,17.307702652459042,-4658.809702347338,-3607.3882386799505,-1051.4214636673878,-0.04255309316604228,-1,1,-1,-0.19999999999999996,MeanReversion
2018-04-26 00:00:00+09:00,113002.65625,114427.05948004202,106355.44117647059,448058,117703.196875,125811.04713541667,0.030345322621831997,0.03179570198334865,35.48384442859762,-4529.020903250421,-3791.7147715940446,-737.3061316563762,0.05777762371718054,-1,1,-1,-0.19999999999999996,MeanReversion
2018-04-27 00:00:00+09:00,112527.859375,114427.06375263713,110153.85390295359,254541,117062.215234375,125521.59036458333,0.029298144558216655,0.031787622617889706,36.66664929826636,-4413.597282553412,-3916.0912737859185,-497.5060087674933,-0.004201643490128082,-1,1,-1,-0.19999999999999996,MeanReversion
2018-04-30 00:00:00+09:00,113477.46875,113952.26987447699,112053.06537656904,177993,116753.59453125,125212.96953125,0.02777493009174751,0.031727867640992134,40.0,-4197.1159511519945,-3972.2962092591342,-224.8197418928603,0.008438882426754502,-1,1,-1,-0.19999999999999996,MeanReversion
2018-05-02 00:00:00+09:00,113952.265625,114427.06673177083,111578.26009114583,199287,116468.713671875,124896.43541666666,0.027811550718062707,0.031714727999507995,39.99998354572602,-3941.8021550266567,-3966.197398412639,24.395243385982212,0.004184062970650215,-1,1,-1,-0.19999999999999996,MeanReversion
2018-05-03 00:00:00+09:00,113477.46875,115376.67324790795,112053.06537656904,253077,116397.493359375,124587.81458333334,0.026343174558524265,0.03170972467728042,32.72725749686771,-3734.7246904837084,-3919.902856826853,185.17816634314477,-0.004166629530320098,-1,1,-1,-0.19999999999999996,MeanReversion
2018-05-04 00:00:00+09:00,118225.4765625,120124.68100527108,113477.4654555723,727152,116160.09296875,124469.11432291666,0.023154619387325114,0.031531203442758234,43.07691411956588,-3151.1650885998097,-3766.1553031814447,614.990214581635,0.041840973937832926,-1,1,-1,-0.19999999999999996,MeanReversion
2018-05-08 00:00:00+09:00,120599.484375,122973.48997293308,117750.67765748032,558630,116112.612890625,124397.894140625,0.023531132322139513,0.031643266111212646,53.22580730771456,-2468.670018450328,-3506.658246235221,1037.9882277848933,0.020080340393002993,-1,1,1,0.30000000000000004,Trend
2018-05-09 00:00:00+09:00,118225.4765625,120124.68100527108,117750.67545180723,295897,116017.652734375,124350.4140625,0.023805417102543813,0.03149610786260946,54.09835446493406,-2095.198207581634,-3224.366238504504,1129.16803092287,-0.019685057733067057,-1,1,1,0.30000000000000004,Trend
2018-05-10 00:00:00+09:00,119175.078125,122973.48698954182,118225.47590886454,465872,116017.652734375,124239.62708333334,0.023820568707427943,0.031102067135392472,55.555549751579676,-1702.9634937092342,-2920.0856895454504,1217.1221958362162,0.008032122940929698,-1,1,1,0.30000000000000004,Trend
2018-05-11 00:00:00+09:00,121549.0859375,123923.0915222168,119175.0803527832,486038,116112.612890625,124207.97369791666,0.024215932893868232,0.03112149294284764,61.538469327465826,-1186.8705619720567,-2573.442664030772,1386.5721020587152,0.019920337790842124,-1,1,1,0.30000000000000004,Trend
2018-05-14 00:00:00+09:00,122023.8828125,122973.4850133755,120124.67841074904,196622,116088.87265625,124192.14700520833,0.023636477992504623,0.03112240615705711,60.93750281200967,-731.1231232950959,-2204.978755883637,1473.855632588541,0.003906215100985211,-1,1,1,0.30000000000000004,Trend
2018-05-15 00:00:00+09:00,117750.6796875,121549.08870967742,117275.87855972782,245083,115851.472265625,124176.3203125,0.024929719361255775,0.03112780375831637,54.92958497219459,-706.6064548354188,-1905.3042956739935,1198.6978408385746,-0.03501939969871426,-1,1,1,0.30000000000000004,Trend
2018-05-16 00:00:00+09:00,116326.2734375,119175.08013392857,115851.47232142856,179830,115732.771875,124065.53346354167,0.024085387476229486,0.030812271952221446,57.35295683365499,-792.9735925968125,-1682.8381550585573,889.8645624617448,-0.012096798538914988,-1,1,1,0.30000000000000004,Trend
2018-05-17 00:00:00+09:00,116801.078125,120124.68603912603,116326.27699441057,240982,115780.251953125,123891.43971354167,0.023469516196299427,0.03047458280035621,67.79661962325295,-813.7272600155993,-1509.0159760499657,695.2887160343664,0.004081663354883469,-1,1,1,0.30000000000000004,Trend
2018-05-18 00:00:00+09:00,121074.28125,122498.68455882352,117275.87242647058,319173,116041.3921875,123867.699609375,0.024775585521090715,0.030464853931876486,65.45456558042576,-479.83171015836706,-1303.1791228716459,823.3474127132788,0.03658530549201644,-1,1,1,0.30000000000000004,Trend
2018-05-21 00:00:00+09:00,121549.0859375,122498.68817138672,120599.48370361328,133039,116397.49296875,123867.699609375,0.024537792349760706,0.030452900382216028,67.27274195917607,-174.88830759034317,-1077.5209598153854,902.6326522250422,0.00392159823372884,-1,1,1,0.30000000000000004,Trend
2018-05-23 00:00:00+09:00,120124.6796875,121549.08300395258,118225.47526556325,175137,116634.893359375,123891.43958333334,0.024721170402960343,0.030334150778163232,62.49999632717308,-47.607356204112875,-871.538239093131,823.9308828890181,-0.011718773851844722,-1,1,1,0.30000000000000004,Trend
2018-05-24 00:00:00+09:00,119649.8828125,121549.08730158731,118225.47944568453,138712,116896.033984375,123828.1328125,0.024645579845170153,0.029901815792335796,60.71429725745606,14.781186690568575,-694.2743539363911,709.0555406269597,-0.003952533952516379,-1,1,1,0.30000000000000004,Trend
2018-05-25 00:00:00+09:00,115851.4765625,119649.88563012295,115376.67542904713,245604,117109.694921875,123693.60598958333,0.02510484239159082,0.03017454759111669,53.96825894308783,-239.51411373884184,-603.3223058968813,363.80819215803945,-0.03174600894471724,-1,1,1,0.30000000000000004,Trend
2018-05-28 00:00:00+09:00,109679.0625,117275.88068181818,106830.25568181818,975702,117252.13515625,123479.94557291667,0.02627533824645706,0.03093339190404012,36.36364316291788,-928.4051248873875,-668.3388696949826,-260.0662551924049,-0.053278682720716786,-1,1,-1,-0.19999999999999996,MeanReversion
2018-05-29 00:00:00+09:00,109679.0625,111578.26704545454,107779.85795454546,289396,117085.95546875,123234.63177083334,0.022886978546442758,0.03085182735834348,31.1475418680066,-1457.55443419308,-826.1819825946021,-631.3724515984778,0.0,-1,1,-1,-0.19999999999999996,MeanReversion
2018-05-30 00:00:00+09:00,107305.0546875,111103.46370298673,107305.0546875,233123,116824.815234375,122949.751171875,0.02333420300632856,0.030955763632269852,31.1475418680066,-2044.89933753293,-1069.925453582268,-974.9738839506622,-0.02164504107153542,-1,1,-1,-0.19999999999999996,MeanReversion
2018-05-31 00:00:00+09:00,108729.4609375,112053.06891375546,108729.4609375,373801,116587.41484375,122807.3109375,0.02347460524453411,0.030113928359075604,32.25807393323976,-2368.1383006905526,-1329.5680230039247,-1038.5702776866278,0.013274363021837488,-1,1,-1,-0.19999999999999996,MeanReversion
2018-06-01 00:00:00+09:00,109679.0625,111578.26704545454,108254.65909090909,184362,116373.7546875,122435.38333333333,0.023560186726449037,0.02575123250808063,28.81356121278513,-2518.649177942949,-1567.3842539917296,-951.2649239512193,0.008733617865040788,-1,1,-1,-0.19999999999999996,MeanReversion
2018-06-04 00:00:00+09:00,112053.0546875,113002.65684586864,109679.04929157838,136722,116302.533984375,122134.67578125,0.024118954207380236,0.025898473144099928,33.33331592141025,-2418.4899565259693,-1737.6053944985777,-680.8845620273917,0.021644898610434504,-1,1,-1,-0.19999999999999996,MeanReversion
2018-06-05 00:00:00+09:00,114901.875,115376.67613636363,110153.86363636363,230443,116136.35390625,121762.74817708334,0.02290744191402709,0.025113013843366082,45.00000411356399,-2085.2001717231906,-1807.1243499435004,-278.07582177969016,0.025423852303223304,-1,1,-1,-0.19999999999999996,MeanReversion
2018-06-07 00:00:00+09:00,118700.28125,118700.28125,113952.27,314533,116041.39375,121485.78072916667,0.02368745088370771,0.025482312130503858,53.846157740653034,-1497.3059651486692,-1745.1606729845344,247.85470783586516,0.03305782651501543,-1,1,1,0.30000000000000004,Trend
2018-06-08 00:00:00+09:00,115376.671875,118225.47858796296,114901.87075617284,191081,115898.953515625,121105.93958333334,0.024121320057163317,0.025521205301415585,47.8873193739409,-1284.7730074033898,-1653.0831398683054,368.31013246491557,-0.028000012636869798,-1,1,1,0.30000000000000004,Trend
2018-06-11 00:00:00+09:00,118225.4765625,119175.07878388555,113477.4654555723,195446,115851.4734375,120821.05872395834,0.024722046604528786,0.025653203329919768,45.588238496719676,-876.3622191994946,-1497.7389557345432,621.3767365350486,0.024691340469470413,-1,1,1,0.30000000000000004,Trend
2018-06-12 00:00:00+09:00,115376.671875,118700.27970679011,115376.671875,166533,115542.852734375,120536.17825520833,0.02479992959536419,0.0256954633753056,41.095889793422394,-773.6502978807839,-1352.9212241637915,579.2709262830076,-0.024096368822788983,-1,1,-1,-0.19999999999999996,MeanReversion
2018-06-14 00:00:00+09:00,110628.6640625,116326.27766228541,110153.86292918456,258444,114973.091796875,120124.68385416667,0.026249470479693043,0.02600849471808474,37.5000051419571,-1063.1199252193474,-1294.9609643749027,231.84103915555534,-0.04115223411578406,-1,1,-1,-0.19999999999999996,MeanReversion
2018-06-15 00:00:00+09:00,109204.2578125,113002.6667798913,109204.2578125,245804,114545.770703125,119689.44934895834,0.02532479744468772,0.026033936781172922,36.5853638959834,-1391.4248905105924,-1314.2537496020407,-77.1711409085517,-0.012875562243030214,-1,1,-1,-0.19999999999999996,MeanReversion
2018-06-18 00:00:00+09:00,104931.0546875,109204.26505938913,103506.65123020361,394227,113976.009765625,119198.82161458333,0.02654015155060803,0.026450772309473604,36.14458022403963,-1973.6694870719803,-1446.1368970960286,-527.5325899759516,-0.039130371018472054,-1,1,-1,-0.19999999999999996,MeanReversion
2018-06-19 00:00:00+09:00,100183.0390625,105880.65265847156,99708.23792950237,285114,113145.1078125,118549.92669270834,0.02797034806810018,0.026502269894910405,37.49999742902198,-2786.111149767399,-1714.131747630303,-1071.9794021370963,-0.04524890785802438,-1,1,-1,-0.19999999999999996,MeanReversion
2018-06-20 00:00:00+09:00,102557.046875,103981.45030381944,99233.43887442129,271548,112219.24609375,117853.551953125,0.027069136107868926,0.0261935539083563,41.17647172693829,-3201.5094229644747,-2011.6072826971374,-1189.9021402673372,0.023696703900337512,-1,1,-1,-0.19999999999999996,MeanReversion
2018-06-21 00:00:00+09:00,101132.640625,103981.44740316902,101132.640625,147966,111198.423828125,117180.91705729166,0.026939683085593583,0.026149973492163647,42.16867517649174,-3604.1073216463556,-2330.107290486981,-1274.0000311593744,-0.013888916397291728,-1,1,-1,-0.19999999999999996,MeanReversion
2018-06-22 00:00:00+09:00,104931.0546875,104931.0546875,99708.2420107466,205661,110438.742578125,116595.32890625,0.028824371882796553,0.02670988944240268,45.45454885418537,-3575.453188030777,-2579.1764699957403,-996.2767180350365,0.0375587351326514,-1,1,-1,-0.19999999999999996,MeanReversion
2018-06-25 00:00:00+09:00,105880.65625,109679.06544282511,104456.2528026906,258839,109750.28125,116025.56744791666,0.0290358159754101,0.026762677970288206,45.45454885418537,-3436.50577137433,-2750.6423302714584,-685.8634411028715,0.009049766680874871,-1,1,-1,-0.19999999999999996,MeanReversion
2018-06-26 00:00:00+09:00,102557.046875,105880.6548755787,101607.44458912036,151314,109085.559765625,115416.23932291666,0.029018510502899983,0.026991718014123124,38.88891021847407,-3553.612608508178,-2911.2363859188026,-642.3762225893752,-0.03139014710253085,-1,1,-1,-0.19999999999999996,MeanReversion
2018-06-27 00:00:00+09:00,94865.265625,103506.64617742744,94010.62359234235,538434,108344.869921875,114726.19479166667,0.03143073964718254,0.02852231134001719,28.942116161790324,-4218.45535716282,-3172.680180167606,-1045.7751769952142,-0.07500002666199046,-1,1,-1,-0.19999999999999996,MeanReversion
2018-06-28 00:00:00+09:00,96859.4296875,98758.63419117648,95435.02630974265,364202,107703.88828125,114164.346875,0.03202213289170641,0.02831596930125109,26.141082946001205,-4532.191370557048,-3444.5824182454944,-1087.6089523115534,0.021021013849082282,-1,1,-1,-0.19999999999999996,MeanReversion
2018-06-29 00:00:00+09:00,96859.4296875,99233.43531709559,95909.82743566176,229258,107181.60703125,113689.54583333334,0.03183189701699868,0.027927881699582456,28.18792452760735,-4726.3470349478885,-3700.9353415859737,-1025.4116933619148,0.0,-1,1,-1,-0.19999999999999996,MeanReversion
2018-07-02 00:00:00+09:00,94200.5390625,97809.02745400707,94105.57884167087,207710,106455.1609375,113265.39010416667,0.03191167020777651,0.027550712743328782,21.573041352310327,-5036.707026593722,-3968.0896785875234,-1068.6173480061984,-0.027451024991355433,-1,1,-1,-0.19999999999999996,MeanReversion
2018-07-03 00:00:00+09:00,94960.2265625,96384.6299609375,94200.54475,180966,105719.219140625,112853.89583333333,0.031894647436335084,0.027589894585733857,24.58630496881375,-5161.866341682704,-4206.845011206559,-955.0213304761446,0.008064576992451888,-1,1,-1,-0.19999999999999996,MeanReversion
2018-07-04 00:00:00+09:00,94295.5078125,95909.83171261329,94295.5078125,150673,104831.341796875,112510.45638020833,0.03117746356951079,0.027171733526748492,27.368437461300033,-5254.1269436278235,-4416.301397690812,-837.8255459370112,-0.006999970135523004,-1,1,-1,-0.19999999999999996,MeanReversion
2018-07-05 00:00:00+09:00,96384.625,97334.22721674877,94485.42056650246,147693,103905.479296875,112067.30872395834,0.03100333046165996,0.025740835457089925,32.55814101805056,-5099.881577560576,-4553.017433664765,-546.8641438958111,0.022155002247340017,-1,1,-1,-0.19999999999999996,MeanReversion
2018-07-06 00:00:00+09:00,99233.4296875,103981.44067733253,97809.02639055024,584454,102932.13671875,111695.38111979167,0.030773695588840664,0.026073235853823994,41.93547102946108,-4693.660685170995,-4581.146083966011,-112.51460120498359,0.029556629882618646,-1,1,-1,-0.19999999999999996,MeanReversion
2018-07-09 00:00:00+09:00,96384.625,99233.4316502463,94960.22167487684,342265,101982.534375,111299.71354166667,0.03079835095449829,0.026263413378198132,44.31817570945528,-4549.162517370962,-4574.749370647001,25.58685327603962,-0.02870811476002877,-1,1,-1,-0.19999999999999996,MeanReversion
2018-07-10 00:00:00+09:00,96384.625,97809.02832512314,95909.82389162561,184594,100890.491796875,110919.87265625,0.029875925348675295,0.02626154544446984,40.06115246199923,-4384.109394252766,-4536.621375368155,152.51198111538906,0.0,-1,1,-1,-0.19999999999999996,MeanReversion
2018-07-11 00:00:00+09:00,94485.421875,95909.82521984924,94295.5014290201,276102,99845.929296875,110500.46497395834,0.029780482306678156,0.02632658998073089,39.457827294736866,-4356.336291875225,-4500.56435866957,144.22806679434507,-0.019704419921745764,-1,1,-1,-0.19999999999999996,MeanReversion
2018-07-12 00:00:00+09:00,91161.8125,94960.22135416666,90212.21028645833,528463,98872.58671875,109978.18372395834,0.02945937669300675,0.026391821113196694,27.828729789126356,-4550.063112897085,-4510.464109515073,-39.5990033820126,-0.03517589601702775,-1,1,-1,-0.19999999999999996,MeanReversion
2018-07-13 00:00:00+09:00,90592.0546875,92586.21941332547,90212.21378734277,321233,97941.9765625,109446.40651041667,0.029458128265449537,0.026384403997224627,25.077387236741387,-4695.441580359824,-4547.459603684023,-147.98197667580098,-0.006249961435332407,-1,1,-1,-0.19999999999999996,MeanReversion
2018-07-16 00:00:00+09:00,92206.375,94485.42031410917,90876.93190010298,373873,97305.742578125,109004.84140625,0.029124604095984788,0.02631170797936434,32.131129145462694,-4627.0550945501745,-4563.378701857254,-63.67639269292067,0.017819667718859566,-1,1,-1,-0.19999999999999996,MeanReversion
2018-07-17 00:00:00+09:00,91731.578125,92966.06106042961,90876.9360927795,310008,96883.16953125,108602.84309895833,0.02757417868535259,0.026179798555443168,42.794754177516424,-4558.621500601876,-4562.427261606179,3.805761004303349,-0.005149284688829803,-1,1,-1,-0.19999999999999996,MeanReversion
2018-07-18 00:00:00+09:00,90402.140625,93440.86804096638,90307.18039325105,258949,96275.42421875,108178.6875,0.026855991839453804,0.026210847021412076,34.684683850018544,-4559.107328698199,-4561.763275024583,2.655946326383855,-0.01449269190799718,-1,1,-1,-0.19999999999999996,MeanReversion
2018-07-19 00:00:00+09:00,90592.0546875,91446.69671285378,88977.73086183176,246966,95748.394921875,107781.43723958333,0.026854781022375405,0.02620033767631651,35.26783746698125,-4492.382484429516,-4547.88711690557,55.50463247605421,0.00210076953031213,-1,1,-1,-0.19999999999999996,MeanReversion
2018-07-20 00:00:00+09:00,92016.4609375,92681.18253353973,90022.2961493808,203927,95102.665234375,107392.100390625,0.02547406273276584,0.02627504931494563,44.54977264237827,-4275.282093798174,-4493.366112284091,218.0840184859171,0.015723302169417863,-1,1,-1,-0.19999999999999996,MeanReversion
2018-07-23 00:00:00+09:00,94485.421875,95909.82521984924,92016.4560772613,330456,94532.903515625,107059.73958333333,0.026321621484410307,0.02655566039309139,48.90828674578377,-3859.5138828329073,-4366.595666393854,507.08178356094686,0.026831731109252077,-1,1,1,0.30000000000000004,Trend
2018-07-24 00:00:00+09:00,93250.9375,95435.02259419551,90592.05129837067,428411,94067.598046875,106754.28424479166,0.025665198842948333,0.02643151720066413,47.65955316466642,-3588.263879850623,-4210.929309085208,622.6654292345847,-0.013065342256006085,-1,1,1,0.30000000000000004,Trend
2018-07-25 00:00:00+09:00,93630.78125,96859.42887931035,93155.98012804259,348009,94005.873828125,106534.29296875,0.019053560597113054,0.025904379803411783,43.3179709525131,-3304.5532492536586,-4029.6540971188983,725.1008478652398,0.004073350468996706,-1,1,-1,-0.19999999999999996,MeanReversion
2018-07-26 00:00:00+09:00,99233.4296875,102082.23628139951,94485.41869766745,538714,94124.573828125,106304.805859375,0.022736082188893926,0.025979791830282515,50.0,-2597.67919608792,-3743.2591169127027,1145.5799208247827,0.05983767691247377,-1,1,1,0.30000000000000004,Trend
2018-07-27 00:00:00+09:00,100657.84375,102557.0483490566,99233.44030070755,220332,94314.49453125,106106.972265625,0.022918753386177965,0.02606436126747723,59.740286104832926,-1900.628839521145,-3374.7330614343914,1474.1042219132464,0.014354175472778508,-1,1,1,0.30000000000000004,Trend
2018-07-30 00:00:00+09:00,102082.2421875,102557.04331395349,99233.43542877908,154262,94708.5796875,105917.05182291666,0.02194963295362477,0.02611220661536942,62.195140304437466,-1219.2199515896646,-2943.630439465446,1724.4104878757817,0.014150893605844761,-1,1,1,0.30000000000000004,Trend
2018-07-31 00:00:00+09:00,101132.640625,103981.44740316902,100183.03836561032,171092,95017.200390625,105703.39140625,0.02212560752304808,0.02611842685229202,64.83052797295922,-747.2100363830832,-2504.3463588489735,1757.1363224658903,-0.009302318818152688,-1,1,1,0.30000000000000004,Trend
2018-08-01 00:00:00+09:00,101132.640625,103506.64627347418,100657.83949530516,101629,95359.05703125,105497.64427083333,0.022011071911813295,0.026118065536274424,76.11944330519734,-368.8864841684408,-2077.254383912867,1708.3678997444263,0.0,-1,1,-1,-0.19999999999999996,MeanReversion
2018-08-02 00:00:00+09:00,96859.4296875,102082.2420726103,96859.4296875,214657,95382.797265625,105141.54348958333,0.023877646276060423,0.026034399720242574,63.75001028391842,-409.1582319014851,-1743.635153510591,1334.4769216091058,-0.04225352874296118,-1,1,1,0.30000000000000004,Trend
2018-08-03 00:00:00+09:00,103031.84375,103506.64487327189,97809.03139400922,261405,95572.71796875,104848.74947916667,0.026883121358983447,0.027202909937313547,69.7916821401515,56.33890784501273,-1383.6403412394702,1439.979249084483,0.06372548426533386,-1,1,1,0.30000000000000004,Trend
2018-08-06 00:00:00+09:00,105405.8515625,106830.25496199324,102082.2436303491,310961,96023.779296875,104635.0890625,0.026229864491546923,0.027301552311298053,73.37663083501906,609.7821458761027,-984.9558438163556,1594.7379896924583,0.02304149596954086,-1,1,-1,-0.19999999999999996,MeanReversion
2018-08-07 00:00:00+09:00,105880.65625,106355.45739910314,103506.6505044843,132617,96498.580859375,104413.51536458333,0.02620876472846513,0.027283723723036734,77.25752121856151,1074.3185935257934,-573.1009563479258,1647.4195498737192,0.004504538224981536,-1,1,-1,-0.19999999999999996,MeanReversion
2018-08-08 00:00:00+09:00,106830.2578125,107305.05895833333,104456.25208333333,134613,97115.82265625,104168.2015625,0.02556960919921784,0.027173594223258785,77.85016339019788,1501.7803954618576,-158.12468598596917,1659.9050814478267,0.008968602917022395,-1,1,-1,-0.19999999999999996,MeanReversion
2018-08-09 00:00:00+09:00,105880.65625,107779.86084641256,104456.2528026906,187602,97851.76484375,103899.14778645833,0.023900541168265742,0.027175649012705298,74.17218615210979,1743.8203675432596,222.26432471987664,1521.556042823383,-0.008888882063419423,-1,1,-1,-0.19999999999999996,MeanReversion
2018-08-10 00:00:00+09:00,104931.0546875,106355.45814479637,104456.25353506787,110426,98568.71484375,103685.48736979166,0.02399118874888687,0.02683819961335399,69.23077808190018,1837.8285359256406,545.3771669610294,1292.4513689646112,-0.008968602917022395,-1,1,1,0.30000000000000004,Trend
2018-08-13 00:00:00+09:00,102082.2421875,105405.85007267442,100183.03768168605,223246,99062.508203125,103448.08684895834,0.025071979695814022,0.027010234631587773,65.34653438463141,1663.282046357126,768.9581428402487,894.3239035168774,-0.027149374496274525,-1,1,1,0.30000000000000004,Trend
2018-08-14 00:00:00+09:00,102557.046875,104456.25144675926,101132.64344618055,157184,99603.781640625,103210.686328125,0.024956604725466,0.027012557829145366,65.46052684992588,1545.4504749418265,924.2566092605643,621.1938656812622,0.004651197674791385,-1,1,1,0.30000000000000004,Trend
2018-08-16 00:00:00+09:00,98283.828125,100657.83363526569,96859.42481884058,236325,99997.866015625,102830.84544270833,0.026857162203590718,0.027036789062659095,48.27586500372916,1094.6367739760753,958.3326422036666,136.3041317724087,-0.041666749191875074,-1,1,1,0.30000000000000004,Trend
2018-08-17 00:00:00+09:00,97809.03125,99233.43461771845,97334.23012742719,144753,100358.71484375,102435.17786458334,0.02693021765459115,0.02701985234117071,44.64284874783157,691.0851290715509,904.8831395772436,-213.79801050569267,-0.004830874865762613,-1,1,-1,-0.19999999999999996,MeanReversion
2018-08-20 00:00:00+09:00,106830.2578125,107305.05895833333,99233.43947916667,485114,101099.4046875,102213.60416666667,0.03284674272764238,0.029480404054805252,56.94444634887117,1086.6785788863053,941.2422274390559,145.43635144724942,0.09223306321725788,-1,1,1,0.30000000000000004,Trend
2018-08-21 00:00:00+09:00,105880.65625,106830.25854820629,103981.45165358744,253123,101669.16640625,101984.11705729166,0.03272190707831218,0.02949310736387118,56.94444634887117,1308.480973853555,1014.6899767219558,293.7909971315993,-0.008888882063419423,-1,1,1,0.30000000000000004,Trend
2018-08-22 00:00:00+09:00,111103.453125,113477.45853365384,105880.64122596155,3108253,102561.7921875,101904.98333333334,0.03371960647836105,0.02992030967772035,62.65058616795869,1883.979683883692,1188.547918154303,695.4317657293889,0.049327205364766424,1,1,1,1.0,Trend
2018-08-23 00:00:00+09:00,109204.2578125,115851.47350543478,106830.25220788043,438752,103340.466015625,101897.069921875,0.03420872835599264,0.029153830048380087,66.66666666666666,2161.8963726949587,1383.2176090624341,778.6787636325246,-0.017093935958617412,1,1,1,1.0,Trend
2018-08-24 00:00:00+09:00,108254.65625,109204.25849780701,106355.45175438597,161097,103791.52734375,101873.32981770833,0.03223144018403515,0.029175258074531085,58.208956323519224,2279.2486809066904,1562.4238234312854,716.824857475405,-0.008695645953021636,1,1,1,1.0,Trend
2018-08-27 00:00:00+09:00,109204.2578125,112527.86565896739,106830.25220788043,291412,104218.848046875,101904.983203125,0.03216576887015789,0.029057420195166116,56.249996786277144,2420.9687201790657,1734.1328027808415,686.8359173982242,0.008771923494052869,1,1,1,1.0,Trend
2018-08-28 00:00:00+09:00,112527.859375,113477.46156381856,109679.05280854431,306954,104741.12890625,101968.28984375,0.03261981646525474,0.02926388239656361,59.999985896343766,2769.544160832025,1941.2150743910784,828.3290864409469,0.03043472506545042,1,1,1,1.0,Trend
2018-08-29 00:00:00+09:00,113952.265625,114427.06673177083,112053.06119791666,182390,105382.11015625,102039.50989583334,0.03248501548840711,0.029286437323041616,60.56337081583716,3124.7106694822432,2177.9141934093113,946.7964760729319,0.01265825421288036,1,1,1,1.0,Trend
2018-08-30 00:00:00+09:00,113002.65625,114901.86055672269,112527.85517331933,144975,105975.6109375,102055.33658854167,0.0326195361925179,0.02918051948569203,60.56335678026749,3291.6134748978657,2400.6540497070223,890.9594251908434,-0.008333396179458386,1,1,1,1.0,Trend
2018-08-31 00:00:00+09:00,112053.0546875,113002.65684586864,110153.85037076271,220751,106735.2921875,102007.85625,0.030760741429379106,0.029014970743338288,60.56335678026749,3309.114824868535,2582.346204739325,726.7686201292099,-0.008403356115799232,1,1,1,1.0,Trend
2018-09-03 00:00:00+09:00,113952.265625,114901.86783854166,111103.458984375,161125,107281.31328125,101928.72265625,0.02809610674175289,0.02878255683315157,68.11593719051386,3436.620004904049,2753.20096477227,683.4190401317792,0.016949211628336514,1,1,1,1.0,Trend
2018-09-04 00:00:00+09:00,112527.859375,114427.06375263713,111578.25718618144,183212,107637.413671875,101881.24244791667,0.028033276242622338,0.02859618049543905,64.78871803238569,3383.725615987074,2879.305895015231,504.41972097184316,-0.012500025709778373,1,1,1,1.0,Trend
2018-09-05 00:00:00+09:00,114427.0703125,117275.87704227178,113002.66694761411,359095,108064.734375,101817.93567708334,0.028194634750667233,0.028500542686520754,75.75758784518735,3455.227173918378,2994.4901507958607,460.73702312251726,0.01687769542625772,1,1,-1,0.5,Trend
2018-09-06 00:00:00+09:00,117750.6796875,119649.88419858871,114901.87292086694,410366,108610.75546875,101857.50247395833,0.028719620235429833,0.028570541326813047,79.16666952330871,3737.002336982303,3142.9925880331493,594.0097489491536,0.029045656468554393,1,1,-1,0.5,Trend
2018-09-07 00:00:00+09:00,119175.078125,121074.28255727091,116801.07258466135,254499,109275.4765625,101999.94270833333,0.0285716958627742,0.02805972660899894,73.21427889332142,4028.8066581921303,3320.1554020649455,708.6512561271848,0.012096732191102744,1,1,-1,0.5,Trend
2018-09-10 00:00:00+09:00,118700.28125,119175.082375,116801.07675,172506,109963.937890625,102158.209765625,0.028455566408485407,0.02800664567658935,74.54545835305352,4173.640416596492,3490.852404971255,682.7880116252372,-0.003984028225280434,1,1,-1,0.5,Trend
2018-09-11 00:00:00+09:00,117750.6796875,119649.88419858871,115851.47517641129,144394,110747.359765625,102371.87018229166,0.027560682580578706,0.027507651563674646,65.21741618791334,4163.7996135902795,3625.44184669506,538.3577668952194,-0.00799999420810138,1,1,1,1.0,Trend
2018-09-12 00:00:00+09:00,120599.484375,121549.08661417324,118700.27989665355,301326,111649.481640625,102712.14427083333,0.02780432391360585,0.026908199281722747,74.99999143007679,4335.89394968409,3767.5322672928664,568.3616823912239,0.02419353073001762,1,1,-1,0.5,Trend
2018-09-13 00:00:00+09:00,122498.6875,122498.6875,119649.8808139535,223289,112860.224609375,103044.50494791666,0.025140817762106922,0.026827079735499828,79.99998683659742,4572.817180815313,3928.589249997356,644.2279308179568,0.01574802027423683,1,1,-1,0.5,Trend
2018-09-14 00:00:00+09:00,122973.484375,122973.484375,121074.2799831081,187155,114118.447265625,103408.51901041667,0.02492622957759228,0.026734770088489002,79.59182028729131,4744.204452433056,4091.7122904844964,652.4921619485594,0.003875934385011215,1,1,-1,0.5,Trend
2018-09-17 00:00:00+09:00,123923.0859375,123923.0859375,121074.27936422413,202262,114973.088671875,103725.05286458334,0.0171681981826798,0.026375981101326735,77.27271537399204,4900.168912932044,4253.403614974006,646.765297958038,0.007722002570930142,1,1,-1,0.5,Trend
2018-09-18 00:00:00+09:00,122498.6875,122973.4886143411,120124.68192829458,194752,115803.990234375,104002.02005208333,0.017309633744443144,0.026427179084985968,70.45454885418536,4852.893684258233,4373.301628830852,479.59205542738164,-0.011494213743340698,1,1,-1,0.5,Trend
2018-09-19 00:00:00+09:00,119175.078125,122498.6858814741,118700.27701693226,224967,116207.571484375,104278.98723958334,0.016137395046854554,0.026336525612961424,63.26532462578309,4495.419823510863,4397.725267766855,97.69455574400854,-0.02713179579985292,1,1,1,1.0,Trend
2018-09-20 00:00:00+09:00,123448.2890625,124397.8912860577,118225.47683293269,282915,116919.773046875,104755.37096354166,0.01683673441632627,0.024462372906583013,71.42858821863246,4505.0007786403,4419.180369941544,85.82040869875618,0.03585658180159057,1,1,-1,0.5,Trend
2018-09-21 00:00:00+09:00,121549.0859375,125347.49487304688,120124.68258666992,180436,117584.49453125,105166.865234375,0.017215132916579536,0.024498505068567475,64.2857247795055,4309.664801563456,4397.277256265927,-87.61245470247013,-0.01538460467474334,1,1,-1,0.5,Trend
2018-09-27 00:00:00+09:00,127721.5,128196.30111524164,122498.68773234202,338182,118510.356640625,105681.23307291667,0.019804782458865407,0.02519357046594621,74.24244312932204,4599.897111670623,4437.801227346867,162.09588432375676,0.05078124623391922,1,1,-1,0.5,Trend
2018-09-28 00:00:00+09:00,127721.5,129145.90334572492,125347.49442379182,256765,119270.038671875,106239.91575520833,0.019164337122870065,0.02483979951474564,72.58065843086248,4774.866618316752,4505.214305540844,269.6523127759074,0.0,1,1,-1,0.5,Trend
2018-10-01 00:00:00+09:00,129620.703125,130095.50423534798,126297.0953525641,270135,120053.460546875,106817.59036458333,0.019207919833779948,0.024868551608589747,71.1864506044156,5009.039938414804,4605.979432115636,403.0605062991681,0.014869878015839166,1,1,-1,0.5,Trend
2018-10-02 00:00:00+09:00,134368.71875,136267.92325530035,128196.30410777386,600732,121121.763671875,107485.47721354167,0.01995325426504866,0.025128925528138092,74.24244312932204,5514.185068823092,4787.6205594571275,726.5645093659641,0.036630071512737006,1,1,-1,0.5,Trend
2018-10-04 00:00:00+09:00,133893.921875,139116.7344304078,131519.91616799645,429041,122213.80703125,108110.63216145833,0.019761459275255366,0.025068831715065222,74.24244312932204,5809.2387955666345,4991.944206679029,817.2945888876056,-0.0035335372653465535,1,1,-1,0.5,Trend
2018-10-05 00:00:00+09:00,133419.125,134368.72731316724,130570.31806049822,231512,123187.15,108680.39375,0.01985706317462533,0.024900741551480123,75.38464381447383,5936.328559590023,5180.821077261228,755.507482328795,-0.003546067426744459,1,1,-1,0.5,Trend
2018-10-08 00:00:00+09:00,126771.8984375,134843.51743913858,125822.29620201311,325392,123899.351953125,109186.84830729167,0.02348435230630881,0.02556313522936729,58.9041102065776,5437.986756507598,5232.254213110503,205.73254339709547,-0.04982214178439559,1,1,1,1.0,Trend
2018-10-10 00:00:00+09:00,128671.1015625,129620.70378805349,124872.69266028597,274582,124611.553515625,109724.95625,0.023442937685587254,0.025590172877708255,58.9041102065776,5137.080046041243,5213.219379696651,-76.13933365540834,0.014981262790951577,1,1,-1,0.5,Trend
2018-10-11 00:00:00+09:00,121074.28125,126297.09338235293,118700.27573529411,425337,124777.73359375,110168.10390625,0.027120513962095725,0.02677917343330585,47.72727442709268,4236.7705465756735,5017.929613072456,-781.1590664967825,-0.0590406098980194,1,1,-1,0.5,Trend
2018-10-12 00:00:00+09:00,122023.8828125,123448.28611381323,119175.07620987354,228377,124920.173828125,110682.47174479166,0.027049870895128388,0.02626358504033469,47.72727442709268,3558.8692622755625,4726.117542913077,-1167.2482806375147,0.00784313194095465,1,1,-1,0.5,Trend
2018-10-15 00:00:00+09:00,125347.4921875,128196.298828125,121549.08333333333,217754,125252.534375,111261.72903645833,0.02761377743120618,0.026373843714962698,53.260866649175085,3252.324339963234,4431.358902323109,-1179.034562359875,0.02723736778731256,1,1,-1,0.5,Trend
2018-10-16 00:00:00+09:00,124397.890625,127246.69728053435,121549.08396946566,157917,125584.894921875,111798.254296875,0.02760517556387849,0.02637664319604254,56.32183842828951,2899.338599946859,4124.954841847859,-1225.6162419009997,-0.007575752381862921,1,1,-1,0.5,Trend
2018-10-17 00:00:00+09:00,125822.296875,128196.30247641509,120599.4845518868,301161,125846.035546875,112366.43294270833,0.027239618262423618,0.026355182074228503,53.08642201018579,2703.369774008708,3840.637828280029,-1137.268054271321,0.011450405170405187,1,1,-1,0.5,Trend
2018-10-18 00:00:00+09:00,119175.078125,125822.2936379482,118225.47590886454,269037,125679.855078125,112845.98190104167,0.02978149429497746,0.027341441547605882,47.252745464457455,1988.762847430291,3470.262832110082,-1481.499984679791,-0.052830213047245334,1,1,-1,0.5,Trend
2018-10-19 00:00:00+09:00,119649.8828125,120124.68393477183,113477.46822296627,250402,125513.675,113330.27903645833,0.029782502421931645,0.027339598141956488,39.24051344760082,1444.0978190861788,3065.029829505301,-1620.9320104191224,0.003984093780093678,1,1,-1,0.5,Trend
2018-10-22 00:00:00+09:00,119649.8828125,120124.68393477183,116326.27495659723,160129,125300.01484375,113790.83606770834,0.029708889921968167,0.027307722842284887,39.24051344760082,1000.9090040691663,2652.2056644180743,-1651.296660348908,0.0,1,1,-1,0.5,Trend
2018-10-23 00:00:00+09:00,113952.265625,119175.07779947916,112053.06119791666,392126,124872.69375,114115.28346354167,0.031469811844074526,0.027995404932633923,31.034491889000776,187.7641567872197,2159.3173628919035,-1971.5532061046838,-0.047619078711749196,1,1,-1,0.5,Trend
2018-10-24 00:00:00+09:00,112527.859375,115376.66594145569,112053.05828059072,343569,124540.3328125,114436.56549479166,0.03104755216346837,0.027989860085395484,21.250004627757576,-565.0827509896626,1614.4373401155904,-2179.520091105253,-0.012500025709778373,1,1,-1,0.5,Trend
2018-10-25 00:00:00+09:00,112053.0546875,112053.0546875,107305.04389565678,380061,123970.57109375,114743.60338541666,0.029724683124354508,0.028005646570482337,21.250000257097597,-1186.3565398348874,1054.278564125495,-2240.6351039603824,-0.004219441213377251,1,1,-1,0.5,Trend
2018-10-26 00:00:00+09:00,110153.859375,113477.46720096983,107305.05266702586,290998,123400.809765625,114925.610546875,0.029756811757972377,0.027167231138493057,20.481931054717307,-1811.0925356272055,481.2043441749549,-2292.29687980216,-0.016949072185462377,1,1,-1,0.5,Trend
2018-10-29 00:00:00+09:00,110628.6640625,117275.87992891631,110153.86292918456,285574,122546.16796875,115091.79088541666,0.026990452231436188,0.02711988606888377,25.71430250433687,-2242.0426708134764,-63.445058822731426,-2178.597611990745,0.004310377232300322,1,1,-1,0.5,Trend
2018-10-30 00:00:00+09:00,117275.875,119175.0794534413,110628.65941295546,330059,122023.88671875,115345.01809895833,0.030705737069059824,0.028052277068367142,35.00000514195392,-2023.8694806225103,-455.52994318268725,-1568.339537439823,0.060085792356171286,1,1,-1,0.5,Trend
2018-10-31 00:00:00+09:00,118225.4765625,120599.48211596385,114427.06767695783,279070,121454.125390625,115629.89869791667,0.030523328609331546,0.028019666623735416,45.454549987397534,-1754.1203382435633,-715.2480221948625,-1038.8723160487007,0.008097160328157882,1,1,-1,0.5,Trend
2018-11-01 00:00:00+09:00,110153.859375,118225.47838092672,109679.0582570043,495843,120243.382421875,115780.25234375,0.03232838967266496,0.029575080933772084,34.5679102629654,-2166.6781323826435,-1005.5340442324189,-1161.1440881502247,-0.06827307803858107,1,1,-1,0.5,Trend
2018-11-02 00:00:00+09:00,114427.0703125,114901.87143412862,111103.46246109958,323387,119270.03984375,116073.04635416667,0.03405372318596637,0.02935746790067811,36.144585717548246,-2124.332760897494,-1229.2937875654338,-895.0389733320603,0.03879311139660202,1,1,-1,0.5,Trend
2018-11-05 00:00:00+09:00,115376.671875,118225.47858796296,113477.46739969135,250875,118367.9171875,116278.79348958333,0.03423434799991153,0.028329549688943714,38.554222122131016,-1991.1955758490658,-1381.6741452221604,-609.5214306269054,0.00829874923745444,1,1,-1,0.5,Trend
2018-11-06 00:00:00+09:00,121549.0859375,122973.48928833008,116326.27365112305,415458,118106.7765625,116547.84739583333,0.035048142375286535,0.028942779254303323,45.16128975184681,-1371.807821029346,-1379.7008803835975,7.893059354251363,0.05349793820701687,1,1,1,1.0,Trend
2018-11-07 00:00:00+09:00,119649.8828125,126771.89964657738,117750.6783234127,337724,117655.715625,116777.33450520833,0.03493623665864076,0.029035489102436394,50.60241417667156,-1022.402760175959,-1308.2412563420698,285.8384961661109,-0.015624988952829821,1,1,1,1.0,Trend
2018-11-08 00:00:00+09:00,122498.6875,124397.89195736435,120599.48304263566,262254,117726.9359375,117038.475,0.03268505070287358,0.02915517267983658,53.4090889967931,-509.74596808085334,-1148.5421986898266,638.7962306089732,0.023809506708537986,1,1,1,1.0,Trend
2018-11-09 00:00:00+09:00,122498.6875,123923.09084302327,115851.47189922481,285299,117750.676171875,117315.4421875,0.03264077878987308,0.029119752871448346,53.4090889967931,-102.28271537863475,-939.2903020275883,837.0075866489535,0.0,1,1,1,1.0,Trend
2018-11-12 00:00:00+09:00,126297.1015625,127246.70382988722,120599.4879581767,272527,117798.156640625,117671.54296875,0.0328082375393562,0.029303418585331437,65.4762009699786,521.1278803610476,-647.2066655498612,1168.3345459109087,0.031007793961057795,1,1,1,1.0,Trend
2018-11-13 00:00:00+09:00,126771.8984375,128196.30179073033,121549.08614232209,243567,117916.85703125,118083.03723958334,0.03276106342113937,0.029026484758092858,68.29269565172024,1041.4917402099381,-309.46698439790134,1350.9587246078395,0.0037593647765941096,-1,1,1,0.30000000000000004,Trend
2018-11-14 00:00:00+09:00,119175.078125,124397.89031374501,117750.67480079681,488221,117584.49609375,118360.00442708333,0.03550545905071654,0.030228783579156242,57.73196820629371,831.3012152743613,-81.31334446344883,912.6145597378102,-0.05992511279023971,-1,1,1,0.30000000000000004,Trend
2018-11-15 00:00:00+09:00,121549.0859375,122973.48928833008,118225.47811889648,189127,117703.196484375,118747.75872395834,0.03365696514638543,0.029720241362014354,62.24489813051081,846.5280515467748,104.25493473859589,742.2731168081789,0.019920337790842124,-1,1,1,0.30000000000000004,Trend
2018-11-16 00:00:00+09:00,127721.5,129145.90334572492,121549.08550185875,393648,118106.77734375,119246.29986979166,0.03536813849415492,0.030283983479915445,66.36363405188088,1341.1971726827323,351.6433823274232,989.5537903553092,0.05078124623391922,-1,1,1,0.30000000000000004,Trend
2018-11-19 00:00:00+09:00,127721.5,131994.71003717472,126297.0966542751,247917,118510.358203125,119594.48723958334,0.03536813849415492,0.028218734526319424,61.45833404749384,1713.4741516618233,624.0095361943032,1089.4646154675202,0.0,-1,1,1,0.30000000000000004,Trend
2018-11-20 00:00:00+09:00,131045.109375,131045.109375,126297.09816576086,259039,119365.000390625,120013.89479166667,0.03346882645369719,0.02832489242445724,63.3663390531699,2250.74861067209,949.3573510898606,1301.3912595822294,0.026022317111840998,-1,1,1,0.30000000000000004,Trend
2018-11-21 00:00:00+09:00,130095.5078125,132469.51342951643,125822.29770187044,260789,120243.3828125,120330.42903645833,0.03332628558385264,0.02774366484604463,74.41860509611294,2570.288889974472,1273.543658866783,1296.745231107689,-0.007246371627518067,-1,1,-1,-0.19999999999999996,MeanReversion
2018-11-22 00:00:00+09:00,128671.1015625,132469.51046471403,127246.69822416974,236852,121074.28515625,120654.87643229167,0.033483366935340965,0.02767959594273179,68.74999485804503,2677.7220701689366,1554.3793411272138,1123.3427290417228,-0.010948927245458151,1,1,1,1.0,Trend
2018-11-23 00:00:00+09:00,127246.703125,130095.5099113806,125347.49860074627,139212,121928.92734375,120971.410546875,0.03328430130747433,0.027698160892277706,65.43210302884289,2617.7507881826023,1767.0536305382916,850.6971576443107,-0.011070072613065474,1,1,1,1.0,Trend
2018-11-26 00:00:00+09:00,126297.1015625,129145.90836466166,121074.2890918703,305308,122712.34921875,121256.29127604167,0.03344264827758203,0.027717387996881334,57.14286385888076,2465.181131632853,1906.679130757204,558.5020008756492,-0.007462681068971744,1,1,1,1.0,Trend
2018-11-27 00:00:00+09:00,125822.296875,127721.50135613207,124872.69463443395,179851,123139.6703125,121477.865234375,0.031194756839667253,0.02749018363524014,59.70149033803671,2279.677110756151,1981.2787267569934,298.39838399915743,-0.0037594266347041883,1,1,1,1.0,Trend
2018-11-28 00:00:00+09:00,129620.703125,131045.10645604396,126771.89646291209,234101,123709.431640625,121739.005859375,0.03173302543610782,0.027692152200614183,60.869562106945985,2411.366742710248,2067.296329947644,344.07041276260406,0.030188657688975384,1,1,1,1.0,Trend
2018-11-29 00:00:00+09:00,128671.1015625,132944.31157749076,127246.69822416974,209857,124635.29375,122000.14661458334,0.02655907056792035,0.027685926886050632,59.15492794542193,2411.3107258058008,2136.0992091192757,275.2115166865251,-0.007326002248145835,1,1,1,1.0,Trend
2018-11-30 00:00:00+09:00,125347.4921875,130095.50325520833,125347.4921875,257241,125181.31484375,122221.72057291666,0.026586856932667047,0.0278948591956901,48.57141782579078,2118.6562812133634,2132.6106235380935,-13.954342324730078,-0.025830270625184726,1,1,-1,0.5,Trend
2018-12-03 00:00:00+09:00,127721.5,131519.9089219331,126771.89776951673,258903,125798.55625,122451.2078125,0.02676690822973697,0.027913740935671293,51.35135014943354,2054.603920421956,2117.009282914866,-62.40536249291017,0.01893941211802508,1,1,-1,0.5,Trend
2018-12-04 00:00:00+09:00,131519.90625,132469.50846119132,128196.29851083033,250827,126297.097265625,122767.74192708333,0.025090886029514647,0.02806878884744339,69.69696743054308,2284.0129235577915,2150.4100110434515,133.60291251434,0.029739756031678333,1,1,1,1.0,Trend
2018-12-05 00:00:00+09:00,131994.71875,134843.5256294964,129145.9118705036,259687,126914.3390625,123060.53606770834,0.02466104776844278,0.028007814012447837,67.74194318877565,2475.597465347324,2215.447501904226,260.14996344309793,0.0036101949395968003,1,1,1,1.0,Trend
2018-12-06 00:00:00+09:00,128196.3046875,132944.31597222222,127246.70243055555,278198,127199.219921875,123234.62981770834,0.025373867927610632,0.02808407910165377,50.87719905974076,2294.4799877995683,2231.2539990832947,63.225988716273605,-0.02877701546297662,1,1,1,1.0,Trend
2018-12-07 00:00:00+09:00,128671.1015625,131045.10712638375,126771.89711139299,157738,127507.840625,123392.896875,0.02536990222814171,0.02805132620933539,51.72413597452428,2164.3064442758186,2217.8644881217997,-53.55804384598105,0.003703670524336955,1,1,-1,0.5,Trend
2018-12-10 00:00:00+09:00,128671.1015625,129145.90267527675,126297.09599861623,154927,127626.540625,123559.07721354166,0.024494902306214882,0.028043348417645865,45.09803668523631,2037.6541643722885,2181.8224233718975,-144.16825899960895,0.0,1,1,-1,0.5,Trend
2018-12-11 00:00:00+09:00,126297.1015625,129145.90836466166,125347.4992951128,177596,127602.80078125,123701.517578125,0.024867392307528123,0.028136537096465464,42.592599363890706,1725.8251226886641,2090.622963235251,-364.79784054658694,-0.018450141260715536,1,1,-1,0.5,Trend
2018-12-12 00:00:00+09:00,132944.3125,133893.91473214285,126297.09687499999,329188,128291.2625,123907.26471354166,0.022900953911196013,0.02872761491748195,56.92307887032651,1992.1089383474755,2070.920158257696,-78.81121991022064,0.05263153987908842,1,1,-1,0.5,Trend
2018-12-13 00:00:00+09:00,135793.125,137217.5284090909,131994.7159090909,441474,129003.464453125,124128.838671875,0.022951702758235448,0.028782653010597757,63.23529340595789,2405.2894612898817,2137.7940188641332,267.4954424257485,0.021428615082724978,1,1,1,1.0,Trend
2018-12-14 00:00:00+09:00,132944.3125,137692.3236607143,131519.90915178572,332979,129264.605078125,124295.019140625,0.021198853014989267,0.02893248238339607,59.72221111306378,2474.3399911018496,2205.1032133116764,269.23677779017316,-0.02097906282074291,1,1,1,1.0,Trend
2018-12-17 00:00:00+09:00,130570.3046875,134368.71355113637,130095.50357954545,184817,129407.0453125,124405.80611979167,0.021666229912139828,0.02902643931266107,56.578940246601604,2310.8622617112123,2226.2550229915837,84.60723871962864,-0.017857159647201915,1,1,1,1.0,Trend
2018-12-18 00:00:00+09:00,130095.5078125,131994.71230611313,128671.10444229015,139848,129359.565234375,124532.41979166666,0.02089332878510145,0.028986934741041602,50.72464286523372,2118.5712727389473,2204.7182729410565,-86.14700020210921,-0.003636331217395483,1,1,-1,0.5,Trend
2018-12-19 00:00:00+09:00,126297.1015625,131519.9140331297,123448.29476033835,392055,129169.644921875,124651.12018229166,0.02185837705219017,0.02902363546327694,46.66667544226839,1640.7659107493819,2091.9278005027218,-451.1618897533399,-0.029197059251841684,1,1,-1,0.5,Trend
2018-12-20 00:00:00+09:00,121549.0859375,125347.49487304688,120124.68258666992,469647,128813.544140625,124619.466796875,0.02329095560232819,0.029105108941522576,44.87180028081924,868.9597122020205,1847.3341828425814,-978.374470640561,-0.03759401891460168,1,1,-1,0.5,Trend
2018-12-21 00:00:00+09:00,120599.484375,121549.08661417324,116326.27429872048,391573,128481.183203125,124603.64010416667,0.023240942923800377,0.029053851687390907,40.00000438780086,178.61387972529337,1513.590122219124,-1334.9762424938306,-0.007812494476414855,1,1,-1,0.5,Trend
2018-12-24 00:00:00+09:00,120599.484375,121074.28549458661,117750.67765748032,182305,128196.30234375,124484.93984375,0.023219729612865583,0.028313019581041137,32.83583372463343,-364.29084805249295,1138.0139281648005,-1502.3047762172935,0.0,1,1,-1,0.5,Trend
2018-12-26 00:00:00+09:00,118225.4765625,119175.07878388555,116326.27211972892,261748,127816.461328125,124326.67278645834,0.023550248602917684,0.02841778353801644,29.577452385206655,-974.8716329433228,715.4368159431759,-1690.3084488864988,-0.019685057733067057,1,1,-1,0.5,Trend
2018-12-27 00:00:00+09:00,122973.484375,126297.09206081081,120599.47888513513,324481,127484.100390625,124215.88580729166,0.024342772264282463,0.02882809324151266,42.46574076515916,-1063.37878554505,359.6736956455307,-1423.0524811905807,0.04016061470464849,1,1,-1,0.5,Trend
2018-12-28 00:00:00+09:00,122023.8828125,125347.4905155642,121549.08171206227,138399,127151.739453125,124010.13854166666,0.024347007940863977,0.028430635672090938,40.54053573286823,-1196.3554111099947,48.46787429442563,-1244.8232854044204,-0.007722002570930253,1,1,-1,0.5,Trend
2019-01-02 00:00:00+09:00,119175.078125,124872.69142181275,118700.27701693226,143838,126843.11875,123764.82447916667,0.024223890122485117,0.028571660269121904,37.49999742902198,-1514.1607718960877,-264.05785494367706,-1250.1029169524106,-0.023346287807260113,1,1,-1,0.5,Trend
2019-01-03 00:00:00+09:00,124872.6953125,126297.09868108365,119649.88296102661,334941,126700.678515625,123622.383984375,0.02623794256467685,0.029252091409154492,48.27585880811426,-1291.3874097268272,-469.52376590030707,-821.86364382652,0.04780879758705847,1,1,-1,0.5,Trend
2019-01-04 00:00:00+09:00,131519.90625,132469.50846119132,123923.0885604693,369927,126700.678515625,123701.51744791666,0.028038106522722164,0.02928929332283071,48.27585880811426,-571.8713684577378,-489.99328641179324,-81.87808204594461,0.053231900864036286,1,1,-1,0.5,Trend
2019-01-07 00:00:00+09:00,131994.71875,135793.12792266186,130570.3153102518,247943,126700.678515625,123756.91106770834,0.028038106522722164,0.029232399489363636,45.12195611369809,36.24585895774362,-384.74545733788585,420.9913162956295,0.0036101949395968003,1,1,1,1.0,Trend
2019-01-08 00:00:00+09:00,127246.703125,132944.3166977612,126771.90199393657,247213,126653.1984375,123859.784765625,0.028491252799333344,0.02853062138186754,43.023262488204594,133.5188407338719,-281.0925977235343,414.6114384574062,-0.035971254531727226,1,1,-1,0.5,Trend
2019-01-09 00:00:00+09:00,128671.1015625,131994.70935193726,128196.30044972325,199575,126653.1984375,123970.57174479167,0.02859544741627547,0.02854760555803409,47.61904948460959,321.8355098948523,-160.50697619985698,482.3424860947093,0.011193990905216333,1,1,1,1.0,Trend
2019-01-10 00:00:00+09:00,128196.3046875,134368.71935763888,128196.3046875,329292,126629.45859375,124018.051953125,0.028607393102217788,0.028348007724264254,47.61904948460959,427.83388448086043,-42.838804063713496,470.67268854457393,-0.0036900039654154115,1,1,1,1.0,Trend
2019-01-11 00:00:00+09:00,127246.703125,130570.31104244404,126297.10086287314,199943,126676.938671875,124065.53216145834,0.028335988083843196,0.0283472069600624,51.28205020024619,430.2537526382075,51.77970727667071,378.4740453615368,-0.0074074019903679345,1,1,1,1.0,Trend
2019-01-14 00:00:00+09:00,128196.3046875,129145.90694444445,126771.90130208334,137851,126439.53828125,124105.09895833333,0.025768802126069548,0.028325785878535972,60.00000470121653,502.99817566589627,142.02340095451584,360.9747747113804,0.007462681068971744,1,1,1,1.0,Trend
2019-01-15 00:00:00+09:00,131519.90625,131994.70735559566,128671.09961642599,206859,126225.87734375,124310.84609375,0.02599311489023132,0.02758398945565811,65.33333040813147,819.3901055233,277.4967418682727,541.8933636550273,0.025925876495440647,1,1,1,1.0,Trend
2019-01-16 00:00:00+09:00,129620.703125,131519.90756639195,129145.902014652,122625,126059.696875,124477.02643229166,0.02577055523218898,0.0276609665332522,62.02531540110489,906.4343584825401,403.2842651911262,503.1500932914139,-0.01444042334846174,1,1,1,1.0,Trend
2019-01-17 00:00:00+09:00,128671.1015625,132944.31157749076,128196.30044972325,206768,125964.73671875,124627.380078125,0.0255147253422602,0.027683256438782798,64.47368876849373,888.5499948924116,500.3374111313833,388.2125837610283,-0.007326002248145835,1,1,1,1.0,Trend
2019-01-18 00:00:00+09:00,132469.5,132944.30107526883,128671.09139784946,249883,126083.436328125,124936.00065104167,0.02635439768686959,0.027119167285834217,63.51351050871698,1167.4182464113255,633.7535781873718,533.6646682239538,0.02952021387378112,1,1,1,1.0,Trend
2019-01-21 00:00:00+09:00,134843.515625,136742.72007042254,132944.31117957746,340359,126510.75703125,125307.92825520833,0.025583691156268004,0.027115933356559953,67.53247419298796,1561.981020434294,819.3990666367563,742.5819537975376,0.017921224319560336,1,1,1,1.0,Trend
2019-01-22 00:00:00+09:00,135318.328125,136267.93042763157,132944.32236842107,180670,127199.219140625,125695.6828125,0.02364048000223119,0.027099295545910545,73.61112380729509,1891.187826059875,1033.75681852138,857.4310075384951,0.0035212112187912314,1,1,-1,0.5,Trend
2019-01-23 00:00:00+09:00,133893.921875,134368.7230164007,131994.71730939715,189100,127863.941015625,126091.35052083334,0.023728793187773857,0.027029814824898638,65.07937088333489,2013.9335390023043,1229.7921626175648,784.1413763847395,-0.010526336452252094,1,1,1,1.0,Trend
2019-01-24 00:00:00+09:00,130570.3046875,135318.31576704545,130570.3046875,253162,128362.48203125,126423.71119791667,0.024667410130387226,0.02727649675598851,48.21428833773043,1822.0191676437971,1348.2375636228114,473.7816040209857,-0.024822763729356212,1,1,1,1.0,Trend
2019-01-25 00:00:00+09:00,131994.71875,132944.32104316546,129620.71301708632,164830,129050.944140625,126669.02526041666,0.02405285186394177,0.026307907770458844,50.0,1764.5236262074322,1431.4947761397357,333.02885006769657,0.010909173153184515,1,1,1,1.0,Trend
2019-01-28 00:00:00+09:00,135318.328125,136267.93042763157,133419.12351973684,376549,129668.186328125,126953.90611979166,0.02318072334211061,0.026462864486102983,65.45454708637163,1964.4999626751378,1538.0958134468162,426.40414922832156,0.02517986633461433,1,1,1,1.0,Trend
2019-01-29 00:00:00+09:00,136267.9375,138641.94337979093,134368.73279616726,455368,130380.3890625,127389.14075520834,0.02299480385045213,0.024672259159922508,64.81483343586763,2174.541430418496,1665.3849368411525,509.15649357734355,0.007017596124323955,1,1,1,1.0,Trend
2019-01-30 00:00:00+09:00,137217.53125,137692.33239619376,134368.72437283737,260143,131282.51171875,127768.98177083333,0.021947818574000685,0.024258045383084164,67.2727212893664,2390.073803375053,1810.3227101479326,579.7510932271205,0.006968577989961977,1,1,1,1.0,Trend
2019-01-31 00:00:00+09:00,131519.90625,136267.91730595668,128671.09961642599,1538515,131614.872265625,128038.03567708333,0.022512182951984483,0.024945009185336917,56.92305745060563,2077.1894938296173,1863.6960668842698,213.49342694534744,-0.04152257330456821,1,1,1,1.0,Trend
2019-02-01 00:00:00+09:00,121549.0859375,130095.50604248047,120599.48370361328,1709513,131116.33125,128038.03567708333,0.026136089055537704,0.02619951307310577,41.66666993139755,1012.9874657660403,1693.5543466606239,-680.5668808945836,-0.07581225228025135,1,1,-1,0.5,Trend
2019-02-07 00:00:00+09:00,121549.0859375,123923.0915222168,121074.28482055664,599216,130594.049609375,128069.6890625,0.026093718134760167,0.02611782647616894,36.36365579012938,167.66693134853267,1388.3768635982058,-1220.709932249673,0.0,1,1,-1,0.5,Trend
2019-02-08 00:00:00+09:00,121549.0859375,124397.89263916016,120599.48370361328,507579,130309.16875,128053.86236979166,0.024952186820793407,0.025938568676574115,38.35618105702475,-496.5319709027681,1011.3950966980111,-1507.927067600779,0.0,1,1,-1,0.5,Trend
2019-02-11 00:00:00+09:00,124872.6953125,125822.29755822243,122023.8885753327,509864,130119.2484375,128093.42916666667,0.025642760659719613,0.026173591689193983,44.871804608030516,-746.126010035252,659.8908753513585,-1406.0168853866105,0.027343762804674432,1,1,-1,0.5,Trend
2019-02-12 00:00:00+09:00,123923.0859375,127246.69360632183,123923.0859375,299199,129905.5875,128053.86223958334,0.02567561534468196,0.025889031549492875,37.500031423005076,-1008.9263496970525,326.1274303416763,-1335.0537800387287,-0.0076046198300081524,1,1,-1,0.5,Trend
2019-02-13 00:00:00+09:00,120599.484375,124872.69445127953,120124.68325541339,518252,129573.2265625,127950.988671875,0.026280718440609176,0.026113752555463728,29.729759176683373,-1468.4569245067541,-32.7894406280098,-1435.6674838787444,-0.02681987409655251,1,1,-1,0.5,Trend
2019-02-14 00:00:00+09:00,118225.4765625,121074.28322665663,116801.0732304217,537322,129074.68515625,127935.16197916666,0.026436586435298604,0.02499178505887735,26.92308422525518,-2001.1329903889127,-426.4581505801904,-1574.6748398087223,-0.019685057733067057,1,1,-1,0.5,Trend
2019-02-15 00:00:00+09:00,119649.8828125,122023.88842385913,118225.47944568453,306373,128481.183984375,127903.50859375,0.025800571957911703,0.024907311554259414,30.769242128174753,-2282.039005078477,-797.5743214798479,-1484.4646835986293,0.012048217452073295,1,1,-1,0.5,Trend
2019-02-18 00:00:00+09:00,122023.8828125,122023.8828125,118700.2751094358,256443,128101.34296875,127808.54830729167,0.026244911219666833,0.02418288093154903,38.15789929480556,-2286.7370051335165,-1095.4068582105815,-1191.330146922935,0.019841222943111747,1,1,-1,0.5,Trend
2019-02-19 00:00:00+09:00,121549.0859375,122973.48928833008,120599.48370361328,156040,127745.2421875,127705.67473958334,0.026226253573514265,0.02418604003250082,35.13512612075155,-2302.2336276252463,-1336.7722120935146,-965.4614155317317,-0.0038910159557007384,1,1,-1,0.5,Trend
2019-02-20 00:00:00+09:00,122498.6875,123448.28972868218,120599.48304263566,268845,127246.7015625,127563.234375,0.02527597496019503,0.023962755975794357,30.43476913009927,-2212.386883821062,-1511.8951464390243,-700.4917373820376,0.007812494476414855,-1,1,-1,-0.19999999999999996,MeanReversion
2019-02-21 00:00:00+09:00,125347.4921875,126771.8955078125,121074.2822265625,472089,126771.900390625,127484.10078125,0.025537556489610994,0.02414890195834233,34.246544774408704,-1889.5266748995782,-1587.421452131135,-302.1052227684431,0.023255797638648268,-1,1,-1,-0.19999999999999996,MeanReversion
2019-02-22 00:00:00+09:00,126771.8984375,128671.10290847378,125822.29620201311,299344,126344.57890625,127452.44739583334,0.025711262063429552,0.024157964174589586,35.13512612075155,-1501.4126032385975,-1570.2196823526278,68.80707911403033,0.011363659736162157,-1,1,-1,-0.19999999999999996,MeanReversion
2019-02-25 00:00:00+09:00,126297.1015625,127721.50496358084,123923.09589403195,275199,125964.737890625,127436.620703125,0.025654213905513253,0.024120368986492752,41.269851219509015,-1218.1000459174393,-1499.7957550655901,281.69570914815085,-0.003745284884520972,-1,1,-1,-0.19999999999999996,MeanReversion
2019-02-26 00:00:00+09:00,123448.2890625,126297.09573317308,122973.48795072116,236956,125608.637109375,127389.14049479166,0.025553468863747656,0.024280284714948953,54.16666381002462,-1209.5057341026695,-1441.7377508730062,232.2320167703367,-0.022556436092005083,-1,1,1,0.30000000000000004,Trend
2019-02-27 00:00:00+09:00,123923.0859375,125822.2903196839,122973.48374640803,155430,125205.05546875,127357.48697916667,0.025403939509166966,0.024282158612909884,55.1020298513878,-1151.113223602748,-1383.6128454189547,232.49962181620685,0.0038461195258818748,-1,1,1,0.30000000000000004,Trend
2019-02-28 00:00:00+09:00,124872.6953125,126771.89980394486,123923.09306677757,377513,124682.773828125,127278.353515625,0.024685487893062123,0.02398520209370014,56.86274762848999,-1016.4936914606078,-1310.1890146272854,293.69532316667755,0.007662893219742228,-1,1,1,0.30000000000000004,Trend
2019-03-04 00:00:00+09:00,125347.4921875,128196.298828125,124872.69108072916,278459,124136.7515625,127222.96002604166,0.0246206898370922,0.0239753536505974,51.111101360438255,-861.5630401644885,-1220.463819734726,358.90077957023755,0.0038022473512868693,-1,1,1,0.30000000000000004,Trend
2019-03-05 00:00:00+09:00,126771.8984375,127721.50067298689,123448.29061329587,188134,123614.469921875,127246.70013020834,0.024743182375337482,0.023780902927618613,56.5217546826688,-616.7323955289176,-1099.7175348935643,482.9851393646468,0.011363659736162157,-1,1,1,0.30000000000000004,Trend
2019-03-06 00:00:00+09:00,127721.5,128196.30111524164,125347.49442379182,183365,123424.549609375,127246.70013020834,0.02312430786773455,0.023675828247391218,68.2926819479917,-342.13353340102185,-948.2007345950559,606.067201194034,0.007490631395475678,-1,1,1,0.30000000000000004,Trend
2019-03-07 00:00:00+09:00,123923.0859375,128196.29579741378,122973.48374640803,241594,123543.249609375,127120.08645833333,0.016026161823508193,0.023673555561027466,63.63635343744391,-426.1004067093454,-843.7806690179139,417.68026230856844,-0.029739817199923246,-1,1,1,0.30000000000000004,Trend
2019-03-08 00:00:00+09:00,119175.078125,123448.28809760956,117750.67480079681,378129,123424.54921875,126906.42578125,0.01836105573198951,0.024168932662250755,49.019600251782464,-865.789031447086,-848.1823415037483,-17.606689943337756,-0.038314150883029474,-1,1,-1,-0.19999999999999996,MeanReversion
2019-03-11 00:00:00+09:00,119175.078125,120124.68034113545,115851.47036852589,177968,123305.848828125,126756.07200520833,0.01836105573198951,0.023898350887221143,43.478265535233746,-1200.4078795299865,-918.627449108996,-281.78043042099057,0.0,-1,1,-1,-0.19999999999999996,MeanReversion
2019-03-12 00:00:00+09:00,119649.8828125,121549.08730158731,119175.08169022818,176056,123044.708203125,126605.718359375,0.01720112268994576,0.023899351436054546,45.65217857871034,-1411.017624415079,-1017.1054841702127,-393.91214024486624,0.003984093780093678,-1,1,-1,-0.19999999999999996,MeanReversion
2019-03-13 00:00:00+09:00,117750.6796875,120124.6853263609,116801.07743195565,158719,122736.087890625,126423.711328125,0.017441910754747433,0.023974752259579974,39.583344045737334,-1711.4486695596424,-1155.9741212480988,-555.4745483115437,-0.01587300447235862,-1,1,-1,-0.19999999999999996,MeanReversion
2019-03-14 00:00:00+09:00,118700.28125,120124.684625,117275.87787499999,267487,122641.127734375,126297.09765625,0.01658080117449667,0.02389851929441161,34.09092693901195,-1851.5737378973135,-1295.0940445779418,-556.4796933193718,0.008064510243339207,-1,1,-1,-0.19999999999999996,MeanReversion
2019-03-15 00:00:00+09:00,122973.484375,123923.08657094595,118700.27449324324,374881,122878.528125,126130.9171875,0.017791446270109965,0.023390526321328473,41.99998881110412,-1599.3754796103312,-1355.9503315844197,-243.42514802591154,0.03599994102794102,-1,1,-1,-0.19999999999999996,MeanReversion
2019-03-18 00:00:00+09:00,123448.2890625,124397.8912860577,121549.08461538462,121757,123068.4484375,125925.169921875,0.01764306961505365,0.023214220084420253,43.999989469277935,-1345.6815930081502,-1353.8965838691659,8.214990861015622,0.0038610330504429413,-1,1,-1,-0.19999999999999996,MeanReversion
2019-03-19 00:00:00+09:00,122973.484375,123923.08657094595,122023.88217905405,88423,123115.928515625,125758.989453125,0.017150969093751026,0.023073396586331636,48.88888076333115,-1169.4593310775963,-1317.009133310852,147.5498022332556,-0.00384618281148974,-1,1,1,0.30000000000000004,Trend
2019-03-20 00:00:00+09:00,121549.0859375,122973.48928833008,119649.88146972656,141186,123115.928515625,125608.63580729166,0.017339490300928823,0.02300974650634296,44.68086447155234,-1131.6935102650168,-1279.9460087016848,148.25249843666802,-0.011582972091417565,-1,1,-1,-0.19999999999999996,MeanReversion
2019-03-21 00:00:00+09:00,120599.484375,121549.08661417324,119175.08101624016,181983,123020.968359375,125450.36875,0.017322402234208292,0.02302371076003164,40.42552819052494,-1164.9598036709358,-1256.948767695535,91.98896402459923,-0.007812494476414855,-1,1,-1,-0.19999999999999996,MeanReversion
2019-03-22 00:00:00+09:00,119649.8828125,121549.08730158731,118700.28056795636,147714,122736.087890625,125339.58177083333,0.016446441612383674,0.022739071804761722,37.500008569926145,-1253.4989353573765,-1256.2588012279034,2.759865870526937,-0.007874010137118415,-1,1,-1,-0.19999999999999996,MeanReversion
2019-03-25 00:00:00+09:00,110628.6640625,119175.08446217811,110153.86292918456,743725,121928.926171875,125157.57473958333,0.0233251340127873,0.02438554250632223,23.43750080343071,-2028.223694537839,-1410.6517798898906,-617.5719146479485,-0.0753968038910402,-1,1,-1,-0.19999999999999996,MeanReversion
2019-03-26 00:00:00+09:00,112527.859375,113477.46156381856,111103.45609177215,299376,121240.4640625,125023.04765625,0.023923358980552496,0.024488173053369252,25.757556870677945,-2460.5853619067348,-1620.6384962932595,-839.9468656134752,0.01716729862549049,-1,1,-1,-0.19999999999999996,MeanReversion
2019-03-27 00:00:00+09:00,111103.453125,112527.85637019231,109204.24879807692,297641,120623.222265625,124864.78046875,0.023650103637452416,0.024533176788605462,27.868835213210886,-2884.9172481711867,-1873.494246668845,-1011.4230015023415,-0.01265825421288036,-1,1,-1,-0.19999999999999996,MeanReversion
2019-03-28 00:00:00+09:00,110153.859375,111103.46161099138,108729.45602101293,194691,119934.7609375,124730.253515625,0.023561303025474746,0.02443181340040605,32.07546115425788,-3260.2455237553368,-2150.8445020861436,-1109.4010216691931,-0.008546932820635456,-1,1,-1,-0.19999999999999996,MeanReversion
2019-03-29 00:00:00+09:00,113002.65625,113477.45732668067,110153.84978991597,202790,119341.258984375,124564.073046875,0.02442608974734425,0.024105565545680222,38.98302532229466,-3289.897891819768,-2378.655180032869,-911.2427117868992,0.025861979699701276,-1,1,-1,-0.19999999999999996,MeanReversion
2019-04-01 00:00:00+09:00,113952.265625,115376.6689453125,113477.46451822916,163369,118771.49765625,124429.54609375,0.024533868557398,0.024123502850055975,39.99998354572602,-3199.8857754392666,-2542.9012991141485,-656.9844763251181,0.0084034252513423,-1,1,-1,-0.19999999999999996,MeanReversion
2019-04-02 00:00:00+09:00,113002.65625,114901.86055672269,112053.05409663866,137126,118083.035546875,124326.67239583333,0.02424855425878191,0.02396238499470077,41.37928197539746,-3168.649842087718,-2668.0510077088625,-500.5988343788554,-0.008333396179458386,-1,1,-1,-0.19999999999999996,MeanReversion
2019-04-03 00:00:00+09:00,115851.4765625,116801.07882940573,113477.47089523566,192529,117489.534375,124176.31875,0.025048712605208245,0.023386901189431267,45.16129289088357,-2880.810953797016,-2710.6029969264932,-170.2079568705226,0.025210206618483832,-1,1,-1,-0.19999999999999996,MeanReversion
2019-04-04 00:00:00+09:00,114427.0703125,116801.07592064315,114427.0703125,102735,117014.73359375,123891.43815104167,0.024409678864359408,0.02236211617785417,33.92858559518125,-2736.0942498222867,-2715.7012475056517,-20.39300231663492,-0.012295106564580993,-1,1,-1,-0.19999999999999996,MeanReversion
2019-04-05 00:00:00+09:00,116801.078125,118225.4815167683,113952.27134146342,293727,116896.03359375,123638.21080729166,0.02352352620073173,0.02254421933887641,38.33334293164929,-2402.1521149438195,-2652.9914209932854,250.8393060494659,0.020746907231099954,-1,1,-1,-0.19999999999999996,MeanReversion
2019-04-08 00:00:00+09:00,115851.4765625,117275.8799628586,114901.87429559426,144247,116729.853515625,123448.29036458333,0.023575914675353374,0.02209892690986725,37.704933067583575,-2188.893277902942,-2560.1717923752167,371.27851447227476,-0.008130075319028651,-1,1,-1,-0.19999999999999996,MeanReversion
2019-04-09 00:00:00+09:00,115376.671875,117275.87635030864,114901.87075617284,119650,116516.19296875,123226.71653645833,0.023547910866216278,0.02203803134689208,38.98305462895797,-2034.7416481369728,-2455.0857635275684,420.34411539059556,-0.004098391333353879,-1,1,-1,-0.19999999999999996,MeanReversion
2019-04-10 00:00:00+09:00,113477.46875,115376.67324790795,111578.26425209205,322450,116302.532421875,122981.40260416667,0.023567223076766754,0.022119461994191333,37.7049228969845,-2042.283023412776,-2372.52521550461,330.2421920918341,-0.016460893646313646,-1,1,-1,-0.19999999999999996,MeanReversion
2019-04-11 00:00:00+09:00,112527.859375,114427.06375263713,112053.05828059072,341189,115993.911328125,122736.08854166667,0.023490992192412952,0.02212382411980356,37.704912726390916,-2100.6699425216066,-2318.1541609080095,217.48421838640297,-0.008368263633832584,-1,1,-1,-0.19999999999999996,MeanReversion
2019-04-12 00:00:00+09:00,113952.265625,114427.06673177083,112527.8623046875,201307,115542.850390625,122498.687890625,0.022057874285938257,0.022171112610773903,57.77775583878791,-2008.8475721080467,-2256.2928431480173,247.44527103997052,0.01265825421288036,-1,1,1,0.30000000000000004,Trend
2019-04-15 00:00:00+09:00,116326.2734375,116801.07455357142,113952.26785714286,223626,115186.749609375,122245.46067708333,0.022674393326708415,0.02207537638996878,58.69565139630273,-1724.6345780847914,-2149.9611901353724,425.32661205058093,0.02083335332982772,-1,1,1,0.30000000000000004,Trend
2019-04-16 00:00:00+09:00,117275.875,117750.67611336033,115851.47165991903,190364,114901.869140625,122039.71354166667,0.022807793737134378,0.022051846762811505,64.44444281933468,-1406.554933017178,-2001.2799387117336,594.7250056945556,0.008163259549530677,-1,1,1,0.30000000000000004,Trend
2019-04-17 00:00:00+09:00,116801.078125,117750.68038617886,115851.47586382114,125036,114664.46875,121841.87981770834,0.02270819067385831,0.022041547598096803,65.90907391091679,-1179.1936520323798,-1836.8626813758628,657.6690293434831,-0.004048546855864421,-1,1,1,0.30000000000000004,Trend
2019-04-18 00:00:00+09:00,114901.875,119175.08522727272,114427.07386363637,240430,114379.58828125,121549.08606770834,0.022903793554211956,0.02174781705276948,54.761930879721184,-1139.1268731749733,-1697.315519735685,558.1886465607117,-0.016260150638057302,-1,1,1,0.30000000000000004,Trend
2019-04-19 00:00:00+09:00,114901.875,116801.07954545454,114427.07386363637,85500,114142.187890625,121216.725390625,0.02287233831624121,0.021589420297534277,52.50001439745025,-1094.7540193901223,-1576.8032196665727,482.0492002764504,0.0,-1,1,1,0.30000000000000004,Trend
2019-04-22 00:00:00+09:00,113952.265625,115376.6689453125,112527.8623046875,177638,114308.36796875,120860.62434895833,0.014330102346297892,0.02158595309845146,52.50001439745025,-1123.2654485400126,-1486.0956654412607,362.83021690124815,-0.008264524621552138,-1,1,1,0.30000000000000004,Trend
2019-04-23 00:00:00+09:00,120599.484375,121074.28549458661,116801.0754183071,644267,114711.94921875,120639.050390625,0.018680384393690814,0.022886449069524615,60.416648812672236,-602.5402525914396,-1309.3845828712965,706.8443302798569,0.05833336189975391,-1,1,1,0.30000000000000004,Trend
2019-04-24 00:00:00+09:00,117750.6796875,121549.08870967742,117275.87855972782,246088,115044.310546875,120425.38997395833,0.019345186124398336,0.022865672610345698,56.86274320020235,-414.95319092128193,-1130.4983044812936,715.5451135600117,-0.023622030411355133,-1,1,1,0.30000000000000004,Trend
2019-04-25 00:00:00+09:00,115851.4765625,117750.68109631147,115376.67542904713,174354,115329.19140625,120156.3359375,0.01965876634546039,0.022880878238743248,48.000002632679646,-414.75784270768054,-987.350212126571,572.5923694188905,-0.016129020486678414,-1,1,1,0.30000000000000004,Trend
2019-04-26 00:00:00+09:00,116801.078125,117275.87925558943,114901.87360264228,106355,115519.1125,119847.71510416667,0.01895990446998681,0.02264668520541593,51.999997367320354,-334.12651541545347,-856.7054727843475,522.5789573688941,0.008196715231227225,-1,1,1,0.30000000000000004,Trend
2019-04-29 00:00:00+09:00,120124.6796875,120124.6796875,115851.4697381423,143693,115827.733203125,119578.66080729167,0.01981867669160709,0.022956755232806932,58.92856355823264,-2.015504540744587,-685.7674791356269,683.7519745948823,0.028455230172987678,-1,1,1,0.30000000000000004,Trend
2019-04-30 00:00:00+09:00,118225.4765625,120124.68100527108,116326.27211972892,200293,116088.87421875,119262.1265625,0.02010999232778991,0.022993955423653362,58.92856355823264,106.70501542709826,-527.272980223082,633.9779956501802,-0.015810265883253183,-1,1,1,0.30000000000000004,Trend
2019-05-02 00:00:00+09:00,122498.6875,122973.4886143411,116326.2730135659,383655,116421.234765625,119111.77291666667,0.020864341146017908,0.022900858471172587,66.66667537262367,531.5518222061364,-315.50801973723827,847.0598419433747,0.03614458627486239,-1,1,1,0.30000000000000004,Trend
2019-05-03 00:00:00+09:00,120124.6796875,123448.28742588933,119649.87858201582,323206,116706.115234375,119088.0328125,0.021199063690475306,0.020663398188058502,60.0,668.9718957828154,-118.61203663322755,787.5839324160429,-0.019379863253636942,-1,1,1,0.30000000000000004,Trend
2019-05-07 00:00:00+09:00,115851.4765625,118700.28336321721,115376.67542904713,259037,116658.63515625,118993.07265625,0.022411980336583037,0.02118020436441573,49.27536853973418,428.1312836758443,-9.263372571413171,437.3946562472575,-0.035573065719022745,-1,1,1,0.30000000000000004,Trend
2019-05-08 00:00:00+09:00,114427.0703125,115376.67255575726,113002.66694761411,273288,116587.41484375,118874.37239583333,0.02250816206075237,0.02123243565885539,45.71428772909327,120.93165842196322,16.775633627262106,104.15602479470111,-0.012295106564580993,-1,1,1,0.30000000000000004,Trend
2019-05-09 00:00:00+09:00,109679.0625,115851.47727272726,109679.0625,456761,116302.534375,118621.14518229167,0.024370250525621123,0.021568440687665443,40.506328850276226,-499.8884051920322,-86.55717413659676,-413.33123105543547,-0.041493746187271974,-1,1,-1,-0.19999999999999996,MeanReversion
2019-05-10 00:00:00+09:00,109679.0625,111578.26704545454,109204.26136363637,259822,116112.6140625,118383.74479166667,0.024147645428141653,0.021558131208701627,42.66666520406573,-980.5891569671949,-265.3635707027164,-715.2255862644785,0.0,-1,1,-1,-0.19999999999999996,MeanReversion
2019-05-13 00:00:00+09:00,104456.25,109679.0625,103981.44886363637,366584,115709.03359375,118114.69088541667,0.026327766548393305,0.022157416595987998,37.209300100830184,-1762.666365258643,-564.8241296139017,-1197.8422356447413,-0.04761904761904767,-1,1,-1,-0.19999999999999996,MeanReversion
2019-05-14 00:00:00+09:00,103506.6484375,106355.45527522935,102557.04615825688,306668,115186.752734375,117869.37708333334,0.02606659358433692,0.02205686488611145,37.209307220035015,-2431.0692443729204,-938.0731525657054,-1492.996091807215,-0.009090902291629233,-1,1,-1,-0.19999999999999996,MeanReversion
2019-05-15 00:00:00+09:00,105880.65625,107305.05969730942,103981.45165358744,216397,114664.471875,117639.88997395833,0.026176049835170013,0.02221624533250159,29.870130980216842,-2737.6626803527906,-1297.9910581231225,-1439.6716222296682,0.022935800244111793,-1,1,-1,-0.19999999999999996,MeanReversion
2019-05-16 00:00:00+09:00,103506.6484375,106830.25641485091,103506.6484375,182645,113976.010546875,117331.26940104166,0.026287236970928406,0.022187960176301015,30.26315561575315,-3136.0523183101905,-1665.6033101605362,-1470.4490081496542,-0.022421544185508346,-1,1,-1,-0.19999999999999996,MeanReversion
2019-05-17 00:00:00+09:00,103981.4453125,107305.05315353881,103981.4453125,171751,113335.02890625,117038.475390625,0.026395717667152895,0.022207447841035496,32.87670121310751,-3374.5669298915163,-2007.3960341067323,-1367.170895784784,0.004587114761876343,-1,1,-1,-0.19999999999999996,MeanReversion
2019-05-20 00:00:00+09:00,101132.640625,105405.85079225352,100657.83949530516,202978,112646.5671875,116682.374609375,0.02675624720359653,0.022399338604412858,28.571419413211018,-3750.235823667317,-2355.9639920188492,-1394.271831648468,-0.027397240718652904,-1,1,-1,-0.19999999999999996,MeanReversion
2019-05-21 00:00:00+09:00,101607.4453125,103031.84875146027,100657.8430198598,154851,111981.845703125,116286.70716145834,0.026835432261274907,0.022160040176259336,22.53522138627372,-3963.9494169541285,-2677.561077005905,-1286.3883399482233,0.00469487086034448,-1,1,-1,-0.19999999999999996,MeanReversion
2019-05-22 00:00:00+09:00,103506.6484375,103981.44957712156,101132.6427393922,157194,111459.56484375,115898.95299479166,0.027386655360526646,0.022261127709796515,28.169020939088654,-3934.712245974253,-2928.991310799575,-1005.7209351746783,0.018691574413261636,-1,1,-1,-0.19999999999999996,MeanReversion
2019-05-23 00:00:00+09:00,105880.65625,106830.25854820629,99708.24131165919,324234,110723.6234375,115558.67890625,0.024241641412490366,0.02251366537983655,23.880606911673055,-3677.586064340736,-3078.7102615078074,-598.8758028329285,0.022935800244111793,-1,1,-1,-0.19999999999999996,MeanReversion
2019-05-24 00:00:00+09:00,105405.8515625,106830.25496199324,104931.05042933559,164367,110106.38203125,115257.97161458334,0.023894541294740015,0.02236326216622695,25.39683493192115,-3472.100272441632,-3157.3882636945727,-314.7120087470594,-0.004484338351463557,-1,1,-1,-0.19999999999999996,MeanReversion
2019-05-27 00:00:00+09:00,104931.0546875,108254.66275452488,103981.45238263575,130659,109560.3609375,114941.43776041667,0.02376109116104225,0.022348283818276755,29.090917250044868,-3309.414570555542,-3187.793525066767,-121.62104548877505,-0.004504464106705464,-1,1,-1,-0.19999999999999996,MeanReversion
2019-05-28 00:00:00+09:00,108254.65625,108254.65625,103981.44613486841,228911,109133.03984375,114664.47044270833,0.02495716600540721,0.022737538269713694,38.983048484018596,-2879.109527675493,-3126.0567255885126,246.9471979130194,0.031674146156237315,-1,1,-1,-0.19999999999999996,MeanReversion
2019-05-29 00:00:00+09:00,105405.8515625,108254.65836148648,103506.64702984234,218180,108397.0984375,114332.109765625,0.024271167872145564,0.02293655756056913,41.818178010583985,-2736.420656870032,-3048.1295118448165,311.7088549747846,-0.02631577048215883,-1,1,-1,-0.19999999999999996,MeanReversion
2019-05-30 00:00:00+09:00,109679.0625,109679.0625,104931.05113636363,186414,107969.777734375,114047.22916666667,0.026248599233002858,0.02352116000479625,50.0,-2252.5601772433,-2889.0156449245133,636.4554676812131,0.04054054755172887,-1,1,1,0.30000000000000004,Trend
2019-05-31 00:00:00+09:00,111578.2578125,113002.66110372341,106830.24684175532,357122,107423.75625,113778.17513020833,0.02510019165150843,0.02362337777003079,63.15788562090466,-1696.2942474532028,-2650.4713654302514,954.1771179770485,0.017315933134457673,-1,1,1,0.30000000000000004,Trend
2019-06-03 00:00:00+09:00,109679.0625,112527.86931818182,109204.26136363637,191906,106901.475390625,113540.77473958333,0.02503077853483028,0.02342128565833817,61.01695766092766,-1392.645133686572,-2398.9061190815155,1006.2609853949434,-0.01702119525554413,-1,1,1,0.30000000000000004,Trend
2019-06-04 00:00:00+09:00,112527.859375,113952.26265822785,110153.85390295359,222063,106735.29453125,113429.98776041667,0.02473144176965907,0.0231757071019561,61.666659353654005,-911.6183549954876,-2101.44856626431,1189.8302112688225,0.025973935316961683,-1,1,1,0.30000000000000004,Trend
2019-06-05 00:00:00+09:00,112053.0546875,113477.45792505296,111103.45252913135,125607,106616.59375,113311.28736979167,0.02460900230877643,0.023179177690696003,66.07142332452833,-562.2328669327399,-1793.605426397996,1231.3725594652562,-0.004219441213377251,-1,1,1,0.30000000000000004,Trend
2019-06-07 00:00:00+09:00,110628.6640625,112527.8685957618,108729.4595292382,166068,106664.073828125,113160.93372395834,0.022817801310754452,0.02321889478272951,62.06898997366748,-395.7171883430274,-1514.0277787870025,1118.3105904439751,-0.012711751848018982,-1,1,1,0.30000000000000004,Trend
2019-06-10 00:00:00+09:00,111103.453125,111578.25420673077,108729.44771634616,132620,106735.293359375,113050.14661458334,0.022833632222060158,0.023148884413894903,69.81134067091291,-222.87167804234196,-1255.7965586380703,1032.9248805957284,0.004291736382460165,-1,1,1,0.30000000000000004,Trend
2019-06-11 00:00:00+09:00,112053.0546875,113477.45792505296,110153.85037076271,218494,107115.13359375,112939.35950520834,0.019681631523695294,0.023152120093084833,70.3703861701045,-9.159866660949774,-1006.4692202426462,997.3093535816964,0.008547003137981957,-1,1,-1,-0.19999999999999996,MeanReversion
2019-06-12 00:00:00+09:00,113477.46875,114427.07099895398,112053.06537656904,258636,107613.674609375,112781.092578125,0.0195470394491997,0.022729680128175042,69.81135004323131,272.01102036616066,-750.7731721208849,1022.7841924870455,0.012711961012330075,-1,1,1,0.30000000000000004,Trend
2019-06-13 00:00:00+09:00,114427.0703125,115851.47367738589,112053.06470435685,325993,108040.9953125,112630.73893229167,0.01910702050129815,0.02275437157258762,68.00002369417923,564.9534522778267,-487.62784724114255,1052.5812995189692,0.008368194787566674,-1,1,1,0.30000000000000004,Trend
2019-06-14 00:00:00+09:00,116326.2734375,117275.87566964285,113002.665625,258639,108681.9765625,112519.95208333334,0.018227837930322698,0.02286606365273968,71.69815128262762,939.5319208436413,-202.19589362418577,1141.727814467827,0.01659749847490888,-1,1,-1,-0.19999999999999996,MeanReversion
2019-06-17 00:00:00+09:00,112527.859375,117275.87031909282,112053.05828059072,202880,109109.297265625,112369.59830729167,0.020214272966039414,0.02320406257577149,63.33333059095283,919.2907738983922,22.10143988032982,897.1893340180624,-0.0326531053583593,-1,1,1,0.30000000000000004,Trend
2019-06-18 00:00:00+09:00,111103.453125,113477.45853365384,110153.85096153847,205664,109607.837890625,112211.33111979166,0.019227429696263006,0.02323610065858353,55.35713131396234,779.3282282985747,173.5467975639788,605.7814307345959,-0.01265825421288036,-1,1,1,0.30000000000000004,Trend
2019-06-19 00:00:00+09:00,113477.46875,114427.07099895398,112053.06537656904,189927,110201.3390625,112108.45755208333,0.01957569867941614,0.02339959718505773,65.45455524551718,850.1698936742177,308.87141678602666,541.2984768881911,0.021367613320974366,-1,1,1,0.30000000000000004,Trend
2019-06-20 00:00:00+09:00,114901.875,115376.67613636363,113477.47159090909,146428,110771.100390625,112179.677734375,0.019410473968418888,0.02112844580087501,61.22450007555533,1009.6119261631247,449.0195186614463,560.5924075016785,0.01255232660448291,-1,1,1,0.30000000000000004,Trend
2019-06-21 00:00:00+09:00,115851.4765625,116801.07882940573,114427.07316214139,200548,111269.64140625,112235.07135416666,0.01899101743843954,0.02104317027010213,59.574492665948284,1198.7770400656736,598.9710229422917,599.8060171233819,0.008264456628753969,-1,1,1,0.30000000000000004,Trend
2019-06-24 00:00:00+09:00,116326.2734375,117750.67678571428,115376.67120535714,88149,111815.6625,112322.118359375,0.018873684155287358,0.020975967338344493,65.90908495971885,1371.1975832649623,753.4163350068259,617.7812482581364,0.004098323897873346,-1,1,1,0.30000000000000004,Trend
2019-06-25 00:00:00+09:00,115376.671875,116801.07523148147,113952.26851851851,161278,112337.943359375,112409.165234375,0.01898826339627596,0.02097310374191457,57.50001439747395,1414.9070285548078,885.7144737164223,529.1925548383855,-0.008163259549530788,-1,1,1,0.30000000000000004,Trend
2019-06-26 00:00:00+09:00,113477.46875,115851.47437238494,112527.86650104602,147563,112599.083984375,112417.07877604167,0.018486026197088997,0.020834867532965602,53.48839879003789,1281.5246406359656,964.8765071003311,316.64813353563454,-0.016460893646313646,1,1,1,1.0,Trend
2019-06-27 00:00:00+09:00,114427.0703125,115376.67255575726,113477.46806924274,197697,113050.144921875,112424.9921875,0.01720618770786945,0.020834632164997865,59.52379833044209,1238.170191945872,1019.5352440694393,218.63494787643265,0.008368194787566674,1,1,1,1.0,Trend
2019-06-28 00:00:00+09:00,112527.859375,114427.06375263713,112053.05828059072,142889,113192.584765625,112417.07890625,0.015610619271099035,0.020919911084688714,53.333335770997984,1038.588823263388,1023.345959908229,15.242863355158875,-0.016597566749836923,1,1,1,1.0,Trend
2019-07-01 00:00:00+09:00,113002.65625,114427.05948004202,112527.85517331933,133820,113263.8046875,112369.59856770834,0.015179566863329913,0.02067042276128326,52.27272302318215,908.2614181900572,1000.3290515645947,-92.06763337453754,0.004219371786125636,1,1,-1,0.5,Trend
2019-07-02 00:00:00+09:00,112053.0546875,113477.45792505296,112053.0546875,84106,113382.504296875,112330.031640625,0.014760486411319437,0.020638078630177553,46.51160387968195,720.050803324164,944.2734019165086,-224.22259859234464,-0.008403356115799232,1,1,-1,0.5,Trend
2019-07-03 00:00:00+09:00,108729.4609375,113002.6711926856,108254.65979803493,181781,113192.584375,112195.5046875,0.015135533063879839,0.020804444280875273,37.500008569926145,299.25665146825486,815.270051826858,-516.0134003586031,-0.029660893754918427,1,1,-1,0.5,Trend
2019-07-04 00:00:00+09:00,110153.859375,110153.859375,107779.85378502155,148045,113097.624609375,112100.54440104167,0.015472329477873581,0.02086376542941655,36.170211276209976,79.7915172339417,668.1743449082747,-588.382827674333,0.013100390871235712,1,1,-1,0.5,Trend
2019-07-05 00:00:00+09:00,112053.0546875,113002.65684586864,109679.04929157838,109426,113168.844140625,112045.15078125,0.015700224670372423,0.020986680604928514,48.83719951341272,58.439354175905464,546.227346761801,-487.7879925858955,0.017241296158625907,1,1,-1,0.5,Trend
2019-07-08 00:00:00+09:00,110153.859375,113002.66608297413,110153.859375,92355,113121.364453125,111989.75729166667,0.016160087307682883,0.020993237178274407,47.7272897254977,-110.45828402256302,414.89022060492823,-525.3485046274913,-0.016949072185462377,1,1,-1,0.5,Trend
2019-07-09 00:00:00+09:00,107305.0546875,111103.46370298673,106830.25356056416,206421,112883.964453125,111902.710546875,0.016992111687318942,0.02123128206446465,35.55552792859862,-468.78178436013695,238.15581961191523,-706.9376039720522,-0.02586205062322633,1,1,-1,0.5,Trend
2019-07-10 00:00:00+09:00,107305.0546875,108254.65694137168,106355.45243362832,106612,112575.34375,111791.92369791666,0.01664437949270314,0.021158995548526557,30.952331514872526,-744.1773269680998,41.689190295912255,-785.866517264012,0.0,1,1,-1,0.5,Trend
2019-07-11 00:00:00+09:00,108729.4609375,110628.66549536027,107305.05751910481,191252,112290.46328125,111665.31015625,0.016849320655603735,0.021051757644917152,32.558106608502655,-837.8345631769771,-134.21556039866562,-703.6190027783115,0.013274363021837488,1,1,-1,0.5,Trend
2019-07-12 00:00:00+09:00,109204.2578125,110628.66117527173,108254.65557065218,139105,111934.3625,111530.783203125,0.01634006804888596,0.02102926520135314,32.558106608502655,-863.789233275922,-280.1302949741169,-583.6589383018052,0.004366773006194924,1,1,-1,0.5,Trend
2019-07-15 00:00:00+09:00,108254.65625,112053.06524122806,107779.85512609649,152055,111720.70234375,111388.34283854166,0.014817768585441185,0.0210487360226897,32.558106608502655,-950.032028415837,-414.1106416624609,-535.921386753376,-0.008695645953021636,1,1,-1,0.5,Trend
2019-07-16 00:00:00+09:00,108729.4609375,109679.06321643014,107779.85865856988,68319,111602.002734375,111285.46927083333,0.01465433858493913,0.02096636629604783,37.499984574103344,-968.8984366774093,-525.0682006654506,-443.83023601195873,0.004385997830924637,1,1,-1,0.5,Trend
2019-07-17 00:00:00+09:00,107305.0546875,109204.25919524336,106830.25356056416,82510,111293.38203125,111158.85559895834,0.013905811341666201,0.021025590082545297,31.70728868683561,-1086.2660820484161,-637.3077769420437,-448.95830510637245,-0.013100462723886541,1,1,-1,0.5,Trend
2019-07-18 00:00:00+09:00,104456.25,107779.85795454546,103506.64772727272,164033,110771.10078125,111000.588671875,0.014408811451893542,0.021268815837368702,30.232541231393256,-1393.096764096379,-788.4655743729109,-604.6311897234682,-0.026548653237225883,-1,1,-1,-0.19999999999999996,MeanReversion
2019-07-19 00:00:00+09:00,105880.65625,106355.45739910314,104456.2528026906,181002,110272.559765625,110755.27486979167,0.014706966801247714,0.019958551387549723,33.33334552169224,-1503.9875775060646,-931.5699749995417,-572.4176025065228,0.013636390833482892,-1,1,-1,-0.19999999999999996,MeanReversion
2019-07-22 00:00:00+09:00,103506.6484375,107305.05755447247,103031.84729787844,153238,109631.578515625,110517.87434895833,0.015096872546876788,0.01993648802631748,31.250004284968952,-1763.1079254480574,-1097.8775650892449,-665.2303603588125,-0.022421544185508346,-1,1,-1,-0.19999999999999996,MeanReversion
2019-07-23 00:00:00+09:00,102557.046875,104456.25144675926,102082.24573206018,176545,108990.597265625,110296.30052083333,0.015106977886783808,0.019872619046788845,34.88370847161619,-2021.7817366510717,-1282.6583994016103,-739.1233372494614,-0.009174305001996008,-1,1,-1,-0.19999999999999996,MeanReversion
2019-07-24 00:00:00+09:00,103031.84375,104456.24711981567,102557.04262672811,128982,108468.316015625,110066.81328125,0.015060281553029875,0.01984705193555841,31.707303369433745,-2163.530621648868,-1458.832843851062,-704.6977777978059,0.004629588014353647,-1,1,-1,-0.19999999999999996,MeanReversion
2019-07-25 00:00:00+09:00,97334.2265625,103981.44203506097,95435.02214176829,613245,107613.673828125,109686.97239583333,0.018685291357502975,0.020672558043948942,18.367354477170892,-2704.4425935514155,-1707.954793791133,-996.4877997602825,-0.055299575161683934,-1,1,-1,-0.19999999999999996,MeanReversion
2019-07-26 00:00:00+09:00,98283.828125,99233.43032910628,95909.8226147343,221855,106901.472265625,109354.61158854167,0.01897462105806792,0.020676315665760878,23.40425233965503,-3021.662474317811,-1970.6963298964688,-1050.966144421342,0.00975609090488061,-1,1,-1,-0.19999999999999996,MeanReversion
2019-07-29 00:00:00+09:00,100657.84375,100657.84375,97334.23570165095,231307,106284.231640625,108990.59752604166,0.020051700825093548,0.020360354686451743,34.78263046875642,-3046.381505125435,-2185.833364942262,-860.548140183173,0.024154692285496493,-1,1,-1,-0.19999999999999996,MeanReversion
2019-07-30 00:00:00+09:00,100657.84375,101607.4460495283,98758.63915094339,155997,105714.47109375,108666.15026041666,0.020081665678035467,0.020251314057357042,34.78263046875642,-3031.031668805197,-2354.873025714849,-676.158643090348,0.0,-1,1,-1,-0.19999999999999996,MeanReversion
2019-07-31 00:00:00+09:00,103031.84375,103506.64487327189,100657.83813364056,190121,105429.590234375,108452.48971354167,0.020169319709007004,0.020050798637173073,37.4999957150384,-2795.0848549496877,-2442.915391561817,-352.16946338787056,0.0235848485478809,-1,1,-1,-0.19999999999999996,MeanReversion
2019-08-01 00:00:00+09:00,101607.4453125,103031.84875146027,100657.8430198598,143821,105002.26953125,108238.829296875,0.019963607486937186,0.02006543994834642,34.000015796083105,-2692.0006470292865,-2492.7324426553114,-199.2682043739751,-0.013824836920867,-1,1,-1,-0.19999999999999996,MeanReversion
2019-08-02 00:00:00+09:00,96859.4296875,99708.23644301471,96384.62856158089,333053,104242.58828125,108025.16875,0.021563708626855,0.02026381334536742,29.310354121009667,-2959.317677609826,-2586.0494896462146,-373.2681879636116,-0.04672901292220455,-1,1,-1,-0.19999999999999996,MeanReversion
2019-08-05 00:00:00+09:00,94200.5390625,97809.02745400707,94200.5390625,381788,103444.922265625,107767.193359375,0.021951105138935535,0.020532423476597877,25.559102828028372,-3347.1349146446155,-2738.266574645895,-608.8683399987203,-0.027451024991355433,-1,1,-1,-0.19999999999999996,MeanReversion
2019-08-06 00:00:00+09:00,91731.578125,93915.66331845238,89262.61225414078,460167,102666.2484375,107555.11549479167,0.021966971090282086,0.01987360681175555,24.691362100009883,-3809.7904895049724,-2952.5713576177104,-857.2191318872619,-0.02620962642115987,-1,1,-1,-0.19999999999999996,MeanReversion
2019-08-07 00:00:00+09:00,89167.65625,92301.34384984025,89072.6960197018,284860,101759.378515625,107316.13229166667,0.02234575974572446,0.020140825937264017,24.922124208619465,-4333.382893005182,-3228.733664695205,-1104.6492283099774,-0.027950264537106473,-1,1,-1,-0.19999999999999996,MeanReversion
2019-08-08 00:00:00+09:00,89642.453125,91351.73718882416,89262.61222192796,311356,100805.028125,107045.49557291667,0.021996043456194225,0.01989640212559071,22.508026081325312,-4656.346046539489,-3514.256141064062,-1142.0899054754273,0.0053247656714090486,-1,1,-1,-0.19999999999999996,MeanReversion
2019-08-09 00:00:00+09:00,91826.53125,92491.25277921406,90307.16775465356,161932,99936.141796875,106850.826953125,0.023072325605617904,0.020018799773913624,30.097061529101822,-4682.0876292625035,-3747.8224387037503,-934.2651905587531,0.024364327936836627,-1,1,-1,-0.19999999999999996,MeanReversion
2019-08-12 00:00:00+09:00,91446.6953125,93061.01911344756,90971.89419457424,140150,99095.74375,106641.914453125,0.0230944208590328,0.020001926533085013,30.693047800191962,-4679.198714680664,-3934.0976938991334,-745.1010207815307,-0.004136450896374266,-1,1,-1,-0.19999999999999996,MeanReversion
2019-08-13 00:00:00+09:00,90402.140625,91826.54410123423,90212.22016150209,111331,98179.377734375,106463.07278645833,0.02290282836619405,0.019757066227186867,28.4789598345414,-4706.937418046116,-4088.66563872853,-618.2717793175862,-0.01142255260215197,-1,1,-1,-0.19999999999999996,MeanReversion
2019-08-14 00:00:00+09:00,90687.015625,91636.6178828534,90402.13494764398,152521,97348.47578125,106281.065625,0.02304505595372712,0.01974941748572306,36.111102949266304,-4652.3046367165225,-4201.3934383261285,-450.911198390394,0.0031511975051752295,-1,1,-1,-0.19999999999999996,MeanReversion
2019-08-16 00:00:00+09:00,90876.9375,91351.73863636363,89452.53409090909,135982,96669.51015625,106070.57044270834,0.022730325026209513,0.019574713472050167,34.01638819149274,-4541.33299594016,-4269.381349848935,-271.9516460912246,0.002094256533761607,-1,1,-1,-0.19999999999999996,MeanReversion
2019-08-19 00:00:00+09:00,97809.03125,98283.83237257281,91256.77575849515,379578,96265.92890625,105936.043359375,0.02873871624472418,0.021657585697557696,44.86299555847074,-3849.6487845519587,-4185.43483678954,335.7860522375813,0.07628001053622646,-1,-1,-1,-1.0,Defensive
2019-08-20 00:00:00+09:00,103031.84375,103031.84375,97334.23027073733,347794,96242.188671875,105896.4765625,0.03094788941158814,0.022720170199666247,53.60230151256073,-2847.2256983127445,-3917.7930090941813,1070.5673107814368,0.053398059803398734,-1,-1,1,-0.5,Defensive
2019-08-21 00:00:00+09:00,102557.046875,103981.45030381944,100657.84230324073,287409,96242.188671875,105856.909765625,0.03089465118040259,0.022720495806944685,49.23547985357201,-2067.280003130305,-3547.6904079014066,1480.4104047711016,-0.004608253698265008,-1,-1,1,-0.5,Defensive
2019-08-22 00:00:00+09:00,102082.2421875,103506.64556686046,101132.63993459303,174800,96194.70859375,105754.03619791666,0.030891169217609076,0.0223445599677946,50.788637310925075,-1470.5288494616543,-3132.2580962134566,1661.7292467518023,-0.004629664191469041,-1,-1,1,-0.5,Defensive
2019-08-23 00:00:00+09:00,103031.84375,104456.24711981567,100657.83813364056,177835,96479.589453125,105714.46940104167,0.027931360909757053,0.022124768333710795,61.732867425721835,-910.4789166789706,-2687.9022603065596,1777.423343627589,0.009302318818152688,-1,1,1,0.30000000000000004,Trend
2019-08-26 00:00:00+09:00,100183.0390625,100657.84019549763,98283.83453050948,194070,96574.55,105556.20234375,0.028707679456383983,0.02176908256379731,61.29035206861023,-688.5726034825348,-2288.0363289417546,1599.4637254592199,-0.02764974966780598,-1,-1,1,-0.5,Defensive
2019-08-27 00:00:00+09:00,100183.0390625,103506.64699348342,99708.23792950237,176939,96550.809765625,105366.28203125,0.02819669906911563,0.021631826120993118,67.58896288258242,-506.8673996564321,-1931.8025430846903,1424.9351434282582,0.0,-1,-1,1,-0.5,Defensive
2019-08-28 00:00:00+09:00,98758.6328125,101132.63840895433,97334.2294546274,150544,96455.84921875,105184.27486979167,0.028371653449969062,0.02160062882310659,70.95437214461059,-472.35735506725905,-1639.913505481204,1167.556150413945,-0.014218037936654881,-1,-1,-1,-1.0,Defensive
2019-08-29 00:00:00+09:00,100183.0390625,100183.0390625,98758.63566350711,74480,96313.408984375,104978.52786458333,0.028036214000022607,0.0214058675486963,72.11157833529288,-326.30873204077943,-1377.1925507931192,1050.8838187523397,0.014423106207883007,-1,-1,-1,-1.0,Defensive
2019-08-30 00:00:00+09:00,104456.25,105405.85227272726,101132.64204545454,247446,96455.84921875,104851.914453125,0.029456942955790863,0.022133710985177846,74.35900681315184,132.71836912857543,-1075.2103668087802,1207.9287359373557,0.04265403582770255,-1,-1,-1,-1.0,Defensive
2019-09-02 00:00:00+09:00,104931.0546875,105405.85583993212,103031.8500777715,98144,96859.43046875,104756.954296875,0.027081525498616598,0.022092492745498342,75.91243089509987,528.7186842141964,-754.4245566041849,1283.1432408183814,0.0045454885418536595,-1,1,-1,-0.19999999999999996,MeanReversion
2019-09-03 00:00:00+09:00,104456.25,106355.45454545454,103031.84659090909,170362,97372.216015625,104646.167578125,0.0261241169202133,0.02208688783070597,77.61192884394121,795.0738997745793,-444.52486532843204,1239.5987651030114,-0.0045249205672623916,-1,1,-1,-0.19999999999999996,MeanReversion
2019-09-04 00:00:00+09:00,107305.0546875,107305.0546875,102557.04341814159,166463,98150.88984375,104567.03424479166,0.0254331595336455,0.022347705197647158,79.66100891346429,1221.9511645324237,-111.22965935626092,1333.1808238886847,0.02727270687488792,-1,1,-1,-0.19999999999999996,MeanReversion
2019-09-05 00:00:00+09:00,108729.4609375,109204.26207696507,106355.45524017468,212891,99128.980078125,104487.90078125,0.02397670656584636,0.02235344215338001,80.51947358144173,1656.1016435930505,242.2366012336014,1413.865042359449,0.013274363021837488,-1,1,-1,-0.19999999999999996,MeanReversion
2019-09-06 00:00:00+09:00,112527.859375,113952.26265822785,109204.25171413503,448091,100273.250390625,104456.247265625,0.024554764947232154,0.02277983824694864,78.18180458325854,2280.3812202804984,649.8655250429808,1630.5156952375175,0.03493439960751199,-1,1,-1,-0.19999999999999996,MeanReversion
2019-09-09 00:00:00+09:00,113952.265625,114901.86783854166,113002.66341145833,241585,101379.537109375,104416.68046875,0.024375645520492477,0.02273695443986364,74.4680724435339,2857.12974936291,1091.3183699069668,1765.811379455943,0.01265825421288036,-1,1,-1,-0.19999999999999996,MeanReversion
2019-09-10 00:00:00+09:00,113952.265625,115851.47005208333,112053.06119791666,154319,102504.815625,104440.42057291667,0.02425928713796926,0.02232408090856967,76.08692852773794,3276.4383718706376,1528.342370299701,1748.0960015709366,0.0,-1,1,-1,-0.19999999999999996,MeanReversion
2019-09-11 00:00:00+09:00,115851.4765625,115851.4765625,113477.47089523566,234850,103777.282421875,104519.554296875,0.023694639420700814,0.022356092541793403,79.59182714037894,3719.1222007941396,1966.498336398589,1752.6238643955508,0.01666672379950751,-1,1,-1,-0.19999999999999996,MeanReversion
2019-09-16 00:00:00+09:00,118700.28125,120124.684625,117750.679,264225,105177.945703125,104606.601171875,0.023731658974784235,0.02240855829675071,81.13206492785586,4250.8261762949405,2423.3639043778594,1827.4622719170811,0.024590145693681453,1,1,-1,0.5,Trend
2019-09-17 00:00:00+09:00,118700.28125,118700.28125,116326.275625,140309,106569.112890625,104669.90794270833,0.02378894187061798,0.02235574348559993,91.48933712131158,4618.96090153011,2862.4833038083098,1756.4775977218005,0.0,1,1,-1,0.5,Trend
2019-09-18 00:00:00+09:00,117750.6796875,118700.28194304435,115376.67404863912,221134,107566.1953125,104701.561328125,0.019545587307675236,0.022359532889932192,87.75508285218643,4778.996121141376,3245.785867274923,1533.2102538664526,-0.00799999420810138,1,1,-1,0.5,Trend
2019-09-19 00:00:00+09:00,115376.671875,118700.27970679011,114901.87075617284,150889,108183.43671875,104685.73463541667,0.01784196170647799,0.02251115016313432,84.31371094010879,4660.538805353703,3528.7364548906794,1131.8023504630232,-0.020161308782254195,1,1,-1,0.5,Trend
2019-09-20 00:00:00+09:00,117750.6796875,118700.28194304435,115376.67404863912,240214,108943.118359375,104725.30143229167,0.017958871084641816,0.022639476508354916,84.90564573313316,4703.998354319454,3763.788834776434,940.2095195430197,0.02057615091438958,1,1,-1,0.5,Trend
2019-09-23 00:00:00+09:00,118225.4765625,118700.27767319277,116326.27211972892,110258,109750.280078125,104804.43489583333,0.017769141765252464,0.022534276535522174,82.22220190832786,4722.316573830278,3955.4943825872033,766.8221912430745,0.004032221947763537,1,1,-1,0.5,Trend
2019-09-24 00:00:00+09:00,120124.6796875,120599.48079298419,116801.07194911067,232884,110604.921875,104899.39505208333,0.017869532745653654,0.02259931046493828,83.33331048019696,4834.356264913353,4131.266759052433,703.0895058609194,0.016064245881859396,1,1,-1,0.5,Trend
2019-09-25 00:00:00+09:00,117750.6796875,120599.48645413306,117275.87855972782,205571,111483.30390625,104986.44205729167,0.0170942506550906,0.022645520758621016,76.9230842252652,4677.665353198812,4240.5464778817095,437.1188753171027,-0.019762799835769562,1,1,-1,0.5,Trend
2019-09-26 00:00:00+09:00,117750.6796875,120124.6853263609,117275.87855972782,137960,112361.6859375,105065.57578125,0.0170942506550906,0.02264115824755685,73.91305280960128,4501.595090707939,4292.7562004469555,208.83889026098313,0.0,1,1,-1,0.5,Trend
2019-09-27 00:00:00+09:00,116326.2734375,119175.08013392857,114901.87008928572,107995,113240.06796875,105136.79609375,0.01695217962884933,0.022671753669221688,67.39129812693248,4198.720225899335,4273.949005537432,-75.22877963809697,-0.012096798538914988,1,1,-1,0.5,Trend
2019-09-30 00:00:00+09:00,117750.6796875,118700.28194304435,114901.87292086694,148254,114118.45,105287.14973958333,0.016918022536201775,0.02235517843508802,63.41465078657349,4027.204289358124,4224.60006230157,-197.395772943446,0.012244922904414368,1,1,-1,0.5,Trend
2019-10-01 00:00:00+09:00,119649.8828125,121074.28617931549,116801.07607886905,182007,114878.131640625,105445.416796875,0.015100796062684262,0.022384929384856925,64.28572268074316,3998.4350238132174,4179.367054603899,-180.9320307906819,0.016129020486678414,1,1,-1,0.5,Trend
2019-10-02 00:00:00+09:00,117750.6796875,121074.28758190524,117750.6796875,143547,115519.112890625,105540.37721354167,0.01593717844373205,0.022398842291101947,58.695663838084386,3778.8254066619265,4099.258725015505,-320.4333183535782,-0.01587300447235862,1,1,-1,0.5,Trend
2019-10-04 00:00:00+09:00,116326.2734375,118700.27901785714,114901.87008928572,128167,116112.6140625,105643.25078125,0.01628452445217247,0.02234101702375983,51.111101360438255,3450.0752034048055,3969.422020693365,-519.3468172885596,-0.012096798538914988,1,1,-1,0.5,Trend
2019-10-07 00:00:00+09:00,115851.4765625,117750.68109631147,114901.87429559426,87814,116539.93515625,105785.69114583333,0.015588172952416678,0.022066912984734424,42.50000308517426,3115.3147498169565,3798.6005665180837,-683.2858167011273,-0.004081596194647319,1,1,-1,0.5,Trend
2019-10-08 00:00:00+09:00,119649.8828125,120599.48505704365,116801.07607886905,232000,117085.95625,105991.43828125,0.016732156623096225,0.0224253857119759,52.08333261917258,3120.542645156209,3662.988982245709,-542.4463370895,0.03278686092490868,1,1,-1,0.5,Trend
2019-10-10 00:00:00+09:00,121074.28125,122498.68455882352,118700.27573529411,433859,117513.27734375,106197.18528645833,0.015338879716817662,0.022414437088600605,57.14284754853253,3202.7040607905947,3570.9319979546863,-368.2279371640916,0.01190472070693227,1,1,-1,0.5,Trend
2019-10-11 00:00:00+09:00,120599.484375,124397.89333169292,120599.484375,191580,117845.63828125,106387.10572916667,0.0152777352957815,0.022423892347475657,62.22223359801554,3192.701954113363,3495.285989186422,-302.58403507305866,-0.0039215337072256995,1,1,-1,0.5,Trend
2019-10-14 00:00:00+09:00,122973.484375,123923.08657094595,122023.88217905405,191090,118296.69921875,106632.41953125,0.015703268398715556,0.022498242852791756,62.22221978455133,3337.8603952737903,3463.8008704038957,-125.94047513010537,0.019684992952524905,1,1,-1,0.5,Trend
2019-10-15 00:00:00+09:00,120124.6796875,122498.68521492096,117750.67416007906,316907,118510.359375,106822.33984375,0.016521193289369643,0.02273636700833534,54.000001316341994,3186.2951488009276,3408.299726083302,-222.0045772823746,-0.02316600771279076,1,1,-1,0.5,Trend
2019-10-16 00:00:00+09:00,119649.8828125,121549.08730158731,118700.28056795636,128015,118557.839453125,107028.08697916666,0.015684423009889377,0.02266533054085172,48.93617840638566,2993.3608585580805,3325.311952578258,-331.9510940201776,-0.003952533952516379,1,1,-1,0.5,Trend
2019-10-17 00:00:00+09:00,116801.078125,120124.68603912603,115376.67473323172,260450,118462.879296875,107233.83411458334,0.016614640465953307,0.022607807833005956,47.91666595250542,2580.8340651078906,3176.416375084185,-595.5823099762943,-0.023809506708537986,1,1,-1,0.5,Trend
2019-10-18 00:00:00+09:00,114901.875,117750.68181818182,114901.875,133327,118320.4390625,107384.18776041667,0.016908636162488312,0.022675870307888923,44.230767405221,2076.7147147966753,2956.4760430266833,-879.7613282300081,-0.016260150638057302,1,1,-1,0.5,Trend
2019-10-21 00:00:00+09:00,115376.671875,116801.07523148147,114901.87075617284,90043,118320.4390625,107582.021484375,0.016326125279838788,0.022457215404858153,47.99999868365758,1695.9586814782233,2704.3725707169915,-1008.4138892387682,0.004132194317977733,1,1,-1,0.5,Trend
2019-10-22 00:00:00+09:00,119649.8828125,120124.68393477183,115851.4738343254,248815,118415.39921875,107866.90208333333,0.017710066595095154,0.02284558638350488,53.57143067018866,1719.2013092888083,2507.3383184313548,-788.1370091425465,0.037037044560703114,1,1,-1,0.5,Trend
2019-10-23 00:00:00+09:00,118225.4765625,120124.68100527108,117275.87434111445,156842,118415.39921875,108120.129296875,0.017916942121722155,0.02292068317523993,47.27271856963869,1604.1914586072235,2326.7089464665287,-722.5174878593052,-0.011904786001605605,1,1,-1,0.5,Trend
2019-10-24 00:00:00+09:00,118225.4765625,120599.48211596385,117275.87434111445,106136,118320.4390625,108468.316796875,0.017520883975541083,0.021567848039078866,50.98038456550061,1495.8026415933564,2160.5276854918943,-664.7250438985379,0.0,1,1,-1,0.5,Trend
2019-10-25 00:00:00+09:00,119175.078125,120599.48144920319,117750.67480079681,102762,118391.658984375,108816.504296875,0.01701962810403351,0.021560289272002917,56.00000394902727,1469.5881359090417,2022.339775575324,-552.7516396662822,0.008032122940929698,1,1,-1,0.5,Trend
2019-10-28 00:00:00+09:00,121074.28125,121549.08235294117,120124.67904411764,143278,118557.8390625,109156.77825520834,0.017354132454082988,0.021454291878214123,60.37735556171642,1583.805645576227,1934.6329495755047,-350.82730399927755,0.015936244010748446,1,1,-1,0.5,Trend
2019-10-29 00:00:00+09:00,121549.0859375,121549.0859375,120124.68258666992,109926,118818.9796875,109504.965625,0.017062797860439412,0.02145072457695633,54.34782764218104,1693.1193886707333,1886.3302373945505,-193.2108487238172,0.00392159823372884,1,1,-1,0.5,Trend
2019-10-30 00:00:00+09:00,116326.2734375,121549.08571428571,115851.47232142856,215726,118747.759375,109726.539453125,0.019737031606355718,0.02212471563372767,40.74074074074074,1342.8346359536663,1777.631117106374,-434.79648115270766,-0.042968751757504364,1,1,-1,0.5,Trend
2019-10-31 00:00:00+09:00,115851.4765625,118225.48222976434,115851.4765625,101702,118557.8390625,109963.93997395833,0.019354780566361477,0.0220408798103164,40.74074074074074,1015.2165218766895,1625.1481980604372,-609.9316761837476,-0.004081596194647319,1,1,-1,0.5,Trend
2019-11-01 00:00:00+09:00,112053.0546875,115851.46332097457,111578.25360831567,301246,118272.9578125,110217.16705729166,0.020393370721757214,0.021556522342835064,29.82455431333929,443.9582313961437,1388.9102047275785,-944.9519733314348,-0.032786995795869855,1,1,-1,0.5,Trend
2019-11-04 00:00:00+09:00,115376.671875,115376.671875,112053.06404320987,142490,118225.477734375,110570.10260416666,0.021432623816537426,0.021457287142841973,41.3793201273786,256.4636970436404,1162.4209031907908,-905.9572061471504,0.02966110291922952,1,1,-1,0.5,Trend
2019-11-05 00:00:00+09:00,115851.4765625,117275.8799628586,114427.07316214139,112230,118225.477734375,110972.10091145833,0.021436917843001804,0.021094226562233354,43.103458058410304,144.5197640375991,958.8406753601524,-814.3209113225533,0.004115257268075823,1,1,-1,0.5,Trend
2019-11-06 00:00:00+09:00,112053.0546875,115851.46332097457,111103.45252913135,300755,117845.636328125,111353.52421875,0.021258681869742117,0.021232815977216515,41.66665524011258,-247.84055827808334,717.5044286325053,-965.3449869105887,-0.032786995795869855,1,1,-1,0.5,Trend
2019-11-07 00:00:00+09:00,112053.0546875,113477.45792505296,110628.65144994704,103690,117394.575,111727.03424479166,0.020978701956865166,0.021237512497925003,44.64283877875488,-552.4209753826581,463.51934782947274,-1015.9403232121308,0.0,1,1,-1,0.5,Trend
2019-11-08 00:00:00+09:00,114427.0703125,114427.0703125,112527.86582598547,175412,117085.954296875,112103.70989583334,0.021701188115781644,0.021190780254976078,48.333337446890546,-595.3767967565072,251.74011891227673,-847.116915668784,0.021186531965779798,1,1,-1,0.5,Trend
2019-11-11 00:00:00+09:00,112053.0546875,114901.86116260593,111578.25360831567,125792,116539.9328125,112447.14921875,0.02141447720218785,0.021406047434694195,35.71429830680188,-811.6268856191309,39.0667180059952,-850.6936036251261,-0.02074697550602811,1,1,-1,0.5,Trend
2019-11-12 00:00:00+09:00,113002.65625,113002.65625,112053.05409663866,71156,116183.831640625,112823.82447916667,0.021126816339185256,0.02132577993354947,40.00000598335372,-896.052592584223,-147.95714411204847,-748.0954484721746,0.008474570953449723,1,1,-1,0.5,Trend
2019-11-13 00:00:00+09:00,109204.2578125,112527.86565896739,108729.45669157608,239318,115661.550390625,113132.44518229166,0.022246703218356294,0.02188032724782675,34.92066186760245,-1254.9928071000904,-369.3642767096569,-885.6285303904335,-0.03361335532765408,1,1,-1,0.5,Trend
2019-11-14 00:00:00+09:00,109679.0625,110153.86363636363,108254.65909090909,226463,115305.449609375,113445.81393229167,0.021837754455908638,0.021880500850692666,33.87100626640779,-1484.035703149828,-592.2985619976912,-891.7371411521367,0.004347858746636346,1,1,-1,0.5,Trend
2019-11-15 00:00:00+09:00,111578.2578125,111578.2578125,109204.25232712766,129693,115139.26875,113675.30104166667,0.022054557290263937,0.019931156033320914,33.870988716375976,-1495.0704178252781,-772.8529331632086,-722.2174846620695,0.017315933134457673,1,1,-1,0.5,Trend
2019-11-18 00:00:00+09:00,110628.6640625,112053.06746244636,110153.86292918456,98707,114901.868359375,113801.91471354167,0.022067473151108373,0.01887039933772884,31.746056205599672,-1562.4290784077457,-930.7681622121161,-631.6609161956296,-0.008510562618711304,1,1,-1,0.5,Trend
2019-11-19 00:00:00+09:00,110153.859375,111578.26272898706,109204.25713900862,102891,114427.0671875,113928.52825520834,0.020124334515781408,0.018868787033108864,37.735866043889345,-1635.2736556058953,-1071.669260890872,-563.6043947150233,-0.00429187762072003,1,1,-1,0.5,Trend
2019-11-20 00:00:00+09:00,110153.859375,111103.46161099138,109204.25713900862,99520,114023.486328125,114063.05520833333,0.020056787960524607,0.01885398428786075,38.461548197771016,-1673.710020583283,-1192.0774128293542,-481.6326077539288,0.0,-1,1,-1,-0.19999999999999996,MeanReversion
2019-11-21 00:00:00+09:00,109679.0625,110628.66477272726,108254.65909090909,128447,113596.165625,114173.8421875,0.020039959913798533,0.018837929038951096,44.44448100942755,-1722.6258974677476,-1298.1871097570329,-424.4387877107147,-0.004310306308775158,-1,1,-1,-0.19999999999999996,MeanReversion
2019-11-22 00:00:00+09:00,109204.2578125,110153.86005434782,108729.45669157608,86740,113097.624609375,114324.19583333333,0.019848143907035026,0.018462539788843935,33.33334739679074,-1779.1953954830096,-1394.3887669022283,-384.8066285807813,-0.0043290367065272894,-1,1,-1,-0.19999999999999996,MeanReversion
2019-11-25 00:00:00+09:00,111103.453125,113477.45853365384,109204.24879807692,176295,112599.083203125,114506.202734375,0.019927145616419,0.018573640060937053,38.09520824624657,-1651.7377362872066,-1445.858560779224,-205.8791755079826,0.017391220365792437,-1,1,-1,-0.19999999999999996,MeanReversion
2019-11-26 00:00:00+09:00,115376.671875,115376.671875,111578.26292438271,335382,112290.4625,114783.17005208334,0.021989534016097316,0.019022013943743688,58.139558911034115,-1192.1709778142686,-1395.1210441862331,202.95006637196457,0.03846161959693806,-1,1,1,0.30000000000000004,Trend
2019-11-27 00:00:00+09:00,115851.4765625,116801.07882940573,113952.27202868852,121723,112266.72265625,115044.31067708334,0.019748666354714565,0.018960884454886195,59.09093968766828,-780.6494002036925,-1272.226715389725,491.5773151860326,0.004115257268075823,-1,1,1,0.30000000000000004,Trend
2019-11-28 00:00:00+09:00,115851.4765625,116326.27769595287,113477.47089523566,99599,112266.72265625,115234.23111979167,0.019727479281307914,0.018245012310029587,53.84616358240592,-449.3359203070577,-1107.6485563731917,658.312636066134,0.0,-1,1,1,0.30000000000000004,Trend
2019-11-29 00:00:00+09:00,113952.265625,116801.072265625,113477.46451822916,101771,112361.683203125,115384.58463541667,0.018555842351497882,0.018392106685970678,55.263179545091404,-336.14320121072524,-953.3474853406984,617.2042841299732,-0.016393497897934872,-1,1,1,0.30000000000000004,Trend
2019-12-02 00:00:00+09:00,115376.671875,115851.47299382715,113002.6662808642,117570,112361.683203125,115566.59166666666,0.017556125753591976,0.01843000702926288,56.4102867008184,-130.0009061784367,-788.6781695082461,658.6772633298094,0.012500025709778484,-1,1,1,0.30000000000000004,Trend
2019-12-03 00:00:00+09:00,114901.875,114901.875,112527.86931818182,82762,112314.203125,115693.20533854167,0.01755125614798242,0.01814258114439409,68.75001606861427,-4.887452450275305,-631.920026096652,627.0325736463767,-0.004115189555080945,-1,1,1,0.30000000000000004,Trend
2019-12-04 00:00:00+09:00,113952.265625,113952.265625,112527.8623046875,107054,112409.163671875,115780.25208333334,0.015893883088024263,0.01811278737203413,63.636340972097564,17.43929138178646,-502.0481626009643,519.4874539827508,-0.008264524621552138,-1,1,1,0.30000000000000004,Trend
2019-12-05 00:00:00+09:00,116326.2734375,116326.2734375,114427.06897321428,133908,112622.824609375,115843.558984375,0.016493918595293065,0.01776526962590732,64.70588519969647,224.1125567330455,-356.8160187341624,580.9285754672079,0.02083335332982772,-1,1,1,0.30000000000000004,Trend
2019-12-06 00:00:00+09:00,115376.671875,116801.07523148147,114427.06963734567,94593,112670.3046875,115867.29908854167,0.015998694322559084,0.017729340115745416,64.70585388540204,307.7303743816301,-223.9067401110039,531.637114492634,-0.008163259549530788,-1,1,1,0.30000000000000004,Trend
2019-12-09 00:00:00+09:00,114901.875,116326.27840909091,114427.07386363637,88526,112812.745703125,115883.12591145834,0.015239439820091833,0.01773814688285968,64.70588519969647,331.86047653501737,-112.75329678179965,444.613773316817,-0.004115189555080945,-1,1,1,0.30000000000000004,Trend
2019-12-10 00:00:00+09:00,115851.4765625,116801.07882940573,113477.47089523566,117373,112955.18671875,115883.12591145834,0.015234340638779905,0.017640255687500165,66.66666666666666,422.735633047967,-5.655510815846313,428.3911438638133,0.008264456628753969,-1,1,1,0.30000000000000004,Trend
2019-12-11 00:00:00+09:00,116801.078125,117750.68038617886,115376.67473323172,152048,113335.027734375,115851.47252604166,0.01279816087296483,0.017384830799795054,70.2702498376811,564.8683089991537,108.44925314715368,456.419055852,0.008196715231227225,-1,1,-1,-0.19999999999999996,MeanReversion
2019-12-12 00:00:00+09:00,116801.078125,117750.68038617886,116326.27699441057,250471,113691.128515625,115819.819140625,0.01281750313602996,0.017384830799795054,72.22221460451532,669.7885729609261,220.71711710990817,449.07145585101796,0.0,-1,1,-1,-0.19999999999999996,MeanReversion
2019-12-13 00:00:00+09:00,118700.28125,120124.684625,117750.679,147282,114047.2296875,115835.64583333333,0.012759689898025572,0.017481520387846994,72.22222730069117,895.8615239513601,355.7459984781986,540.1155254731616,0.016260150638057302,-1,1,-1,-0.19999999999999996,MeanReversion
2019-12-16 00:00:00+09:00,118700.28125,119175.082375,117750.679,87133,114450.810546875,115891.03932291667,0.012489565523726157,0.017273186351535224,62.96295844876697,1062.7749582150718,497.15179042557327,565.6231677894986,0.0,-1,1,1,0.30000000000000004,Trend
2019-12-17 00:00:00+09:00,119175.078125,119175.078125,116801.07258466135,110083,114901.871484375,115914.779296875,0.012353118603809464,0.01708183478907035,62.962935877770484,1219.311730550282,641.5837784505151,577.7279520997669,0.003999964195535499,-1,1,1,0.30000000000000004,Trend
2019-12-18 00:00:00+09:00,117750.6796875,119175.08307081653,117750.6796875,93974,115281.7125,115906.866015625,0.012837837206297279,0.017146468830010097,56.66666301016435,1214.4319847382867,756.1534197080694,458.27856503021735,-0.011952150230654657,-1,1,1,0.30000000000000004,Trend
2019-12-19 00:00:00+09:00,119649.8828125,119649.8828125,117750.6783234127,125141,115780.253515625,115898.952734375,0.01300320003890813,0.017147479243251402,70.00002742378246,1348.2725245181937,874.5772406700942,473.6952838480995,0.016129020486678414,-1,1,-1,-0.19999999999999996,MeanReversion
2019-12-20 00:00:00+09:00,119175.078125,120124.68034113545,118225.47590886454,127670,116278.79453125,115922.69270833333,0.012990705987184012,0.01695625427417862,64.28571428571428,1399.8922598213103,979.6402445003375,420.25201532097276,-0.003968283765426239,1,1,1,1.0,Trend
2019-12-23 00:00:00+09:00,120124.6796875,120124.6796875,118700.27637104744,100954,116729.855859375,115962.259375,0.01266801915925236,0.016985595540246815,68.96549767626064,1500.1335758300847,1083.738910766287,416.3946650637977,0.007968122005374223,1,1,1,1.0,Trend
2019-12-24 00:00:00+09:00,119175.078125,120124.68034113545,118700.27701693226,101203,116919.776171875,116009.739453125,0.010104765729472455,0.01694150813718156,68.96553680650908,1485.822988505548,1164.1557263141392,321.6672621914088,-0.007905132941626647,1,1,1,1.0,Trend
2019-12-26 00:00:00+09:00,118225.4765625,119649.87989457832,115851.47100903615,159823,117038.476171875,116017.652734375,0.01030850768026691,0.01690413235332791,57.692312560437834,1381.9268425845512,1207.7099495682216,174.21689301632955,-0.007968122005374223,1,1,1,1.0,Trend
2019-12-27 00:00:00+09:00,120124.6796875,120599.48079298419,116801.07194911067,166789,117252.136328125,116025.566015625,0.01082878818779458,0.016903115900014077,67.85715335094332,1436.2816574033204,1253.4242911352414,182.85736626807898,0.016064245881859396,1,1,1,1.0,Trend
2019-12-30 00:00:00+09:00,120124.6796875,120599.48079298419,118700.27637104744,96061,117560.75703125,116065.13268229166,0.00995050495328996,0.016771047826608387,70.37036134196187,1462.4994563934888,1295.2393241868908,167.26013220659797,0.0,1,1,-1,0.5,Trend
2020-01-02 00:00:00+09:00,119175.078125,121074.28255727091,119175.078125,85564,117750.67734375,116112.61276041667,0.00993817266736636,0.016726394928606773,62.96295167745234,1390.6221149311605,1314.3158823357448,76.30623259541562,-0.007905132941626647,1,1,1,1.0,Trend
2020-01-03 00:00:00+09:00,122973.484375,124397.88766891892,119649.87668918919,328380,118154.2578125,116231.312890625,0.011845444447631094,0.017185266256345342,69.6969621422068,1621.467179427258,1375.7461417540476,245.7210376732105,0.03187248802149667,1,1,1,1.0,Trend
2020-01-06 00:00:00+09:00,121074.28125,123923.08786764705,121074.28125,159650,118510.35859375,116255.05286458334,0.012324657271464852,0.016815624578815858,62.16215374872813,1632.347055548962,1427.0663245130306,205.28073103593147,-0.015444005141860506,1,1,1,1.0,Trend
2020-01-07 00:00:00+09:00,121074.28125,122498.68455882352,120124.67904411764,126734,118747.758984375,116255.05286458334,0.011618126735837727,0.016746074353101534,57.57574699908954,1622.268929370257,1466.106845484476,156.16208388578093,0.0,1,1,1,1.0,Trend
2020-01-08 00:00:00+09:00,117750.6796875,120124.6853263609,116801.07743195565,311505,118866.459375,116207.57278645833,0.01324168572106306,0.017121321323969273,47.49999897160774,1330.754957385594,1439.0364678646997,-108.28151047910569,-0.02745092953008965,1,1,-1,0.5,Trend
2020-01-09 00:00:00+09:00,122973.484375,122973.484375,119175.07559121621,328602,119270.03984375,116207.57278645833,0.016203118660103873,0.017854521539813376,58.00000263268398,1503.8295132963249,1451.9950769510249,51.83443634529999,0.04435477316445957,1,1,1,1.0,Trend
2020-01-10 00:00:00+09:00,124397.890625,124872.69173425573,122498.6861879771,298875,119697.360546875,116278.79296875,0.01627125260907789,0.01764583362840722,64.0,1735.9194273198664,1508.7799470247933,227.1394802950731,0.011583035621373083,1,1,1,1.0,Trend
2020-01-13 00:00:00+09:00,124872.6953125,126297.09868108365,123923.09306677757,179332,120100.94140625,116365.83984375,0.016235492840152573,0.01764043890130011,61.70213436344044,1935.8498543774185,1594.1939284953182,341.6559258821003,0.003816822657638941,1,1,1,1.0,Trend
2020-01-14 00:00:00+09:00,122498.6875,125822.2953003876,121549.08527131783,168955,120385.821875,116460.8,0.016993035142539123,0.017534601575972787,56.86275205678335,1881.0499947572243,1651.5651417476997,229.4848530095246,-0.019011424447585856,1,1,1,1.0,Trend
2020-01-15 00:00:00+09:00,122498.6875,124397.89195736435,121549.08527131783,138166,120575.7421875,116587.41354166667,0.016686203252976685,0.017389364670612233,55.10204835472444,1816.6791646302154,1684.5879463242031,132.09121830601225,0.0,1,1,1,1.0,Trend
2020-01-16 00:00:00+09:00,121549.0859375,122973.48928833008,120124.68258666992,97296,120718.182421875,116690.287109375,0.016815100379478233,0.017421792487879072,55.10204835472444,1669.7915900050139,1681.6286750603654,-11.837085055351508,-0.007751932546216089,1,1,-1,0.5,Trend
2020-01-17 00:00:00+09:00,121549.0859375,122973.48928833008,121074.28482055664,111344,120836.8828125,116721.94049479166,0.016803726504994062,0.01678686973366405,57.44681595937826,1535.6797684040066,1652.4388937290937,-116.7591253250871,0.0,1,1,-1,0.5,Trend
2020-01-20 00:00:00+09:00,122023.8828125,122498.68391293775,119649.87731031129,164228,121050.54296875,116785.247265625,0.016529836790216395,0.016715656190222566,54.54545454545455,1450.9813139484759,1612.1473777729702,-161.16606382449436,0.003906215100985211,1,1,-1,0.5,Trend
2020-01-21 00:00:00+09:00,119649.8828125,122498.68954613096,119649.8828125,91241,121050.54296875,116808.98736979166,0.016835118622071744,0.01691737439657386,48.97960006044426,1178.7078090166615,1525.4594640217088,-346.75165500504727,-0.019455207827207444,1,1,-1,0.5,Trend
2020-01-22 00:00:00+09:00,121074.28125,121074.28125,119175.07683823528,96560,121145.503125,116840.64075520834,0.01700889526660496,0.016954541868772023,54.000001316341994,1065.5827695798653,1433.48412513334,-367.9013555534748,0.01190472070693227,1,1,-1,0.5,Trend
2020-01-23 00:00:00+09:00,118700.28125,120599.48574999999,118225.480125,146894,121074.283203125,116801.07408854166,0.01751884034745402,0.01702427516082999,40.42553563926621,775.4297299119498,1301.8732460890621,-526.4435161771123,-0.019607797589135,1,1,-1,0.5,Trend
2020-01-28 00:00:00+09:00,113002.65625,115376.66163340336,110153.84978991597,221836,120765.662109375,116658.63359375,0.02058829949935442,0.018143518047218386,34.54543441957425,84.75364777997311,1058.4493264272444,-973.6956786472713,-0.048000096882668486,1,1,-1,0.5,Trend
2020-01-29 00:00:00+09:00,112527.859375,114427.06375263713,111578.25718618144,132021,120480.78125,116595.32669270833,0.020553968448954584,0.017262233765024847,33.9285567372594,-495.2157245203707,747.7163162377215,-1242.9320407580922,-0.004201643490128082,1,1,-1,0.5,Trend
2020-01-30 00:00:00+09:00,110628.6640625,113952.27199570816,110628.6640625,114536,120005.98046875,116508.27981770833,0.02032046597618269,0.017387414202720268,35.84904664568799,-1095.466958806719,379.0796612288334,-1474.5466200355525,-0.016877556571754493,1,1,-1,0.5,Trend
2020-01-31 00:00:00+09:00,108254.65625,111578.26411732456,107779.85512609649,189732,119412.479296875,116444.97317708333,0.020665141313508373,0.01708002480017889,17.021273616248692,-1742.6448515232914,-45.26524132159153,-1697.3796102017,-0.021459246865340398,1,1,-1,0.5,Trend
2020-02-03 00:00:00+09:00,107305.0546875,108254.65694137168,103981.44679894911,214585,118818.978125,116310.44622395834,0.020672151544751497,0.016655691490730054,10.86954733231579,-2305.585549075884,-497.32930287245006,-1808.2562462034339,-0.00877192349405298,1,1,-1,0.5,Trend
2020-02-04 00:00:00+09:00,108254.65625,109204.25849780701,106355.45175438597,193890,118083.03671875,116183.83255208333,0.01912624222690701,0.016692165815286843,12.765924672341171,-2644.609782354135,-926.7853987687871,-1717.8243835853477,0.008849551079075368,1,1,-1,0.5,Trend
2020-02-05 00:00:00+09:00,104456.25,110153.86363636363,104456.25,295459,117252.13515625,116057.219140625,0.020139964017833533,0.016772683617331578,11.999971040476197,-3183.095822303134,-1378.0474834756565,-1805.0483388274774,-0.03508769397621181,1,1,-1,0.5,Trend
2020-02-06 00:00:00+09:00,117275.875,117750.67611336033,106830.25050607287,678051,117062.21484375,116144.26614583333,0.03414081613621632,0.0225667202813911,42.85713675166188,-2546.06384992924,-1611.6507567663734,-934.4130931628665,0.12272721833303413,1,-1,-1,-0.30000000000000004,Defensive
2020-02-07 00:00:00+09:00,114427.0703125,118700.28040715767,113002.66694761411,263663,116896.034375,116144.26614583333,0.0340170906231069,0.022641622445906402,40.74073472180297,-2245.2048284120538,-1738.3615710955096,-506.84325731654417,-0.024291480984473535,1,-1,-1,-0.30000000000000004,Defensive
2020-02-10 00:00:00+09:00,114427.0703125,115851.47367738589,112053.06470435685,188857,116468.713671875,116183.83307291666,0.03235018648991192,0.02247374170963769,40.74073472180297,-1983.9026910021348,-1787.4697950768348,-196.43289592530004,0.0,1,-1,-1,-0.30000000000000004,Defensive
2020-02-11 00:00:00+09:00,114427.0703125,115851.47367738589,113477.46806924274,147919,115970.17265625,116207.57330729166,0.0321689143617911,0.022448649884970053,40.0,-1756.5702164957765,-1781.2898793606232,24.71966286484667,0.0,-1,-1,-1,-1.0,Defensive
2020-02-12 00:00:00+09:00,114427.0703125,115376.67255575726,112053.06470435685,222810,115447.89140625,116294.62018229166,0.03213038871288692,0.021989892715261704,42.666661986341644,-1558.4428337173304,-1736.7204702319648,178.27763651463442,0.0,-1,-1,-1,-1.0,Defensive
2020-02-13 00:00:00+09:00,110628.6640625,115376.67539565451,110628.6640625,260709,114854.390234375,116310.446875,0.03264501994929088,0.022430954626488565,36.25000282807698,-1688.461561355667,-1727.0686884567053,38.60712710103826,-0.033194996949817535,-1,-1,-1,-1.0,Defensive
2020-02-14 00:00:00+09:00,110628.6640625,111578.2663291309,109679.0617958691,162908,114260.8890625,116294.6203125,0.03264501994929088,0.022319333514953833,38.66666491154517,-1771.0863586636988,-1735.8722224981043,-35.21413616559448,0.0,-1,-1,-1,-1.0,Defensive
2020-02-17 00:00:00+09:00,109204.2578125,110628.66117527173,109204.2578125,124128,113643.64765625,116270.88020833333,0.03268793653658878,0.022354734054792973,43.9394064047496,-1929.2654151453462,-1774.5508610275529,-154.71455411779334,-0.012875562243030214,-1,-1,-1,-1.0,Defensive
2020-02-18 00:00:00+09:00,109679.0625,109679.0625,108254.65909090909,141963,113050.146484375,116262.96692708334,0.03273969699914167,0.022355799455596393,45.45455905311188,-1993.3327872874215,-1818.3072462795267,-175.02554100789484,0.004347858746636346,-1,-1,-1,-1.0,Defensive
2020-02-19 00:00:00+09:00,109679.0625,111578.26704545454,108254.65909090909,136036,112432.90546875,116255.05364583334,0.03269463693181646,0.022355799455596393,48.38709763029452,-2020.8119787117175,-1858.808192765965,-162.0037859457525,0.0,-1,-1,-1,-1.0,Defensive
2020-02-20 00:00:00+09:00,109204.2578125,111578.26341711955,108729.45669157608,127187,111910.62421875,116247.140234375,0.03252062197173383,0.022355860167723857,51.72413695277883,-2057.1882208109455,-1898.4841983749614,-158.70402243598414,-0.0043290367065272894,-1,-1,-1,-1.0,Defensive
2020-02-21 00:00:00+09:00,106355.453125,108254.65764508929,106355.453125,159031,111174.6828125,116199.66015625,0.03263038138418697,0.0226078758717385,48.38709763029452,-2289.4994599677593,-1976.687250693521,-312.8122092742383,-0.026086937859065018,-1,-1,-1,-1.0,Defensive
2020-02-24 00:00:00+09:00,100657.84375,103981.45179834905,100183.04260023584,286441,110272.5609375,116025.56666666667,0.03429775098045318,0.02355639251462695,38.8888939673648,-2899.9286777120724,-2161.3355360972314,-738.593141614841,-0.053571389219728816,-1,-1,-1,-1.0,Defensive
2020-02-25 00:00:00+09:00,104456.25,104931.05113636363,100183.03977272726,188197,109845.240625,115843.55963541666,0.03429952259803622,0.023536743842670505,50.0,-3042.130800700208,-2337.494589017827,-704.6362116823811,0.03773581976814411,-1,-1,-1,-1.0,Defensive
2020-02-26 00:00:00+09:00,102557.046875,103981.45030381944,100657.84230324073,246459,109346.7,115621.98580729167,0.03445092955799917,0.02362191992851187,18.367354477170892,-3270.3779463381943,-2524.0712604819005,-746.3066858562938,-0.018181804583258576,-1,-1,-1,-1.0,Defensive
2020-02-27 00:00:00+09:00,102082.2421875,103506.64556686046,101132.63993459303,167722,108919.37890625,115392.49856770833,0.03432773376653673,0.02362275244351803,20.45454885418536,-3449.8109506547044,-2709.2191985164613,-740.591752138243,-0.004629664191469041,-1,-1,-1,-1.0,Defensive
2020-02-28 00:00:00+09:00,98758.6328125,100657.83728966345,97809.03057391827,303668,108444.577734375,115139.27135416666,0.034729239184814124,0.023889560030358293,17.647060721367495,-3816.2095115789853,-2930.617261128966,-885.592250450019,-0.03255815412924945,-1,-1,-1,-1.0,Defensive
2020-03-02 00:00:00+09:00,99233.4296875,100657.83298444975,97809.02639055024,169866,108040.996484375,114870.21731770833,0.03477546011489,0.02382965296674064,19.23075706045927,-4021.9088098919747,-3148.875570881568,-873.0332390104068,0.004807649331288744,-1,-1,-1,-1.0,Defensive
2020-03-03 00:00:00+09:00,98283.828125,102082.23694142512,97809.02702294686,286190,107542.455078125,114593.24986979166,0.03466461894661273,0.023846488853366717,18.518507233018212,-4212.987201762371,-3361.697897057729,-851.2893047046423,-0.009569371586676256,-1,-1,-1,-1.0,Defensive
2020-03-04 00:00:00+09:00,100657.84375,101607.4460495283,97809.03685141509,309198,107352.534765625,114371.676171875,0.03443009490677217,0.024076746212760434,29.41177988858213,-4125.301080558129,-3514.418533757809,-610.8825468003197,0.024154692285496493,-1,-1,-1,-1.0,Defensive
2020-03-05 00:00:00+09:00,104931.0546875,105405.85583993212,100657.84431561086,298132,106735.29375,114181.755859375,0.023284616747453316,0.024558638298828057,40.00001096950094,-3668.70622613249,-3545.2760722327457,-123.43015389974425,0.04245283604637118,-1,1,-1,-0.19999999999999996,MeanReversion
2020-03-06 00:00:00+09:00,101132.640625,103031.84514377934,99708.2372359155,234116,106070.572265625,113944.35533854166,0.023964757964177005,0.024962510228212782,36.923085490970784,-3572.173986469861,-3550.655655080169,-21.51833138969232,-0.036199141177149396,-1,1,-1,-0.19999999999999996,MeanReversion
2020-03-09 00:00:00+09:00,101132.640625,101132.640625,101132.640625,0,105405.85078125,113714.86809895834,0.023964757964177005,0.024962790078396146,35.93750160686061,-3455.8347789111576,-3531.6914798463667,75.85670093520912,0.0,-1,1,-1,-0.19999999999999996,MeanReversion
2020-03-10 00:00:00+09:00,91446.6953125,93345.89978420301,90212.21240589305,422659,104256.83203125,113308.12174479167,0.031869375026510924,0.027974656799993763,27.25118645105357,-4097.971096733701,-3644.947403223834,-453.02369350986737,-0.09577467030071429,-1,1,-1,-0.19999999999999996,MeanReversion
2020-03-11 00:00:00+09:00,90687.015625,94295.50420484293,90212.2144960733,355652,103069.829296875,112872.88736979167,0.031769383861397986,0.027934720367321156,27.058828995185095,-4614.970054751553,-3838.951933529378,-776.0181212221751,-0.008307349816239484,-1,1,-1,-0.19999999999999996,MeanReversion
2020-03-12 00:00:00+09:00,90687.015625,90687.015625,90687.015625,0,102072.746875,112437.65299479167,0.03142654734484541,0.027934720367321156,29.11392800534867,-4967.433967104545,-4064.648340244412,-902.7856268601336,0.0,-1,1,-1,-0.19999999999999996,MeanReversion
2020-03-13 00:00:00+09:00,76822.8203125,79766.58722187887,71694.96827680779,969928,100382.4546875,111739.6953125,0.0468018024178418,0.03474348149747419,23.908524619717767,-6292.947667328626,-4510.308205661255,-1782.6394616673715,-0.15287960704131953,-1,-1,-1,-1.0,Defensive
2020-03-16 00:00:00+09:00,72739.53125,78816.98555809399,72549.61080287206,526279,98559.218359375,110973.6828125,0.047476802227625785,0.03526187936614206,15.495876408172862,-7585.473509614414,-5125.341266451887,-2460.1322431625267,-0.05315203276695635,-1,-1,-1,-1.0,Defensive
2020-03-17 00:00:00+09:00,74638.7421875,76158.1058961514,66662.08271708015,616264,96807.20234375,110231.410546875,0.04829757387063482,0.03550046034355983,19.62811697950987,-8360.188057592008,-5772.310624679912,-2587.877432912096,0.026109749469962473,-1,-1,-1,-1.0,Defensive
2020-03-18 00:00:00+09:00,68276.40625,74923.62243567454,68276.40625,404985,94737.06953125,109406.83932291667,0.05048829056411906,0.037017850381267675,17.399285144177355,-9379.42211660475,-6493.732923064879,-2885.6891935398708,-0.08524173573982763,-1,-1,-1,-1.0,Defensive
2020-03-19 00:00:00+09:00,62958.62890625,71125.20822138952,60964.46418976244,661951,92424.7880859375,108461.98509114583,0.051837878189213885,0.03801139349637076,16.75486642783821,-10495.289476681908,-7294.044233788285,-3201.245242893623,-0.07788601708588028,-1,-1,-1,-1.0,Defensive
2020-03-20 00:00:00+09:00,73119.375,73119.375,62483.829545454544,517444,90762.9841796875,107694.3900390625,0.0652478415656133,0.04327880841289593,29.446951524403815,-10439.396244458243,-7923.114635922278,-2516.2816085359655,0.16138766472948607,-1,-1,-1,-1.0,Defensive
2020-03-23 00:00:00+09:00,65142.71484375,68846.16364682034,64193.11258655248,324195,88987.227734375,106778.02395833333,0.0683459167303741,0.04538467160578368,26.514146696280633,-10912.952542280633,-8521.082217193949,-2391.870325086684,-0.10909092366079443,-1,-1,-1,-1.0,Defensive
2020-03-24 00:00:00+09:00,70175.609375,71220.17189614344,65902.3990612314,294642,87273.195703125,105961.36614583334,0.0705150721320454,0.04668114549037183,29.182885273316643,-10758.123838169617,-8968.490541389083,-1789.6332967805338,0.07725951464138081,-1,-1,-1,-1.0,Defensive
2020-03-25 00:00:00+09:00,75018.5859375,77297.63158623417,72169.77887658228,492705,85896.27265625,105241.25130208333,0.07313089268692707,0.04768974949249631,29.729739459538223,-10127.88528337417,-9200.3694897861,-927.5157935880688,0.06901224806784945,-1,-1,-1,-1.0,Defensive
2020-03-26 00:00:00+09:00,73784.09375,78057.30381274132,73784.09375,434213,84481.365234375,104468.908203125,0.07308514689114767,0.047602684937744145,30.80000781028383,-9617.169151031572,-9283.729422035196,-333.4397289963763,-0.01645581787596595,-1,-1,-1,-1.0,Defensive
2020-03-27 00:00:00+09:00,73404.2578125,77582.50793378073,70745.37137168499,393599,83213.646484375,103690.23450520834,0.07301273428452042,0.04759241944519983,30.63661474521281,-9137.738362574775,-9254.531210143112,116.79284756833658,-0.005147937965965688,-1,-1,-1,-1.0,Defensive
2020-03-30 00:00:00+09:00,72454.6484375,73594.17108658257,69226.00093176606,248836,81874.707421875,102911.56067708334,0.07286915807467802,0.04759645245069564,34.894266539440366,-8733.734494267308,-9150.371866967951,416.637372700643,-0.012936706988110003,-1,-1,-1,-1.0,Defensive
2020-03-31 00:00:00+09:00,74638.7421875,74923.62288287214,72834.49778347646,301113,80692.453125,102105.981640625,0.07356956841137587,0.04757326010952755,37.51847608890591,-8143.447808336758,-8948.987055241712,805.5392469049548,0.030144287455676766,-1,-1,-1,-1.0,Defensive
2020-04-01 00:00:00+09:00,72549.609375,76537.9386861911,71884.88782313482,312501,79287.04140625,101297.237109375,0.07308926965873705,0.04763512236257079,36.33763356421063,-7754.824129948596,-8710.15447018309,955.3303402344936,-0.02798992522210364,-1,-1,-1,-1.0,Defensive
2020-04-02 00:00:00+09:00,75303.4609375,75398.42116566835,70555.4495290826,350961,77805.66171875,100534.39010416667,0.0729151391397247,0.047989762452652206,48.62543475101793,-7142.292358363004,-8396.582047819073,1254.289689456069,0.03795818593957789,-1,-1,1,-0.5,Defensive
2020-04-03 00:00:00+09:00,72739.53125,78532.10488740209,72359.69035574413,472317,76386.00625,99784.204296875,0.07288419776199166,0.048045660079680794,50.0,-6785.5249071678845,-8074.370619688836,1288.8457125209516,-0.03404796613037475,-1,-1,1,-0.5,Defensive
2020-04-06 00:00:00+09:00,76632.90625,76917.78694237919,73024.4174798637,262082,75161.01953125,99011.861328125,0.07442097215004718,0.048217214134503285,51.78875390525413,-6118.095708571491,-7683.115637465367,1565.0199288938766,0.05352488437983993,-1,-1,1,-0.5,Defensive
2020-04-07 00:00:00+09:00,77392.5859375,78342.18821894172,75018.5802338957,342276,74458.3140625,98228.43958333334,0.07168944912758714,0.04820641927992939,59.09089705053087,-5464.85797723732,-7239.464105419758,1774.6061281824386,0.009913230812644613,-1,-1,1,-0.5,Defensive
2020-04-08 00:00:00+09:00,75493.3828125,77107.70672169811,75493.3828125,332451,73698.632421875,97405.45104166666,0.07178435758644626,0.048230286559455625,63.414624357977374,-5042.287833289054,-6800.028850993618,1757.741017704564,-0.024539858721528418,-1,-1,1,-0.5,Defensive
2020-04-09 00:00:00+09:00,79386.75,79481.71022727272,76158.10227272726,453140,73133.619140625,96686.91875,0.07299288985197387,0.04879720325869399,57.74647030502335,-4343.170391212334,-6308.657159037361,1965.4867678250275,0.05157229736505253,-1,-1,1,-0.5,Defensive
2020-04-10 00:00:00+09:00,81096.03125,82520.43460919205,77677.46318793911,475575,73347.2796875,95996.87447916667,0.06278500015858458,0.048928017611073016,73.33330286252313,-3609.581066038678,-5768.8419404376245,2159.2608743989467,0.02153106469278554,-1,1,-1,-0.19999999999999996,MeanReversion
2020-04-13 00:00:00+09:00,76727.859375,80431.30803295173,76632.89915300123,360328,73546.69609375,95249.85403645833,0.0628213710081576,0.049327043357417284,59.77335103368038,-3342.154923056034,-5283.504536961307,1941.3496139052731,-0.05386418802091497,-1,1,1,0.30000000000000004,Trend
2020-04-14 00:00:00+09:00,78247.2265625,78911.9481473756,77012.74361915959,227153,73727.1203125,94528.15638020834,0.06271705079106883,0.04944352362909485,55.34589340035071,-2973.342700086083,-4821.472169586263,1848.1294695001798,0.019802027580024584,-1,1,1,0.30000000000000004,Trend
2020-04-16 00:00:00+09:00,75968.1875,76822.829609375,75018.58515625,322393,74111.709375,93760.56145833334,0.0594769018304055,0.04950324734976778,53.495451826571255,-2832.306693342267,-4423.639074337464,1591.3323809951971,-0.02912613216622595,-1,1,1,0.30000000000000004,Trend
2020-04-17 00:00:00+09:00,77867.390625,78342.19178734756,76158.10644054879,287113,74857.1474609375,93064.18658854166,0.05598805954159554,0.04965560943617806,56.811591991027896,-2538.0280149151513,-4046.5168624530015,1508.4888475378502,0.02499997943218002,-1,1,1,0.30000000000000004,Trend
2020-04-20 00:00:00+09:00,76917.7890625,78532.11303047839,76822.8288290895,211206,75047.0681640625,92328.24505208334,0.045569226092786554,0.04959680906887017,56.811605538738306,-2354.2960921883205,-3708.0727084000655,1353.776616211745,-0.012195112162845745,-1,1,1,0.30000000000000004,Trend
2020-04-21 00:00:00+09:00,73119.375,76348.02272727272,72169.77272727272,758374,75445.901171875,91568.56328125,0.03848251447490382,0.04988481232988715,47.79005104226538,-2486.524384585384,-3463.7630436371296,977.2386590517458,-0.04938277749264963,-1,1,1,0.30000000000000004,Trend
2020-04-22 00:00:00+09:00,71884.8828125,72454.64410295575,70555.4398014366,552737,75531.36484375,90883.26705729167,0.03518890815880426,0.04960754746108104,49.008491651099995,-2660.263598604899,-3303.0631546306836,642.7995560257846,-0.016883243155456418,-1,1,1,0.30000000000000004,Trend
2020-04-23 00:00:00+09:00,73404.2578125,74828.66126293661,72549.61574223803,540519,75450.6484375,90231.20703125,0.0320494073571871,0.04974199615161244,47.058827799544694,-2644.8639674395235,-3171.4233171924516,526.559349752928,0.021136224203954557,-1,1,1,0.30000000000000004,Trend
2020-04-24 00:00:00+09:00,72549.609375,74543.77403059555,71694.96737974476,268763,75388.92421875,89596.55611979167,0.031943527955037056,0.04972880294959288,49.6894389307399,-2670.834912766484,-3071.3056363072583,400.4707235407741,-0.01164303628929908,-1,1,1,0.30000000000000004,Trend
2020-04-27 00:00:00+09:00,73404.2578125,73974.01919267465,72074.8145920925,256586,75388.92421875,89015.71614583333,0.03204613623165612,0.04974886753409506,44.13793533880276,-2592.568571068041,-2975.5582232594147,382.9896521913738,0.011780193509828951,-1,1,-1,-0.19999999999999996,MeanReversion
2020-04-28 00:00:00+09:00,73499.2109375,73499.2109375,72169.76784560723,239439,75441.15234375,88452.28541666667,0.03189952937023699,0.04975792622339138,42.75617891752005,-2494.1292384431144,-2879.272426296155,385.1431878530407,0.0012935642676552561,-1,1,-1,-0.19999999999999996,MeanReversion
2020-04-29 00:00:00+09:00,78532.109375,79956.51280985489,73879.058154474,1107897,75635.820703125,87956.90963541667,0.03458000881128249,0.05059874155729977,55.0632850423918,-1987.0965043245233,-2700.8372419018287,713.7407375773055,0.06847554379569765,-1,1,1,0.30000000000000004,Trend
2020-05-04 00:00:00+09:00,75208.5,77297.625,75113.53977272726,453170,75768.765234375,87469.44713541666,0.03542843386731148,0.05068454660790747,42.903233682570125,-1832.3348934985697,-2527.136772221177,694.8018787226074,-0.04232166182025465,-1,1,-1,-0.19999999999999996,MeanReversion
2020-05-06 00:00:00+09:00,78247.2265625,79671.62995866202,76917.7833927488,429041,75915.953515625,86818.96966145834,0.03555608381191851,0.048503762698689924,45.37037906959914,-1447.7960721278068,-2311.2686322025033,863.4725600746965,0.04040403096059619,-1,1,1,0.30000000000000004,Trend
2020-05-07 00:00:00+09:00,77962.34375,78816.98576431182,77107.70173568818,184219,76177.094140625,86211.22421875,0.03453974238938689,0.04844847767558284,52.313166843017804,-1152.7458116848866,-2079.56406809898,926.8182564140934,-0.0036408039622011223,-1,1,1,0.30000000000000004,Trend
2020-05-08 00:00:00+09:00,77582.5078125,79291.7919503519,77392.58735273867,250242,76224.57421875,85597.14817708333,0.032609989015466696,0.048441653203411136,48.698891693789655,-938.7446760195307,-1851.40018968309,912.6555136635593,-0.0048720435947643415,-1,1,1,0.30000000000000004,Trend
2020-05-11 00:00:00+09:00,75873.21875,78057.30389549436,75683.2983025657,256576,76148.605859375,84954.583984375,0.032920762874705925,0.04847653722969236,49.80986916070279,-896.7355670108227,-1660.4672651486367,763.731698137814,-0.022031887221678592,-1,1,1,0.30000000000000004,Trend
2020-05-12 00:00:00+09:00,74258.8984375,76253.06322929988,74068.97798113812,287928,76086.881640625,84285.114453125,0.032801646535646024,0.04850454588705797,42.692311221691995,-982.3809274226951,-1524.8499976034484,542.4690701807533,-0.021276549737782147,-1,1,-1,-0.19999999999999996,MeanReversion
2020-05-13 00:00:00+09:00,74068.984375,74068.984375,72834.50130208334,210748,75820.993359375,83675.78645833333,0.03051666322591795,0.04838214970161249,44.047631096025164,-1053.43660877191,-1430.5673198371408,377.1307110652308,-0.0025574586547340017,-1,1,-1,-0.19999999999999996,MeanReversion
2020-05-14 00:00:00+09:00,72834.484375,73594.16608947197,72359.68330345502,256721,75407.916015625,83045.88346354167,0.030075260770312702,0.048391435487550774,49.33331139436754,-1195.580671267482,-1383.5699901232092,187.9893188557271,-0.016666895197994247,-1,1,1,0.30000000000000004,Trend
2020-05-15 00:00:00+09:00,74448.8125,74828.65338010204,73214.32963966836,175559,75293.963671875,82466.62604166666,0.028221402317284854,0.04852755659518073,55.89519446706801,-1164.5439390771935,-1339.764779914006,175.2208408368126,0.02216433793487682,-1,1,1,0.30000000000000004,Trend
2020-05-18 00:00:00+09:00,74448.8125,75683.29536033163,73404.25007971938,163360,75104.04296875,81879.45520833334,0.027786459288424537,0.04851453783338949,52.5821369571792,-1126.9562550070114,-1297.2030749326073,170.2468199255959,0.0,-1,1,1,0.30000000000000004,Trend
2020-05-19 00:00:00+09:00,77297.625,79386.75,76917.78409090909,489426,75170.51484375,81339.76458333334,0.028390892377260342,0.048840373410586696,60.683757979250785,-857.4087104505161,-1209.244202036189,351.835491585673,0.03826538536125068,-1,1,1,0.30000000000000004,Trend
2020-05-20 00:00:00+09:00,76253.0625,77962.34659090909,76063.14204545454,219398,75089.7984375,80790.57799479166,0.02798806742725024,0.0488502238138826,56.35592201107106,-719.7806204367225,-1111.3514857162959,391.57086527957335,-0.013513513513513487,-1,1,1,0.30000000000000004,Trend
2020-05-21 00:00:00+09:00,78057.3046875,78532.10581090329,76537.94109260949,362493,75146.77421875,80318.9421875,0.02836859955783297,0.04892012876189498,59.448815327060416,-459.8215649223712,-981.045501557511,521.2239366351398,0.023661242294366946,-1,1,1,0.30000000000000004,Trend
2020-05-22 00:00:00+09:00,75873.21875,78437.14479036295,75208.49718397997,372013,75284.46640625,79905.86510416666,0.0266298642975387,0.04857889417126223,43.7499954089724,-425.1388860729785,-869.8641784606045,444.72529238762604,-0.02798054514236581,-1,1,-1,-0.19999999999999996,MeanReversion
2020-05-25 00:00:00+09:00,79576.6640625,81285.94801610979,77107.6983517303,740036,75669.05546875,79491.20533854167,0.028103911223318078,0.04875256112717277,60.08769824931865,-97.6894245975418,-715.429227687992,617.7398030904502,0.04881096879127722,-1,1,1,0.30000000000000004,Trend
2020-05-26 00:00:00+09:00,81475.875,82330.51704545454,80716.19318181818,511045,76072.636328125,79139.85247395834,0.028189297274057737,0.04885164379746926,57.87036419861945,311.4765749868675,-510.0480671530201,821.5246421398876,0.023866430691394047,-1,1,1,0.30000000000000004,Trend
2020-05-27 00:00:00+09:00,88028.1328125,91161.82038834952,82330.51903822816,1476514,76846.5625,78905.61731770834,0.03213308027330603,0.049962828578458296,68.79432106840561,1151.1858693907561,-177.80127984426485,1328.987149235021,0.08041960657065661,-1,1,1,0.30000000000000004,Trend
2020-05-28 00:00:00+09:00,84799.4765625,89072.68646766517,82425.47105963046,737197,77416.3234375,78672.96471354166,0.03379970280609088,0.05001018362999202,62.179458782133224,1538.402215497612,165.4394192241105,1372.9627962735015,-0.036677550083642485,-1,1,1,0.30000000000000004,Trend
2020-05-29 00:00:00+09:00,86223.8828125,86508.76348258536,82235.55343130507,481609,78052.55703125,78456.13893229167,0.03383260365024989,0.0500630921123637,67.63752003197128,1937.8730454617034,519.9261444716292,1417.9469009900743,0.016797347197658352,-1,1,1,0.30000000000000004,Trend
2020-06-01 00:00:00+09:00,87553.3359375,88787.81898217191,86413.81312703363,309828,78503.618359375,78277.29739583333,0.031017073248978122,0.05010506055984825,72.87579098609241,2334.8179843741673,882.9045124521368,1451.9134719220306,0.015418618155842001,1,1,-1,0.5,Trend
2020-06-02 00:00:00+09:00,93155.9765625,105405.84504013762,92586.2152379587,1921151,79400.9921875,78152.26627604167,0.03125252306758374,0.05067694192058962,77.68589946550922,3066.141413899619,1319.5518927416333,1746.5895211579855,0.06399117252367681,1,1,-1,0.5,Trend
2020-06-03 00:00:00+09:00,97809.03125,98758.63349514564,94485.42339199029,920385,80379.082421875,78033.56588541667,0.031759734363514855,0.05078799185760944,82.95738061599089,3975.357678041779,1850.7130498016625,2124.6446282401166,0.049949073148067846,1,1,-1,0.5,Trend
2020-06-04 00:00:00+09:00,95909.828125,101607.4416769802,94865.2656404703,669111,81276.456640625,77946.51901041667,0.03234643349250233,0.05063098726294137,78.1094436744875,4490.899998346431,2378.750439510616,2112.149558835815,-0.01941746176941095,1,1,-1,0.5,Trend
2020-06-05 00:00:00+09:00,97334.2265625,98283.82877286586,94485.41993140244,396517,82264.042578125,77883.212109375,0.03215680684373209,0.050671103519729324,78.89687071318919,4957.2637998860155,2894.453111585696,2062.8106883003193,0.014851433532375502,1,1,-1,0.5,Trend
2020-06-08 00:00:00+09:00,98283.828125,100657.83363526569,97809.02702294686,479511,83384.573046875,77997.16432291667,0.03117728125290823,0.048952125606452894,77.83373743653507,5341.90720152088,3383.943929572733,1957.9632719481474,0.00975609090488061,1,1,-1,0.5,Trend
2020-06-09 00:00:00+09:00,96859.4296875,99708.23644301471,95909.82743566176,309031,84514.599609375,78100.037890625,0.030811734510492347,0.04897945684399766,77.05735128748395,5468.762330847108,3800.907609827608,1667.8547210195002,-0.014492704086458752,1,1,-1,0.5,Trend
2020-06-10 00:00:00+09:00,95909.828125,97809.03264232674,95909.828125,252618,85606.641796875,78187.084765625,0.03105130515536183,0.048999709239269384,73.97958958806646,5430.076483244047,4126.741384510897,1303.3350987331505,-0.009803914451734008,1,1,-1,0.5,Trend
2020-06-11 00:00:00+09:00,94010.625,96859.43181818182,92206.38068181818,502827,86665.448828125,78473.54817708333,0.03121996262903476,0.04393817384326391,74.55013049197802,5186.3824618086655,4338.669599970451,847.7128618382148,-0.019801965680980582,1,1,-1,0.5,Trend
2020-06-12 00:00:00+09:00,89832.375,90687.01704545454,87838.21022727272,451334,87434.626953125,78758.42890625,0.033715544861412566,0.043748909105782934,63.70558995705815,4603.042331489676,4391.5441462742965,211.49818521537964,-0.0444444444444444,1,1,1,1.0,Trend
2020-06-15 00:00:00+09:00,81950.671875,88787.80788311124,81950.671875,558684,87809.719921875,78880.29440104167,0.04060957167644955,0.045340324786111386,50.54704098837868,3464.813292561812,4206.1979755318,-741.3846829699878,-0.08773789098863305,1,1,-1,0.5,Trend
2020-06-16 00:00:00+09:00,87838.2109375,87838.2109375,84134.76204391892,329689,88336.74921875,79206.32447916667,0.042538370344015135,0.04457942099663904,49.77777615266623,3003.2145885008213,3965.601298125604,-962.3867096247827,0.07184247459838167,1,1,-1,0.5,Trend
2020-06-17 00:00:00+09:00,87078.53125,89547.49723964013,85939.00848555072,294418,88878.02265625,79608.3228515625,0.042430740197714846,0.043190009976057465,52.83020039463056,2546.7372858775198,3681.8284956759876,-1135.0912097984678,-0.00864862432182889,1,1,-1,0.5,Trend
2020-06-18 00:00:00+09:00,88597.890625,89927.33378550375,87078.52701299572,284311,89405.051953125,79866.29811197917,0.04232597427527946,0.038863153267012535,52.941179886697896,2281.278183698276,3401.7184332804454,-1120.4402495821696,0.017448151148047764,1,1,-1,0.5,Trend
2020-06-19 00:00:00+09:00,88977.734375,90497.098035619,87458.370714381,181498,90060.277734375,80263.5484375,0.041538948117258355,0.03560125729384651,51.80722342215002,2077.6008593846345,3136.8949185012834,-1059.294059116649,0.004287277578737481,1,1,-1,0.5,Trend
2020-06-22 00:00:00+09:00,85939.0,88407.96574585636,85654.11933701657,237306,90378.39453125,80526.27161458334,0.04148165319131403,0.03478374026379412,40.20618709719143,1651.9420841031824,2839.9043516216634,-1187.962267518481,-0.03415162676758143,1,1,-1,0.5,Trend
2020-06-23 00:00:00+09:00,84039.796875,86983.56377118644,83185.15487288135,336055,90506.590625,80676.62513020834,0.0416025889316112,0.03392411446821264,29.80501016130674,1148.1198076393339,2501.547442825198,-1353.427635185864,-0.022099432446269995,1,1,-1,0.5,Trend
2020-06-24 00:00:00+09:00,85749.078125,86128.91900263012,83849.87373684939,211861,90392.637890625,80876.04153645833,0.037920136001826664,0.03391626789779769,35.013995338420784,876.6561886703275,2176.5691919942237,-1299.9130033238962,0.020338950277835277,1,1,-1,0.5,Trend
2020-06-25 00:00:00+09:00,83185.15625,84419.63916238584,83090.19602597032,230117,90311.921875,81039.05651041666,0.03760035186280472,0.034167827789053785,29.810301124084503,449.45125285506947,1831.145604166393,-1381.6943513113235,-0.029900285006708383,1,1,-1,0.5,Trend
2020-06-26 00:00:00+09:00,84324.6796875,84609.56036211993,83185.15698902027,157275,90216.96171875,81236.89036458333,0.0375312089027719,0.034141210485153214,30.188685102975484,200.526734021405,1505.0218301373955,-1304.4950961159905,0.013698639142725622,1,1,-1,0.5,Trend
2020-06-29 00:00:00+09:00,83185.15625,84229.71871432647,81760.75288955479,174399,89998.552734375,81379.33059895833,0.03742225175460096,0.03401458944153549,30.43478358070979,-87.68695790265338,1186.4800725293856,-1274.167030432039,-0.013513522277499024,1,1,-1,0.5,Trend
2020-06-30 00:00:00+09:00,82995.234375,84514.5979333524,82995.234375,191241,89490.515625,81553.42434895833,0.034205249360791085,0.03378800904732013,31.111110095416393,-327.64658738272556,883.6547405469634,-1211.3013279296888,-0.0022831221766203003,1,1,-1,0.5,Trend
2020-07-01 00:00:00+09:00,83185.15625,84419.63916238584,82900.27557791096,144807,88759.321875,81684.7859375,0.03180120888019814,0.03347394899269299,33.33333333333333,-496.7648188855528,607.5708286604602,-1104.335647546013,0.0022883467518373113,1,1,-1,0.5,Trend
2020-07-02 00:00:00+09:00,83849.875,84609.55676670442,83564.99433748586,102142,88156.32421875,81869.95833333333,0.03187337477229661,0.03314108357635594,39.6721233648248,-570.5777231241082,371.94111830354655,-942.5188414276547,0.007990833701174926,1,1,-1,0.5,Trend
2020-07-03 00:00:00+09:00,84039.796875,84514.59798728813,82995.2344279661,138087,87491.602734375,81993.40651041667,0.031551647532523,0.032490623298725506,54.91071362985272,-606.7555729050364,176.20178006183,-782.9573529668664,0.002265022756444246,1,1,-1,0.5,Trend
2020-07-06 00:00:00+09:00,83375.078125,84419.64060720387,82710.3565454157,180244,86746.165234375,82093.11471354167,0.03129540073654189,0.03249459528447362,36.09466361013329,-681.2114458341966,4.719134882624672,-685.9305807168213,-0.007909571116511582,1,1,-1,0.5,Trend
2020-07-07 00:00:00+09:00,82330.515625,85274.28261966552,82330.515625,240071,86019.71953125,82207.06692708333,0.031277220956220285,0.03236622603346959,35.465100705811224,-815.1096488888434,-159.24662187166896,-655.8630270171744,-0.012528474017546865,1,1,-1,0.5,Trend
2020-07-08 00:00:00+09:00,81380.9140625,83090.19813849183,81096.03338316803,185882,85293.273828125,82240.30299479167,0.031284744592004185,0.031763867086604475,27.10843701910329,-986.478341180773,-324.69296573348976,-661.7853754472833,-0.011534016947315817,1,1,-1,0.5,Trend
2020-07-09 00:00:00+09:00,81855.7109375,83375.07448158354,81380.9098299739,218445,84685.528125,82252.96432291667,0.03130542388801279,0.031653983014755326,27.544880975077703,-1071.6241090313706,-474.07919439306596,-597.5449146383046,0.005834253405354373,1,1,-1,0.5,Trend
2020-07-10 00:00:00+09:00,79481.7109375,81570.83595616787,79101.87002501494,261070,84167.994921875,82298.86184895833,0.030460524772028583,0.03105426557968041,28.749994215292915,-1315.5004330279335,-642.3634421200395,-673.136990907894,-0.029002252534494954,1,1,-1,0.5,Trend
2020-07-13 00:00:00+09:00,85179.3203125,85464.20098244147,78911.94557378763,473931,84329.42734375,82414.39674479167,0.027781431072100703,0.03220875996188171,53.00000534763978,-1037.0700195434329,-721.3047576047182,-315.7652619387146,0.07168453355867332,1,1,-1,0.5,Trend
2020-07-14 00:00:00+09:00,84039.796875,84989.39909957627,83090.19465042373,150034,84139.506640625,82548.92356770833,0.022952159493108304,0.032012889587794184,45.36082780263354,-898.010225992417,-756.645851282258,-141.36437471015893,-0.013377935317156697,1,1,-1,0.5,Trend
2020-07-15 00:00:00+09:00,86413.796875,88977.72271634615,85464.19471153847,472903,84106.269921875,82691.363671875,0.023846614600069822,0.03205401839671526,58.85415684694953,-589.4475931419875,-723.2061996542039,133.7586065122165,0.02824852139434686,1,1,1,1.0,Trend
2020-07-16 00:00:00+09:00,86413.796875,88218.04098557692,85749.07536057693,200880,83997.065234375,82849.63046875,0.023482506439206994,0.03200224776686485,56.11109562174543,-340.97889112934354,-646.7607379492318,305.7818468198883,0.0,1,1,1,1.0,Trend
2020-07-17 00:00:00+09:00,84894.4375,87363.40324384788,84514.5966163311,140487,83792.900390625,83045.88151041667,0.023724629797848985,0.03136137901050164,54.891303375810416,-263.6263380866294,-570.1338579767114,306.507519890082,-0.017582370292070326,1,1,1,1.0,Trend
2020-07-20 00:00:00+09:00,85559.1640625,87268.44813922032,84799.4822506243,182045,83773.90859375,83273.78619791666,0.02254474713567054,0.03126315031078953,57.14287579850039,-146.99157686413673,-485.5054017541965,338.51382489005977,0.007830036714714161,1,1,1,1.0,Trend
2020-07-21 00:00:00+09:00,88313.0078125,88692.8487063172,85654.12155577957,416204,83987.569140625,83522.26536458333,0.022986508410622886,0.03139885051938097,62.50001428322764,165.74389505507133,-355.255542392343,520.9994374474143,0.03218642655260573,1,1,1,1.0,Trend
2020-07-22 00:00:00+09:00,86223.8828125,88313.00772645925,86128.92258913822,245603,84011.309375,83750.169921875,0.023315231615091338,0.03153589273734236,55.41126604959575,242.22189846693072,-235.76005422048829,477.98195268741904,-0.023655914929717747,1,1,1,1.0,Trend
2020-07-23 00:00:00+09:00,84514.59375,86033.95723314607,83564.99157303371,274495,84077.78125,83935.3421875,0.022707248072808904,0.03165113807054437,51.01213752306595,163.02665514611,-156.00271234716865,319.02936749327864,-0.019823847021792962,1,1,1,1.0,Trend
2020-07-24 00:00:00+09:00,83849.875,84229.71588335221,82520.43190826727,248471,84054.041015625,84107.85325520833,0.022577323215729177,0.03167855510372352,51.01213752306595,46.095249066871474,-115.58312006436063,161.6783691312321,-0.007865135718054583,-1,1,1,0.30000000000000004,Trend
2020-07-27 00:00:00+09:00,83280.1171875,84609.56033530502,82900.27628812715,131963,84058.7890625,84186.98671875,0.022416954860527947,0.030559720034664072,52.06611626440386,-91.49374357715715,-110.76524476691993,19.271501189762787,-0.00679497509686211,-1,1,1,0.30000000000000004,Trend
2020-07-28 00:00:00+09:00,86223.8828125,86413.80325922357,82900.27499483756,317567,84220.221484375,84370.57643229167,0.023704960921348342,0.030304291530500887,59.69582117771303,36.58158262568759,-81.29587928839842,117.87746191408601,0.035347760358841684,-1,1,1,0.30000000000000004,Trend
2020-07-29 00:00:00+09:00,86223.8828125,86413.80325922357,84514.5987919879,154034,84372.1578125,84503.520703125,0.02370855468989374,0.029906092274403613,58.91473881715479,136.50861503389024,-37.7349804239407,174.24359545783093,0.0,-1,1,1,0.30000000000000004,Trend
2020-07-30 00:00:00+09:00,86413.796875,87743.23990384616,84989.39362980769,306548,84500.35390625,84644.37825520833,0.023664667515158475,0.029898169607253826,65.53190535922653,228.3932110513124,15.49065787110992,212.90255318020246,0.0022025691294020877,-1,1,1,0.30000000000000004,Trend
2020-07-31 00:00:00+09:00,84704.515625,86888.60066914238,84704.515625,304064,84533.58984375,84763.07838541667,0.024144943580944277,0.030017905557843592,48.7046521690016,161.42687504159403,44.677901305206746,116.74897373638728,-0.01978018918058333,-1,1,1,0.30000000000000004,Trend
2020-08-03 00:00:00+09:00,81950.671875,84989.39898971611,81855.71165266512,374753,84462.36953125,84864.36927083334,0.025229661059389643,0.0301940296913235,44.76189879209944,-112.55909334255557,13.230502375654286,-125.78959571820985,-0.03251117994926844,-1,1,-1,-0.19999999999999996,MeanReversion
2020-08-04 00:00:00+09:00,82710.359375,84514.60372416762,82615.39914609645,233903,84481.36171875,85005.226953125,0.02516697899658926,0.030061246898468952,39.89639779427562,-265.33588802139275,-42.482775703755124,-222.85311231763762,0.009270058226719113,-1,1,-1,-0.19999999999999996,MeanReversion
2020-08-05 00:00:00+09:00,82140.5859375,82805.30744219654,81855.70529263007,236374,84519.3453125,85139.75364583333,0.025072634012624426,0.030077183907077205,38.693465882429784,-427.4610482339194,-119.478430209788,-307.9826180241314,-0.006888779613647977,-1,1,-1,-0.19999999999999996,MeanReversion
2020-08-06 00:00:00+09:00,82615.390625,84229.71434985632,82235.54974856322,332546,84557.329296875,85302.76875,0.02507203514549392,0.029982481807278673,43.61702034550422,-511.73467676813016,-197.92967952145645,-313.8049972466737,0.005780390802925028,-1,1,-1,-0.19999999999999996,MeanReversion
2020-08-07 00:00:00+09:00,81665.7890625,82710.35148074127,80906.10730377906,381344,84666.533203125,85423.05169270834,0.024255782943506467,0.02991882257962679,39.267001724681556,-647.6809812975698,-287.87993987667915,-359.80104142089067,-0.011494245264908831,-1,1,-1,-0.19999999999999996,MeanReversion
2020-08-10 00:00:00+09:00,82805.3125,83470.03404529816,80811.1478641055,306003,84547.8328125,85562.32669270833,0.01860149116751351,0.029960171706190166,33.33333333333333,-655.9084843471646,-361.48564877077627,-294.42283557638837,0.013953498160997446,-1,1,-1,-0.19999999999999996,MeanReversion
2020-08-11 00:00:00+09:00,87078.53125,87363.41194111232,82900.28111368594,775258,84699.76953125,85725.341796875,0.02164508393693254,0.030262389488921626,52.28427922267478,-313.9962461740797,-351.98776825143693,37.99152207735722,0.05160561105303474,-1,1,1,0.30000000000000004,Trend
2020-08-12 00:00:00+09:00,87458.3671875,87458.3671875,85179.3217884772,357704,84751.998046875,85912.096875,0.02077509397058016,0.030194301390987777,58.469961323515335,-12.237679985206341,-284.0377505981908,271.8000706129845,0.004361992928078928,-1,1,1,0.30000000000000004,Trend
2020-08-13 00:00:00+09:00,85749.078125,88882.7653654485,85274.27702796235,438141,84718.762109375,86040.29309895834,0.021268080564415304,0.030196762426966613,55.154631742954145,87.96876637342211,-209.63644720386824,297.60521357729033,-0.019544031262732076,-1,1,1,0.30000000000000004,Trend
2020-08-14 00:00:00+09:00,91066.859375,91161.81960375392,86223.88770855058,983827,85027.383203125,86293.52044270834,0.02476901129101786,0.030864826975394423,66.80326832447625,589.6860674649652,-49.77194427010156,639.4580117350667,0.06201560840395337,-1,1,1,0.30000000000000004,Trend
2020-08-18 00:00:00+09:00,86888.609375,94390.4674521858,85939.00708674864,1118237,85093.85546875,86415.38619791667,0.02717976602385164,0.03096384202146793,51.361876423539805,642.7416615684051,88.73077689759977,554.0108846708054,-0.04588112545744638,-1,1,1,0.30000000000000004,Trend
2020-08-19 00:00:00+09:00,86793.6484375,89452.53482289387,86508.76775335065,346839,85017.8875,86504.01575520834,0.026188085745212815,0.030828632040814284,51.16279811350236,669.4095119449776,204.86652390707533,464.5429880379022,-0.0010929043309941822,-1,1,1,0.30000000000000004,Trend
2020-08-20 00:00:00+09:00,83090.1953125,86128.92245535714,82710.35441964286,468677,84861.203125,86421.716796875,0.027439355971394984,0.029688653743836158,44.06781599033718,387.24237036600243,241.34169319886075,145.90067716714168,-0.04266963299355775,-1,1,-1,-0.19999999999999996,MeanReversion
2020-08-21 00:00:00+09:00,83280.1171875,84609.56033530502,81570.83314032212,306552,84799.479296875,86396.394140625,0.027113251902137113,0.02930337075973443,47.31184159116544,176.90869254354038,228.4550930677967,-51.54640052425631,0.002285731478734787,-1,1,-1,-0.19999999999999996,MeanReversion
2020-08-24 00:00:00+09:00,83090.1953125,84609.55888392856,82805.31464285713,245500,84761.4953125,86344.166015625,0.027064237776153143,0.0292194791951095,52.380949271688316,-5.04916691899416,181.75424107043855,-186.8034079894327,-0.0022805188250684116,-1,1,-1,-0.19999999999999996,MeanReversion
2020-08-25 00:00:00+09:00,85939.0,87838.2044198895,82330.51160220995,512590,84894.439453125,86317.26041666667,0.02806166966073488,0.029484923998765723,56.204356768604846,79.70387172908522,161.34416720216788,-81.64029547308266,0.03428569010802929,-1,1,-1,-0.19999999999999996,MeanReversion
2020-08-26 00:00:00+09:00,84609.5625,87648.28977272726,84229.72159090909,390394,84813.7234375,86174.82018229166,0.027173508136518074,0.02838578889456832,54.60994542383829,39.14552455331432,136.90443867239716,-97.75891411908285,-0.015469548167886482,-1,1,-1,-0.19999999999999996,MeanReversion
2020-08-27 00:00:00+09:00,82710.359375,84704.52418197475,82615.39914609645,360311,84638.047265625,85923.17565104166,0.027602740529256764,0.027728967792348975,50.16836518458397,-144.58044431149028,80.60746207561968,-225.18790638710996,-0.02244667232501052,-1,1,-1,-0.19999999999999996,MeanReversion
2020-08-28 00:00:00+09:00,83185.15625,84419.63916238584,82710.3551298516,247141,84476.615234375,85711.09778645834,0.027642718726648287,0.02766139282243865,52.7397312378583,-249.00211713364115,14.68554623376751,-263.6876633674087,0.005740476508478531,-1,1,-1,-0.19999999999999996,MeanReversion
2020-08-31 00:00:00+09:00,81855.7109375,84894.43802566706,81855.7109375,442859,84334.175,85453.12252604167,0.027522888871061104,0.027624596088355043,48.29932182188835,-434.02895561671176,-75.05735413632834,-358.9716014803834,-0.015981761319345922,-1,1,-1,-0.19999999999999996,MeanReversion
2020-09-01 00:00:00+09:00,83564.9921875,83849.87284268466,81760.74803799715,225198,84414.891015625,85207.80859375,0.026917890987171265,0.02774523532346247,43.07114062195238,-437.6938837089547,-147.5846600508536,-290.1092236581011,0.02088163709560975,-1,1,-1,-0.19999999999999996,MeanReversion
2020-09-02 00:00:00+09:00,83375.078125,84039.79970458428,82615.39631976081,209881,84448.126953125,84983.06940104166,0.026855108012787947,0.027701267305305317,41.88679409298394,-450.72714137428557,-208.21315631554,-242.51398505874556,-0.002272650993299652,-1,1,-1,-0.19999999999999996,MeanReversion
2020-09-03 00:00:00+09:00,83185.15625,84039.79826626713,83090.19602597032,220687,84500.35546875,84770.99153645833,0.026808654910904027,0.027684440502320447,44.578321612702425,-470.952354458248,-260.7609959440816,-210.19135851416638,-0.00227792140374683,-1,1,-1,-0.19999999999999996,MeanReversion
2020-09-04 00:00:00+09:00,81760.7578125,81950.67827199478,80716.19528527875,319826,84457.623828125,84566.82708333334,0.027070121568943804,0.027657214912981204,26.442290007313446,-595.0585665102553,-327.6205100573164,-267.43805645293895,-0.017123228490659947,-1,1,-1,-0.19999999999999996,MeanReversion
2020-09-07 00:00:00+09:00,83470.03125,83944.83233788396,80906.10537542662,342054,84547.8359375,84460.78802083334,0.027337079861081904,0.027223664720475396,40.10984589931244,-549.1591870181292,-371.928245449479,-177.23094156865017,0.02090579250035618,1,1,-1,0.5,Trend
2020-09-08 00:00:00+09:00,83280.1171875,86603.72505701255,82900.27628812715,522666,84571.576171875,84482.94544270834,0.027178179713493608,0.024489702136860646,39.89068237646695,-522.0897500995779,-401.96054637949885,-120.12920372007909,-0.0022752365089117044,1,1,-1,0.5,Trend
2020-09-09 00:00:00+09:00,82140.5859375,82710.3472272399,81950.66550758672,219262,84324.67890625,84387.98502604167,0.024627280187010624,0.02280748548177116,46.79484136903914,-585.8345388374728,-438.7353448710936,-147.09919396637918,-0.013683112950410692,-1,1,-1,-0.19999999999999996,MeanReversion
2020-09-10 00:00:00+09:00,82805.3125,83659.95448681193,81950.67051318807,314048,84092.026171875,84316.76471354166,0.024698743674103255,0.022815760462458323,48.44719068626123,-576.0742396852584,-466.2031238339266,-109.87111585133175,0.008092547124095129,-1,1,-1,-0.19999999999999996,MeanReversion
2020-09-11 00:00:00+09:00,82520.4296875,83375.07165204258,81760.74794123994,251036,83930.59375,84215.47369791666,0.024374957407476174,0.022693118048781418,48.1481312198719,-584.588027504069,-489.88010456795513,-94.7079229361139,-0.003440392939764614,-1,1,-1,-0.19999999999999996,MeanReversion
2020-09-14 00:00:00+09:00,82900.2734375,83564.99498854525,82425.47232961054,280883,83522.264453125,84114.18268229166,0.019630436523916862,0.022694436805571788,38.23527810461174,-554.2954763364105,-502.7631789216462,-51.53229741476429,0.004603026807282085,-1,1,-1,-0.19999999999999996,MeanReversion
2020-09-15 00:00:00+09:00,82520.4296875,83280.11143376007,81760.74794123994,326374,83303.85546875,84057.20651041667,0.016929062502738415,0.02226832038760345,41.26979981286528,-554.5461644376919,-513.1197760248554,-41.42638841283656,-0.004581936032893474,-1,1,-1,-0.19999999999999996,MeanReversion
2020-09-16 00:00:00+09:00,82045.6328125,82900.27482096355,81855.71236617478,204438,83066.4546875,84023.97044270833,0.01693975951331968,0.022097071117359892,46.846818802054266,-586.2984922727337,-527.7555192744311,-58.542972998302616,-0.005753688835577142,-1,1,-1,-0.19999999999999996,MeanReversion
2020-09-17 00:00:00+09:00,81665.7890625,82710.35148074127,81285.94818313954,261943,82995.234375,83955.915625,0.013983895000775834,0.02193774319287339,42.727250289632536,-634.7951338269922,-549.1634421849433,-85.63169164204896,-0.004629664455974902,-1,1,-1,-0.19999999999999996,MeanReversion
2020-09-18 00:00:00+09:00,81096.03125,81760.75281762295,80811.1505781616,225417,82886.030078125,83921.096875,0.014027935898534866,0.021609401088149963,46.07843690791813,-711.0077111549472,-581.5322959789441,-129.47541517600303,-0.006976701248352035,-1,1,-1,-0.19999999999999996,MeanReversion
2020-09-21 00:00:00+09:00,80621.2265625,81475.86854019435,80336.34590326855,223152,82762.581640625,83859.37265625,0.01406369566230843,0.021541263863144342,32.5842634310298,-800.4919253161206,-625.3242218463795,-175.16770346974113,-0.0058548449311445205,-1,1,-1,-0.19999999999999996,MeanReversion
2020-09-22 00:00:00+09:00,78247.2265625,80336.35154353762,78057.30610967841,270444,82377.99296875,83777.073828125,0.012816035983705882,0.021806916413780075,25.89284599320233,-1050.8571423903486,-710.4308059551734,-340.42633643517524,-0.029446339397473764,-1,1,-1,-0.19999999999999996,MeanReversion
2020-09-23 00:00:00+09:00,77107.703125,78627.06673337438,76917.7826739532,225272,82002.9,83678.94830729166,0.01277642509599506,0.021877597106598215,23.770481853775507,-1325.9388015808072,-833.5324050803001,-492.40639650050707,-0.014563116005010146,-1,1,-1,-0.19999999999999996,MeanReversion
2020-09-24 00:00:00+09:00,73784.09375,76537.94023487774,73594.17330276706,368708,81556.58671875,83522.26393229167,0.01505479098488353,0.022559043619673962,20.42251521874023,-1791.4794385353744,-1025.121811771315,-766.3576267640594,-0.043103467491595104,-1,1,-1,-0.19999999999999996,MeanReversion
2020-09-25 00:00:00+09:00,75683.3046875,76727.86723651193,73974.02051638959,190543,81181.494140625,83386.15442708334,0.016423502194685576,0.022800892798379428,21.52785593857999,-1984.2995273056586,-1216.9573548781837,-767.3421724274749,0.025740113362847872,-1,1,-1,-0.19999999999999996,MeanReversion
2020-09-28 00:00:00+09:00,75968.1875,76632.909140625,75303.46585937499,114869,80887.11796875,83251.62760416667,0.016299000571276624,0.022806119763845684,23.44835216585861,-2090.0306029540952,-1391.572004493366,-698.4585984607293,0.0037641434088573344,-1,1,-1,-0.19999999999999996,MeanReversion
2020-09-29 00:00:00+09:00,78532.109375,79766.59235187423,76442.98433721281,264983,80635.473828125,83170.91145833333,0.01748353657177179,0.02322914133024963,38.1250491699091,-1944.5209473743307,-1502.161793069559,-442.35915430477166,0.03374994138171328,-1,1,-1,-0.19999999999999996,MeanReversion
2020-10-05 00:00:00+09:00,79481.7109375,80336.3529905914,77677.46660319594,205071,80440.80546875,83123.43138020833,0.017808443563223773,0.02323808846757062,39.263828762736274,-1732.6061814941932,-1548.250670754486,-184.35551073970714,0.012091889165558367,-1,1,-1,-0.19999999999999996,MeanReversion
2020-10-06 00:00:00+09:00,78911.9453125,79956.50776549338,78532.10442050241,128744,80227.144921875,83082.28190104167,0.017840704267521653,0.023209634064506667,38.55423657244131,-1592.2826833659346,-1557.0570732767758,-35.22561008915886,-0.007168512331698906,-1,1,-1,-0.19999999999999996,MeanReversion
2020-10-07 00:00:00+09:00,79861.5546875,80431.31607647146,78152.2705205856,145912,80132.184765625,83049.04596354166,0.017776008884157705,0.023251560170836693,40.69770778984103,-1388.4446343097225,-1523.3345854833653,134.88995117364288,0.012033784888199728,-1,1,-1,-0.19999999999999996,MeanReversion
2020-10-08 00:00:00+09:00,78816.9921875,80716.1968185241,78816.9921875,222287,79899.5328125,83037.96731770833,0.017186461706089933,0.023000951197571926,39.10618505053476,-1296.2466513248364,-1477.9169986516597,181.67034732682328,-0.013079666481417673,-1,1,-1,-0.19999999999999996,MeanReversion
2020-10-12 00:00:00+09:00,79101.8671875,80146.42965936374,78911.94673807023,108141,79690.6203125,82936.67643229167,0.017247380890882083,0.021130513905578727,41.24294651904324,-1186.514651535239,-1419.6365292283756,233.12187769313664,0.003614385579727486,-1,1,-1,-0.19999999999999996,MeanReversion
2020-10-13 00:00:00+09:00,78911.9453125,79861.54754249398,78437.144197503,142431,79529.18828125,82851.21223958333,0.017044838220638903,0.021070126598152755,41.71429780312254,-1102.1712155002606,-1356.1434664827525,253.97225098249191,-0.0024009784061078676,-1,1,-1,-0.19999999999999996,MeanReversion
2020-10-14 00:00:00+09:00,77012.7421875,79101.86712970099,76822.821738209,236667,79239.559765625,82694.52799479167,0.017570857839821576,0.02093392307796916,38.624346455088826,-1175.0332033304003,-1319.921413852282,144.88821052188177,-0.024067371770889023,-1,1,-1,-0.19999999999999996,MeanReversion
2020-10-15 00:00:00+09:00,75778.2578125,77012.74070919487,75683.29758967731,194401,78902.451171875,82517.26901041667,0.01779257487544268,0.02101260953145922,37.055850070870214,-1317.2055005952425,-1319.3782312008743,2.172730605631841,-0.016029611982838476,-1,1,-1,-0.19999999999999996,MeanReversion
2020-10-16 00:00:00+09:00,75588.34375,76348.02559673367,75398.42328831658,150155,78536.8546875,82362.16744791667,0.017677060882468825,0.020913338215416785,41.95403684711968,-1428.7330034313054,-1341.2491856469605,-87.48381778434486,-0.002506181429637877,-1,1,-1,-0.19999999999999996,MeanReversion
2020-10-19 00:00:00+09:00,76537.9453125,77202.66692191377,75968.18393300248,144114,78237.73046875,82211.81380208333,0.018086001957842466,0.0209589964658228,48.255825355332924,-1424.078551910483,-1357.815058899665,-66.26349301081791,0.012562804202202127,-1,1,-1,-0.19999999999999996,MeanReversion
2020-10-20 00:00:00+09:00,76063.140625,76727.86220349564,75493.37927200375,127838,77938.605859375,82007.64934895834,0.01808892829786012,0.020497178427459645,58.45070504137316,-1442.0792438595818,-1374.6678958916484,-67.41134796793335,-0.006203520169785093,-1,1,-1,-0.19999999999999996,MeanReversion
2020-10-21 00:00:00+09:00,77012.7421875,77107.7024121455,75968.1797163995,102118,77705.953515625,81854.13033854167,0.01844468079733612,0.020389273454926252,55.30300763876423,-1363.9967069950799,-1372.5336581123347,8.53695111725483,0.012484385402670162,-1,1,1,0.30000000000000004,Trend
2020-10-22 00:00:00+09:00,76537.9453125,77202.66692191377,76158.10439283498,106992,77478.04921875,81721.18619791667,0.01843610092983521,0.020258446408906006,52.23879314102717,-1325.1523424203915,-1363.057394973946,37.90505255355447,-0.006165172950783004,-1,1,1,0.30000000000000004,Trend
2020-10-23 00:00:00+09:00,77582.5078125,77867.38850214198,76158.10436429008,133090,77326.11328125,81616.730078125,0.018779446161075828,0.02033552899652465,45.762714227845485,-1196.2903491790203,-1329.7039858149608,133.41363663594052,0.013647642299974283,-1,1,1,0.30000000000000004,Trend
2020-10-26 00:00:00+09:00,78911.9453125,79671.62709649518,77107.70107551143,279089,77359.34921875,81543.92721354167,0.018015001112956508,0.020457848644637643,47.54096370755102,-975.6451653098047,-1258.8922217139298,283.24705640412503,0.017135789206672136,-1,1,1,0.30000000000000004,Trend
2020-10-27 00:00:00+09:00,76727.859375,78342.18314897896,76537.93893100247,202382,77340.35703125,81385.66015625,0.018836145666897692,0.020208854684003866,41.72660933714741,-965.8856212207029,-1200.2909016152844,234.4052803945815,-0.027677507237348853,-1,1,-1,-0.19999999999999996,MeanReversion
2020-10-28 00:00:00+09:00,76917.7890625,77012.74929591049,76063.14696180556,117286,77497.041796875,81230.55859375,0.015762633090973106,0.020215406492439365,38.16793653425377,-932.0809250401217,-1146.6489063002518,214.56798126013018,0.002475367996020106,-1,1,-1,-0.19999999999999996,MeanReversion
2020-10-29 00:00:00+09:00,75778.2578125,76253.0589266134,75018.57602991855,168185,77501.789453125,81053.299609375,0.015190131506667617,0.02027729297252042,37.87875954845529,-985.8765371488844,-1114.4944324699784,128.617895321094,-0.014814924660328743,-1,1,-1,-0.19999999999999996,MeanReversion
2020-10-30 00:00:00+09:00,74448.8125,75683.29536033163,74353.85227997448,165598,77425.820703125,80882.37122395834,0.01566574050283897,0.02024551678353646,32.86712964854071,-1122.841653762327,-1116.1638767284483,-6.677777033878783,-0.017543888588590684,-1,1,-1,-0.19999999999999996,MeanReversion
2020-11-02 00:00:00+09:00,75588.34375,75873.22444252513,74828.66190326633,121799,77278.632421875,80776.332421875,0.014028717084157358,0.019953364425946533,38.56212524257906,-1126.4518117499247,-1118.2214637327436,-8.230348017181086,0.015306238094798363,-1,1,-1,-0.19999999999999996,MeanReversion
2020-11-03 00:00:00+09:00,76917.7890625,77107.70952932099,75398.4253279321,151265,77150.436328125,80679.78958333333,0.014360096110299422,0.02005496439116613,49.65988983497633,-1010.3906079026056,-1096.655292566716,86.26468466411052,0.017587967225436207,-1,1,1,0.30000000000000004,Trend
2020-11-04 00:00:00+09:00,79101.8671875,80431.3103335084,77012.7422437725,514717,77159.932421875,80629.14427083333,0.015734151500140455,0.02039036522656235,61.146494145118076,-733.71658798914,-1024.067551651201,290.3509636620611,0.02839496755718396,-1,1,1,0.30000000000000004,Trend
2020-11-05 00:00:00+09:00,79576.6640625,79861.54472143496,78437.14142676014,197428,77145.687890625,80578.498828125,0.015553104373572133,0.020391557494246985,63.12495918576173,-470.71221668383805,-913.3964846577285,442.6842679738904,0.0060023472502179764,-1,1,1,0.30000000000000004,Trend
2020-11-06 00:00:00+09:00,78722.0234375,80241.38697791014,78437.1427736731,163996,77140.939453125,80529.43606770833,0.015457753505932153,0.02038485957633053,57.23267543950426,-327.46687914624636,-796.2105635554321,468.7436844091858,-0.010739839814455698,-1,1,1,0.30000000000000004,Trend
2020-11-09 00:00:00+09:00,85559.1640625,85939.00496843785,79386.74934100999,1228520,77463.804296875,80575.33359375,0.02423078104087579,0.023020267981639763,72.12388301320964,333.9071175472636,-570.1870273348931,904.0941448821567,0.08685168808482469,-1,1,-1,-0.19999999999999996,MeanReversion
2020-11-10 00:00:00+09:00,88313.0078125,89547.49071740592,85274.28066196236,969410,77933.857421875,80595.908203125,0.0249502075458206,0.02245606984734171,74.28570085367336,1067.9522617652838,-242.55916951485767,1310.5114312801416,0.03218642655260573,-1,1,-1,-0.19999999999999996,MeanReversion
2020-11-11 00:00:00+09:00,88882.765625,89737.40760216347,86888.6010116186,532802,78527.35859375,80619.64817708333,0.023931494584181204,0.022464130959479158,76.42273241544038,1676.3392257621308,141.22050954054,1535.1187162215908,0.0064515729518539455,-1,1,-1,-0.19999999999999996,MeanReversion
2020-11-12 00:00:00+09:00,88787.8125,89737.41477272726,86128.92613636363,511705,79177.836328125,80670.29375,0.023389066064579175,0.0223110915526171,74.9999912848228,2126.3174898535362,538.2399056031393,1588.077584250397,-0.0010682962476731284,-1,1,-1,-0.19999999999999996,MeanReversion
2020-11-13 00:00:00+09:00,87648.2890625,90971.89699011376,87553.32883599674,381596,79780.83359375,80613.317578125,0.023746429507772445,0.020956658210583696,69.65811725410917,2363.7308699553105,903.3380984735736,1460.3927714817369,-0.01283423259808325,-1,1,1,0.30000000000000004,Trend
2020-11-16 00:00:00+09:00,93915.6640625,94580.3856483822,88502.93114888776,1026744,80649.71953125,80730.43515625,0.0274633337671789,0.021939591047932458,82.67147542658537,3022.762938468615,1327.223066472582,1695.539871996033,0.07150595940932614,-1,1,-1,-0.19999999999999996,MeanReversion
2020-11-17 00:00:00+09:00,94960.2265625,96859.43109375001,93155.9822578125,623616,81594.573828125,80866.54479166666,0.02718890939365725,0.021973239432160323,83.21677275635273,3587.9780868654343,1779.3740705511527,1808.6040163142816,0.01112234588795391,1,1,-1,0.5,Trend
2020-11-18 00:00:00+09:00,94295.5078125,96384.63285970544,93155.98505947884,414861,82458.712109375,81053.3,0.027485121652916684,0.021194183056985127,84.69753431973037,3936.895831770453,2210.8784227950127,1726.01740897544,-0.006999970135523004,1,1,-1,0.5,Trend
2020-11-19 00:00:00+09:00,89737.4140625,94295.50493551588,88407.9708912037,889242,83118.685546875,81160.92161458333,0.03039532685483494,0.022218394854873112,75.5555729674741,3801.7909073311457,2529.0609197022395,1272.7299876289062,-0.04833839761554126,1,-1,-1,-0.30000000000000004,Defensive
2020-11-20 00:00:00+09:00,90971.8984375,91731.58026161273,88502.93250913362,404577,83788.155078125,81292.28333333334,0.030396378940824923,0.022270789823633046,75.63292300939169,3751.0916043392936,2773.4670566296504,977.6245477096431,0.013756629694501976,1,-1,-1,-0.30000000000000004,Defensive
2020-11-23 00:00:00+09:00,96859.4296875,98758.63419117648,90307.17414981619,1141724,84685.529296875,81474.29049479167,0.0327400649003236,0.023273540386517817,78.8461625392371,4138.28305807116,3046.4302569179526,1091.852801153207,0.06471813110556202,1,-1,-1,-0.30000000000000004,Defensive
2020-11-24 00:00:00+09:00,97809.03125,99708.23574029126,95909.82675970874,589124,85739.587890625,81694.281640625,0.031478529596833366,0.02317879965373962,78.0626907505231,4470.2299563445995,3331.190196803282,1139.0397595413174,0.00980391445173412,1,-1,-1,-0.30000000000000004,Defensive
2020-11-25 00:00:00+09:00,101607.4453125,103506.64989778037,98283.83728825934,1019400,86974.070703125,82009.23307291667,0.03190793932360929,0.023390175508038354,80.05183092011286,4982.366910617595,3661.425539566145,1320.94137105145,0.03883500341385915,1,-1,-1,-0.30000000000000004,Defensive
2020-11-26 00:00:00+09:00,103031.84375,103506.64487327189,98283.8325172811,475404,88336.75,82340.01119791667,0.03117909927695724,0.023427714466835062,82.65307343155101,5440.461927804485,4017.232817213813,1423.2291105906716,0.014018642365420941,1,-1,-1,-0.30000000000000004,Defensive
2020-11-27 00:00:00+09:00,100183.0390625,103506.64699348342,98758.63566350711,547459,89623.461328125,82645.46666666666,0.03183495561094209,0.02364710648641022,72.00001128292499,5510.113639386211,4315.808981648293,1194.3046577379173,-0.02764974966780598,1,-1,-1,-0.30000000000000004,Defensive
2020-11-30 00:00:00+09:00,97809.03125,102557.04247572816,97809.03125,617087,90734.495703125,82882.86731770834,0.03299638367440478,0.023795545050476555,64.45087344317585,5312.511210262048,4515.149427371045,797.3617828910028,-0.0236967039003374,1,-1,1,0.19999999999999996,Defensive
2020-12-01 00:00:00+09:00,98758.6328125,100183.0361703726,98283.83169320914,275440,91826.537890625,83139.25989583334,0.03298575515659294,0.023803796712797753,64.8571523267384,5172.904745589156,4646.700491014668,526.204254574488,0.009708730884705474,1,-1,1,0.19999999999999996,Defensive
2020-12-02 00:00:00+09:00,98283.828125,99233.43032910628,96859.42481884058,314446,92785.6359375,83390.90442708334,0.032990291031370314,0.02381527462127572,64.12428262463054,4966.699822462644,4710.700357304264,255.9994651583802,-0.004807728438297132,1,-1,1,0.19999999999999996,Defensive
2020-12-03 00:00:00+09:00,98283.828125,99708.23143115942,95909.8226147343,351267,93720.994140625,83666.28893229166,0.033063860214095,0.023672758201065583,66.37425880669592,4748.542690982184,4718.268824039848,30.27386694233519,0.0,1,-1,1,0.19999999999999996,Defensive
2020-12-04 00:00:00+09:00,99233.4296875,103031.83847936602,98283.82748953349,448343,94746.564453125,83929.01223958333,0.03268282928671449,0.023576001686388626,59.79019671467168,4599.2591064492735,4694.466880521733,-95.20777407245987,0.009661829220696028,1,-1,-1,-0.30000000000000004,Defensive
2020-12-07 00:00:00+09:00,97334.2265625,100183.03319359757,96384.62435213415,282543,95335.317578125,84163.24739583333,0.02863720045166981,0.023741379465638,54.237278209152024,4278.382440716086,4611.249992560604,-332.86755184451795,-0.019138743173352513,1,1,-1,0.5,Trend
2020-12-08 00:00:00+09:00,96384.625,98758.63054187191,95909.82389162561,365293,95738.8984375,84400.648046875,0.02821262246252346,0.02370042949072871,53.6912612712349,3902.4751569853397,4469.495025445552,-567.0198684602119,-0.00975609090488061,1,1,-1,0.5,Trend
2020-12-09 00:00:00+09:00,96859.4296875,98283.83306525735,95909.82743566176,319123,96137.731640625,84634.88333333333,0.028208837830925152,0.023691770772730453,64.70587855726501,3601.364409395901,4295.868902235621,-694.5044928397201,0.004926145508165947,1,1,-1,0.5,Trend
2020-12-10 00:00:00+09:00,97334.2265625,98283.82877286586,94960.22103658537,470372,96565.05234375,84881.77994791667,0.028180633793599304,0.023680076067456382,63.5627403604349,3362.285774852644,4109.152276759026,-746.8665019063819,0.004901916896804526,1,1,-1,0.5,Trend
2020-12-11 00:00:00+09:00,103981.4453125,105405.8486729452,98758.63299086758,932001,97381.71015625,85233.1328125,0.030991003640132943,0.025051070513755228,64.70587855726501,3666.9192717221595,4020.705675751653,-353.7864040294935,0.06829271659883895,1,1,-1,0.5,Trend
2020-12-14 00:00:00+09:00,105405.8515625,108254.65836148648,102557.0447635135,635970,97956.21953125,85614.55651041666,0.027584736365199224,0.02505819504126933,65.38461660164599,3977.4318345490174,4012.0509075111263,-34.61907296210893,0.013698657926124902,1,1,-1,0.5,Trend
2020-12-15 00:00:00+09:00,103031.84375,105405.84936635944,102557.04262672811,316141,98359.800390625,85964.32669270833,0.02827250607832549,0.025266870851904134,53.061213524860875,3986.0045088771876,4006.841627784339,-20.837118907151307,-0.02252254288835509,1,1,-1,0.5,Trend
2020-12-16 00:00:00+09:00,103981.4453125,108254.65539383561,103506.6441923516,293153,98844.097265625,86336.254296875,0.028169515383401,0.025251629517761547,52.08333119085254,4023.048130400668,4010.082928307605,12.965202093062999,0.009216583222602104,1,1,1,1.0,Trend
2020-12-17 00:00:00+09:00,104931.0546875,104931.0546875,100657.84431561086,363731,99603.779296875,86733.5046875,0.02508880667087995,0.02521795637167076,61.36363806345505,4081.9765232706122,4024.4616473002066,57.51487597040568,0.009132488706481201,1,1,1,1.0,Trend
2020-12-18 00:00:00+09:00,102557.046875,105880.6548755787,102557.046875,226642,100183.03671875,87099.10169270834,0.02595685149294199,0.02542895697911039,61.36363806345505,3892.247700467633,3998.018857933692,-105.77115746605887,-0.022624453929012134,1,1,-1,0.5,Trend
2020-12-21 00:00:00+09:00,104456.25,104456.25,100657.84090909091,291561,100562.877734375,87535.91875,0.022523545958501257,0.025099430200953773,63.0434774832587,3850.74704641437,3968.5644956298274,-117.8174492154576,0.018518504411645376,1,1,-1,0.5,Trend
2020-12-22 00:00:00+09:00,103981.4453125,110153.85987442922,103031.84307220319,675400,100871.4984375,87983.814453125,0.022550866687693,0.02500011489911839,63.0434774832587,3736.472974333752,3922.1461913706125,-185.67321703686048,-0.0045454885418536595,1,1,-1,0.5,Trend
2020-12-23 00:00:00+09:00,102082.2421875,105880.65119912791,100657.83880813954,385737,100895.23828125,88455.45026041666,0.021443496201684842,0.024358722126904694,58.00000592352921,3452.857734392135,3828.288499974917,-375.430765582782,-0.018264827145768603,1,1,-1,0.5,Trend
2020-12-24 00:00:00+09:00,102557.046875,103981.45030381944,101607.44458912036,256354,100871.4984375,88903.34596354167,0.021231057405639665,0.024216796584046033,57.142871534324726,3229.179413390666,3708.466682658067,-479.2872692674009,0.004651197674791385,1,1,-1,0.5,Trend
2020-12-28 00:00:00+09:00,101132.640625,103031.84514377934,100183.03836561032,351891,100918.978515625,89322.753515625,0.02048161418996488,0.02434104832457582,58.33333618997244,2903.50525119988,3547.47439636643,-643.9691451665499,-0.013888916397291728,1,1,-1,0.5,Trend
2020-12-29 00:00:00+09:00,101607.4453125,103506.64989778037,100657.8430198598,257798,101108.89921875,89707.34244791667,0.019667107060847608,0.024053342271877862,61.70213138393793,2653.1352102959645,3368.6065591523375,-715.471348856373,0.00469487086034448,1,1,-1,0.5,Trend
2020-12-30 00:00:00+09:00,103031.84375,103031.84375,100657.83813364056,310809,101322.559765625,90099.84466145834,0.019778272892489228,0.0240649468271688,63.26529447221331,2540.3684130317124,3202.958929928213,-662.5905168965005,0.014018642365420941,1,1,-1,0.5,Trend
2021-01-04 00:00:00+09:00,104456.25,105405.85227272726,102082.24431818182,444271,101631.180859375,90525.58307291666,0.01987054917125044,0.024046789290433607,64.70588045510493,2536.6961398129206,3069.706371905155,-533.0102320922342,0.013824912746938978,1,1,-1,0.5,Trend
2021-01-05 00:00:00+09:00,111578.2578125,112527.86000664895,103506.63916223405,1108466,102295.90234375,91054.19479166667,0.02431494504935845,0.02530178923388384,65.38459591213177,3073.0481599142804,3070.37472950698,2.673430407300202,0.06818172979118042,1,1,1,1.0,Trend
2021-01-06 00:00:00+09:00,112053.0546875,118225.46871689618,111578.25360831567,861219,102936.88359375,91608.12916666667,0.02430655542274017,0.02518278279154399,63.999969724174065,3496.1220214191853,3155.5241878894212,340.5978335297641,0.004255281309355707,1,1,1,1.0,Trend
2021-01-07 00:00:00+09:00,112527.859375,115851.46703586497,112053.05828059072,470056,103696.565234375,92165.22903645833,0.02357063437658904,0.025181967945847962,71.73910710644827,3825.624457539321,3289.5442418194016,536.0802157199196,0.004237320337443284,1,1,-1,0.5,Trend
2021-01-08 00:00:00+09:00,112527.859375,113952.26265822785,111103.45609177215,453240,104503.726953125,92725.49427083334,0.023297605515659122,0.02517048366507927,70.45452250698465,4040.1847769207525,3439.672348839672,600.5124280810805,0.0,1,1,-1,0.5,Trend
2021-01-11 00:00:00+09:00,109204.2578125,113477.46790081522,107305.05332880434,754442,105120.968359375,93262.01953125,0.024780050828729836,0.025295184852441296,59.183660448523014,3897.114990516784,3531.1608771750944,365.95411334168966,-0.029535810784634853,1,1,1,1.0,Trend
2021-01-12 00:00:00+09:00,110153.859375,111103.46161099138,106830.25154903017,527749,105761.95,93834.94622395834,0.024785507116653414,0.025132053811247407,67.39129812693248,3816.3634022741608,3588.2013821949076,228.16202007925313,0.008695645953021636,1,1,1,1.0,Trend
2021-01-13 00:00:00+09:00,110153.859375,112053.06384698275,109204.25713900862,370710,106070.570703125,94411.03815104166,0.020400082895945165,0.025119341391780573,64.28570868902618,3709.6051675852214,3612.4821392729705,97.12302831225088,0.0,1,1,1,1.0,Trend
2021-01-14 00:00:00+09:00,112527.859375,116326.26813027426,109204.25171413503,674916,106426.67109375,95010.87005208334,0.02068456033167642,0.025182199968059968,69.56521739130434,3773.066890634218,3644.59908954522,128.46780108899793,0.021551673390926007,1,1,1,1.0,Trend
2021-01-15 00:00:00+09:00,108254.65625,114427.07086074562,108254.65625,434422,106687.81171875,95547.3953125,0.02200542494455266,0.025800526389420243,62.74510816102861,3438.9073999673856,3603.4607516296533,-164.5533516622677,-0.03797462378413785,1,1,-1,0.5,Trend
2021-01-18 00:00:00+09:00,104931.0546875,107779.86160209276,103031.8500777715,502297,106735.2921875,96012.70052083333,0.023177646017376177,0.02622391382354258,54.385974028223416,2872.781094317106,3457.324820167144,-584.5437258500378,-0.03070169614528706,1,1,-1,0.5,Trend
2021-01-19 00:00:00+09:00,104931.0546875,106355.45814479637,103506.65123020361,425262,106735.2921875,96485.91901041666,0.023088328756529275,0.026190720594915742,57.407427157057015,2396.4965973624203,3245.1591756061994,-848.6625782437791,0.0,1,1,-1,0.5,Trend
2021-01-20 00:00:00+09:00,102082.2421875,105880.65119912791,100657.83880813954,736471,106711.551953125,96894.24791666666,0.023352211364190027,0.026505216104813427,50.8474510094838,1768.773027413743,2949.8819459677084,-1181.1089185539654,-0.027149374496274525,1,1,-1,0.5,Trend
2021-01-21 00:00:00+09:00,102557.046875,105405.85373263889,102082.24573206018,544778,106616.591796875,97288.33294270834,0.022976274894603545,0.026455062854895288,49.12281410771948,1294.6860114720184,2618.84275906857,-1324.1567475965517,0.004651197674791385,1,1,-1,0.5,Trend
2021-01-22 00:00:00+09:00,99708.234375,103031.84218749999,99708.234375,441396,106402.93125,97671.33919270833,0.023766302390765184,0.026457210434872702,41.666652954775444,681.2403606746811,2231.322279389792,-1550.081918715111,-0.027777832794583346,1,1,-1,0.5,Trend
2021-01-25 00:00:00+09:00,103506.6484375,104931.05185636468,100183.04046014907,435334,106474.1515625,98114.48684895833,0.024993035534720008,0.02679664432542617,33.96227938094721,495.8645154839178,1884.2307266086173,-1388.3662111246995,0.03809528958475261,1,1,-1,0.5,Trend
2021-01-26 00:00:00+09:00,100657.84375,104456.25294811321,100657.84375,544091,106379.19140625,98529.14661458334,0.025770119008596024,0.02701140630652438,29.310370751361106,117.72107747994596,1530.9287967828832,-1413.2077193029372,-0.027522915005988025,1,1,-1,0.5,Trend
2021-01-27 00:00:00+09:00,97334.2265625,102082.23761432926,96859.42545731708,642157,106189.270703125,98910.57018229166,0.026649610542880307,0.027310983820813695,25.000006427444063,-445.0185550300812,1135.7393264202904,-1580.7578814503715,-0.0330189587187536,1,1,-1,0.5,Trend
2021-01-28 00:00:00+09:00,93345.90625,95909.8324643947,92776.1448690234,674753,105776.19375,99206.52955729167,0.028037618414696014,0.027917116464561475,22.099459191159426,-1198.9965991045465,668.792141315323,-1867.7887404198696,-0.04097551758875928,1,1,-1,0.5,Trend
2021-01-29 00:00:00+09:00,89262.609375,94010.62051196808,88882.76848404255,780382,105087.73203125,99412.2765625,0.029085701722318957,0.02853844413538031,21.621624626416164,-2101.7894430477318,114.67582444271198,-2216.4652674904437,-0.04374371666673915,1,1,-1,0.5,Trend
2021-02-01 00:00:00+09:00,94865.265625,95435.0269801051,88502.930492993,449837,104608.1828125,99674.99986979166,0.03257057680460082,0.029341009433517733,30.787597184162763,-2338.2182160169177,-375.902983649214,-1962.3152323677036,0.06276599226964952,1,1,-1,0.5,Trend
2021-02-02 00:00:00+09:00,94010.625,95435.02840909091,91731.57954545454,378047,103729.801171875,99915.56588541667,0.027988485814491964,0.0293795103708051,30.140195628781257,-2564.984532833041,-813.7192934859795,-1751.2652393470617,-0.00900899417051515,1,1,-1,0.5,Trend
2021-02-03 00:00:00+09:00,93915.6640625,96384.62995291961,93535.82315628159,313429,102822.931640625,100168.79322916667,0.027886329871089695,0.02932998441881449,25.742594823223712,-2720.995089081189,-1195.1744526050215,-1525.8206364761672,-0.0010101085648563934,1,1,-1,0.5,Trend
2021-02-04 00:00:00+09:00,92491.2578125,95435.02474493069,91731.57602348563,325171,101821.1015625,100284.328125,0.027746441142430855,0.02745402394578833,27.807500276620516,-2925.8449398273806,-1541.3085500494935,-1384.536389777887,-0.015166865551331954,1,1,-1,0.5,Trend
2021-02-05 00:00:00+09:00,93250.9375,93915.65905040732,91826.53417769857,224555,100857.25546875,100366.626953125,0.027958051283054123,0.027179515485895405,32.27665794876282,-2992.395646225952,-1831.5259692847853,-1160.8696769411667,0.008213529640174633,1,1,-1,0.5,Trend
2021-02-08 00:00:00+09:00,95435.0234375,97334.22788401741,93345.89854633085,385954,100168.79375,100475.83125,0.02841958690794645,0.027322459619574455,36.486485284569476,-2836.2060605413426,-2032.4619875360968,-803.7440730052458,0.023421597638093372,-1,1,-1,-0.19999999999999996,MeanReversion
2021-02-09 00:00:00+09:00,95909.828125,96859.43038366336,94960.22586633664,292484,99456.5921875,100594.53151041667,0.028326078927827802,0.02732512080008436,40.579718785047234,-2643.6377085315617,-2154.69713173519,-488.9405767963717,0.004975161847274423,-1,1,-1,-0.19999999999999996,MeanReversion
2021-02-10 00:00:00+09:00,95909.828125,96859.43038366336,94960.22586633664,263425,98744.390625,100732.223828125,0.028326078927827802,0.02726213330178608,39.70588519969647,-2462.6381426147127,-2216.2853339110948,-246.35280870361794,0.0,-1,1,-1,-0.19999999999999996,MeanReversion
2021-02-15 00:00:00+09:00,101607.4453125,101607.4453125,97334.23499561916,494738,98198.369921875,100860.42018229167,0.03125295670543173,0.026820946375379538,52.70271021468568,-1838.254340769723,-2140.6791352828204,302.42479451309737,0.05940597849966167,-1,1,1,0.30000000000000004,Trend
2021-02-16 00:00:00+09:00,100657.84375,102082.24719929245,99708.2414504717,214333,97818.529296875,100955.38046875,0.030265421242273945,0.026824900226383248,45.58824063178511,-1403.8676766088756,-1993.3168435480316,589.4491669391559,-0.009345787206630818,-1,1,1,0.30000000000000004,Trend
2021-02-17 00:00:00+09:00,99233.4296875,100657.83298444975,98283.82748953349,246658,97533.648046875,101037.67916666667,0.02968565583798235,0.02687759034038792,47.69229250377625,-1161.166224755114,-1826.8867197894483,665.7204950343344,-0.014151048834681546,-1,1,1,0.30000000000000004,Trend
2021-02-18 00:00:00+09:00,98758.6328125,102082.24064753606,98758.6328125,244795,97225.026953125,101188.0328125,0.02968129102558417,0.026064000458535845,52.54237666285523,-995.658385271352,-1660.6410528858291,664.9826676144771,-0.0047846464290834945,-1,1,1,0.30000000000000004,Trend
2021-02-19 00:00:00+09:00,99708.234375,100183.03549107142,95435.02433035713,298487,97106.3265625,101333.63841145833,0.029225663472279804,0.02603722452398888,62.73761677506863,-778.8887751599104,-1484.2905973406455,705.401822180735,0.009615377769585765,-1,1,1,0.30000000000000004,Trend
2021-02-22 00:00:00+09:00,98758.6328125,101132.63840895433,98283.83169320914,272316,96916.405859375,101365.291796875,0.029249522696852548,0.024801298803981717,71.73911721539788,-675.9305012816039,-1322.6185781288373,646.6880768472333,-0.009523802807785864,-1,1,-1,-0.19999999999999996,MeanReversion
2021-02-23 00:00:00+09:00,106355.453125,107305.05538504464,100183.03843470983,1164157,97248.766796875,101507.73216145833,0.03309993317837037,0.026546186407401286,74.1035712927794,18.45188068895368,-1054.4044863652791,1072.8563670542328,0.07692310126369484,-1,1,-1,-0.19999999999999996,MeanReversion
2021-02-24 00:00:00+09:00,103506.6484375,107305.05755447247,102557.04615825688,544145,97248.766796875,101539.385546875,0.03273828518735705,0.02635292234719179,68.38234471227297,335.0183088061749,-776.5199273309884,1111.5382361371633,-0.026785694609864463,-1,1,1,0.30000000000000004,Trend
2021-02-25 00:00:00+09:00,108254.65625,108729.45737390351,103981.44613486841,502114,97628.607421875,101626.432421875,0.03350733328354733,0.02692010973110707,73.52023860203442,957.9810246096313,-429.6197369428644,1387.6007615524957,0.04587152500998015,-1,1,-1,-0.19999999999999996,MeanReversion
2021-02-26 00:00:00+09:00,106355.453125,107305.05538504464,103506.64634486608,505274,98079.66875,101729.30598958333,0.03275897995845307,0.026764857953707158,72.39263788198413,1283.636680585434,-86.96845343720469,1370.6051340226388,-0.01754384698810585,-1,1,-1,-0.19999999999999996,MeanReversion
2021-03-02 00:00:00+09:00,104931.0546875,110153.86736425338,103506.65123020361,447770,98658.926171875,101848.00638020833,0.03122891449777528,0.026632783178786045,68.4684818231118,1410.5244367706473,212.5301246043657,1197.9943121662816,-0.01339281057667907,-1,1,1,0.30000000000000004,Trend
2021-03-03 00:00:00+09:00,105880.65625,105880.65625,102557.04820627804,260600,99489.828515625,101966.70677083333,0.028870877383852356,0.02662938879439738,67.18751245317286,1569.6152600009955,483.9471516836917,1085.668108317304,0.009049766680874871,-1,1,1,0.30000000000000004,Trend
2021-03-04 00:00:00+09:00,102557.046875,105880.6548755787,102082.24573206018,381896,99874.417578125,102037.92708333333,0.027436038166990757,0.026959770293749824,60.00000470121653,1411.2404817911447,669.4058177051824,741.8346640859623,-0.03139014710253085,-1,1,1,0.30000000000000004,Trend
2021-03-05 00:00:00+09:00,101607.4453125,103031.84875146027,99708.24072721963,416624,100254.25859375,102093.320703125,0.027442368882225607,0.026990648936823933,58.33333904661743,1195.3234741419146,774.5893489925288,420.7341251493858,-0.009259252205822688,-1,1,1,0.30000000000000004,Trend
2021-03-08 00:00:00+09:00,105405.8515625,108729.4594946509,102082.2436303491,725029,100828.76796875,102196.19440104166,0.028368245837291278,0.027368635341872952,55.88235009441842,1315.5425738567283,882.7799939653687,432.76257989135956,0.03738314882652305,-1,1,1,0.30000000000000004,Trend
2021-03-09 00:00:00+09:00,109679.0625,110153.86363636363,105405.85227272726,814808,101688.158203125,102401.94166666667,0.028882382558643796,0.027685402260995452,62.66666520406574,1735.6223128200945,1053.3484577363138,682.2738550837807,0.04054054755172887,-1,1,1,0.30000000000000004,Trend
2021-03-10 00:00:00+09:00,109679.0625,110153.86363636363,107305.05681818182,376188,102509.564453125,102623.515625,0.02894533312988321,0.027643513262331103,65.2777971394716,2044.9654437706631,1251.6718549431837,793.2935888274794,0.0,-1,1,1,0.30000000000000004,Trend
2021-03-11 00:00:00+09:00,109204.2578125,113002.6667798913,108254.65557065218,602567,103198.026171875,102829.26276041666,0.02884616378327172,0.027653658234149427,65.2777822214442,2226.147688745943,1446.5670217037357,779.5806670422073,-0.0043290367065272894,1,1,1,1.0,Trend
2021-03-12 00:00:00+09:00,111578.2578125,112053.05890957447,108254.65013297873,457677,103981.44765625,103066.66328125,0.02902916986199645,0.02776606977912477,66.66666666666666,2532.109303028614,1663.6754779687112,868.4338250599026,0.021739079112428783,1,1,1,1.0,Trend
2021-03-15 00:00:00+09:00,115851.4765625,116801.07882940573,110628.66409451843,840969,104978.530078125,103264.49713541666,0.02972178866750548,0.026886693722008526,71.95122636405812,3083.850419027527,1947.7104661804744,1136.1399528470527,0.038297951892929394,1,1,-1,0.5,Trend
2021-03-16 00:00:00+09:00,115376.671875,117750.6774691358,113952.26851851851,360188,105666.99140625,103430.67747395833,0.027575310883682834,0.026852108506679125,64.17910191178848,3443.106470234343,2246.789666991248,1196.316803243095,-0.004098391333353879,1,1,1,1.0,Trend
2021-03-17 00:00:00+09:00,112527.859375,114427.06375263713,110628.65499736287,388956,106260.4921875,103588.94440104166,0.028256972083521775,0.02688766817684576,64.17908615030595,3458.0815078438463,2489.048035161768,969.0334726820784,-0.024691408182465402,1,1,1,1.0,Trend
2021-03-18 00:00:00+09:00,112527.859375,114427.06375263713,112053.05828059072,299263,106925.213671875,103731.38463541666,0.027908232856003305,0.02686918866474805,57.89472164888934,3430.405750895792,2677.319578308573,753.0861725872192,0.0,1,1,1,1.0,Trend
2021-03-19 00:00:00+09:00,112053.0546875,112053.0546875,109679.04929157838,269284,107589.934765625,103850.08463541667,0.027896652934797796,0.026858887131842774,61.11108233310288,3331.7533651000995,2808.2063356668787,523.5470294332208,-0.004219441213377251,1,1,1,1.0,Trend
2021-03-22 00:00:00+09:00,111103.453125,112053.05528846155,109679.04987980769,259520,108159.695703125,103992.52473958333,0.02807798829981692,0.0267050501357499,62.26411052534684,3140.7412189342285,2874.713312320349,266.0279066138796,-0.008474570953449723,1,1,1,1.0,Trend
2021-03-23 00:00:00+09:00,110153.859375,112053.06384698275,108729.45602101293,330135,108729.45703125,104087.48489583333,0.028051160185920652,0.02664047539966168,58.49054905043446,2879.54483696456,2875.6796172491913,3.8652197153687666,-0.008546932820635456,1,1,1,1.0,Trend
2021-03-24 00:00:00+09:00,111578.2578125,112527.86000664895,107779.84903590426,295851,108990.597265625,104214.0984375,0.02306156278408301,0.026674954844332507,69.38773043093695,2755.7156969659554,2851.6868331925443,-95.9711362265889,0.012930989849850638,1,1,-1,0.5,Trend
2021-03-25 00:00:00+09:00,112527.859375,113002.66046940928,110628.65499736287,201537,109441.6578125,104388.19205729167,0.022011092813767702,0.026565666517269878,73.46935965745598,2703.0460885970533,2821.958684273446,-118.91259567639281,0.008510632636832716,1,1,-1,0.5,Trend
2021-03-26 00:00:00+09:00,125347.4921875,125347.4921875,112527.8623046875,1926320,110296.299609375,104768.0328125,0.030871777499046626,0.02989923280057239,80.88233514894729,3653.6255532527866,2988.2920580693144,665.3334951834722,0.11392407963416828,1,1,-1,0.5,Trend
2021-03-29 00:00:00+09:00,127246.703125,131519.9133045709,125822.2997318097,1304188,111340.862109375,105203.2671875,0.030338095665482512,0.02984883475021475,79.36506444058945,4508.248792048573,3292.283404865166,1215.9653871834066,0.015151567090461393,1,1,-1,0.5,Trend
2021-03-30 00:00:00+09:00,127721.5,131045.10780669145,124872.6933085502,502940,112480.384375,105638.50143229167,0.02990886440591397,0.029848625597122362,79.68748232453339,5164.324883218491,3666.691700535831,1497.63318268266,0.0037313098362445896,1,1,-1,0.5,Trend
2021-03-31 00:00:00+09:00,126771.8984375,132944.3129681648,125822.29620201311,534618,113524.946484375,106034.16901041666,0.030158333645620917,0.0298535401390347,78.46153223034133,5543.740215950296,4042.1014036187244,1501.638812331572,-0.007434939007919583,1,1,-1,0.5,Trend
2021-04-01 00:00:00+09:00,122023.8828125,128671.09821862841,121074.28061162452,674595,114498.28828125,106326.962890625,0.030635411522341078,0.030299428246855973,65.71427899826526,5399.06733315099,4313.494589525178,1085.572743625812,-0.037453218603812455,1,1,1,1.0,Trend
2021-04-02 00:00:00+09:00,124872.6953125,124872.6953125,120124.68408388783,504149,115661.55078125,106548.53684895833,0.030489784443421136,0.02926760207919872,64.17909494741517,5451.447498101363,4541.085171240415,910.3623268609481,0.023346351831611933,1,1,1,1.0,Trend
2021-04-05 00:00:00+09:00,126297.1015625,129620.70949835527,124872.69816141918,416355,116706.11328125,106785.93763020834,0.029855145987359437,0.029291669094481197,66.66666666666666,5543.989180064178,4741.665973005168,802.3232070590102,0.011406867181295022,1,1,1,1.0,Trend
2021-04-06 00:00:00+09:00,123448.2890625,125822.29462139423,121549.08461538462,368481,117394.574609375,106967.94479166667,0.02974624219693872,0.029464262921753574,66.66666666666666,5326.058284963088,4858.544435396752,467.5138495663359,-0.022556436092005083,1,1,1,1.0,Trend
2021-04-07 00:00:00+09:00,121074.28125,124397.88897058823,120124.67904411764,303351,117964.335546875,107110.38515625,0.030261835640121682,0.02958789094178302,62.16215975832707,4905.239344670641,4867.88341725153,37.35592741911114,-0.01923078748623297,1,1,1,1.0,Trend
2021-04-08 00:00:00+09:00,123448.2890625,123448.2890625,120124.68128004807,256843,118676.537109375,107347.78567708333,0.030344507890310207,0.029391616536291732,65.3846202527373,4709.017272849815,4836.110188371187,-127.09291552137256,0.01960786211563814,1,1,-1,0.5,Trend
2021-04-09 00:00:00+09:00,121549.0859375,123923.0915222168,121074.28482055664,203854,119175.078515625,107537.70611979166,0.03048565299426958,0.029464886420008617,63.7500064274424,4350.1146336984675,4738.911077436644,-388.7964437381761,-0.01538460467474334,1,1,-1,0.5,Trend
2021-04-12 00:00:00+09:00,124872.6953125,127246.70092680608,120599.48520674904,406914,119626.139453125,107783.02005208333,0.02996362061064167,0.02964469858545177,68.23528569124977,4284.480383551985,4648.0249386597125,-363.5445551077273,0.027343762804674432,1,1,-1,0.5,Trend
2021-04-13 00:00:00+09:00,126297.1015625,128196.30609727444,124872.69816141918,316209,120172.1609375,108012.507421875,0.02994956669035208,0.029562841436034874,68.23529184024284,4297.859399721521,4577.991830872074,-280.1324311505532,0.011406867181295022,1,1,-1,0.5,Trend
2021-04-14 00:00:00+09:00,126771.8984375,127721.50067298689,125347.49508426966,204270,120884.362890625,108321.128125,0.029136876937101677,0.029077786195761957,67.85713796004556,4297.238614387446,4521.841187575149,-224.60257318770255,0.0037593647765941096,1,1,-1,0.5,Trend
2021-04-15 00:00:00+09:00,127721.5,129145.90334572492,125347.49442379182,278838,121644.044921875,108700.96888020834,0.029104308630737062,0.02874215071665951,54.237288608280494,4323.532555485974,4482.179461157314,-158.6469056713404,0.007490631395475678,1,1,-1,0.5,Trend
2021-04-16 00:00:00+09:00,130095.5078125,131045.11005930656,126771.899948677,352129,122546.167578125,109120.37643229167,0.029112313268788572,0.028804844946466367,54.99999314406379,4484.241735913747,4482.5919161086,1.6498198051467625,0.018587378103921415,1,1,1,1.0,Trend
2021-04-19 00:00:00+09:00,132944.3125,133893.91473214285,129620.7046875,477073,123638.210546875,109634.74427083334,0.029022513390345235,0.02860374214986444,58.46153300924374,4786.306091822524,4543.334751251386,242.97134057113817,0.0218977944388814,1,1,1,1.0,Trend
2021-04-20 00:00:00+09:00,131994.71875,135318.32677607914,131045.11645683453,410030,124730.253515625,110125.37213541666,0.028979145923199095,0.028642677653713495,58.46154780833177,4892.670332584981,4613.201867518105,279.468465066876,-0.007142793340632725,1,1,1,1.0,Trend
2021-04-21 00:00:00+09:00,128671.1015625,131519.90823916052,127721.4993369465,381492,125584.895703125,110608.08658854167,0.029966194861697493,0.02859358109875239,61.290320868444574,4655.115357169998,4621.584565448484,33.530791721514106,-0.02517992552258841,1,1,1,1.0,Trend
2021-04-22 00:00:00+09:00,133419.125,133419.125,129145.91459074733,467517,126629.458984375,111106.62786458334,0.030666699021493896,0.028571337817459155,63.636368169213455,4794.706743444069,4656.2090010476,138.4977423964683,0.036900464671888455,1,1,1,1.0,Trend
2021-04-23 00:00:00+09:00,133893.921875,133893.921875,130570.31388519504,298776,127056.78046875,111660.5625,0.019832931315549994,0.02825847973076819,62.499996786279624,4887.308215670826,4702.428843972246,184.87937169858014,0.0035586867699815006,1,1,1,1.0,Trend
2021-04-26 00:00:00+09:00,142915.140625,143389.94175664452,134843.52138704318,1065089,127840.20234375,112420.24440104167,0.024107396682569095,0.028858495613871046,76.62337773346289,5623.804788319467,4886.70403284169,737.100755477777,0.0673758645924345,1,1,-1,0.5,Trend
2021-04-27 00:00:00+09:00,142440.328125,144339.5325,140541.12375,578259,128576.14375,113238.484765625,0.024190880094668944,0.028187858965295916,80.82189650322414,6098.866293519182,5129.136484977188,969.7298085419943,-0.0033223386824065004,1,1,-1,0.5,Trend
2021-04-28 00:00:00+09:00,141490.734375,147188.3478397651,139591.52988674497,707978,129312.085546875,114108.953515625,0.024169744933717933,0.027421012375186404,77.14285512805053,6325.811660344931,5368.471520050736,957.3401402941945,-0.006666607431335514,1,1,-1,0.5,Trend
2021-04-29 00:00:00+09:00,142915.140625,146238.74854651163,141015.93609842192,636565,130356.6484375,114909.784765625,0.021881374207855787,0.026519964276564605,82.60869046809961,6545.156686657487,5603.808553372087,941.3481332853999,0.010067134475568063,1,1,-1,0.5,Trend
2021-04-30 00:00:00+09:00,145763.953125,153835.5726791531,145289.15197475572,1338154,131401.211328125,115772.340234375,0.02177190985884328,0.026488191072324488,82.3529383297146,6869.675220815101,5856.98188686069,1012.6933339544112,0.019933594771984975,1,1,-1,0.5,Trend
2021-05-03 00:00:00+09:00,145289.140625,153360.7595486111,142915.135059232,746459,132350.81328125,116628.56484375,0.021889156181311705,0.0265017733715298,80.30299743986909,7007.763955886563,6087.138300665864,920.6256552206987,-0.003257406854167977,1,1,-1,0.5,Trend
2021-05-04 00:00:00+09:00,142440.328125,144814.33359375,138167.11828125,705486,133300.415234375,117461.04934895833,0.021682582035045635,0.02657329593385045,73.23940202044173,6808.836879878305,6231.478016508352,577.3588633699528,-0.01960788320272988,1,1,-1,0.5,Trend
2021-05-06 00:00:00+09:00,145289.140625,146713.54396446078,138641.92504084966,588629,134511.158203125,118328.352734375,0.0209126880763394,0.026622901053075052,74.6666371221668,6802.644448477222,6345.711302902127,456.9331455750953,0.02000004168412195,1,1,-1,0.5,Trend
2021-05-07 00:00:00+09:00,146713.546875,150037.15473300972,144339.54126213593,451654,135674.42109375,119182.99479166667,0.020773313246907406,0.026544541935001047,73.9725737155495,6833.897663778625,6443.348575077427,390.54908870119834,0.009803941601364885,1,1,-1,0.5,Trend
2021-05-10 00:00:00+09:00,151461.5625,152885.9659090909,147663.1534090909,594926,137170.044921875,120108.85703125,0.0205751265067189,0.026732976970307357,75.32465062528235,7159.263706664002,6586.531601394742,572.7321052692596,0.032362489532376415,1,1,-1,0.5,Trend
2021-05-11 00:00:00+09:00,152411.15625,155259.9629088785,150511.95181074765,512870,138546.96796875,121050.54583333334,0.02024746974731456,0.02671497091478414,77.92202658064306,7408.344139617926,6750.894109039379,657.4500305785468,0.00626953620658699,1,1,-1,0.5,Trend
2021-05-12 00:00:00+09:00,145763.953125,151461.5669279316,144339.5496742671,750161,139520.310546875,121786.48763020833,0.023628081884274416,0.026735052087768954,71.42857142857143,6988.805834785599,6798.476454188623,190.32938059697517,-0.04361362572498695,1,1,-1,0.5,Trend
2021-05-13 00:00:00+09:00,141490.734375,147663.14896182888,141015.93325293626,700140,140256.25234375,122467.03580729167,0.025029315825401223,0.027061206506416538,60.240945702963145,6239.579674762732,6686.697098303445,-447.1174235407134,-0.02931601852438437,1,1,-1,0.5,Trend
2021-05-14 00:00:00+09:00,141015.9375,144814.3465909091,138167.13068181818,410730,140920.97421875,123163.4109375,0.025101385078966736,0.026961620578755573,59.036137890565364,5543.597266770288,6458.077131996814,-914.4798652265263,-0.0033556746814361604,1,1,-1,0.5,Trend
2021-05-17 00:00:00+09:00,145289.140625,146238.74285130718,141965.53283292483,333311,141680.655859375,123938.91940104167,0.0255505175345672,0.027100297384607872,53.42464765366916,5276.019307325856,6221.665567062623,-945.6462597367672,0.03030297993799458,1,1,-1,0.5,Trend
2021-05-18 00:00:00+09:00,146238.75,146713.55113636365,142440.3409090909,264645,142345.377734375,124714.42799479167,0.02526991881381109,0.027097176562177975,55.40542163129225,5082.005194572237,5993.733492564546,-911.7282979923093,0.006535996915633113,1,1,-1,0.5,Trend
2021-05-20 00:00:00+09:00,138641.921875,144339.53510273973,137692.31967037672,567446,142677.737890625,125379.14947916666,0.028340712262346916,0.028104622634203394,46.59090484136238,4266.070467263024,5648.200887504242,-1382.1304202412184,-0.051948119940850135,1,1,-1,0.5,Trend
2021-05-21 00:00:00+09:00,135793.125,140541.13636363635,133419.11931818182,581739,143033.8390625,125869.77734375,0.02811348765671536,0.026827789952634132,41.758246924411345,3350.934728291235,5188.747655661641,-1837.8129273704062,-0.020547874960709867,1,1,-1,0.5,Trend
2021-05-24 00:00:00+09:00,140541.125,141490.72719594595,135793.11402027027,434147,143389.9390625,126487.01861979166,0.027999034304466205,0.026789799316848186,44.21050917783795,2974.5185826206,4745.901841053433,-1771.383258432833,0.03496495128159105,1,1,-1,0.5,Trend
2021-05-25 00:00:00+09:00,139116.734375,142915.14350469282,137692.33095136518,311674,143651.0796875,127001.38658854166,0.02814262062956187,0.026344122131046855,43.29897501801487,2532.081397749047,4303.137752392556,-1771.0563546435087,-0.010135044991279263,1,1,-1,0.5,Trend
2021-05-26 00:00:00+09:00,139116.734375,141015.9389398464,138167.1320925768,253705,143461.159375,127547.40794270833,0.02387865351126628,0.026193631444935892,46.15386006277936,2156.5869492286292,3873.8275917597707,-1717.2406425311415,0.0,1,1,-1,0.5,Trend
2021-05-27 00:00:00+09:00,135318.328125,139116.73733552633,134368.72582236843,537815,143105.059375,128053.8625,0.024595293128646688,0.026421802679399888,38.70968084376085,1534.8128861516016,3406.024650638137,-1871.2117644865352,-0.02730373356638105,1,1,-1,0.5,Trend
2021-05-28 00:00:00+09:00,135793.125,137692.32954545453,134368.7215909091,318658,142820.17890625,128552.40364583333,0.024610918725981926,0.026414514725954224,37.36262941467266,1068.0527539841423,2938.4302713073384,-1870.3775173231961,0.0035087403279281393,1,1,-1,0.5,Trend
2021-05-31 00:00:00+09:00,135318.328125,137692.33388157896,134843.5269736842,265266,142440.33828125,129098.425,0.024447016162753493,0.026009138668956922,29.2682701696356,652.3104181949748,2481.2063006848657,-1828.895882489891,-0.0034964721152119793,1,1,-1,0.5,Trend
2021-06-01 00:00:00+09:00,141490.734375,143389.93886325503,135318.31978817115,819339,142226.67734375,129763.146484375,0.026218064471069884,0.0264474207818032,37.634398709418534,811.5383127397217,2147.2727030958367,-1335.734390356115,0.04561397066846884,1,1,-1,0.5,Trend
2021-06-02 00:00:00+09:00,141965.546875,142440.34803511706,139116.73991429765,363231,142060.49765625,130372.47473958334,0.026236193493293578,0.026129501480663835,45.00000000000001,964.9179929358652,1910.8017610638424,-945.8837681279772,0.0033557851126957416,1,1,-1,0.5,Trend
2021-06-03 00:00:00+09:00,138167.140625,141965.54998926117,137692.33945446735,377379,141846.83828125,130847.27604166667,0.026558943284478685,0.02604677595708604,45.569634490159096,771.0842752213066,1682.8582638953353,-911.7739886740287,-0.02675583149300642,1,1,-1,0.5,Trend
2021-06-04 00:00:00+09:00,137217.53125,141490.74156574396,136742.7301038062,424752,141443.2578125,131306.25052083333,0.026097613926373626,0.026079243929139562,45.00000000000001,534.6806513683405,1453.2227413899366,-918.5420900215961,-0.0068729031425592835,1,1,-1,0.5,Trend
2021-06-07 00:00:00+09:00,135793.125,138167.13068181818,134843.52272727274,508691,140897.23671875,131749.39830729167,0.025974212318040965,0.026123065527596016,36.48648949128302,229.74306115455693,1208.5268053428606,-978.7837441883037,-0.01038064332614208,1,1,-1,0.5,Trend
2021-06-08 00:00:00+09:00,132944.3125,135793.11919642857,131994.71026785712,479284,139971.37421875,132105.49921875,0.024817836567241392,0.026209489294984307,32.05126474238948,-239.042008798162,919.0130425146561,-1158.0550513128183,-0.02097906282074291,1,1,-1,0.5,Trend
2021-06-09 00:00:00+09:00,131045.109375,135318.31946331522,131045.109375,335196,138903.071875,132358.72643229167,0.02468764781660578,0.025901500331720662,37.878784856882724,-755.1030164956173,584.1898307126014,-1339.2928472082187,-0.014285704211678851,1,1,-1,0.5,Trend
2021-06-10 00:00:00+09:00,131994.71875,133893.92333633095,129620.71301708632,344632,138214.61015625,132635.69388020833,0.0232741687028597,0.025897115507811465,43.5483888089766,-1075.066841426713,252.33849628473854,-1327.4053377114515,0.007246431244393836,1,1,-1,0.5,Trend
2021-06-11 00:00:00+09:00,132944.3125,134368.71584821428,131045.10803571428,294506,137787.2890625,132975.96809895834,0.022660336238795323,0.02565539339582143,35.18518969938668,-1237.7482074960426,-45.678844471417676,-1192.0693630246249,0.007194179880776419,1,1,-1,0.5,Trend
2021-06-14 00:00:00+09:00,131519.90625,134368.71288357401,131045.10514440433,225098,137312.4875,133292.50221354168,0.02272507060291494,0.025712796276959562,35.18516825693989,-1464.7275745589868,-329.4885904889315,-1135.2389840700553,-0.010714307541362489,1,1,-1,0.5,Trend
2021-06-15 00:00:00+09:00,129620.703125,131519.90756639195,129145.902014652,307629,136529.065625,133585.29635416667,0.021428514348822498,0.025793602321979147,32.758606994079884,-1777.3717430606193,-619.065221003269,-1158.3065220573503,-0.01444042334846174,1,1,-1,0.5,Trend
2021-06-16 00:00:00+09:00,130570.3046875,132944.3102272727,130095.50357954545,282328,135745.643359375,133909.74388020832,0.021452767625268293,0.02576070295044058,40.384592869549095,-1926.314237692277,-880.5150243410706,-1045.7992133512064,0.007326002248145835,1,1,-1,0.5,Trend
2021-06-17 00:00:00+09:00,127246.703125,130095.5099113806,126771.90199393657,396245,135175.882421875,134194.624609375,0.01897032831714064,0.025983042047066474,34.48275764243428,-2286.1853853359644,-1161.6490965400494,-1124.536288795915,-0.02545449802276656,1,1,-1,0.5,Trend
2021-06-18 00:00:00+09:00,125822.296875,127246.70023584906,124397.89351415094,568958,134677.341015625,134432.02526041667,0.018652307029003362,0.026005169589207126,33.33332419208254,-2655.710168984602,-1460.4613110289602,-1195.248857955642,-0.011194052301698898,1,1,-1,0.5,Trend
2021-06-21 00:00:00+09:00,129145.90625,130570.30962775736,123923.09386488971,561314,134107.580078125,134708.99270833333,0.01783283966964352,0.026178063180946155,25.9259473683569,-2649.8281528234365,-1698.3346793878554,-951.4934734355811,0.026415106523622667,-1,1,-1,-0.19999999999999996,MeanReversion
2021-06-22 00:00:00+09:00,128196.3046875,131994.7137152778,127721.50355902778,326633,133561.55859375,134756.47291666668,0.017794481141681508,0.022229312518319784,23.636353845403633,-2690.773955371551,-1896.8225345845947,-793.9514207869563,-0.007352935838800589,-1,1,-1,-0.19999999999999996,MeanReversion
2021-06-23 00:00:00+09:00,124872.6953125,128196.30317252851,124872.6953125,350877,132849.356640625,134716.90611979167,0.018434792358765145,0.022406403790385464,24.07405996720729,-2957.321141637207,-2108.922255995117,-848.3988856420897,-0.025925937437134783,-1,1,-1,-0.19999999999999996,MeanReversion
2021-06-24 00:00:00+09:00,125822.296875,128196.30247641509,124872.69463443395,301969,132374.555078125,134685.252734375,0.017868990700902334,0.02242367890161483,27.777767620830602,-3056.7010502027406,-2298.478014836642,-758.2230353660984,0.0076045572662908345,-1,1,-1,-0.19999999999999996,MeanReversion
2021-06-25 00:00:00+09:00,127246.703125,130570.31104244404,125822.2997318097,399997,131947.233984375,134693.16614583333,0.018114528583592006,0.022451832026611284,33.33333333333333,-2986.1007529227354,-2436.002562453861,-550.0981904688742,0.011320777679135086,-1,1,-1,-0.19999999999999996,MeanReversion
2021-06-28 00:00:00+09:00,129145.90625,129620.70737591913,126297.0994944853,218692,131638.612890625,134811.86653645834,0.018558728839159978,0.021959107379867608,42.307697175816294,-2745.2541082968237,-2497.8528716224537,-247.40123667437,0.014925362137943488,-1,1,-1,-0.19999999999999996,MeanReversion
2021-06-29 00:00:00+09:00,127721.5,130095.50557620819,127721.5,195230,130950.151171875,134859.34661458334,0.014977960545970056,0.021818007483385606,43.13725237151,-2638.8994966007886,-2526.0621966181207,-112.8372999826679,-0.011029434004997785,-1,1,-1,-0.19999999999999996,MeanReversion
2021-06-30 00:00:00+09:00,127246.703125,128671.10651819031,126771.90199393657,170170,130214.208984375,134875.17330729167,0.014850413786970225,0.021776316676511708,39.99998683658876,-2563.3758393278113,-2533.524925160059,-29.850914167752308,-0.0037174389198373348,-1,1,-1,-0.19999999999999996,MeanReversion
2021-07-01 00:00:00+09:00,125347.4921875,127246.69661458333,124872.69108072916,281991,129573.2265625,134906.82669270833,0.014152813994856454,0.021660300334195567,34.61538339835401,-2626.4966289079166,-2552.1192659096305,-74.37736299828612,-0.014925423534426052,-1,1,-1,-0.19999999999999996,MeanReversion
2021-07-02 00:00:00+09:00,128671.1015625,130570.306013607,125822.29488583948,399500,129145.905078125,135033.44036458334,0.01574524852412787,0.021757874930716965,44.64286186506041,-2380.88742126945,-2517.8728969815947,136.98547571214476,0.026515164499888,-1,1,-1,-0.19999999999999996,MeanReversion
2021-07-05 00:00:00+09:00,126297.1015625,129620.70949835527,125822.3004288064,227778,128671.10390625,135080.92057291666,0.016046394907392233,0.02176674624931656,43.85966077094259,-2350.704852079536,-2484.4392880011833,133.73443592164722,-0.018450141260715536,-1,1,-1,-0.19999999999999996,MeanReversion
2021-07-06 00:00:00+09:00,126297.1015625,127721.50496358084,125822.3004288064,301846,128338.743359375,135160.05416666667,0.01551560097530755,0.021666777944976394,41.81819541674145,-2300.268880753196,-2447.605206551586,147.33632579839013,0.0,-1,1,-1,-0.19999999999999996,MeanReversion
2021-07-07 00:00:00+09:00,122498.6875,125347.49418604652,122498.6875,486800,127911.422265625,135120.48736979166,0.01654902703729616,0.021753860208565207,41.07142437391578,-2537.547017825127,-2465.5935688062946,-71.95344901883254,-0.03007522750330338,-1,1,-1,-0.19999999999999996,MeanReversion
2021-07-08 00:00:00+09:00,119649.8828125,123448.29179067462,118700.28056795636,573496,127294.18046875,135009.700390625,0.01693706398328258,0.021902345169665476,38.98305462895797,-2921.7858522224997,-2556.8320254895357,-364.953826732964,-0.023255797638648157,-1,1,-1,-0.19999999999999996,MeanReversion
2021-07-09 00:00:00+09:00,118225.4765625,119649.87989457832,115376.66989834337,564444,126558.238671875,134867.26002604168,0.016758581368508718,0.021939798543837596,29.09090854696686,-3303.15881817801,-2706.097384027231,-597.061434150779,-0.011904786001605605,-1,1,-1,-0.19999999999999996,MeanReversion
2021-07-12 00:00:00+09:00,120599.484375,122023.88773375985,119175.08101624016,257881,126012.217578125,134748.559765625,0.01766363847470111,0.02208068038655388,36.20689801910679,-3374.9329253434116,-2839.8644922904673,-535.0684330529443,0.020080340393002993,-1,1,-1,-0.19999999999999996,MeanReversion
2021-07-13 00:00:00+09:00,121074.28125,122973.4856617647,121074.28125,195270,125584.896484375,134598.20598958334,0.01758441364296199,0.02194402985753126,42.30768378847804,-3354.8298919220833,-2942.8575722167907,-411.97231970529265,0.003936972678288075,-1,1,-1,-0.19999999999999996,MeanReversion
2021-07-14 00:00:00+09:00,121074.28125,121549.08235294117,118700.27573529411,218115,125110.0953125,134400.37213541666,0.017425464560768097,0.021738802471453763,39.999993418298715,-3300.847972382049,-3014.4556522498424,-286.3923201322068,0.0,-1,1,-1,-0.19999999999999996,MeanReversion
2021-07-15 00:00:00+09:00,121074.28125,124397.88897058823,120599.48014705881,254139,124801.47421875,134218.36484375,0.016647932713000666,0.02172714521286204,36.170198613361414,-3220.937944567122,-3055.7521107132984,-165.18583385382362,0.0,-1,1,-1,-0.19999999999999996,MeanReversion
2021-07-16 00:00:00+09:00,119649.8828125,120599.48505704365,117750.6783234127,224064,124492.853515625,134068.01119791667,0.016664431229550414,0.021541436307186856,28.26086723238312,-3235.251753178585,-3091.652039206356,-143.59971397222898,-0.01176466564818035,-1,1,-1,-0.19999999999999996,MeanReversion
2021-07-19 00:00:00+09:00,116801.078125,119175.08377794716,116326.27699441057,288599,123875.612109375,133791.04375,0.01589286968338802,0.021168719617581683,26.530615671441325,-3436.8523845331074,-3160.6921082717067,-276.16027626140067,-0.023809506708537986,-1,1,-1,-0.19999999999999996,MeanReversion
2021-07-20 00:00:00+09:00,116326.2734375,116801.07455357142,114427.06897321428,264781,123282.110546875,133498.249609375,0.015884261448382567,0.021156381876017812,26.530606762430423,-3593.511345599676,-3247.255955737301,-346.25538986237507,-0.004065071103126816,-1,1,-1,-0.19999999999999996,MeanReversion
2021-07-21 00:00:00+09:00,121549.0859375,122973.48928833008,116801.0747680664,580847,123115.930078125,133142.14869791668,0.01845112070553623,0.020159561425514953,42.857147054658114,-3258.6635362290253,-3249.537471835646,-9.126064393379238,0.0448979611025373,-1,1,-1,-0.19999999999999996,MeanReversion
2021-07-22 00:00:00+09:00,122023.8828125,126297.0927164397,121074.28061162452,571328,122926.009375,132801.874609375,0.018375676048489928,0.020177319004535687,35.99998815292989,-2921.3070854545513,-3183.8913945594277,262.5843091048764,0.003906215100985211,-1,1,-1,-0.19999999999999996,MeanReversion
2021-07-23 00:00:00+09:00,125347.4921875,125347.4921875,122498.685546875,348043,122831.048828125,132532.82057291668,0.019258293466666257,0.020523672791672404,48.07690847255113,-2358.573994842576,-3018.8279146160576,660.2539197734814,0.02723736778731256,-1,1,1,0.30000000000000004,Trend
2021-07-26 00:00:00+09:00,124397.890625,127246.69728053435,123923.08951574429,201672,122593.648046875,132224.19973958333,0.018954588762354133,0.020474543163245602,46.296283317970946,-1966.5596012595051,-2808.3742519447474,841.8146506852422,-0.007575752381862921,-1,1,1,0.30000000000000004,Trend
2021-07-27 00:00:00+09:00,123448.2890625,126297.09573317308,122973.48795072116,162922,122379.9875,131852.27200520833,0.018882211542115973,0.020279029682566875,52.08333261917258,-1712.7665730817826,-2589.2527161721546,876.486143090372,-0.007633582512766135,-1,1,1,0.30000000000000004,Trend
2021-07-28 00:00:00+09:00,126297.1015625,126771.90269619362,122973.49362664475,325027,122332.507421875,131535.73802083332,0.019649503514849623,0.02054596982953561,64.58334047493844,-1267.1514760982827,-2324.8324681573804,1057.6809920590977,0.02307697029772271,-1,1,1,0.30000000000000004,Trend
2021-07-29 00:00:00+09:00,128196.3046875,128671.10581597222,126297.1001736111,310567,122474.948046875,131298.33763020832,0.019614905891736336,0.020534704806414682,71.42858582005351,-752.0789830075373,-2010.281771127412,1258.2027881198746,0.015037582822596596,-1,1,-1,-0.19999999999999996,MeanReversion
2021-07-30 00:00:00+09:00,123923.0859375,128196.29579741378,122973.48374640803,288294,122237.547265625,130942.23671875,0.020169258320861225,0.020748398670321307,56.603760697983354,-680.8450042839395,-1744.3944177587177,1063.5494134747782,-0.033333400369196964,-1,1,1,0.30000000000000004,Trend
2021-08-02 00:00:00+09:00,123448.2890625,125347.49350961538,122023.88572716346,178527,122095.106640625,130554.482421875,0.019790716667727908,0.020684742812708705,54.71698523245984,-655.1515237536514,-1526.5458389577045,871.3943152040531,-0.0038313835667347362,-1,1,1,0.30000000000000004,Trend
2021-08-03 00:00:00+09:00,122973.484375,123448.28547297297,120599.47888513513,239720,121928.92578125,130079.68111979167,0.019797783886381946,0.020176073680074874,53.70370031805464,-665.4313471415662,-1354.322940594477,688.8915934529107,-0.00384618281148974,-1,1,1,0.30000000000000004,Trend
2021-08-04 00:00:00+09:00,125822.296875,126297.09799528301,121074.2856721698,201751,122095.10625,129636.53346354167,0.019247445903836837,0.02042507053018719,58.33333790395873,-438.64637860341463,-1171.1876281962643,732.5412495928497,0.02316607124274639,-1,1,1,0.30000000000000004,Trend
2021-08-05 00:00:00+09:00,123448.2890625,126297.09573317308,122973.48795072116,213092,122285.0265625,129264.60572916667,0.018966683412067916,0.0198043252107789,56.45160434222287,-445.34656916637323,-1026.019416390286,580.6728472239129,-0.018867942101378876,-1,1,1,0.30000000000000004,Trend
2021-08-06 00:00:00+09:00,123448.2890625,124397.8912860577,122498.6868389423,150568,122546.1671875,128963.89830729166,0.01870397733888203,0.0194871522321017,62.49998163588695,-445.52083163973293,-909.9196994401755,464.39886780044253,0.0,-1,1,1,0.30000000000000004,Trend
2021-08-09 00:00:00+09:00,118700.28125,122973.491375,117750.679,440112,122451.20703125,128591.970703125,0.020353154618423398,0.020062476301392823,53.84615579340246,-819.3386595702614,-891.8034914661928,72.46483189593141,-0.038461511686858296,-1,1,1,0.30000000000000004,Trend
2021-08-10 00:00:00+09:00,118225.4765625,119175.07878388555,115851.47100903615,241783,122308.766796875,128140.90963541667,0.020333590970384847,0.01959721122401841,43.63636472424776,-1140.7548398910876,-941.5937611511717,-199.16107873991587,-0.0040000300125657695,-1,1,-1,-0.19999999999999996,MeanReversion
2021-08-11 00:00:00+09:00,114901.875,119175.08522727272,114427.07386363637,516220,122000.146484375,127618.62838541667,0.02122585746807192,0.019816324622064282,37.70493970057043,-1644.7071874086541,-1082.2164464026682,-562.4907410059859,-0.028112397252575083,-1,1,-1,-0.19999999999999996,MeanReversion
2021-08-12 00:00:00+09:00,113952.265625,116326.27115885416,113002.66341145833,476655,121644.045703125,127207.13411458333,0.02125311946296457,0.018739918427184952,28.571445361474787,-2096.550860678428,-1285.0833292578202,-811.4675314206077,-0.008264524621552138,-1,1,-1,-0.19999999999999996,MeanReversion
2021-08-13 00:00:00+09:00,113002.65625,116801.06486344538,112053.05409663866,351432,121311.684375,126827.29296875,0.021191600020844612,0.018611695959554236,28.571436966449212,-2502.4194339162495,-1528.550550189506,-973.8688837267434,-0.008333396179458386,-1,1,-1,-0.19999999999999996,MeanReversion
2021-08-17 00:00:00+09:00,109679.0625,114427.07386363637,108254.65909090909,366937,120955.58359375,126312.92526041667,0.02153154655132524,0.018266091029162122,26.22953030670452,-3057.0200176904327,-1834.2444436896917,-1222.775574000741,-0.029411642701982932,-1,1,-1,-0.19999999999999996,MeanReversion
2021-08-18 00:00:00+09:00,110628.6640625,112053.06746244636,108254.65839592274,257123,120670.703125,125838.12408854166,0.021689281478220118,0.018321722436386374,21.052639175555342,-3380.9466180241725,-2143.5848785565877,-1237.3617394675848,0.00865800218250401,-1,1,-1,-0.19999999999999996,MeanReversion
2021-08-19 00:00:00+09:00,104931.0546875,109679.06621182126,104931.0546875,472104,119839.8015625,125268.36276041667,0.0215827059172326,0.019376219219326443,12.307706717335634,-4050.7161083936226,-2525.011124523995,-1525.7049838696275,-0.0515021077338611,-1,1,-1,-0.19999999999999996,MeanReversion
2021-08-20 00:00:00+09:00,103981.4453125,107779.8542736872,103506.6441923516,424122,118937.6796875,124746.08138020833,0.02142120836900104,0.01914977694704373,13.793120078617292,-4605.05459249056,-2941.019818117308,-1664.0347743732518,-0.009049841134524672,-1,1,-1,-0.19999999999999996,MeanReversion
2021-08-23 00:00:00+09:00,109679.0625,110628.66477272726,104456.25,413872,118154.258203125,124310.84700520833,0.02431230019590367,0.020529392224873495,28.985523835414554,-4532.37534322188,-3259.2909231382228,-1273.0844200836573,0.05479455657090271,-1,1,-1,-0.19999999999999996,MeanReversion
2021-08-24 00:00:00+09:00,113477.46875,113952.26987447699,110153.86087866109,427675,117608.237109375,123946.83268229167,0.02595683083563008,0.02109565157931415,36.84211665807149,-4120.775144014537,-3431.587767313486,-689.1873767010507,0.03463200873001626,-1,1,-1,-0.19999999999999996,MeanReversion
2021-08-25 00:00:00+09:00,112527.859375,116326.26813027426,110628.65499736287,435651,117062.215625,123464.11809895834,0.025961967047275377,0.020160285616557864,30.555550477081965,-3827.0882697750203,-3510.687867805793,-316.40040196922746,-0.008368263633832584,-1,1,-1,-0.19999999999999996,MeanReversion
2021-08-26 00:00:00+09:00,111103.453125,113002.65745192308,109679.04987980769,257646,116302.533203125,122949.74986979166,0.025189507738201184,0.020170335248429344,31.428565384151597,-3667.0060233506083,-3541.9514989147565,-125.05452443585182,-0.01265825421288036,-1,1,-1,-0.19999999999999996,MeanReversion
2021-08-27 00:00:00+09:00,111578.2578125,112527.86000664895,110153.8545212766,206654,115471.630859375,122506.60182291667,0.024824427636820006,0.019968788650720822,32.39436717640859,-3461.9200600739277,-3525.945211146591,64.02515107266345,0.004273536727664062,-1,1,-1,-0.19999999999999996,MeanReversion
2021-08-30 00:00:00+09:00,111578.2578125,113477.46220079788,110153.8545212766,250312,114854.389453125,122079.28059895833,0.024031431519851477,0.019969119450760416,37.704912726390916,-3261.788093859155,-3473.1137876891044,211.32569382994916,0.0,-1,1,-1,-0.19999999999999996,MeanReversion
2021-08-31 00:00:00+09:00,112527.859375,112527.859375,110153.85390295359,321123,114308.36796875,121691.526171875,0.024226341450813503,0.020006154314704892,40.32257764880947,-2992.0664789460716,-3376.904325940498,384.8378469944264,0.008510632636832716,-1,1,-1,-0.19999999999999996,MeanReversion
2021-09-01 00:00:00+09:00,108254.65625,112053.06524122806,107305.05400219298,705091,113572.4265625,121280.03190104167,0.025393435461536273,0.020398149247786705,39.06249839313941,-3087.530802259789,-3319.0296212043563,231.49881894456712,-0.03797462378413785,-1,1,-1,-0.19999999999999996,MeanReversion
2021-09-02 00:00:00+09:00,108254.65625,109204.25849780701,106830.25287828947,428763,112694.04453125,120900.191015625,0.024504596112509457,0.020351585500688885,40.32258835006802,-3127.1392515539046,-3280.651547274266,153.51229572036118,0.0,-1,1,-1,-0.19999999999999996,MeanReversion
2021-09-03 00:00:00+09:00,107779.859375,108729.46166024229,106355.45594713656,488582,111910.623046875,120496.61002604167,0.024360379371137414,0.020306131081949633,40.98363043617823,-3160.410132037272,-3256.6032642268674,96.19313218959542,-0.004385925663128232,-1,1,-1,-0.19999999999999996,MeanReversion
2021-09-06 00:00:00+09:00,108254.65625,109679.05962171052,107305.05400219298,326789,111150.94140625,120085.11575520833,0.024444513279667793,0.020284866458050468,47.272721833303414,-3112.5854571221134,-3227.7997028059167,115.21424568380326,0.004405246747892333,-1,1,1,0.30000000000000004,Trend
2021-09-07 00:00:00+09:00,110628.6640625,111578.2663291309,109204.26066255364,443029,110747.360546875,119736.92838541667,0.02395166029813114,0.020517198944379877,50.0,-2850.2653825347516,-3152.2928387516836,302.027456216932,0.021929844819030597,-1,1,1,0.30000000000000004,Trend
2021-09-08 00:00:00+09:00,107779.859375,111578.26851596916,107779.859375,321280,110225.0796875,119372.91432291667,0.02447837620271686,0.0206818614848724,55.76922529259302,-2839.517374581308,-3089.7377459176087,250.22037133630056,-0.02575105386693055,-1,1,1,0.30000000000000004,Trend
2021-09-09 00:00:00+09:00,103031.84375,107779.8549827189,103031.84375,571202,109631.578125,118913.93997395833,0.02558228163574797,0.0213308915657888,48.33333470452133,-3177.496479465859,-3107.2894926272593,-70.20698683859973,-0.04405290239320281,-1,1,-1,-0.19999999999999996,MeanReversion
2021-09-10 00:00:00+09:00,108254.65625,108729.45737390351,103031.8438870614,337682,109346.69765625,118597.405859375,0.028352862082176765,0.02221825868320415,47.457621919079635,-2989.4495219883393,-3083.7214984994757,94.27197651113647,0.05069124563734695,-1,1,1,0.30000000000000004,Trend
2021-09-13 00:00:00+09:00,108729.4609375,109679.06321643014,106830.25637963974,253520,109133.037890625,118312.52526041666,0.02835877816737537,0.022207801347792006,40.38462451234496,-2770.17532642062,-3021.012264083705,250.83693766308488,0.004385997830924637,-1,1,-1,-0.19999999999999996,MeanReversion
2021-09-14 00:00:00+09:00,112527.859375,113952.26265822785,109679.05280854431,499195,109275.477734375,118035.5578125,0.02866275591705493,0.02241232602493698,50.0,-2263.804211500945,-2869.570653567153,605.7664420662081,0.03493439960751199,-1,1,1,0.30000000000000004,Trend
2021-09-15 00:00:00+09:00,111578.2578125,113002.66110372341,109679.05342420214,233150,109322.957421875,117758.59036458333,0.0286872830846762,0.022416979443041395,50.87720007262971,-1917.028058512573,-2679.062134556237,762.0340760436643,-0.008438812999502998,-1,1,1,0.30000000000000004,Trend
2021-09-16 00:00:00+09:00,112527.859375,113477.46156381856,110628.65499736287,321544,109702.79765625,117552.84309895833,0.025824909551393844,0.022235724341849256,51.72413793103448,-1547.7391751625837,-2452.7975426775065,905.0583675149228,0.008510632636832716,-1,1,1,0.30000000000000004,Trend
2021-09-17 00:00:00+09:00,100183.0390625,113002.66965343602,98758.63566350711,1935479,109512.87734375,117125.52213541667,0.03718154116786749,0.02665914206604752,35.71428571428572,-2225.5442154135817,-2407.3468772247215,181.80266181113984,-0.10970456899353953,-1,-1,-1,-1.0,Defensive
2021-09-23 00:00:00+09:00,95909.828125,98283.83377165842,94865.2656404703,715464,108824.415625,116603.24088541667,0.03590237753831651,0.02707132426586559,30.769227987444125,-3072.1086469160655,-2540.2992311629905,-531.809415753075,-0.04265403582770255,-1,-1,-1,-1.0,Defensive
2021-09-24 00:00:00+09:00,96859.4296875,97809.03193933824,94960.22518382354,396061,107993.513671875,116065.13294270834,0.03484911911937326,0.027018179927464223,35.71427871842421,-3624.6099014047213,-2757.161365211337,-867.4485361933844,0.009900982840490347,-1,1,-1,-0.19999999999999996,MeanReversion
2021-09-27 00:00:00+09:00,97334.2265625,98283.82877286586,95909.82324695121,208705,107233.83203125,115558.67838541667,0.034965931570979936,0.02703382595054369,36.470575026331666,-3978.2996247060364,-3001.389017110277,-976.9106075957593,0.004901916896804526,-1,1,-1,-0.19999999999999996,MeanReversion
2021-09-28 00:00:00+09:00,96384.625,99233.4316502463,95909.82389162561,254971,106497.890625,115044.31041666666,0.03494784701938493,0.027042153814175227,36.04649516474165,-4285.821901512405,-3258.275593990703,-1027.5463075217021,-0.00975609090488061,-1,1,-1,-0.19999999999999996,MeanReversion
2021-09-29 00:00:00+09:00,96384.625,96859.42610837438,94485.42056650246,373727,105738.208984375,114561.59596354167,0.0348877821898806,0.027013725427804454,35.294107398727874,-4477.916883038619,-3502.2038518002864,-975.7130312383324,0.0,-1,1,-1,-0.19999999999999996,MeanReversion
2021-09-30 00:00:00+09:00,96859.4296875,97334.23081341913,94960.22518382354,270816,105002.267578125,114031.40143229166,0.03495927083974226,0.026744346443617385,32.09875565132886,-4539.512099954722,-3709.6655014311737,-829.846598523548,0.004926145508165947,-1,-1,-1,-1.0,Defensive
2021-10-01 00:00:00+09:00,92111.4140625,96384.62399323453,91826.53340045104,529603,103981.4453125,113461.63997395833,0.03603498434531795,0.02732838646171087,30.5882204909758,-4914.797210359582,-3950.6918432168554,-964.1053671427267,-0.04901965291679544,-1,-1,-1,-1.0,Defensive
2021-10-05 00:00:00+09:00,91541.65625,94485.4232040975,90687.01423106846,355429,103145.7953125,112882.38255208333,0.035399657086442084,0.027319880719921304,34.120726803480366,-5198.265686912011,-4200.206611955887,-998.0590749561243,-0.006185528886934688,-1,1,-1,-0.19999999999999996,MeanReversion
2021-10-06 00:00:00+09:00,89547.4921875,93061.02051299046,89452.53196248676,303277,102210.437109375,112333.19596354167,0.03546761476361092,0.027208825651715215,21.61381741122223,-5520.195493334424,-4464.204388231594,-1055.9911051028303,-0.021784225282683756,-1,-1,-1,-1.0,Defensive
2021-10-07 00:00:00+09:00,92111.4140625,92681.17538659794,89927.32898679124,216900,101427.01484375,111874.221484375,0.03645070035079794,0.027438089746129282,26.287234474237025,-5504.982109553312,-4672.359932495938,-832.6221770573738,0.028631978544206405,-1,-1,-1,-1.0,Defensive
2021-10-08 00:00:00+09:00,89072.6953125,92016.46242837154,88977.73508295575,308328,100467.916796875,111388.341796875,0.03676556050932246,0.027679816277503842,15.78946648741693,-5672.732867450686,-4872.434519486887,-800.2983479637987,-0.032989600484671255,-1,-1,-1,-1.0,Defensive
2021-10-12 00:00:00+09:00,88882.765625,90971.89045806623,87743.24298878205,301784,99380.621875,110859.72981770833,0.03607251274671255,0.027493476162979362,16.147296897625353,-5754.666081701333,-5048.880831929777,-705.7852497715558,-0.0021322997674388944,-1,-1,-1,-1.0,Defensive
2021-10-13 00:00:00+09:00,90876.9375,91541.65909090909,88977.73295454546,194829,98535.47578125,110356.44075520833,0.03661682858513829,0.027695260716278827,18.681326629276924,-5594.199292789999,-5157.944524101822,-436.25476868817714,0.022435979134734607,-1,-1,-1,-1.0,Defensive
2021-10-14 00:00:00+09:00,91161.8125,92966.05670572916,90592.05117187499,227060,97941.97421875,109857.899609375,0.03565990081796309,0.02770736440178534,29.95779169948551,-5382.000819508583,-5202.755783183175,-179.24503632540836,0.003134733716131155,-1,1,-1,-0.19999999999999996,MeanReversion
2021-10-15 00:00:00+09:00,92396.3046875,94295.5093059481,91446.70237827595,245833,97149.056640625,109379.93333333333,0.033553830174066324,0.02780053862881954,40.9756248301901,-5055.937102470343,-5173.392047040608,117.45494457026507,0.013541768791619946,-1,1,-1,-0.19999999999999996,MeanReversion
2021-10-18 00:00:00+09:00,90971.8984375,92871.10299778184,90212.21661338727,203395,96261.178515625,108901.96692708334,0.0334650745910335,0.027821180322284592,35.23810867013617,-4856.484408466349,-5110.010519325757,253.5261108594077,-0.015416268592316373,-1,1,-1,-0.19999999999999996,MeanReversion
2021-10-19 00:00:00+09:00,92016.4609375,93250.94390157379,91256.77911345458,190502,95235.60859375,108488.88997395833,0.032277231657449154,0.02777637254772553,37.03706242939338,-4561.546578024863,-5000.317731065578,438.77115304071503,0.011482254607642739,-1,1,-1,-0.19999999999999996,MeanReversion
2021-10-20 00:00:00+09:00,91541.65625,92681.17894190871,91351.73580134855,151627,94233.778515625,108075.81302083333,0.03229421158856532,0.027776801527472757,37.914709313569524,-4316.36265086387,-4863.526715025237,547.1640641613667,-0.005159997272906391,-1,1,-1,-0.19999999999999996,MeanReversion
2021-10-21 00:00:00+09:00,92396.3046875,94010.62861318089,91826.54330196558,221101,93227.20078125,107589.93333333333,0.032319218625102765,0.027116325496669227,40.45457826103378,-4006.900580143847,-4692.201488048959,685.3009079051117,0.009336169701430252,-1,1,-1,-0.19999999999999996,MeanReversion
2021-10-22 00:00:00+09:00,91731.578125,92111.41902820911,90687.01564117495,164499,92804.627734375,107085.06158854166,0.020454931199543808,0.02709545153922495,37.83785386339203,-3771.808477526807,-4508.122885944528,736.3144084177211,-0.007194298135063115,-1,1,-1,-0.19999999999999996,MeanReversion
2021-10-25 00:00:00+09:00,96384.625,97334.22721674877,92111.41502463054,452678,92828.367578125,106602.34713541667,0.021624754423726775,0.02769331753230295,60.180989242572416,-3173.452709350764,-4241.188850625776,1067.7361412750115,0.050724592011917924,-1,1,1,0.30000000000000004,Trend
2021-10-26 00:00:00+09:00,98758.6328125,99233.43393179086,95909.82609675481,294613,92923.327734375,106175.026171875,0.022198056986231656,0.02793612525885552,65.83331647916259,-2479.1112112430274,-3888.7733227492263,1409.662111506199,0.02463056542991171,-1,1,1,0.30000000000000004,Trend
2021-10-27 00:00:00+09:00,99233.4296875,103031.83847936602,98283.82748953349,639080,93018.287890625,105771.44518229166,0.02219719517535248,0.027953577940380194,72.7678240218724,-1868.9839482099778,-3484.8154478413767,1615.8314996313989,0.004807649331288744,-1,1,-1,-0.19999999999999996,MeanReversion
2021-10-28 00:00:00+09:00,96859.4296875,101607.44094669117,96384.62856158089,418310,93042.028125,105280.81731770834,0.02279111925128285,0.027858423689255743,61.26126226285877,-1559.0439677913819,-3099.6611518313775,1540.6171840399957,-0.023923389602436007,-1,1,1,0.30000000000000004,Trend
2021-10-29 00:00:00+09:00,97809.03125,100657.8379854369,96859.42900485436,384656,93113.2484375,104774.36276041667,0.02288977783553617,0.027805513616382557,72.99995680763148,-1222.6949243831768,-2724.2679063417377,1501.5729819585608,0.00980391445173412,-1,1,-1,-0.19999999999999996,MeanReversion
2021-11-01 00:00:00+09:00,99233.4296875,102557.03738038277,98283.82748953349,424178,93231.9484375,104362.86848958333,0.02308021239007304,0.027639477600707937,75.58683922770092,-831.6125230020116,-2345.7368296737923,1514.1243066717807,0.014563056389539586,-1,1,-1,-0.19999999999999996,MeanReversion
2021-11-02 00:00:00+09:00,98283.828125,100657.83363526569,98283.828125,283209,93540.569140625,103943.46080729166,0.01987645962814324,0.027650017289048853,69.3069093207651,-591.4835579825594,-1994.8861753355457,1403.4026173529862,-0.009569371586676256,-1,1,1,0.30000000000000004,Trend
2021-11-03 00:00:00+09:00,97334.2265625,99708.23208841463,96859.42545731708,279705,93830.19765625,103516.13984375,0.019979298695671062,0.027660542447392456,65.55023132393342,-472.3594672068284,-1690.3808337098023,1218.021366502974,-0.009661829220696139,-1,1,1,0.30000000000000004,Trend
2021-11-04 00:00:00+09:00,96859.4296875,99708.23644301471,95435.02630974265,268096,94195.79453125,103033.425390625,0.01919878075931066,0.02743595602976208,61.69153088489548,-411.52114717219956,-1434.608896402282,1023.0877492300824,-0.004878005320103185,-1,1,1,0.30000000000000004,Trend
2021-11-05 00:00:00+09:00,97334.2265625,97334.2265625,94675.34037347561,191994,94456.93515625,102598.191015625,0.01833349562440653,0.027392762988253466,67.53925979912009,-321.2905628468143,-1211.9452296911884,890.6546668443741,0.004901916896804526,-1,1,1,0.30000000000000004,Trend
2021-11-08 00:00:00+09:00,97334.2265625,98283.82877286586,94960.22103658537,179616,94870.01171875,102162.956640625,0.016253920706340446,0.027392762988253466,65.55554641429472,-246.93565418336948,-1018.9433145896247,772.0076604062552,0.0,-1,1,1,0.30000000000000004,Trend
2021-11-09 00:00:00+09:00,95909.828125,100657.83941831683,95435.02699566832,241569,95221.36484375,101783.11575520833,0.01675876098345107,0.02703872203088256,62.10528138978016,-299.4935281173239,-875.0533572951647,575.5598291778408,-0.014634096224983795,-1,1,1,0.30000000000000004,Trend
2021-11-10 00:00:00+09:00,94105.578125,96384.6234075429,94010.61790489405,246424,95382.796875,101381.11744791667,0.016910240192514397,0.027112083017032343,54.49997716969172,-481.18709284487704,-796.2801044051072,315.09301156023014,-0.018811940707979424,-1,1,1,0.30000000000000004,Trend
2021-11-11 00:00:00+09:00,94010.625,95909.82954545454,92586.22159090909,221533,95525.2375,101032.92994791667,0.016917735503307087,0.026919005904410463,56.18558231214971,-625.6305954907439,-762.1502026222346,136.51960713149072,-0.0010090063404517569,-1,1,1,0.30000000000000004,Trend
2021-11-12 00:00:00+09:00,96384.625,97809.02832512314,94010.61945812807,179834,95724.653515625,100740.1359375,0.017527509249169022,0.027156274841981357,50.0,-542.289971119375,-718.1781563216628,175.8881852022878,0.02525246481448251,-1,1,1,0.30000000000000004,Trend
2021-11-15 00:00:00+09:00,97334.2265625,97809.02766768292,95909.82324695121,124268,96042.769921875,100478.99544270833,0.017095097028990845,0.027194322594820294,45.16126806390213,-395.0629758583964,-653.5551202290095,258.4921443706131,0.009852209960872882,-1,1,1,0.30000000000000004,Trend
2021-11-16 00:00:00+09:00,95909.828125,97334.23151299504,95435.02699566832,122875,96237.43828125,100249.508203125,0.017444972630846097,0.027005917834369723,39.39393335012004,-388.8392740059644,-600.6119509844006,211.77267697843615,-0.014634096224983795,-1,1,-1,-0.19999999999999996,MeanReversion
2021-11-17 00:00:00+09:00,93630.78125,96859.42887931035,93535.82102560851,193430,96341.89453125,99966.21015625,0.01834497890195618,0.02711245519469208,39.634122788139464,-561.3362466400285,-592.7568101155262,31.4205634754976,-0.02376239139986469,-1,1,-1,-0.19999999999999996,MeanReversion
2021-11-18 00:00:00+09:00,91731.578125,93630.78264104555,91446.69744759316,215728,96308.658203125,99746.21888020834,0.018849354056467586,0.026411580872477653,31.60916333719473,-841.5898363488814,-642.5234153621973,-199.06642098668408,-0.02028396110387043,-1,1,-1,-0.19999999999999996,MeanReversion
2021-11-19 00:00:00+09:00,91921.5,92966.0625,90971.89772727272,183870,96318.154296875,99545.21979166666,0.01878577645760007,0.026401812751288598,26.086940969484445,-1036.4205067891598,-721.3028336475899,-315.11767314157,0.0020704088917036234,-1,1,-1,-0.19999999999999996,MeanReversion
2021-11-22 00:00:00+09:00,93061.015625,93250.93606505102,90592.04990433673,186715,96151.973828125,99268.25234375,0.015126426899434692,0.025457057978350968,33.128798745839745,-1086.3530277120153,-794.3128724604751,-292.0401552515402,0.012396616950332673,-1,1,-1,-0.19999999999999996,MeanReversion
2021-11-23 00:00:00+09:00,93155.9765625,93440.85722477063,92111.41413417431,141646,95871.841015625,98929.56080729167,0.01385522178872297,0.025001191463725182,35.7142551868417,-1105.5186256975867,-856.5540231078975,-248.9646025896892,0.0010204158729865132,-1,1,-1,-0.19999999999999996,MeanReversion
2021-11-24 00:00:00+09:00,91351.7421875,93915.66842353171,91161.82172557173,180487,95477.756640625,98576.62552083333,0.014207101135153563,0.025081212022240226,32.73807308449477,-1251.8634332281945,-935.6159051319569,-316.2475280962376,-0.019367886437103743,-1,1,-1,-0.19999999999999996,MeanReversion
2021-11-25 00:00:00+09:00,92016.4609375,92491.26207752837,89737.41546536377,172173,95235.608203125,98258.508984375,0.013595898382191066,0.025088825209504752,33.529397530888104,-1299.2287988635362,-1008.3384838782729,-290.89031498526333,0.007276475895070078,-1,1,-1,-0.19999999999999996,MeanReversion
2021-11-26 00:00:00+09:00,88692.8515625,92206.37994345557,88597.89133598769,260727,94779.79921875,97877.085546875,0.01525786873178423,0.025440744466708208,27.80485377356976,-1586.6636218101485,-1124.003511464648,-462.66011034550047,-0.03611972620048365,-1,1,-1,-0.19999999999999996,MeanReversion
2021-11-29 00:00:00+09:00,86413.796875,88028.12055288462,85464.19471153847,278052,94138.817578125,97457.67786458334,0.015241494306745752,0.025595894797773282,26.635470184703067,-1975.585140536874,-1294.3198372790932,-681.2653032577807,-0.025696035783605353,-1,1,-1,-0.19999999999999996,MeanReversion
2021-11-30 00:00:00+09:00,83090.1953125,87838.20647321428,82615.39419642856,374193,93379.1359375,96967.05013020833,0.016868245999338657,0.025932126357472805,24.78257992398838,-2522.9125503308896,-1540.0383798894527,-982.874170441437,-0.03846146891691016,-1,1,-1,-0.19999999999999996,MeanReversion
2021-12-01 00:00:00+09:00,86223.8828125,87363.40549284141,82615.39432475221,237592,92823.61875,96599.87057291667,0.01967904251220549,0.02610856161140063,34.35112226624334,-2672.9984121315647,-1766.6303863378753,-906.3680257936894,0.03771428732613136,-1,1,-1,-0.19999999999999996,MeanReversion
2021-12-02 00:00:00+09:00,90592.0546875,91066.85581269654,84704.52073506289,254858,92510.25,96305.49388020833,0.02326863557669599,0.026994711911163764,39.22261432736493,-2411.667374657627,-1895.6377840018258,-516.0295906558013,0.05066081151203661,-1,1,-1,-0.19999999999999996,MeanReversion
2021-12-03 00:00:00+09:00,89832.375,91731.57954545454,88692.85227272726,185801,92135.157421875,96006.369140625,0.023210999493612227,0.02700331946894378,35.943062373683475,-2240.0386750736943,-1964.5179622161997,-275.5207128574946,-0.008385720912507555,-1,1,-1,-0.19999999999999996,MeanReversion
2021-12-06 00:00:00+09:00,90307.171875,91541.65477129338,88692.84808753943,118500,91783.8046875,95707.24440104167,0.02328873452721365,0.027007641312370722,39.114377813088005,-2042.1687047435698,-1980.0481107216738,-62.12059402189607,0.005285364825320382,-1,1,-1,-0.19999999999999996,MeanReversion
2021-12-07 00:00:00+09:00,92681.1796875,93061.02058785861,90212.21383516905,220904,91622.372265625,95408.11966145833,0.024042786722922833,0.027079139751754182,48.16176481708389,-1674.4902562827192,-1918.936539833883,244.4462835511638,0.026288142604953046,-1,1,1,0.30000000000000004,Trend
2021-12-08 00:00:00+09:00,92206.375,94295.49987126673,91826.53411431513,175128,91527.412109375,95148.56158854166,0.02371610462715869,0.02691026984083046,50.972754424885,-1405.2167431719863,-1816.1925805015037,410.9758373295174,-0.005122989253060206,-1,1,1,0.30000000000000004,Trend
2021-12-09 00:00:00+09:00,93820.703125,94010.62357667004,92681.18041497975,214829,91517.916015625,94995.042578125,0.02406943804053581,0.02644368140801371,53.676469253817295,-1049.4552885334124,-1662.8451221078856,613.3898335744732,0.01750777129021719,-1,1,1,0.30000000000000004,Trend
2021-12-10 00:00:00+09:00,93915.6640625,94485.4254218276,92871.10157039939,89081,91394.46796875,94756.059375,0.02334301422108187,0.025585486912779832,51.724150974442004,-751.1899682207586,-1480.5140913304601,729.3241231097015,0.0010121533343603328,-1,1,1,0.30000000000000004,Trend
2021-12-13 00:00:00+09:00,93345.90625,94960.23016276704,92301.34371820955,151206,91195.051953125,94499.666796875,0.023215337611173642,0.0255743894531247,50.37595822102217,-554.396508936261,-1295.2905748516202,740.8940659153593,-0.006066696308731134,-1,1,1,0.30000000000000004,Trend
2021-12-14 00:00:00+09:00,92301.3359375,94390.46082497429,91921.49504886831,130955,91014.62734375,94162.55807291667,0.023128223766005623,0.025133533390416494,51.93796620373678,-477.2232366029639,-1131.6771072018892,654.4538705989253,-0.01119031733113629,-1,1,1,0.30000000000000004,Trend
2021-12-15 00:00:00+09:00,92871.1015625,93725.74360141871,91731.57884394172,98874,90976.643359375,93850.77213541667,0.022586792002439564,0.025153453805459372,51.75096852757559,-365.87001626659185,-978.5156890148297,612.6456727482379,0.006172886006609923,-1,1,1,0.30000000000000004,Trend
2021-12-16 00:00:00+09:00,92966.0625,94010.625,92016.46022727272,189722,91038.367578125,93524.7421875,0.02208665400306035,0.025113906229285242,60.08967931565105,-266.8827743646834,-836.1891060848005,569.3063317201171,0.0010225025427967882,-1,1,1,0.30000000000000004,Trend
2021-12-17 00:00:00+09:00,94675.3359375,95909.8187531344,91921.4896564694,309673,91176.059375,93432.94713541666,0.022433067488297865,0.0204174013070017,70.04608329873768,-49.93497131486947,-678.9382791308144,629.0033078159449,0.018385993679145063,-1,1,-1,-0.19999999999999996,MeanReversion
2021-12-20 00:00:00+09:00,90307.171875,94200.54100946372,90307.171875,249927,91038.3671875,93339.56953125,0.024750935662048012,0.02055147557672283,66.66666666666666,-227.85009389619518,-588.7206420838905,360.87054818769536,-0.04613835292207091,-1,1,1,0.30000000000000004,Trend
2021-12-21 00:00:00+09:00,90497.09375,91921.49711437566,90212.21307712488,152855,90905.423046875,93233.53059895833,0.024757911589350572,0.020506393369981973,61.42132212884686,-349.49523872320424,-540.8755614117533,191.3803226885491,0.0021030652500433344,-1,1,1,0.30000000000000004,Trend
2021-12-22 00:00:00+09:00,88977.734375,91731.58100987192,88502.93323105657,192715,90786.72265625,93094.25572916666,0.024663585499563517,0.020591107050981803,44.910188785581724,-562.0208694141911,-545.1046230122408,-16.916246401950275,-0.016789040532033672,-1,1,-1,-0.19999999999999996,MeanReversion
2021-12-23 00:00:00+09:00,89452.5390625,89832.3799927017,87648.29464404193,158757,90658.5265625,92978.72096354167,0.024632085827534036,0.02058026020523328,48.78050371098698,-684.2486007884436,-572.9334185674815,-111.31518222096213,0.0053362191208299325,-1,1,-1,-0.19999999999999996,MeanReversion
2021-12-24 00:00:00+09:00,88977.734375,90212.21734925293,88882.7741462113,139676,90672.770703125,92855.27278645833,0.023217984986276897,0.020586275872657107,45.73172750558592,-810.0895209444716,-620.3646390428795,-189.72488190159208,-0.005307895029880161,-1,1,-1,-0.19999999999999996,MeanReversion
2021-12-27 00:00:00+09:00,88313.0078125,89737.41116431452,88313.0078125,128152,90767.73125,92712.832421875,0.022475569755421795,0.020584806574878295,34.24658151782525,-952.4776654149173,-686.7872443172871,-265.6904210976302,-0.007470706769161839,-1,1,-1,-0.19999999999999996,MeanReversion
2021-12-28 00:00:00+09:00,88787.8125,88787.8125,87078.52840909091,232602,91052.612109375,92657.4390625,0.02038066971337064,0.0195814339046335,37.671262209669905,-1015.3047247246432,-752.4907403987584,-262.8139843258848,0.005376384513004817,-1,1,-1,-0.19999999999999996,MeanReversion
2021-12-29 00:00:00+09:00,90971.8984375,92681.18254175366,88977.73364920408,274089,91290.012890625,92647.94309895833,0.01945083520766543,0.019828259239785134,40.131590698369244,-878.728702392109,-777.7383327974285,-100.99036959468049,0.02459893848043615,-1,1,-1,-0.19999999999999996,MeanReversion
2021-12-30 00:00:00+09:00,89832.375,91541.65909090909,89452.53409090909,156652,91252.02890625,92652.69114583333,0.016295153957957793,0.019688551346736884,36.809823692202556,-852.6128485430527,-792.7132359465534,-59.89961259649931,-0.012526103742716566,-1,1,-1,-0.19999999999999996,MeanReversion
2022-01-04 00:00:00+09:00,93725.734375,93725.734375,88407.96221187944,406629,91446.696875,92679.596484375,0.01876140655936714,0.020113661892031082,51.01006701370191,-511.85394910527975,-736.5413785782987,224.68742947301894,0.043340269863732406,-1,1,1,0.30000000000000004,Trend
2022-01-05 00:00:00+09:00,93440.859375,96384.62628620426,92301.33669969512,439827,91603.38125,92752.39921875,0.018780054688630796,0.019623474302302702,53.157899066913025,-261.76958117989125,-641.5870190986171,379.8174379187259,-0.003039453378516188,-1,1,1,0.30000000000000004,Trend
2022-01-06 00:00:00+09:00,96859.4296875,97809.03193933824,91921.49797794118,544412,91812.29375,92885.34361979166,0.019574235841588423,0.020135733585432386,59.545458285061244,209.85505772096803,-471.2986037347001,681.1536614556682,0.0365853903245954,-1,1,1,0.30000000000000004,Trend
2022-01-07 00:00:00+09:00,95435.0234375,98283.83010727612,94200.54054726368,297426,91973.726171875,92961.31171875,0.019882505650090355,0.02005576249203243,55.55554774251322,463.34218155815324,-284.37044667612946,747.7126282342826,-0.014705912006663602,-1,1,1,0.30000000000000004,Trend
2022-01-10 00:00:00+09:00,97334.2265625,97809.02766768292,94200.53926829269,301734,92149.40234375,93064.18528645833,0.019986384936822175,0.020201803093419665,55.932214025304695,808.1663349170994,-65.86309035748369,874.0294252745831,0.019900483665137747,-1,1,1,0.30000000000000004,Trend
2022-01-11 00:00:00+09:00,94865.265625,97809.03262637639,94675.34517329831,199766,92196.882421875,93105.33463541667,0.02091497734306197,0.02042672339747894,61.111119575236344,872.1636870083894,121.74226511569094,750.4214218926984,-0.02536580424682,-1,1,1,0.30000000000000004,Trend
2022-01-12 00:00:00+09:00,95435.0234375,96384.62566075871,92016.45543376866,271155,92301.33828125,93179.72005208333,0.020889032507184793,0.020330175960778317,61.818181138253586,957.8156409316725,288.95694027888726,668.8587006527853,0.006005968662463168,-1,1,1,0.30000000000000004,Trend
2022-01-13 00:00:00+09:00,93915.6640625,96384.62995291961,93440.862929727,232951,92382.0546875,93211.3734375,0.02106513582919457,0.02039613274843504,61.818181138253586,892.8041374136665,409.7263797058431,483.07775770782337,-0.015920354187318075,-1,1,1,0.30000000000000004,Trend
2022-01-14 00:00:00+09:00,92396.3046875,97334.23669546505,92301.34445657759,408090,92358.31484375,93225.617578125,0.021365157144125336,0.0204975846800548,56.70995825174462,710.4923353706254,469.8795708387996,240.61276453182575,-0.016177912280840423,-1,1,1,0.30000000000000004,Trend
2022-01-17 00:00:00+09:00,88597.890625,92396.29965501072,88123.08949624866,338616,92139.90625,93162.31067708334,0.023305320407112886,0.02116795239753389,49.24811425446708,256.55128507627524,427.21391368629475,-170.6626286100195,-0.041110021394761165,-1,1,-1,-0.19999999999999996,MeanReversion
2022-01-18 00:00:00+09:00,85749.078125,89357.56646248615,85654.11790559247,292924,91693.593359375,93062.60234375,0.023710232343996843,0.021552632577437978,45.32871095634866,-329.27989432901086,275.91515208323364,-605.1950464122444,-0.032154405481930715,-1,1,-1,-0.19999999999999996,MeanReversion
2022-01-19 00:00:00+09:00,86698.6875,87648.28977272726,85084.36363636363,245796,91513.169140625,92901.17005208334,0.021738285846302344,0.020571631669719082,46.25850206881576,-708.7596443550428,78.98019279557835,-787.7398371506212,0.01107428086417106,-1,1,-1,-0.19999999999999996,MeanReversion
2022-01-20 00:00:00+09:00,85464.1953125,86793.63835069445,83564.99097222222,315704,91261.52421875,92679.59609375,0.021883904990322833,0.020344696531605828,39.78871342186574,-1096.4738150950434,-156.110608782546,-940.3632063124974,-0.014238879769661983,-1,1,-1,-0.19999999999999996,MeanReversion
2022-01-21 00:00:00+09:00,85084.359375,85654.12071010044,83564.99581473214,249075,91066.85546875,92443.77825520834,0.021638141670424396,0.02032420464140922,40.942018401349245,-1418.0433533945325,-408.4971577049433,-1009.5461956895892,-0.004444386752968654,-1,1,-1,-0.19999999999999996,MeanReversion
2022-01-24 00:00:00+09:00,81285.953125,85084.36214953271,81285.953125,314758,90658.526171875,92184.2203125,0.023614488037835165,0.020892401562231554,26.18183450008975,-1956.8320275221195,-718.1641316683786,-1238.667895853741,-0.04464282598942704,-1,1,-1,-0.19999999999999996,MeanReversion
2022-01-25 00:00:00+09:00,78816.9921875,81760.75936558735,78437.15126129518,318912,90150.4890625,91867.686328125,0.024323902598251075,0.021130972019555924,24.161088277915695,-2553.6139748867718,-1085.2541003120573,-1468.3598745747145,-0.030373771144729944,-1,1,-1,-0.19999999999999996,MeanReversion
2022-01-26 00:00:00+09:00,78816.9921875,78816.9921875,78816.9921875,0,89675.68828125,91527.41236979167,0.024358374437272158,0.021003630870212984,13.740467363732677,-2992.077164703689,-1466.6187131903837,-1525.4584515133054,0.0,-1,1,-1,-0.19999999999999996,MeanReversion
2022-01-27 00:00:00+09:00,73879.0546875,76727.86142352186,73879.0546875,352412,88930.250390625,91120.66614583334,0.02751849410270641,0.022416707869647962,12.040140681140173,-3695.4142545636278,-1912.3778214650324,-1783.0364330985954,-0.0626506716756331,-1,1,-1,-0.19999999999999996,MeanReversion
2022-01-28 00:00:00+09:00,75683.3046875,76158.10584614179,73024.41819910602,295099,88165.820703125,90759.81744791666,0.02750743555586987,0.022713687302912875,11.744995533057036,-4060.4200742024404,-2341.9862720125143,-1718.4338021899262,0.024421671441679615,-1,1,-1,-0.19999999999999996,MeanReversion
2022-02-03 00:00:00+09:00,76632.90625,77867.38925030979,75493.38348048327,306933,87505.847265625,90422.70872395833,0.027912473363549226,0.02281499101211076,15.95747101689011,-4224.369009683534,-2718.4628195467185,-1505.906190136816,0.012547041469990639,-1,1,-1,-0.19999999999999996,MeanReversion
2022-02-04 00:00:00+09:00,78057.3046875,78247.22513686132,76348.02064324818,159655,86722.42578125,90101.42669270834,0.026088622639961076,0.022969667352473997,18.556719101631856,-4191.050847200808,-3012.9804250775364,-1178.0704221232713,0.01858729503032519,-1,1,-1,-0.19999999999999996,MeanReversion
2022-02-07 00:00:00+09:00,78152.265625,78816.98720382746,76537.94179070475,155656,85957.99609375,89781.72734375,0.02615836278963383,0.022973503416144517,19.92755362012808,-4109.610379048245,-3232.3064158716784,-877.3039631765664,0.0012165541441659933,-1,1,-1,-0.19999999999999996,MeanReversion
2022-02-08 00:00:00+09:00,78152.265625,78152.265625,78152.265625,0,85022.637890625,89485.76796875,0.024064907797836148,0.022931746177484356,21.153860149689308,-3998.9705777429917,-3385.639248245941,-613.3313294970508,0.0,-1,1,-1,-0.19999999999999996,MeanReversion
2022-02-09 00:00:00+09:00,78152.265625,78152.265625,78152.265625,0,84158.5,89219.87942708333,0.024160372977210076,0.022843971057731872,25.00001869800552,-3866.714658455472,-3481.854330287847,-384.8603281676251,0.0,-1,1,-1,-0.19999999999999996,MeanReversion
2022-02-10 00:00:00+09:00,80241.3828125,81475.865625,79861.54194711539,187411,83303.8578125,88990.39205729167,0.024633648742821018,0.023157884567623195,36.32075087287108,-3552.377001225017,-3495.958864475281,-56.41813674973582,0.026731370751607697,-1,1,-1,-0.19999999999999996,MeanReversion
2022-02-11 00:00:00+09:00,78816.9921875,80336.35589231928,78532.1114928464,113235,82501.444140625,88697.59817708333,0.024427589228873597,0.022952793910458204,30.875568174709485,-3379.244732725667,-3472.6160381253585,93.37130539969166,-0.017751322012089066,-1,1,-1,-0.19999999999999996,MeanReversion
2022-02-14 00:00:00+09:00,77297.625,78437.14772727272,76063.14204545454,155389,81594.57421875,88363.65481770833,0.024253443804850207,0.0229794311231105,30.45454562452764,-3326.2929620184586,-3443.351422903979,117.05846088552016,-0.01927715262066243,-1,1,-1,-0.19999999999999996,MeanReversion
2022-02-15 00:00:00+09:00,77202.6640625,78437.1470056888,76348.02202490775,129222,80758.92421875,88051.86875,0.024302589774798905,0.022936963870095937,30.875568174709485,-3254.4752909570525,-3405.576196514594,151.1009055575414,-0.0012285104167172323,-1,1,-1,-0.19999999999999996,MeanReversion
2022-02-16 00:00:00+09:00,78342.1875,79196.82954545454,77867.38636363637,100950,80056.218359375,87797.05885416667,0.02484603686546955,0.022896754744704793,41.79893926546049,-3070.217692792634,-3338.504495770202,268.2868029775682,0.0147601569367799,-1,1,-1,-0.19999999999999996,MeanReversion
2022-02-17 00:00:00+09:00,78532.109375,79766.59235187423,77582.50708509673,155224,79552.929296875,87577.06770833333,0.02362743232758592,0.022790406276941684,49.09090183834033,-2875.7176279311243,-3245.9471222023867,370.2294942712624,0.0024242605556552554,-1,1,1,0.30000000000000004,Trend
2022-02-18 00:00:00+09:00,79766.5859375,80336.347265625,77297.62018229166,115393,79253.8046875,87374.48580729167,0.02322393929691657,0.022903910286261788,52.80896591377592,-2592.0830635475286,-3115.1743104714155,523.091246923887,0.015719386278104874,-1,1,1,0.30000000000000004,Trend
2022-02-21 00:00:00+09:00,79766.5859375,79766.5859375,79766.5859375,0,78907.199609375,87152.91197916666,0.02298817330458992,0.02282512296363767,74.60320362307674,-2340.3228428646835,-2960.2040169500697,619.8811740853862,0.0,-1,1,-1,-0.19999999999999996,MeanReversion
2022-02-22 00:00:00+09:00,79766.5859375,79766.5859375,79766.5859375,0,78622.319140625,86929.75546875,0.0228775034127313,0.02282278446384606,70.09346656701821,-2116.4044609295233,-2791.4441057459603,675.039644816437,0.0,-1,1,-1,-0.19999999999999996,MeanReversion
2022-02-23 00:00:00+09:00,79766.5859375,79766.5859375,79766.5859375,0,78356.43046875,86736.66953125,0.02288888692738678,0.02271569441865005,67.01031277591701,-1916.8512618529203,-2616.5255369673528,699.6742751144325,0.0,-1,1,1,0.30000000000000004,Trend
2022-02-24 00:00:00+09:00,82330.515625,84419.64058895617,81950.67472246251,3223358,78408.65859375,86575.237109375,0.0218480273910843,0.023103611371907022,70.64223784288876,-1534.131700475511,-2400.046769668985,865.9150691934738,0.03214290366531336,-1,1,-1,-0.19999999999999996,MeanReversion
2022-02-25 00:00:00+09:00,82995.234375,85654.1206021167,82235.5525958238,313176,78617.570703125,86480.27682291667,0.02059305607140388,0.022675619349138903,72.1739404154493,-1163.7712127812265,-2152.791658291433,989.0204455102066,0.00807378339554754,-1,1,-1,-0.19999999999999996,MeanReversion
2022-02-28 00:00:00+09:00,82995.234375,82995.234375,82995.234375,0,78826.4828125,86423.30078125,0.02059305607140388,0.02243842666566738,72.1739404154493,-860.3403895132651,-1894.3014045357995,1033.9610150225344,0.0,-1,1,-1,-0.19999999999999996,MeanReversion
2022-03-02 00:00:00+09:00,86983.5625,88123.08515283844,84039.79564683407,355924,79481.708203125,86488.190234375,0.016017473542189072,0.02268518102221364,79.61786243173307,-294.648009294644,-1574.3707254875685,1279.7227161929245,0.048054905260938474,-1,1,-1,-0.19999999999999996,MeanReversion
2022-03-03 00:00:00+09:00,86888.609375,88407.9730362022,85939.00708674864,240570,80041.9734375,86499.26901041667,0.015683836477027382,0.022180718071832067,75.73537640685635,144.34147531304916,-1230.6282853274452,1374.9697606404943,-0.0010916214773337707,-1,1,-1,-0.19999999999999996,MeanReversion
2022-03-04 00:00:00+09:00,86888.609375,86888.609375,86888.609375,0,80554.75859375,86437.544921875,0.015698777993165807,0.021215899536916504,85.12398155218145,486.63418860611273,-887.1757905407336,1373.8099791468462,0.0,-1,1,-1,-0.19999999999999996,MeanReversion
2022-03-07 00:00:00+09:00,87838.2109375,89452.53481418919,86698.68820101352,214987,81043.80390625,86404.30885416667,0.01548088778316834,0.021242993494547942,98.2609261753897,825.0182431678404,-544.7369837990188,1369.7552269668593,0.010928953395969776,-1,1,-1,-0.19999999999999996,MeanReversion
2022-03-08 00:00:00+09:00,86508.765625,87458.36788213502,85844.04404500549,213911,81461.62890625,86341.00208333334,0.01616599363170605,0.021315644834612523,88.28128063081563,974.6794206088816,-240.8537029174388,1215.5331235263204,-0.015135159269648035,-1,1,-1,-0.19999999999999996,MeanReversion
2022-03-10 00:00:00+09:00,86508.765625,86508.765625,86508.765625,0,81879.45390625,86238.128515625,0.01616599363170605,0.0210267500937205,87.06899731057726,1080.8278710756858,23.48261188118613,1057.3452591944997,0.0,-1,1,-1,-0.19999999999999996,MeanReversion
2022-03-11 00:00:00+09:00,86508.765625,86508.765625,86508.765625,0,82297.27890625,86143.168359375,0.01616599363170605,0.02102069544635849,86.8421356496336,1151.6754847339907,249.12118645174706,902.5542982822437,0.0,-1,1,-1,-0.19999999999999996,MeanReversion
2022-03-14 00:00:00+09:00,88218.0546875,89357.57746064317,87553.33306983316,135625,82696.1125,86049.79088541666,0.015760132850712694,0.02105541887969074,87.3950003940726,1330.4119108510931,465.3793313316163,865.0325795194768,0.01975856492866246,-1,1,-1,-0.19999999999999996,MeanReversion
2022-03-15 00:00:00+09:00,88218.0546875,88218.0546875,88218.0546875,0,83166.165625,85954.83072916667,0.014890255089470207,0.021054164351253277,87.3950003940726,1455.2861830413894,663.3607016735709,791.9254813678185,0.0,-1,1,-1,-0.19999999999999996,MeanReversion
2022-03-16 00:00:00+09:00,88218.0546875,88218.0546875,88218.0546875,0,83712.187109375,85869.36653645833,0.01375631217511349,0.021044118571242637,87.3950003940726,1536.537693355247,837.9961000099062,698.5415933453409,0.0,-1,1,-1,-0.19999999999999996,MeanReversion
2022-03-17 00:00:00+09:00,88218.0546875,88218.0546875,88218.0546875,0,84262.956640625,85801.31184895833,0.013722158739998703,0.02100076069698768,87.3950003940726,1582.6858829931298,986.9340566065509,595.7518263865788,0.0,-1,1,-1,-0.19999999999999996,MeanReversion
2022-03-18 00:00:00+09:00,84514.59375,86223.87766853932,83659.95179073034,199760,84571.576953125,85662.03671875,0.01747811649744946,0.021670997194213802,58.778592395625424,1305.3727843277156,1050.6218021507839,254.75098217693176,-0.04198075950120406,-1,1,1,0.30000000000000004,Trend
2022-03-21 00:00:00+09:00,84514.59375,84514.59375,84514.59375,0,84870.701171875,85521.17890625,0.017496486049054773,0.021669325804161726,56.45158936047398,1073.2286439564923,1055.1431705119257,18.08547344456656,0.0,-1,1,1,0.30000000000000004,Trend
2022-03-22 00:00:00+09:00,86223.8828125,86508.76348258536,84514.5987919879,121998,85193.566015625,85380.32135416666,0.017682269413251874,0.021698506226245372,61.97182037764796,1015.4723492900812,1047.2090062675568,-31.736656977475604,0.02022477996588612,-1,1,-1,-0.19999999999999996,MeanReversion
2022-03-23 00:00:00+09:00,86698.6875,87268.44886363637,85464.20454545454,103849,85540.17109375,85320.17994791667,0.017661274951419177,0.020869063739208642,48.57145991280828,996.5255140182271,1037.072307817691,-40.546793799463785,0.005506649341372016,1,1,-1,0.5,Trend
2022-03-24 00:00:00+09:00,86888.609375,87363.41051912568,85179.32525614754,114220,85896.272265625,85260.03854166667,0.017640870118484562,0.020869264027096778,50.0,985.475174258012,1026.7528811057553,-41.277706847743275,0.0021905968876403392,1,1,-1,0.5,Trend
2022-03-25 00:00:00+09:00,85939.0,87173.48287292819,85749.07955801106,84321,86204.89296875,85209.39296875,0.017949508562627246,0.020804823653516838,45.689636830182685,889.8346995255561,999.3692447897155,-109.53454526415942,-0.010929043309941933,1,1,-1,0.5,Trend
2022-03-28 00:00:00+09:00,86128.921875,86508.76276529768,84799.47875895811,86907,86394.81328125,85153.99934895833,0.016704112636125718,0.020793732977396794,41.6666730147364,819.9126002391422,963.4779158796008,-143.5653156404586,0.0022099614261277267,1,1,-1,0.5,Trend
2022-03-29 00:00:00+09:00,84894.4375,86318.84081375839,84799.47727908277,111536,86489.7734375,85085.94440104166,0.01704698670704613,0.020861767151110048,42.05608267080841,657.3092093425075,902.2441745721823,-244.93496522967473,-0.014332983022725232,1,1,-1,0.5,Trend
2022-03-30 00:00:00+09:00,84704.515625,85844.03825672646,84324.67474775785,126043,86575.2375,85025.80286458334,0.017062158724789743,0.020844112906916634,41.28440851693348,507.272224060609,823.2497844698677,-315.9775604092587,-0.002237153347061205,1,1,-1,0.5,Trend
2022-03-31 00:00:00+09:00,84419.6328125,85749.07584891732,84039.79194495219,128257,86447.041015625,84952.99986979166,0.013210069673070028,0.02083158150114541,40.17857208443059,361.2153049758199,730.8428885710582,-369.6275835952383,-0.0033632541358387114,1,1,-1,0.5,Trend
2022-04-01 00:00:00+09:00,81760.7578125,84324.68401567945,81665.79758275261,250253,86190.6484375,84799.480859375,0.014864886558366245,0.02094764618345105,22.131199499360036,30.562843527892255,590.786879562425,-560.2240360345328,-0.03149593182791366,1,1,-1,0.5,Trend
2022-04-04 00:00:00+09:00,82140.5859375,82710.3472272399,80526.262283237,131407,85953.247265625,84671.284375,0.01495067939723288,0.020914844850759024,24.60313936481404,-198.54396778916998,432.92071009210605,-631.464677881276,0.004645604262512482,1,1,-1,0.5,Trend
2022-04-05 00:00:00+09:00,82805.3125,83280.1136037844,81950.67051318807,100101,85701.60234375,84489.27734375,0.014828073413578335,0.020148207477847024,28.5714197345672,-322.7543765955488,281.7856927545751,-604.540069350124,0.008092547124095129,1,1,-1,0.5,Trend
2022-04-06 00:00:00+09:00,81475.875,82805.31818181818,81475.875,137841,85449.9578125,84289.8609375,0.014870281418549822,0.02023029234171757,25.850345846954255,-522.4441056991636,120.93973306382736,-643.383838762991,-0.01605497835661207,1,1,-1,0.5,Trend
2022-04-07 00:00:00+09:00,78152.265625,81001.0723914034,78152.265625,251285,85032.1328125,83978.07486979167,0.017167241020260435,0.02022559552235944,26.5734527245028,-938.0736258720863,-90.86293872335537,-847.2106871487309,-0.04079255822659167,1,1,-1,0.5,Trend
2022-04-08 00:00:00+09:00,78247.2265625,78911.9481473756,76822.82316633798,174496,84619.055859375,83691.61158854167,0.0171882855909772,0.02018044768077529,27.083363090017926,-1245.4437606130086,-321.779103101286,-923.6646575117227,0.0012150759384974563,1,1,-1,0.5,Trend
2022-04-11 00:00:00+09:00,79956.5078125,80146.42825861045,77107.70112084324,137795,84205.978515625,83401.98294270833,0.017347459662956914,0.020218719932492524,27.083321430652703,-1335.7148062292545,-524.5662437268797,-811.1485625023747,0.021844624085618047,1,1,-1,0.5,Trend
2022-04-12 00:00:00+09:00,81380.9140625,81855.71519471996,79386.7493071762,205784,83864.121484375,83177.24375,0.01804613080614594,0.020178668341420573,31.818169676604214,-1277.5903142621682,-675.1710578339375,-602.4192564282307,0.017814763162746772,1,1,-1,0.5,Trend
2022-04-13 00:00:00+09:00,87173.4921875,87173.4921875,81760.75901245915,506454,83811.893359375,83039.5515625,0.024315644894470263,0.022159163448847524,50.704230792257235,-755.4057443248748,-691.217995132125,-64.18774919274983,0.07117858273933053,1,1,-1,0.5,Trend
2022-04-14 00:00:00+09:00,87363.40625,89357.57095788044,86128.92333559782,345826,83769.1609375,82930.347265625,0.02432331822552401,0.02208125820613121,53.65854735258778,-322.5283270597429,-617.4800615176487,294.9517344579058,0.0021785758231587238,1,1,1,1.0,Trend
2022-04-15 00:00:00+09:00,92776.1328125,93061.01346596725,85749.07669364125,604282,84182.237890625,82936.677734375,0.025736420269214397,0.02336220566191569,63.46154272115099,452.0806381999573,-403.56792157412747,855.6485597740848,0.061956450587685286,1,1,1,1.0,Trend
2022-04-18 00:00:00+09:00,89167.65625,93250.94615282214,88502.93463791267,364907,84414.891015625,82946.173828125,0.027577639602907728,0.02329360232840017,57.89476418994129,765.9604078398843,-169.66225569132513,935.6226635312094,-0.038894448961272254,1,1,1,1.0,Trend
2022-04-19 00:00:00+09:00,92491.2578125,92966.05893063398,88692.84886742813,323960,84728.259765625,83058.54348958333,0.028363963741393643,0.023357652921092365,62.893107957948445,1268.2793217134458,117.92605978962905,1150.3532619238167,0.03727362254741329,1,1,1,1.0,Trend
2022-04-20 00:00:00+09:00,91826.53125,93061.01408996897,91256.76993924509,281509,84984.651953125,83144.00755208333,0.028459311213270094,0.023347193339341685,62.11182012711187,1594.3540803412907,413.21166389996137,1181.1424164413293,-0.0071869123441649085,1,1,1,1.0,Trend
2022-04-21 00:00:00+09:00,91066.859375,92016.4616625391,89357.57525742962,220726,85193.564453125,83237.38528645833,0.028569159657737105,0.023293110642458353,66.22518883604207,1771.055874646976,684.7805060493642,1086.2753685976118,-0.008272901792748533,1,1,1,1.0,Trend
2022-04-22 00:00:00+09:00,91446.6953125,92681.17821910697,90212.21240589305,270412,85468.94921875,83343.42421875,0.028397240785311105,0.023285108451295004,66.22519803703739,1919.6147811583069,931.7473610711528,987.8674200871541,0.004170956812465487,1,1,1,1.0,Trend
2022-04-25 00:00:00+09:00,90212.2109375,91351.73360197368,89927.33027138158,180528,85673.113671875,83492.19518229166,0.028642236951198854,0.022547237929355743,62.66235578799303,1915.653748867655,1128.5286386304533,787.1251102372016,-0.013499496846566261,1,1,1,1.0,Trend
2022-04-26 00:00:00+09:00,88692.8515625,90781.97654577087,86983.56748527837,212744,85863.034375,83656.79283854166,0.028726246245966612,0.022277175643323568,62.25807898425087,1769.5171067725023,1256.7263322588633,512.790774513639,-0.016842058954221084,1,1,1,1.0,Trend
2022-04-27 00:00:00+09:00,88882.765625,90687.00979901175,86413.79991319445,191263,86071.946875,83824.55572916666,0.02870740062922947,0.022275685142948642,70.39713636028826,1650.0069892418542,1335.3824636554614,314.6245255863928,0.0021412555708186787,1,1,-1,0.5,Trend
2022-04-28 00:00:00+09:00,90307.171875,91541.65477129338,87838.20608241325,181056,86366.323828125,84098.35768229167,0.02882639939915178,0.020548317550609953,71.82133362811568,1651.198056826208,1398.5455822896108,252.65247453659708,0.01602567426861623,1,-1,-1,-0.30000000000000004,Defensive
2022-04-29 00:00:00+09:00,87173.4921875,89832.3786594499,87078.53195635893,220942,86636.960546875,84289.86080729167,0.029049098612151086,0.02095832101352857,62.41833351436631,1383.3340115509345,1395.5032681418757,-12.169256590941131,-0.03470023058453797,1,-1,-1,-0.30000000000000004,Defensive
2022-05-02 00:00:00+09:00,87078.53125,87933.17332333697,86413.80963740459,106617,86883.8578125,84463.95455729167,0.029062471201446206,0.020920491994787814,60.27399769020127,1150.129297172316,1346.4284739479638,-196.29917677564777,-0.0010893327216460191,1,-1,-1,-0.30000000000000004,Defensive
2022-05-03 00:00:00+09:00,85654.125,87268.44886363637,85464.20454545454,123873,87026.2984375,84590.56822916666,0.0293510207094854,0.020945280638637792,46.747952661130846,840.6843152839574,1245.2796422151625,-404.59532693120514,-0.016357720204427495,1,-1,-1,-0.30000000000000004,Defensive
2022-05-04 00:00:00+09:00,83944.8359375,86413.80170036765,83185.15416430996,239479,87149.746484375,84687.11106770833,0.02949145833881548,0.021131943594886234,43.12975553141842,452.3076741716068,1086.6852486064513,-634.3775744348445,-0.019955712144628213,1,-1,-1,-0.30000000000000004,Defensive
2022-05-06 00:00:00+09:00,84229.71875,85084.36076662909,83185.15628523112,185402,87453.619140625,84788.401953125,0.027688349057055826,0.021133231738863112,28.365365789408102,165.5951720275043,902.467233290662,-736.8720612631577,0.0033936907412877027,1,-1,-1,-0.30000000000000004,Defensive
2022-05-10 00:00:00+09:00,82425.4765625,83849.8799593174,80811.15271277362,144802,87662.531640625,84859.62213541666,0.02826448698886182,0.02133879132242352,31.216898281659795,-204.85240639910626,681.0033053527084,-885.8557117518146,-0.0214204940284215,1,-1,-1,-0.30000000000000004,Defensive
2022-05-11 00:00:00+09:00,81855.7109375,82805.3131525522,81001.06894395303,114842,87757.491796875,84886.52760416667,0.027973338625451132,0.02109627293656616,14.999969148244745,-538.2060016746545,437.16144394723585,-975.3674456218904,-0.006912494155468685,1,-1,-1,-0.30000000000000004,Defensive
2022-05-12 00:00:00+09:00,82425.4765625,84419.64131804436,81001.07316568261,173976,87809.719921875,84946.66901041666,0.027742594378479257,0.020975628845649637,18.86792550458469,-747.7956802902627,200.17001909973615,-947.9656993899988,0.00696060932675846,1,-1,-1,-0.30000000000000004,Defensive
2022-05-13 00:00:00+09:00,87078.53125,87173.49148037078,83375.08226553981,259938,87804.971875,85109.68411458333,0.026076129485455374,0.02193684558039796,39.50000452492038,-532.2983801424853,53.676339251291864,-585.9747193937771,0.05645165647264139,1,1,-1,0.5,Trend
2022-05-16 00:00:00+09:00,86318.8359375,86793.63701526403,84989.39291976072,136985,87752.743359375,85261.6203125,0.026141514811995843,0.0219770799075601,36.76470113776232,-417.9978607373341,-40.65850074643333,-377.3393599909008,-0.008724255009755932,1,1,-1,0.5,Trend
2022-05-17 00:00:00+09:00,86223.8828125,88977.72928999175,85464.20102560573,159980,87425.130859375,85392.98190104167,0.021897920254765148,0.02191567992931522,39.06251071240033,-331.25727162232215,-98.77825492161111,-232.47901670071104,-0.0011000278672519404,1,1,-1,0.5,Trend
2022-05-18 00:00:00+09:00,84134.7578125,86698.68384064616,83659.95669617664,144690,87173.4859375,85486.359375,0.020822699259248376,0.022173149022954825,37.87879039703757,-426.1769551177131,-164.25799496083152,-261.91896015688155,-0.024229075887743923,1,1,-1,0.5,Trend
2022-05-19 00:00:00+09:00,82045.6328125,82900.27482096355,81096.03058087385,176457,86651.2046875,85524.34348958333,0.01916932938771328,0.022346328379967268,33.48626467248327,-662.3413572281424,-263.87466741429375,-398.4666898138487,-0.024830700822313645,1,1,-1,0.5,Trend
2022-05-20 00:00:00+09:00,83659.9609375,84229.72230597332,81950.67683208003,112042,86242.876171875,85589.23307291667,0.019991762155189396,0.022480568709576064,34.090938837724934,-711.0440855798806,-353.30855104741113,-357.7355345324695,0.019675978716493514,1,1,-1,0.5,Trend
2022-05-23 00:00:00+09:00,83849.875,84134.75566251416,82615.39212910533,86647,85882.026953125,85657.287890625,0.02002994325375748,0.022481116774903488,40.74072784304576,-725.948587586754,-427.8365583552797,-298.1120292314743,0.002270071135245688,1,1,-1,0.5,Trend
2022-05-24 00:00:00+09:00,82140.5859375,84514.5913114162,82140.5859375,119868,85416.721484375,85696.85455729166,0.02025439435992547,0.02265063514546169,37.378625073135474,-865.7065290441242,-515.4105524930486,-350.29597655107557,-0.020385111635527142,-1,1,-1,-0.19999999999999996,MeanReversion
2022-05-25 00:00:00+09:00,82235.5546875,83090.1967108112,81665.79333862587,107461,85017.888671875,85695.271875,0.020207572455993493,0.022278957602802334,40.62501205143488,-957.7620355529507,-603.880849105029,-353.88118644792166,0.0011561732719105322,-1,1,-1,-0.19999999999999996,MeanReversion
2022-05-26 00:00:00+09:00,84324.6796875,84704.52058699324,81665.7933910473,132494,84799.480078125,85717.429296875,0.021026806194633832,0.022491152371540916,51.02041415970509,-852.3167824125412,-653.5680357665315,-198.74874664600975,0.025404157702088925,-1,1,-1,-0.19999999999999996,MeanReversion
2022-05-27 00:00:00+09:00,85084.359375,85654.12071010044,84134.75714983259,142191,84609.559765625,85752.248046875,0.021161568052196714,0.02251914791348659,52.23879925014529,-699.3887396967039,-662.732176552566,-36.65656314413786,0.009008983969050366,-1,1,-1,-0.19999999999999996,MeanReversion
2022-05-30 00:00:00+09:00,85464.1953125,86698.67813368056,85274.27487847222,97515,84367.4109375,85726.92526041667,0.020798494585250047,0.02168401320668481,58.60211534242504,-541.3027768601169,-638.4462966140762,97.14351975395937,0.004464227506560947,-1,1,1,0.30000000000000004,Trend
2022-05-31 00:00:00+09:00,86793.6484375,88123.09163019694,85749.08592895241,433197,84348.41875,85725.342578125,0.019682921452442936,0.02177847621950403,63.40205660934261,-305.22431991566555,-571.8019012743941,266.5775813587286,0.015555673579314089,-1,1,1,0.30000000000000004,Trend
2022-06-02 00:00:00+09:00,84609.5625,86793.64772727272,84609.5625,158663,84224.9703125,85687.35846354166,0.020479610260823726,0.02202525853863846,55.45023197744444,-291.0133037065825,-515.6441817608319,224.63087805424937,-0.025164121762582203,-1,1,1,0.30000000000000004,Trend
2022-06-03 00:00:00+09:00,86413.796875,86793.63774038461,84514.59254807692,106105,84262.95390625,85663.61822916666,0.020748538903490175,0.022153544032435295,48.06626243159216,-132.6353972327197,-439.0424248552095,306.4070276224898,0.02132423713927145,-1,1,1,0.30000000000000004,Trend
2022-06-07 00:00:00+09:00,87743.25,88407.97159090909,86223.88636363637,206181,84452.874609375,85684.19296875,0.020406761092727512,0.022154163435623552,54.01072341945711,99.01461236624164,-331.4310174109193,430.44562977716095,0.015384732219591024,-1,1,1,0.30000000000000004,Trend
2022-06-08 00:00:00+09:00,88787.8125,89547.49431818182,87078.52840909091,220072,84680.779296875,85722.17708333333,0.020519452908599328,0.02220464951799185,56.85279590598362,362.7053365550091,-192.60374661773363,555.3090831727427,0.011904761904761862,-1,1,1,0.30000000000000004,Trend
2022-06-09 00:00:00+09:00,88597.890625,89547.49288250269,87268.44746449625,206840,84989.4,85756.99583333333,0.01975343668180107,0.022207078646479604,63.276829593092195,550.0167761723715,-44.079642059712626,594.096418232084,-0.0021390534314605913,-1,1,1,0.30000000000000004,Trend
2022-06-10 00:00:00+09:00,87458.3671875,89927.33303644137,87268.44673758144,167036,85269.5328125,85744.334375,0.019966834360675978,0.022127941834532396,67.06585439870099,599.6006010728743,84.65640656680476,514.9441945060695,-0.012861744556912247,-1,1,1,0.30000000000000004,Trend
2022-06-13 00:00:00+09:00,84324.6796875,86603.72508445945,83849.87856313345,187034,85364.49296875,85679.44479166667,0.021826231188350947,0.022619846232957673,51.912558725020794,381.63450262088736,144.05202577762128,237.58247684326608,-0.035830619765422345,-1,1,1,0.30000000000000004,Trend
2022-06-14 00:00:00+09:00,83090.1953125,83849.87709821429,81855.71241071429,165477,85165.076171875,85593.98046875,0.01801914242436168,0.022691548033309784,47.93815241798855,108.03684568418248,136.84898975893353,-28.812144074751046,-0.014639656854611216,-1,1,-1,-0.19999999999999996,MeanReversion
2022-06-15 00:00:00+09:00,81665.7890625,83659.95367914245,81001.06752361919,159989,84932.423828125,85484.77604166667,0.018278101967012655,0.022788255914169213,48.69111255648069,-221.17933106888086,65.24332559337066,-286.4226566622515,-0.017142892066179916,-1,1,-1,-0.19999999999999996,MeanReversion
2022-06-16 00:00:00+09:00,81570.828125,84799.47557115833,81096.02702997671,146298,84699.77109375,85435.71328125,0.018277805171591596,0.022124193776505145,48.167526638005256,-484.1669023874565,-44.63872000279478,-439.5281823846617,-0.0011627994854408463,-1,1,-1,-0.19999999999999996,MeanReversion
2022-06-17 00:00:00+09:00,83470.03125,84039.79255546075,80051.46341723549,160711,84666.534765625,85418.30390625,0.0183910095243266,0.02233315606722239,47.61903103628249,-533.1903411426174,-142.34904423075932,-390.8412969118581,0.02328287169145371,-1,1,-1,-0.19999999999999996,MeanReversion
2022-06-20 00:00:00+09:00,83944.8359375,84419.63704574379,82900.2734993637,184623,84761.494921875,85380.31979166667,0.017476692473305702,0.022189207399700327,46.77419426180382,-527.6466176186659,-219.40855890834064,-308.2380587103253,0.00568832526344587,-1,1,-1,-0.19999999999999996,MeanReversion
2022-06-21 00:00:00+09:00,86983.5625,87458.36360534935,83564.99454148472,263602,84927.675,85385.06770833333,0.018691904100557134,0.022660119922719487,53.73832296677666,-274.88463987063733,-230.5037751008,-44.38086476983733,0.036199088705854976,-1,1,-1,-0.19999999999999996,MeanReversion
2022-06-22 00:00:00+09:00,84324.6796875,87743.24778293919,84229.71946262669,257838,84951.415234375,85342.335546875,0.020093567288587365,0.02301053032164617,44.298240549629774,-285.82377465641184,-241.56777501192238,-44.255999644489464,-0.030567646760846334,-1,1,-1,-0.19999999999999996,MeanReversion
2022-06-23 00:00:00+09:00,83090.1953125,87078.5246875,82805.31464285713,229019,84998.895703125,85294.85546875,0.01981437567045325,0.023044663656251373,46.33026778540485,-389.61445689988614,-271.1771113895151,-118.43734551037102,-0.014639656854611216,-1,1,-1,-0.19999999999999996,MeanReversion
2022-06-24 00:00:00+09:00,83659.9609375,84799.48367444666,81950.67683208003,145126,85070.116015625,85253.70611979166,0.019863755213826287,0.02306181973281166,42.92686411486825,-421.04050330833707,-301.1497897732795,-119.89071353505756,0.006857194436204361,-1,1,-1,-0.19999999999999996,MeanReversion
2022-06-27 00:00:00+09:00,86603.734375,87078.53555030153,84134.76826343202,184833,85184.06875,85282.19440104166,0.020574111820812917,0.023424602048638145,47.29731632764995,-206.0329377786693,-282.12641937435745,76.09348159568816,0.03518736328001881,-1,1,1,0.30000000000000004,Trend
2022-06-28 00:00:00+09:00,86983.5625,87648.28404748908,85654.11940502183,151893,85279.02890625,85320.178515625,0.020509939751723508,0.02342786135110161,45.58138235629505,-4.932083728024736,-226.68755224509093,221.7554685170662,0.004385816936661291,-1,1,1,0.30000000000000004,Trend
2022-06-29 00:00:00+09:00,86603.734375,88123.09813596492,85844.05249451754,157068,85336.005859375,85356.58020833334,0.02052905628017417,0.02343099962038905,45.161308667606406,122.38209205212479,-156.8736233856478,279.25571543777255,-0.00436666554097509,-1,1,1,0.30000000000000004,Trend
2022-06-30 00:00:00+09:00,89167.65625,90117.25855298189,86413.8095713525,347470,85454.70625,85480.028515625,0.02126611103189796,0.023326810375086934,53.87932425440711,425.26437829525094,-40.44602304946805,465.710401344719,0.029605211524690755,-1,1,1,0.30000000000000004,Trend
2022-07-01 00:00:00+09:00,88218.0546875,90022.29907831001,87363.41260764263,202489,85635.130859375,85581.31966145833,0.02052852767414167,0.02337528838498344,59.8086344766558,581.9673055136955,84.03664266316466,497.9306628505308,-0.010649618958668117,1,1,1,1.0,Trend
2022-07-04 00:00:00+09:00,84134.7578125,89072.68942226298,83564.99647291197,239292,85521.17890625,85603.47708333333,0.022779561949172997,0.024181361832641392,52.30125623833486,372.37506409781054,141.70432695009384,230.6707371477167,-0.04628640803137751,-1,1,1,0.30000000000000004,Trend
2022-07-05 00:00:00+09:00,85274.28125,85844.04259465479,83090.19609548998,134334,85397.73046875,85666.78385416667,0.022713471053715257,0.024142305974731125,58.05085971796969,294.82318262838817,172.3280980857527,122.49508454263545,0.013544027071896947,-1,1,1,0.30000000000000004,Trend
2022-07-06 00:00:00+09:00,77962.34375,84894.44008830695,77772.42330237514,354140,84856.45703125,85663.61848958333,0.029818825223074986,0.026272605990072175,43.910260974124085,-352.585108353378,67.34545679792657,-419.93056515130456,-0.08574610530651638,-1,1,-1,-0.19999999999999996,MeanReversion
2022-07-07 00:00:00+09:00,78627.0625,79766.58514492754,76727.85809178744,273811,84357.915625,85669.94908854166,0.029994877250653498,0.02629527674581257,41.471572642555024,-802.7697652951902,-106.67758762069678,-696.0921776744933,0.00852615144731339,-1,1,-1,-0.19999999999999996,MeanReversion
2022-07-08 00:00:00+09:00,79101.8671875,81001.07168179772,78722.02628864045,238534,83940.090625,85655.705078125,0.030062461759013295,0.02615559628569735,41.471572642555024,-1108.4540113003459,-307.0328723566266,-801.4211389437193,0.006038692943666879,-1,1,-1,-0.19999999999999996,MeanReversion
2022-07-11 00:00:00+09:00,77772.421875,80051.46720467033,77392.58098672162,179978,83612.477734375,85595.56354166666,0.029293708271584555,0.026137162729908632,32.740208834475965,-1441.3708784120827,-533.9004735677179,-907.4704048443648,-0.01680675007770338,-1,1,-1,-0.19999999999999996,MeanReversion
2022-07-12 00:00:00+09:00,77487.546875,78342.18893612133,76442.98435585172,144253,83332.3453125,85434.13111979167,0.02918520256464508,0.024493025157060977,35.937499497855654,-1708.5023739735625,-768.8208536488869,-939.6815203246756,-0.0036629308067307464,-1,1,-1,-0.19999999999999996,MeanReversion
2022-07-13 00:00:00+09:00,76348.015625,77582.4984647077,75113.53278529228,164323,83066.456640625,85250.54127604167,0.029128768964497058,0.024542533475552887,36.078420365084575,-1989.2260970035277,-1012.9019023198151,-976.3241946837126,-0.014705992071709861,-1,1,-1,-0.19999999999999996,MeanReversion
2022-07-14 00:00:00+09:00,76253.0625,76822.82386363637,74163.9375,224739,82800.568359375,84975.15677083333,0.029128452199242746,0.023138278056296393,34.39998683658442,-2194.071700836066,-1249.1358620230653,-944.9358388130008,-0.0012436881852487813,-1,1,-1,-0.19999999999999996,MeanReversion
2022-07-15 00:00:00+09:00,75683.3046875,76348.0263095985,74258.90121157466,172600,82411.23203125,84750.417578125,0.028465215575327284,0.02264798754459755,24.444403004039344,-2375.010370353455,-1474.3107636891432,-900.6996066643119,-0.00747193350431008,-1,1,-1,-0.19999999999999996,MeanReversion
2022-07-18 00:00:00+09:00,78816.9921875,79101.87288215362,75778.26477786145,206827,82154.83984375,84522.51315104167,0.03016603453173862,0.022770472397387928,33.07087481314851,-2239.725021737715,-1627.3936152988576,-612.3314064388574,0.04140526781882925,-1,-1,-1,-1.0,Defensive
2022-07-19 00:00:00+09:00,77772.421875,79101.86498397436,77487.54120879121,163239,81694.2828125,84288.27799479167,0.0288147863558397,0.022804934080698384,32.18388920550544,-2191.5358416628296,-1740.222060571652,-451.3137810911776,-0.013253110573098748,-1,1,-1,-0.19999999999999996,MeanReversion
2022-07-20 00:00:00+09:00,77867.390625,79006.91341463415,77677.47016006097,143041,81371.418359375,84068.28684895833,0.02821194887520889,0.02279888383498477,24.68087519771349,-2121.2301639213983,-1816.4236812416016,-304.8064826797968,0.0012211108733715115,-1,1,-1,-0.19999999999999996,MeanReversion
2022-07-21 00:00:00+09:00,79006.90625,79196.82669771634,77487.54266826923,118487,81167.25390625,83860.95703125,0.02838300980708641,0.022890161202838717,29.535861756543085,-1951.0722735094896,-1843.3533996951792,-107.71887381431043,0.014634054330750157,-1,1,-1,-0.19999999999999996,MeanReversion
2022-07-22 00:00:00+09:00,78342.1875,79481.71022727272,77867.38636363637,90219,80901.365234375,83663.12330729167,0.028323604065260823,0.022857291791609183,34.82588164314977,-1848.5492422920652,-1844.3925682145564,-4.1566740775087965,-0.00841342588325944,-1,1,-1,-0.19999999999999996,MeanReversion
2022-07-25 00:00:00+09:00,78722.0234375,78911.94388005127,77677.46100346804,97341,80507.2796875,83496.94283854167,0.02697968030498932,0.02279401598416393,32.12434305512987,-1716.8585391468805,-1818.8857624010213,102.02722325414084,0.004848421388539803,-1,1,-1,-0.19999999999999996,MeanReversion
2022-07-26 00:00:00+09:00,78722.0234375,79481.70520770506,78057.30188857057,108534,80094.202734375,83327.59713541667,0.026919268145742734,0.022789124838485973,53.44826730233076,-1594.1167228462728,-1773.9319544900718,179.81523164379905,0.0,-1,1,1,0.30000000000000004,Trend
2022-07-27 00:00:00+09:00,78911.9453125,79196.82598149819,77392.58174450963,162114,79709.61328125,83137.67669270834,0.026970125955174607,0.022675579735214193,51.351361367333865,-1464.6344468518218,-1712.0724529624217,247.43800611059987,0.0024125634315126376,-1,1,1,0.30000000000000004,Trend
2022-07-28 00:00:00+09:00,79481.7109375,79956.51207810633,78816.98934065114,140207,79225.316015625,83009.48033854166,0.025947632342242333,0.02228560598692064,51.78572740294561,-1301.04583948465,-1629.8671302668674,328.8212907822174,0.007220270932919881,-1,1,1,0.30000000000000004,Trend
2022-07-29 00:00:00+09:00,80431.3125,80716.19318181818,79291.78977272726,207128,78835.97890625,82898.693359375,0.026210606031877134,0.022352808609603047,62.96298553396357,-1082.299702350996,-1520.3536446836931,438.05394233269703,0.01194742225977885,-1,1,1,0.30000000000000004,Trend
2022-08-01 00:00:00+09:00,82045.6328125,82330.51348198784,80431.30901873553,247530,78731.52265625,82838.55182291666,0.02470582811539224,0.022427407666879864,69.67210848479903,-769.8058126895776,-1370.24407828487,600.4382655952925,0.02007079410148882,-1,1,1,0.30000000000000004,Trend
2022-08-02 00:00:00+09:00,82900.2734375,84419.63698274628,81190.98944909793,277455,78612.822265625,82821.14244791666,0.024618492562950147,0.0223248942381614,78.99162975402248,-448.02524172760604,-1185.8003109734173,737.7750692458112,0.01041664980454371,-1,1,-1,-0.19999999999999996,MeanReversion
2022-08-03 00:00:00+09:00,85084.359375,85369.24004255021,82900.27425711496,244195,78968.923046875,82835.38645833333,0.014165894911929681,0.022576177151214544,82.97871098969449,-16.58317839013762,-951.9568844567614,935.3737060666238,0.026345943709662478,-1,1,-1,-0.19999999999999996,MeanReversion
2022-08-04 00:00:00+09:00,82330.515625,85274.28261966552,82045.6349480969,206966,79154.095703125,82833.80377604166,0.016382550315574458,0.022805982941592366,71.34144842618534,101.95036899266415,-741.1754337668763,843.1258027595404,-0.03236603966027096,-1,1,-1,-0.19999999999999996,MeanReversion
2022-08-05 00:00:00+09:00,83470.03125,84134.75277303754,82045.62798634812,114057,79372.50390625,82860.70911458334,0.016564915257022774,0.02285590716591037,67.13283253296174,284.5582366687304,-536.028699679755,820.5869363484854,0.013840744423249784,-1,1,1,0.30000000000000004,Trend
2022-08-08 00:00:00+09:00,84894.4375,85084.35794183445,82235.55131431766,121554,79728.6046875,82901.85846354166,0.016178514475978713,0.022941043879943685,75.51022235654281,538.0120989600109,-321.22053995180187,859.2326389118127,0.017064882193871256,-1,1,-1,-0.19999999999999996,MeanReversion
2022-08-09 00:00:00+09:00,86413.796875,86508.75709134615,84609.55276442308,183210,80174.9171875,82890.77955729167,0.01632537541486587,0.021925782603456026,77.77777777777777,851.6583275476441,-86.64476645191266,938.3030939995568,0.017897042724383416,-1,1,-1,-0.19999999999999996,MeanReversion
2022-08-10 00:00:00+09:00,87933.1640625,88787.80604582882,86318.8403162122,245768,80754.174609375,82917.68502604167,0.015802382455643305,0.022011524251801886,78.31326853720029,1208.8901247026806,172.462211779006,1036.4279129236747,0.017582460700087177,-1,1,-1,-0.19999999999999996,MeanReversion
2022-08-11 00:00:00+09:00,89262.609375,89262.609375,87743.24581117021,217524,81404.651953125,82968.33046875,0.015770450144587802,0.022092107633358376,83.2370013667504,1581.048678744919,454.1795051721886,1126.8691735727305,0.01511881582647323,-1,1,-1,-0.19999999999999996,MeanReversion
2022-08-12 00:00:00+09:00,88882.765625,90781.97001869658,88028.12364783655,148815,82064.625,83047.46393229166,0.015620295183753722,0.021855443973175907,80.92485301733547,1824.3073187638074,728.2050678905124,1096.102250873295,-0.004255351178501177,-1,1,-1,-0.19999999999999996,MeanReversion
2022-08-16 00:00:00+09:00,88218.0546875,89927.33884721475,87838.21376311894,127580,82534.678125,83150.33763020833,0.013961501217074856,0.021616309063474493,77.77782348408186,1941.079371413769,970.7799285951637,970.2994428186053,-0.007478513217111682,-1,1,-1,-0.19999999999999996,MeanReversion
2022-08-17 00:00:00+09:00,87458.3671875,89452.53191164495,87078.52628766287,154071,83018.975390625,83213.64440104166,0.013662017664837068,0.021518063177509567,74.19356408228548,1949.845032362733,1166.5929493486776,783.2520830140554,-0.008611474178285672,-1,1,-1,-0.19999999999999996,MeanReversion
2022-08-18 00:00:00+09:00,87458.3671875,88218.04898717428,85559.16268831433,115191,83498.52421875,83273.7859375,0.013686574701523973,0.021517326234080106,73.33334247459415,1934.4922592331568,1320.1728113255735,614.3194479075833,0.0,1,1,-1,0.5,Trend
2022-08-19 00:00:00+09:00,87363.40625,89262.61073369565,86698.68468070652,130552,83916.34921875,83360.83294270834,0.013608087274396916,0.02133667765236719,71.34503542960076,1892.8430059637176,1434.7068502532024,458.13615571051514,-0.0010857844772749203,1,1,-1,0.5,Trend
2022-08-22 00:00:00+09:00,86413.796875,87268.43882211538,85654.11514423077,100599,84319.9296875,83430.4703125,0.013747936197484906,0.021392412663255308,64.02437036126628,1762.888649345623,1500.3432100716866,262.5454392739364,-0.010869646866590643,1,1,1,1.0,Trend
2022-08-23 00:00:00+09:00,89832.375,89832.375,85844.04545454546,361228,84875.447265625,83522.265234375,0.015698322265742175,0.021726591463469752,69.10995012467754,1913.6897457349405,1583.0125172043374,330.6772285306031,0.03956055917720036,1,1,1,1.0,Trend
2022-08-24 00:00:00+09:00,93820.703125,94010.62357667004,89547.49296242409,583030,85630.38125,83667.87096354166,0.01762398674966905,0.022385203452497743,71.90475966608841,2328.1875520714675,1732.0475241777635,596.140027893704,0.044397447189835404,1,1,-1,0.5,Trend
2022-08-25 00:00:00+09:00,94105.578125,95909.82230701312,92301.33394298688,459683,86390.062890625,83811.89401041667,0.017612709652069323,0.022382913645010726,83.695624957523,2649.1295649895765,1915.4639323401263,733.6656326494501,0.003036376732547641,1,1,-1,0.5,Trend
2022-08-26 00:00:00+09:00,93820.703125,96384.62922254554,93250.94176998988,280272,87107.0125,83929.01158854166,0.01780924360595518,0.022316379832809746,81.1428652020817,2847.6652780736767,2101.9042014868364,745.7610765868403,-0.0030271850582714865,1,1,-1,0.5,Trend
2022-08-29 00:00:00+09:00,92206.375,93820.69876416065,90307.1705715757,253905,87695.765625,84055.62513020834,0.01867805477998932,0.02217523618955285,71.75140140000558,2841.9828635034064,2249.9199338901503,592.0629296132561,-0.0172065234135923,1,1,-1,0.5,Trend
2022-08-30 00:00:00+09:00,92016.4609375,94200.54618163055,91541.65979747161,219930,88194.30703125,84149.00286458334,0.018515279554560084,0.022028181354965943,68.09818644886488,2789.9937204525777,2357.934691202636,432.0590292499419,-0.0020596630384829284,1,1,1,1.0,Trend
2022-08-31 00:00:00+09:00,92301.3359375,92871.09727044753,89262.60882844651,273653,88664.36015625,84224.97096354167,0.01849099356354472,0.021950903606501225,65.33334137763843,2740.191756860615,2434.3861043342317,305.80565252638326,0.0030959134604566785,1,1,1,1.0,Trend
2022-09-01 00:00:00+09:00,88313.0078125,92206.37697412634,88313.0078125,274018,88825.792578125,84217.05755208334,0.02087413575460943,0.022655113577747927,47.19101227460317,2351.788638583588,2417.866611184103,-66.07797260051484,-0.0432098634812893,1,1,-1,0.5,Trend
2022-09-02 00:00:00+09:00,86508.765625,88882.77126783754,86508.765625,202318,89034.705078125,84182.23880208333,0.019959514112411442,0.022808888434607447,43.52332754734225,1876.7550393513375,2309.6442968175497,-432.88925746621226,-0.020430084221914835,1,1,-1,0.5,Trend
2022-09-05 00:00:00+09:00,87078.53125,88123.09378407852,86413.80963740459,144647,89215.130078125,84175.908203125,0.019810124303685724,0.02276600547542145,46.87499866094938,1528.6415850884514,2153.4437544717302,-624.8021693832789,0.00658621841247653,1,1,-1,0.5,Trend
2022-09-06 00:00:00+09:00,87458.3671875,88882.77056188925,86508.76493790717,113961,89343.3265625,84228.136328125,0.019512885300593752,0.022263766958148072,50.0,1268.783009553852,1976.5116054881546,-707.7285959343026,0.004361992928078928,1,1,-1,0.5,Trend
2022-09-07 00:00:00+09:00,83849.875,86793.64184597963,82805.31257078143,281131,89215.13046875,84240.79765625,0.0213909624006448,0.022856776409404863,41.59291068940801,762.8741162198567,1733.7841076344953,-970.9099914146386,-0.04125954215179706,1,1,-1,0.5,Trend
2022-09-08 00:00:00+09:00,83659.9609375,85274.2848148411,82615.39842863224,249805,89001.4703125,84274.03385416667,0.020921550855053202,0.02274446325887234,41.40969562146201,342.6631877818727,1455.559923663971,-1112.8967358820983,-0.0022649295839737293,1,1,-1,0.5,Trend
2022-09-13 00:00:00+09:00,83849.875,84799.47720838053,82615.39212910533,214900,88730.83359375,84312.01796875,0.020551496158496812,0.022744773470874606,43.83561952604171,24.682947549474193,1169.3845284410718,-1144.7015808915976,0.002270071135245688,1,1,-1,0.5,Trend
2022-09-14 00:00:00+09:00,82045.6328125,82710.35437463831,81096.03058087385,186215,88388.976953125,84288.27799479167,0.020970167754628996,0.0227265653223965,29.702922713312134,-368.6563091573771,861.7763609213821,-1230.4326700787592,-0.02151752984127886,1,1,-1,0.5,Trend
2022-09-15 00:00:00+09:00,82045.6328125,83375.07593677661,81665.79191984954,174271,88080.355859375,84256.624609375,0.020971319986289427,0.022713150446015885,11.249904230861986,-672.6268799771933,554.895712741667,-1227.5225927188603,0.0,1,1,-1,0.5,Trend
2022-09-16 00:00:00+09:00,79956.5078125,82140.59294277019,79766.58736638955,249116,87705.262890625,84139.50703125,0.02153032439915851,0.022447155730250263,8.379827413850549,-1069.7690436681878,229.96276145969608,-1299.731805127884,-0.025462964065062543,1,1,-1,0.5,Trend
2022-09-19 00:00:00+09:00,77962.34375,80526.26979293545,77487.54263093788,303236,87230.46171875,84033.46809895833,0.021989296252564253,0.02232975169434906,7.614154688592336,-1527.8078259768808,-121.59135602761933,-1406.2164699492614,-0.024940609802223568,1,1,-1,0.5,Trend
2022-09-20 00:00:00+09:00,79481.7109375,79766.5916218638,78342.18820004481,178036,86836.376953125,83973.32669270833,0.022678469423374988,0.0224148838531986,15.816298047439531,-1748.0561239283852,-446.88430960777254,-1301.1718143206126,0.019488475004960426,1,1,-1,0.5,Trend
2022-09-21 00:00:00+09:00,80336.3515625,82615.39699689717,78816.98793956856,224801,86532.5046875,83917.933203125,0.022881808638838538,0.022442524951940185,19.704398559805213,-1832.5180041020503,-724.0110485066282,-1108.5069555954221,0.010752670204495773,1,1,-1,0.5,Trend
2022-09-22 00:00:00+09:00,81001.0703125,81190.99075871923,78437.14428854044,215900,86090.939453125,83824.55546875,0.020826402057417794,0.021994276145073367,21.256017335012146,-1824.7824486358004,-944.1653285324626,-880.6171201033378,0.008274196388951882,1,1,-1,0.5,Trend
2022-09-23 00:00:00+09:00,79861.5546875,82235.56047488109,79481.71376151901,164451,85392.98203125,83705.85533854166,0.017460702611593014,0.02204604021426592,24.858744194521194,-1888.8281180154008,-1133.0978864290503,-755.7302315863506,-0.01406790824619697,1,1,-1,0.5,Trend
2022-09-26 00:00:00+09:00,75778.2578125,78911.9451656485,75493.37714403195,351282,84476.616015625,83525.43072916666,0.019854133251972533,0.023008996190048966,21.890521809069085,-2243.2143262983736,-1355.1211744029151,-888.0931518954585,-0.05112969426876335,1,1,-1,0.5,Trend
2022-09-27 00:00:00+09:00,74828.65625,76537.94027601523,73879.05401332487,258003,83527.013671875,83286.44739583334,0.019771470891379997,0.022672370427678508,18.536540926592266,-2571.055334055156,-1598.3080063333632,-972.7473277217928,-0.012531319535606378,1,1,-1,0.5,Trend
2022-09-28 00:00:00+09:00,72169.765625,76063.1345600329,71600.00431743421,318241,82525.183203125,83018.97591145833,0.020508750851911162,0.023055867213489165,14.847135215610152,-3010.7162836189673,-1880.7896617904842,-1129.9266218284831,-0.03553305322117151,-1,1,-1,-0.19999999999999996,MeanReversion
2022-09-29 00:00:00+09:00,70555.4453125,73689.13265477793,70365.52486751346,281414,81452.132421875,82792.65403645833,0.020486453443171945,0.02246811148438556,16.346131407128908,-3449.6475222103327,-2194.561233874454,-1255.0862883358786,-0.022368374048602813,-1,1,-1,-0.19999999999999996,MeanReversion
2022-09-30 00:00:00+09:00,69226.0078125,71030.25218621398,68846.16689171811,216344,80298.366015625,82525.1828125,0.020150459512504153,0.022457825801557096,15.45452301690527,-3860.2792900843633,-2527.704845116436,-1332.5744449679273,-0.018842450701171742,-1,1,-1,-0.19999999999999996,MeanReversion
2022-10-04 00:00:00+09:00,72359.6875,72739.52837926509,69605.84112532808,187434,79500.7,82431.80520833333,0.022800061372252284,0.0202995345216431,25.89639710509755,-3888.027403346525,-2799.7693567624538,-1088.258046584071,0.04526737546367876,-1,1,-1,-0.19999999999999996,MeanReversion
2022-10-05 00:00:00+09:00,71125.2109375,73499.21664302403,70365.5291117323,211366,78731.522265625,82306.77434895834,0.02272821642641366,0.02036169766457189,26.530599909333603,-3963.9361363485514,-3032.6027126796735,-931.3334236688779,-0.017060280456573262,-1,1,-1,-0.19999999999999996,MeanReversion
2022-10-06 00:00:00+09:00,75588.34375,76253.06536589196,72264.73567054019,231358,78157.012890625,82248.215625,0.02752172954251585,0.02188654209114239,38.35616785720625,-3622.2023422749335,-3150.5226385987257,-471.67970367620774,0.06275036310854532,-1,1,-1,-0.19999999999999996,MeanReversion
2022-10-07 00:00:00+09:00,76063.140625,76917.78265449438,73879.05543851436,257900,77587.2515625,82219.72760416666,0.02756672809107065,0.021800449717296614,42.54545193452875,-3275.307996863703,-3175.4797102517214,-99.82828661198164,0.006281350423159582,-1,1,-1,-0.19999999999999996,MeanReversion
2022-10-11 00:00:00+09:00,72739.53125,74923.61639197129,72074.80968505223,178527,77031.734375,82140.59401041667,0.02774278089119292,0.022536087049613285,40.48442167795976,-3231.3304627453326,-3186.6498607504436,-44.680601994889,-0.043695400264706086,-1,1,-1,-0.19999999999999996,MeanReversion
2022-10-12 00:00:00+09:00,73404.2578125,73594.17827255822,71410.09298188874,129395,76518.94921875,82091.53138020834,0.02796263384680361,0.022500008700811466,38.57142269490376,-3107.0242305985303,-3170.7247347200614,63.70050412153114,0.009138449905806922,-1,1,-1,-0.19999999999999996,MeanReversion
2022-10-13 00:00:00+09:00,70270.5625,73404.24974662163,70270.5625,222529,75839.98359375,81991.823046875,0.029063508402689453,0.02317407184766115,32.565774428830025,-3224.2070168869395,-3181.421191153437,-42.785825733502406,-0.042690920198451554,-1,1,-1,-0.19999999999999996,MeanReversion
2022-10-14 00:00:00+09:00,71600.0078125,73024.41115094496,71410.087367374,147318,75317.70234375,81923.76809895833,0.029523063528770824,0.02330353585666857,34.083598223998024,-3173.221174755221,-3179.7811878737944,6.560013118573352,0.018918950769748033,-1,1,-1,-0.19999999999999996,MeanReversion
2022-10-17 00:00:00+09:00,71030.2421875,71789.92392212567,69036.07763410761,143949,74766.9328125,81793.98893229167,0.02948010338248239,0.022672681185799074,34.75408173394389,-3142.5643263642123,-3172.3378155718783,29.77348920766599,-0.007957619592613097,-1,-1,-1,-1.0,Defensive
2022-10-18 00:00:00+09:00,70365.5234375,73024.40961327597,69226.00079073886,180006,74287.38359375,81670.540625,0.02916239386896898,0.02264418243876666,39.40519991314108,-3135.7587263272144,-3165.021997722946,29.263271395731408,-0.009358249803588237,-1,1,-1,-0.19999999999999996,MeanReversion
2022-10-19 00:00:00+09:00,69320.9609375,71410.08578767124,69320.9609375,147610,73855.314453125,81528.10013020833,0.02890142112227216,0.02270542698805635,39.259253616509106,-3178.018484402768,-3167.6212950589106,-10.397189343857463,-0.014844805367330238,-1,1,-1,-0.19999999999999996,MeanReversion
2022-10-20 00:00:00+09:00,69226.0078125,70650.41126543209,68181.4452803498,215751,73342.529296875,81365.08515625,0.028317454522233,0.022602549216904983,43.62141506025952,-3182.4858548676275,-3170.5942070206543,-11.891647846973228,-0.0013697606570343135,-1,1,-1,-0.19999999999999996,MeanReversion
2022-10-21 00:00:00+09:00,67896.5625,69320.96590909091,66757.03977272726,209294,72720.53984375,81190.99140625,0.02813165597430022,0.022697746120493686,44.166672094288415,-3255.770903894314,-3187.6295463953866,-68.14135749892739,-0.019204419762307134,-1,1,-1,-0.19999999999999996,MeanReversion
2022-10-24 00:00:00+09:00,67991.515625,69605.83932000698,67421.75432087989,141354,72070.062109375,81012.149609375,0.02795956184730158,0.022683537766888223,47.13654104523727,-3268.5105545118713,-3203.805748018684,-64.70480649318733,0.0013984967942963777,-1,1,-1,-0.19999999999999996,MeanReversion
2022-10-25 00:00:00+09:00,66187.2734375,67611.67673959828,65712.47233680058,234576,71386.348046875,80803.237109375,0.028232757757243824,0.02289916338611488,34.741782042839006,-3385.1719304428552,-3240.0789845035183,-145.09294593933691,-0.02653628428363186,-1,1,-1,-0.19999999999999996,MeanReversion
2022-10-26 00:00:00+09:00,65807.4375,66757.03977272726,65142.715909090904,181680,70887.80703125,80584.82864583333,0.02634960279862675,0.022891391522488272,36.27450545470824,-3468.296138161517,-3285.722415235118,-182.57372292639866,-0.005738806235290439,-1,1,-1,-0.19999999999999996,MeanReversion
2022-10-27 00:00:00+09:00,67991.515625,68181.4360597067,65522.54997381284,258980,70545.95,80393.325390625,0.02775345902663504,0.02331599172035883,27.777732071473693,-3319.66874519852,-3292.5116812277984,-27.157063970721538,0.03318892526395678,-1,1,-1,-0.19999999999999996,MeanReversion
2022-10-28 00:00:00+09:00,69510.8828125,70365.52481429304,67516.71814164959,223945,70413.005859375,80211.31822916666,0.027340822386368407,0.02346051031059029,31.93716194999368,-3044.1887187152606,-3242.847088725291,198.65837001003047,0.022346423278455818,-1,1,-1,-0.19999999999999996,MeanReversion
2022-10-31 00:00:00+09:00,69036.078125,70080.64051753783,68656.23725498625,111677,70337.0375,79994.49231770834,0.0269354567901624,0.023282901708211866,37.888182570748214,-2831.541337211689,-3160.5859384225705,329.0446012108814,-0.006830652529342007,-1,1,-1,-0.19999999999999996,MeanReversion
2022-11-01 00:00:00+09:00,70650.40625,70840.3266969086,68561.28133400537,164018,70408.257421875,79790.32786458333,0.02710627504462803,0.0234633110768062,41.52045067354217,-2503.8906740711536,-3029.2468855522875,525.3562114811339,0.023383833045629077,-1,1,-1,-0.19999999999999996,MeanReversion
2022-11-02 00:00:00+09:00,71220.1640625,71694.96515625001,69985.68121875,140035,70351.28125,79559.25794270834,0.025207389857617658,0.0232043894944792,53.47222341249096,-2173.199181735152,-2858.0373447888605,684.8381630537087,0.008064466189817487,-1,1,1,0.30000000000000004,Trend
2022-11-03 00:00:00+09:00,70935.28125,71505.04254518072,69415.91779618473,138579,70341.784765625,79369.33736979167,0.024926254636921556,0.02286998336921508,47.368398262774804,-1912.0702974920277,-2668.843935329494,756.7736378374661,-0.004000030275835953,-1,1,1,0.30000000000000004,Trend
2022-11-04 00:00:00+09:00,72169.765625,73119.3678042763,70365.521484375,155874,70170.855859375,79180.999609375,0.020890711146340276,0.022916603299290936,54.28572268075466,-1587.2147793814074,-2452.5181041398764,865.303324758469,0.017402967229371402,-1,1,1,0.30000000000000004,Trend
2022-11-07 00:00:00+09:00,71789.9296875,73119.37282986111,71410.08878968254,137259,69957.1953125,78962.59114583333,0.020800547713876887,0.022777759584822217,55.474471841558476,-1344.910732806049,-2230.996629873111,886.085897067062,-0.005263089525240461,-1,1,1,0.30000000000000004,Trend
2022-11-08 00:00:00+09:00,73309.296875,73974.01847878886,71979.85366742229,129491,69985.68359375,78744.1828125,0.01895580433190582,0.022830416035154576,64.7887740115122,-1018.5416815540666,-1988.5056402093023,969.9639586552357,0.02116407125781805,-1,1,1,0.30000000000000004,Trend
2022-11-09 00:00:00+09:00,73214.3359375,74163.93821943903,72739.53479653048,136227,69976.1875,78498.86901041666,0.01884669706120616,0.02267748562179141,64.7887364744762,-758.807352293341,-1742.56598262611,983.7586303327691,-0.001295346450558954,-1,1,1,0.30000000000000004,Trend
2022-11-10 00:00:00+09:00,72074.8125,74163.9375,71694.97159090909,197444,70066.4,78212.40572916667,0.01631845002867226,0.02260928987022567,65.71429746733534,-637.5665725045401,-1521.5661006017963,883.9995280972562,-0.0155642118843059,-1,1,1,0.30000000000000004,Trend
2022-11-11 00:00:00+09:00,74353.859375,74638.74006226053,73309.2968550447,172973,70204.092578125,77970.25729166667,0.017226551772480666,0.023048229379420544,70.55217665615142,-353.5073325275007,-1287.9543469869373,934.4470144594366,0.03162057306774124,-1,1,-1,-0.19999999999999996,MeanReversion
2022-11-14 00:00:00+09:00,73024.4140625,74828.65836313393,72834.49360980169,174359,70303.801171875,77717.02994791667,0.017670800485125274,0.023123346334106964,72.78482001337169,-232.97784086427419,-1076.9590457624047,843.9812048981305,-0.01787997722882151,-1,1,-1,-0.19999999999999996,MeanReversion
2022-11-15 00:00:00+09:00,73499.2109375,73784.09160004844,72359.6882873062,134934,70460.485546875,77484.37734375,0.01751674882881207,0.023144853457647094,75.47167565872637,-98.01535063394113,-881.1703067367121,783.1549561027709,0.006501892293084843,-1,1,-1,-0.19999999999999996,MeanReversion
2022-11-16 00:00:00+09:00,75683.3046875,75873.22515095671,73309.29889429109,166372,70778.602734375,77288.12630208333,0.018024965985208856,0.023512816543157327,75.47170104204989,183.0711770466005,-668.3220099800495,851.39318702665,0.029715880240636094,-1,1,-1,-0.19999999999999996,MeanReversion
2022-11-17 00:00:00+09:00,73689.140625,75873.22597857603,73689.140625,102351,71001.759375,77060.221875,0.019296258773158506,0.023720017926788187,63.414646381797596,242.13076865334006,-486.23145425337157,728.3622229067116,-0.02634879740960039,-1,1,1,0.30000000000000004,Trend
2022-11-18 00:00:00+09:00,74163.9375,75018.57954545454,73309.29545454546,110664,71315.128125,76856.05755208334,0.018560282093070972,0.023725461928274,66.46342992847418,323.51873764833726,-324.2814158730298,647.8001535213671,0.006443240767540104,-1,1,1,0.30000000000000004,Trend
2022-11-21 00:00:00+09:00,73024.4140625,74543.77768408647,72074.81179900844,101737,71566.773046875,76575.92486979166,0.019081277469705,0.023150103874867094,57.861640426962005,292.6952626427228,-200.88608016987928,493.5813428126021,-0.015364926349817898,-1,1,1,0.30000000000000004,Trend
2022-11-22 00:00:00+09:00,74353.859375,74828.66052043423,72834.49570961048,106980,71975.10234375,76251.47747395834,0.01791519000752526,0.022501240802675165,59.88025840065699,371.2628753859899,-86.45628905870545,457.71916444469537,0.018205490993219886,-1,1,1,0.30000000000000004,Trend
2022-11-23 00:00:00+09:00,74258.8984375,74543.77912204283,73404.25638387149,97743,72397.675390625,75920.69947916667,0.01779050683779661,0.022485689879437182,60.606084781265686,421.01254989553127,15.037478732141892,405.9750711633894,-0.0012771487357645661,-1,1,1,0.30000000000000004,Trend
2022-11-24 00:00:00+09:00,73689.140625,74638.74295264175,73309.29969394329,82880,72682.556640625,75585.1734375,0.016878789386916504,0.022490548926434085,55.063328049920955,409.7415856235748,93.97830011042848,315.76328551314634,-0.007672586376695767,-1,1,1,0.30000000000000004,Trend
2022-11-25 00:00:00+09:00,74258.8984375,74543.77912204283,73404.25638387149,71265,72919.957421875,75286.048828125,0.01636648302664745,0.02247146063175025,58.12500707018665,441.69240395040833,163.52112087842445,278.1712830719839,0.007731910124986641,-1,1,1,0.30000000000000004,Trend
2022-11-28 00:00:00+09:00,72169.765625,74068.96998355263,71315.1236636513,140435,73076.641796875,74955.27057291666,0.017735602464963845,0.022699356648021477,46.385517089620144,295.03709532954963,189.8243157686495,105.21277956090012,-0.02813309726454294,-1,1,1,0.30000000000000004,Trend
2022-11-29 00:00:00+09:00,72834.484375,73024.404803618,71694.96180329206,128726,73185.845703125,74630.823046875,0.01713481878997355,0.02274526913637104,48.837177043448314,229.7999635573069,197.819445326381,31.980518230925924,0.009210487857947758,-1,1,1,0.30000000000000004,Trend
2022-11-30 00:00:00+09:00,74353.859375,74353.859375,72074.81387691571,193944,73342.53046875,74398.17057291667,0.01761253019889539,0.02233808220326794,56.81817969340886,297.27315133053344,217.71018652721148,79.56296480332196,0.02086065430459083,-1,1,1,0.30000000000000004,Trend
2022-12-01 00:00:00+09:00,73214.3359375,75018.58027318417,73024.41548111218,140665,73456.483203125,74176.59674479166,0.018004372018813237,0.02227798599565676,46.341464638179765,255.84687720607326,225.33752466298387,30.509352543089392,-0.015325679757292376,-1,1,1,0.30000000000000004,Trend
2022-12-02 00:00:00+09:00,70270.5625,73309.28952702702,70270.5625,202320,73361.523046875,73896.46393229166,0.019947164086493475,0.022781471443384813,41.98894475148418,-14.356168785510818,177.39878597328493,-191.75495475879575,-0.040207609613682416,-1,1,-1,-0.19999999999999996,MeanReversion
2022-12-05 00:00:00+09:00,70080.640625,71030.24280149052,69605.83953675475,116713,73276.05859375,73606.83515625,0.019928689443170618,0.02275805676467749,39.887649018269286,-241.04057184120757,93.71091441038644,-334.751486251594,-0.002702723135310059,-1,1,-1,-0.19999999999999996,MeanReversion
2022-12-06 00:00:00+09:00,70745.3671875,71789.92965604027,69700.80471895973,144376,73147.862109375,73388.42669270834,0.019415227074879967,0.022249771059402703,33.95062104577832,-362.8687906530249,2.394973397704163,-365.2637640507291,0.009485166753211205,-1,1,-1,-0.19999999999999996,MeanReversion
2022-12-07 00:00:00+09:00,70080.640625,71125.20301913958,69795.75997205285,119498,72991.17734375,73162.1046875,0.019489810669787874,0.02226594916286022,37.16214638701895,-507.20961333290325,-99.52594394841732,-407.68366938448594,-0.009396043711784596,-1,1,-1,-0.19999999999999996,MeanReversion
2022-12-08 00:00:00+09:00,69131.0390625,70555.44233988668,67991.51644059067,230575,72843.988671875,72916.79075520833,0.019420538529219367,0.022297453935453126,32.67975297157345,-690.2686775312905,-217.67449066499196,-472.5941868662985,-0.013550126740154878,-1,1,-1,-0.19999999999999996,MeanReversion
2022-12-09 00:00:00+09:00,69890.7265625,69890.7265625,68656.24362049933,139532,72620.83203125,72714.208984375,0.01808117865534921,0.022236085394986914,38.92620228967591,-765.2228597091598,-327.18416447382555,-438.0386952353343,0.010989094194189475,-1,1,-1,-0.19999999999999996,MeanReversion
2022-12-12 00:00:00+09:00,69890.7265625,70650.40837296196,69320.96520465353,87834,72464.14765625,72511.62721354167,0.017743129724829824,0.022236085394986914,32.59262960893207,-815.2271578860091,-424.7927631562623,-390.43439472974677,0.0,-1,1,-1,-0.19999999999999996,MeanReversion
2022-12-13 00:00:00+09:00,70745.3671875,71410.08875838926,69985.685392198,117854,72326.45546875,72358.108203125,0.017933427606466625,0.02210661326749284,37.062956374456604,-776.9375164817029,-495.2217138213505,-281.71580266035244,0.01222824066989392,-1,1,-1,-0.19999999999999996,MeanReversion
2022-12-14 00:00:00+09:00,70745.3671875,71600.00920721477,70365.52628984899,113934,72079.55859375,72237.82526041666,0.01638092654473126,0.02189649788684967,38.68613708521421,-738.0845208916435,-543.794275235409,-194.29024565623445,0.0,-1,1,-1,-0.19999999999999996,MeanReversion
2022-12-15 00:00:00+09:00,69320.9609375,71694.96644905822,69226.00071703768,161169,71861.149609375,72068.47942708334,0.01596041760415472,0.021852576604024204,32.191813242482056,-812.8607691228826,-597.6075740129038,-215.25319510997883,-0.020134268951136014,-1,1,-1,-0.19999999999999996,MeanReversion
2022-12-16 00:00:00+09:00,69131.0390625,70270.56168440935,68371.35731456045,163845,71609.5046875,71881.72421875,0.01580477616624296,0.021786104823758916,37.30162720377036,-877.3332411659067,-653.5527074435045,-223.7805337224022,-0.0027397467148678745,-1,1,-1,-0.19999999999999996,MeanReversion
2022-12-19 00:00:00+09:00,68371.359375,69036.08092447916,67991.51848958334,88394,71376.851953125,71671.22903645833,0.015658435096514395,0.021767194101197335,31.496141034594004,-978.448990730496,-718.5319641009028,-259.91702662959324,-0.01098898118417091,-1,1,-1,-0.19999999999999996,MeanReversion
2022-12-20 00:00:00+09:00,67896.5625,68846.16477272726,67611.68181818182,102741,71053.987109375,71471.8125,0.014842432221421106,0.021723408520364144,20.68970163946517,-1084.3958501815941,-791.704741317041,-292.69110886455314,-0.006944382550533423,-1,1,-1,-0.19999999999999996,MeanReversion
2022-12-21 00:00:00+09:00,68751.203125,69415.92470217541,67896.56109720304,113018,70778.60234375,71354.694921875,0.015314673350440792,0.020799975036823393,29.203564306552494,-1086.8684013164311,-850.7374733169191,-236.13092799951198,0.01258739166655154,-1,1,-1,-0.19999999999999996,MeanReversion
2022-12-22 00:00:00+09:00,70270.5625,70270.5625,69131.03986486487,138296,70607.6734375,71278.72669270834,0.016317313901138376,0.020966676993033395,50.0,-955.2171633016696,-871.6334113138693,-83.58375198780038,0.02209938598801786,-1,1,-1,-0.19999999999999996,MeanReversion
2022-12-23 00:00:00+09:00,68466.3203125,69795.76342536407,68466.3203125,122480,70318.04453125,71217.00260416667,0.01695057003296288,0.020717499230823836,42.60871431484137,-985.1140924832289,-894.3295475477412,-90.7845449354877,-0.0256756474306008,-1,1,-1,-0.19999999999999996,MeanReversion
2022-12-26 00:00:00+09:00,68371.359375,68846.16048177083,67706.63782552083,81728,70128.12421875,71180.601171875,0.015944558912116425,0.020520184296198608,38.53209901236711,-1004.8864725544408,-916.4409325490813,-88.44554000535959,-0.0013869729973302602,-1,1,-1,-0.19999999999999996,MeanReversion
2022-12-27 00:00:00+09:00,69795.765625,69985.68607568026,68086.48156887754,134138,69976.18828125,71190.09713541667,0.016585987650564585,0.020552648869891957,48.71797396007661,-895.2981068261433,-912.2123674044938,16.914260578350422,0.020833376182963992,-1,1,1,0.30000000000000004,Trend
2022-12-28 00:00:00+09:00,69510.8828125,70270.56459187159,68656.24081070696,112863,69734.039453125,71142.61705729166,0.015696570614485632,0.019724009906985883,51.81819541674146,-821.9611431435624,-894.1621225523076,72.20097940874518,-0.004081663263508339,-1,1,1,0.30000000000000004,Trend
2022-12-29 00:00:00+09:00,67136.875,69700.80091937765,67136.875,144487,69430.16640625,71076.14479166667,0.01701644514132398,0.020099750546823458,38.58265319144663,-944.5158701085602,-904.2328720635581,-40.282998045002046,-0.03415303786176471,-1,1,-1,-0.19999999999999996,MeanReversion
2023-01-02 00:00:00+09:00,67421.7578125,69700.80314700704,66851.99647887323,105162,69287.726171875,70940.03502604166,0.014734956807488672,0.018405780451591736,39.99998734287765,-1007.0451227722078,-924.7953222052881,-82.2498005669197,0.004243313566501206,-1,1,-1,-0.19999999999999996,MeanReversion
2023-01-03 00:00:00+09:00,65997.359375,67896.56396133093,64667.91616456835,219996,69083.562109375,70772.27200520833,0.015354296233750989,0.018542842248535127,31.617653730913503,-1158.1862060810818,-971.473498980447,-186.71270710063482,-0.021126687937464528,-1,1,-1,-0.19999999999999996,MeanReversion
2023-01-04 00:00:00+09:00,70650.40625,73024.41183635753,67991.51999327957,763996,69078.8140625,70737.45325520834,0.02201899952581309,0.019852608650858434,49.72972756627623,-892.2196550429508,-955.6227301929478,63.403075149996994,0.07050353103616125,-1,1,1,0.30000000000000004,Trend
2023-01-05 00:00:00+09:00,69700.8046875,71979.85007237739,69036.08311691077,230704,69059.822265625,70675.72903645833,0.02212939984276406,0.019882401316081082,51.111120252371926,-749.4252493288222,-914.3832340201227,164.95798469130045,-0.013440850702822416,-1,1,1,0.30000000000000004,Trend
2023-01-06 00:00:00+09:00,70270.5625,70935.28403716216,68751.19898648649,164271,69116.7984375,70675.72903645833,0.021972184581304302,0.019103084527306448,53.26087491130118,-583.5580660846754,-848.2182004330333,264.66013434835793,0.008174336222579903,-1,1,1,0.30000000000000004,Trend
2023-01-09 00:00:00+09:00,72169.765625,72169.765625,70460.48170230263,196031,69230.750390625,70685.225,0.022625545781155585,0.019261632785154355,60.204083345925895,-295.4515271773271,-737.6648657818921,442.213338604565,0.02702700899825583,-1,1,1,0.30000000000000004,Trend
2023-01-10 00:00:00+09:00,71125.2109375,72549.61436081442,70745.37002461616,175582,69292.474609375,70686.8078125,0.022912996738785017,0.019327403267649344,58.41585247194933,-149.68636176924338,-620.0691649793624,470.38280321011905,-0.01447357738318833,-1,1,1,0.30000000000000004,Trend
2023-01-11 00:00:00+09:00,71600.0078125,71884.888480189,70840.32603199602,123423,69335.206640625,70707.38255208333,0.022803238855458444,0.01930584098537828,57.57576135313997,4.0984770749055315,-495.2356365685089,499.3341136434144,0.0066755074430249195,-1,1,1,0.30000000000000004,Trend
2023-01-12 00:00:00+09:00,72169.765625,72834.48715049341,71600.00431743421,198485,69406.4265625,70754.86263020833,0.022861055519699042,0.019225406680390408,55.31915172944966,169.98923355308943,-362.19066254418925,532.1798960972787,0.007957510479496444,-1,1,1,0.30000000000000004,Trend
2023-01-13 00:00:00+09:00,73309.296875,73689.13779145078,72359.69458387306,180592,69605.843359375,70822.91744791667,0.02250737834445038,0.01932031620784755,64.08842214926386,388.9262024912314,-211.96728953710513,600.8934920283365,0.015789593330829188,-1,1,1,0.30000000000000004,Trend
2023-01-16 00:00:00+09:00,72644.5703125,73404.25209354574,71979.84875408496,114691,69781.519921875,70902.05091145834,0.022634491888645608,0.019181889288595953,62.03209285484567,502.99918795567646,-68.97399403854882,571.9731819942253,-0.009067425153912345,-1,1,1,0.30000000000000004,Trend
2023-01-17 00:00:00+09:00,72264.7265625,73309.28897010513,71505.04481151445,160066,69976.18828125,70973.27109375,0.0224885868348583,0.019199445840515063,57.38635221569298,556.3394992117974,56.08870461152042,500.25079460027695,-0.005228797532506602,-1,1,1,0.30000000000000004,Trend
2023-01-18 00:00:00+09:00,71505.046875,72454.64909113546,70650.40488047809,150171,70156.6125,71061.90065104167,0.022584816094537708,0.01891069480090409,55.80110698138258,531.1890614584845,151.10877598091326,380.08028547757124,-0.010512455019711098,-1,1,1,0.30000000000000004,Trend
2023-01-19 00:00:00+09:00,71410.0859375,71694.9665994847,70365.52351022275,110053,70289.556640625,71155.278125,0.022476632263501675,0.018891376121557446,64.33122554457614,497.8556344556564,220.4581476758619,277.39748677979446,-0.001328031260031226,-1,1,1,0.30000000000000004,Trend
2023-01-20 00:00:00+09:00,72454.6484375,72644.56887901376,70935.28490538991,124152,70398.7609375,71229.663671875,0.022191754511030802,0.018523878697788383,66.06061754384565,549.3930562117748,286.2451293830445,263.1479268287303,0.014627660592849923,-1,1,1,0.30000000000000004,Trend
2023-01-25 00:00:00+09:00,72359.6875,73404.249917979,72074.80684055117,560,70593.429296875,71277.14375,0.021245493517743474,0.018318594708864946,72.18542108216784,575.9352570895135,344.1831549243383,231.7521021651752,-0.0013106258818150751,-1,1,-1,-0.19999999999999996,MeanReversion
2023-01-26 00:00:00+09:00,73119.375,73119.375,71505.05113636363,456,70830.830078125,71345.19869791667,0.0212884464839674,0.01833429510081156,61.81819541674145,650.7689158160647,405.50030710268356,245.26860871338113,0.010498767010291399,-1,1,1,0.30000000000000004,Trend
2023-01-27 00:00:00+09:00,74828.65625,75778.25848667513,72834.49155298223,894,71082.474609375,71414.83619791667,0.021401607692021415,0.018334150043920822,72.88135711392275,838.3360254643194,492.0674507750108,346.2685746893086,0.02337658452359581,-1,1,-1,-0.19999999999999996,MeanReversion
2023-01-30 00:00:00+09:00,73214.3359375,75208.50072957198,72929.45525291828,1537,71267.647265625,71448.07239583334,0.022087337615059693,0.01854256711284385,62.015532056151116,846.9589380039688,563.0457482208025,283.91318978316633,-0.021573557423062772,-1,1,1,0.30000000000000004,Trend
2023-01-31 00:00:00+09:00,75588.34375,76442.98582757538,72454.65613222361,1090,71690.220703125,71525.6234375,0.021165640090679953,0.018970740947899536,63.43287339187283,1033.4423680506588,657.1250721867738,376.3172958638851,0.032425450317907556,1,1,1,1.0,Trend
2023-02-01 00:00:00+09:00,76158.1015625,76632.90269443579,74638.7379403055,1141,72127.037890625,71592.095703125,0.021164512520008776,0.018871205034536497,70.54262033286054,1213.2212641778315,768.3443105849854,444.8769535928461,0.007537641178968046,1,1,-1,0.5,Trend
2023-02-02 00:00:00+09:00,75873.21875,77107.7016583229,75208.49718397997,1219,72620.830859375,71660.15052083334,0.02031188402059334,0.018863756810504756,67.7165206406789,1317.522097876572,878.1798680433027,439.34222983326924,-0.0037406763910232677,1,1,1,1.0,Trend
2023-02-03 00:00:00+09:00,78816.9921875,79196.83311370482,75398.42385165663,700,73029.16015625,71751.94544270834,0.01625501447961901,0.019296303929084758,73.02631756992642,1619.0557079211576,1026.3550360188738,592.7006719022838,0.038798583821778365,1,1,-1,0.5,Trend
2023-02-06 00:00:00+09:00,77392.5859375,78816.98935966258,76537.94388420245,612,73413.74921875,71821.58294270834,0.016575418756204253,0.01945684021321884,63.87094993505884,1723.2213629940234,1165.7283014139039,557.4930615801195,-0.018072324386744443,1,1,1,1.0,Trend
2023-02-07 00:00:00+09:00,75873.21875,78342.18456664581,75683.2983025657,981,73693.88203125,71884.88971354166,0.017472753242998934,0.019523984551918974,60.365846011376505,1663.9917004386516,1265.3809812188535,398.61071921979806,-0.01963194754503994,1,1,1,1.0,Trend
2023-02-08 00:00:00+09:00,75493.3828125,77107.70672169811,75018.58166273584,1311,73860.062890625,71903.88177083334,0.016713544385664254,0.01912764099238056,60.365876294141785,1568.3235230754362,1325.96948959017,242.3540334852662,-0.005006192484749428,1,1,1,1.0,Trend
2023-02-09 00:00:00+09:00,75588.34375,77012.74721262562,75303.46305747487,670,74083.21953125,71946.61393229167,0.016242715929503892,0.018976442176627906,63.694282201850626,1483.072421601988,1357.3900759925336,125.68234560945439,0.001257871007527278,1,1,1,1.0,Trend
2023-02-10 00:00:00+09:00,78057.3046875,78911.94670962592,75113.53772239963,564,74406.084375,72022.58216145834,0.017492669320511158,0.019396302855085694,69.23077270799939,1596.333286725625,1405.178718139152,191.15456858647303,0.03266324958337252,1,1,1,1.0,Trend
2023-02-13 00:00:00+09:00,79956.5078125,80241.38848166568,77297.62156695369,1001,74795.421484375,72093.80221354167,0.018030437422533747,0.019278181339582378,70.68062894880573,1818.3819826290273,1487.8193710371272,330.5626115919001,0.02433088270986805,1,1,-1,0.5,Trend
2023-02-14 00:00:00+09:00,79766.5859375,80526.26770833333,79291.78483072916,2008,75118.2859375,72195.09296875,0.01792626283887716,0.018940363487174042,70.31249799142408,1956.4789938624162,1581.551295602185,374.9276982602312,-0.002375314782948945,1,1,-1,0.5,Trend
2023-02-15 00:00:00+09:00,80526.265625,82140.58934625589,80241.38496830779,961,75512.370703125,72301.13177083334,0.017678946539194343,0.018958416819388344,70.31248527043692,2102.9798296565277,1685.8370024130536,417.14282724347413,0.009523783405939401,1,1,-1,0.5,Trend
2023-02-16 00:00:00+09:00,81096.03125,81285.95169789228,79861.54833870023,374,75953.9359375,72435.65872395833,0.017511505848643204,0.01884168447545897,68.33333028624918,2239.2454935447167,1796.5187006393862,442.7267929053305,0.007075525241085012,1,1,1,1.0,Trend
2023-02-17 00:00:00+09:00,80811.15625,81475.87786427732,79766.59371327849,684,76419.24140625,72543.28033854166,0.017234212098309554,0.01873092872459859,74.09639121481479,2297.7628029323823,1896.7675210979855,400.9952818343968,-0.0035128106222830358,1,1,-1,0.5,Trend
2023-02-20 00:00:00+09:00,79196.828125,80811.15195968226,78342.1860948741,473,76808.578515625,72625.57916666666,0.018153754080818298,0.018934354930835968,62.025299977713864,2188.6460546984163,1955.1432278180719,233.5028268803444,-0.01997655026746381,1,1,1,1.0,Trend
2023-02-21 00:00:00+09:00,80526.265625,81096.02693838443,78722.02146594929,316,77212.159375,72739.53125,0.018217460191049084,0.019003901705369395,63.8554007875245,2184.265883806307,2000.9677590157191,183.29812479058796,0.016786499301483238,1,1,1,1.0,Trend
2023-02-22 00:00:00+09:00,81190.984375,81570.82523757311,79291.78006213451,412,77653.72421875,72855.066015625,0.018160508233183516,0.019006898046579852,66.47057058539423,2208.9682042320637,2042.5678480589881,166.40035617307558,0.00825468242989813,1,1,1,1.0,Trend
2023-02-23 00:00:00+09:00,81001.0703125,81665.79187426729,79766.58741207502,486,78047.808984375,73002.25442708333,0.018211831223766226,0.018602106520388673,58.15601222984643,2187.9986075088673,2071.653999948964,116.34460755990312,-0.002339102844508445,1,1,1,1.0,Trend
2023-02-24 00:00:00+09:00,81096.03125,81950.67326551523,80241.38923448478,451,78361.177734375,73139.946875,0.017725473641937686,0.018577954809867885,65.35434040025368,2154.210210702833,2088.165242099738,66.04496860309519,0.001172341762073481,1,1,1,1.0,Trend
2023-02-27 00:00:00+09:00,78911.9453125,80146.42821149218,78152.26352850482,172018,78646.058203125,73215.91497395834,0.018183313628698086,0.018783241025964674,61.94031637661895,1928.959338296947,2056.32406133918,-127.36472304223298,-0.026932094010457486,1,1,-1,0.5,Trend
2023-02-28 00:00:00+09:00,77202.6640625,79671.62994887761,77107.70383610086,223726,78726.77421875,73282.387109375,0.017773067644276143,0.018897102301961375,56.08107957868148,1594.1453717305412,1963.8883234174523,-369.74295168691106,-0.0216606147932491,1,1,-1,0.5,Trend
2023-03-02 00:00:00+09:00,79006.90625,79956.50848858173,76917.78132512019,249194,78869.214453125,73427.99283854167,0.018401848027279188,0.018289799281010412,60.84337110548979,1457.5879898425483,1862.6282567024714,-405.0402668599231,0.02337020631877884,1,1,-1,0.5,Trend
2023-03-03 00:00:00+09:00,76632.90625,79291.7927122057,76348.02555762081,237139,78907.198828125,73537.197265625,0.019752597166252345,0.018756088330345297,45.45455452026544,1144.6089813566068,1719.0244016332986,-574.4154202766917,-0.03004800608807534,1,1,-1,0.5,Trend
2023-03-06 00:00:00+09:00,76442.984375,77582.50712344721,75778.26277173913,298141,78788.4984375,73632.15755208333,0.017664352795689543,0.018733567040563254,37.41496522493954,871.2030675131391,1549.4601348092667,-678.2570672961276,-0.0024783331899277394,1,1,-1,0.5,Trend
2023-03-07 00:00:00+09:00,75683.3046875,77677.46955379548,75588.34445577164,203123,78703.034375,73725.53528645834,0.01734711689361046,0.01873901137574934,35.94771839298639,586.466686239597,1356.861445095333,-770.394758855736,-0.009937860141269517,1,1,-1,0.5,Trend
2023-03-08 00:00:00+09:00,73974.015625,75778.25990853658,73784.09517410141,1501112,78608.07421875,73806.2515625,0.017530501536825886,0.01890017005120875,28.834350873792673,220.34570235018327,1129.5582965463032,-909.2125941961199,-0.022584757226943752,1,1,-1,0.5,Trend
2023-03-09 00:00:00+09:00,72929.4453125,75303.45069376627,72834.48509724934,337371,78479.87734375,73856.896875,0.017753500646444396,0.01895793471873347,24.404720221074882,-152.33983078083838,873.1786710808749,-1025.5185018617133,-0.014120773405019493,1,1,-1,0.5,Trend
2023-03-10 00:00:00+09:00,71030.2421875,72359.68522309492,70650.40132018717,250497,78251.972265625,73875.88880208334,0.018566386146158104,0.019278020866426646,22.162117210406038,-594.097237583992,579.7234893479016,-1173.8207269318937,-0.02604165048646656,1,1,-1,0.5,Trend
2023-03-13 00:00:00+09:00,71410.0859375,71694.9665994847,68941.1202002992,210088,77919.611328125,73886.96744791667,0.016768121019753477,0.019226794596323288,26.162764278741037,-903.1322031695454,283.15235084441224,-1186.2845540139576,0.0053476341668288185,1,1,-1,0.5,Trend
2023-03-14 00:00:00+09:00,69131.0390625,71220.16386933379,69131.0390625,196682,77378.337890625,73860.06197916667,0.016470473307906294,0.01968184825077219,17.032962313866832,-1316.7658191904775,-36.83128316256568,-1279.9345360279117,-0.031914915730456905,1,1,-1,0.5,Trend
2023-03-15 00:00:00+09:00,69985.6796875,71410.08293758481,69415.91838746608,167581,76889.292578125,73871.140625,0.01701725942529992,0.01957158013026546,17.93478479572798,-1557.6554021790653,-340.99610696586564,-1216.6592952131996,0.012362617958444622,1,1,-1,0.5,Trend
2023-03-16 00:00:00+09:00,68656.234375,69985.67736428078,68086.47309387967,748878,76295.791015625,73863.22721354167,0.016802553202525345,0.019727284851717933,16.836728911589034,-1834.6881157492899,-639.7345087225506,-1194.9536070267393,-0.01899596200874576,1,1,-1,0.5,Trend
2023-03-17 00:00:00+09:00,69131.0390625,69985.68102893201,68466.31753305289,217289,75697.54140625,73875.88854166666,0.016795118908644633,0.01969467652699131,18.50000596466532,-1992.952253979529,-910.3780577739462,-1082.5741962055827,0.006915682047264893,1,1,-1,0.5,Trend
2023-03-20 00:00:00+09:00,69415.921875,71600.00696819426,68941.12076778385,203070,75127.7796875,73901.21119791667,0.016987428903849057,0.01967841434850182,22.222237457636027,-2071.5109726330847,-1142.6046407457738,-928.9063318873109,0.004120910322821025,1,1,-1,0.5,Trend
2023-03-21 00:00:00+09:00,70745.3671875,71125.20808515101,69700.80471895973,178307,74705.206640625,73934.447265625,0.017702250807929906,0.019763481407930664,30.681831992842405,-2003.4002461065684,-1314.7637618179328,-688.6364842886355,0.019151878655360832,1,1,-1,0.5,Trend
2023-03-22 00:00:00+09:00,70270.5625,72074.8066722973,70080.64206081082,201235,74192.421484375,73934.447265625,0.01690694999528186,0.019583063462959197,21.604968366226558,-1965.0825266501197,-1444.8275147843701,-520.2550118657496,-0.006711459794131791,1,1,-1,0.5,Trend
2023-03-23 00:00:00+09:00,69795.765625,70270.56675170068,69226.00427295918,211189,73622.660546875,73956.6046875,0.016533592454667716,0.019305532784965305,24.64791425260718,-1950.5429526981898,-1545.9706023671342,-404.57235033105553,-0.006756696660852879,-1,1,-1,-0.19999999999999996,MeanReversion
2023-03-24 00:00:00+09:00,69415.921875,70365.52408943228,68846.16054634063,223198,73043.403125,73974.0140625,0.01649646240299844,0.019318778989779593,24.30558015437265,-1947.2240648133738,-1626.2212948563824,-321.0027699569914,-0.005442217684677786,-1,1,-1,-0.19999999999999996,MeanReversion
2023-03-27 00:00:00+09:00,69605.8359375,70365.51763940995,69131.03487380627,184105,72468.893359375,73970.84856770834,0.016544339015751766,0.01913631466440862,26.81157519464881,-1907.2833691507549,-1682.433709715257,-224.84965943549787,0.0027358861968582726,-1,1,-1,-0.19999999999999996,MeanReversion
2023-03-28 00:00:00+09:00,72169.765625,73024.40758634868,69605.83974095395,357499,72131.784375,74015.16328125,0.018541613404380472,0.019690010762667767,43.53740316346667,-1649.7253747523937,-1675.8920427226844,26.166667970290746,0.036834981621399976,-1,1,-1,-0.19999999999999996,MeanReversion
2023-03-29 00:00:00+09:00,72169.765625,73404.24845805921,71694.96453536184,190589,71880.139453125,74099.04479166666,0.018099271095795795,0.019135083365855815,47.058834204742816,-1429.1346341297321,-1626.5405610040941,197.40592687436197,0.0,-1,1,1,0.30000000000000004,Trend
2023-03-30 00:00:00+09:00,72929.4453125,73594.16681925455,71505.04208374023,169521,71576.26640625,74190.83958333333,0.01733106049441537,0.01916873100249211,58.06450328753127,-1179.419467583415,-1537.1163423199584,357.69687473654335,0.010526287302183635,-1,1,1,0.30000000000000004,Trend
2023-03-31 00:00:00+09:00,73594.1796875,74828.6627016129,72739.53760080645,199232,71424.330078125,74317.45325520834,0.016378715308855332,0.018960386496514124,59.05513851352227,-917.3057605447684,-1413.1542259649204,495.848465420152,0.009114759781205573,-1,1,1,0.30000000000000004,Trend
2023-04-03 00:00:00+09:00,74923.6171875,75493.37853493346,74068.9751663498,238025,71348.36171875,74388.6734375,0.016972194784004097,0.016989322645171293,76.06836525033647,-595.4403973601147,-1249.6114602439593,654.1710628838446,0.018064438052644016,-1,1,-1,-0.19999999999999996,MeanReversion
2023-04-04 00:00:00+09:00,76348.015625,76537.9360618781,74923.61234841417,239455,71381.597265625,74499.46028645833,0.017387696035728636,0.01703453016848893,77.23575386858677,-222.8538084278698,-1044.2599298807413,821.4061214528715,0.019011341029296247,-1,1,-1,-0.19999999999999996,MeanReversion
2023-04-05 00:00:00+09:00,74733.6953125,77012.74065875159,74638.73508973952,214285,71419.58125,74573.84583333334,0.017286738499044035,0.017264576973232887,75.39684457065175,-57.17928295755701,-846.8438004961046,789.6645175385476,-0.02114423406142063,-1,1,-1,-0.19999999999999996,MeanReversion
2023-04-06 00:00:00+09:00,73594.1796875,75398.42409274193,73499.21945564516,301785,71452.81796875,74597.58606770834,0.01733984852860992,0.01705802415431531,67.66922223280685,-17.62721989158308,-681.0004843752004,663.3732644836173,-0.015247682056067191,-1,1,1,0.30000000000000004,Trend
2023-04-07 00:00:00+09:00,73309.296875,74353.85939523965,73119.37641677461,146418,71566.770703125,74633.9875,0.01619903448648783,0.016955175581629307,65.4135649962081,-9.163950738555286,-546.6331776478714,537.4692269093161,-0.0038709965069205765,-1,1,1,0.30000000000000004,Trend
2023-04-10 00:00:00+09:00,72644.5703125,73404.25209354574,71694.9680861928,213778,71628.494921875,74651.396875,0.016344116291644516,0.0169803747059811,57.93650482723677,-55.45537219142716,-448.3976165565826,392.94224436515543,-0.009067425153912345,-1,1,1,0.30000000000000004,Trend
2023-04-11 00:00:00+09:00,72739.53125,73499.21303851175,71979.84946148825,238289,71808.91953125,74660.89296875,0.014346050311416707,0.016951078517646115,60.65575649842403,-83.51637834748544,-375.4213689147632,291.90499056727776,0.0013071993831266226,-1,1,1,0.30000000000000004,Trend
2023-04-12 00:00:00+09:00,74923.6171875,75208.49786121673,72834.49224691065,215961,72055.81640625,74687.79830729167,0.015443717537377848,0.0172596913066441,69.28571470546581,69.67933410401747,-286.4012283110071,356.0805624150246,0.03002612059725096,-1,1,1,0.30000000000000004,Trend
2023-04-13 00:00:00+09:00,76442.984375,76632.90483307454,74068.97864906833,243014,72445.15390625,74751.10520833333,0.014907087203843305,0.017398913839782846,74.34212734080775,310.11347894089704,-167.09828686062627,477.2117658015233,0.020278881940492877,-1,1,-1,-0.19999999999999996,MeanReversion
2023-04-14 00:00:00+09:00,79101.8671875,80051.46943464885,76158.10022133854,325869,72943.6953125,74865.05755208334,0.016243545112946102,0.017902400977968698,78.08991049069733,707.0583640246041,7.733043316419781,699.3253207081843,0.03478256159461979,-1,1,-1,-0.19999999999999996,MeanReversion
2023-04-17 00:00:00+09:00,79576.6640625,80526.26625894988,78911.94252498508,266514,73451.732421875,74999.58450520833,0.016233018104442436,0.017840605556836368,75.00001318450663,1047.8729578762286,215.76102622838155,832.1119316478471,0.0060023472502179764,-1,1,-1,-0.19999999999999996,MeanReversion
2023-04-18 00:00:00+09:00,79861.5546875,80621.23653946194,78532.11144656659,259532,73907.541796875,75140.44231770834,0.015990235580685713,0.017837340180921167,75.47172740166125,1325.6776843083935,437.74435784438396,887.9333264640095,0.003580077505840773,-1,1,-1,-0.19999999999999996,MeanReversion
2023-04-19 00:00:00+09:00,81001.0703125,82520.43388225381,79386.74651963658,332103,74444.0671875,75282.88268229166,0.015791824585141463,0.017833141670454467,76.0736403785489,1619.1250533443235,674.0204969443719,945.1045563999517,0.014268638138325018,-1,1,-1,-0.19999999999999996,MeanReversion
2023-04-20 00:00:00+09:00,81665.7890625,82520.43104106105,80146.42554505814,221706,75037.568359375,75437.984375,0.01545011887913862,0.01784659712842957,76.07361622573247,1883.6083903001854,915.9380756155347,967.6703146846507,0.008206295885172077,-1,1,-1,-0.19999999999999996,MeanReversion
2023-04-21 00:00:00+09:00,81285.953125,81760.7542530666,79671.6292895736,229240,75631.069921875,75574.09401041667,0.01541504959359019,0.017832237883751673,71.8954518983986,2039.0587545499147,1140.5622114024109,898.4965431475039,-0.0046511022774702315,1,1,-1,0.5,Trend
2023-04-24 00:00:00+09:00,82330.515625,84229.72013768743,81950.67472246251,316908,76267.30390625,75699.125,0.015401563446512457,0.017671733920923603,71.1409766548137,2220.940136745019,1356.6377964709327,864.3023402740864,0.012850467514278874,1,1,-1,0.5,Trend
2023-04-25 00:00:00+09:00,81475.875,83659.96022727272,80716.19318181818,243247,76732.609375,75836.81731770834,0.014475512648900471,0.0174763586117078,75.17733558714022,2269.953475937815,1539.3009323643091,730.6525435735057,-0.010380605763393058,1,1,-1,0.5,Trend
2023-04-26 00:00:00+09:00,82140.5859375,83375.06873193642,80621.22249819365,212197,77231.150390625,75946.02135416666,0.014410230177559219,0.017045811185520142,83.08821305380427,2335.5111985140684,1698.5429855942612,636.9682129198072,0.008158377403127082,1,1,-1,0.5,Trend
2023-04-27 00:00:00+09:00,79861.5546875,82045.6400118906,79006.9126040428,296115,77577.755859375,76007.74557291667,0.016307297182658546,0.017445293957187444,71.97457235878525,2178.455511660548,1794.5254908075185,383.9300208530294,-0.027745495408738496,1,1,-1,0.5,Trend
2023-04-28 00:00:00+09:00,80526.265625,81855.70868956367,78911.9419037441,248846,77924.36015625,76085.29635416667,0.01629675740167823,0.017461411513652957,76.43318844111167,2083.6058544487023,1852.3415635357553,231.264290912947,0.008323290726069965,1,1,-1,0.5,Trend
2023-05-02 00:00:00+09:00,79576.6640625,80716.18669823985,78437.14142676014,206006,78157.0125,76097.95755208333,0.016367393615702473,0.016843471766613778,71.6867992361634,1909.7969572947186,1863.832642287548,45.964315007170626,-0.011792445050440636,1,1,-1,0.5,Trend
2023-05-03 00:00:00+09:00,79576.6640625,82045.62977326968,79291.78340356503,184639,78318.444921875,76134.35885416667,0.015945631136307648,0.016669501310075125,67.1329105840361,1751.8578275325272,1841.4376793365439,-89.5798518040167,0.0,1,1,-1,0.5,Trend
2023-05-04 00:00:00+09:00,78437.1484375,80336.35300015133,77772.42684057204,158741,78503.617578125,76177.091015625,0.015476843167433757,0.016572325174023742,57.55398706737101,1517.2506209948187,1776.600267668199,-259.3496466733802,-0.014319720968763106,1,1,-1,0.5,Trend
2023-05-08 00:00:00+09:00,79861.5546875,80811.15700245243,78152.2705205856,174436,78816.986328125,76249.89388020833,0.01525556134285707,0.016706971826494707,53.17464048600337,1429.778799679014,1707.2359740703619,-277.45717439134796,0.018159842349890987,1,1,-1,0.5,Trend
2023-05-09 00:00:00+09:00,83944.8359375,84894.43815398756,79481.70552000849,468774,79348.76328125,76389.16875,0.01822340239916927,0.017861377860377958,64.02444469192807,1670.6848080534837,1699.9257408669864,-29.240932813502695,0.05112949861767624,1,1,-1,0.5,Trend
2023-05-10 00:00:00+09:00,82805.3125,84609.55669438074,82140.59095470184,172840,79856.800390625,76468.30221354167,0.01845950194581375,0.0175158965522233,58.959544719375344,1749.4875340385624,1709.8380995013017,39.64943453726073,-0.013574669898079428,1,1,1,1.0,Trend
2023-05-11 00:00:00+09:00,83659.9609375,84704.52344636776,82900.2791128689,236745,80402.821875,76530.02643229166,0.01843438201406283,0.017297531736006913,58.235333403022175,1859.4674649780063,1739.7639725966428,119.7034923813635,0.010321178819293841,1,1,1,1.0,Trend
2023-05-12 00:00:00+09:00,81570.828125,83470.03250509313,81570.828125,149526,80735.182421875,76560.09713541667,0.01897087703778484,0.017617772809677842,49.72972708550408,1757.7890957427735,1743.368997225869,14.420098516904545,-0.02497171632748829,1,1,1,1.0,Trend
2023-05-15 00:00:00+09:00,83375.078125,85274.28263809795,81096.03270928246,223076,81081.787109375,76607.57734375,0.019054080170994032,0.01779818698071871,55.50000863849858,1802.0235461055563,1755.0999070018065,46.92363910374979,0.022118814304976198,1,1,1,1.0,Trend
2023-05-16 00:00:00+09:00,82615.390625,83944.83369252873,82140.58952945402,128068,81257.46328125,76632.9,0.01791082223442019,0.017821254137721988,50.761407116433645,1755.54243404101,1755.1884124096473,0.3540216313626843,-0.009111685614987208,1,1,1,1.0,Trend
2023-05-17 00:00:00+09:00,82520.4296875,83470.0318703251,81950.66837780495,98419,81404.6515625,76661.387890625,0.017901961460921077,0.017815251984629802,52.91003471504282,1691.5441952834226,1742.4595689844025,-50.9153737009799,-0.001149433982961301,1,1,-1,0.5,Trend
2023-05-18 00:00:00+09:00,85464.1953125,85464.1953125,82235.54793402778,320654,81684.78359375,76765.84401041667,0.019386759922389446,0.0181601483448685,58.215971145549204,1856.9565743732528,1765.3589700621726,91.5976043110802,0.035673173735859987,1,1,1,1.0,Trend
2023-05-19 00:00:00+09:00,85939.0,86508.76132596686,84989.39779005526,260396,81931.680078125,76856.05625,0.019229672845612156,0.018057054365963474,66.49481585019507,2003.2674268011906,1812.9406614099764,190.32676539121417,0.005555597706897952,1,1,1,1.0,Trend
2023-05-22 00:00:00+09:00,91446.6953125,91446.6953125,86413.80346248702,524337,82420.725390625,77026.984765625,0.023342987492761976,0.019685325122254474,73.46937747548233,2534.429487942165,1957.238426716414,577.1910612257509,0.06408842682018645,1,1,-1,0.5,Trend
2023-05-23 00:00:00+09:00,91541.65625,92206.37782028007,90781.97445539419,308545,82933.510546875,77202.66119791666,0.023244974573277215,0.019677575306272815,76.69490033504604,2929.2749441017077,2151.645730193473,777.6292139082348,0.0010384294060654664,1,1,-1,0.5,Trend
2023-05-24 00:00:00+09:00,93630.78125,94865.26416708925,90687.0142938641,395710,83498.523828125,77411.57369791667,0.02349825509504148,0.01985462248995808,78.68215534018353,3371.8985927269678,2395.696302700172,976.2022900267957,0.022821577471731525,1,1,-1,0.5,Trend
2023-05-25 00:00:00+09:00,92491.2578125,94865.26340316991,91351.73512897844,251158,84049.29296875,77637.89557291666,0.023570013827839083,0.01956597695031031,78.6821302499705,3589.3551532712445,2634.4280728143867,954.9270804568578,-0.012170393350210307,1,1,-1,0.5,Trend
2023-05-26 00:00:00+09:00,91921.5,92871.10227272726,90971.89772727272,208905,84538.338671875,77883.20950520833,0.023729492490258776,0.01933563238207594,75.50197830881442,3673.3720045150985,2842.216859154529,831.1551453605693,-0.0061601261132703256,1,1,-1,0.5,Trend
2023-05-30 00:00:00+09:00,92016.4609375,94485.42686564758,91256.77911345458,245512,85146.083984375,78100.03541666667,0.022404542771769342,0.01915404997183858,70.53138426196409,3704.910615124798,3014.755610348583,690.1550047762148,0.0010330655776940034,1,1,-1,0.5,Trend
2023-05-31 00:00:00+09:00,91351.7421875,93345.90703774689,91351.7421875,253690,85687.3578125,78345.34934895833,0.022628857733029525,0.0187039238621503,72.2772212707638,3634.373152039785,3138.679118686824,495.694033352961,-0.007223911278781858,1,1,-1,0.5,Trend
2023-06-01 00:00:00+09:00,92111.4140625,93630.77759342783,91446.69251771907,192210,86314.0953125,78606.48984375,0.02222223744277204,0.018702774717642718,72.13927334436286,3598.292005439973,3230.601696037454,367.6903094025188,0.008315899147722572,1,1,-1,0.5,Trend
2023-06-02 00:00:00+09:00,93820.703125,93915.66335083502,92206.37928580465,213743,87026.297265625,78908.77981770833,0.022283979103942652,0.018724761015494824,82.7411195071409,3665.3706675860885,3317.555490347181,347.8151772389074,0.01855675629233322,1,1,-1,0.5,Trend
2023-06-05 00:00:00+09:00,98568.703125,98568.703125,94200.53323699422,510730,88032.875,79318.69127604166,0.02340742699456168,0.019309152656910418,85.08770916942768,4054.912403824943,3465.0268730427333,589.8855307822096,0.05060716709481605,1,1,-1,0.5,Trend
2023-06-07 00:00:00+09:00,99138.4765625,99613.27769546217,97334.23225724377,287920,88996.72109375,79755.50846354167,0.023386419564626348,0.019147445949640227,88.49559648330238,4359.351104965652,3643.891719427317,715.4593855383346,0.00578047006236293,1,1,-1,0.5,Trend
2023-06-08 00:00:00+09:00,99708.234375,100372.9559375,97998.95035714285,365017,89784.891015625,80233.475,0.021514694685102836,0.018695395014099926,89.17751122504838,4593.643005660342,3833.8419766739225,759.8010289864196,0.005747090657993059,1,1,-1,0.5,Trend
2023-06-09 00:00:00+09:00,98473.75,99803.1931051109,97144.3068948891,226005,90568.312890625,80684.53606770834,0.02145040494383191,0.018841069090109023,82.1596410962555,4626.378442037516,3992.3492697466418,634.0291722908742,-0.012380967156204292,1,1,-1,0.5,Trend
2023-06-12 00:00:00+09:00,100278.0,100847.76136363637,97809.03409090909,241163,91399.21484375,81203.65208333333,0.02155370622655087,0.018243731125370206,83.25992945689346,4743.232377181615,4142.525891233637,600.7064859479788,0.018322141687505455,1,1,-1,0.5,Trend
2023-06-13 00:00:00+09:00,99233.4296875,100372.9523250598,98853.58880831339,166291,92282.344921875,81691.11458333333,0.020541819616995388,0.01835128007718654,72.77776152666229,4697.40312905029,4253.5013387969675,443.90179025332236,-0.010416744575081238,1,1,-1,0.5,Trend
2023-06-14 00:00:00+09:00,100752.8046875,102082.24791617578,98948.56030572572,240440,93151.23125,82226.057421875,0.020388806426265667,0.018092362758474458,74.87179400635134,4729.169067077863,4348.634884453147,380.53418262471587,0.01531112050429706,1,1,-1,0.5,Trend
2023-06-15 00:00:00+09:00,103221.765625,103601.60652886385,101132.64065374885,348178,94181.55,82794.23619791666,0.020148659171534345,0.01823801297416601,75.37687673534455,4897.117394540182,4458.331386470554,438.7860080696282,0.024505133580726257,1,1,-1,0.5,Trend
2023-06-16 00:00:00+09:00,108254.65625,108729.45737390351,103506.64501096492,612719,95468.261328125,83441.5484375,0.021489135843225978,0.01898332918029376,84.58332519190628,5374.377388768029,4641.540586930049,732.8368018379797,0.048758036587789766,1,1,-1,0.5,Trend
2023-06-19 00:00:00+09:00,109204.2578125,111198.42252038042,108349.61579483695,447683,96655.264453125,84082.52994791667,0.020902380749184636,0.01892353730371029,87.29505944266621,5762.804262293925,4865.793322002824,897.0109402911003,0.008771923494052869,1,1,-1,0.5,Trend
2023-06-20 00:00:00+09:00,111388.3359375,112907.69942854859,109489.13157368926,491340,97927.73125,84767.826171875,0.020904488974080856,0.018901599887957015,88.34584001143138,6175.682782722535,5127.771214146767,1047.911568575768,0.01999993561377411,1,1,-1,0.5,Trend
2023-06-21 00:00:00+09:00,114522.0390625,115756.5220706364,111863.15258343698,776445,99081.4984375,85513.2640625,0.0178392555644551,0.01897936117015073,91.78079451465048,6678.766969295117,5437.970365176438,1240.7966041186792,0.028133135293073375,1,1,-1,0.5,Trend
2023-06-22 00:00:00+09:00,111578.2578125,114711.94505319149,109868.97386303192,542722,100083.328515625,86215.96966145834,0.0195962474533601,0.01941247989308356,82.53962988945368,6761.978389324417,5702.771970006033,1059.2064193183833,-0.025704932204302144,1,1,-1,0.5,Trend
2023-06-23 00:00:00+09:00,110058.8984375,112337.9437890962,108824.41553871872,299427,100904.734375,86890.18736979166,0.02003583252093641,0.019601952273386344,77.3162559722181,6628.910481776722,5887.999672360171,740.9108094165513,-0.01361698421168378,1,1,-1,0.5,Trend
2023-06-26 00:00:00+09:00,111008.5,112622.8237810094,109584.09666381522,222990,101830.596484375,87537.499609375,0.01945654449723754,0.019241483717760757,73.99264562293418,6524.863550857277,6015.372448059592,509.491102797685,0.008628121632884289,1,1,-1,0.5,Trend
2023-06-27 00:00:00+09:00,114047.234375,114616.99574573273,110723.62637905912,345592,102936.883203125,88235.457421875,0.019497714842157277,0.01938608605014702,76.25414692089834,6611.394041722597,6134.576766792193,476.817274930404,0.027373889161640852,1,1,-1,0.5,Trend
2023-06-28 00:00:00+09:00,109489.1328125,114332.10399501302,109014.3317161752,389332,103810.516796875,88844.785546875,0.022594969254230116,0.020363403601132975,65.10260611349413,6240.235822551855,6155.708577944125,84.5272446077297,-0.039966787335784515,1,1,1,1.0,Trend
2023-06-29 00:00:00+09:00,108729.4609375,110533.70526746726,108064.73934224891,332545,104679.402734375,89430.37356770833,0.022584377118835552,0.020437787051743102,66.07141676593483,5817.727942032885,6088.112450761877,-270.38450872899193,-0.0069383312798808605,1,1,-1,0.5,Trend
2023-06-30 00:00:00+09:00,110628.6640625,111768.18678245708,106070.57318267168,316229,105605.265234375,90025.45768229167,0.022665627433700226,0.02043238012850224,66.17208741057891,5571.907738583177,5984.871508326137,-412.9637697429598,0.017467235730081576,1,1,-1,0.5,Trend
2023-07-03 00:00:00+09:00,110248.8203125,112053.06457256676,108254.65560400517,296120,106426.67109375,90590.47109375,0.02272331794521264,0.02040673547962471,67.57574684801567,5285.51511207888,5845.000229076685,-559.4851169978056,-0.003433502096576002,1,1,-1,0.5,Trend
2023-07-04 00:00:00+09:00,112907.703125,113762.3451166947,109489.1351582212,323915,107143.62109375,91226.70455729167,0.02092690241307023,0.02020788833100981,68.71342447800458,5213.00424601906,5718.60103246516,-505.59678644609994,0.024117108962829814,1,1,-1,0.5,Trend
2023-07-05 00:00:00+09:00,115376.671875,118130.51836419753,112053.06404320987,490806,107955.530859375,91923.07942708333,0.021185111891698548,0.020081744970340945,68.71343200427617,5293.741054707018,5633.629036913531,-339.8879822065137,0.021867141759730924,1,1,-1,0.5,Trend
2023-07-06 00:00:00+09:00,114237.15625,116041.4006130507,113477.47441292602,259776,108681.976953125,92605.21041666667,0.021543434712745974,0.02015482863806498,60.46511945728319,5205.767324423141,5548.056694415453,-342.28936999231246,-0.009876482017392219,1,1,-1,0.5,Trend
2023-07-07 00:00:00+09:00,114332.109375,116326.27407340116,112242.98445286545,273217,109474.894921875,93300.002734375,0.02111890513454011,0.020057507676194478,59.2465700355147,5085.0916616717,5455.4636878667025,-370.37202619500204,0.000831193003371089,1,1,-1,0.5,Trend
2023-07-10 00:00:00+09:00,115566.59375,117655.71869864421,113382.50857641741,326325,110239.324609375,94013.787109375,0.020986004632692425,0.020044633863580907,57.8014270264467,5031.072825764772,5370.585515446317,-339.51268968154545,0.010797355019061206,1,1,-1,0.5,Trend
2023-07-11 00:00:00+09:00,117750.6796875,117750.6796875,115186.75359753025,361133,111165.187109375,94727.571484375,0.020713385060714292,0.019892258972653273,56.2499848766052,5105.645290358894,5317.597470428833,-211.95218006993855,0.018898938409699362,1,1,-1,0.5,Trend
2023-07-12 00:00:00+09:00,121549.0859375,122023.88705444336,118225.47811889648,566480,112205.001171875,95479.33984375,0.02131469206195841,0.020073243163774863,68.68328996278174,5408.893784951331,5335.856733333333,73.03705161799826,0.03225804097335683,1,1,1,1.0,Trend
2023-07-13 00:00:00+09:00,122498.6875,122688.60794573644,119365.00014534884,339359,113168.847265625,96202.62018229166,0.021027832287664094,0.019770429829965873,73.81818758397283,5660.593513222309,5400.804089311129,259.78942391118017,0.007812494476414855,1,1,-1,0.5,Trend
2023-07-14 00:00:00+09:00,122878.53125,122878.53125,120599.48584814528,300360,113900.041015625,96924.31796875,0.018928496575129784,0.019777176695029534,73.23421018023225,5823.586892771113,5485.3606500031265,338.22624276798615,0.003100798528963722,1,1,-1,0.5,Trend
2023-07-17 00:00:00+09:00,121549.0859375,123448.29040527344,119934.76213989257,386865,114517.282421875,97619.11015625,0.01930202936748015,0.01991015700304706,65.73704447993875,5778.869978397444,5544.06251568199,234.80746271545468,-0.010819182968546448,1,1,1,1.0,Trend
2023-07-18 00:00:00+09:00,118510.359375,120884.36497145433,117465.7969125601,423812,114873.38359375,98244.26497395833,0.02014302324698596,0.02031762851219787,70.21279575241712,5435.573752994736,5522.364763144539,-86.79101014980279,-0.024999995179416645,1,1,-1,0.5,Trend
2023-07-19 00:00:00+09:00,120124.6796875,121549.08300395258,117940.59460227273,266923,115153.515625,98885.246484375,0.019467075019534322,0.020337569438767453,74.59016061792516,5233.443302146508,5464.580470944933,-231.13716879842468,0.0136217653968278,1,1,-1,0.5,Trend
2023-07-20 00:00:00+09:00,118890.203125,121549.08945686901,117940.60086361821,328954,115519.112890625,99511.983984375,0.018555118918164148,0.020403027785021236,68.35444444097308,4916.961846471735,5355.056746050293,-438.0948995785584,-0.010276627298498875,1,1,-1,0.5,Trend
2023-07-21 00:00:00+09:00,119175.078125,120219.640562749,117275.87369272907,297536,115974.921875,100126.06002604167,0.01812837371805014,0.02039155900231891,69.91527092909148,4635.697608020302,5211.184918444296,-575.4873104239941,0.0023961183723479884,1,1,-1,0.5,Trend
2023-07-24 00:00:00+09:00,120029.7265625,121074.28905631922,117845.6413481507,367792,116425.983203125,100768.62421875,0.01811189329680546,0.020274977697745614,67.28113639112334,4430.682508999715,5055.08443655538,-624.4019275556657,0.007171368804168798,1,1,-1,0.5,Trend
2023-07-25 00:00:00+09:00,120789.40625,122023.88917551101,119554.92332448899,300996,116763.091796875,101412.77122395833,0.017295496696464147,0.02027380083162779,64.32162902302937,4280.167263938012,4900.101002031906,-619.9337380938941,0.006329096210216045,1,1,-1,0.5,Trend
2023-07-26 00:00:00+09:00,119554.921875,121549.08657664813,117750.67762112788,514899,117266.38125,102074.32734375,0.014333703057955073,0.019885025462665285,63.999991772865265,4014.987993431685,4723.078400311862,-708.0904068801774,-0.010220137786296934,1,1,-1,0.5,Trend
2023-07-27 00:00:00+09:00,112527.859375,122688.60279535865,111483.29696729958,844642,117456.301171875,102607.68723958333,0.02032928130611704,0.021697929574116592,46.520135370929005,3200.908217468823,4418.644363743255,-1217.736146274432,-0.05877685660944265,1,1,-1,0.5,Trend
2023-07-28 00:00:00+09:00,117465.8046875,118700.2876793654,111483.31018845999,462187,117798.158203125,103239.17291666666,0.022095484337212524,0.022101263147469893,53.20513783995234,2920.5290080395935,4119.021292602523,-1198.4922845629299,0.04388198033736934,1,1,-1,0.5,Trend
2023-07-31 00:00:00+09:00,117085.9609375,119175.08595017235,115756.5177476176,379044,118140.015234375,103864.32786458333,0.022092454716614297,0.022121330837995026,48.80546640497109,2637.275379477782,3822.6721099775755,-1185.3967304997936,-0.0032336538366252165,1,1,-1,0.5,Trend
2023-08-01 00:00:00+09:00,118225.4765625,118890.19811746987,115566.59034262049,289909,118405.90390625,104527.46666666666,0.02161195429991559,0.021954337873273784,43.39622582932532,2476.2001319780247,3553.3777143776656,-1077.1775823996409,0.00973229937966913,1,1,-1,0.5,Trend
2023-08-02 00:00:00+09:00,116136.359375,118890.20599959117,115471.63777596076,276933,118443.88828125,105132.04674479166,0.021555491192291585,0.02213216542103901,37.906151337576595,2155.1295483872964,3273.728081179592,-1118.5985327922958,-0.017670617604959138,1,1,-1,0.5,Trend
2023-08-03 00:00:00+09:00,113952.265625,115756.50983072916,111863.14075520833,343483,118429.64375,105632.17057291667,0.02187514084091437,0.021610747319429767,34.121618053428506,1704.7889396095125,2959.9402528655764,-1255.151313256064,-0.01880628738281387,1,1,-1,0.5,Trend
2023-08-04 00:00:00+09:00,115376.671875,117180.9161265432,113382.50717592592,217963,118481.871875,106175.0265625,0.022054620367796793,0.02148898824955761,39.05724334759276,1446.1580331356672,2657.1838089195944,-1211.0257757839272,0.012500025709778484,1,1,-1,0.5,Trend
2023-08-07 00:00:00+09:00,114522.0390625,116136.36299621683,113097.63559157339,184248,118429.644140625,106689.39453125,0.021982857317987655,0.021544270988158077,42.33578395679857,1158.8707107343653,2357.5211892825487,-1198.6504785481834,-0.007407327656546725,1,1,-1,0.5,Trend
2023-08-08 00:00:00+09:00,116706.1171875,117655.71944289056,114806.91267671887,219655,118377.416015625,107274.98268229167,0.021990652224140202,0.021236197440863875,43.57143822571366,1094.8100013232906,2104.978951690697,-1010.1689503674065,0.019071247271523317,1,1,-1,0.5,Trend
2023-08-09 00:00:00+09:00,116136.359375,117275.88211621014,115186.75709065821,161165,118106.7796875,107821.00403645834,0.02065299079046776,0.021177458869516348,44.68864987689443,986.6927539063472,1881.3217121338273,-894.6289582274801,-0.0048819875618398845,1,1,-1,0.5,Trend
2023-08-10 00:00:00+09:00,113382.5078125,116706.11566295016,112242.98512091709,272214,117650.970703125,108333.78932291667,0.021056871452626212,0.021436951514242967,39.79934067427762,671.0606803870323,1639.2695057844685,-968.2088253974362,-0.023712225674372256,1,1,-1,0.5,Trend
2023-08-11 00:00:00+09:00,112622.828125,113857.31106397555,111198.42473387436,186084,117138.185546875,108835.49596354166,0.021000379489570776,0.021477299418115034,36.91275075141566,355.52195050280716,1382.5199947281362,-1026.998044225329,-0.006700148922056615,1,1,-1,0.5,Trend
2023-08-14 00:00:00+09:00,110628.6640625,112907.70950241416,108919.37998256438,346992,116592.164453125,109254.90377604167,0.02117197753900832,0.021315879730723374,32.79743250117653,-54.8251499820326,1095.0509657861026,-1149.8761157681352,-0.017706570645577124,1,1,-1,0.5,Trend
2023-08-16 00:00:00+09:00,108254.65625,110628.66186951754,107969.7755756579,218272,116079.379296875,109626.83138020833,0.021001073080331917,0.02157738941602897,31.578951390155368,-565.0769185957033,763.0253889097414,-1328.1023075054447,-0.021459246865340398,1,1,-1,0.5,Trend
2023-08-17 00:00:00+09:00,107020.171875,107684.89343944099,104646.16628771073,321293,115424.15390625,109886.38932291667,0.020610188144915643,0.02026028610752179,38.93130849661463,-1056.8845858161367,399.04339396456584,-1455.9279797807026,-0.011403522192607762,1,1,-1,0.5,Trend
2023-08-18 00:00:00+09:00,108254.65625,109109.29827302632,105120.96883223685,283664,114892.3765625,110164.93932291666,0.020930582762823974,0.020291202119869185,28.25109212434556,-1331.6823283869599,52.89824949426071,-1384.5805778812205,0.011535062534209661,1,1,-1,0.5,Trend
2023-08-21 00:00:00+09:00,107305.0546875,109489.13987140487,107020.17401133849,143644,114298.875390625,110392.84388020834,0.020881020920875595,0.020177038463294168,27.510892870486927,-1607.5555296502862,-279.1925063346487,-1328.3630233156375,-0.00877192349405298,1,1,-1,0.5,Trend
2023-08-22 00:00:00+09:00,107305.0546875,107969.77626521018,106640.33310978982,162385,113662.641796875,110639.74049479167,0.02071833212746863,0.020089452222718362,23.502301701462002,-1805.3757810144161,-584.4291612706022,-1220.946619743814,0.0,1,1,-1,0.5,Trend
2023-08-23 00:00:00+09:00,107589.9296875,108824.41255240512,106450.4070429722,127061,113002.66796875,110900.88098958334,0.020623568725897382,0.02005728992498413,27.272693276314044,-1917.0640032397205,-850.9561296644258,-1066.1078735752947,0.002654814359208224,1,1,-1,0.5,Trend
2023-08-24 00:00:00+09:00,107589.9296875,107874.81034863196,105785.68550033099,122565,112404.418359375,111160.43880208333,0.020633866397417943,0.02005912069415307,30.857121903129467,-1982.7221374249057,-1077.309331216522,-905.4128062083837,0.0,1,1,-1,0.5,Trend
2023-08-25 00:00:00+09:00,106165.53125,107305.05394677997,105690.73012634169,127186,112086.301953125,111407.33528645833,0.016196595554110172,0.020124969929682393,22.285678287776904,-2125.19579725746,-1286.8866244247097,-838.3091728327504,-0.013239142749114419,1,1,-1,0.5,Trend
2023-08-28 00:00:00+09:00,114332.109375,114332.109375,107400.01304246263,271082,111929.6171875,111777.68020833333,0.021477859036142185,0.022138733213009264,49.603155040670444,-1561.1367823427136,-1341.7366560083105,-219.400126334403,0.07692306560185935,1,1,-1,0.5,Trend
2023-08-29 00:00:00+09:00,117180.9140625,118225.47650552067,114711.94828808751,299356,111934.36484375,112167.01705729167,0.022238460505159846,0.02222361639962563,50.9652427480528,-874.164396357155,-1248.2222040780796,374.05780772092453,0.02491692581439353,-1,1,1,0.30000000000000004,Trend
2023-08-30 00:00:00+09:00,116801.078125,118035.56106453252,116041.39631605691,167015,111863.144921875,112470.88997395833,0.0221310178772243,0.02141462038459886,51.36186259727705,-356.2764833045658,-1069.8330599233768,713.556576618811,-0.003241448836091232,-1,1,1,0.30000000000000004,Trend
2023-08-31 00:00:00+09:00,117465.8046875,117750.68537793048,116136.3614654911,251533,111929.6171875,112776.34544270833,0.021789750904188162,0.021414417021297098,59.14895732463428,106.56290636117046,-834.5538666664675,941.1167730276379,0.00569109954437752,-1,1,1,0.30000000000000004,Trend
2023-09-01 00:00:00+09:00,114711.953125,118225.48149058361,114522.0326728063,225595,111967.6015625,113026.407421875,0.02203786205841821,0.02168264253843658,54.2968760042884,248.29150118349935,-617.984793096474,866.2762942799734,-0.023443857298097948,-1,1,1,0.30000000000000004,Trend
2023-09-04 00:00:00+09:00,115851.4765625,116990.99928278688,113952.27202868852,157295,111991.341796875,113316.03619791666,0.021971791853412234,0.021616011104176124,61.13360526163273,447.4050448342168,-404.90682551033586,852.3118703445527,0.009933781148842247,-1,1,1,0.30000000000000004,Trend
2023-09-05 00:00:00+09:00,114047.234375,116611.16054329726,113382.51277581182,104966,111967.6015625,113545.5234375,0.02219946586017494,0.0216477485343441,62.65561568302944,454.37889974763675,-233.04968045874134,687.4285802063781,-0.015573752195783497,-1,1,1,0.30000000000000004,Trend
2023-09-06 00:00:00+09:00,113667.390625,116231.3167293233,113287.5497206558,139256,111815.665234375,113786.089453125,0.021744697489136364,0.021596808205196286,65.08621820763435,424.36371314422286,-101.56700173814849,525.9307148823714,-0.003330582736895016,-1,1,1,0.30000000000000004,Trend
2023-09-07 00:00:00+09:00,113002.65625,113477.45732668067,112148.0143119748,121446,111658.980078125,113990.25364583333,0.021754184252116674,0.021554171997367016,61.06191823109489,342.9842440031498,-12.656752589888839,355.6409965930386,-0.005848065758745413,-1,1,1,0.30000000000000004,Trend
2023-09-08 00:00:00+09:00,112812.7421875,113952.26483585859,111958.10020123106,113539,111630.491796875,114150.10325520833,0.0210946726454566,0.02135849471379165,63.30273948304948,260.16690856209607,41.907979640508145,218.25892892158794,-0.0016806159147254585,-1,1,1,0.30000000000000004,Trend
2023-09-11 00:00:00+09:00,114711.953125,115376.67470767799,111673.22588990067,138520,111734.948046875,114257.72486979167,0.02136478094917403,0.02058586201186107,66.38655258845111,343.8206731474638,102.29051834189929,241.53015480556454,0.016835074661543326,-1,1,1,0.30000000000000004,Trend
2023-09-12 00:00:00+09:00,113287.5546875,115091.79906223806,112717.79330600378,100577,111867.892578125,114325.77981770833,0.021148930726276178,0.020632464969504976,62.00002106144413,291.81596180381894,140.19560703428323,151.6203547695357,-0.012417175357025356,-1,1,1,0.30000000000000004,Trend
2023-09-13 00:00:00+09:00,113287.5546875,114332.11722024309,112527.87284550503,85224,112119.5375,114357.43346354166,0.020458737629748418,0.020478087521748678,62.00002106144413,247.74599181316444,161.70568399005947,86.04030782310497,0.0,-1,1,1,0.30000000000000004,Trend
2023-09-14 00:00:00+09:00,113952.265625,114142.18606770833,111673.2203125,173492,112466.1421875,114347.93723958333,0.020211544419930002,0.0201732248436736,66.94213948858537,263.42029533258756,182.0486062585651,81.37168907402247,0.005867466548585831,-1,1,1,0.30000000000000004,Trend
2023-09-15 00:00:00+09:00,116231.3125,116990.99428104574,113287.5455984477,224664,112864.975,114425.48815104166,0.020476499593750024,0.020041136606811834,55.555550477081965,454.5031009921804,236.53950520528815,217.96359578689226,0.02000001371188187,-1,1,1,0.30000000000000004,Trend
2023-09-18 00:00:00+09:00,114901.875,117085.96022727272,114616.99431818182,119063,113244.816015625,114506.20442708333,0.020570735475097787,0.02001628723597417,42.68294701779117,492.98033504464547,287.8276711731596,205.15266387148586,-0.011437860172145986,-1,1,-1,-0.19999999999999996,MeanReversion
2023-09-19 00:00:00+09:00,114522.0390625,117750.68692993367,114047.23790552447,133641,113605.665234375,114564.76341145833,0.020612992322627605,0.019995903958299515,42.68294701779117,487.208003917156,327.70373772195893,159.5042661951971,-0.0033057418558226637,-1,1,-1,-0.19999999999999996,MeanReversion
2023-09-20 00:00:00+09:00,113952.265625,114711.94739583333,112812.74296875,95887,113923.78203125,114563.18059895834,0.020695367176721626,0.01970204428971665,38.650277021942195,431.68128219143546,348.49924661585425,83.18203557558121,-0.004975229590428842,-1,1,-1,-0.19999999999999996,MeanReversion
2023-09-21 00:00:00+09:00,112053.0546875,113762.33857256356,111483.29339247881,128954,114146.93828125,114605.91263020833,0.021154301444405974,0.019094774071189157,40.909054484397046,231.75398916198174,325.1501951250798,-93.39620596309805,-0.01666672379950762,-1,1,-1,-0.19999999999999996,MeanReversion
2023-09-22 00:00:00+09:00,109963.9375,111388.34083549223,108444.57394214162,141232,114336.85859375,114626.48723958334,0.021398436903884446,0.019232975933918012,31.097544151840694,-94.17849741849932,241.284456616364,-335.4629540348633,-0.01864400032043978,-1,1,-1,-0.19999999999999996,MeanReversion
2023-09-25 00:00:00+09:00,110438.734375,111578.25699967756,109109.29131287619,251911,114142.18984375,114623.32174479167,0.01303499189666969,0.01910954739980956,37.3332909179064,-310.58991428448644,130.90958243619392,-441.4994967206803,0.004317750762607986,-1,1,-1,-0.19999999999999996,MeanReversion
2023-09-26 00:00:00+09:00,108729.4609375,111483.30754639738,108444.58025382097,183962,113719.6171875,114597.99908854166,0.011800376065637849,0.01921053092820991,34.14633167503008,-612.9558294725284,-17.863499945550558,-595.0923295269779,-0.015477119030503195,-1,1,-1,-0.19999999999999996,MeanReversion
2023-09-27 00:00:00+09:00,105405.8515625,109679.06176097973,105215.93110923424,273590,113149.855859375,114472.96822916667,0.013282826005753317,0.01935130678428339,29.166672022878302,-1107.9981823466514,-235.89043642577076,-872.1077459208807,-0.030567698453968117,-1,1,-1,-0.19999999999999996,MeanReversion
2023-10-04 00:00:00+09:00,99518.3046875,106355.4401240458,99233.4240443106,390191,112252.480859375,114208.662109375,0.017435449402713566,0.020437564132411674,22.22220045732405,-1952.8869766799908,-579.2897444766148,-1373.5972322033758,-0.05585597751666571,-1,1,-1,-0.19999999999999996,MeanReversion
2023-10-05 00:00:00+09:00,97809.03125,101322.55955703884,97334.23012742719,241948,111407.334765625,113934.86002604167,0.01719440924424618,0.020505557199466905,14.399958666861494,-2728.9340615374094,-1009.2186078887738,-1719.7154536486355,-0.017175467798284272,-1,1,-1,-0.19999999999999996,MeanReversion
2023-10-06 00:00:00+09:00,95624.9453125,98663.67247238083,95245.10441751489,203652,110396.008203125,113623.07395833333,0.016950899937614283,0.020661596632557712,13.953444618624445,-3480.078273331237,-1503.3905409772665,-1976.6877323539707,-0.02233010499733379,-1,1,-1,-0.19999999999999996,MeanReversion
2023-10-10 00:00:00+09:00,96289.6640625,99233.43091253699,95529.98229474852,221103,109508.1296875,113301.791796875,0.017274013462541878,0.02062452731674292,16.22636483529584,-3975.8965643568226,-1997.8917456531778,-1978.0048187036448,0.006951311164965501,-1,1,-1,-0.19999999999999996,MeanReversion
2023-10-11 00:00:00+09:00,99518.3046875,100277.98640267176,97239.25954198473,188884,108800.675390625,112997.91888020834,0.019594242076908446,0.02095896881753953,23.97257321374687,-4061.493448330075,-2410.6120861885574,-1650.8813621415175,0.03353050045853667,-1,1,-1,-0.19999999999999996,MeanReversion
2023-10-12 00:00:00+09:00,97334.2265625,100467.91385670732,96574.54479420732,236624,108017.25390625,112594.337890625,0.019897680037670545,0.02060562665071602,15.807524578924685,-4256.50016285805,-2779.789701522456,-1476.7104613355941,-0.02194649649487379,-1,1,-1,-0.19999999999999996,MeanReversion
2023-10-13 00:00:00+09:00,94865.265625,96384.62923861362,93820.70314064065,232961,107119.880078125,112133.780859375,0.02025173584597716,0.020742125775975513,15.18148302413239,-4557.730225803243,-3135.3778063786135,-1422.3524194246297,-0.02536580424682,-1,1,-1,-0.19999999999999996,MeanReversion
2023-10-16 00:00:00+09:00,95529.984375,96859.42749751492,94580.38214463221,194496,106160.781640625,111677.97174479166,0.01972115286578256,0.020771537283604622,17.32021759429412,-4688.770742631503,-3446.0563936291915,-1242.7143490023113,0.00700697716514731,-1,1,-1,-0.19999999999999996,MeanReversion
2023-10-17 00:00:00+09:00,96004.78125,98758.62759643917,95719.90059347182,147389,105296.64296875,111252.23333333334,0.01995011948090243,0.02078579567203671,19.016346923130456,-4700.128995216233,-3696.8709139466,-1003.2580812696333,0.004970134540545956,-1,1,-1,-0.19999999999999996,MeanReversion
2023-10-18 00:00:00+09:00,95529.984375,96669.50705144135,95150.14348285289,104753,104408.764453125,110869.22708333333,0.019872516830697493,0.02059607493412373,19.999960282752753,-4693.340721654808,-3896.1648754882417,-797.1758461665659,-0.004945554469455105,-1,1,-1,-0.19999999999999996,MeanReversion
2023-10-19 00:00:00+09:00,93345.90625,95529.99154374364,92776.1448690234,207699,103378.446484375,110422.91419270834,0.019825644942250645,0.020623237872836667,19.93123125568266,-4808.765363774422,-4078.684973145478,-730.0803906289443,-0.022862749735480636,-1,1,-1,-0.19999999999999996,MeanReversion
2023-10-20 00:00:00+09:00,91921.5,93250.94318181818,90971.89772727272,166988,102162.955859375,109973.43580729167,0.018565354651048263,0.020658912605121118,17.6079409132728,-4958.024879808028,-4254.552954477988,-703.47192533004,-0.015259439939284913,-1,1,-1,-0.19999999999999996,MeanReversion
2023-10-23 00:00:00+09:00,91446.6953125,94675.34291439512,91161.81464174455,133819,100990.196875,109511.29609375,0.018623235704931823,0.020640527792493764,18.402735523237382,-5056.340545449086,-4414.910472672208,-641.4300727768778,-0.005165327888470017,-1,1,-1,-0.19999999999999996,MeanReversion
2023-10-24 00:00:00+09:00,91446.6953125,92681.17821910697,89262.61017004153,139996,99836.4296875,109034.91223958334,0.018713579869753118,0.02059325889407962,20.948572900258455,-5075.746374137088,-4547.077652965185,-528.6687211719036,0.0,-1,1,-1,-0.19999999999999996,MeanReversion
2023-10-25 00:00:00+09:00,94390.4609375,95624.94382702465,91731.57471390846,166640,98858.339453125,108594.92981770834,0.02101460229297988,0.021074617588401894,37.837831828234975,-4798.276801181695,-4597.317482608487,-200.9593185732083,0.03219105529117594,-1,1,-1,-0.19999999999999996,MeanReversion
2023-10-26 00:00:00+09:00,92016.4609375,95340.06891769865,89262.6143253354,269305,97856.509765625,108135.95546875,0.021262851304160578,0.021240652861219636,36.68120607773968,-4715.583810391225,-4620.970748165035,-94.61306222618987,-0.02515084656247124,-1,1,-1,-0.19999999999999996,MeanReversion
2023-10-27 00:00:00+09:00,89927.3359375,94390.46665456705,89737.41548145459,215722,96854.6796875,107759.280078125,0.02137480418864461,0.020076749647408614,36.84209006990907,-4763.710853955476,-4649.518769323123,-114.19208463235282,-0.022703818194214076,-1,1,-1,-0.19999999999999996,MeanReversion
2023-10-30 00:00:00+09:00,88597.890625,90781.97581725617,86888.60656149518,225336,95762.6375,107278.14817708333,0.021125359582521742,0.01916515750434341,32.7659406126385,-4853.18254146073,-4690.251523750645,-162.93101771008514,-0.014783550503753129,-1,1,-1,-0.19999999999999996,MeanReversion
2023-10-31 00:00:00+09:00,85749.078125,89452.5266818937,84514.5952727021,276197,94613.618359375,106755.866796875,0.021659002901372525,0.019501109252883255,18.614699650720624,-5095.230216384109,-4771.247262277338,-323.9829541067702,-0.032154405481930715,-1,1,-1,-0.19999999999999996,MeanReversion
2023-11-01 00:00:00+09:00,87363.40625,87363.40625,85654.12221467392,134760,93711.49609375,106241.49895833334,0.022187850179931856,0.01965081435930315,26.66666179132845,-5098.025094556171,-4836.602828733105,-261.4222658230665,0.018826186360239694,-1,1,-1,-0.19999999999999996,MeanReversion
2023-11-02 00:00:00+09:00,88597.890625,89642.45310825296,87173.48723874599,196525,93165.475390625,105782.52447916666,0.019646718352996636,0.019729740863834458,34.43395787088062,-4943.6402758071345,-4858.010318147911,-85.62995765922369,0.01413045150125436,-1,1,-1,-0.19999999999999996,MeanReversion
2023-11-03 00:00:00+09:00,91446.6953125,91731.57598325545,88787.80905211579,168857,92847.35859375,105407.431640625,0.021131981960200847,0.020177913227221535,40.851063382862996,-4539.090653273757,-4794.22638517308,255.13573189932322,0.03215431730263041,-1,1,-1,-0.19999999999999996,MeanReversion
2023-11-06 00:00:00+09:00,97429.1875,97429.1875,91351.73330896687,884626,92937.570703125,105108.30690104167,0.025338848370332945,0.02186767602103995,52.55973232908069,-3693.172447975274,-4574.01559773352,880.843149758246,0.06542053998841713,-1,1,1,0.30000000000000004,Trend
2023-11-07 00:00:00+09:00,96479.5859375,97144.307494156,93061.01793184056,344237,92947.066796875,104807.59934895833,0.02540649134276388,0.021878238471959837,51.677851051981925,-3064.0802756134945,-4272.028533309515,1207.9482576960208,-0.009746581972676305,-1,1,1,0.30000000000000004,Trend
2023-11-08 00:00:00+09:00,93630.78125,98378.79246957404,93535.82102560851,181785,92652.690625,104423.01041666667,0.02501491436036182,0.02196422110381406,50.49179337341337,-2763.5385740409984,-3970.330541455812,1206.7919674148138,-0.02952753849239642,-1,1,1,0.30000000000000004,Trend
2023-11-09 00:00:00+09:00,93061.015625,94485.41892538265,92491.25430484694,186587,92439.030078125,104038.42135416667,0.02462257901961452,0.02196591758213825,52.02701388105242,-2542.0295007401583,-3684.6703333126816,1142.6408325725233,-0.006085238394825443,-1,1,1,0.30000000000000004,Trend
2023-11-10 00:00:00+09:00,92206.375,92586.21588568485,90592.05123583935,137043,92306.085546875,103685.48580729167,0.02406626245317501,0.021816742861994642,51.33332949400695,-2407.689968943305,-3429.2742604388063,1021.5842914955015,-0.009183658906580905,-1,1,1,0.30000000000000004,Trend
2023-11-13 00:00:00+09:00,90876.9375,94770.30681818182,90022.29545454546,178365,92073.433203125,103323.054296875,0.02415129465478681,0.021859800223701743,49.044591828259456,-2381.0521309948526,-3219.629834550016,838.5777035551632,-0.014418064911455364,-1,1,1,0.30000000000000004,Trend
2023-11-14 00:00:00+09:00,90497.09375,93061.01980587619,89262.61083420776,227430,91798.048828125,102987.528125,0.02408922586857675,0.02177942869262973,42.85714695227893,-2363.3484587446874,-3048.3735593889505,685.0251006442631,-0.004179759578715969,-1,1,-1,-0.19999999999999996,MeanReversion
2023-11-15 00:00:00+09:00,94390.4609375,94770.3018265845,91731.57471390846,259351,91741.07265625,102756.458203125,0.02609956191868841,0.02241721808018093,54.12540205672754,-2011.9633164262486,-2841.0915107964106,829.128194370162,0.04302201348316781,-1,1,1,0.30000000000000004,Trend
2023-11-16 00:00:00+09:00,94105.578125,94105.578125,91731.57262235116,164958,91779.05625,102541.21497395834,0.025567965160296694,0.022385059254889518,57.746462552813654,-1736.4589043086598,-2620.164989498861,883.7060851902011,-0.003018131383939693,-1,1,1,0.30000000000000004,Trend
2023-11-17 00:00:00+09:00,93250.9375,94580.38060081466,92301.33528513239,93316,91845.528125,102291.15299479167,0.025402497229532733,0.022330611504627226,58.78135302339571,-1568.99562382554,-2409.931116364197,840.935492538657,-0.009081721211730787,-1,1,1,0.30000000000000004,Trend
2023-11-20 00:00:00+09:00,95814.8671875,96669.50921394945,92966.06043266848,205312,92063.93671875,102099.64986979167,0.02602708419789339,0.02263789016880363,69.20290751485578,-1215.381903374946,-2171.021273766347,955.6393703914009,0.027494948107090078,-1,1,1,0.30000000000000004,Trend
2023-11-21 00:00:00+09:00,96004.78125,96669.50278189911,95340.05971810089,201568,92291.841015625,101911.31197916667,0.026021507687022653,0.022642131607721057,67.43294572299467,-909.3337709321786,-1918.6837731995133,1009.3500022673347,0.001982093886623737,-1,1,1,0.30000000000000004,Trend
2023-11-22 00:00:00+09:00,97809.03125,98948.55394417475,95150.14496359223,171973,92462.76953125,101748.29700520834,0.025405216933427326,0.022789350329179257,68.16479527694925,-515.2609176401747,-1637.9992020876457,1122.738284447471,0.01879333483716472,-1,1,1,0.30000000000000004,Trend
2023-11-23 00:00:00+09:00,97429.1875,98473.74993908382,96669.50572612086,87010,92733.405859375,101578.95130208334,0.024633415882098143,0.022790289718401874,63.07053516961029,-230.9433867972839,-1356.5880390295733,1125.6446522322894,-0.0038835243038970457,-1,1,1,0.30000000000000004,Trend
2023-11-24 00:00:00+09:00,96859.4296875,97714.07171415442,95814.86721047794,120349,93080.010546875,101423.849609375,0.023977970189203567,0.02274581891778635,48.36957518053855,-51.00641876597365,-1095.4717149768535,1044.4652962108798,-0.005847917109028544,-1,1,1,0.30000000000000004,Trend
2023-11-27 00:00:00+09:00,100657.84375,100657.84375,96289.67317216982,191008,93683.008203125,101195.94518229166,0.02475472885461013,0.021146170207483925,60.28039125756252,393.55849756927637,-797.6656724676276,1191.224170036904,0.03921573846506132,-1,1,1,0.30000000000000004,Trend
2023-11-28 00:00:00+09:00,102557.046875,103601.60938946759,100467.92184606481,199417,94523.406640625,100952.2140625,0.02309791696457066,0.021032830945299435,73.03922161701757,888.8827297684766,-460.3559920204068,1349.2387217888834,0.018867909884072054,-1,1,-1,-0.19999999999999996,MeanReversion
2023-11-29 00:00:00+09:00,102082.2421875,103221.76489098837,100562.87858284883,148750,95259.3484375,100706.90013020833,0.023170090899355712,0.021034751685836493,73.39902336301449,1228.951395539727,-122.49451450838009,1351.445910048107,-0.004629664191469041,-1,1,-1,-0.19999999999999996,MeanReversion
2023-11-30 00:00:00+09:00,106070.5703125,106070.5703125,100847.75798735452,244425,96132.982421875,100516.97955729166,0.024131674813817405,0.021656282035472037,80.93220324211563,1799.5390451264248,261.9121974185809,1537.6268477078438,0.03906975434252735,-1,1,-1,-0.19999999999999996,MeanReversion
2023-12-01 00:00:00+09:00,105690.7265625,106545.36855626684,104456.24368261456,146446,96845.183984375,100366.62578125,0.02367302629713383,0.02146439631395055,84.51324002706943,2195.772157536223,648.6841894421093,1547.0879680941136,-0.0035810474939553805,-1,1,-1,-0.19999999999999996,MeanReversion
2023-12-04 00:00:00+09:00,108729.4609375,109584.10298853712,105880.65410070961,176365,97410.19765625,100247.92552083333,0.020366738680733378,0.02175868692540419,87.79525735509655,2723.5943221588677,1063.666215985461,1659.9281061734068,0.028751192028215078,-1,1,-1,-0.19999999999999996,MeanReversion
2023-12-05 00:00:00+09:00,108159.6953125,110628.66114052897,107305.05329510536,128358,97994.203125,100149.79986979166,0.020212158233774515,0.021681236294972376,83.10499006734969,3060.6407053001603,1463.061113848401,1597.5795914517594,-0.005240213830615015,-1,1,-1,-0.19999999999999996,MeanReversion
2023-12-06 00:00:00+09:00,104646.1640625,108159.69225697595,104551.20384102767,198755,98544.972265625,99999.44609375,0.020505138244037,0.022073374326508445,71.9367389710246,3009.5475928860687,1772.3584096559348,1237.189183230134,-0.03248466297772512,-1,1,-1,-0.19999999999999996,MeanReversion
2023-12-07 00:00:00+09:00,103981.4453125,104551.20665667808,102462.0817280251,152010,99090.99375,99849.092578125,0.0205132635463428,0.022075218443934272,72.50994383596891,2882.1945407908643,1994.3256358829208,887.8689049079435,-0.00635206035457736,-1,1,-1,-0.19999999999999996,MeanReversion
2023-12-08 00:00:00+09:00,103886.4921875,104931.05472320612,103126.8103433501,108426,99674.999609375,99700.32174479167,0.02028106665082681,0.02207526707970205,68.8888921391108,2741.9963784280408,2143.8597843919447,598.1365940360961,-0.0009131737370512427,-1,1,1,0.30000000000000004,Trend
2023-12-11 00:00:00+09:00,102367.125,103981.44886363637,101417.52272727272,136987,100249.508984375,99494.574609375,0.020292295934354103,0.022012037915913028,64.01674201883219,2479.7036108682514,2211.028549687206,268.6750611810453,-0.014625262202113465,1,1,1,1.0,Trend
2023-12-12 00:00:00+09:00,106450.4140625,106925.21519569581,102367.12431701606,191370,101047.175,99380.622265625,0.021431403805517467,0.022591618941773303,67.30037416207685,2571.677309522347,2283.1583016542345,288.51900786811257,0.03988867580778499,1,1,1,1.0,Trend
2023-12-13 00:00:00+09:00,105215.9296875,105690.73081424864,104171.36720865298,107250,101588.4484375,99246.09518229167,0.02028379210981552,0.02263269122662344,65.07352841095212,2515.952225168454,2329.717086357078,186.2351388113757,-0.011596802002810436,1,1,1,1.0,Trend
2023-12-14 00:00:00+09:00,108159.6953125,108159.6953125,105310.8885878512,287602,102291.154296875,99149.55234375,0.020762084489454914,0.022920268615352676,70.03365641646423,2678.451457083007,2399.463960502264,278.987496580743,0.027978326416382204,1,1,-1,0.5,Trend
2023-12-15 00:00:00+09:00,107874.8125,109014.33516725352,107305.05116637323,168680,103022.348046875,99010.27734375,0.020547200113616482,0.022759754434333025,64.61535978796802,2752.5163123484526,2470.074430871502,282.4418814769506,-0.0026339091625295907,1,1,1,1.0,Trend
2023-12-18 00:00:00+09:00,106450.4140625,108539.53904856155,106165.53338258251,114032,103554.125390625,98869.41966145833,0.0204805935840558,0.022774585066493637,58.03920822144711,2665.549399808864,2509.1694246589745,156.37997514988956,-0.013204179960915385,1,1,1,1.0,Trend
2023-12-19 00:00:00+09:00,105120.96875,107589.93459236676,104456.2471770551,129896,104009.934765625,98712.73515625,0.02085818003890198,0.02281992865998949,56.06060275540162,2460.983681012207,2499.5322759296214,-38.54859491741445,-0.012488869340794184,1,1,-1,0.5,Trend
2023-12-20 00:00:00+09:00,107020.171875,107969.7741099157,106355.450310559,135732,104470.491796875,98597.20026041666,0.02083342532066313,0.022950411395138152,52.06611345478429,2424.169379322382,2484.4596966081735,-60.29031728579139,0.018066834310828117,1,1,-1,0.5,Trend
2023-12-21 00:00:00+09:00,104836.0859375,106640.33017012001,104171.36437811368,94542,104840.83671875,98476.91744791667,0.021512760380697816,0.023000006742967902,48.27586532981637,2193.471325954888,2426.2620224775164,-232.79069652262842,-0.02040817071431189,1,1,-1,0.5,Trend
2023-12-22 00:00:00+09:00,106355.453125,107400.01561104911,104836.08950892858,132220,105315.637890625,98416.77604166667,0.02151731306085693,0.022966142275381636,44.89795507182283,2108.931244103369,2362.7958668026868,-253.8646226993178,0.014492788183696481,1,1,-1,0.5,Trend
2023-12-26 00:00:00+09:00,108064.734375,108159.69459852812,106355.45035149384,138762,105685.982421875,98377.209375,0.020205162705361816,0.02305685616177013,49.80544597608498,2155.0156529763626,2321.2398240374223,-166.22417106105968,0.016071402074617325,1,1,-1,0.5,Trend
2023-12-27 00:00:00+09:00,110913.5390625,111103.45950610017,107589.93129949701,144746,106103.80703125,98413.61067708333,0.020557591298605436,0.023216206455627265,63.20000552863272,2393.818163170581,2335.7554918640544,58.06267130652668,0.026362019987151708,1,1,1,1.0,Trend
2023-12-28 00:00:00+09:00,114806.9140625,115281.71519592639,110723.62431503308,209528,106740.040625,98570.29505208334,0.02153973450140495,0.023256862671775014,70.07042885937808,2864.2167889561388,2441.4477512824715,422.7690376736673,0.03510279297648311,1,1,-1,0.5,Trend
2024-01-02 00:00:00+09:00,112527.859375,114332.10353375527,111673.21740506329,108237,107062.905078125,98787.12096354166,0.02085512273412243,0.02212467601494247,64.82081617897506,3018.317141335603,2556.821629293098,461.4955120425052,-0.019851197169704404,1,1,1,1.0,Trend
2024-01-03 00:00:00+09:00,107779.859375,111673.22874449339,107779.859375,165519,107167.36171875,98953.30143229167,0.023243394556017524,0.022748970225456498,58.35777345431314,2725.8964243527444,2590.6365883050275,135.25983604771682,-0.0421939955702636,1,1,1,1.0,Trend
2024-01-04 00:00:00+09:00,106355.453125,108064.73719308036,106165.53267299107,113999,107048.661328125,99132.14322916667,0.0225168507146406,0.022612789951931105,49.840254415378475,2352.0996782909206,2542.9292063022067,-190.82952801128613,-0.013215885215103529,1,1,-1,0.5,Trend
2024-01-05 00:00:00+09:00,105120.96875,106735.29257000903,103886.48582881663,111905,106896.725,99279.331640625,0.022624658661252187,0.022668374626382576,49.840254415378475,1933.9570390312,2421.1347728480055,-487.17773381680536,-0.011607156367893112,1,1,-1,0.5,Trend
2024-01-08 00:00:00+09:00,106260.484375,107589.92743241733,105026.00153596961,109330,106977.441015625,99391.70130208334,0.021496848217304045,0.022323773518766302,46.598627748427816,1675.214542015383,2271.950726681481,-596.7361846660979,0.010840041131184863,1,1,-1,0.5,Trend
2024-01-09 00:00:00+09:00,105120.96875,107874.815266486,104931.04830058718,90628,107034.4171875,99521.48033854166,0.021596286257973836,0.022170147411334995,45.21452449893238,1362.503766096852,2090.061334564555,-727.5575684677033,-0.010723794754958771,1,1,-1,0.5,Trend
2024-01-10 00:00:00+09:00,105310.8828125,106735.28609670875,104171.360185133,77820,107105.63671875,99695.57395833333,0.021595178282124736,0.02188544529894357,47.93101804805894,1117.1251772308024,1895.4741030978048,-778.3489258670024,0.0018066239757708047,1,1,-1,0.5,Trend
2024-01-11 00:00:00+09:00,103126.8046875,106735.2932493094,103126.8046875,117324,107143.620703125,99822.18763020834,0.02187207553913185,0.022068507833110342,46.48829284197985,737.9177694043465,1663.9628363591132,-926.0450669547668,-0.02073933924652993,1,1,-1,0.5,Trend
2024-01-12 00:00:00+09:00,103601.609375,104646.17188932172,102746.96731782769,79617,107001.18046875,99948.80143229167,0.0199295191728474,0.022067527581755376,43.6619783591619,470.2847865556396,1425.2272263984187,-954.9424398427791,0.004604086095159943,1,1,-1,0.5,Trend
2024-01-15 00:00:00+09:00,107115.1328125,104456.24653701241,102082.24093389849,16711,107096.140625,100141.88723958333,0.02120522892003865,0.02243544362892578,54.02685138149613,535.5225267846545,1247.286286475666,-711.7637596910115,0.03391379206072309,1,1,-1,0.5,Trend
2024-01-16 00:00:00+09:00,103791.5234375,107020.17101012122,103696.56321477584,71109,106877.73203125,100315.980859375,0.02140668384935766,0.022619565514734784,45.741315505970114,315.4006634109828,1060.9091618627294,-745.5084984517466,-0.03102838308400202,1,1,-1,0.5,Trend
2024-01-17 00:00:00+09:00,99138.4765625,103981.44811871408,98758.63565613027,155065,106440.915234375,100436.26380208334,0.02354371459353231,0.023342202959357374,36.49424750674069,-231.8370220061188,802.3599250889598,-1034.1969470950785,-0.0448307021700276,1,1,-1,0.5,Trend
2024-01-18 00:00:00+09:00,99803.1953125,101322.55889480257,99328.39419303044,109282,106108.554296875,100575.53880208333,0.023562396455922757,0.023336977707251388,31.999988861723878,-604.9164818399586,520.9046437031761,-1125.8211255431347,0.006704952234977579,1,1,-1,0.5,Trend
2024-01-19 00:00:00+09:00,107589.9296875,107589.9296875,100277.9927184466,203740,106232.00234375,100844.59270833334,0.029213889873682303,0.02519861920598862,39.617465088614814,-269.15757308482716,362.89220034557553,-632.0497734304026,0.07802089252371602,1,1,-1,0.5,Trend
2024-01-22 00:00:00+09:00,108824.4140625,110723.61849640052,106355.44829842933,155499,106322.214453125,101085.15859375,0.029053576702351192,0.024938082523789453,44.50704022978517,95.44610982116137,309.40298224069267,-213.9568724195313,0.011473976965926225,1,1,-1,0.5,Trend
2024-01-23 00:00:00+09:00,107779.859375,111483.30828744493,107115.1377753304,97866,106469.403125,101347.88190104166,0.028728855365672146,0.024721326452224142,50.0,296.6902611313126,306.86043801881664,-10.170176887504056,-0.00959853261328003,1,1,-1,0.5,Trend
2024-01-24 00:00:00+09:00,105785.6875,108349.6134986535,104171.36372307001,92316,106440.91484375,101612.18776041667,0.02889202917670081,0.02465213538527538,49.068314887850306,291.89985676026845,303.86832176710703,-11.968465006838585,-0.018502268295430335,1,1,-1,0.5,Trend
2024-01-25 00:00:00+09:00,110058.8984375,110438.73932943269,105785.68840325711,137231,106540.623046875,101969.87122395834,0.030051672942209673,0.02499416553084694,57.34463782349907,625.7031206375395,368.23528154119356,257.467839096346,0.04039498195348967,1,1,1,1.0,Trend
2024-01-26 00:00:00+09:00,110628.6640625,112337.94814243562,109394.18111587984,129745,106526.379296875,102384.53098958333,0.02949124671165144,0.02453595851730787,56.60921462775168,925.5507633261295,479.69837789818075,445.8523854279488,0.005176915570562102,1,1,1,1.0,Trend
2024-01-29 00:00:00+09:00,107779.859375,111958.10943006608,107779.859375,112906,106175.0265625,102724.80520833333,0.028851807611382316,0.024769472987160816,53.82514508752456,922.6714682721795,568.2929959729805,354.37847229919896,-0.02575105386693055,1,1,1,1.0,Trend
2024-01-30 00:00:00+09:00,106070.5703125,110153.85994852282,105405.84874384511,139768,105852.162109375,103016.01653645834,0.028740651837192224,0.02485615394286345,51.04712853750474,773.5472923094349,609.3438552402714,164.20343706916344,-0.015859076755266877,1,1,1,1.0,Trend
2024-01-31 00:00:00+09:00,107779.859375,107969.77983204846,104931.05251927313,133430,105852.162109375,103288.2359375,0.027401669366767654,0.024631420944935638,56.498678312963015,784.2503014006215,644.3251444723414,139.9251569282801,0.01611464006900487,1,1,1,1.0,Trend
2024-02-01 00:00:00+09:00,108919.375,110058.89766782912,106355.44899738449,160045,105980.358203125,103479.7390625,0.027310514236066778,0.023337454874530573,57.291658632359535,874.6000558008236,690.3801267380379,184.2199290627857,0.01057262118922675,1,1,1,1.0,Trend
2024-02-02 00:00:00+09:00,113097.6328125,113952.27487405541,109109.30319190805,315586,106379.19140625,103756.70651041667,0.028296409800488486,0.02373615115150134,58.056272711396154,1268.7282637405733,806.049754138545,462.67850960202827,0.0383610153152274,1,1,1,1.0,Trend
2024-02-05 00:00:00+09:00,116801.078125,117275.87925558943,111008.50433180894,302387,106906.22109375,104142.878125,0.028978394969456617,0.0236452634679355,67.34177721393597,1858.4912633943313,1016.5380559897023,841.953207404629,0.03274555992378536,1,1,1,1.0,Trend
2024-02-06 00:00:00+09:00,114332.109375,117560.75698193522,113762.34803259966,188255,107366.778125,104497.39635416666,0.029370505725076122,0.02383367838722711,71.50536742637108,2102.42213191629,1233.7148711750199,868.7072607412699,-0.021138235961809526,1,1,-1,0.5,Trend
2024-02-07 00:00:00+09:00,115281.7109375,116421.23361563015,113572.42692030479,152311,107865.31953125,104881.98528645834,0.02937834629476133,0.023783179586676376,71.73332613733992,2345.328525266348,1456.0376019932855,889.2909232730626,0.008305641938131103,1,1,-1,0.5,Trend
2024-02-08 00:00:00+09:00,114996.8359375,116041.39844395129,114142.19388676714,249797,108458.82109375,105283.98359375,0.028820023051027332,0.023677142973456765,63.175687507052814,2486.187340281176,1662.0675496508636,824.1197906303125,-0.0024711205071760167,1,1,1,1.0,Trend
2024-02-13 00:00:00+09:00,112527.859375,116990.98966244726,112053.05828059072,218838,108905.13359375,105651.16302083334,0.02945393724376482,0.02388590530002308,56.310670047331264,2371.2587961727695,1803.9057989552448,567.3529972175247,-0.021469952128438274,1,1,1,1.0,Trend
2024-02-14 00:00:00+09:00,108539.53125,111483.29806430446,108444.57103018372,203379,108976.353515625,105886.980859375,0.029917319224153978,0.023883779441599442,51.17645436173013,1936.0349434249074,1830.3316278491775,105.7033155757299,-0.035443028483363115,1,1,1,1.0,Trend
2024-02-15 00:00:00+09:00,109963.9375,110818.57950129533,108729.45460924007,120694,109284.97421875,106151.28684895833,0.029041008578799266,0.023912778936375237,56.586822512366545,1686.612367130423,1801.5877757054266,-114.97540857500348,0.013123386784480884,1,1,-1,0.5,Trend
2024-02-16 00:00:00+09:00,113857.3125,115376.67613636363,111673.22727272726,214906,110020.916015625,106494.72643229166,0.027472281942099278,0.024218172436071637,56.06060946024343,1782.557786077712,1797.7817777798837,-15.223991702171588,0.035405925692684415,1,1,-1,0.5,Trend
2024-02-19 00:00:00+09:00,113477.46875,114237.15054916318,112148.02560146444,96418,110704.6296875,106789.103125,0.02756814505000825,0.024029439022101286,54.57316407867637,1807.1137235882343,1799.6481669415539,7.4655566466803975,-0.0033361383793421018,1,1,1,1.0,Trend
2024-02-20 00:00:00+09:00,110533.6953125,114332.10408612543,110438.73509315937,141653,110851.81796875,107031.25169270833,0.02325465148151667,0.02432144436945587,54.407273474738105,1570.92788789318,1753.904111131879,-182.97622323869905,-0.025941479572349047,1,1,-1,0.5,Trend
2024-02-21 00:00:00+09:00,112812.7421875,113857.30461516204,110438.73667008628,159230,111051.234375,107281.31354166666,0.023544826174401408,0.02434282809006347,60.59699923721075,1549.784002230197,1713.080089351543,-163.29608712134586,0.020618571274186648,1,1,-1,0.5,Trend
2024-02-22 00:00:00+09:00,110913.5390625,113762.34571650258,110723.61861889984,84018,111207.918359375,107506.052734375,0.023788281224139472,0.02445831767415449,54.89612707560921,1364.0535405030096,1643.2747795818364,-279.2212390788268,-0.016835005409614467,1,1,-1,0.5,Trend
2024-02-23 00:00:00+09:00,109204.2578125,111293.38274456521,109204.2578125,130685,111378.846875,107711.79986979166,0.02365841264501604,0.024543757688229962,50.43732072129077,1066.640531565732,1527.9479299786155,-461.30739841288346,-0.015410934178530011,1,1,-1,0.5,Trend
2024-02-26 00:00:00+09:00,105880.65625,109868.98590246637,105595.77556053812,268495,111169.934765625,107798.84674479166,0.02293864609891945,0.024430520320650417,38.62275943219038,556.3385847451718,1333.6260609319268,-777.2874761867549,-0.03043472506545042,1,1,-1,0.5,Trend
2024-02-27 00:00:00+09:00,108064.734375,110248.81951614674,105026.00722210018,246776,111041.73828125,107890.64153645834,0.023435330067562047,0.024452896053026738,35.53458989325951,324.41778071486624,1131.7844048885147,-807.3666241736485,0.020627735059018493,1,1,-1,0.5,Trend
2024-02-28 00:00:00+09:00,109489.1328125,111008.49632073939,106450.40579602125,147467,111127.201953125,108014.08971354166,0.0228738677314842,0.02449229482940812,41.693802345776845,252.64360413028044,955.9562447368679,-703.3126406065875,0.013180973846260935,1,1,-1,0.5,Trend
2024-02-29 00:00:00+09:00,106260.484375,109394.17158176943,106165.52415661304,311650,111136.69765625,108017.25494791666,0.02361270558794785,0.024321728870165857,35.64953924352673,-64.02485520670598,751.9600247481532,-815.9848799548591,-0.029488300387117472,1,1,-1,0.5,Trend
2024-03-04 00:00:00+09:00,102367.125,107589.9375,101892.32386363637,360550,110866.0609375,107961.86158854167,0.024707623662585363,0.024792283155010846,31.978316943360568,-621.9786711521447,477.17228556809357,-1099.1509567202384,-0.03663976687006332,1,1,-1,0.5,Trend
2024-03-05 00:00:00+09:00,104646.1640625,106260.48782752949,102557.03919010889,207160,110652.400390625,107893.806640625,0.025158184480712616,0.024680584971456893,38.692096504499474,-870.2302123213303,207.6917859902088,-1077.921998311539,0.022263388392513628,1,1,-1,0.5,Trend
2024-03-06 00:00:00+09:00,106735.2890625,108064.73216470196,103791.52219333852,196603,110334.283203125,107870.06653645834,0.023964805414643044,0.024812301376811542,47.26224947845427,-888.1582834673027,-11.47822790129348,-876.6800555660092,0.019963703578778746,1,1,-1,0.5,Trend
2024-03-07 00:00:00+09:00,107779.859375,109868.98440253304,106260.49571861234,142547,109883.222265625,107922.29479166666,0.022726230701889786,0.02446583560217436,46.6472397611781,-808.7554848384607,-170.93367928872692,-637.8218055497338,0.00978655064950762,1,1,-1,0.5,Trend
2024-03-08 00:00:00+09:00,106545.375,109489.14204545454,105785.69318181818,117143,109493.885546875,107965.026953125,0.022435509191596672,0.02449931558539008,37.7777702326111,-835.8061142906372,-303.908166289109,-531.8979480015282,-0.011453757521661223,1,1,-1,0.5,Trend
2024-03-11 00:00:00+09:00,108349.6171875,110343.78192101227,105405.85019993427,132433,109147.280859375,108039.41236979167,0.02275004565350432,0.02458961990455799,41.818176832039555,-703.5466196814668,-383.8358569675805,-319.7107627138863,0.016934026347929176,1,1,-1,0.5,Trend
2024-03-12 00:00:00+09:00,108349.6171875,110153.86147020158,106925.21380641981,100978,108814.919921875,108139.12057291667,0.022760356921335368,0.024506301480388914,46.15385462015665,-591.9068832249322,-425.4500622190509,-166.45682100588135,0.0,1,1,-1,0.5,Trend
2024-03-13 00:00:00+09:00,107210.0859375,109394.17094774135,106355.44397697077,127504,108549.03125,108151.78177083333,0.0224117620922505,0.02402957214836938,39.72124057176012,-588.5972534287866,-458.0795004609981,-130.51775296778857,-0.010517169138013926,1,1,-1,0.5,Trend
2024-03-14 00:00:00+09:00,112527.859375,115376.66594145569,107589.92799314346,497364,108748.44765625,108273.647265625,0.023660840113982746,0.02477044581605188,52.631574925631035,-155.08673075739352,-397.4809465202772,242.39421576288368,0.04960142873684559,1,1,1,1.0,Trend
2024-03-15 00:00:00+09:00,117560.7578125,121359.16678867125,114806.91130477586,851885,109128.288671875,108430.331640625,0.025363997331789807,0.02514817070998977,62.29050690159799,587.810411429673,-200.4226749302872,788.2330863599602,0.04472579915279318,1,1,1,1.0,Trend
2024-03-18 00:00:00+09:00,119080.125,120884.36931818181,114522.03409090909,426019,109389.429296875,108617.08684895834,0.024387415779613297,0.02518553047345318,70.5014714183716,1284.3567182835832,96.53320371248688,1187.8235145710962,0.012924101679603561,1,1,-1,0.5,Trend
2024-03-19 00:00:00+09:00,118225.4765625,119175.07878388555,116516.19256400602,218550,109626.8296875,108813.337890625,0.024449155668709678,0.025136532616249214,66.46152856951554,1747.270254641684,426.6806138983263,1320.5896407433577,-0.007177087171347907,1,1,1,1.0,Trend
2024-03-20 00:00:00+09:00,121169.2421875,122213.80462015087,118890.19687989813,361496,110158.60703125,109080.80911458333,0.023988525258648485,0.02523544948622629,68.03518410664283,2324.870194755378,806.3185300697368,1518.5516646856413,0.02489958772501777,1,1,1,1.0,Trend
2024-03-21 00:00:00+09:00,121454.125,122498.68745113371,119744.84098905395,208546,110590.676171875,109321.375,0.02370003194289655,0.02515288691378739,75.80644390800059,2773.6372075822874,1199.782265572247,1573.8549420100403,0.0023511149146180355,1,1,-1,0.5,Trend
2024-03-22 00:00:00+09:00,119554.921875,122308.76836775219,117750.67762112788,283417,111022.7453125,109566.68893229167,0.023645647226057907,0.025086210077429373,81.31484195387574,2942.1235101380444,1548.2505144854067,1393.8729956526377,-0.01563720561158377,1,1,-1,0.5,Trend
2024-03-25 00:00:00+09:00,118130.515625,119934.7598347066,116896.03274467443,138608,111469.058203125,109762.93997395833,0.023506370893128452,0.025099898023233817,75.3571083326306,2926.972125985005,1823.9948367853262,1102.9772891996786,-0.011914241820084048,1,1,-1,0.5,Trend
2024-03-26 00:00:00+09:00,118605.3203125,119744.84300565453,116326.27492619096,206321,112105.29140625,109938.61640625,0.02203339025322069,0.025032714392436917,73.76422774909236,2919.621733118838,2043.1202160520288,876.5015170668094,0.004019322907276912,1,1,-1,0.5,Trend
2024-03-27 00:00:00+09:00,114142.1953125,117085.96241290557,113097.63279300125,333316,112409.164453125,109992.42734375,0.023811271598963495,0.02534385872842725,61.2040048196073,2524.558072233747,2139.4077872883727,385.15028494537455,-0.03763005730468594,1,1,1,1.0,Trend
2024-03-28 00:00:00+09:00,114142.1953125,116136.36012245216,113477.47370918261,154202,112641.817578125,109981.34869791666,0.023691165636257214,0.024947136943817488,63.98600583895496,2186.2653684379184,2148.7793035182817,37.48606491963665,0.0,1,1,1,1.0,Trend
2024-03-29 00:00:00+09:00,112432.8984375,115661.54585884714,111293.37581820102,199548,112950.43828125,109979.766015625,0.02285320130633672,0.02488801746844294,57.543833212957615,1759.952355567235,2071.0139139280727,-311.0615583608378,-0.014975153319245926,1,1,-1,0.5,Trend
2024-04-01 00:00:00+09:00,113667.390625,113762.35085108604,110343.7827119883,167375,113515.4515625,110077.89153645834,0.020850557056256873,0.024272125906854312,59.395958609330485,1504.3680059612525,1957.6847323347088,-453.3167263734563,0.010979812889785334,1,1,-1,0.5,Trend
2024-04-02 00:00:00+09:00,113762.3515625,115376.67541605802,111388.34589550292,162613,113971.2609375,110201.33984375,0.020487999618441225,0.024200550615861488,62.02090662251352,1294.5552939513,1825.0588446580273,-530.5035507067273,0.000835428146787276,1,1,-1,0.5,Trend
2024-04-03 00:00:00+09:00,113667.390625,115946.43605106516,112148.02700762321,204535,114317.866015625,110343.78020833334,0.02017844928618348,0.02414379170387878,52.586221570357424,1107.8441166620178,1681.6158990588256,-573.7717823968078,-0.0008347307891910516,1,1,-1,0.5,Trend
2024-04-04 00:00:00+09:00,114901.875,115661.55681818182,112527.86931818182,211694,114673.966796875,110487.80338541667,0.020198118351564574,0.02414392650471463,42.708356989853655,1047.412812613009,1554.7752817696623,-507.36246915665333,0.010860497177002104,1,1,-1,0.5,Trend
2024-04-05 00:00:00+09:00,113572.4375,115186.761444398,113192.59657190635,121020,115025.319921875,110628.66119791666,0.02020265311197681,0.0241514396889309,34.73687948053119,882.0780266758666,1420.2358307509032,-538.1578040750367,-0.011570198484576522,1,1,-1,0.5,Trend
2024-04-08 00:00:00+09:00,112527.859375,113192.58090717299,110818.57543512658,162229,115234.23203125,110748.944140625,0.020118829910805724,0.024189501531424188,34.37502008572481,659.1618849681399,1268.0210415943507,-608.8591566262107,-0.009197461531984863,1,1,-1,0.5,Trend
2024-04-09 00:00:00+09:00,112622.828125,115281.71445510117,112053.06676854975,130141,115447.892578125,110907.21119791667,0.020115538787937072,0.024015600581537486,22.222323791415462,484.57652454220806,1111.3321381839223,-626.7556136417143,0.0008439576699270646,1,1,-1,0.5,Trend
2024-04-11 00:00:00+09:00,110438.734375,112432.89896818573,108349.60956309114,273342,115609.325,111021.16328125,0.020507490240176698,0.024164638028153558,18.13195009492813,168.04118204847327,922.6739469568325,-754.6327649083593,-0.01939299328885502,1,1,-1,0.5,Trend
2024-04-12 00:00:00+09:00,111673.2265625,114047.23222921981,108824.41976243621,235730,115566.593359375,111097.13151041667,0.017489376116614826,0.023829277018531124,26.285813145210156,16.60641662403941,741.460440890274,-724.8540242662345,0.011178072571062181,1,1,-1,0.5,Trend
2024-04-15 00:00:00+09:00,112148.0234375,113287.546114257,108919.37585335522,143881,115295.956640625,111236.40651041667,0.014155252749532145,0.023454149593736585,30.90916434105668,-64.35276758737746,580.2977991947437,-644.6505667821211,0.004251662548088619,1,1,-1,0.5,Trend
2024-04-16 00:00:00+09:00,106070.5703125,111863.14398220679,105215.92829565801,272471,114645.47890625,111351.94140625,0.018046974472707956,0.02382134932255173,20.535783151026962,-611.8600384927558,341.8662316572438,-953.7262701499997,-0.0541913529879281,1,1,-1,0.5,Trend
2024-04-17 00:00:00+09:00,106640.328125,108444.5723230187,106165.52702025823,156746,114066.221484375,111465.89361979166,0.018212793125948378,0.023816723623460583,28.415338378990768,-988.3951968831097,75.8139459491731,-1064.2091428322829,0.005371497587138618,1,1,-1,0.5,Trend
2024-04-18 00:00:00+09:00,113382.5078125,114901.87140127721,107020.17278449539,375758,113676.884765625,111562.43658854166,0.02267282625838365,0.023146033036498617,48.42518868908457,-734.2999163127679,-86.2088265032151,-648.0910898095528,0.06322354597031121,1,1,-1,0.5,Trend
2024-04-19 00:00:00+09:00,113287.5546875,114901.87860173931,109774.02616827327,269638,113268.55625,111636.822265625,0.022642066883285055,0.02310552202908603,51.898762739011595,-534.428935338161,-175.85284827020428,-358.5760870679567,-0.0008374583243212497,1,1,-1,0.5,Trend
2024-04-22 00:00:00+09:00,113287.5546875,116706.12297647737,111863.15123375943,219316,112955.187890625,111728.6171875,0.022465746464459393,0.023066061072498673,49.107155646429305,-371.7445036875288,-215.0311793536692,-156.7133243338596,0.0,1,1,-1,0.5,Trend
2024-04-23 00:00:00+09:00,118985.1640625,121739.01063697127,112812.74932661612,577236,112997.9203125,111948.60846354166,0.02512706245637695,0.02374317092616646,59.717306783276676,214.46136303235835,-129.1326708764637,343.59403390882204,0.05029333884658982,1,1,1,1.0,Trend
2024-04-24 00:00:00+09:00,122878.53125,123353.3323753864,117655.71887074961,569640,113211.580859375,112162.26901041667,0.026113681749388905,0.023562804228981042,65.01546852068167,981.8774574649287,93.0693547918148,888.8081026731139,0.03272145076385247,1,1,1,1.0,Trend
2024-04-25 00:00:00+09:00,120884.3671875,124113.01485786527,119934.7649315102,348090,113548.689453125,112333.19739583334,0.02476311709468075,0.023674888758014476,59.516607979018104,1412.8612819353148,357.02774022051483,1055.8335417148,-0.01622874266329577,1,1,1,1.0,Trend
2024-04-26 00:00:00+09:00,122498.6875,125157.57374031008,120884.36371124032,476373,113966.5140625,112578.51119791667,0.024859689887150295,0.023442243307949782,64.07183018034151,1863.203376954145,658.2628675672408,1204.940509386904,0.013354252084523788,1,1,1,1.0,Trend
2024-04-29 00:00:00+09:00,126012.2109375,126202.13137598908,122593.64304469668,441479,114645.4796875,112910.871875,0.025040649044461204,0.02355857124147588,69.72222241266503,2475.083487701617,1021.6269915941161,1453.4564961075007,0.028682131288141344,1,1,1,1.0,Trend
2024-04-30 00:00:00+09:00,124872.6953125,126771.89980394486,123733.17261763308,269506,115205.744921875,113195.75247395833,0.02522008804558575,0.023544340426310123,67.38545048208559,2835.3691258917825,1384.3754184536494,1450.993707438133,-0.009042898434384106,1,1,1,1.0,Trend
2024-05-02 00:00:00+09:00,122973.484375,126297.09206081081,122688.60371621622,205850,115666.3015625,113429.98763020833,0.025606411974891604,0.02363055157978276,67.93479281485105,2933.8282932670845,1694.2659934163366,1239.5622998507479,-0.015209177096298987,1,1,1,1.0,Trend
2024-05-03 00:00:00+09:00,121833.96875,123638.21302611068,121264.20739964925,152870,116074.63046875,113575.59322916667,0.025758430117590724,0.023204546228860888,64.57766877007887,2886.6331945637794,1932.7394336458253,953.8937609179541,-0.0092663522611518,1,1,1,1.0,Trend
2024-05-07 00:00:00+09:00,125822.296875,125917.2570990566,120694.4447759434,279702,116620.6515625,113725.946875,0.026513020880077027,0.023204331629118388,67.82179861071373,3134.918102194366,2173.1751673555336,961.7429348388323,0.03273576463050243,1,1,1,1.0,Trend
2024-05-08 00:00:00+09:00,124207.9765625,126392.06177728402,123828.13565558103,169581,117152.428515625,113890.54466145833,0.026555482958438223,0.023090155900148974,76.75073249175327,3164.940063560847,2371.5281465965963,793.4119169642508,-0.012830160890352937,1,1,-1,0.5,Trend
2024-05-09 00:00:00+09:00,122973.484375,125157.56942567568,122498.68327702703,191606,117674.709765625,114018.74088541667,0.026576352735887952,0.02311811645841052,73.62638505156876,3053.9158409726224,2508.0056854718014,545.910155500821,-0.00993891231195465,1,1,-1,0.5,Trend
2024-05-10 00:00:00+09:00,123353.328125,125347.49278290993,122403.72590694766,141091,118211.234765625,114158.01575520834,0.02656512221612034,0.023114783336334446,67.67677607094727,2962.4295173952705,2598.8904518564955,363.53906553877505,0.003088826440354353,1,1,1,1.0,Trend
2024-05-13 00:00:00+09:00,129430.78125,130285.42323917829,124113.00887289068,492508,119160.837109375,114439.73111979167,0.0276185920141511,0.023693245035507068,73.61110571522923,3341.803393311653,2747.473040147527,594.3303531641259,0.04926865952770587,1,1,-1,0.5,Trend
2024-05-14 00:00:00+09:00,129050.9375,130285.42034584253,127721.49443524651,190837,120029.72265625,114781.587890625,0.027712028098345443,0.023162759854393682,72.80218606653806,3570.649482496141,2912.10832861725,658.5411538788908,-0.00293472500383285,1,1,-1,0.5,Trend
2024-05-16 00:00:00+09:00,130760.21875,131045.09940087146,128291.25310911401,296050,120960.332421875,115128.192578125,0.027733117242645586,0.02316365687657742,69.25464481656178,3845.6066095495626,3098.8079848037128,746.7986247458498,0.013245012265021394,1,1,1,1.0,Trend
2024-05-17 00:00:00+09:00,127721.5,131045.10780669145,126866.85799256506,249670,122042.87890625,115359.26236979167,0.024618994044153165,0.023025045127116856,58.14696552804533,3774.7993688130664,3234.006261605584,540.7931072074825,-0.023238862545876593,1,1,1,1.0,Trend
2024-05-20 00:00:00+09:00,125252.53125,127911.41743271418,124777.73014594389,165918,122973.4890625,115555.51341145833,0.02544269704958983,0.023181846911421566,57.23269773125165,3479.351181696853,3283.075245623838,196.27593607301515,-0.019330878121537887,1,1,1,1.0,Trend
2024-05-21 00:00:00+09:00,124587.8046875,126297.08859327363,122688.60034775153,219201,123533.75390625,115789.74856770833,0.02226529104446851,0.022910158155025655,53.571416169677626,3155.197335731762,3257.499663645423,-102.30232791366097,-0.005307090849710927,1,1,-1,0.5,Trend
2024-05-22 00:00:00+09:00,121833.96875,125157.57662704599,120979.32672447388,285728,123961.074609375,115940.10234375,0.023053279253067535,0.02299257038578111,42.66667690487597,2645.594762417444,3135.1186833998277,-489.5239209823835,-0.022103575421425603,1,1,-1,0.5,Trend
2024-05-23 00:00:00+09:00,122213.8125,124113.01704545454,120884.36931818181,180513,124407.3875,116128.440234375,0.023037938504450423,0.02286808806479206,45.20548524145921,2246.4851848929247,2957.3919836984473,-710.9067988055226,0.0031177162978202055,1,1,-1,0.5,Trend
2024-05-24 00:00:00+09:00,128576.140625,129240.86217919127,120694.44219673189,327931,124886.936328125,116451.30494791667,0.023214072664961786,0.023614387590881997,58.70207391702779,2415.7276719048386,2849.0591213397256,-433.33144943488696,0.05205899394554936,1,1,-1,0.5,Trend
2024-05-27 00:00:00+09:00,127531.578125,130570.30522849964,125442.45324134402,238014,125119.588671875,116812.15364583333,0.022360969902473073,0.02324501887968869,58.87573575623156,2437.4684788582963,2766.74099284344,-329.27251398514363,-0.008124077258210183,1,1,-1,0.5,Trend
2024-05-28 00:00:00+09:00,128576.140625,130570.30528757385,126676.93618445346,190498,125504.17734375,117154.01041666667,0.021978320937515984,0.023143878029702015,54.72312354417299,2510.0513791339763,2715.403070101547,-205.3516909675709,0.008190618475497624,1,1,-1,0.5,Trend
2024-05-29 00:00:00+09:00,127531.578125,129145.90189873418,125917.25435126583,230294,125755.821875,117454.71783854166,0.021978036535505455,0.023147778147897185,55.813943318080796,2454.986826596316,2663.319821400501,-208.3329948041851,-0.008124077258210183,1,1,-1,0.5,Trend
2024-05-30 00:00:00+09:00,124207.9765625,127531.5844980409,122498.69248136468,224061,125665.61015625,117753.84270833334,0.02194004134270195,0.023068292958736386,52.01240030330871,2118.7374163278146,2554.403340385964,-435.66592405814936,-0.0260610086643982,1,1,-1,0.5,Trend
2024-05-31 00:00:00+09:00,123828.1328125,125632.3770789398,122593.64989335698,264434,125613.38203125,118111.526171875,0.021860412097858366,0.02247967602443324,50.77400011665719,1800.8480645068776,2403.692285210147,-602.8442207032695,-0.0030581268652167815,1,1,-1,0.5,Trend
2024-06-03 00:00:00+09:00,126107.1875,128006.3921310241,123068.46009036145,184229,125770.0671875,118469.20989583334,0.02194402947820958,0.02243118859196832,43.81627855730415,1713.0719028009335,2265.5682087283044,-552.4963059273709,0.018404983065931635,1,1,-1,0.5,Trend
2024-06-04 00:00:00+09:00,124113.0078125,127151.73485917176,123353.32605083205,156839,125884.019140625,118758.83854166667,0.02216108665217974,0.022455401505857203,41.33333772113491,1465.6993577002577,2105.5944385226953,-639.8950808224376,-0.015813370570174623,1,1,-1,0.5,Trend
2024-06-05 00:00:00+09:00,124207.9765625,125727.34019017583,123068.45384174312,109970,125803.303125,119032.64049479166,0.02090455911996826,0.022436341389483427,37.809218507483344,1262.7616872344806,1937.0278882650525,-674.2662010305719,0.0007651796670939959,1,1,-1,0.5,Trend
2024-06-07 00:00:00+09:00,128196.3046875,128671.10581597222,125157.57746527778,294666,126002.71953125,119393.48932291666,0.02187710956435708,0.022673524736822347,50.853248070767854,1407.531719636143,1831.1286545392709,-423.59693490312793,0.03211008049062869,1,1,-1,0.5,Trend
2024-06-10 00:00:00+09:00,127911.4140625,129145.89690051969,126771.89144278954,136834,126249.616015625,119719.51927083333,0.02172940712694748,0.022611472940823774,55.18517265829512,1482.1889690147946,1761.3407174343756,-279.15174841958105,-0.002222299821312834,1,1,-1,0.5,Trend
2024-06-11 00:00:00+09:00,126961.8125,130855.1814697083,126581.97162490651,186538,126430.040234375,120029.72252604166,0.021828419883907706,0.022647359449066692,54.57875479953097,1448.0383819864946,1698.6802503447996,-250.64186835830492,-0.007423900122283111,1,1,-1,0.5,Trend
2024-06-12 00:00:00+09:00,126676.9453125,127816.46805893928,124777.74073510121,156537,126292.3484375,120354.17018229167,0.018867447838803196,0.022590449592717256,60.32388879729139,1382.0559141496487,1635.3553831057693,-253.29946895612056,-0.0022437233833598746,1,1,-1,0.5,Trend
2024-06-13 00:00:00+09:00,126297.1015625,128101.34587053572,126202.14133576129,213658,126154.656640625,120583.65755208333,0.01886778593232403,0.021791269693787918,58.704444810834495,1284.3093975920056,1565.1461860030167,-280.8367884110112,-0.0029985231256007827,1,1,-1,0.5,Trend
2024-06-14 00:00:00+09:00,131899.734375,132279.57522273218,125537.40017548596,428546,126211.632421875,120822.64049479166,0.021143904328065427,0.021779942523988047,57.3221426053623,1640.0250360714563,1580.1219560167046,59.90308005475163,0.04436073942462926,1,1,1,1.0,Trend
2024-06-17 00:00:00+09:00,130760.21875,132469.50265522875,129620.69614651416,210212,126363.568359375,121017.30872395834,0.02051029123923815,0.02177419042536907,57.08331819313049,1809.1283492838847,1625.9232346701408,183.20511461374394,-0.008639256404870954,1,1,1,1.0,Trend
2024-06-18 00:00:00+09:00,131614.875,133229.19886363635,129810.63068181818,278955,126681.685546875,121240.46536458333,0.01994606849593755,0.021752632865814123,56.72270098552649,1989.1775593587663,1698.5740996078662,290.60345975090013,0.0065360570529025,1,1,1,1.0,Trend
2024-06-19 00:00:00+09:00,138357.046875,139211.68889413177,131994.71184368565,571372,127370.14765625,121526.92877604166,0.022477860280526153,0.022438951194841628,69.12751603737433,2645.410137800791,1887.9413072464513,757.4688305543395,0.05122651884902818,1,1,1,1.0,Trend
2024-06-20 00:00:00+09:00,142345.375,142440.3352234823,138357.0456137425,477826,128395.71796875,121875.11627604166,0.02206064834291589,0.022692636981178037,81.31145223857366,3447.5625766052253,2199.865561118206,1247.6970154870191,0.028826346146310078,1,1,-1,0.5,Trend
2024-06-21 00:00:00+09:00,143959.6875,147758.09614116096,142155.44339544856,565193,129483.01171875,122281.86236979166,0.022045274477014536,0.022589156030309317,83.33331177377156,4165.518190180155,2592.996086930596,1572.5221032495592,0.01134081455052538,1,1,-1,0.5,Trend
2024-06-24 00:00:00+09:00,146523.625,147853.06813026572,143105.05695074532,364763,130380.3859375,122755.080859375,0.019811299318354073,0.02257783001815256,83.48907637286678,4885.079361041659,3051.412741752809,1833.6666192888497,0.01781010743024858,1,1,-1,0.5,Trend
2024-06-25 00:00:00+09:00,144149.625,149182.51704545453,142915.14204545453,400489,131211.28828125,123180.81927083334,0.02021080998450209,0.02272371522350758,82.4615735899389,5203.788775693334,3481.8879485409143,1721.9008271524199,-0.016202165350468256,1,1,-1,0.5,Trend
2024-06-26 00:00:00+09:00,142915.140625,145004.26560423587,141490.73723006644,281380,131928.23828125,123660.368359375,0.020467839704677686,0.02211687496689131,79.22850953847235,5295.710061808553,3844.652371194442,1451.0576906141114,-0.008563909722276386,1,1,-1,0.5,Trend
2024-06-27 00:00:00+09:00,149562.359375,149847.2400595238,141300.81952380954,378924,133029.77734375,124250.70442708333,0.022063702602653272,0.022755860261438093,80.82194250969054,5837.640655638883,4243.25002808333,1594.3906275555528,0.04651164824755605,1,1,-1,0.5,Trend
2024-06-28 00:00:00+09:00,150796.828125,151936.3507556675,147663.14089066436,287465,134359.219921875,124890.10325520833,0.02052965554921411,0.022614226282499785,82.13337399368376,6294.180472393287,4653.436116945321,1640.744355447966,0.008253873201510498,1,1,-1,0.5,Trend
2024-07-01 00:00:00+09:00,151841.390625,153360.75413344277,149182.50448522513,168638,135759.8828125,125526.33658854167,0.020323514710241592,0.022602023771118564,84.84046789665314,6663.466733697831,5055.4422402958235,1608.0244934020075,0.00692695272830357,1,1,-1,0.5,Trend
2024-07-02 00:00:00+09:00,149277.484375,151746.4504015585,147663.16043455788,220393,136918.39765625,126118.25546875,0.021104144573467484,0.02277251474291755,79.75004715179504,6672.328499862924,5378.819492209244,1293.5090076536799,-0.01688542392457426,1,1,-1,0.5,Trend
2024-07-03 00:00:00+09:00,148802.671875,150511.95591695915,145858.90491384812,203904,138152.880859375,126703.84348958333,0.020513317947008423,0.022783917732474488,79.55115115304056,6565.356766802957,5616.126947127987,949.2298196749707,-0.0031807375505285007,1,1,-1,0.5,Trend
2024-07-04 00:00:00+09:00,151651.484375,152885.96734110833,146808.51273872887,218721,139525.05625,127316.33697916666,0.020529094871671368,0.0228465280202498,77.95703490604261,6633.983821906382,5819.6983220836655,814.2854998227167,0.019144901526990887,1,1,-1,0.5,Trend
2024-07-05 00:00:00+09:00,147853.078125,151936.36801541428,147093.39628492293,253603,140507.894921875,127887.68098958333,0.021308490866582205,0.023079711602236243,72.50003188013399,6309.143736054015,5917.587404877736,391.55633117627895,-0.02504694408798136,1,1,-1,0.5,Trend
2024-07-08 00:00:00+09:00,151936.375,153170.858046875,146713.562109375,256267,141709.14296875,128544.48958333333,0.021643539500208343,0.023194659384057847,74.6544035632204,6308.473405416909,5995.76460498557,312.7088004313391,0.027617259828353724,1,1,-1,0.5,Trend
2024-07-09 00:00:00+09:00,151651.484375,152411.16620029742,149277.4786709455,153233,142943.6265625,129194.9671875,0.021460981060209838,0.023205586928886798,69.12569436077449,6213.3304651124345,6039.277777010943,174.05268810149119,-0.001875065302828216,1,1,1,1.0,Trend
2024-07-10 00:00:00+09:00,155829.71875,158108.76399680073,151081.70781916514,397291,144401.265234375,129951.48359375,0.021665364851689715,0.02315255130426519,69.29347704585106,6401.287536496529,6111.6797289080605,289.60780758846886,0.02755155607094606,1,1,1,1.0,Trend
2024-07-11 00:00:00+09:00,158678.53125,160672.69591561938,155259.96325179533,248249,146020.33671875,130734.90533854166,0.021493970263150784,0.023197705279115556,70.34122072459199,6702.853902549628,6229.914563636374,472.9393389132547,0.018281573777145788,1,1,-1,0.5,Trend
2024-07-12 00:00:00+09:00,157349.09375,159533.17893783946,154595.2472088111,234150,147292.8046875,131488.25651041666,0.020536339258595757,0.023270043225872325,65.4891433139787,6756.686053701793,6335.268861649458,421.41719205233494,-0.008378181279643071,1,1,1,1.0,Trend
2024-07-15 00:00:00+09:00,160292.859375,162761.82521845377,157539.01285730154,296923,148769.43671875,132391.961328125,0.02021495815506583,0.021884737687191676,72.72727672685085,6956.693275502505,6459.553744420067,497.1395310824373,0.018708500664624816,1,1,-1,0.5,Trend
2024-07-16 00:00:00+09:00,169314.078125,169503.99857157882,161527.33981526922,549559,150654.396875,133436.523828125,0.022502669539711754,0.022738839305830254,80.48246357870154,7753.756916223792,6718.394378780813,1035.3625374429794,0.05627960462602477,1,1,-1,0.5,Trend
2024-07-17 00:00:00+09:00,170168.71875,174726.80943080355,167984.63363211494,551960,152244.98046875,134382.96067708332,0.02075066324449683,0.021623738685007075,77.4683588596651,8358.051534552738,7046.325809935198,1311.7257246175404,0.005047664284413722,1,1,-1,0.5,Trend
2024-07-18 00:00:00+09:00,168174.5625,172922.57386363635,167509.8409090909,398119,153536.43984375,135297.744140625,0.02085514155320616,0.02173493345183371,72.70474229885274,8577.175292109023,7352.495706369963,1224.6795857390598,-0.011718700502938328,1,1,-1,0.5,Trend
2024-07-19 00:00:00+09:00,165325.75,169978.80097645032,162666.86372774266,446971,154604.74296875,136165.04739583333,0.021595833852547718,0.021933662129633512,66.8246587787584,8423.852164358424,7566.766997967656,857.0851663907688,-0.016939615942214825,1,1,1,1.0,Trend
2024-07-22 00:00:00+09:00,177195.78125,177575.62215300108,165515.67348271704,686267,156138.35078125,137135.22434895832,0.025658150417702794,0.022744602429965285,78.26921500868437,9154.625971227797,7884.338792619685,1270.2871786081123,0.07179783699756381,1,1,-1,0.5,Trend
2024-07-23 00:00:00+09:00,180139.53125,181184.09363468635,174821.7591097786,454688,157937.84609375,138089.57434895833,0.024958545122776996,0.022534747439676872,80.21977591463553,9857.672390043066,8279.005512104362,1578.6668779387037,0.016612980169357083,1,1,-1,0.5,Trend
2024-07-24 00:00:00+09:00,179474.828125,180899.23152281746,174346.97589285715,444894,159765.83046875,139066.08203125,0.024777790851085467,0.02237691847909945,78.01149345006742,10243.129336236918,8671.830276930874,1571.299059306044,-0.0036899347988060827,1,1,-1,0.5,Trend
2024-07-25 00:00:00+09:00,174536.890625,179474.822242247,166750.1523054951,875455,161014.55703125,139933.38541666666,0.02489801605992138,0.02279579916620047,76.26168868155486,10034.48515634617,8944.361252813933,1090.1239035322378,-0.02751325938900384,1,1,-1,0.5,Trend
2024-07-26 00:00:00+09:00,188780.921875,192769.25121038733,180709.3029819542,1098426,162913.76171875,140979.53059895834,0.02949948066385513,0.024488013438203195,80.21807288728596,10892.940383994806,9334.077079050108,1558.863304944698,0.08161043318116579,1,1,-1,0.5,Trend
2024-07-29 00:00:00+09:00,192769.25,195618.0566502463,186027.07426108373,447137,164960.1546875,142111.13984375,0.02955744030413353,0.024465680185755578,81.79150046282169,11759.540422648308,9819.169747769749,1940.370674878559,0.021126754151782556,1,1,-1,0.5,Trend
2024-07-30 00:00:00+09:00,190870.046875,193718.85354477612,186786.75731498757,365306,167039.7828125,143242.74921875,0.029230983937185553,0.02439079342388031,78.08221373768592,12152.985327033297,10285.93286362246,1867.052463410837,-0.009852209960872882,1,1,-1,0.5,Trend
2024-07-31 00:00:00+09:00,196567.65625,199891.26396437196,189920.44082125602,490877,169428.03203125,144488.31067708333,0.0292315556922723,0.0244553537240246,79.03931971772424,12777.254472041066,10784.197185306182,1993.0572867348837,0.02985072549770651,1,1,-1,0.5,Trend
2024-08-01 00:00:00+09:00,202265.28125,202265.28125,189920.45187793428,333897,171958.721875,145762.36041666666,0.029397342792236034,0.02439868369266542,82.26468155946029,13575.2558879641,11342.408925837766,2232.846962126334,0.028985567151259106,1,1,-1,0.5,Trend
2024-08-02 00:00:00+09:00,192769.25,201790.4710591133,190395.24445812806,408778,174204.53046875,146905.04830729167,0.03138659418917696,0.02531293390677128,71.32169785829925,13288.248739322997,11731.576888534813,1556.6718507881833,-0.04694839960330566,1,1,-1,0.5,Trend
2024-08-05 00:00:00+09:00,164091.265625,186122.03739872685,154690.20353190103,1261095,174812.275,147590.34466145834,0.04981088817957893,0.03331441678366676,47.27452850957658,10624.250097346958,11510.111530297243,-885.8614329502852,-0.14876845957018558,1,-1,-1,-0.30000000000000004,Defensive
2024-08-06 00:00:00+09:00,180709.296875,185932.10892341041,174252.0019787835,1033802,176265.165625,148546.27747395833,0.053902087710316,0.03535157337991159,54.72340245570408,9741.652513492823,11156.41972693636,-1414.767213443536,0.10127310059255334,1,-1,-1,-0.30000000000000004,Defensive
2024-08-07 00:00:00+09:00,182323.625,185647.2327473958,177765.534375,558177,177589.8609375,149427.82486979166,0.053728118715638686,0.03492697751601427,56.3620797173071,9067.921008894918,10738.719983328072,-1670.7989744331535,0.00893328762225587,1,-1,-1,-0.30000000000000004,Defensive
2024-08-08 00:00:00+09:00,195143.265625,196092.86789081508,177670.5839340024,658256,179413.09765625,150529.363671875,0.055360032356853064,0.03581709402197149,62.30407858017796,9459.37995390917,10482.851977444292,-1023.4720235351215,0.07031255891824228,1,-1,-1,-0.30000000000000004,Defensive
2024-08-09 00:00:00+09:00,191819.65625,199891.27544863863,190395.25286200494,400985,181136.62578125,151547.02096354167,0.055550689397265346,0.03594104770725837,56.49241244974237,9393.148123605119,10264.911206676457,-871.7630830713388,-0.017031637573324487,1,-1,-1,-0.30000000000000004,Defensive
2024-08-12 00:00:00+09:00,189065.8125,193718.86363636365,186691.80681818182,312800,182575.2734375,152569.426171875,0.055770401799781946,0.03583224032141244,53.96960353855479,9014.532822100766,10014.83552976132,-1000.302707660554,-0.014356421045874979,1,-1,-1,-0.30000000000000004,Defensive
2024-08-13 00:00:00+09:00,185837.140625,191819.63416581502,183463.13525166071,397115,183401.4265625,153579.16966145832,0.05492793003789029,0.035805159957994874,52.76629799722819,8357.609312977962,9683.390286404649,-1325.7809734266866,-0.017076973527406003,1,-1,-1,-0.30000000000000004,Defensive
2024-08-14 00:00:00+09:00,187641.40625,188401.08805668016,182228.67337740384,380382,184275.0609375,154630.06302083333,0.05493935453267873,0.03577301508974515,55.85738440296428,7891.612262377748,9325.034681599269,-1433.4224192215206,0.00970885377880859,1,-1,-1,-0.30000000000000004,Defensive
2024-08-16 00:00:00+09:00,186786.765625,193244.06103043977,179474.828180605,723287,185205.67109375,155712.60963541668,0.05484763561191113,0.035600415681055195,48.98746874962316,7368.40549467245,8933.708844213905,-1565.3033495414547,-0.004554648369354819,1,-1,-1,-0.30000000000000004,Defensive
2024-08-19 00:00:00+09:00,189255.734375,194193.66623024337,186786.76844737833,424279,186402.1703125,156829.975,0.05461575428135932,0.035604788838363495,48.18805866478864,7071.470001516689,8561.261075674462,-1489.7910741577725,0.01321811393724115,1,-1,-1,-0.30000000000000004,Defensive
2024-08-20 00:00:00+09:00,192294.453125,192294.453125,187261.5612654321,286133,187157.10390625,157891.946875,0.05266584444098843,0.035165466075935146,50.72604170682002,7000.64659518082,8249.138179575733,-1248.491584394913,0.016056151535038587,1,-1,-1,-0.30000000000000004,Defensive
2024-08-21 00:00:00+09:00,189635.578125,192294.4645483851,185837.1689487356,335928,187631.90625,158927.01354166667,0.05272815322127407,0.03521462708299955,46.35365786504064,6653.274734431296,7929.965490546847,-1276.6907561155513,-0.013827101909547057,1,-1,-1,-0.30000000000000004,Defensive
2024-08-22 00:00:00+09:00,182133.71875,189540.61659280502,177195.78685479666,672934,187764.85078125,159819.63984375,0.05358788177255039,0.03573186255218361,39.60785003273105,5706.857574477297,7485.343907332937,-1778.4863328556403,-0.03955934561000507,1,-1,-1,-0.30000000000000004,Defensive
2024-08-23 00:00:00+09:00,180234.515625,183273.24296957324,178715.15195271338,238650,188049.73203125,160698.02213541666,0.0532384473381924,0.03574851620852337,42.978734279406154,4748.823851442372,6938.039896154824,-2189.2160447124525,-0.010427520714090699,1,-1,-1,-0.30000000000000004,Defensive
2024-08-26 00:00:00+09:00,175676.421875,180424.433277027,173112.4957179054,354558,187394.50703125,161555.82955729167,0.05033920490076341,0.03573658676380549,58.89213016797724,3580.501360729104,6266.5321890696805,-2686.0308283405766,-0.025289793878791045,1,-1,-1,-0.30000000000000004,Defensive
2024-08-27 00:00:00+09:00,177005.875,179474.84106759657,173587.30659871246,257312,186606.33828125,162442.12526041668,0.050084833051358496,0.03571833797334767,46.285745268935926,2730.3987883955415,5559.305508934853,-2828.906720539311,0.007567624105788928,1,-1,-1,-0.30000000000000004,Defensive
2024-08-28 00:00:00+09:00,177290.734375,182893.38746987146,176246.1719335833,321714,185927.37265625,163295.184375,0.050082792727123925,0.03568591737759211,44.81409436752737,2055.972178579861,4858.638842863854,-2802.6666642839928,0.0016093215832524432,1,-1,-1,-0.30000000000000004,Defensive
2024-08-29 00:00:00+09:00,175866.328125,179664.73693979482,175296.56680278078,183983,184892.30625,164157.73971354167,0.04947645886376132,0.03561949601271173,24.040919316950905,1390.517530677782,4165.014580426639,-2774.4970497488575,-0.008034296067538027,1,-1,-1,-0.30000000000000004,Defensive
2024-08-30 00:00:00+09:00,181753.875,181753.875,175866.3409090909,254607,183866.7359375,165116.83802083333,0.04964394096950454,0.03578395425100449,37.32058772355926,1322.9654343934963,3596.6047512200107,-2273.6393168265145,0.033477396939881165,1,-1,-1,-0.30000000000000004,Defensive
2024-09-02 00:00:00+09:00,171403.203125,182608.5094788781,170738.48156163434,387872,182798.43359375,165836.95299479167,0.05017510849307315,0.036591547885376274,31.325309962581457,429.2688511577435,2963.137571207558,-2533.8687200498143,-0.056948837404429464,1,-1,-1,-0.30000000000000004,Defensive
2024-09-03 00:00:00+09:00,171593.125,173302.40903431101,168649.3580520199,222997,183173.5265625,166564.98151041666,0.03439760937032916,0.03658316993417857,33.905606979991845,-260.66226933931466,2318.3776030981835,-2579.039872437498,0.0011080415741209215,1,1,-1,0.5,Trend
2024-09-04 00:00:00+09:00,166940.0625,168364.46576365188,162381.972056314,451125,182485.06484375,167231.28567708333,0.02686856995900618,0.0367887163979305,28.024182445831997,-1169.4205572576611,1620.8179710270147,-2790.238528284676,-0.02711683524616737,1,1,-1,0.5,Trend
2024-09-05 00:00:00+09:00,159533.171875,169314.07467447917,154215.39947916666,600045,181345.5421875,167778.889453125,0.028209304776142797,0.0373413809311232,24.601763313823156,-2458.947008677904,804.864975086031,-3263.8119837639347,-0.04436856266901179,1,1,-1,0.5,Trend
2024-09-06 00:00:00+09:00,161907.1875,163046.71022727274,154880.13068181818,359721,179683.73828125,168372.39088541668,0.02279071044840918,0.03735664625216483,24.468088520386218,-3251.8574035664205,-6.4795006444593355,-3245.3779029219613,0.014881015635169081,1,1,-1,0.5,Trend
2024-09-09 00:00:00+09:00,162002.140625,162571.90196365767,155924.68634598475,221900,178192.8625,168874.09765625,0.022815123276809318,0.037001130625705064,20.07505362296112,-3828.450684136391,-770.8737373428457,-3057.576946793545,0.0005864663976082873,1,1,-1,0.5,Trend
2024-09-10 00:00:00+09:00,164376.15625,167035.04265958982,162097.11075606584,273768,176958.3796875,169434.36328125,0.023329012456428433,0.03699385190833205,24.90567525588682,-4047.1883249346865,-1426.136654861214,-2621.0516700734725,0.014654223801247923,1,1,-1,0.5,Trend
2024-09-11 00:00:00+09:00,165610.625,170168.71559633026,163331.57970183485,262738,175947.05390625,170000.95911458333,0.023412914723110488,0.03699525972928838,31.249991134563146,-4073.9660255608906,-1955.7025290011495,-2118.263496559741,0.007510023218467943,1,1,-1,0.5,Trend
2024-09-12 00:00:00+09:00,163141.65625,167129.98544819557,162192.05405995343,306471,174722.06640625,170414.0359375,0.023206744297606937,0.03657067340646936,30.851052284252404,-4245.473514364188,-2413.6567260737575,-1831.8167882904308,-0.014908275057835207,1,1,-1,0.5,Trend
2024-09-13 00:00:00+09:00,173777.21875,175011.7017247268,164566.07655396176,394348,174071.5890625,170937.9,0.028021092559478173,0.03725257138709534,48.127343535992736,-3483.043073804234,-2627.533995619853,-855.509078184381,0.0651921939771285,1,1,-1,0.5,Trend
2024-09-19 00:00:00+09:00,181374.03125,181848.8323789267,177765.54267015707,401110,173677.50390625,171561.47239583332,0.02968863373322632,0.03758717730166817,53.83331953004464,-2239.9909557153296,-2550.0253876389484,310.03443192361874,0.043715813583879326,1,1,1,1.0,Trend
2024-09-20 00:00:00+09:00,188306.140625,188306.140625,181943.80506177509,378573,173478.08828125,172257.84765625,0.03075240623988112,0.03779755972152867,58.656724701846656,-687.5739790847874,-2177.535105928116,1489.9611268433287,0.03821996637128833,1,1,1,1.0,Trend
2024-09-23 00:00:00+09:00,184697.625,189160.75526992287,183748.02281491001,165955,173231.190625,172933.64765625,0.030895558119429328,0.03782728097128149,56.70994550631921,248.68393256684067,-1692.2912982291248,1940.9752307959654,-0.019163026829731145,1,1,1,1.0,Trend
2024-09-24 00:00:00+09:00,186122.03125,186122.03125,183083.30420918367,170617,173430.60625,173653.7625,0.02953798851961499,0.037792784520235455,53.56035598210921,1093.0131775068294,-1135.230403081934,2228.2435805887635,0.00771209835535247,-1,1,1,0.30000000000000004,Trend
2024-09-25 00:00:00+09:00,186976.6875,193718.86363636365,185647.24431818182,271684,173767.71484375,174277.33463541666,0.02941937968238189,0.03740652623556636,65.01830006072396,1810.2464101235382,-546.1350404408395,2356.3814505643777,0.0045919134035885545,-1,1,1,0.30000000000000004,Trend
2024-09-26 00:00:00+09:00,188970.84375,191819.65043969848,185362.35527638192,233534,174432.4359375,174913.56822916667,0.0287477885601584,0.03741266641550002,66.19466789524971,2510.6296817164402,65.21790399061643,2445.411777725824,0.010665266759525727,-1,1,1,0.30000000000000004,Trend
2024-09-27 00:00:00+09:00,175201.609375,188875.8813262195,174252.00715616532,483836,174342.22265625,175302.90520833334,0.033740493691971005,0.038788045598098515,56.58093782213039,1932.3513867340516,438.6446005393035,1493.706786194748,-0.07286433241106804,-1,1,1,0.30000000000000004,Trend
2024-09-30 00:00:00+09:00,178240.328125,179379.85073421683,175106.6409496537,361440,174389.70234375,175785.61927083333,0.03397128536451553,0.03874933236677176,66.01623806264811,1699.668162611255,690.8493129536938,1008.8188496575611,0.017344125780808017,-1,1,1,0.30000000000000004,Trend
2024-10-02 00:00:00+09:00,174062.09375,177385.70165030006,170263.68472108565,244243,174299.490625,176206.60963541668,0.03435160721371883,0.038894905774821915,60.09463010120661,1164.6906076704909,785.6175718970533,379.0730357734376,-0.023441576993001312,-1,1,1,0.30000000000000004,Trend
2024-10-04 00:00:00+09:00,176436.109375,176815.95029938105,172922.58082447524,202161,174033.60234375,176619.68671875,0.03362410915560464,0.03886258144325994,61.55015493997451,921.6559850511549,812.8252545278737,108.8307305232812,0.013638900773017992,-1,1,1,0.30000000000000004,Trend
2024-10-07 00:00:00+09:00,174726.8125,175676.4147418478,166655.19344429346,347348,174199.7828125,177067.58229166668,0.030918756414120757,0.03872460638807212,58.37172235750144,584.3868749071844,767.1375786037358,-182.75070369655145,-0.009687908450571436,-1,1,-1,-0.19999999999999996,MeanReversion
2024-10-08 00:00:00+09:00,175676.421875,180044.59236486486,174821.77982263514,282004,174403.94765625,177463.24973958332,0.03093487146859277,0.038593243326230264,58.179013482064754,389.2373299236642,691.5575288677215,-302.3201989440573,0.005434823433295266,-1,1,-1,-0.19999999999999996,MeanReversion
2024-10-10 00:00:00+09:00,180899.21875,183653.0651246719,177100.80995734906,291800,175101.90546875,177950.71197916666,0.030770858000076857,0.038743957863920396,63.810919590515354,648.5400031710742,682.9540237283921,-34.41402055731794,0.029729640547416336,-1,1,-1,-0.19999999999999996,MeanReversion
2024-10-11 00:00:00+09:00,175866.328125,184602.66839902807,175391.52702315064,172206,175918.56328125,178284.65546875,0.02953498692060738,0.03881649628215098,51.779920971684575,442.822446562408,634.9277082951953,-192.1052617327873,-0.02782151664212207,-1,1,-1,-0.19999999999999996,MeanReversion
2024-10-14 00:00:00+09:00,175866.328125,178430.2540749865,175486.4872435205,274058,176616.5203125,178571.11875,0.02945904412896877,0.03875955250041911,44.60965974273268,276.6013130762731,563.2624292514109,-286.66111617513786,0.0,-1,1,-1,-0.19999999999999996,MeanReversion
2024-10-15 00:00:00+09:00,185267.390625,189350.68011596618,178525.2149538698,417867,177779.7828125,179036.42369791667,0.03132347839968595,0.03927491959347602,47.16310070409016,893.1612362643355,629.2421906539959,263.9190456103396,0.053455727427924815,-1,1,1,0.30000000000000004,Trend
2024-10-16 00:00:00+09:00,183178.28125,185077.48582490926,181374.03690383618,170760,178719.8890625,179417.84739583332,0.03151682118511523,0.03926041942809983,48.54016461468801,1199.3899298018077,743.2717384835582,456.1181913182495,-0.011276185020755003,-1,1,1,0.30000000000000004,Trend
2024-10-17 00:00:00+09:00,187261.5625,188021.24429513185,179854.6649974645,255391,179802.4359375,179716.97213541667,0.03173460188195221,0.038742365954410565,51.041674998543115,1751.3762716923957,944.8926451253258,806.4836265670699,0.022291295791924126,1,1,1,1.0,Trend
2024-10-18 00:00:00+09:00,185172.4375,188970.84647435896,183937.9545833333,165878,180903.975,179967.03411458334,0.03161231382633317,0.03877531539398826,48.387090466077666,1997.2316532683035,1155.3604467539215,841.871206514382,-0.011156186951072788,1,1,1,1.0,Trend
2024-10-21 00:00:00+09:00,186881.71875,186976.67897294206,180899.2247046494,199899,181559.2,180278.82005208332,0.028673516525609528,0.03874887367405694,48.122865648373974,2303.4458365169994,1384.9775247065372,918.4683118104622,0.009230754172040223,1,1,1,1.0,Trend
2024-10-22 00:00:00+09:00,185077.46875,189255.71842932273,182133.70193047717,176810,181744.371875,180608.01536458332,0.02726908647967392,0.03869971313655845,61.30435140310207,2373.1783637173357,1582.617692508697,790.5606712086387,-0.009654502388292019,1,1,1,1.0,Trend
2024-10-23 00:00:00+09:00,186881.71875,190870.04811356706,184697.6336223323,226739,181673.15078125,180769.44765625,0.025989163498555772,0.03769051132406728,60.178987057819256,2544.6961173504824,1775.0333774770543,769.6627398734281,0.00974862046788183,1,1,1,1.0,Trend
2024-10-24 00:00:00+09:00,185932.125,188021.25,183748.03977272726,118916,181734.87578125,180865.99088541666,0.02563460465680947,0.03764213562243736,65.13317991958527,2574.3256694294396,1934.8918358675314,639.4338335619082,-0.0050812554398127485,1,1,1,1.0,Trend
2024-10-25 00:00:00+09:00,189825.484375,191819.64904327164,185552.27437156078,349326,181920.0484375,181038.50182291667,0.025994712189316947,0.037727611024725945,66.4335581188589,2878.784035936551,2123.6702758813353,755.1137600552156,0.020939680945398775,1,1,1,1.0,Trend
2024-10-28 00:00:00+09:00,180899.21875,190870.04183070865,180424.41765091862,278287,181616.175,181144.540625,0.028193388509080115,0.038079209788864116,56.43564001574397,2372.4463639869937,2173.425493502467,199.02087048452677,-0.047023536667848975,1,1,1,1.0,Trend
2024-10-29 00:00:00+09:00,178620.1875,182323.63636363635,176910.9034090909,192444,181098.6421875,180975.19505208332,0.028141191296185343,0.03671421181886713,52.98651478427935,1766.903571274539,2092.1211090568813,-325.21753778234233,-0.012598347664229514,1,1,-1,0.5,Trend
2024-10-30 00:00:00+09:00,177385.703125,178525.22584314775,175391.53836824142,170349,181207.846875,180718.80260416667,0.02238650078449601,0.03660943903934614,46.12160363277236,1173.8624180522747,1908.4693708559603,-734.6069528036855,-0.006911225389907294,1,1,-1,0.5,Trend
2024-10-31 00:00:00+09:00,174157.0625,180234.51724372956,171972.9772014722,361077,181003.68359375,180440.25286458334,0.022412998251533887,0.03665910917586017,48.03495348074401,438.29630891166744,1614.4347584671018,-1176.1384495554344,-0.018201244903738645,1,1,-1,0.5,Trend
2024-11-01 00:00:00+09:00,170928.390625,173777.19713541667,166750.14107638889,220276,180846.9984375,180012.93177083333,0.022174378618486996,0.03649678779648547,44.715438181790205,-400.5546248470491,1211.4368818042717,-1611.9915066513208,-0.018538851245265997,1,1,-1,0.5,Trend
2024-11-04 00:00:00+09:00,171593.125,173777.21015495295,168364.47737963474,164641,180604.84921875,179501.72916666666,0.021946921153713658,0.036280999623296714,32.00000329085253,-1000.1820487337827,769.1130956966608,-1769.2951444304435,0.003888964101103287,1,1,-1,0.5,Trend
2024-11-05 00:00:00+09:00,172542.71875,177575.61038112274,169788.87238580076,171762,180495.64453125,179164.6203125,0.02190672164754848,0.035802299874817776,35.5669849519858,-1382.826460055483,338.7251845462321,-1721.551644601715,0.005533984826023852,1,1,-1,0.5,Trend
2024-11-06 00:00:00+09:00,176436.109375,177195.79122376212,166750.1658032831,330474,180533.62890625,179370.36770833333,0.022470683629685424,0.029197628261429753,35.23318778856208,-1356.2765163895674,-0.2751556409277782,-1356.0013607486396,0.022564792378409138,1,1,-1,0.5,Trend
2024-11-07 00:00:00+09:00,187071.640625,188970.84509835026,175771.374008566,734948,180842.25,179476.40677083333,0.025242159503170696,0.027458924080565578,52.10083830273683,-471.60068854427664,-94.54026222159754,-377.06042632267906,0.060279787894183645,1,1,-1,0.5,Trend
2024-11-08 00:00:00+09:00,184222.828125,192769.24798646907,181563.9419458763,395464,181260.075,179508.06015625,0.024595735731145298,0.02751274414762593,47.1311440862985,-0.3599323857924901,-75.70419625443654,75.34426386864405,-0.015228457346512903,1,1,1,1.0,Trend
2024-11-11 00:00:00+09:00,184127.875,185932.11926250643,180804.26714801442,313409,181673.15234375,179324.4703125,0.02459856642558928,0.026034072543131333,48.93617989612114,361.2752817826695,11.691699352984664,349.58358242968484,-0.0005154254006760617,1,1,1,1.0,Trend
2024-11-12 00:00:00+09:00,178240.328125,186596.8272592568,178145.36790756526,309884,181321.79921875,179098.14817708332,0.022793707199075922,0.02626979507754306,41.13059641053521,170.82875833308208,43.51911114900415,127.30964718407793,-0.031975315388829584,1,1,-1,0.5,Trend
2024-11-13 00:00:00+09:00,176246.1875,182703.4831627155,175676.4261179957,246586,180975.19453125,178884.48776041667,0.022791777142934854,0.02624564165730722,40.267180726160326,-139.40499232779257,6.9342904536448025,-146.33928278143736,-0.011187931743491308,1,1,-1,0.5,Trend
2024-11-14 00:00:00+09:00,183178.28125,183843.00285121825,176815.9459240539,317800,180771.03046875,178840.1734375,0.023976051013604182,0.026652655590236905,43.7050485859254,172.11057330630138,39.969547024176116,132.14102628212527,0.03933187916476211,1,1,-1,0.5,Trend
2024-11-15 00:00:00+09:00,180044.59375,186311.9688488924,178240.34940334916,182078,180514.63828125,178713.55989583334,0.024147487939574917,0.026709632888806244,49.09092722232194,164.23333187084063,64.82230399350902,99.4110278773316,-0.01710730922146375,1,1,1,1.0,Trend
2024-11-18 00:00:00+09:00,184602.671875,185932.1149852109,177670.57565747172,254885,180400.6859375,178677.15833333333,0.024763578720678758,0.02690890093962328,56.069353899357644,519.797470838821,155.81733736257144,363.9801334762496,0.02531638429159999,1,1,1,1.0,Trend
2024-11-19 00:00:00+09:00,189160.765625,193718.8563629518,182228.66929436495,413848,180604.85078125,178675.57552083334,0.02527324809610111,0.02704235741511355,61.19132973557357,1156.0583635249932,355.8655425950558,800.1928209299374,0.024691374743949668,1,1,1,1.0,Trend
2024-11-20 00:00:00+09:00,193718.859375,194668.46162683825,187926.28563878677,277651,180946.7078125,178699.315625,0.02571922365194237,0.02714005731968242,68.13378930154882,2004.9875288657204,685.6899398491887,1319.2975890165317,0.024096401465387052,1,1,1,1.0,Trend
2024-11-21 00:00:00+09:00,188306.140625,195618.0785110943,186976.69737298286,224141,181065.40859375,178677.15833333333,0.026558514632961824,0.02732965388126081,65.48226586639359,2215.47027915981,991.6460077113131,1223.824271448497,-0.027941103759660746,1,1,1,1.0,Trend
2024-11-22 00:00:00+09:00,191344.859375,192294.46165477668,186596.8479761166,190276,181141.37734375,178830.67734375,0.026391200562418237,0.026888039417951894,66.88313648309737,2597.5358068357164,1312.8239675361938,1284.7118392995226,0.01613711979818766,1,1,1,1.0,Trend
2024-11-25 00:00:00+09:00,205588.890625,207488.09515733257,192294.45889867205,547270,182375.8609375,179253.25026041668,0.02833419988062621,0.02835979474199612,73.01589512625058,4003.5493449654314,1850.9690430220414,2152.5803019433897,0.07444167194523033,1,1,-1,0.5,Trend
2024-11-26 00:00:00+09:00,205114.09375,206538.49717881944,200366.08232060185,256834,183700.55625,179743.878125,0.028060384212914395,0.02813114723266273,70.97223958427365,5021.62687518145,2485.1006094539234,2536.526265727526,-0.0023094481105306874,1,1,-1,0.5,Trend
2024-11-27 00:00:00+09:00,201790.484375,207962.89919117646,200366.08095588235,211549,184920.7953125,180156.95494791667,0.02838152068815407,0.02822853474709195,62.05289421157685,5496.908216516691,3087.4621308664773,2409.4460856502137,-0.01620371040446844,1,1,1,1.0,Trend
2024-11-28 00:00:00+09:00,200840.875,205588.8862293144,197517.2671394799,144939,186254.9859375,180549.45729166668,0.02791362623707277,0.028242529349563627,64.04496162562916,5730.884494297672,3616.1466035527164,2114.7378907449556,-0.004705917516087066,1,1,1,1.0,Trend
2024-11-29 00:00:00+09:00,194193.65625,201790.47409841078,192769.25290342298,220058,187418.24921875,180854.91276041666,0.028826830141093992,0.028589433254105717,57.65896201156744,5318.627552453196,3956.6427933328123,1361.9847591203834,-0.033096941795339174,1,1,1,1.0,Trend
2024-12-02 00:00:00+09:00,185647.234375,197042.4610374041,181943.78570971868,351044,188120.9546875,180919.80208333334,0.031037945844978414,0.0289129711568979,55.416676950585085,4253.257234171033,4015.9656815004564,237.2915526705765,-0.04400978919722054,1,1,1,1.0,Trend
2024-12-03 00:00:00+09:00,187261.5625,188685.96586587222,184697.63644143002,195070,188856.896875,181184.10807291666,0.031054304873628542,0.027872454493336963,58.100553010302754,3498.873533418082,3912.5472518839815,-413.6737184658996,0.00869567559373996,1,1,-1,0.5,Trend
2024-12-04 00:00:00+09:00,185172.4375,187166.60221153844,179284.90358974357,348814,189293.71328125,181410.42994791668,0.030923725818406744,0.027920593112886177,51.578941117494324,2701.3051236153988,3670.298826230265,-968.9937026148664,-0.011156186951072788,1,1,-1,0.5,Trend
2024-12-05 00:00:00+09:00,184412.75,190870.04505664264,184127.86933573635,221059,189160.76875,181701.64140625,0.027972359834605373,0.02767446212999715,53.59373915368537,1985.0436330450466,3333.247787593222,-1348.2041545481752,-0.0041025949123773,1,1,-1,0.5,Trend
2024-12-06 00:00:00+09:00,179759.703125,184792.59497160593,175676.41351360275,285597,188937.6125,182038.75026041668,0.02834410040100611,0.027217829177348763,46.021842835903044,1030.0652941874287,2872.6112889120636,-1842.545994724635,-0.02523169832346195,1,1,-1,0.5,Trend
2024-12-09 00:00:00+09:00,178430.265625,179474.8281166844,172162.89067489357,322889,188652.73203125,182314.13489583333,0.02837705046781088,0.027191977150566145,40.69193014718839,164.0722618153668,2330.9034834927247,-2166.831221677358,-0.007395636935801697,1,1,-1,0.5,Trend
2024-12-10 00:00:00+09:00,186122.03125,189255.71851084183,178430.25342793367,368010,189046.8171875,182716.13307291668,0.029001638160051267,0.02769140746207869,43.74998875196712,97.30606395332143,1884.1839995848443,-1786.8779356315229,0.043107964885091166,1,1,-1,0.5,Trend
2024-12-11 00:00:00+09:00,200366.078125,202740.08378998816,185267.40209567535,402836,190252.81171875,183315.96510416668,0.032898054754569944,0.029150756919238952,58.663020840114456,1180.1647073496715,1743.3801411378097,-563.2154337881382,0.07653068677220332,1,1,-1,0.5,Trend
2024-12-12 00:00:00+09:00,199416.46875,201790.47433035713,195618.05982142856,408624,191064.72109375,183879.39583333334,0.032085036690073024,0.029163785442302456,55.977487988510255,1939.3567461092316,1782.5754621320943,156.78128397713726,-0.0047393719729722505,1,1,1,1.0,Trend
2024-12-13 00:00:00+09:00,199416.46875,202265.27544642857,195143.25870535715,264700,192033.31484375,184483.97604166667,0.031706175045071394,0.029069955110226812,44.206768651745605,2512.0643919053546,1928.4732480867465,583.5911438186081,0.0,1,1,-1,0.5,Trend
2024-12-16 00:00:00+09:00,197042.46875,203689.68456325302,192294.4574548193,308029,192655.3046875,184871.73020833332,0.03156299040671265,0.028050275828808535,42.6850225516723,2742.7605315814726,2091.330704785692,651.4298267957806,-0.01190473392133018,1,1,-1,0.5,Trend
2024-12-17 00:00:00+09:00,197992.078125,201315.68615107914,193718.8678057554,202344,193096.8703125,185148.69765625,0.03117432452354367,0.027540309628989634,46.40288174306155,2968.0011548993934,2266.6647948084324,701.3363600909611,0.004819313222292232,1,1,1,1.0,Trend
2024-12-18 00:00:00+09:00,198941.671875,206063.68876789976,197042.46737022675,292084,193358.0109375,185325.95651041667,0.030770451167939042,0.027135408730711477,48.20144033926545,3186.3994221154717,2450.61172026984,735.7877018456315,0.004796119920517761,1,1,1,1.0,Trend
2024-12-19 00:00:00+09:00,203689.6875,206538.49431818182,193244.0625,309564,194127.18828125,185642.49088541666,0.030322695337840502,0.02715806030634999,59.32836553987762,3699.956012702256,2700.4805787563237,999.4754339459323,0.023866370380074553,1,1,1,1.0,Trend
2024-12-20 00:00:00+09:00,201790.484375,206063.69463235294,199416.47867647058,249183,194649.46953125,185903.63177083334,0.03032145114123056,0.027182861792559528,68.24035501646485,3908.647040795011,2942.113871164061,966.5331696309499,-0.009324002350388993,1,1,1,1.0,Trend
2024-12-23 00:00:00+09:00,218408.515625,219832.91898777173,205114.08423913043,508110,195290.45078125,186427.49557291667,0.03123260531745812,0.028978009076260407,76.28205449366102,5353.263335844356,3424.34376410012,1928.9195717442362,0.08235289836124116,1,1,-1,0.5,Trend
2024-12-24 00:00:00+09:00,214610.109375,221732.12627903762,212236.1037403208,268663,195765.2515625,186854.81666666668,0.03155365529144894,0.029073734091400197,74.14330840846036,6121.07260306715,3963.6895318935262,2157.383071173624,-0.017391291906043382,1,1,-1,0.5,Trend
2024-12-26 00:00:00+09:00,223631.328125,226005.33373142252,217458.9135483015,371213,196857.29375,187661.97864583333,0.0323792833336535,0.027654154573079914,78.32648641913948,7372.518138890504,4645.455253292922,2727.062885597582,0.042035385827219995,1,1,-1,0.5,Trend
2024-12-27 00:00:00+09:00,219358.125,223631.33522727274,216034.51704545453,272043,197783.15625,188347.27526041667,0.03277442211078963,0.027761571300286596,78.75863593479392,7928.095809249091,5301.9833644841565,2626.1124447649345,-0.019108249102788855,1,1,-1,0.5,Trend
2024-12-30 00:00:00+09:00,216509.3125,221257.32373903508,215084.90912828947,175055,198898.9390625,189054.72890625,0.03182554815343333,0.027618535115278547,77.05803157752388,8045.77309161835,5850.741309910996,2195.0317817073537,-0.0129870388890313,1,1,-1,0.5,Trend
2025-01-02 00:00:00+09:00,219358.125,223156.5340909091,215559.7159090909,180941,200584.48359375,189770.09583333333,0.029548532749355427,0.027615716554982697,75.3623274807056,8273.536368783796,6335.300321685557,1938.2360470982394,0.013157921324977728,1,1,-1,0.5,Trend
2025-01-03 00:00:00+09:00,211761.3125,225530.54582399104,209387.3067544843,385652,201809.47109375,190387.3375,0.031113294180224505,0.028018413417120268,59.67742748779797,7751.6845333005185,6618.5771640085495,1133.107369291969,-0.03463200873001626,1,1,1,1.0,Trend
2025-01-06 00:00:00+09:00,213660.515625,214610.11791666667,207013.29958333334,184660,203233.875,191020.40572916667,0.030846431894870584,0.02802677697099257,61.90477682926351,7405.991355548089,6776.060002316458,629.931353231631,0.008968602917022395,1,1,1,1.0,Trend
2025-01-07 00:00:00+09:00,219358.125,221257.32954545453,214610.11363636365,284918,204981.14375,191661.3875,0.03101147306684578,0.0279824795024601,65.21740374613503,7505.260509952321,6921.900103843631,583.3604061086899,0.026666646190258048,1,1,1,1.0,Trend
2025-01-08 00:00:00+09:00,223156.515625,224106.11781914893,218408.50465425532,295149,207150.984375,192449.55729166666,0.0299837940698411,0.027730783522004074,69.50354560270812,7800.510974115692,7097.622277898044,702.8886962176484,0.017315933134457673,1,1,1,1.0,Trend
2025-01-09 00:00:00+09:00,227904.53125,230753.337890625,220782.5146484375,355947,209624.69765625,193316.86067708334,0.02974746027035874,0.02781278690573512,71.14093885616563,8321.696932088555,7342.437208736146,979.2597233524084,0.02127661660114244,1,1,-1,0.5,Trend
2025-01-10 00:00:00+09:00,227904.53125,230278.53678385416,223156.52018229166,231271,211713.82265625,194027.4796875,0.02899717786905165,0.027100677209508126,70.74830190867235,8635.199355775694,7600.989638144056,1034.2097176316383,0.0,1,1,-1,0.5,Trend
2025-01-13 00:00:00+09:00,223156.515625,227429.72549867022,217458.9024601064,264767,212853.34453125,194693.78359375,0.02559972492287226,0.0272192886991098,63.94557153049512,8403.655001333682,7761.522710781981,642.1322905517009,-0.02083335332982761,1,1,1,1.0,Trend
2025-01-14 00:00:00+09:00,224106.109375,226954.91585010593,222206.9050582627,214838,214087.8265625,195307.859375,0.025491036831130204,0.027108172256270487,66.2068852822145,8202.228527040541,7849.663874033694,352.56465300684704,0.004255281309355707,1,1,1,1.0,Trend
2025-01-15 00:00:00+09:00,231228.140625,234551.74839579055,221732.11842274127,339853,215678.41015625,196075.45442708334,0.026067440782722873,0.027285260554773077,60.799998315083585,8519.082317528373,7983.5475627326305,535.5347547957426,0.03177972822723274,1,1,1,1.0,Trend
2025-01-16 00:00:00+09:00,231228.140625,233127.34506545175,227904.53285420945,237676,217387.69375,196814.56145833334,0.025734330488239893,0.02727973027293498,64.95726111084548,8670.246030103997,8120.887256206905,549.3587738970928,0.0,1,1,1,1.0,Trend
2025-01-17 00:00:00+09:00,231228.140625,232177.74284522588,226480.12952387065,219418,219049.496875,197583.73932291666,0.025788110632258325,0.027228566239909855,58.163261194270426,8689.872915682005,8234.684388101925,455.1885275800796,0.0,1,1,1,1.0,Trend
2025-01-20 00:00:00+09:00,231702.953125,236450.96445952868,229803.74859118852,218391,220687.5609375,198330.75989583333,0.025811934153271526,0.027217946749696787,64.44444038166557,8644.096995087224,8316.566909498986,327.53008558823785,0.0020534373485709967,1,1,1,1.0,Trend
2025-01-21 00:00:00+09:00,235976.140625,238824.94715165996,233602.1351861167,373570,222301.88359375,199164.82682291666,0.025665952320014965,0.02725884274772803,72.04300047947375,8850.605496101693,8423.374626819528,427.23086928216435,0.018442524975910368,1,1,-1,0.5,Trend
2025-01-22 00:00:00+09:00,228854.140625,236925.75969268673,227904.53838174272,385592,223655.06640625,199815.30442708332,0.02681115948187769,0.02752917684377522,59.80392315016072,8343.401552496507,8407.380011954923,-63.97845945841618,-0.030181017373777097,1,1,-1,0.5,Trend
2025-01-23 00:00:00+09:00,214610.109375,228854.1431830752,213660.50712112832,639586,223465.14609375,200377.15260416668,0.025444878974728143,0.028109714601023548,52.586199804194194,6714.662049073697,8068.836419378678,-1354.1743703049815,-0.06224065341837204,1,1,-1,0.5,Trend
2025-01-24 00:00:00+09:00,216984.125,219358.1307439825,214610.11925601753,272883,223583.846875,201016.5515625,0.02526070329760962,0.0280542050069077,52.991455876268425,5551.443889137561,7565.357913330456,-2013.9140241928944,0.011061993453680863,1,1,-1,0.5,Trend
2025-01-31 00:00:00+09:00,220307.71875,225055.7299299569,217933.71316002155,340308,223417.66640625,201731.91848958333,0.023680348193178366,0.02806364214205142,50.89284979720113,4841.956297858385,7020.677590236042,-2178.721292377657,0.015317220787465446,1,1,-1,0.5,Trend
2025-02-03 00:00:00+09:00,214610.109375,220782.5240251659,211761.30261338496,248059,223180.265625,202406.1359375,0.02401318000028174,0.02818558922702953,42.241388603776194,3776.400812692591,6371.822234727352,-2595.4214220347612,-0.02586205062322633,1,1,-1,0.5,Trend
2025-02-04 00:00:00+09:00,220307.71875,222206.92322198275,214135.304216056,209976,223370.1859375,203229.12473958332,0.024581257165047152,0.028182600992310205,43.220339928426725,3353.0381369906827,5768.065415180019,-2415.0272781893364,0.026548653237225883,1,1,-1,0.5,Trend
2025-02-05 00:00:00+09:00,214135.3125,222206.93181818182,213185.71022727274,228138,223109.0453125,203938.16119791666,0.02523914114046483,0.028496086510030882,38.93130154519397,2490.746788369608,5112.601689817937,-2621.8549014483287,-0.028017203777613853,1,1,-1,0.5,Trend
2025-02-06 00:00:00+09:00,216509.3125,225530.53385416666,213660.50575657893,343354,223346.4453125,204670.93776041668,0.024047111070042933,0.028510935717769293,44.444450248420324,1976.1567370184057,4485.312699258031,-2509.1559622396253,0.011086447967333823,1,1,-1,0.5,Trend
2025-02-07 00:00:00+09:00,214135.3125,218883.32386363635,211286.50568181818,238992,223370.18515625,205299.2578125,0.024119423348202076,0.028468511091004244,41.86048054123071,1361.088671292935,3860.467893665012,-2499.379222372077,-0.010964886325617096,1,1,-1,0.5,Trend
2025-02-10 00:00:00+09:00,207488.09375,218408.5197368421,206538.4914902746,323706,222776.68359375,205639.53203125,0.024279610826183153,0.027871193484916887,30.4687385511035,333.424290211231,3155.059172974256,-2821.634882763025,-0.031042141869991657,1,1,-1,0.5,Trend
2025-02-11 00:00:00+09:00,210336.890625,211761.29394751694,207013.2828724605,249486,222135.70234375,206074.76640625,0.024139339688178992,0.027821404486988364,33.582071224910294,-248.27112135093194,2474.393114109219,-2722.664235460151,0.01372992938299622,1,1,-1,0.5,Trend
2025-02-12 00:00:00+09:00,222206.90625,222681.70733173078,213185.68569711538,462622,221850.82109375,206709.41692708334,0.02693560031671996,0.028637221182943012,44.02514213285907,245.70974419268896,2028.656440125913,-1782.946695933224,0.05643335122873183,1,1,-1,0.5,Trend
2025-02-13 00:00:00+09:00,224580.921875,229328.9329082981,219832.9108417019,539857,221684.640625,207481.76015625,0.027066389746656344,0.028266575480966533,45.39875876215396,819.3118426192668,1786.7875206245837,-967.4756780053169,0.010683806660487072,1,1,-1,0.5,Trend
2025-02-14 00:00:00+09:00,214135.3125,223631.33522727274,211286.50568181818,372442,221233.58046875,208113.24557291667,0.028718256507647675,0.028977188900233087,36.931820412833964,426.11032466153847,1514.6520814319747,-1088.5417567704362,-0.04651156156894731,1,1,-1,0.5,Trend
2025-02-17 00:00:00+09:00,214135.3125,217933.7215909091,211286.50568181818,170927,220735.040625,208629.19609375,0.02868483222967053,0.028605529794145323,40.37266776048387,113.19049919993267,1234.3597649855665,-1121.1692657856338,0.0,1,1,-1,0.5,Trend
2025-02-18 00:00:00+09:00,220782.53125,221257.33239247312,212236.11068548387,228927,220212.76015625,209308.16171875,0.02864120882560318,0.028708953747304027,54.4827673858658,396.9979379499564,1066.8873995784445,-669.8894616284881,0.03104214186999177,1,1,-1,0.5,Trend
2025-02-19 00:00:00+09:00,226954.9375,232177.74986924688,220782.52288179917,431148,219999.1,210014.0328125,0.02941159102523399,0.028743654906672494,56.86274425455472,1107.2156841164688,1074.9530564860495,32.262627630419274,0.027956950285214166,1,1,1,1.0,Trend
2025-02-20 00:00:00+09:00,206538.484375,223156.52334770115,205588.8821479885,714667,218764.6171875,210303.66145833334,0.03605660975341506,0.03125044667405799,42.3280368004477,22.373319328238722,864.4371090544873,-842.0637897262486,-0.08995818002417333,1,1,-1,0.5,Trend
2025-02-21 00:00:00+09:00,203214.890625,206063.69750292055,198941.68030811916,301845,217340.2140625,210461.92864583334,0.03608282027878603,0.031192577809537853,43.47826086956522,-1092.959354728926,472.9578162978047,-1565.9171710267306,-0.01609188602335987,1,1,-1,0.5,Trend
2025-02-24 00:00:00+09:00,200840.875,207013.28959810873,196092.86377068557,357984,215583.45078125,210670.84088541666,0.035616797274709525,0.031002893821075364,38.41807373891522,-2143.7202819278464,-50.37780334732554,-2093.342478580521,-0.011682291675076395,1,1,-1,0.5,Trend
2025-02-25 00:00:00+09:00,212236.09375,213185.69595917224,198466.86171700223,481497,214752.5484375,211019.028125,0.03785314196547653,0.031726884018074525,48.93616164671499,-2033.5158627027122,-447.0054152184029,-1586.5104474843092,0.05673754782237439,1,1,-1,0.5,Trend
2025-02-26 00:00:00+09:00,211286.5,224580.93146067415,208912.49438202247,578436,214586.36796875,211113.98828125,0.03508398156443488,0.03037068224074034,47.02702520011057,-1999.7504674386,-757.5544256624423,-1242.1960417761577,-0.004474233073279987,1,1,-1,0.5,Trend
2025-02-27 00:00:00+09:00,210411.796875,214299.31275259814,207496.15996680138,265438,214257.7515625,211202.28333333333,0.034979610936933095,0.030374443762425953,47.84366179264225,-2020.2838062779047,-1010.1003017855348,-1010.1835044923698,-0.004139891214062441,1,1,-1,0.5,Trend
2025-02-28 00:00:00+09:00,207982.109375,208953.98839077103,202150.83528037384,378018,213641.47109375,211305.47708333333,0.034817782193706355,0.030336372794713042,50.30078399624031,-2207.1692278041446,-1249.5140869892568,-957.6551408148878,-0.011547296948580366,1,1,-1,0.5,Trend
2025-03-04 00:00:00+09:00,228877.5,228877.5,209439.9203821656,586195,214354.840625,211772.75416666668,0.04069816976817288,0.032721468866552667,59.2547639144081,-661.5677363753493,-1131.9248168664753,470.357080491126,0.10046725022547398,1,1,1,1.0,Trend
2025-03-05 00:00:00+09:00,243941.625,246371.32246015937,220130.58989043825,895857,215536.5359375,212601.88697916668,0.04263361699408177,0.03332400429597297,60.51387946190347,1758.609417722735,-553.8179699486333,2312.4273876713683,0.06581741324507662,1,1,1,1.0,Trend
2025-03-06 00:00:00+09:00,239568.171875,243941.62734533468,238110.35338488844,329079,216808.17890625,213500.56927083334,0.04226736151520576,0.03283336369125945,57.11230119407386,3285.839025147463,214.11342907058605,3071.725596076877,-0.017928277410630522,1,1,1,1.0,Trend
2025-03-07 00:00:00+09:00,226933.75,241511.9352248394,226447.81049250538,448650,217329.40078125,214161.77239583334,0.04429398184544733,0.03368159637307341,55.94997862918188,3437.0668697092915,858.7041171983273,2578.362752510964,-0.05273831567906395,1,-1,1,0.19999999999999996,Defensive
2025-03-10 00:00:00+09:00,226447.796875,232765.0100925429,221588.4020922747,295671,217945.025,214849.69505208332,0.04419722801693127,0.03363608290032388,55.69831244407439,3477.6158790416666,1382.4864695669953,2095.1294094746713,-0.0021413876296496603,1,-1,1,0.19999999999999996,Defensive
2025-03-11 00:00:00+09:00,210897.75,222560.29838709676,207010.23387096773,566459,218115.5078125,215291.11171875,0.04663640912172038,0.03497472382502121,45.77353322376772,2229.2945159369265,1551.8480788409815,677.4464370959449,-0.06866945534287394,1,-1,1,0.19999999999999996,Defensive
2025-03-12 00:00:00+09:00,206524.28125,218186.82889705882,204094.5838235294,444824,217924.87734375,215737.18802083333,0.04677711226556129,0.034917764164129575,41.12791641923265,876.9791942345037,1416.874301919686,-539.8951076851824,-0.02073738932729252,1,-1,-1,-0.30000000000000004,Defensive
2025-03-13 00:00:00+09:00,208468.046875,214785.26041666666,207010.2283653846,310393,217237.934375,216237.81770833334,0.044991718831184906,0.03490569244706236,50.998041610444055,-37.462950338434894,1126.006851468062,-1163.469801806497,0.00941180191130675,1,1,-1,0.5,Trend
2025-03-14 00:00:00+09:00,207982.109375,211383.6859301986,205066.47232768693,136430,216407.99375,216602.15234375,0.04487540130176126,0.03452048571873121,52.540354824710846,-792.2435428062745,742.3567726131947,-1534.600315419469,-0.0023309927218312376,-1,1,-1,-0.19999999999999996,MeanReversion
2025-03-17 00:00:00+09:00,210411.796875,211869.6153290993,207010.2204821016,232866,216221.81796875,216769.58098958334,0.04377460636262007,0.033235320344038734,55.097127167430926,-1180.7462173288222,357.7361746247914,-1538.4823919536136,0.011682194720023631,-1,-1,-1,-1.0,Defensive
2025-03-18 00:00:00+09:00,214299.3125,218186.82837301586,211869.6150793651,259810,216230.01796875,217017.62838541667,0.04398481479117878,0.03330310889991108,51.19429989204396,-1161.5576507316437,53.87740955350435,-1215.435060285148,0.01847574937687302,-1,-1,-1,-1.0,Defensive
2025-03-19 00:00:00+09:00,212841.5,216729.01598173517,211383.68150684933,218004,215832.96640625,217241.37890625,0.04340968740852972,0.033318931566157624,50.89485104578523,-1249.5794843010372,-206.81396921740398,-1042.765515083633,-0.006802693312420227,-1,-1,-1,-1.0,Defensive
2025-03-20 00:00:00+09:00,203608.65625,213813.38603818615,201664.8981951074,341477,214665.65234375,217350.81536458334,0.04382260253343895,0.03379275606721532,46.42857670167594,-2040.8253854246286,-573.616252458849,-1467.2091329657796,-0.04337896392385887,-1,1,-1,-0.19999999999999996,MeanReversion
2025-03-21 00:00:00+09:00,207496.15625,207496.15625,199235.18515807964,327180,214713.5359375,217509.21666666667,0.03876240489558995,0.03387187489486375,49.74873657339088,-2327.3761582658917,-924.3682336202576,-1403.0079246456341,0.019092999637632113,-1,1,-1,-0.19999999999999996,MeanReversion
2025-03-24 00:00:00+09:00,205066.46875,207496.16624703794,203122.7107523697,101445,214806.11484375,217611.29661458332,0.03867575857265288,0.033906173644124564,34.78260348567778,-2719.1801693720918,-1283.3306207706246,-1435.8495486014672,-0.01170955425830933,-1,1,-1,-0.19999999999999996,MeanReversion
2025-03-25 00:00:00+09:00,201178.953125,207982.10612922706,200207.07412439614,183485,214823.01875,217569.45104166667,0.038833429988621666,0.03386184852410223,18.115925313649356,-3305.2765222972375,-1687.7198010759473,-1617.5567212212902,-0.018957344165999812,-1,1,-1,-0.19999999999999996,MeanReversion
2025-03-26 00:00:00+09:00,201664.890625,205066.4670933735,196319.5561746988,168519,214294.45859375,217567.3578125,0.036622237027743226,0.03384197710784249,19.99998021278185,-3688.0376076682587,-2087.78336239441,-1600.254245273849,0.0024154489942993518,-1,1,-1,-0.19999999999999996,MeanReversion
2025-03-27 00:00:00+09:00,190877.03125,203122.70637092667,190488.27965885948,258843,213273.98515625,217108.49973958332,0.03845679810096899,0.0329428851100112,20.60219616931569,-4806.462708939915,-2631.5192317035107,-2174.943477236404,-0.053493988673815496,-1,1,-1,-0.19999999999999996,MeanReversion
2025-03-28 00:00:00+09:00,195347.671875,195347.671875,188933.2707089552,230365,212520.77890625,216787.45911458333,0.03897261331002089,0.03304135815664837,26.190460240955787,-5271.314887042332,-3159.478362771275,-2111.836524271057,0.023421574590316352,-1,1,-1,-0.19999999999999996,MeanReversion
2025-03-31 00:00:00+09:00,195347.671875,196319.55083955222,189613.58598414177,206415,211889.05703125,216316.06484375,0.03893521275706353,0.03256268050830364,34.374975468269525,-5575.443346956832,-3642.6713596083864,-1932.7719873484457,0.0,-1,1,-1,-0.19999999999999996,MeanReversion
2025-04-01 00:00:00+09:00,197777.375,199721.13298525798,195347.67751842752,219781,210334.05078125,215956.38567708334,0.03155665473358876,0.032538349448966844,40.853655747079486,-5556.360342935921,-4025.409156273894,-1530.9511866620269,0.012437840193737948,-1,1,-1,-0.19999999999999996,MeanReversion
2025-04-02 00:00:00+09:00,200207.0625,202636.7598604369,194861.72830703884,187881,208147.32265625,215684.68151041667,0.027262170727912025,0.03255262698837274,41.44866852626475,-5284.267700549914,-4277.1808651290985,-1007.0868354208151,0.012284961816284579,-1,1,-1,-0.19999999999999996,MeanReversion
2025-04-03 00:00:00+09:00,201664.890625,201664.890625,194375.7981927711,200944,206252.15859375,215389.79427083334,0.02744881284995082,0.03251772754953682,43.58973220656086,-4894.576147962041,-4400.659921695687,-493.916226266354,0.007281601891541589,-1,1,-1,-0.19999999999999996,MeanReversion
2025-04-04 00:00:00+09:00,198263.3125,204580.5258884804,194278.60867034312,223104,204818.63671875,215164.82760416667,0.02538162994543513,0.03228040293342029,37.91101985197237,-4804.834569461993,-4481.494851248948,-323.33971821304476,-0.016867478094267252,-1,1,-1,-0.19999999999999996,MeanReversion
2025-04-07 00:00:00+09:00,180963.875,190488.2894736842,180477.93548603653,303590,202544.440625,214619.88359375,0.031597448855253174,0.034283880120905136,23.81678568640936,-6059.780374688882,-4797.151955936935,-1262.6284187519468,-0.08725485962008228,-1,1,-1,-0.19999999999999996,MeanReversion
2025-04-08 00:00:00+09:00,186503.578125,189807.9666900078,185142.94753940855,320962,201324.73203125,214072.3078125,0.029536681378668335,0.03434256046225994,30.559527420476527,-6532.029056850239,-5144.127376119596,-1387.9016807306425,0.030612204369518503,-1,1,-1,-0.19999999999999996,MeanReversion
2025-04-09 00:00:00+09:00,190002.34375,198263.3152173913,186600.76726342711,306003,200498.63515625,213519.73828125,0.029815293565801808,0.03435695507790452,39.02820147496178,-6548.481574989768,-5424.998215893631,-1123.483359096137,0.018759777480810813,-1,1,-1,-0.19999999999999996,MeanReversion
2025-04-10 00:00:00+09:00,207010.234375,207496.17389231222,197777.38354606807,262869,200425.74453125,213171.5,0.035907362924890926,0.03608543412160342,49.676596411997394,-5129.990346181818,-5365.996641951268,236.00629576945084,0.0895141096121348,-1,1,1,0.30000000000000004,Trend
2025-04-11 00:00:00+09:00,214785.265625,215271.20513998868,209439.93096012442,299160,200765.90234375,212952.84557291667,0.03685111473010529,0.036425525177468616,56.03865184543999,-3339.9449777860427,-4960.7863091182235,1620.8413313321807,0.03755868048492461,-1,1,1,0.30000000000000004,Trend
2025-04-14 00:00:00+09:00,219644.65625,221588.4142699115,215757.140210177,254854,201227.5453125,212894.31458333333,0.037082623764739774,0.036451494832867234,61.33651780251674,-1511.7820327148656,-4270.985453837552,2759.2034211226864,0.022624413322113845,-1,1,1,0.30000000000000004,Trend
2025-04-15 00:00:00+09:00,219644.65625,220130.59575497787,215757.140210177,154973,201494.8125,212819.95703125,0.036888172864359255,0.036446710738416384,61.10444502044957,-62.23235173075227,-3429.234833416192,3367.0024816854398,0.0,-1,1,1,0.30000000000000004,Trend
2025-04-16 00:00:00+09:00,219644.65625,223532.172289823,218186.83773506636,149399,201834.9703125,212626.89895833333,0.03684124423696397,0.036209689218500866,70.49862186691274,1074.1639208549168,-2528.5550825619703,3602.719003416887,0.0,-1,1,-1,-0.19999999999999996,MeanReversion
2025-04-17 00:00:00+09:00,223532.171875,224504.05088315217,218672.77683423914,169471,202831.14609375,212498.6328125,0.035350175792030925,0.03628747795379149,70.25140461359037,2262.376903127355,-1570.3686854241053,3832.74558855146,0.017699113155638102,-1,1,-1,-0.19999999999999996,MeanReversion
2025-04-18 00:00:00+09:00,219644.65625,226447.80931969025,216729.01922013273,121058,203438.57109375,212305.57473958333,0.03551653191192572,0.0363534810486098,66.53439915752566,2857.4157208265387,-684.8118041739765,3542.227525000515,-0.017391302524336072,-1,1,1,0.30000000000000004,Trend
2025-04-21 00:00:00+09:00,215757.140625,221102.4751900338,211383.68507179053,163783,203973.1046875,212039.81119791666,0.03567392907101063,0.036417292709862256,61.99741056405622,2980.935876051517,48.33773187112217,2932.5981441803947,-0.017699113155638213,-1,1,1,0.30000000000000004,Trend
2025-04-22 00:00:00+09:00,224018.109375,225475.92787418654,215757.13787960954,180717,205115.0625,211840.51067708334,0.03611121628513772,0.03667641416077848,64.74128339409164,3702.734805346874,779.2171465662726,2923.5176587806013,0.03828827507664334,-1,1,1,0.30000000000000004,Trend
2025-04-23 00:00:00+09:00,226933.75,229849.38704496788,222560.2944325482,186906,206378.50546875,211808.50416666668,0.03614235992948397,0.036507798313558916,65.3664354489931,4458.637095474609,1515.1011363479402,2943.535959126669,0.013015200570768659,-1,1,1,0.30000000000000004,Trend
2025-04-24 00:00:00+09:00,242483.796875,243941.6152930862,224018.09691257516,638799,208958.84375,212273.065625,0.035557670561394146,0.03651143709547587,73.42945601254908,6240.517135084927,2460.1843360953376,3780.3327989895893,0.06852240742066784,-1,1,-1,-0.19999999999999996,MeanReversion
2025-04-25 00:00:00+09:00,258033.875,258033.875,247829.145480226,594024,212093.15390625,212957.228125,0.03723362867200499,0.03731281471488473,91.60545670113319,8805.922063439619,3729.331881564194,5076.590181875425,0.0641283183676642,-1,1,-1,-0.19999999999999996,MeanReversion
2025-04-28 00:00:00+09:00,259005.765625,266051.8887048546,254146.37039751408,367980,215276.05859375,213602.19557291668,0.03716911321893274,0.037278039729055995,91.16998004026019,10793.03204789487,5142.07191483033,5650.960133064541,0.003766523387675358,1,1,-1,0.5,Trend
2025-04-29 00:00:00+09:00,261921.390625,267266.725127551,254632.29812152134,299128,218483.259375,214390.71692708333,0.03717290831885948,0.03709885924432996,91.1111119050422,12459.472553688625,6605.552042601988,5853.920511086637,0.011256988789281941,1,1,-1,0.5,Trend
2025-04-30 00:00:00+09:00,264351.09375,264351.09375,256090.1220703125,261518,221690.4609375,215124.77317708332,0.03718659685842134,0.03698597512892591,89.33333390496372,13816.922514880978,8047.8261370577875,5769.096377823191,0.009276459319348396,1,1,-1,0.5,Trend
2025-05-02 00:00:00+09:00,269696.40625,270668.2851914415,263379.19313063065,198470,225092.03671875,216050.79140625,0.03717614699042697,0.03681599718279165,88.96551448858048,15149.400575474661,9468.141024741162,5681.259550733499,0.020220504572812992,1,1,-1,0.5,Trend
2025-05-07 00:00:00+09:00,272126.125,279901.15714285715,270182.3669642857,299358,228785.17734375,216977.73828125,0.0364629168289737,0.036810155199713215,88.57142988384523,16214.545844310487,10817.421988655027,5397.12385565546,0.009009088344127614,1,1,-1,0.5,Trend
2025-05-08 00:00:00+09:00,278929.28125,280873.0393074913,268724.55144817074,266287,233683.44765625,218057.63776041666,0.02634772419482377,0.036854950772990475,89.61039123735233,17406.982142181165,12135.334019360256,5271.648122820909,0.025000011483645723,1,1,-1,0.5,Trend
2025-05-09 00:00:00+09:00,275527.6875,279901.14285714284,273583.92956349207,139491,238134.653125,219191.63098958333,0.027315601650506845,0.03661970777540973,85.71426859581213,17871.504730060667,13282.56816150034,4588.936568560328,-0.012195183434152268,1,1,-1,0.5,Trend
2025-05-12 00:00:00+09:00,265322.96875,279415.2143429487,260463.57371794872,311791,241900.684375,220108.065625,0.03017058642833453,0.03700647328429919,74.71264027964548,17217.731418797484,14069.600812959769,3148.130605837716,-0.037036999230794176,1,1,-1,0.5,Trend
2025-05-13 00:00:00+09:00,275041.78125,275041.78125,253174.50182199647,285046,245302.26171875,220988.646875,0.025932030872315482,0.03664306953190134,80.64516184797426,17284.592284117796,14712.599107191376,2571.9931769264203,0.03663012119074227,1,1,-1,0.5,Trend
2025-05-14 00:00:00+09:00,279901.15625,282816.7932942709,273098.0031467014,187824,248558.05625,221910.65078125,0.02539739475745488,0.036676365038409285,85.1063782480235,17527.643192455726,15275.607924244247,2252.035268211479,0.01766777024899735,1,1,-1,0.5,Trend
2025-05-15 00:00:00+09:00,280873.03125,281844.91025086504,272612.05974264705,158439,251619.475,223022.94609375,0.025391438801495005,0.03605298296539345,83.81502374485696,17595.850961752323,15739.656531745863,1856.1944300064606,0.0034722078787410293,1,1,-1,0.5,Trend
2025-05-16 00:00:00+09:00,278929.28125,283302.7368793554,277471.4627068815,136193,254583.70625,224102.84557291667,0.02561491161960606,0.03607888214526517,81.28655190685734,17293.71059910147,16050.467345216985,1243.2432538844841,-0.006920386736133155,1,1,-1,0.5,Trend
2025-05-19 00:00:00+09:00,279901.15625,283788.6723090278,275041.7611762153,116261,257596.53125,225088.15598958332,0.02554122749618999,0.0359150406373554,77.3049716552732,16937.44010871576,16227.86189791674,709.5782107990199,0.003484306113881619,1,1,-1,0.5,Trend
2025-05-20 00:00:00+09:00,271154.21875,282330.8263328853,269696.4003696237,218359,259977.63359375,225824.81067708333,0.02730761892159402,0.03607001706038166,60.629898134499726,15767.530150621955,16135.795548457783,-368.2653978358285,-0.031250094201781264,1,1,-1,0.5,Trend
2025-05-21 00:00:00+09:00,283302.71875,286704.2951329331,274069.868567753,240404,263160.53671875,227104.21458333332,0.02753743548199605,0.034113448457845114,66.66664523053595,15640.358187435952,16036.708076253417,-396.3498888174654,0.044802917159112,1,1,-1,0.5,Trend
2025-05-22 00:00:00+09:00,279901.15625,283302.7328016493,277471.4587131076,129869,266367.7375,228382.31901041666,0.027228265264264785,0.03407337977705039,62.25165407790813,15091.13461870118,15847.59338474297,-756.4587660417892,-0.012006812059582428,1,1,-1,0.5,Trend
2025-05-23 00:00:00+09:00,280387.09375,281844.91226169845,274555.81970320625,131668,269186.18671875,229708.08932291667,0.02670111123086639,0.034003161105282204,61.224484439117006,14527.616755804134,15583.598058955204,-1055.9813031510694,0.0017361039393706257,1,1,-1,0.5,Trend
2025-05-26 00:00:00+09:00,288162.125,288648.0645025295,276013.6374367622,166053,272247.60546875,230973.52317708332,0.026943305850163676,0.03350080802141953,62.50000528851829,14540.787683667673,15375.035983897698,-834.248300230025,0.027729633151133637,1,1,-1,0.5,Trend
2025-05-27 00:00:00+09:00,287676.1875,290834.7942884291,284760.55046452704,137494,274507.225,232246.68463541666,0.0238367344593968,0.03348919521832054,60.81080728770623,14346.635559530347,15169.355899024229,-822.7203394938824,-0.0016863336914939575,1,1,-1,0.5,Trend
2025-05-28 00:00:00+09:00,281358.96875,294479.3351683938,279415.2107620898,294123,275673.4796875,233429.1375,0.021164960898042654,0.033654821301305995,51.700672832106946,13527.089971564885,14840.902713532361,-1313.8127419674765,-0.02195947744197635,1,1,-1,0.5,Trend
2025-05-29 00:00:00+09:00,301768.40625,306141.86141304346,283788.6461352657,478576,277811.61171875,234992.24244791668,0.025759967578811944,0.034614934120454084,64.83516017569629,14358.944254821981,14744.511021790286,-385.56676696830436,0.07253878413996717,1,1,-1,0.5,Trend
2025-05-30 00:00:00+09:00,307599.6875,308571.56644944707,296423.0795813586,417554,280095.5265625,236304.27890625,0.025878646448580976,0.03261150652474894,75.14449878650386,15312.220681820298,14858.052953796288,454.1677280240092,0.019323697011439656,1,1,-1,0.5,Trend
2025-06-02 00:00:00+09:00,303712.1875,309057.522,300796.5505,214765,282063.58125,237300.45494791667,0.02628756700101392,0.03175697383917173,68.32297541220319,15574.477475829539,15001.33785820294,573.1396176265989,-0.012638179289437668,1,1,1,1.0,Trend
2025-06-04 00:00:00+09:00,318290.375,322177.89103053435,296423.0973282443,377657,284493.2796875,238612.49166666667,0.027642483675278457,0.03210882012861928,71.82320795321189,16765.394736368617,15354.149233836077,1411.2455025325398,0.04800000823147732,1,1,-1,0.5,Trend
2025-06-05 00:00:00+09:00,310029.40625,325579.4705133229,310029.40625,320537,286388.44375,239997.41927083334,0.028700976782741958,0.03143641371608885,65.30612780578329,16848.39628253039,15652.998643574942,1195.3976389554482,-0.02595418962951679,1,1,1,1.0,Trend
2025-06-09 00:00:00+09:00,312459.09375,320234.12563180405,301282.4854199067,313087,288064.934375,241430.94088541667,0.028384884048286367,0.031423258400746584,67.51268704123117,16915.242692970147,15905.447453453984,1009.7952395161628,0.007836958207895872,1,1,1,1.0,Trend
2025-06-10 00:00:00+09:00,326065.40625,329952.92227086436,309543.46316132636,345143,290591.8203125,243350.40182291667,0.029200584492322247,0.03013444705295967,71.30044894776427,17860.252784420445,16296.408519647277,1563.844264773168,0.04354590015833071,1,1,-1,0.5,Trend
2025-06-11 00:00:00+09:00,327037.28125,331410.73671991087,323149.7652767459,234337,293677.5359375,245358.95182291666,0.02716105933562538,0.029912189286898948,77.77779848903121,18474.638151973602,16732.054446112543,1742.5837058610596,0.0029806136479710865,1,1,-1,0.5,Trend
2025-06-12 00:00:00+09:00,330924.8125,335298.2681718062,322177.9011563877,369930,296471.6875,247399.89791666667,0.026495479106732025,0.029916229013096235,75.78949612981641,19055.573475247773,17196.758251939587,1858.8152233081855,0.011887119520872735,1,1,-1,0.5,Trend
2025-06-13 00:00:00+09:00,340643.59375,345988.92831669044,333840.44066512125,377743,299508.809375,249610.92265625,0.026804682334021817,0.030010773896503348,80.78818701527119,20068.852093479712,17771.177020247615,2297.675073232098,0.029368548029320207,1,1,-1,0.5,Trend
2025-06-16 00:00:00+09:00,357165.53125,357165.53125,340643.5883078231,330295,303323.434375,252056.81822916667,0.028026358731356626,0.030431152606141206,83.47458481547021,21952.015801855305,18607.344776569153,3344.671025286152,0.04850212304924639,1,1,-1,0.5,Trend
2025-06-17 00:00:00+09:00,354735.84375,365912.4525256849,351334.2671660959,360041,307113.7625,254397.42708333334,0.02802215160242296,0.030471284932671153,80.4444599419852,22983.44231637346,19482.564284530014,3500.8780318434474,-0.00680269311402093,1,1,-1,0.5,Trend
2025-06-18 00:00:00+09:00,358137.40625,363968.6801645183,348904.55588534597,263326,311025.575,256819.02552083333,0.02795758314774584,0.03040586066884417,81.38529307531633,23800.970157476084,20346.24545911923,3454.724698356855,0.009589001393378371,1,1,-1,0.5,Trend
2025-06-19 00:00:00+09:00,368342.125,369314.0039577836,355707.69854881265,180986,315884.9703125,259564.58333333334,0.026135439201495653,0.02969478489743439,87.44771574478207,24984.29893432313,21273.85615416001,3710.442780163121,0.028493864566820903,1,1,-1,0.5,Trend
2025-06-20 00:00:00+09:00,364940.5625,375145.29194407456,357165.53054260986,410812,319966.8625,262188.65677083336,0.02578154604749192,0.029772363215117618,81.86277646726526,25355.337304396147,22090.15238420724,3265.184920188909,-0.009234790889041,1,1,-1,0.5,Trend
2025-06-23 00:00:00+09:00,364940.5625,366398.38099201064,357651.4700399467,186548,324218.8328125,264853.225,0.02530861109188157,0.02966893354712616,80.7291977183892,25357.08716921811,22743.539341209413,2613.5478280086973,0.0,1,1,-1,0.5,Trend
2025-06-24 00:00:00+09:00,380976.5625,386807.83641581633,364454.6197385204,289076,329248.30625,267849.85182291665,0.025992167681746003,0.029733031093072085,86.6359625908542,26348.713562805497,23464.57418552863,2884.139377276868,0.04394140210160935,1,1,-1,0.5,Trend
2025-06-25 00:00:00+09:00,353763.9375,387293.76124656596,352792.0585508242,434574,332528.396875,270384.8359375,0.03258659986713164,0.031670026495045966,65.0205734090144,24654.550896096975,23702.5695276423,951.9813684546752,-0.07142860658258998,1,1,1,1.0,Trend
2025-06-26 00:00:00+09:00,352306.125,359595.2172413793,342101.395862069,405385,335759.89375,273075.32083333336,0.032638230490104427,0.030580603575987655,68.99563404618357,22929.959195443837,23548.04746120261,-618.0882657587717,-0.004120862375917023,1,1,-1,0.5,Trend
2025-06-27 00:00:00+09:00,356914.65625,365739.4691792582,353973.05194024724,198330,339537.678125,275768.10390625,0.03173936781045813,0.030535858105324762,69.5910359640024,21685.1054078046,23175.459050523008,-1490.353642718408,0.013081042090880457,1,1,-1,0.5,Trend
