Date,Close,MA20,MA60,RSI14,MACD_hist,Vol20,Vol60,sig_trend,sig_vol,sig_mom,composite,vol_override,strategy_raw,strategy,entry
2018-01-02 00:00:00+09:00,12349.234375,,,,0.0,,,-1,-1,-1,-1.0,True,Defensive,Defensive,False
2018-01-03 00:00:00+09:00,12388.8154296875,,,,2.5259704415962916,,,-1,-1,-1,-1.0,True,Defensive,Defensive,False
2018-01-04 00:00:00+09:00,12784.6240234375,,,,29.230606808184238,,,-1,-1,-1,-1.0,True,Defensive,Defensive,False
2018-01-05 00:00:00+09:00,12784.6240234375,,,,44.363859154562576,,,-1,-1,-1,-1.0,True,Defensive,Defensive,False
2018-01-08 00:00:00+09:00,12784.6240234375,,,,51.34996786862488,,,-1,-1,-1,-1.0,True,Defensive,Defensive,False
2018-01-09 00:00:00+09:00,13061.689453125,,,,70.42801291105354,,,-1,-1,-1,-1.0,True,Defensive,Defensive,False
2018-01-10 00:00:00+09:00,13615.822265625,,,,113.60622014189111,,,-1,-1,-1,-1.0,True,Defensive,Defensive,False
2018-01-11 00:00:00+09:00,13457.4990234375,,,,123.90025662426291,,,-1,-1,-1,-1.0,True,Defensive,Defensive,False
2018-01-12 00:00:00+09:00,13615.822265625,,,,132.96874669285273,,,-1,-1,-1,-1.0,True,Defensive,Defensive,False
2018-01-15 00:00:00+09:00,13378.3369140625,,,,115.2310603350962,,,-1,-1,-1,-1.0,True,Defensive,Defensive,False
2018-01-16 00:00:00+09:00,13022.109375,,,,73.78113684605202,,,-1,-1,-1,-1.0,True,Defensive,Defensive,False
2018-01-17 00:00:00+09:00,12665.880859375,,,,19.47349153033315,,,-1,-1,-1,-1.0,True,Defensive,Defensive,False
2018-01-18 00:00:00+09:00,12349.234375,,,,-37.564579487044284,,,-1,-1,-1,-1.0,True,Defensive,Defensive,False
2018-01-19 00:00:00+09:00,12428.3955078125,,,,-67.97886377808535,,,-1,-1,-1,-1.0,True,Defensive,Defensive,False
2018-01-22 00:00:00+09:00,12230.4912109375,,,48.10125633484523,-97.63823816379414,,,-1,-1,-1,-1.0,True,Defensive,Defensive,False
2018-01-23 00:00:00+09:00,12586.7197265625,,,52.87356289242183,-89.68365739736187,,,-1,-1,-1,-1.0,True,Defensive,Defensive,False
2018-01-24 00:00:00+09:00,12665.880859375,,,48.10125633484523,-76.04775640789336,,,-1,-1,-1,-1.0,True,Defensive,Defensive,False
2018-01-25 00:00:00+09:00,12745.04296875,,,49.382713040988484,-59.39233988854072,,,-1,-1,-1,-1.0,True,Defensive,Defensive,False
2018-01-26 00:00:00+09:00,12784.6240234375,,,50.0,-44.10805727366595,,,-1,-1,-1,-1.0,True,Defensive,Defensive,False
2018-01-29 00:00:00+09:00,13378.3369140625,12853.890380859375,,54.444451450241004,4.97952822360422,,,-1,-1,1,-0.5,True,Defensive,Defensive,False
2018-01-30 00:00:00+09:00,13259.5947265625,12899.4083984375,,44.303800235670145,27.20254873055208,0.021770068617181858,,-1,-1,-1,-1.0,True,Defensive,Defensive,False
2018-01-31 00:00:00+09:00,13457.4990234375,12952.842578125,,50.0,51.56805167572841,0.02191450848276927,,-1,-1,1,-0.5,True,Defensive,Defensive,False
2018-02-01 00:00:00+09:00,13220.013671875,12974.612060546875,,43.90243975825674,48.09605694534477,0.021446220009382403,,-1,-1,-1,-1.0,True,Defensive,Defensive,False
2018-02-02 00:00:00+09:00,12863.78515625,12978.5701171875,,42.35293468817768,19.67053370743757,0.022406756658280402,,-1,-1,-1,-1.0,True,Defensive,Defensive,False
2018-02-05 00:00:00+09:00,12467.9765625,12962.737744140624,,41.86045644284423,-25.476006114640512,0.023492852520882523,,-1,-1,-1,-1.0,True,Defensive,Defensive,False
2018-02-06 00:00:00+09:00,12190.91015625,12919.198779296876,,42.857138661124345,-71.10038499911005,0.023311575912588648,,-1,-1,-1,-1.0,True,Defensive,Defensive,False
2018-02-07 00:00:00+09:00,12270.072265625,12851.911279296875,,48.7179430404972,-91.7368350068062,0.020947568518821635,,-1,-1,-1,-1.0,True,Defensive,Defensive,False
2018-02-08 00:00:00+09:00,11953.42578125,12776.7076171875,,42.85715544519471,-120.68003145029203,0.021426959500227334,,-1,-1,-1,-1.0,True,Defensive,Defensive,False
2018-02-09 00:00:00+09:00,12032.5869140625,12697.545849609374,,46.91358137506107,-127.7779137945017,0.021235844551015588,,-1,-1,-1,-1.0,True,Defensive,Defensive,False
2018-02-12 00:00:00+09:00,11834.6826171875,12620.363134765625,,37.66232642671664,-138.20193048911167,0.021208410676324806,,-1,-1,-1,-1.0,True,Defensive,Defensive,False
2018-02-13 00:00:00+09:00,11438.8740234375,12541.2013671875,,31.764708272776645,-162.47905930769684,0.02162635040377955,,-1,-1,-1,-1.0,True,Defensive,Defensive,False
2018-02-14 00:00:00+09:00,11478.455078125,12481.830078125,,30.952379553708113,-166.01053036151498,0.021131881790439726,,-1,-1,-1,-1.0,True,Defensive,Defensive,False
2018-02-19 00:00:00+09:00,11795.1015625,12454.1234375,,36.2637234522218,-138.2938594639697,0.02171979535582054,,-1,-1,-1,-1.0,True,Defensive,Defensive,False
2018-02-20 00:00:00+09:00,12111.7490234375,12438.29111328125,,30.952379553708113,-92.1291502548678,0.022590522498638188,,-1,-1,-1,-1.0,True,Defensive,Defensive,False
2018-02-21 00:00:00+09:00,11993.005859375,12426.416845703125,,30.95237046233774,-64.39722993665444,0.022419201734339506,,-1,-1,-1,-1.0,True,Defensive,Defensive,False
2018-02-22 00:00:00+09:00,11834.6826171875,12388.814990234376,,25.301198730818555,-52.05151148710448,0.021437264562286815,,-1,-1,-1,-1.0,True,Defensive,Defensive,False
2018-02-23 00:00:00+09:00,11953.42578125,12353.192236328125,,30.000006168144864,-32.19638255717828,0.02153836670236192,,-1,-1,-1,-1.0,True,Defensive,Defensive,False
2018-02-26 00:00:00+09:00,12151.330078125,12323.506591796875,,38.15790584292264,-3.550078657398899,0.021883358678502954,,-1,-1,-1,-1.0,True,Defensive,Defensive,False
2018-02-27 00:00:00+09:00,11993.005859375,12283.92568359375,,41.42857042152747,6.379096508867605,0.021969634115719477,,-1,-1,-1,-1.0,True,Defensive,Defensive,False
2018-02-28 00:00:00+09:00,11834.6826171875,12206.74296875,,43.28358923465282,4.04175729724318,0.018833591763487423,,-1,-1,-1,-1.0,True,Defensive,Defensive,False
2018-03-02 00:00:00+09:00,11597.197265625,12123.623095703126,,38.028167056331334,-10.922621166457702,0.019091384437850443,,-1,-1,-1,-1.0,True,Defensive,Defensive,False
2018-03-05 00:00:00+09:00,11518.0361328125,12026.649951171876,,41.53846095449502,-22.888149130990854,0.018408930551202785,,-1,-1,-1,-1.0,True,Defensive,Defensive,False
2018-03-06 00:00:00+09:00,11518.0361328125,11941.55107421875,,39.68255398007865,-27.24275766911711,0.018329025678406823,,-1,-1,-1,-1.0,True,Defensive,Defensive,False
2018-03-07 00:00:00+09:00,11399.29296875,11868.32646484375,,40.9836105357548,-34.1145331529799,0.01771650306844187,,-1,-1,-1,-1.0,True,Defensive,Defensive,False
2018-03-08 00:00:00+09:00,11755.5205078125,11832.703662109376,,56.6666529596809,-11.814515709879373,0.018483407634142027,,-1,-1,-1,-1.0,True,Defensive,Defensive,False
2018-03-09 00:00:00+09:00,11913.8447265625,11818.850390625,,58.73015375710364,14.998012731929663,0.01822624051618126,,-1,-1,1,-0.5,True,Defensive,Defensive,False
2018-03-12 00:00:00+09:00,12032.5869140625,11806.976123046876,,55.1724123262445,40.67312233100324,0.018318107516566262,,-1,-1,1,-0.5,True,Defensive,Defensive,False
2018-03-13 00:00:00+09:00,12032.5869140625,11810.9341796875,,47.99999210477749,56.6188368876594,0.017333958234345543,,-1,-1,1,-0.5,True,Defensive,Defensive,False
2018-03-14 00:00:00+09:00,11993.005859375,11808.955126953126,,50.0,62.975438191653126,0.017286714922205085,,-1,-1,1,-0.5,True,Defensive,Defensive,False
2018-03-15 00:00:00+09:00,11636.7783203125,11799.059912109375,,45.283022381285335,42.63737288558289,0.018206814798475315,,-1,-1,1,-0.5,True,Defensive,Defensive,False
2018-03-16 00:00:00+09:00,11993.005859375,11826.76650390625,,50.847440616429935,52.00380216386807,0.017700218001474657,,-1,-1,1,-0.5,True,Defensive,Defensive,False
2018-03-19 00:00:00+09:00,12032.5869140625,11854.473095703124,,47.27271503838829,59.171263402570645,0.01769973791646848,,-1,-1,1,-0.5,True,Defensive,Defensive,False
2018-03-20 00:00:00+09:00,12072.16796875,11868.326416015625,,51.92308604755548,64.44986063494355,0.01671240345070923,,-1,-1,1,-0.5,True,Defensive,Defensive,False
2018-03-21 00:00:00+09:00,12270.072265625,11876.242578125,,60.37736024724727,78.2247668873265,0.016039264312784306,,-1,-1,1,-0.5,True,Defensive,Defensive,False
2018-03-22 00:00:00+09:00,12349.234375,11894.05400390625,,69.3877674331952,88.84675261505944,0.01589072143108405,,-1,-1,1,-0.5,True,Defensive,Defensive,False
2018-03-23 00:00:00+09:00,11874.263671875,11896.033056640625,,57.627108721170195,61.36976553679676,0.018066730488360508,,-1,-1,1,-0.5,True,Defensive,Defensive,False
2018-03-26 00:00:00+09:00,12111.7490234375,11903.94921875,,61.53845277896713,56.7808763431246,0.01847630518814584,,-1,-1,1,-0.5,True,Defensive,Defensive,False
2018-03-27 00:00:00+09:00,13101.2705078125,11951.446240234374,,74.71264237428538,114.64213464147375,0.025245433114795126,,-1,-1,-1,-1.0,True,Defensive,Defensive,False
2018-03-28 00:00:00+09:00,12824.205078125,11993.006201171875,,65.8823686496751,127.52084226415766,0.025601136667182018,,-1,-1,1,-0.5,True,Defensive,Defensive,False
2018-03-29 00:00:00+09:00,12586.7197265625,12030.608056640625,12363.747135416666,59.77011950609441,113.7654977708433,0.025813587405468977,,-1,-1,1,-0.5,True,Defensive,Defensive,False
2018-03-30 00:00:00+09:00,12586.7197265625,12080.0841796875,12367.705224609375,58.333343124043196,98.93398903234689,0.02524004923436863,0.02236576278942272,-1,1,1,0.30000000000000004,False,Trend,Defensive,False
2018-04-02 00:00:00+09:00,12111.7490234375,12109.76982421875,12363.087451171876,51.041671485531324,53.66844236115041,0.02689725002124555,0.02291485709725322,-1,1,1,0.30000000000000004,False,Trend,Defensive,False
2018-04-03 00:00:00+09:00,12230.4912109375,12145.392578125,12353.851904296875,53.061226544988834,29.4673734952746,0.026937711894616127,0.022572777568736928,-1,1,1,0.30000000000000004,False,Trend,Defensive,False
2018-04-04 00:00:00+09:00,11874.263671875,12169.14111328125,12338.679231770833,53.061226544988834,-10.640849186822933,0.02776810428000111,0.02287689477011517,-1,1,-1,-0.19999999999999996,False,MeanReversion,Defensive,False
2018-04-05 00:00:00+09:00,11993.005859375,12181.015380859375,12325.485595703125,50.0,-28.281117418405927,0.027014343596576014,0.02292199211813854,-1,1,-1,-0.19999999999999996,False,MeanReversion,Defensive,False
2018-04-06 00:00:00+09:00,11834.6826171875,12177.057275390625,12305.035481770834,47.36842105263158,-48.53138512717101,0.027029347373787718,0.022782116300888545,-1,1,-1,-0.19999999999999996,False,MeanReversion,Defensive,False
2018-04-09 00:00:00+09:00,11755.5205078125,12163.203955078125,12274.030452473959,45.83332583731971,-64.1935060440168,0.026953081813003363,0.022072174514823614,-1,1,-1,-0.19999999999999996,False,MeanReversion,Defensive,False
2018-04-10 00:00:00+09:00,11795.1015625,12151.3296875,12246.323828125,43.47825620555917,-68.43460986990351,0.026971201091302584,0.02205083929417049,-1,1,-1,-0.19999999999999996,False,MeanReversion,Defensive,False
2018-04-11 00:00:00+09:00,11834.6826171875,12143.413525390624,12216.638167317707,42.85713511064574,-65.13893945560785,0.02698232689620506,0.021987945770002203,-1,1,-1,-0.19999999999999996,False,MeanReversion,Defensive,False
2018-04-12 00:00:00+09:00,11834.6826171875,12153.308740234375,12190.910595703124,49.367085444948415,-59.669635070425066,0.026075074045902247,0.021898136416370815,-1,1,-1,-0.19999999999999996,False,MeanReversion,Defensive,False
2018-04-13 00:00:00+09:00,11676.359375,12137.476416015625,12168.481429036457,42.85713827966615,-63.09246927223937,0.025307467260845345,0.02170581978367867,-1,1,-1,-0.19999999999999996,False,MeanReversion,Defensive,False
2018-04-16 00:00:00+09:00,11834.6826171875,12127.581201171875,12154.628125,21.428552546477007,-51.557853657553764,0.025506936283430773,0.02152294924839392,-1,1,-1,-0.19999999999999996,False,MeanReversion,Defensive,False
2018-04-17 00:00:00+09:00,11993.005859375,12123.623095703126,12148.690983072916,30.188647625006283,-31.135351104843522,0.02568931531523256,0.02136412601476317,-1,1,-1,-0.19999999999999996,False,MeanReversion,MeanReversion,False
2018-04-18 00:00:00+09:00,12705.4619140625,12145.392578125,12153.308756510416,52.307684716124726,29.221750764901095,0.028604469591216826,0.022633681082940966,-1,1,1,0.30000000000000004,False,Trend,MeanReversion,False
2018-04-19 00:00:00+09:00,12982.5283203125,12177.057275390625,12165.842708333334,56.94444349256978,83.59291431479285,0.028933548074487867,0.022692191966695894,1,1,1,1.0,False,Trend,Trend,True
2018-04-20 00:00:00+09:00,13378.3369140625,12252.2609375,12179.036328125,72.85714990645562,138.74930529734524,0.02779946038363514,0.02272018607608123,1,1,-1,0.5,False,Trend,Trend,False
2018-04-23 00:00:00+09:00,13457.4990234375,12319.5484375,12192.229964192707,72.4637831444033,170.98259584362188,0.02760834992103215,0.022718786998351507,1,1,-1,0.5,False,Trend,Trend,False
2018-04-24 00:00:00+09:00,13378.3369140625,12333.4017578125,12202.78486328125,80.64515615555028,176.66482308874154,0.02162196805595937,0.02272551818530723,1,1,-1,0.5,False,Trend,Trend,False
2018-04-25 00:00:00+09:00,13338.755859375,12359.129296875,12212.020393880208,78.33332647984045,167.53080206879915,0.021000120752744548,0.022728633062599535,1,1,-1,0.5,False,Trend,Trend,False
2018-04-26 00:00:00+09:00,13497.080078125,12404.647314453125,12213.999446614584,84.99998560767087,161.83707977193131,0.02052276141622288,0.0220116361847779,1,1,-1,0.5,False,Trend,Trend,False
2018-04-27 00:00:00+09:00,13655.4033203125,12458.081494140624,12220.596256510416,88.70967228458457,158.22922263324477,0.020583916642854905,0.022028338688333506,1,1,-1,0.5,False,Trend,Trend,False
2018-04-30 00:00:00+09:00,14169.9541015625,12560.991748046876,12232.4705078125,90.54053288104716,178.4908481243125,0.01924793149394073,0.02245460368214576,1,1,-1,0.5,False,Trend,Trend,False
2018-05-02 00:00:00+09:00,14367.859375,12667.86015625,12251.60126953125,91.02563575372342,192.03686169518448,0.019291333914164897,0.022380577916963088,1,1,-1,0.5,False,Trend,Trend,False
2018-05-03 00:00:00+09:00,14605.34375,12804.41416015625,12280.62724609375,91.66665932363642,202.7517103472469,0.017198973812053236,0.022140526197633906,1,1,-1,0.5,False,Trend,Trend,False
2018-05-04 00:00:00+09:00,15199.0576171875,12964.716748046874,12326.145263671875,96.8420921409017,233.40197141920908,0.018418256286665963,0.022226791295283488,1,1,-1,0.5,False,Trend,Trend,False
2018-05-08 00:00:00+09:00,14842.8291015625,13115.124072265626,12370.343912760416,87.9999773012353,213.78555151259206,0.019293960638079415,0.022251800784383536,1,1,-1,0.5,False,Trend,Trend,False
2018-05-09 00:00:00+09:00,14644.9248046875,13259.594287109376,12409.924788411457,83.16829990118758,173.30789619225538,0.01967869210757946,0.022351443357291435,1,1,-1,0.5,False,Trend,Trend,False
2018-05-10 00:00:00+09:00,15515.7041015625,13445.6244140625,12469.29609375,83.80950613031159,189.68261480332194,0.0221705106693735,0.023112096757015452,1,1,-1,0.5,False,Trend,Trend,False
2018-05-11 00:00:00+09:00,15357.380859375,13621.759326171876,12524.709326171875,79.41175261148315,174.72566525376635,0.022707365034613253,0.02318657818971832,1,1,-1,0.5,False,Trend,Trend,False
2018-05-14 00:00:00+09:00,16228.16015625,13841.433203125,12597.933951822917,81.5789365471165,206.19138584430266,0.024332624262927708,0.023940941042022743,1,1,-1,0.5,False,Trend,Trend,False
2018-05-15 00:00:00+09:00,16821.873046875,14098.70888671875,12687.650602213542,83.46455453854021,246.95276900828344,0.02370600785920287,0.02369768539029673,1,1,-1,0.5,False,Trend,Trend,False
2018-05-16 00:00:00+09:00,16188.5791015625,14316.4037109375,12766.152669270834,75.1773013656011,212.53614925412705,0.026879010579214952,0.02439172872490818,1,1,-1,0.5,False,Trend,Trend,False
2018-05-17 00:00:00+09:00,16069.8369140625,14520.245263671875,12837.398258463541,74.12587883138912,165.15666801018085,0.027367246683689648,0.02428379059600228,1,1,-1,0.5,False,Trend,Trend,False
2018-05-18 00:00:00+09:00,16148.998046875,14692.4220703125,12904.6857421875,73.75886375901075,124.38932912442851,0.025474198483926784,0.024121677123708326,1,1,-1,0.5,False,Trend,Trend,False
2018-05-21 00:00:00+09:00,15753.189453125,14830.955126953126,12967.35546875,68.02721168359537,59.30847746374707,0.02664097181182248,0.024351918306498275,1,1,1,1.0,False,Trend,Trend,False
2018-05-23 00:00:00+09:00,15753.189453125,14949.69775390625,13032.663916015625,64.92537739390833,7.524436566890472,0.026276857272243402,0.024247168517771568,1,1,1,1.0,False,Trend,Trend,False
2018-05-24 00:00:00+09:00,15357.380859375,15044.691845703124,13089.396500651043,58.99280447841255,-58.487545437403014,0.027333039539006808,0.02454753380642816,1,1,-1,0.5,False,Trend,Trend,False
2018-05-25 00:00:00+09:00,14724.0869140625,15111.979345703125,13132.27578125,51.00671607697251,-144.9793234912895,0.02933116003342947,0.02520688509033164,1,1,-1,0.5,False,Trend,Trend,False
2018-05-28 00:00:00+09:00,15674.0283203125,15228.74296875,13193.626155598959,53.79747052874919,-138.4045804082118,0.03195720180141259,0.026246905497431094,1,1,-1,0.5,False,Trend,Trend,False
2018-05-29 00:00:00+09:00,14803.2490234375,15294.051416015625,13243.102262369792,49.70760816117348,-189.7208934740537,0.035098803278821394,0.02733810306892751,1,1,-1,0.5,False,Trend,Trend,False
2018-05-30 00:00:00+09:00,14763.66796875,15349.4646484375,13295.876774088541,50.89820783923518,-221.15457079223404,0.03509381265862929,0.027170142762405373,1,1,-1,0.5,False,Trend,Trend,False
2018-05-31 00:00:00+09:00,15119.8955078125,15396.96171875,13355.907763671876,46.75324716938086,-212.7147561338511,0.03456053494225691,0.027250765679605146,1,1,-1,0.5,False,Trend,Trend,False
2018-06-01 00:00:00+09:00,14763.66796875,15416.7521484375,13410.001627604166,45.283019453485025,-224.7078369169609,0.034976571164448134,0.027490790600659065,1,1,-1,0.5,False,Trend,Trend,False
2018-06-04 00:00:00+09:00,14644.9248046875,15418.731201171875,13464.095491536458,35.71427942025757,-233.21131097979787,0.03485070969711707,0.027471920764886006,1,1,-1,0.5,False,Trend,Trend,False
2018-06-05 00:00:00+09:00,15080.314453125,15412.79404296875,13519.508723958334,33.8235256767274,-203.1868037036071,0.03429342033479282,0.02744836378720904,1,1,-1,0.5,False,Trend,Trend,False
2018-06-07 00:00:00+09:00,15001.1533203125,15420.71025390625,13570.9638671875,37.70491902738214,-182.9619633685329,0.03387858103173367,0.027447652960049005,1,1,-1,0.5,False,Trend,Trend,False
2018-06-08 00:00:00+09:00,14763.66796875,15426.647412109374,13616.481884765624,36.799996684003936,-179.62645841384983,0.03393821690892646,0.02755362318043364,1,1,-1,0.5,False,Trend,Trend,False
2018-06-11 00:00:00+09:00,15040.7333984375,15402.898876953124,13666.617659505207,39.23076558097782,-153.80488054782762,0.03149668904541838,0.02761910562114764,1,1,-1,0.5,False,Trend,Trend,False
2018-06-12 00:00:00+09:00,14803.2490234375,15375.19228515625,13713.455045572917,40.47619280731233,-147.72989160717054,0.03160421049775145,0.0277212963885118,1,1,-1,0.5,False,Trend,Trend,False
2018-06-14 00:00:00+09:00,13932.4697265625,15260.407763671876,13751.716569010418,34.4594593468198,-194.42883912463887,0.03121709688912425,0.028613213664177555,1,1,-1,0.5,False,Trend,Trend,False
2018-06-15 00:00:00+09:00,14051.2119140625,15121.87470703125,13786.020003255207,38.29786750047201,-208.1653395343177,0.029771297885107562,0.028400666557116344,1,1,-1,0.5,False,Trend,Trend,False
2018-06-18 00:00:00+09:00,13497.080078125,14987.299755859374,13810.42822265625,38.84891869243763,-242.98832393864387,0.029870700125670273,0.028934622769501185,1,1,-1,0.5,False,Trend,Trend,False
2018-06-19 00:00:00+09:00,12626.2998046875,14815.122900390625,13819.663753255209,21.897790632338754,-308.85637360403075,0.032518548107769704,0.03025843109070403,1,1,-1,0.5,False,Trend,Trend,False
2018-06-20 00:00:00+09:00,12863.78515625,14650.862255859374,13829.558968098958,29.75204858992049,-319.29908749935146,0.03303603333121424,0.03028059922003445,1,1,-1,0.5,False,Trend,Trend,False
2018-06-21 00:00:00+09:00,12270.072265625,14476.706396484375,13828.239599609375,26.666652045869824,-346.772233160803,0.03388661534224634,0.030897854565871415,1,1,-1,0.5,False,Trend,Trend,False
2018-06-22 00:00:00+09:00,12388.8154296875,14308.4876953125,13836.815462239583,23.25581039515545,-337.2218907790907,0.03414098170295905,0.030490663886287808,1,1,-1,0.5,False,Trend,Trend,False
2018-06-25 00:00:00+09:00,12428.3955078125,14162.038427734375,13842.092903645833,25.61981735347895,-309.24999438798875,0.034148400350142806,0.03038958223478865,1,1,-1,0.5,False,Trend,Trend,False
2018-06-26 00:00:00+09:00,12626.2998046875,14057.149072265625,13834.176725260417,29.26827898408277,-260.3894328003621,0.03378735199730214,0.0286884375904463,1,1,-1,0.5,False,Trend,Trend,False
2018-06-27 00:00:00+09:00,12151.330078125,13881.01416015625,13822.962141927082,20.161275239174998,-243.34537995557582,0.030081076011380322,0.028978718298404826,1,1,-1,0.5,False,Trend,Trend,False
2018-06-28 00:00:00+09:00,12151.330078125,13748.418212890625,13815.705647786459,20.491785541736434,-216.27068413872212,0.028300246339468562,0.02888450476864138,-1,1,-1,-0.19999999999999996,False,MeanReversion,Trend,False
2018-06-29 00:00:00+09:00,12388.8154296875,13629.6755859375,13812.407242838543,25.409822970067097,-168.67959096250956,0.0290147998256083,0.028999025283378423,-1,1,-1,-0.19999999999999996,False,MeanReversion,Trend,False
2018-07-02 00:00:00+09:00,11478.455078125,13447.603564453126,13801.85234375,17.391298906485687,-183.5923974233699,0.0316175109831034,0.030229970541772205,-1,1,-1,-0.19999999999999996,False,MeanReversion,Trend,False
2018-07-03 00:00:00+09:00,11636.7783203125,13291.25908203125,13791.95712890625,20.588223555428968,-168.2803487940239,0.032099203649773034,0.030257787999784947,-1,1,-1,-0.19999999999999996,False,MeanReversion,Trend,False
2018-07-04 00:00:00+09:00,11557.6162109375,13136.89365234375,13786.679671223957,24.13791636588087,-149.5988448111152,0.032108253356895086,0.03003344401411453,-1,1,-1,-0.19999999999999996,False,MeanReversion,Trend,False
2018-07-05 00:00:00+09:00,11320.130859375,12948.88447265625,13775.465087890625,21.008395521034217,-139.54760021468132,0.03065102571668242,0.03011478573379454,-1,1,-1,-0.19999999999999996,False,MeanReversion,Trend,False
2018-07-06 00:00:00+09:00,11795.1015625,12788.581884765625,13774.805403645832,31.623924053996262,-89.64719966504833,0.03303440310280466,0.030552884066521596,-1,1,-1,-0.19999999999999996,False,MeanReversion,Trend,False
2018-07-09 00:00:00+09:00,11676.359375,12634.216455078125,13773.486051432292,37.75510640810127,-55.07102718002375,0.03302359197129597,0.03056862326036288,-1,1,-1,-0.19999999999999996,False,MeanReversion,MeanReversion,True
2018-07-10 00:00:00+09:00,11715.9404296875,12467.976806640625,13772.16669921875,34.40860728531199,-21.68298660723383,0.03245887291771589,0.03056866722260717,-1,1,-1,-0.19999999999999996,False,MeanReversion,MeanReversion,True
2018-07-11 00:00:00+09:00,11518.0361328125,12303.716162109375,13766.8892578125,38.554221881496055,-5.896240772178089,0.03246606363568799,0.03064273824400294,-1,1,-1,-0.19999999999999996,False,MeanReversion,MeanReversion,True
2018-07-12 00:00:00+09:00,11240.9697265625,12169.141162109376,13756.99404296875,33.333323880232996,-7.007714945808857,0.03059830454291669,0.030797493368688696,-1,1,-1,-0.19999999999999996,False,MeanReversion,MeanReversion,True
2018-07-13 00:00:00+09:00,11280.55078125,12030.60810546875,13750.397233072918,33.33334278643099,1.5712724755471754,0.03045380126379146,0.03075764831557639,-1,1,-1,-0.19999999999999996,False,MeanReversion,MeanReversion,True
2018-07-16 00:00:00+09:00,11240.9697265625,11917.802587890625,13740.502018229166,28.915672678651788,10.718806661472286,0.02969475200459336,0.030704324112789755,-1,1,-1,-0.19999999999999996,False,MeanReversion,MeanReversion,True
2018-07-17 00:00:00+09:00,11399.29296875,11856.45224609375,13730.606803385417,37.33332850847355,32.348525644701795,0.02680521321961352,0.03070989862919014,-1,1,-1,-0.19999999999999996,False,MeanReversion,MeanReversion,False
2018-07-18 00:00:00+09:00,11003.484375,11763.43720703125,13702.240511067708,32.94117476314324,25.230842578362967,0.02700495068635873,0.03004505632132823,-1,1,-1,-0.19999999999999996,False,MeanReversion,MeanReversion,True
2018-07-19 00:00:00+09:00,10963.9033203125,11698.128759765625,13668.596761067709,27.499995373891352,23.144068681402132,0.025363451553947293,0.029879978548511866,-1,1,-1,-0.19999999999999996,False,MeanReversion,MeanReversion,True
2018-07-20 00:00:00+09:00,11003.484375,11628.86220703125,13629.015885416668,39.65517094693354,29.31915419191364,0.02520793869157251,0.029580829651266884,-1,1,-1,-0.19999999999999996,False,MeanReversion,MeanReversion,True
2018-07-23 00:00:00+09:00,11320.130859375,11573.448974609375,13593.393082682293,43.5483787527692,57.963749098143694,0.0262928640463831,0.02983984183775324,-1,1,-1,-0.19999999999999996,False,MeanReversion,MeanReversion,False
2018-07-24 00:00:00+09:00,11597.197265625,11521.99384765625,13563.707421875,50.74627195445515,96.53218096022738,0.02669998340198463,0.030040310842980436,-1,1,1,0.30000000000000004,False,Trend,MeanReversion,False
2018-07-25 00:00:00+09:00,11676.359375,11498.2453125,13536.000813802084,57.142868332235466,126.44905438714409,0.025549621159896767,0.03006355250315024,-1,1,1,0.30000000000000004,False,Trend,Trend,False
2018-07-26 00:00:00+09:00,11636.7783203125,11472.517724609375,13504.995784505209,46.153853453425526,141.50889235736452,0.025546958020462418,0.030007413104395284,-1,1,1,0.30000000000000004,False,Trend,Trend,False
2018-07-27 00:00:00+09:00,11755.5205078125,11440.852978515624,13473.331070963543,51.923061411470755,156.2484587947872,0.025219745579550347,0.02999599256661002,-1,1,1,0.30000000000000004,False,Trend,Trend,False
2018-07-30 00:00:00+09:00,11913.8447265625,11462.6224609375,13435.729248046875,54.545450467343386,172.18452373164314,0.01850593270182353,0.02962175243134978,-1,1,1,0.30000000000000004,False,Trend,Trend,False
2018-07-31 00:00:00+09:00,11913.8447265625,11476.47578125,13394.82900390625,59.999990130971874,177.53881076551062,0.01829708143475732,0.02954275431553534,-1,1,1,0.30000000000000004,False,Trend,Trend,False
2018-08-01 00:00:00+09:00,11320.130859375,11464.601513671874,13340.075455729168,51.724123262445076,137.68588499683523,0.021683755791014458,0.030067884533064713,-1,1,1,0.30000000000000004,False,Trend,Trend,False
2018-08-02 00:00:00+09:00,11359.7119140625,11466.58056640625,13276.086360677084,51.724123262445076,111.68869871415916,0.021195315204046414,0.02952570031168159,-1,1,1,0.30000000000000004,False,Trend,Trend,False
2018-08-03 00:00:00+09:00,11755.5205078125,11464.601513671874,13224.631217447917,59.70147659824876,118.21788516809494,0.020544352195293984,0.029844630202269785,-1,1,1,0.30000000000000004,False,Trend,Trend,False
2018-08-06 00:00:00+09:00,11676.359375,11464.601513671874,13175.155126953125,55.38461888841315,114.21080036324736,0.020472292286379597,0.029820925563901837,-1,1,1,0.30000000000000004,False,Trend,Trend,False
2018-08-07 00:00:00+09:00,11715.9404296875,11464.601513671874,13111.825732421876,66.0714262111699,111.12738234810377,0.020472292286379597,0.028725315675606565,-1,1,1,0.30000000000000004,False,Trend,Trend,False
2018-08-08 00:00:00+09:00,11715.9404296875,11474.496728515625,13051.13505859375,67.27272971959397,106.00528642508544,0.02007674399459171,0.028722095920381926,-1,1,1,0.30000000000000004,False,Trend,Trend,False
2018-08-09 00:00:00+09:00,11597.197265625,11492.30810546875,12973.95234375,63.15788106782879,92.05437660209924,0.019378743855631146,0.027639940111360135,-1,1,1,0.30000000000000004,False,Trend,Trend,False
2018-08-10 00:00:00+09:00,11993.005859375,11527.930859375,12893.471223958333,64.4067711556797,105.92874756676832,0.02066045994153789,0.027581168940129828,-1,1,1,0.30000000000000004,False,Trend,Trend,False
2018-08-13 00:00:00+09:00,11518.0361328125,11541.7841796875,12815.628841145834,48.43751264951486,80.70367686329297,0.022813549303496338,0.027623334089143213,-1,1,1,0.30000000000000004,False,Trend,Trend,False
2018-08-14 00:00:00+09:00,11597.197265625,11551.67939453125,12741.084847005208,48.437492771703006,67.47357038335727,0.022658601267231602,0.0276694965344465,-1,1,1,0.30000000000000004,False,Trend,Trend,False
2018-08-16 00:00:00+09:00,11597.197265625,11581.3650390625,12665.221500651041,49.206345476554965,57.24955466439545,0.021004626584217336,0.027645603303145222,-1,1,1,0.30000000000000004,False,Trend,Trend,False
2018-08-17 00:00:00+09:00,11676.359375,11616.987841796876,12597.274332682291,48.3871096111243,54.3671157628462,0.020971010409861903,0.027572787672546062,-1,1,1,0.30000000000000004,False,Trend,Trend,False
2018-08-20 00:00:00+09:00,11834.6826171875,11658.54775390625,12531.965885416666,48.387089072032026,61.16530209778958,0.02109791420894364,0.027668765537140694,-1,1,1,0.30000000000000004,False,Trend,Trend,False
2018-08-21 00:00:00+09:00,11755.5205078125,11680.317236328125,12471.934879557291,46.87498554340603,58.37957620135961,0.020379822998570545,0.027536832073119702,-1,1,1,0.30000000000000004,False,Trend,Trend,False
2018-08-22 00:00:00+09:00,11715.9404296875,11686.25439453125,12421.799104817708,60.00002960712821,52.125846044615855,0.01971387026135665,0.027089451675093256,-1,1,1,0.30000000000000004,False,Trend,Trend,False
2018-08-23 00:00:00+09:00,11676.359375,11686.25439453125,12355.1712890625,58.0000187511812,43.90740120348548,0.019674268538015155,0.025652396632300532,-1,1,1,0.30000000000000004,False,Trend,Trend,False
2018-08-24 00:00:00+09:00,11597.197265625,11684.275341796874,12301.737093098958,45.23809943411622,32.2622914294452,0.019719916757853225,0.02472075776404224,-1,1,1,0.30000000000000004,False,Trend,Trend,False
2018-08-27 00:00:00+09:00,11438.8740234375,11668.443017578125,12246.323860677083,43.18181180976306,13.954459508563005,0.019785438863641456,0.024751483723260984,-1,1,-1,-0.19999999999999996,False,MeanReversion,Trend,False
2018-08-28 00:00:00+09:00,11834.6826171875,11664.484912109376,12191.5703125,52.83017989583509,27.76188340657565,0.021090078403556974,0.024981020066011276,-1,1,1,0.30000000000000004,False,Trend,Trend,False
2018-08-29 00:00:00+09:00,11953.42578125,11666.46396484375,12144.732942708333,55.35714679091079,43.229776104329744,0.021216154449728606,0.024909122638814868,-1,1,1,0.30000000000000004,False,Trend,Trend,False
2018-08-30 00:00:00+09:00,11557.6162109375,11678.338232421875,12093.277799479167,49.206345476554965,25.991483159403742,0.019265681887561684,0.025205927466583528,-1,1,1,0.30000000000000004,False,Trend,Trend,False
2018-08-31 00:00:00+09:00,11201.388671875,11670.4220703125,12028.629036458333,33.87097030932266,-8.375960605265206,0.020560314700044584,0.02506512178910192,-1,1,-1,-0.19999999999999996,False,MeanReversion,Trend,False
2018-09-03 00:00:00+09:00,11280.55078125,11646.673583984375,11966.618994140625,44.23076831832181,-23.873385343120603,0.01896415313960153,0.025112863159553044,-1,1,-1,-0.19999999999999996,False,MeanReversion,Trend,False
2018-09-04 00:00:00+09:00,11320.130859375,11628.862158203125,11909.226708984375,43.13724921047743,-29.202667604196336,0.01896923705714294,0.025091327012885935,-1,1,-1,-0.19999999999999996,False,MeanReversion,Trend,False
2018-09-05 00:00:00+09:00,11399.29296875,11613.02978515625,11848.53603515625,45.283022381285335,-25.286793818042042,0.019035122081491614,0.02495508480746003,-1,1,-1,-0.19999999999999996,False,MeanReversion,Trend,False
2018-09-06 00:00:00+09:00,11557.6162109375,11605.11357421875,11794.442154947918,47.27271503838829,-10.671999625107475,0.019334882832185568,0.025021815348201658,-1,1,-1,-0.19999999999999996,False,MeanReversion,Trend,False
2018-09-07 00:00:00+09:00,11676.359375,11609.0716796875,11756.840315755207,46.29630391128839,7.380954471081523,0.01934529240970597,0.023959483178842503,-1,1,1,0.30000000000000004,False,Trend,Trend,False
2018-09-10 00:00:00+09:00,11953.42578125,11607.09267578125,11721.877213541668,54.237305855053215,36.729511657781686,0.018547278957611154,0.024157569744450595,-1,1,1,0.30000000000000004,False,Trend,Trend,False
2018-09-11 00:00:00+09:00,11715.9404296875,11616.987890625,11692.191552734375,50.0,38.69822908194846,0.01668886576819675,0.023763471083035826,-1,1,1,0.30000000000000004,False,Trend,Trend,False
2018-09-12 00:00:00+09:00,11636.7783203125,11618.966943359375,11675.699527994791,49.23076631093887,33.418208310594274,0.01670932535025601,0.02222324041298647,-1,1,1,0.30000000000000004,False,Trend,Trend,False
2018-09-13 00:00:00+09:00,11795.1015625,11628.862158203125,11657.888134765624,53.73133998584456,38.95119975442573,0.01697322062815935,0.02215488502329631,-1,1,1,0.30000000000000004,False,Trend,Trend,False
2018-09-14 00:00:00+09:00,11755.5205078125,11632.82021484375,11649.312272135418,56.24998554341716,38.25296166825921,0.016937607253472983,0.021325860673835545,-1,1,1,0.30000000000000004,False,Trend,Trend,False
2018-09-17 00:00:00+09:00,11715.9404296875,11626.88310546875,11638.097688802083,47.272738691438526,33.59858851044454,0.01666693666885862,0.021284983141270645,-1,1,1,0.30000000000000004,False,Trend,Trend,False
2018-09-18 00:00:00+09:00,11795.1015625,11628.862158203125,11627.542789713541,46.296279374083916,34.20978516611132,0.016674548827784554,0.02130152382963386,1,1,1,1.0,False,Trend,Trend,True
2018-09-19 00:00:00+09:00,11834.6826171875,11634.799267578124,11614.349169921876,57.77778874337541,35.48541989120591,0.0166671756502473,0.02119677768808836,1,1,1,1.0,False,Trend,Trend,False
2018-09-20 00:00:00+09:00,11715.9404296875,11636.7783203125,11607.09267578125,66.66668775435708,26.925942751400473,0.016816108237512364,0.02066195276869968,1,1,1,1.0,False,Trend,Trend,False
2018-09-21 00:00:00+09:00,11755.5205078125,11644.694482421875,11600.495849609375,65.78946855832055,22.693097420406207,0.016747858914839087,0.020668221836505477,1,1,1,1.0,False,Trend,Trend,False
2018-09-27 00:00:00+09:00,11834.6826171875,11664.484912109376,11591.260302734376,66.66668775435708,23.868304437252064,0.016442490677814513,0.02052577418773808,1,1,1,1.0,False,Trend,Trend,False
2018-09-28 00:00:00+09:00,11795.1015625,11662.505859375,11596.537744140625,63.157898154099875,20.739255581921416,0.014596550652063155,0.017976362637130358,1,1,1,1.0,False,Trend,Trend,False
2018-10-01 00:00:00+09:00,11874.263671875,11658.54775390625,11600.495833333332,61.11113014860439,22.607054810904742,0.014494196830790066,0.01791148292044456,1,1,1,1.0,False,Trend,Trend,False
2018-10-02 00:00:00+09:00,11715.9404296875,11666.46396484375,11603.1345703125,51.35135856029351,12.301582113635323,0.01262993892548834,0.017976327123739137,1,1,1,1.0,False,Trend,Trend,False
2018-10-04 00:00:00+09:00,11438.8740234375,11678.338232421875,11605.113623046875,32.432405398899334,-12.699580802537604,0.011721994667687636,0.018043610101299852,1,1,-1,0.5,False,Trend,Trend,False
2018-10-05 00:00:00+09:00,11478.455078125,11688.233447265626,11599.836181640625,40.62498795282906,-25.36446924822737,0.011652692609192694,0.01723260395377365,1,1,-1,0.5,False,Trend,Trend,False
2018-10-08 00:00:00+09:00,11320.130859375,11688.233447265626,11593.899039713542,38.23527064026118,-42.20534692096464,0.01208671412137457,0.017275274467119926,1,1,-1,0.5,False,Trend,Trend,False
2018-10-10 00:00:00+09:00,10607.67578125,11648.652587890625,11575.427962239582,18.749993574843813,-96.04796947471377,0.018769701235121405,0.01916620288488499,1,1,-1,0.5,False,Trend,Trend,False
2018-10-11 00:00:00+09:00,9974.3818359375,11569.490869140625,11549.700390625,14.285708691020744,-164.9892583197871,0.02232137393297649,0.02058133393873075,1,1,-1,0.5,False,Trend,Trend,False
2018-10-12 00:00:00+09:00,9974.3818359375,11484.3919921875,11528.590592447918,14.516118762709368,-198.98869841182756,0.02201236069811431,0.020380249288560054,-1,1,-1,-0.19999999999999996,False,MeanReversion,Trend,False
2018-10-15 00:00:00+09:00,10053.54296875,11389.3978515625,11508.140462239584,14.516118762709368,-203.79954375432428,0.02110354280090606,0.02040821864115369,-1,1,-1,-0.19999999999999996,False,MeanReversion,Trend,False
2018-10-16 00:00:00+09:00,10053.54296875,11306.277978515625,11488.350016276041,13.114736858709776,-194.6507290990857,0.02100920017273366,0.02040860537029274,-1,1,-1,-0.19999999999999996,False,MeanReversion,Trend,False
2018-10-17 00:00:00+09:00,10211.8662109375,11235.032373046875,11468.5595703125,19.354811752112084,-166.68439815289233,0.021645812133196496,0.020431261120279563,-1,1,-1,-0.19999999999999996,False,MeanReversion,Trend,False
2018-10-18 00:00:00+09:00,9895.2197265625,11140.03828125,11450.088492838542,15.942031576621261,-158.3212047049263,0.021791557909173552,0.020330272761036137,-1,1,-1,-0.19999999999999996,False,MeanReversion,Trend,False
2018-10-19 00:00:00+09:00,9776.4765625,11041.086083984375,11430.298046875,12.857131276133103,-149.69271687031778,0.02176455965682489,0.020372579357571283,-1,1,-1,-0.19999999999999996,False,MeanReversion,Trend,False
2018-10-22 00:00:00+09:00,9697.3154296875,10940.154833984376,11408.528564453125,12.676048507012752,-138.48305449895634,0.02172327907222231,0.020375068030494464,-1,1,-1,-0.19999999999999996,False,MeanReversion,Trend,False
2018-10-23 00:00:00+09:00,9380.66796875,10819.433154296876,11376.204182942709,9.0908887003376,-141.08338271434184,0.021990470490183277,0.020364546060560786,-1,1,-1,-0.19999999999999996,False,MeanReversion,Trend,False
2018-10-24 00:00:00+09:00,9301.5068359375,10692.774365234374,11337.94267578125,9.333313595257593,-136.7258517666213,0.0217289701302736,0.02005624996480729,-1,1,-1,-0.19999999999999996,False,MeanReversion,Trend,False
2018-10-25 00:00:00+09:00,9024.4404296875,10558.199365234375,11293.744026692708,9.333313595257593,-140.55392479935824,0.022097625615229148,0.020296894025971474,-1,1,-1,-0.19999999999999996,False,MeanReversion,Trend,False
2018-10-26 00:00:00+09:00,8668.212890625,10403.833984375,11244.267936197917,7.22889274138123,-154.04342964707894,0.022541098095080713,0.02082084976743679,-1,1,-1,-0.19999999999999996,False,MeanReversion,Trend,False
2018-10-29 00:00:00+09:00,8430.7275390625,10233.63623046875,11188.854720052082,7.058802357075237,-164.9524455101298,0.022088691121600595,0.020931380469118986,-1,1,-1,-0.19999999999999996,False,MeanReversion,Trend,False
2018-10-30 00:00:00+09:00,8509.888671875,10069.3755859375,11132.122119140626,11.5941578131347,-153.0885933534786,0.02267497969279499,0.020876006503493652,-1,1,-1,-0.19999999999999996,False,MeanReversion,Trend,False
2018-10-31 00:00:00+09:00,8668.212890625,9909.073046875,11078.028255208334,21.052611075400762,-122.1721483639626,0.02344143665557614,0.021094436870000226,-1,1,-1,-0.19999999999999996,False,MeanReversion,Trend,False
2018-11-01 00:00:00+09:00,8668.212890625,9756.686669921875,11033.829622395833,21.052611075400762,-90.76002515759865,0.023701841457479212,0.020227020215309987,-1,1,-1,-0.19999999999999996,False,MeanReversion,Trend,False
2018-11-02 00:00:00+09:00,9143.1826171875,9641.902099609375,10996.887467447918,32.83580605568717,-30.165577062814577,0.028075542596179337,0.021540094195090807,-1,-1,-1,-1.0,True,Defensive,Trend,False
2018-11-05 00:00:00+09:00,8905.697265625,9513.264208984376,10949.390413411458,30.136970096811226,0.14486061077218437,0.028046885400302757,0.02115108519635687,-1,-1,-1,-1.0,True,Defensive,Defensive,False
2018-11-06 00:00:00+09:00,8905.697265625,9392.542529296876,10903.212711588541,26.086944084387426,25.04037418365681,0.02818720641215899,0.0211575410413916,-1,-1,-1,-1.0,True,Defensive,Defensive,False
2018-11-07 00:00:00+09:00,8786.955078125,9301.506494140625,10854.3962890625,28.124986748117067,37.60193319459404,0.02529278995798781,0.02116245195983145,-1,1,-1,-0.19999999999999996,False,MeanReversion,Defensive,False
2018-11-08 00:00:00+09:00,8945.2783203125,9250.051318359376,10808.218587239584,33.84614391871554,59.37027678962079,0.02278553205793264,0.02135571813549343,-1,1,-1,-0.19999999999999996,False,MeanReversion,MeanReversion,False
2018-11-09 00:00:00+09:00,9064.021484375,9204.53330078125,10765.998990885417,37.87878504676391,83.1068970653314,0.02313943098625407,0.02146308781564107,-1,1,-1,-0.19999999999999996,False,MeanReversion,MeanReversion,False
2018-11-12 00:00:00+09:00,8866.1171875,9145.16201171875,10713.8841796875,39.68254589886585,86.43576353484309,0.02324492603234273,0.021005085808791873,-1,1,-1,-0.19999999999999996,False,MeanReversion,MeanReversion,False
2018-11-13 00:00:00+09:00,8786.955078125,9081.8326171875,10668.366162109374,39.68253035805409,84.17978501509413,0.023203782528731093,0.020493585554856492,-1,1,-1,-0.19999999999999996,False,MeanReversion,MeanReversion,False
2018-11-14 00:00:00+09:00,8193.2421875,8980.901416015626,10611.633577473958,35.21126515844148,45.51230444153907,0.026518384338999633,0.022107316809050443,-1,1,-1,-0.19999999999999996,False,MeanReversion,MeanReversion,True
2018-11-15 00:00:00+09:00,8153.6611328125,8893.823486328125,10554.24130859375,39.68253035805409,21.309480483832544,0.026101123088054862,0.022094653000267656,-1,1,-1,-0.19999999999999996,False,MeanReversion,MeanReversion,True
2018-11-16 00:00:00+09:00,8272.4033203125,8818.61982421875,10497.508707682291,46.66665021827023,17.49682591906435,0.02664166635503611,0.022190975844968708,-1,1,1,0.30000000000000004,False,Trend,MeanReversion,True
2018-11-19 00:00:00+09:00,8430.7275390625,8755.2904296875,10440.776123046875,48.3871096111243,29.15035411698466,0.02733315516002997,0.02228266155537097,-1,1,1,0.30000000000000004,False,Trend,MeanReversion,False
2018-11-20 00:00:00+09:00,8707.79296875,8721.6466796875,10389.9806640625,50.7692155860956,57.39823596349646,0.027948162784332625,0.022815043193244365,-1,1,1,0.30000000000000004,False,Trend,MeanReversion,False
2018-11-21 00:00:00+09:00,8866.1171875,8699.877197265625,10342.483610026042,53.62318736935149,86.85772767594392,0.02833618530981171,0.023007257753545587,-1,1,1,0.30000000000000004,False,Trend,Trend,False
2018-11-22 00:00:00+09:00,8668.212890625,8682.0658203125,10292.347835286459,40.322597975017814,92.60067976120166,0.027989477478830228,0.023122527234708087,-1,1,-1,-0.19999999999999996,False,MeanReversion,Trend,False
2018-11-23 00:00:00+09:00,8589.05078125,8678.10771484375,10242.212060546875,43.10346147759815,90.54430255825503,0.026580447160205314,0.023127748544835687,-1,1,-1,-0.19999999999999996,False,MeanReversion,MeanReversion,False
2018-11-26 00:00:00+09:00,9064.021484375,8709.772412109374,10202.631184895834,52.85715494167051,118.86434830426128,0.02836897669552148,0.02430981063143084,-1,1,1,0.30000000000000004,False,Trend,MeanReversion,False
2018-11-27 00:00:00+09:00,9341.0869140625,8751.33232421875,10161.071256510417,59.459450448290774,151.83839576935554,0.02896320692770778,0.024211614144205397,-1,1,1,0.30000000000000004,False,Trend,Trend,False
2018-11-28 00:00:00+09:00,9459.830078125,8790.91318359375,10119.511328125,58.9041119039757,175.5510997536146,0.028846805462732973,0.024239831435848288,-1,1,1,0.30000000000000004,False,Trend,Trend,False
2018-11-29 00:00:00+09:00,9182.763671875,8816.64072265625,10079.930452473958,51.948044041508886,166.55615537918908,0.029832755926051245,0.02416289230346686,-1,1,1,0.30000000000000004,False,Trend,Trend,False
2018-11-30 00:00:00+09:00,9024.4404296875,8810.70361328125,10043.647981770833,52.63157382148677,144.73051666936848,0.027648434847616143,0.023960663814735345,-1,1,1,0.30000000000000004,False,Trend,Trend,False
2018-12-03 00:00:00+09:00,9261.92578125,8828.5150390625,10010.004231770834,57.500001542036216,140.93669301692051,0.027566225086950082,0.024226414965871787,-1,1,1,0.30000000000000004,False,Trend,Trend,False
2018-12-04 00:00:00+09:00,9301.5068359375,8848.305517578125,9976.360498046875,71.21211498167314,135.69272709499543,0.0275667507213652,0.0242302327396685,-1,1,-1,-0.19999999999999996,False,MeanReversion,Trend,False
2018-12-05 00:00:00+09:00,9103.6025390625,8864.137890625,9938.098990885417,67.14285915694508,114.3497059508554,0.02786510036156497,0.02430497086600962,-1,1,1,0.30000000000000004,False,Trend,Trend,False
2018-12-06 00:00:00+09:00,9182.763671875,8876.012158203124,9898.518115234376,66.66666666666666,101.45598765687026,0.02766074241613696,0.024251135476426263,-1,1,1,0.30000000000000004,False,Trend,Trend,False
2018-12-07 00:00:00+09:00,9024.4404296875,8874.03310546875,9854.319466145833,60.86956210805449,79.1471019939892,0.02781438514263096,0.024241896040259957,-1,1,1,0.30000000000000004,False,Trend,Trend,False
2018-12-10 00:00:00+09:00,8866.1171875,8874.03310546875,9802.864322916666,53.030316624013004,51.92604822126752,0.0276501116766326,0.024024767604021214,-1,1,1,0.30000000000000004,False,Trend,Trend,False
2018-12-11 00:00:00+09:00,8826.5361328125,8876.012158203124,9754.707584635416,49.206345476554965,30.512614296621848,0.027591585732692124,0.023942989009627037,-1,1,1,0.30000000000000004,False,Trend,Trend,False
2018-12-12 00:00:00+09:00,8786.955078125,8905.697802734376,9707.210530598959,52.54236366723288,13.792267150759244,0.022179788149151582,0.02394147423191693,-1,1,1,0.30000000000000004,False,Trend,Trend,False
2018-12-13 00:00:00+09:00,9024.4404296875,8949.236767578124,9661.032845052083,58.73016059505584,18.540259506596158,0.022669907180441685,0.02417006151217607,-1,1,1,0.30000000000000004,False,Trend,Trend,False
2018-12-14 00:00:00+09:00,9143.1826171875,8992.775732421875,9617.493880208332,51.85183831407576,28.875125219758047,0.022641810597634204,0.02427562972900006,-1,1,1,0.30000000000000004,False,Trend,Trend,False
2018-12-17 00:00:00+09:00,9103.6025390625,9026.419482421876,9573.954915364584,43.75001927546854,32.00039480560663,0.02248486868220951,0.024275399704563355,-1,1,-1,-0.19999999999999996,False,MeanReversion,Trend,False
2018-12-18 00:00:00+09:00,8905.697265625,9036.314697265625,9525.798177083334,35.999980261924264,20.266117954895314,0.022139372135046662,0.02433903860801766,-1,1,-1,-0.19999999999999996,False,MeanReversion,Trend,False
2018-12-19 00:00:00+09:00,9103.6025390625,9048.18896484375,9480.28017578125,47.91668272954887,25.046809291207587,0.02231545009695662,0.024561060260027526,-1,1,1,0.30000000000000004,False,Trend,Trend,False
2018-12-20 00:00:00+09:00,8945.2783203125,9062.042236328125,9434.102473958334,47.916658099800564,17.13733028029725,0.022058835532991792,0.024609299783077347,-1,1,1,0.30000000000000004,False,Trend,Trend,False
2018-12-21 00:00:00+09:00,8628.6318359375,9064.0212890625,9381.987662760417,34.00000296070991,-8.454290259994323,0.02351751256831054,0.024919724531922906,-1,1,-1,-0.19999999999999996,False,MeanReversion,Trend,False
2018-12-24 00:00:00+09:00,8509.888671875,9036.3146484375,9326.574430338542,30.769219819861718,-31.13818291229336,0.02000709886142038,0.02489519495111303,-1,1,-1,-0.19999999999999996,False,MeanReversion,Trend,False
2018-12-26 00:00:00+09:00,7670.7744140625,8952.7990234375,9257.83564453125,23.460405570938732,-96.71187098769624,0.02877683068948413,0.02794043397777236,-1,1,-1,-0.19999999999999996,False,MeanReversion,Trend,False
2018-12-27 00:00:00+09:00,7678.6904296875,8863.742041015625,9187.909423828125,21.385551010368047,-131.45465168619003,0.02841446412976617,0.027902386861713025,-1,1,-1,-0.19999999999999996,False,MeanReversion,Trend,False
2018-12-28 00:00:00+09:00,7702.43896484375,8789.725805664062,9121.017732747396,23.492070019199573,-143.74193681026657,0.028188114099896182,0.027922041023007507,-1,1,-1,-0.19999999999999996,False,MeanReversion,Trend,False
2019-01-02 00:00:00+09:00,7480.7861328125,8712.543090820312,9055.049601236979,22.910221625395494,-156.64375755512964,0.028499685171830064,0.027984410160549287,-1,1,-1,-0.19999999999999996,False,MeanReversion,Trend,False
2019-01-03 00:00:00+09:00,7575.7802734375,8628.235815429687,8990.005021158855,26.06061229105414,-148.68972969977744,0.027774857973221795,0.0280677534544943,-1,1,-1,-0.19999999999999996,False,MeanReversion,Trend,False
2019-01-04 00:00:00+09:00,7647.02587890625,8545.511767578126,8928.786604817707,28.443121679197787,-129.2573053322614,0.027935973550285317,0.028130400701848496,-1,1,-1,-0.19999999999999996,False,MeanReversion,Trend,False
2019-01-07 00:00:00+09:00,7757.85205078125,8478.224243164062,8881.28954264323,24.842765648709417,-100.82858137477535,0.028294583728331785,0.027184965522627107,-1,1,-1,-0.19999999999999996,False,MeanReversion,MeanReversion,True
2019-01-08 00:00:00+09:00,7852.84619140625,8411.728369140625,8845.930615234374,24.126997181256286,-69.03198632305805,0.028414061117537498,0.02624506076775819,-1,1,-1,-0.19999999999999996,False,MeanReversion,MeanReversion,True
2019-01-09 00:00:00+09:00,7955.75634765625,8358.294165039062,8812.286857096355,27.55417891622116,-36.12878548547894,0.028687435163145255,0.02633225226091283,-1,1,-1,-0.19999999999999996,False,MeanReversion,MeanReversion,False
2019-01-10 00:00:00+09:00,7955.75634765625,8312.776123046875,8777.323746744793,29.865780772156413,-10.741966682466511,0.02859016999818968,0.026292599340641567,-1,1,-1,-0.19999999999999996,False,MeanReversion,MeanReversion,False
2019-01-11 00:00:00+09:00,8074.4990234375,8275.174267578124,8744.339680989584,27.43053874902283,16.20527376517765,0.028946780332241618,0.026399199735187555,-1,1,-1,-0.19999999999999996,False,MeanReversion,MeanReversion,False
2019-01-14 00:00:00+09:00,8311.984375,8251.425732421874,8712.674983723959,36.57717884648184,50.258882463733755,0.02989683559128536,0.026620031736405123,-1,1,-1,-0.19999999999999996,False,MeanReversion,MeanReversion,False
2019-01-15 00:00:00+09:00,8351.5654296875,8217.781982421875,8686.947412109375,43.34600109478728,74.23713862432965,0.02915309157621613,0.026382511404868303,-1,1,-1,-0.19999999999999996,False,MeanReversion,MeanReversion,False
2019-01-16 00:00:00+09:00,8232.822265625,8172.26396484375,8661.219840494792,43.34600109478728,80.37029597408491,0.028957835537047585,0.026397452581678638,-1,1,-1,-0.19999999999999996,False,MeanReversion,MeanReversion,False
2019-01-17 00:00:00+09:00,8509.888671875,8142.578271484375,8641.42939453125,77.60414524950141,100.07344279563404,0.030202759121980373,0.0267917465526541,-1,1,-1,-0.19999999999999996,False,MeanReversion,MeanReversion,False
2019-01-18 00:00:00+09:00,8549.4697265625,8124.76689453125,8627.576090494791,78.06120811249181,111.86527666288606,0.029924887051852367,0.026492841510896595,-1,1,-1,-0.19999999999999996,False,MeanReversion,MeanReversion,False
2019-01-21 00:00:00+09:00,8707.79296875,8104.976416015625,8617.680859375,79.81218726715619,125.40319083089886,0.029782204851103524,0.026600053007432376,-1,1,-1,-0.19999999999999996,False,MeanReversion,MeanReversion,False
2019-01-22 00:00:00+09:00,8707.79296875,8093.1021484375,8612.403401692709,91.89185945169544,128.93619579039657,0.029564743431828466,0.026323605029958744,-1,1,-1,-0.19999999999999996,False,MeanReversion,MeanReversion,False
2019-01-23 00:00:00+09:00,8826.5361328125,8102.99736328125,8615.042122395833,92.02124727683142,133.2971511807773,0.028564305201153963,0.025861517059905005,-1,1,-1,-0.19999999999999996,False,MeanReversion,MeanReversion,False
2019-01-24 00:00:00+09:00,8707.79296875,8112.892578125,8619.659879557292,84.53603035741821,122.48880755311401,0.02855574917577327,0.025664075941587552,-1,1,-1,-0.19999999999999996,False,MeanReversion,MeanReversion,False
2019-01-25 00:00:00+09:00,8786.955078125,8168.701611328125,8624.277652994791,84.21048018291445,115.08990785062605,0.014330605368543326,0.025662383213624466,-1,1,-1,-0.19999999999999996,False,MeanReversion,MeanReversion,False
2019-01-28 00:00:00+09:00,8905.697265625,8230.051953125,8628.235725911458,84.45590787805494,112.47943903641257,0.014336287653691021,0.02561124671701577,-1,1,-1,-0.19999999999999996,False,MeanReversion,MeanReversion,False
2019-01-29 00:00:00+09:00,8945.2783203125,8292.193920898437,8632.853483072917,83.78373512353778,107.69886906941345,0.014318061288206754,0.025616322997511064,-1,1,-1,-0.19999999999999996,False,MeanReversion,MeanReversion,False
2019-01-30 00:00:00+09:00,8945.2783203125,8365.418530273437,8629.555078125,83.78373512353778,99.03728916943734,0.011614702046583584,0.024659820610550692,-1,1,-1,-0.19999999999999996,False,MeanReversion,MeanReversion,False
2019-01-31 00:00:00+09:00,8984.859375,8435.872485351563,8630.874446614584,82.85709451910043,90.69746618845853,0.011622786653775915,0.024429721174101155,-1,1,-1,-0.19999999999999996,False,MeanReversion,MeanReversion,False
2019-02-01 00:00:00+09:00,8826.5361328125,8494.847998046875,8629.555094401041,69.6969538376651,70.15999375471347,0.013020751471985633,0.024539109870797996,-1,1,1,0.30000000000000004,False,Trend,MeanReversion,False
2019-02-07 00:00:00+09:00,9182.763671875,8566.093579101562,8636.151904296876,75.60972821066757,75.73139915050923,0.014844479520639983,0.025002419613855575,-1,1,-1,-0.19999999999999996,False,MeanReversion,MeanReversion,False
2019-02-08 00:00:00+09:00,8945.2783203125,8620.715185546875,8636.151904296876,70.45454163131666,59.313304244014134,0.01669964734811541,0.025137642881625125,-1,1,-1,-0.19999999999999996,False,MeanReversion,MeanReversion,False
2019-02-11 00:00:00+09:00,8786.955078125,8662.275122070312,8631.534130859374,58.536591236782115,34.89003408504148,0.017475656384192174,0.02518107179662776,1,1,1,1.0,False,Trend,MeanReversion,False
2019-02-12 00:00:00+09:00,8668.212890625,8697.89794921875,8628.235725911458,53.48838810551835,9.176032339491982,0.01793795118229789,0.02508170748516495,1,1,1,1.0,False,Trend,MeanReversion,False
2019-02-13 00:00:00+09:00,8272.4033203125,8707.7931640625,8619.65986328125,38.77551534206004,-33.70171162201146,0.02104759884399101,0.02576563165224931,1,1,-1,0.5,False,Trend,MeanReversion,True
2019-02-14 00:00:00+09:00,7457.03759765625,8665.045825195313,8607.389786783855,27.29886132149663,-111.78791496192218,0.030594611813147553,0.027603274184196332,1,1,-1,0.5,False,Trend,MeanReversion,True
2019-02-15 00:00:00+09:00,7464.95361328125,8620.715234375,8595.911328125,24.25148898865855,-155.05398625717652,0.030541089134878373,0.02760192987657004,1,1,-1,0.5,False,Trend,MeanReversion,True
2019-02-18 00:00:00+09:00,7187.8876953125,8568.468505859375,8577.836067708333,22.881354455580805,-192.0608762471236,0.03133558287590442,0.027913985763781915,-1,1,-1,-0.19999999999999996,False,MeanReversion,MeanReversion,True
2019-02-19 00:00:00+09:00,7306.63037109375,8508.305590820313,8559.101114908854,23.955422326601578,-197.5073449721682,0.030425460818890908,0.02788266573751985,-1,1,-1,-0.19999999999999996,False,MeanReversion,MeanReversion,True
2019-02-20 00:00:00+09:00,7235.384765625,8442.601342773438,8534.560978190104,20.113315685092488,-194.56128925619822,0.030290177432732848,0.027521644569757923,-1,1,-1,-0.19999999999999996,False,MeanReversion,MeanReversion,True
2019-02-21 00:00:00+09:00,7251.216796875,8369.772534179687,8507.645971679687,19.428558034877184,-180.50886303950148,0.029751323544083177,0.027391445096338448,-1,1,-1,-0.19999999999999996,False,MeanReversion,MeanReversion,True
2019-02-22 00:00:00+09:00,6610.0068359375,8264.883227539063,8473.342537434895,15.777251123790876,-201.75129912136856,0.034993415992808696,0.029624364657287853,-1,1,-1,-0.19999999999999996,False,MeanReversion,MeanReversion,True
2019-02-25 00:00:00+09:00,6562.509765625,8151.681909179688,8439.566853841146,14.583317270445633,-205.65310583708458,0.03444382274245057,0.029620218892252383,-1,1,-1,-0.19999999999999996,False,MeanReversion,MeanReversion,True
2019-02-26 00:00:00+09:00,6617.9228515625,8047.188403320312,8398.798543294271,16.70642350126498,-191.44539207190962,0.034834175070834875,0.028669924002472553,-1,1,-1,-0.19999999999999996,False,MeanReversion,MeanReversion,True
2019-02-27 00:00:00+09:00,6681.25244140625,7941.903271484375,8354.46796875,8.63873335306495,-165.69021798287713,0.03485064212664853,0.028361206797345145,-1,1,-1,-0.19999999999999996,False,MeanReversion,MeanReversion,True
2019-02-28 00:00:00+09:00,6554.59326171875,7824.348071289062,8306.04735514323,8.967380054256239,-145.7944461590978,0.03427275671928327,0.028311868829918017,-1,1,-1,-0.19999999999999996,False,MeanReversion,MeanReversion,True
2019-03-04 00:00:00+09:00,6570.42578125,7705.605444335937,8262.50839029948,9.99999295068973,-121.18842100336622,0.03421432809418118,0.028161205415535885,-1,1,-1,-0.19999999999999996,False,MeanReversion,MeanReversion,True
2019-03-05 00:00:00+09:00,6420.0185546875,7579.342456054687,8219.101359049479,9.886997479075347,-105.25280811411386,0.034056241830858036,0.028211990487304116,-1,1,-1,-0.19999999999999996,False,MeanReversion,MeanReversion,True
2019-03-06 00:00:00+09:00,6388.35400390625,7449.5171875,8171.20849609375,11.363631357022626,-87.76924021573234,0.03381594374242831,0.0279047709052684,-1,1,-1,-0.19999999999999996,False,MeanReversion,MeanReversion,True
2019-03-07 00:00:00+09:00,6348.77294921875,7325.6290283203125,8121.996264648437,16.66665687595679,-70.53713055851881,0.03390163554560343,0.02787099860061382,-1,1,-1,-0.19999999999999996,False,MeanReversion,MeanReversion,True
2019-03-08 00:00:00+09:00,6230.0302734375,7177.992358398437,8074.1033935546875,15.178569215827565,-59.257107051738615,0.031230497711237527,0.02784887370508766,-1,1,-1,-0.19999999999999996,False,MeanReversion,MeanReversion,True
2019-03-11 00:00:00+09:00,6174.6171875,7039.459301757813,8023.967618815104,17.346935564272087,-48.122447896752305,0.03127113459251432,0.027781017221842147,-1,1,-1,-0.19999999999999996,False,MeanReversion,MeanReversion,True
2019-03-12 00:00:00+09:00,6245.86279296875,6912.4046875,7977.657991536458,14.736837662830936,-29.469854952672108,0.031984128129076465,0.02784108147313668,-1,1,-1,-0.19999999999999996,False,MeanReversion,MeanReversion,True
2019-03-13 00:00:00+09:00,6174.6171875,6787.72490234375,7932.799658203125,14.736837662830936,-16.109254936252682,0.0319998332091529,0.027808823415662307,-1,1,-1,-0.19999999999999996,False,MeanReversion,MeanReversion,True
2019-03-14 00:00:00+09:00,6293.35986328125,6688.772729492188,7890.580053710937,20.19705855453323,5.395366218519712,0.03215865220238579,0.027996299784943578,-1,1,-1,-0.19999999999999996,False,MeanReversion,MeanReversion,True
2019-03-15 00:00:00+09:00,6420.0185546875,6636.92177734375,7851.131111653646,41.30434782608696,31.370078764217226,0.025022116432859474,0.028190042774466954,-1,1,-1,-0.19999999999999996,False,MeanReversion,MeanReversion,False
2019-03-18 00:00:00+09:00,6364.60546875,6581.904370117188,7806.800528971354,41.00720031027098,47.09402640863766,0.024941634705150813,0.02787973298202507,-1,1,-1,-0.19999999999999996,False,MeanReversion,MeanReversion,False
2019-03-19 00:00:00+09:00,6372.521484375,6541.136059570313,7760.6228434244795,38.34587058954476,59.50289638620535,0.023992675367644906,0.027785541326641763,-1,1,-1,-0.19999999999999996,False,MeanReversion,MeanReversion,False
2019-03-20 00:00:00+09:00,6364.60546875,6494.034814453125,7714.972892252604,34.12698451550432,68.03746405208028,0.02344379872176817,0.027791583586631165,-1,1,-1,-0.19999999999999996,False,MeanReversion,MeanReversion,False
2019-03-21 00:00:00+09:00,6269.611328125,6445.746142578125,7671.0381266276045,35.24591448620079,67.98410429668434,0.023507061608673423,0.027738190340422113,-1,1,-1,-0.19999999999999996,False,MeanReversion,MeanReversion,False
2019-03-22 00:00:00+09:00,6230.0302734375,6394.68681640625,7623.145255533854,32.799994078577285,65.93217937998543,0.02340570112025838,0.02749652278662193,-1,1,-1,-0.19999999999999996,False,MeanReversion,MeanReversion,False
2019-03-25 00:00:00+09:00,6285.443359375,6378.458642578125,7578.814672851562,42.47786016532823,68.64718919113955,0.012440278086190455,0.027525097756767113,-1,1,-1,-0.19999999999999996,False,MeanReversion,MeanReversion,False
2019-03-26 00:00:00+09:00,6522.9287109375,6376.47958984375,7543.719620768229,56.115096740067614,85.6706618463096,0.015198359346388895,0.027784849444678333,-1,1,1,0.30000000000000004,False,Trend,MeanReversion,False
2019-03-27 00:00:00+09:00,6125.37939453125,6351.8524169921875,7503.977799479167,42.34070350816571,70.0483135238473,0.02048761187450047,0.028763457741712864,-1,1,-1,-0.19999999999999996,False,MeanReversion,MeanReversion,False
2019-03-28 00:00:00+09:00,5954.48046875,6315.513818359375,7475.372900390625,40.878689410651155,49.08779053823815,0.02092728641772447,0.02589723672377639,-1,1,-1,-0.19999999999999996,False,MeanReversion,MeanReversion,True
2019-03-29 00:00:00+09:00,6017.443359375,6288.656323242188,7447.68544921875,44.82307303846043,40.692822117051094,0.02097989423874943,0.02595874006025064,-1,1,-1,-0.19999999999999996,False,MeanReversion,MeanReversion,False
2019-04-01 00:00:00+09:00,6377.23046875,6278.996557617187,7425.598640950521,53.635843466871435,59.46365901047693,0.0251839981135887,0.027158259035270107,-1,1,1,0.30000000000000004,False,Trend,MeanReversion,False
2019-04-02 00:00:00+09:00,6404.21435546875,6278.20634765625,7407.655777994792,56.514125726096815,72.90324421064764,0.02468349717593392,0.026956854693335235,-1,1,1,0.30000000000000004,False,Trend,MeanReversion,False
2019-04-03 00:00:00+09:00,6503.15625,6283.946459960937,7389.7787109375,56.019977341527294,86.72280958014125,0.024890573116231902,0.02698505629533851,-1,1,1,0.30000000000000004,False,Trend,Trend,False
2019-04-04 00:00:00+09:00,6503.15625,6291.665625,7370.714217122396,52.57257997743293,93.54419531797623,0.02483592855854707,0.026942087728968694,-1,1,1,0.30000000000000004,False,Trend,Trend,False
2019-04-05 00:00:00+09:00,6629.08154296875,6311.618188476563,7351.901375325521,57.84164891976761,103.44472119742068,0.0246737981396483,0.027000615921141193,-1,1,1,0.30000000000000004,False,Trend,Trend,False
2019-04-08 00:00:00+09:00,6566.11865234375,6331.19326171875,7330.455916341146,55.55865859912724,102.4660164942845,0.024689809343447444,0.026944465410032443,-1,1,1,0.30000000000000004,False,Trend,Trend,False
2019-04-09 00:00:00+09:00,6566.11865234375,6347.2060546875,7307.2952880859375,55.81236889745559,98.50432995403915,0.024617578130375312,0.026865719815215957,-1,1,1,0.30000000000000004,False,Trend,Trend,False
2019-04-10 00:00:00+09:00,6476.171875,6362.2837890625,7282.635546875,55.97535144223951,86.91594185172275,0.024692267480287654,0.02689687368533254,-1,1,1,0.30000000000000004,False,Trend,Trend,False
2019-04-11 00:00:00+09:00,6602.09765625,6377.720678710937,7258.095524088541,60.25101461628616,84.73315077631767,0.024699757448424845,0.02695400608874724,-1,1,1,0.30000000000000004,False,Trend,Trend,False
2019-04-12 00:00:00+09:00,6611.09228515625,6387.274365234375,7229.747322591146,59.20762887013542,80.90463425529109,0.024352640836505724,0.026626115415686512,-1,1,1,0.30000000000000004,False,Trend,Trend,False
2019-04-15 00:00:00+09:00,6656.06591796875,6401.847387695312,7201.488997395833,54.22429010577418,78.35700401929428,0.024259071504354454,0.026638465942623278,-1,1,1,0.30000000000000004,False,Trend,Trend,False
2019-04-16 00:00:00+09:00,6656.06591796875,6416.024609375,7175.209724934896,72.51908903075876,73.69705583695529,0.02426334882025209,0.02660658075166,-1,1,-1,-0.19999999999999996,False,MeanReversion,Trend,False
2019-04-17 00:00:00+09:00,6458.1826171875,6420.703466796875,7141.014624023437,70.89550848109931,55.16100941014409,0.02531789976390054,0.026382702210863095,-1,1,-1,-0.19999999999999996,False,MeanReversion,Trend,False
2019-04-18 00:00:00+09:00,6197.3369140625,6417.08974609375,7101.812410481771,56.410251056653905,24.75554708715339,0.026809746818073035,0.02677215032589105,-1,1,1,0.30000000000000004,False,Trend,Trend,False
2019-04-19 00:00:00+09:00,6242.31005859375,6417.7037353515625,7060.721028645833,43.801646960122575,7.964690916338753,0.02682809712888891,0.026643414537909534,-1,1,-1,-0.19999999999999996,False,MeanReversion,Trend,False
2019-04-22 00:00:00+09:00,6278.2890625,6417.346020507813,7020.229296875,44.26231112981934,-0.004727635418859677,0.026783669305730867,0.026674010990425066,-1,1,-1,-0.19999999999999996,False,MeanReversion,Trend,False
2019-04-23 00:00:00+09:00,6350.24658203125,6408.7119140625,6978.9578043619795,42.857142857142854,0.2688056921776223,0.02549347409827596,0.0266495120200404,-1,1,-1,-0.19999999999999996,False,MeanReversion,Trend,False
2019-04-24 00:00:00+09:00,6206.33154296875,6412.759521484375,6937.266780598959,37.77777599060016,-8.082572538128673,0.02170017201543988,0.02672497358312178,-1,1,-1,-0.19999999999999996,False,MeanReversion,Trend,False
2019-04-25 00:00:00+09:00,6179.34765625,6424.002880859375,6893.806656901042,29.83873262589971,-13.921390405957538,0.020654101802153522,0.02665599262307637,-1,1,-1,-0.19999999999999996,False,MeanReversion,Trend,False
2019-04-26 00:00:00+09:00,6323.26220703125,6439.2938232421875,6850.7660725911455,39.849624980816394,-6.9412349380666,0.021114320561287946,0.026802147843914152,-1,1,-1,-0.19999999999999996,False,MeanReversion,MeanReversion,False
2019-04-29 00:00:00+09:00,6224.32080078125,6431.64833984375,6805.416780598958,36.805559744254786,-7.774985955361075,0.016921380821804523,0.0267994921731454,-1,1,-1,-0.19999999999999996,False,MeanReversion,MeanReversion,False
2019-04-30 00:00:00+09:00,6287.28369140625,6425.801806640625,6761.116870117187,42.55319886177478,-3.112560816696785,0.0170699398215454,0.026869375347781208,-1,1,-1,-0.19999999999999996,False,MeanReversion,MeanReversion,False
2019-05-02 00:00:00+09:00,6692.04443359375,6435.2462158203125,6722.903287760417,52.9069750927194,26.570183568158924,0.02196859073631415,0.028252574408497263,-1,1,1,0.30000000000000004,False,Trend,MeanReversion,False
2019-05-03 00:00:00+09:00,6305.27294921875,6425.35205078125,6680.882234700521,42.05607239560054,19.804864464768286,0.02586117020744974,0.029077127399644208,-1,1,-1,-0.19999999999999996,False,MeanReversion,MeanReversion,False
2019-05-07 00:00:00+09:00,6062.41650390625,6397.018798828125,6628.876448567708,36.01694077033028,-0.31156322119537094,0.02668592213554546,0.02878115910451816,-1,1,-1,-0.19999999999999996,False,MeanReversion,MeanReversion,True
2019-05-08 00:00:00+09:00,6107.39013671875,6374.082373046875,6581.578312174479,37.34439647094439,-9.372317454644246,0.026784879430715492,0.028726401207836948,-1,1,-1,-0.19999999999999996,False,MeanReversion,MeanReversion,False
2019-05-09 00:00:00+09:00,5918.50146484375,6341.701513671875,6533.770751953125,37.49999717262824,-25.931794575807217,0.027473691006851566,0.028871341360393234,-1,1,-1,-0.19999999999999996,False,MeanReversion,MeanReversion,True
2019-05-10 00:00:00+09:00,5828.5546875,6309.320654296875,6486.443115234375,40.72397745455367,-39.949906406677215,0.02750084353716993,0.028879223610462045,-1,1,-1,-0.19999999999999996,False,MeanReversion,MeanReversion,True
2019-05-13 00:00:00+09:00,5522.73583984375,6255.352563476563,6440.615323893229,34.00001042282355,-65.32568441510267,0.028896540962198555,0.029061989645956767,-1,1,-1,-0.19999999999999996,False,MeanReversion,MeanReversion,True
2019-05-14 00:00:00+09:00,5630.671875,6206.33154296875,6410.175895182291,36.046509670612956,-69.93622687132142,0.02950735692716271,0.026311058647249894,-1,1,-1,-0.19999999999999996,False,MeanReversion,MeanReversion,True
2019-05-15 00:00:00+09:00,5765.59228515625,6161.807861328125,6381.853206380209,37.73585021613841,-59.408351139001184,0.03018776654748818,0.026555630213995148,-1,1,-1,-0.19999999999999996,False,MeanReversion,MeanReversion,True
2019-05-16 00:00:00+09:00,5675.64501953125,6112.78681640625,6356.649161783854,38.61003448284535,-54.15902289552639,0.03019565266494785,0.026234200433272282,-1,1,-1,-0.19999999999999996,False,MeanReversion,MeanReversion,True
2019-05-17 00:00:00+09:00,5693.634765625,6074.559423828125,6329.765901692708,39.53488665687002,-45.481637120455616,0.029822860472972047,0.026115878749314758,-1,1,-1,-0.19999999999999996,False,MeanReversion,MeanReversion,True
2019-05-20 00:00:00+09:00,5549.7197265625,6042.178564453125,6301.671484375,33.33334736059827,-45.339217496705885,0.029054400636016834,0.02625306235181353,-1,1,-1,-0.19999999999999996,False,MeanReversion,MeanReversion,True
2019-05-21 00:00:00+09:00,5477.76220703125,6003.951171875,6272.113907877604,33.72550180036302,-45.85831714039318,0.028939709292854204,0.02626176583827915,-1,1,-1,-0.19999999999999996,False,MeanReversion,MeanReversion,True
2019-05-22 00:00:00+09:00,5423.7939453125,5961.226416015625,6252.343693033854,31.10236986171087,-45.512279395703615,0.028801440331254067,0.023605635796853923,-1,1,-1,-0.19999999999999996,False,MeanReversion,MeanReversion,True
2019-05-23 00:00:00+09:00,5405.8046875,5914.004321289062,6233.065275065104,16.113764926263045,-42.24230250014017,0.028484471472558972,0.023600042044918845,-1,1,-1,-0.19999999999999996,False,MeanReversion,MeanReversion,True
2019-05-24 00:00:00+09:00,5405.8046875,5873.977978515625,6212.863305664063,20.23811947269391,-36.066763623624354,0.028315223657204826,0.023554671514173547,-1,1,-1,-0.19999999999999996,False,MeanReversion,MeanReversion,True
2019-05-27 00:00:00+09:00,5504.74609375,5840.247900390625,6193.254866536458,29.605276550699273,-21.99739388847334,0.028863203098751292,0.023660607782689125,-1,1,-1,-0.19999999999999996,False,MeanReversion,MeanReversion,True
2019-05-28 00:00:00+09:00,5612.6826171875,5804.718920898437,6177.5563557942705,32.7044181908999,-3.0936796351365956,0.028684596345353267,0.023744599230145227,-1,1,-1,-0.19999999999999996,False,MeanReversion,MeanReversion,False
2019-05-29 00:00:00+09:00,5378.82080078125,5762.443920898438,6157.696272786458,31.707338871338038,-3.9565762565925695,0.029771670085941775,0.02428774680866054,-1,1,-1,-0.19999999999999996,False,MeanReversion,MeanReversion,True
2019-05-30 00:00:00+09:00,5630.671875,5729.613330078125,6144.540494791667,43.95605378918847,13.842512638719256,0.03186381922376018,0.024954871024667345,-1,1,-1,-0.19999999999999996,False,MeanReversion,MeanReversion,False
2019-05-31 00:00:00+09:00,5621.67724609375,5676.094970703125,6131.762548828125,53.691267832238154,25.72740158504098,0.0276160073545679,0.024952342055372608,-1,1,1,0.30000000000000004,False,Trend,MeanReversion,False
2019-06-03 00:00:00+09:00,5585.6982421875,5640.116235351563,6119.0446370442705,48.226944074413446,31.501641338603292,0.024891245761985835,0.024952926355438273,-1,1,1,0.30000000000000004,False,Trend,Trend,False
2019-06-04 00:00:00+09:00,5756.59716796875,5624.825268554688,6111.154085286458,49.65515614751275,46.27381692708619,0.024854984079775943,0.025196589849683884,-1,1,1,0.30000000000000004,False,Trend,Trend,False
2019-06-05 00:00:00+09:00,5666.650390625,5602.78828125,6102.687972005208,49.65517473754831,49.15931174437878,0.024904524631293647,0.025246810011691496,-1,1,1,0.30000000000000004,False,Trend,Trend,False
2019-06-07 00:00:00+09:00,5675.64501953125,5590.645458984375,6093.184342447917,49.3055411569074,50.645368317525396,0.02405338402304471,0.025193375132820144,-1,1,1,0.30000000000000004,False,Trend,Trend,False
2019-06-10 00:00:00+09:00,5684.64013671875,5583.449731445313,6085.018058268229,55.81395642431065,51.06098269177704,0.02386061078068951,0.02516298653201602,-1,1,1,0.30000000000000004,False,Trend,Trend,False
2019-06-11 00:00:00+09:00,5855.5390625,5600.089892578125,6077.721044921875,64.99999806123174,60.99982196090929,0.021336789059556327,0.02534480037423917,-1,1,1,0.30000000000000004,False,Trend,Trend,False
2019-06-12 00:00:00+09:00,5918.50146484375,5614.481372070312,6069.3624267578125,69.50354145740107,69.35933602136106,0.021072048700540302,0.025242187677115707,-1,1,1,0.30000000000000004,False,Trend,Trend,False
2019-06-13 00:00:00+09:00,5972.4697265625,5624.825244140625,6062.826831054687,71.72413070157114,75.55867109765623,0.020545745687040037,0.025259006967711748,-1,1,-1,-0.19999999999999996,False,MeanReversion,Trend,False
2019-06-14 00:00:00+09:00,5963.47509765625,5639.216748046875,6056.009391276041,71.23287263760358,75.8887103654149,0.020151062263970017,0.025257252512587345,-1,1,-1,-0.19999999999999996,False,MeanReversion,MeanReversion,False
2019-06-17 00:00:00+09:00,5936.4912109375,5651.3595703125,6048.874153645834,67.39131289942151,71.2016893947204,0.020210626632463126,0.025261131451903555,-1,1,1,0.30000000000000004,False,Trend,MeanReversion,False
2019-06-18 00:00:00+09:00,5891.517578125,5668.449462890625,6042.572591145833,61.832049680792785,62.30542702626204,0.01929269212694778,0.02521009557984449,-1,1,1,0.30000000000000004,False,Trend,MeanReversion,False
2019-06-19 00:00:00+09:00,6026.43798828125,5695.883251953125,6039.179386393229,79.9999909524124,62.575661355669695,0.019381605971435487,0.02538384776586523,-1,1,-1,-0.19999999999999996,False,MeanReversion,MeanReversion,False
2019-06-20 00:00:00+09:00,6062.41650390625,5727.814379882812,6035.462272135416,74.99998586314278,62.12024894799697,0.019071585721367006,0.02536837241442161,-1,1,-1,-0.19999999999999996,False,MeanReversion,MeanReversion,False
2019-06-21 00:00:00+09:00,6107.39013671875,5762.89365234375,6028.536629231771,76.99998697147622,61.66635144626525,0.01895893217047489,0.0249060680853727,-1,1,-1,-0.19999999999999996,False,MeanReversion,MeanReversion,False
2019-06-24 00:00:00+09:00,5909.5068359375,5788.078759765625,6024.938753255208,65.25423105021318,45.598085282657124,0.02085275947032828,0.023927784714660658,-1,1,1,0.30000000000000004,False,Trend,MeanReversion,False
2019-06-25 00:00:00+09:00,5846.54443359375,5805.168676757812,6023.139819335937,54.71700335648492,29.09176968478074,0.02085424201844769,0.023689267952950524,-1,1,1,0.30000000000000004,False,Trend,MeanReversion,False
2019-06-26 00:00:00+09:00,5846.54443359375,5816.861767578125,6020.29150390625,60.41668669388106,17.12798892512202,0.020499225206946244,0.0236466955303724,-1,1,1,0.30000000000000004,False,Trend,MeanReversion,False
2019-06-27 00:00:00+09:00,5936.4912109375,5844.745288085937,6012.945849609375,63.809541535412,14.3396972017728,0.017774405175336926,0.022466534828105685,-1,1,1,0.30000000000000004,False,Trend,MeanReversion,False
2019-06-28 00:00:00+09:00,5576.70361328125,5842.046875,5999.15400390625,45.83332076723566,-11.285089114348985,0.02090009277426498,0.023806197591465256,-1,1,-1,-0.19999999999999996,False,MeanReversion,MeanReversion,False
2019-07-01 00:00:00+09:00,5666.650390625,5844.2955322265625,5985.212239583333,42.22220881838471,-21.15333603133118,0.021218638280754355,0.023814752965838064,-1,1,-1,-0.19999999999999996,False,MeanReversion,MeanReversion,False
2019-07-02 00:00:00+09:00,5657.65576171875,5847.893408203125,5971.1205647786455,38.7596977516534,-26.894376167947236,0.021164348251918343,0.023813041439364517,-1,1,-1,-0.19999999999999996,False,MeanReversion,MeanReversion,False
2019-07-03 00:00:00+09:00,5594.69287109375,5839.798193359375,5953.880753580729,33.84615063399234,-33.130438901063265,0.020124822914629144,0.02367063955306947,-1,1,-1,-0.19999999999999996,False,MeanReversion,MeanReversion,False
2019-07-04 00:00:00+09:00,5549.7197265625,5833.95166015625,5936.940771484375,32.83582391877587,-38.12629295417965,0.019909330317344064,0.02366432154207858,-1,1,-1,-0.19999999999999996,False,MeanReversion,MeanReversion,False
2019-07-05 00:00:00+09:00,5612.6826171875,5830.803540039063,5921.0501708984375,36.95652515976861,-35.10779416957208,0.020093880217335984,0.023731691016673707,-1,1,-1,-0.19999999999999996,False,MeanReversion,MeanReversion,False
2019-07-08 00:00:00+09:00,5549.7197265625,5824.05751953125,5905.609301757812,36.428578075779505,-35.18056039351792,0.02022719764634844,0.023713845575249984,-1,1,-1,-0.19999999999999996,False,MeanReversion,MeanReversion,False
2019-07-09 00:00:00+09:00,5405.8046875,5801.57080078125,5885.671085611979,25.531911616988992,-42.27305049223925,0.019596122033387463,0.02373192174822303,-1,1,-1,-0.19999999999999996,False,MeanReversion,MeanReversion,True
2019-07-10 00:00:00+09:00,5378.82080078125,5774.586767578125,5865.133227539062,22.857156151558996,-45.83494566714363,0.019288694540805916,0.02372481211355512,-1,1,-1,-0.19999999999999996,False,MeanReversion,MeanReversion,True
2019-07-11 00:00:00+09:00,5558.71435546875,5753.898999023438,5846.8440348307295,30.322575222255537,-33.690309792214684,0.02086077718235404,0.024151234843747215,-1,1,-1,-0.19999999999999996,False,MeanReversion,MeanReversion,False
2019-07-12 00:00:00+09:00,5594.69287109375,5735.459887695312,5829.154484049479,37.226268984594384,-21.445300972275206,0.020978173807691507,0.02417917589295863,-1,1,-1,-0.19999999999999996,False,MeanReversion,MeanReversion,False
2019-07-15 00:00:00+09:00,5486.7568359375,5712.973168945313,5812.964054361979,35.915478150636304,-18.914696172583746,0.021292401897624463,0.024013417046739517,-1,1,-1,-0.19999999999999996,False,MeanReversion,MeanReversion,False
2019-07-16 00:00:00+09:00,5558.71435546875,5696.3330078125,5802.320345052083,39.333322717491455,-11.08205328409096,0.021603079845161147,0.023555833233895783,-1,1,-1,-0.19999999999999996,False,MeanReversion,MeanReversion,False
2019-07-17 00:00:00+09:00,5459.77294921875,5667.999755859375,5789.278059895833,32.450324221388726,-11.217907673332391,0.02097431881342823,0.0236163305698009,-1,1,-1,-0.19999999999999996,False,MeanReversion,MeanReversion,False
2019-07-18 00:00:00+09:00,5450.7783203125,5637.4178466796875,5775.486214192709,43.75000908798771,-10.575378990496091,0.020835012743256612,0.023593265506711005,-1,1,-1,-0.19999999999999996,False,MeanReversion,MeanReversion,False
2019-07-19 00:00:00+09:00,5630.671875,5613.58193359375,5763.493302408854,48.36066449109049,2.599848734463407,0.022340456945108823,0.023955547077122514,-1,1,1,0.30000000000000004,False,Trend,MeanReversion,False
2019-07-22 00:00:00+09:00,5630.671875,5599.640185546875,5753.898974609375,48.76033725251273,11.453350234752165,0.021289246342852012,0.023798543849791843,-1,1,1,0.30000000000000004,False,Trend,Trend,False
2019-07-23 00:00:00+09:00,5657.65576171875,5590.195751953125,5745.204109700521,52.99146092272516,18.82990639395429,0.021253366787101748,0.023809982310023525,-1,1,1,0.30000000000000004,False,Trend,Trend,False
2019-07-24 00:00:00+09:00,5711.6240234375,5583.449731445313,5735.010139973959,57.62712254277289,26.57321317001434,0.021397503712635414,0.023637541306838858,-1,1,1,0.30000000000000004,False,Trend,Trend,False
2019-07-25 00:00:00+09:00,5495.75146484375,5561.412744140625,5722.867317708334,45.18517207920545,16.859298708162612,0.02257179221814624,0.024046267533554887,-1,1,1,0.30000000000000004,False,Trend,Trend,False
2019-07-26 00:00:00+09:00,5756.59716796875,5570.407421875,5714.022542317708,57.32483481800331,27.0973756346049,0.02073500748322533,0.024801870027031044,-1,1,1,0.30000000000000004,False,Trend,Trend,False
2019-07-29 00:00:00+09:00,5522.73583984375,5563.211694335938,5694.534065755209,53.89222783173289,17.671469909964912,0.022536746598257915,0.02387652420841521,-1,1,1,0.30000000000000004,False,Trend,Trend,False
2019-07-30 00:00:00+09:00,5423.7939453125,5551.518603515625,5679.842749023437,51.428563451916794,4.984648568993094,0.02284785409383471,0.02279405249269387,-1,1,1,0.30000000000000004,False,Trend,Trend,False
2019-07-31 00:00:00+09:00,5477.76220703125,5545.6720703125,5670.0985107421875,47.204968106391604,0.6660205562991237,0.02289340102775099,0.02232897425520968,-1,1,1,0.30000000000000004,False,Trend,Trend,False
2019-08-01 00:00:00+09:00,5396.81005859375,5538.026586914062,5658.255509440104,43.373500279930305,-6.793019753518649,0.023053546200935523,0.022360626109815623,-1,1,-1,-0.19999999999999996,False,MeanReversion,Trend,False
2019-08-02 00:00:00+09:00,5225.9111328125,5518.688012695313,5646.712337239584,41.61850001192399,-21.554104964657604,0.02383076357936094,0.022377805413626613,-1,1,-1,-0.19999999999999996,False,MeanReversion,Trend,False
2019-08-05 00:00:00+09:00,4677.2353515625,5475.063793945313,5627.523681640625,28.318582157687004,-64.17788017275775,0.033840781045334646,0.02638225764781536,-1,1,-1,-0.19999999999999996,False,MeanReversion,Trend,False
2019-08-06 00:00:00+09:00,4677.2353515625,5438.635327148438,5613.4320068359375,29.767438219898864,-86.86956002862058,0.03362589737582889,0.025547421842049108,-1,-1,-1,-1.0,True,Defensive,Trend,False
2019-08-07 00:00:00+09:00,4731.20361328125,5406.254467773438,5598.440869140625,31.818182939783767,-92.2365316298889,0.03388435829669477,0.02545180266704971,-1,-1,-1,-1.0,True,Defensive,Trend,False
2019-08-08 00:00:00+09:00,4767.18212890625,5366.6778564453125,5581.800699869792,26.470585887303756,-87.40120406797041,0.03279366556353761,0.025250878477251597,-1,1,-1,-0.19999999999999996,False,MeanReversion,Trend,False
2019-08-09 00:00:00+09:00,4776.1767578125,5325.75205078125,5566.809562174479,26.829263771579164,-77.94759249033703,0.03270587012269997,0.025204777515815922,-1,1,-1,-0.19999999999999996,False,MeanReversion,Trend,False
2019-08-12 00:00:00+09:00,4866.12353515625,5294.720385742187,5553.017708333334,29.24528253572859,-60.751068578170646,0.03310503427417969,0.025346664474775783,-1,-1,-1,-1.0,True,Defensive,Trend,False
2019-08-13 00:00:00+09:00,4884.11328125,5260.99033203125,5541.924267578125,27.88462341501915,-44.056573074904605,0.032887608012948905,0.02517800275105929,-1,-1,-1,-1.0,True,Defensive,Defensive,False
2019-08-14 00:00:00+09:00,5019.033203125,5238.953344726562,5534.278784179687,36.683415166289706,-20.98926780314335,0.03360216950162058,0.025418114149731254,-1,-1,-1,-1.0,True,Defensive,Defensive,False
2019-08-16 00:00:00+09:00,4992.04931640625,5216.01689453125,5527.083040364583,25.43353127161224,-5.421319130211884,0.033597584342836474,0.02539938275977738,-1,-1,-1,-1.0,True,Defensive,Defensive,False
2019-08-19 00:00:00+09:00,5252.89501953125,5197.1280517578125,5524.5345458984375,41.47726361425686,23.011048803347222,0.03489250423616279,0.026279676035742904,-1,-1,-1,-1.0,True,Defensive,Defensive,False
2019-08-20 00:00:00+09:00,5252.89501953125,5178.239208984375,5521.986051432292,44.242425438799955,41.31710356971982,0.03489250423616279,0.026279676035742904,-1,-1,-1,-1.0,True,Defensive,Defensive,False
2019-08-21 00:00:00+09:00,5315.85791015625,5161.14931640625,5518.837915039063,44.578312465008715,56.24052233228011,0.035017562419955524,0.026217173237795936,-1,-1,-1,-1.0,True,Defensive,Defensive,False
2019-08-22 00:00:00+09:00,5288.8740234375,5140.01181640625,5513.441105143229,46.250004665164994,62.39308338419781,0.034892786543403505,0.02609090070220347,-1,-1,1,-0.5,True,Defensive,Defensive,False
2019-08-23 00:00:00+09:00,5297.86865234375,5130.11767578125,5512.091902669271,52.81690436987274,64.87957168282813,0.033934556251388526,0.025515019322214894,-1,-1,1,-0.5,True,Defensive,Defensive,False
2019-08-26 00:00:00+09:00,5162.9482421875,5100.435229492187,5504.2965087890625,78.12501060264891,55.605695529137336,0.03233839116444031,0.02499490840744597,-1,1,-1,-0.19999999999999996,False,MeanReversion,Defensive,False
2019-08-27 00:00:00+09:00,5198.92724609375,5084.244799804687,5497.250675455729,79.00001682851902,50.22646741047315,0.03129454331267799,0.02501834288218872,-1,1,-1,-0.19999999999999996,False,MeanReversion,Defensive,False
2019-08-28 00:00:00+09:00,5261.8896484375,5076.149584960937,5491.853865559896,79.20792504935419,49.177858426170545,0.031256442852882635,0.025067786446365686,-1,1,-1,-0.19999999999999996,False,MeanReversion,Defensive,False
2019-08-29 00:00:00+09:00,5243.900390625,5064.456494140625,5483.308919270833,76.76769449176916,45.6203353126071,0.031142095938953545,0.024733543709802696,-1,1,-1,-0.19999999999999996,False,MeanReversion,Defensive,False
2019-08-30 00:00:00+09:00,5378.82080078125,5063.55703125,5478.5117594401045,79.64603895589178,50.33112448138678,0.03157703265545507,0.024903272846965224,-1,1,-1,-0.19999999999999996,False,MeanReversion,MeanReversion,False
2019-09-02 00:00:00+09:00,5414.79931640625,5073.001440429687,5474.164331054688,78.50469138909153,53.548428876163285,0.03068649246267698,0.024920393148059484,-1,1,-1,-0.19999999999999996,False,MeanReversion,MeanReversion,False
2019-09-03 00:00:00+09:00,5423.7939453125,5110.329370117188,5469.81689453125,78.30189548896979,53.81689322323121,0.015487102091085456,0.024920517689823778,-1,1,-1,-0.19999999999999996,False,MeanReversion,MeanReversion,False
2019-09-04 00:00:00+09:00,5495.75146484375,5151.25517578125,5463.8204345703125,76.76769449176916,56.11849341343123,0.015435775740459338,0.02466968273846219,-1,1,-1,-0.19999999999999996,False,MeanReversion,MeanReversion,False
2019-09-05 00:00:00+09:00,5387.8154296875,5184.085766601563,5454.975667317708,70.37038340188562,47.96547828243093,0.016614371619006633,0.024737943345359413,-1,1,-1,-0.19999999999999996,False,MeanReversion,MeanReversion,False
2019-09-06 00:00:00+09:00,5387.8154296875,5215.117431640625,5445.231429036458,59.49368741268784,40.4660099110326,0.01667475666422775,0.024699478510546536,-1,1,1,0.30000000000000004,False,Trend,MeanReversion,False
2019-09-09 00:00:00+09:00,5405.8046875,5246.598828125,5435.936922200521,60.49383791666695,34.82510869694976,0.016658537313284413,0.024708079143685755,-1,1,1,0.30000000000000004,False,Trend,MeanReversion,False
2019-09-10 00:00:00+09:00,5576.70361328125,5282.12783203125,5429.940462239583,65.59140349832649,40.32379105121608,0.017367720257365195,0.0250634919989187,-1,1,1,0.30000000000000004,False,Trend,Trend,False
2019-09-11 00:00:00+09:00,5675.64501953125,5321.704418945313,5426.342586263021,71.28712179479945,47.83223169430704,0.017513480927126134,0.02516249257982007,-1,1,-1,-0.19999999999999996,False,MeanReversion,Trend,False
2019-09-16 00:00:00+09:00,6017.443359375,5371.624926757812,5426.19267578125,78.98551323249596,71.59628784410256,0.02050299152255587,0.02613074122162174,-1,1,-1,-0.19999999999999996,False,MeanReversion,MeanReversion,False
2019-09-17 00:00:00+09:00,6305.27294921875,5437.286108398437,5430.240283203125,90.96775752634338,100.6959558116856,0.021836527798358634,0.026810107027206372,1,1,-1,0.5,False,Trend,MeanReversion,False
2019-09-18 00:00:00+09:00,6089.40087890625,5479.111401367188,5429.940462239583,78.28573573405896,99.23985955465437,0.02214130821241426,0.027181952557387343,1,1,-1,0.5,False,Trend,Trend,False
2019-09-19 00:00:00+09:00,6341.251953125,5533.529248046875,5437.136214192708,80.61226920324296,108.33114390038801,0.023255933138735148,0.02732958656442702,1,1,-1,0.5,False,Trend,Trend,False
2019-09-20 00:00:00+09:00,6242.31005859375,5579.85185546875,5443.732307942709,77.07317189427717,100.92304558380255,0.02391160804901088,0.02737418198605823,1,1,-1,0.5,False,Trend,Trend,False
2019-09-23 00:00:00+09:00,6476.171875,5639.216748046875,5454.226098632813,78.24074085709353,104.57052992205587,0.02452717504393375,0.027758422899822836,1,1,-1,0.5,False,Trend,Trend,False
2019-09-24 00:00:00+09:00,6359.2412109375,5692.285375976562,5461.2719319661455,73.33334298409868,92.33113815148647,0.025280267719503577,0.027817700650983136,1,1,-1,0.5,False,Trend,Trend,False
2019-09-25 00:00:00+09:00,6242.31005859375,5746.253466796875,5472.365372721354,69.19831242958054,70.56529685560571,0.024801218417028727,0.026667524352102682,1,1,1,1.0,False,Trend,Trend,False
2019-09-26 00:00:00+09:00,6161.35791015625,5794.375,5480.610498046875,65.54621752903137,46.10472631269272,0.025307280988071643,0.02667054313788815,1,1,1,1.0,False,Trend,Trend,False
2019-09-27 00:00:00+09:00,6080.40576171875,5835.300805664063,5487.656331380208,66.38297272717404,21.1323332130616,0.025747660503580957,0.026734844287595535,1,1,1,1.0,False,Trend,Trend,False
2019-09-30 00:00:00+09:00,6116.384765625,5878.925024414062,5496.3511962890625,66.94560498391195,4.562341869798672,0.025628742965221503,0.02669158595234248,1,1,1,1.0,False,Trend,Trend,False
2019-10-01 00:00:00+09:00,6134.3740234375,5916.702685546875,5506.095434570312,66.94560498391195,-7.031022575683949,0.02530200469341268,0.02666259879582838,1,1,-1,0.5,False,Trend,Trend,False
2019-10-02 00:00:00+09:00,5945.48583984375,5943.23701171875,5511.642154947916,58.50622864618623,-28.08380025800585,0.02667947951557089,0.026966885535183744,1,1,-1,0.5,False,Trend,Trend,False
2019-10-04 00:00:00+09:00,5783.58154296875,5961.226391601563,5515.539851888021,52.41936189978365,-52.17587623105072,0.027639051726960715,0.027174097822282195,1,1,-1,0.5,False,Trend,Trend,False
2019-10-07 00:00:00+09:00,5720.61865234375,5972.469750976563,5520.786751302084,42.39630898330682,-70.47685028121828,0.02770748609593911,0.026987740226844224,1,1,-1,0.5,False,Trend,Trend,False
2019-10-08 00:00:00+09:00,5774.5869140625,5991.808325195312,5527.3828531901045,34.554985131164926,-76.56580256990185,0.02726209594025539,0.026997948480253914,1,1,-1,0.5,False,Trend,Trend,False
2019-10-10 00:00:00+09:00,5666.650390625,6005.750073242188,5529.181787109375,36.871504991385585,-84.83917946202027,0.027711147071829166,0.026793648134804508,1,1,-1,0.5,False,Trend,Trend,False
2019-10-11 00:00:00+09:00,5666.650390625,6018.7923583984375,5530.381079101562,25.16557077067432,-86.96638487086537,0.027716039939989397,0.026781569107787,1,1,-1,0.5,False,Trend,Trend,False
2019-10-14 00:00:00+09:00,5864.53369140625,6033.183862304688,5536.677360026041,37.0370568945608,-72.30311349555143,0.027899499945924743,0.02701079499913945,1,1,-1,0.5,False,Trend,Trend,False
2019-10-15 00:00:00+09:00,5873.5283203125,6043.07802734375,5541.924259440104,25.54747128613849,-59.77420981253135,0.027673123082633696,0.026965544581273652,1,1,-1,0.5,False,Trend,Trend,False
2019-10-16 00:00:00+09:00,5936.4912109375,6039.030419921875,5549.869563802084,32.06109147809022,-45.65950638512841,0.024380507274160194,0.026878958728712266,1,1,-1,0.5,False,Trend,Trend,False
2019-10-17 00:00:00+09:00,5855.5390625,6016.543725585938,5556.615576171875,33.07089643310081,-40.37102480727569,0.021806041684091095,0.026947313769885125,1,1,-1,0.5,False,Trend,Trend,False
2019-10-18 00:00:00+09:00,5873.5283203125,6005.75009765625,5560.66318359375,36.666689285625424,-34.4856559020365,0.020569569068498172,0.026634432096723625,1,1,-1,0.5,False,Trend,Trend,False
2019-10-21 00:00:00+09:00,5765.59228515625,5976.967114257813,5562.911857096354,35.772385711347624,-36.49234857403366,0.018285659457910733,0.026750122382197254,1,1,-1,0.5,False,Trend,Trend,False
2019-10-22 00:00:00+09:00,5855.5390625,5957.628564453125,5566.209912109375,38.7596977516534,-30.62884615477229,0.01862873470345136,0.02681543954846546,1,1,-1,0.5,False,Trend,Trend,False
2019-10-23 00:00:00+09:00,5711.6240234375,5919.401171875,5566.209912109375,33.56644471608294,-34.99453785235773,0.016663163672262154,0.02698832538044074,1,1,-1,0.5,False,Trend,Trend,False
2019-10-24 00:00:00+09:00,5720.61865234375,5887.470043945313,5569.957698567709,39.83739945043645,-35.704736061877846,0.01650378505693936,0.026510335186721128,1,1,-1,0.5,False,Trend,Trend,False
2019-10-25 00:00:00+09:00,5747.6025390625,5862.73466796875,5569.807788085937,48.148135116645996,-32.85710128484844,0.016338513888405393,0.025829851723313715,1,1,-1,0.5,False,Trend,Trend,False
2019-10-28 00:00:00+09:00,5738.60791015625,5841.59716796875,5573.405655924479,50.98038589555678,-30.149940273712573,0.01620966247157981,0.0252518364744787,1,1,-1,0.5,False,Trend,Trend,False
2019-10-29 00:00:00+09:00,5612.6826171875,5818.211010742188,5576.553800455729,41.81818092090004,-35.06626334771128,0.01661003427936973,0.0253089806543875,1,1,-1,0.5,False,Trend,Trend,False
2019-10-30 00:00:00+09:00,5612.6826171875,5793.025903320313,5578.802473958333,46.9387924673788,-36.386935655298956,0.016476778938873452,0.02527937397571642,1,1,-1,0.5,False,Trend,Trend,False
2019-10-31 00:00:00+09:00,5522.73583984375,5762.443994140625,5580.901236979166,42.59260841657539,-41.04195190848792,0.016588303081387715,0.02529288974633012,1,1,-1,0.5,False,Trend,Trend,False
2019-11-01 00:00:00+09:00,5189.93212890625,5724.66630859375,5580.301586914063,19.512171439970757,-62.947865939302474,0.020184762323358883,0.026225760334856508,1,1,-1,0.5,False,Trend,Trend,False
2019-11-04 00:00:00+09:00,5279.87939453125,5699.481201171875,5590.345654296875,25.000010281351237,-67.39551366003062,0.020238713132382413,0.02191168257343034,1,1,-1,0.5,False,Trend,Trend,False
2019-11-05 00:00:00+09:00,5261.8896484375,5676.544750976563,5600.089892578125,20.47243791574374,-67.40218515651642,0.020183551320285213,0.021921443388958864,1,1,-1,0.5,False,Trend,Trend,False
2019-11-06 00:00:00+09:00,5279.87939453125,5651.809375,5609.234488932291,23.333355952292095,-62.17523871000064,0.020015621148721383,0.021886851811452442,1,1,-1,0.5,False,Trend,Trend,False
2019-11-07 00:00:00+09:00,5270.88427734375,5632.021069335938,5617.629524739584,21.84876249649311,-55.52236808595637,0.019732093472217854,0.021878341139985595,1,1,-1,0.5,False,Trend,Trend,False
2019-11-08 00:00:00+09:00,5306.86328125,5614.031713867187,5626.474300130209,27.02706007149051,-45.327820235295164,0.01985602281132008,0.02188835437280139,-1,1,-1,-0.19999999999999996,False,MeanReversion,Trend,False
2019-11-11 00:00:00+09:00,5243.900390625,5583.000048828125,5632.770581054688,18.518570644448516,-39.65876204819017,0.01783665525133541,0.021844251064736843,-1,1,-1,-0.19999999999999996,False,MeanReversion,Trend,False
2019-11-12 00:00:00+09:00,5207.921875,5549.7197265625,5638.167390950521,20.833394592944018,-35.31090439381049,0.017758813483304287,0.02186684667564657,-1,1,-1,-0.19999999999999996,False,MeanReversion,Trend,False
2019-11-13 00:00:00+09:00,5144.958984375,5510.143115234375,5640.2661539713545,18.627515158675806,-33.66067059847575,0.017359658948089857,0.021658065663478047,-1,1,-1,-0.19999999999999996,False,MeanReversion,Trend,False
2019-11-14 00:00:00+09:00,5126.9697265625,5473.7146484375,5642.514827473959,15.841671432318435,-30.84093150213144,0.01730633429531295,0.021650860153328403,-1,1,-1,-0.19999999999999996,False,MeanReversion,Trend,False
2019-11-15 00:00:00+09:00,5108.97998046875,5435.487231445312,5640.116243489583,15.686353819510586,-27.36572296262068,0.017174017739719216,0.020615124019078775,-1,1,-1,-0.19999999999999996,False,MeanReversion,Trend,False
2019-11-18 00:00:00+09:00,5144.958984375,5404.45556640625,5638.317309570312,21.73922022625193,-20.15532348653076,0.017218512158466415,0.020637690330189157,-1,1,-1,-0.19999999999999996,False,MeanReversion,Trend,False
2019-11-19 00:00:00+09:00,5090.99072265625,5366.2281494140625,5634.569523111979,20.408248050850986,-16.67604604896789,0.01650256661700259,0.020615206449683107,-1,1,-1,-0.19999999999999996,False,MeanReversion,Trend,False
2019-11-20 00:00:00+09:00,4920.091796875,5326.651538085937,5628.423152669271,18.691671761205242,-23.14198682077273,0.017148199059846027,0.021056133589487845,-1,1,-1,-0.19999999999999996,False,MeanReversion,Trend,False
2019-11-21 00:00:00+09:00,4812.15576171875,5281.2283935546875,5620.327937825521,24.390348856300022,-31.431552539595998,0.01731158240533015,0.02122534380926321,-1,1,-1,-0.19999999999999996,False,MeanReversion,Trend,False
2019-11-22 00:00:00+09:00,4794.166015625,5233.556567382812,5614.181567382812,13.5136047160766,-34.617777409659226,0.017069963300884276,0.02098891051594783,-1,1,-1,-0.19999999999999996,False,MeanReversion,Trend,False
2019-11-25 00:00:00+09:00,4848.13427734375,5189.032885742187,5608.335017903646,20.512913308338867,-29.76720706244714,0.017595537376870602,0.021024121564938165,-1,1,-1,-0.19999999999999996,False,MeanReversion,Trend,False
2019-11-26 00:00:00+09:00,4938.0810546875,5155.302807617188,5602.938208007812,27.907000231659893,-17.769693783435287,0.018252468133318007,0.0211074450194778,-1,1,-1,-0.19999999999999996,False,MeanReversion,Trend,False
2019-11-27 00:00:00+09:00,4911.09716796875,5120.22353515625,5597.391487630209,27.272772136750035,-9.343285687645391,0.01819233068116916,0.021113015225504003,-1,1,-1,-0.19999999999999996,False,MeanReversion,Trend,False
2019-11-28 00:00:00+09:00,4965.0654296875,5092.340014648437,5590.4955647786455,28.88892105806012,1.5905688590805482,0.018455764201246307,0.02088661092337732,-1,1,-1,-0.19999999999999996,False,MeanReversion,MeanReversion,False
2019-11-29 00:00:00+09:00,4911.09716796875,5078.398266601563,5582.100528971354,29.21351330085558,6.630989546716222,0.012860052638950598,0.02089589784816526,-1,1,-1,-0.19999999999999996,False,MeanReversion,MeanReversion,False
2019-12-02 00:00:00+09:00,5001.0439453125,5064.456494140625,5575.054695638021,37.89474105261233,16.882501099622175,0.012940519901791734,0.021047747290439435,-1,1,-1,-0.19999999999999996,False,MeanReversion,MeanReversion,False
2019-12-03 00:00:00+09:00,4947.07568359375,5048.715795898437,5565.910099283854,38.29787356915939,20.640022059668752,0.013067925066400508,0.020995094589053093,-1,1,-1,-0.19999999999999996,False,MeanReversion,MeanReversion,False
2019-12-04 00:00:00+09:00,4848.13427734375,5027.1285400390625,5556.915413411459,34.95146193929831,17.21313626404151,0.013509379265828854,0.021000509993375462,-1,1,-1,-0.19999999999999996,False,MeanReversion,MeanReversion,False
2019-12-05 00:00:00+09:00,4767.18212890625,5001.943432617188,5546.571525065104,32.72729336473337,10.571646703114965,0.013779541604790427,0.021088929513516524,-1,1,-1,-0.19999999999999996,False,MeanReversion,MeanReversion,False
2019-12-06 00:00:00+09:00,4731.20361328125,4973.16044921875,5535.328173828125,29.09091985828519,5.109480894874082,0.013502425197452227,0.021088846775911173,-1,1,-1,-0.19999999999999996,False,MeanReversion,MeanReversion,False
2019-12-09 00:00:00+09:00,4740.1982421875,4947.975341796875,5521.386417643229,31.428583245830225,3.5312636030069484,0.013522749707905665,0.020638294381470922,-1,1,-1,-0.19999999999999996,False,MeanReversion,MeanReversion,False
2019-12-10 00:00:00+09:00,4776.1767578125,4926.3880859375,5506.395279947917,41.11110440919235,6.184162901992636,0.013802476320223928,0.02051139591757949,-1,1,-1,-0.19999999999999996,False,MeanReversion,MeanReversion,False
2019-12-11 00:00:00+09:00,4803.1611328125,4909.298193359375,5486.157242838542,49.38272018636683,10.7618947438975,0.013844304680146162,0.01890380802421527,-1,1,1,0.30000000000000004,False,Trend,MeanReversion,False
2019-12-12 00:00:00+09:00,5019.033203125,4903.9013671875,5464.719913736979,62.13593102888519,28.335944969724153,0.017435229029535367,0.018781822184198237,-1,1,1,0.30000000000000004,False,Trend,Trend,False
2019-12-13 00:00:00+09:00,4920.091796875,4894.456958007812,5445.231429036458,53.703708357816296,32.97933106259268,0.017934809741494983,0.018459889221075155,-1,1,1,0.30000000000000004,False,Trend,Trend,False
2019-12-16 00:00:00+09:00,5001.0439453125,4887.261206054687,5422.89462890625,53.2710351496506,40.67983324318331,0.018294787351645424,0.017730274018098797,-1,1,1,0.30000000000000004,False,Trend,Trend,False
2019-12-17 00:00:00+09:00,4911.09716796875,4878.266528320312,5400.707747395833,50.0,38.89371575164094,0.01857137255168014,0.017760272870814976,-1,1,1,0.30000000000000004,False,Trend,Trend,False
2019-12-18 00:00:00+09:00,4920.091796875,4878.266528320312,5374.773079427084,47.70640968175706,37.480762822417304,0.016944462152012778,0.01695510649187146,-1,1,1,0.30000000000000004,False,Trend,Trend,False
2019-12-19 00:00:00+09:00,5108.97998046875,4893.107739257813,5353.935392252604,58.87096491750342,47.77073169476007,0.01806892354142539,0.017711538389201135,-1,1,1,0.30000000000000004,False,Trend,Trend,False
2019-12-20 00:00:00+09:00,5135.96435546875,4910.19765625,5335.4962972005205,56.41026711746886,54.41524606920444,0.018004306193921665,0.01763852700658488,-1,1,1,0.30000000000000004,False,Trend,Trend,False
2019-12-23 00:00:00+09:00,5180.9375,4926.837817382812,5319.15595703125,61.20690905806546,59.45052165908241,0.01795665876562925,0.01765739957952266,-1,1,1,0.30000000000000004,False,Trend,Trend,False
2019-12-24 00:00:00+09:00,5126.9697265625,4936.282250976563,5303.265356445312,63.96399348377129,56.763522082904856,0.017841477332867693,0.017633632341374553,-1,1,1,0.30000000000000004,False,Trend,Trend,False
2019-12-26 00:00:00+09:00,5117.97509765625,4946.626147460937,5286.6251953125,68.93208079385592,52.117912465425356,0.017779995345025886,0.017596961074533735,-1,1,1,0.30000000000000004,False,Trend,Trend,False
2019-12-27 00:00:00+09:00,5162.9482421875,4956.520288085938,5270.434765625,73.07694516056797,49.81352450863772,0.01772938790939892,0.01764595826269617,-1,1,-1,-0.19999999999999996,False,MeanReversion,Trend,False
2019-12-30 00:00:00+09:00,5144.958984375,4968.21337890625,5257.0926513671875,71.42860097176424,44.96572023176481,0.017521703822356564,0.01724805321041791,-1,1,-1,-0.19999999999999996,False,MeanReversion,Trend,False
2020-01-02 00:00:00+09:00,5153.95361328125,4975.858862304687,5246.598852539062,70.58826973135542,40.39744442950828,0.01712139060036479,0.016934649934302312,-1,1,-1,-0.19999999999999996,False,MeanReversion,Trend,False
2020-01-03 00:00:00+09:00,5144.958984375,4985.75302734375,5237.004524739584,69.00002605710415,35.003741871223,0.016895133716476978,0.01689314646229063,-1,1,1,0.30000000000000004,False,Trend,Trend,False
2020-01-06 00:00:00+09:00,4992.04931640625,4992.948779296875,5223.962231445313,48.387104306016774,20.111322424757475,0.01771072685611912,0.017219173645377218,-1,1,1,0.30000000000000004,False,Trend,Trend,False
2020-01-07 00:00:00+09:00,4974.06005859375,5003.29267578125,5212.419059244791,53.57144472786423,8.610444095031607,0.01723181921224297,0.017084382666101777,-1,1,1,0.30000000000000004,False,Trend,Trend,False
2020-01-08 00:00:00+09:00,4776.1767578125,5005.541333007813,5197.57783203125,37.11338302237574,-11.661829422233533,0.019625680009165272,0.017786329156306683,-1,1,-1,-0.19999999999999996,False,MeanReversion,Trend,False
2020-01-09 00:00:00+09:00,4875.1181640625,5012.287329101562,5181.087573242187,47.9591661510458,-17.399898402470747,0.02013124810953667,0.01738162631537416,-1,1,-1,-0.19999999999999996,False,MeanReversion,Trend,False
2020-01-10 00:00:00+09:00,4938.0810546875,5020.382543945312,5165.4967854817705,50.961533442530886,-15.983817422296585,0.020250263437385466,0.0174933060582481,-1,1,-1,-0.19999999999999996,False,MeanReversion,Trend,False
2020-01-13 00:00:00+09:00,5001.0439453125,5030.276684570313,5149.905997721354,43.33333936506386,-10.121456797697249,0.020383487310050748,0.017521561125195352,-1,1,-1,-0.19999999999999996,False,MeanReversion,Trend,False
2020-01-14 00:00:00+09:00,4992.04931640625,5028.927490234375,5135.514501953125,40.90907408504086,-6.348660804952349,0.017836654185999532,0.017463686369585632,-1,1,-1,-0.19999999999999996,False,MeanReversion,Trend,False
2020-01-15 00:00:00+09:00,5108.97998046875,5038.371899414063,5122.772029622396,45.833326264896726,3.967388252947533,0.017939855986937283,0.01776522866671809,-1,1,1,0.30000000000000004,False,Trend,Trend,False
2020-01-16 00:00:00+09:00,5135.96435546875,5045.117919921875,5112.278230794271,50.53763127034613,12.094632712746332,0.017639492398937105,0.01766236390102496,-1,1,1,0.30000000000000004,False,Trend,Trend,False
2020-01-17 00:00:00+09:00,5090.99072265625,5054.11259765625,5099.535758463541,48.45358978491735,13.804175204418119,0.017214686665107396,0.017534426643841222,-1,1,1,0.30000000000000004,False,Trend,Trend,False
2020-01-20 00:00:00+09:00,5010.03857421875,5058.609936523438,5087.842667643229,41.584158948000386,9.074082069312764,0.01767013359246956,0.017377944045788157,-1,1,-1,-0.19999999999999996,False,MeanReversion,Trend,False
2020-01-21 00:00:00+09:00,4956.07080078125,5050.9644775390625,5075.100203450521,40.00001034010145,2.2571074816137067,0.015561009402537525,0.01740623858387643,-1,1,-1,-0.19999999999999996,False,MeanReversion,Trend,False
2020-01-22 00:00:00+09:00,5216.91650390625,5055.0120849609375,5066.255436197916,52.631583243809814,14.574989309464927,0.019517795900840646,0.018717851247525612,-1,1,1,0.30000000000000004,False,Trend,Trend,False
2020-01-23 00:00:00+09:00,5522.73583984375,5072.102001953125,5062.657568359375,62.65060556165086,41.07739754569453,0.023187227076806365,0.02018801498815206,1,1,1,1.0,False,Trend,Trend,True
2020-01-28 00:00:00+09:00,5594.69287109375,5095.4881591796875,5062.357739257813,71.33757521314858,60.06292246357731,0.023051674330687274,0.020061518327729688,1,1,-1,0.5,False,Trend,Trend,False
2020-01-29 00:00:00+09:00,5351.83642578125,5107.181225585938,5058.010302734375,61.538452360854514,53.114201793151416,0.025488775788191195,0.020861651202411957,1,1,1,1.0,False,Trend,Trend,False
2020-01-30 00:00:00+09:00,5046.017578125,5101.334692382812,5050.064998372396,57.73197145586611,26.135490401850873,0.02883994636244156,0.02208627944834968,1,-1,1,0.19999999999999996,True,Defensive,Trend,False
2020-01-31 00:00:00+09:00,4920.091796875,5090.091333007813,5045.567659505208,51.269041967418744,-0.5625753307983743,0.02934009766445833,0.02084830108123821,1,-1,-1,-0.30000000000000004,True,Defensive,Trend,False
2020-02-03 00:00:00+09:00,4839.1396484375,5074.350634765625,5038.221997070313,47.23618309782312,-22.813786676984996,0.02949523597608345,0.020807968864686038,1,-1,-1,-0.30000000000000004,True,Defensive,Trend,False
2020-02-04 00:00:00+09:00,4893.10791015625,5061.758081054688,5032.075634765625,46.96970070837168,-32.44904796438801,0.029666598031405023,0.0208689669258339,1,-1,-1,-0.30000000000000004,True,Defensive,Trend,False
2020-02-05 00:00:00+09:00,4911.09716796875,5057.710473632813,5025.929264322916,47.738692781930276,-35.89391788001722,0.028962592742767204,0.020869957113587898,1,-1,-1,-0.30000000000000004,True,Defensive,Trend,False
2020-02-06 00:00:00+09:00,5028.02783203125,5060.408862304687,5021.881656901041,47.738692781930276,-28.88216573712329,0.029456475716026657,0.021112619409872815,1,-1,-1,-0.30000000000000004,True,Defensive,Trend,False
2020-02-07 00:00:00+09:00,5001.0439453125,5071.6522216796875,5016.78466796875,46.23114906190984,-24.80243522233333,0.027878408669910332,0.021096978006053563,1,-1,-1,-0.30000000000000004,True,Defensive,Defensive,False
2020-02-10 00:00:00+09:00,5001.0439453125,5077.948510742188,5012.737060546875,47.422680123894246,-20.995726898361692,0.027548814031923288,0.02104823070094877,1,-1,-1,-0.30000000000000004,True,Defensive,Defensive,False
2020-02-11 00:00:00+09:00,5019.033203125,5081.996118164063,5009.588916015625,50.267378281991846,-16.363811618898044,0.027421970466697223,0.021040266378349423,1,-1,-1,-0.30000000000000004,True,Defensive,Defensive,False
2020-02-12 00:00:00+09:00,5028.02783203125,5083.3453125,5007.640063476562,52.1977903980147,-11.994205026440182,0.027281936749512327,0.02098751412737915,1,1,-1,0.5,False,Trend,Defensive,False
2020-02-13 00:00:00+09:00,4875.1181640625,5077.498754882812,5003.442537434896,38.82351025215011,-18.32308720441239,0.028159026323820432,0.021351026164457096,1,-1,-1,-0.30000000000000004,True,Defensive,Defensive,False
2020-02-14 00:00:00+09:00,5117.97509765625,5077.948510742188,5003.592456054687,36.196313910425495,-5.727142466876874,0.029842497369650837,0.022280707118379782,1,-1,-1,-0.30000000000000004,True,Defensive,Defensive,False
2020-02-17 00:00:00+09:00,5414.79931640625,5091.8902587890625,5008.089794921875,44.68085290693377,21.527336286939793,0.032389025618596384,0.023424953296955587,1,-1,-1,-0.30000000000000004,True,Defensive,Defensive,False
2020-02-18 00:00:00+09:00,5216.91650390625,5098.186547851563,5010.188557942708,45.90164761134622,24.92066320452397,0.0335217897901509,0.023893621531029578,1,-1,1,0.19999999999999996,True,Defensive,Defensive,False
2020-02-19 00:00:00+09:00,5037.02294921875,5099.5357666015625,5012.1374104817705,49.70414372245369,14.271631789291582,0.03430005472514226,0.023917109485957055,1,-1,1,0.19999999999999996,True,Defensive,Defensive,False
2020-02-20 00:00:00+09:00,4920.091796875,5097.73681640625,5013.936344401041,50.0,-0.6350524695606916,0.03463080517125945,0.02393858641224223,1,-1,-1,-0.30000000000000004,True,Defensive,Defensive,False
2020-02-21 00:00:00+09:00,4839.1396484375,5078.847973632813,5014.685904947916,50.0,-15.131374636555734,0.03256647321256404,0.024033259083865288,1,-1,-1,-0.30000000000000004,True,Defensive,Defensive,False
2020-02-24 00:00:00+09:00,4632.26171875,5034.324267578125,5011.088028971354,42.162149473063366,-36.61237034260839,0.030393402438383645,0.024642799134101563,1,1,-1,0.5,False,Trend,Defensive,False
2020-02-25 00:00:00+09:00,4668.24072265625,4988.00166015625,5006.590690104166,42.780749128818705,-45.763145674949264,0.03021917968902879,0.024540753151113724,-1,1,-1,-0.19999999999999996,False,MeanReversion,Defensive,False
2020-02-26 00:00:00+09:00,4650.25146484375,4952.922412109375,5002.24326171875,38.06819373520256,-50.04570390651765,0.02906222872155804,0.024536564314371245,-1,1,-1,-0.19999999999999996,False,MeanReversion,Defensive,False
2020-02-27 00:00:00+09:00,4596.283203125,4930.435693359375,4996.096891276042,37.430171833395,-53.2344908866427,0.02643091140528408,0.02452522897627832,-1,1,-1,-0.19999999999999996,False,MeanReversion,Defensive,False
2020-02-28 00:00:00+09:00,4506.33642578125,4909.7479248046875,4989.35087890625,35.449741224629776,-57.74529439537011,0.026232853089608047,0.02461047248999179,-1,1,-1,-0.19999999999999996,False,MeanReversion,Defensive,False
2020-03-02 00:00:00+09:00,4456.86572265625,4890.634228515625,4980.281241861979,33.76624511959031,-60.13354677508157,0.02612614293741215,0.024505073287594634,-1,1,-1,-0.19999999999999996,False,MeanReversion,Defensive,False
2020-03-03 00:00:00+09:00,4488.34716796875,4870.39619140625,4972.635766601563,34.615399605469534,-55.76299558046169,0.02601751081748282,0.024503406525179294,-1,1,-1,-0.19999999999999996,False,MeanReversion,Defensive,False
2020-03-04 00:00:00+09:00,4488.34716796875,4849.25869140625,4966.639314778646,37.92136467702097,-49.26724590767503,0.02597111860325869,0.02438225952202129,-1,1,-1,-0.19999999999999996,False,MeanReversion,Defensive,False
2020-03-05 00:00:00+09:00,4569.29931640625,4826.322265625,4963.3412679036455,30.937497667418285,-36.501513918810986,0.025679015342411037,0.024418773171668948,-1,1,-1,-0.19999999999999996,False,MeanReversion,Defensive,False
2020-03-06 00:00:00+09:00,4479.3525390625,4800.2376953125,4959.14375,12.043818324970587,-31.298255107790595,0.025900521252051688,0.024528874383554354,-1,1,-1,-0.19999999999999996,False,MeanReversion,Defensive,False
2020-03-09 00:00:00+09:00,4479.3525390625,4774.153125,4954.796321614584,14.347849278875984,-25.29624314765921,0.025900521252051688,0.02452641063663683,-1,1,-1,-0.19999999999999996,False,MeanReversion,Defensive,False
2020-03-10 00:00:00+09:00,4110.5703125,4728.72998046875,4943.702880859375,12.132370404343163,-42.58538847454639,0.03139563350811846,0.02683712784184395,-1,1,-1,-0.19999999999999996,False,MeanReversion,Defensive,False
2020-03-11 00:00:00+09:00,3229.09130859375,4638.783154296875,4917.4683837890625,7.466077075125511,-106.18870425969567,0.06033620215958656,0.040852080328493266,-1,-1,-1,-1.0,True,Defensive,Defensive,False
2020-03-12 00:00:00+09:00,3229.09130859375,4556.4818115234375,4887.636018880208,7.783033060138877,-138.9906976501539,0.06049567784328082,0.04032028704899013,-1,-1,-1,-1.0,True,Defensive,Defensive,False
2020-03-13 00:00:00+09:00,2792.84912109375,4440.225512695312,4852.181974283854,6.9473818946906505,-178.290653538227,0.06422742610238856,0.04405008713162819,-1,-1,-1,-1.0,True,Defensive,Defensive,False
2020-03-16 00:00:00+09:00,2594.966064453125,4299.233850097657,4812.080676269531,4.8923696315881955,-203.9853544606433,0.06151215054977039,0.04468133495356834,-1,-1,-1,-1.0,True,Defensive,Defensive,False
2020-03-17 00:00:00+09:00,2797.346435546875,4178.255346679687,4776.851497395834,12.681159527184803,-193.7967857128731,0.0664024029344791,0.04602753057613834,-1,-1,-1,-1.0,True,Defensive,Defensive,False
2020-03-18 00:00:00+09:00,2603.9609375,4056.60224609375,4738.24931640625,12.006862884221519,-186.46653143147756,0.06701624679032069,0.04669660476482209,-1,-1,-1,-1.0,True,Defensive,Defensive,False
2020-03-19 00:00:00+09:00,2379.09375,3929.55234375,4692.751212565104,11.419250661212018,-182.89617025545232,0.06817352871989617,0.04737224249891967,-1,-1,-1,-1.0,True,Defensive,Defensive,False
2020-03-20 00:00:00+09:00,2392.585693359375,3807.224645996094,4647.028234863281,12.0661138634228,-166.24122122007122,0.06869203917862758,0.047374763041775896,-1,-1,-1,-1.0,True,Defensive,Defensive,False
2020-03-23 00:00:00+09:00,2221.686767578125,3686.6958984375,4597.707389322916,10.377355350160087,-153.6466830820308,0.06922415488104224,0.04794247040038427,-1,-1,-1,-1.0,True,Defensive,Defensive,False
2020-03-24 00:00:00+09:00,2523.0087890625,3579.4343017578126,4554.308040364584,18.918919336323384,-113.77112880136724,0.07787553470449007,0.051296121595119176,-1,-1,-1,-1.0,True,Defensive,Defensive,False
2020-03-25 00:00:00+09:00,2752.373046875,3484.540380859375,4514.881339518229,22.554344178296148,-63.21957352525078,0.08206614727218366,0.052847853639819066,-1,-1,-1,-1.0,True,Defensive,Defensive,False
2020-03-26 00:00:00+09:00,2932.266845703125,3401.339562988281,4477.70331624349,27.24867608989885,-11.639502638053386,0.08444428893768724,0.05364530582428543,-1,-1,-1,-1.0,True,Defensive,Defensive,False
2020-03-27 00:00:00+09:00,3229.09130859375,3337.4773071289064,4445.772188313802,33.09002140646568,45.37007995063607,0.08853796749362453,0.055356272510839064,-1,-1,-1,-1.0,True,Defensive,Defensive,False
2020-03-30 00:00:00+09:00,3071.684326171875,3268.2182373046876,4411.067700195313,35.096772910127456,73.70284150153577,0.08883533178383766,0.0556078039317958,-1,-1,-1,-1.0,True,Defensive,Defensive,False
2020-03-31 00:00:00+09:00,3071.684326171875,3197.3850952148437,4376.513122558594,46.97754688034858,92.45363921254511,0.08874226126160333,0.05561192330566192,-1,-1,1,-0.5,True,Defensive,Defensive,False
2020-04-01 00:00:00+09:00,3224.593994140625,3134.1974365234373,4347.055533854166,49.918434422666174,113.76331706165035,0.08994535559134456,0.05602192761545768,-1,-1,1,-0.5,True,Defensive,Defensive,False
2020-04-02 00:00:00+09:00,3215.599365234375,3066.5124389648436,4317.74785563151,59.073362512687154,124.96811928200395,0.0896474446775941,0.056022934749970645,-1,-1,1,-0.5,True,Defensive,Defensive,False
2020-04-03 00:00:00+09:00,3346.022216796875,3009.8459228515626,4293.911946614583,66.60040160512543,137.86447725134497,0.09055375463167856,0.05617302012562226,-1,-1,1,-0.5,True,Defensive,Defensive,False
2020-04-06 00:00:00+09:00,3373.00634765625,2954.52861328125,4268.8767496744795,63.79310889458134,144.2295826639628,0.09063961653362176,0.056096564933581144,-1,-1,1,-0.5,True,Defensive,Defensive,False
2020-04-07 00:00:00+09:00,3386.498291015625,2918.3250122070312,4243.017036946615,70.51886608255936,144.9775878822718,0.0891113470664641,0.05605748705283704,-1,-1,-1,-1.0,True,Defensive,Defensive,False
2020-04-08 00:00:00+09:00,3355.016845703125,2924.6212890625,4215.583251953125,78.47769084966566,138.9651620028011,0.07052882071382062,0.05600332623241551,-1,1,-1,-0.19999999999999996,False,MeanReversion,Defensive,False
2020-04-09 00:00:00+09:00,3458.455810546875,2936.0895141601563,4190.023360188802,79.55112492902944,137.324185845748,0.07081174642250189,0.05620416162810755,-1,1,-1,-0.19999999999999996,False,MeanReversion,MeanReversion,False
2020-04-10 00:00:00+09:00,3561.89453125,2974.541784667969,4164.238602701823,88.60103488492942,138.196167189535,0.06170919881900836,0.056265805116030305,-1,1,-1,-0.19999999999999996,False,MeanReversion,MeanReversion,False
2020-04-13 00:00:00+09:00,3588.878662109375,3024.237414550781,4138.453841145833,86.46153635435999,135.40338057664877,0.05835889312275559,0.056274318839254996,-1,1,-1,-0.19999999999999996,False,MeanReversion,MeanReversion,False
2020-04-14 00:00:00+09:00,3669.830810546875,3067.8616333007812,4114.767842610677,84.93150633997433,133.59549200506652,0.05672641175766194,0.056391006400577884,-1,1,-1,-0.19999999999999996,False,MeanReversion,MeanReversion,False
2020-04-16 00:00:00+09:00,3359.51416015625,3105.639294433594,4087.259102376302,64.79750225640126,107.22533913562057,0.05815278720996313,0.057384991275415076,-1,1,1,0.30000000000000004,False,Trend,MeanReversion,False
2020-04-17 00:00:00+09:00,3435.968994140625,3158.483056640625,4061.924072265625,58.45587993157628,91.28086616919268,0.05286148318333622,0.05750516506798443,-1,1,1,0.30000000000000004,False,Trend,MeanReversion,False
2020-04-20 00:00:00+09:00,3678.825439453125,3222.7950439453125,4036.2892211914063,73.19587340389333,93.1181575391207,0.053913123364705336,0.05783373575134746,-1,1,-1,-0.19999999999999996,False,MeanReversion,MeanReversion,False
2020-04-21 00:00:00+09:00,3633.85205078125,3293.4033081054686,4004.807824707031,70.76411852282021,87.4235377566555,0.049754708206483964,0.057247499906668185,-1,1,-1,-0.19999999999999996,False,MeanReversion,MeanReversion,False
2020-04-22 00:00:00+09:00,3584.38134765625,3346.4719360351564,3971.3026326497397,64.388489981291,76.82031933178543,0.0441210089489864,0.057193679721180106,-1,1,1,0.30000000000000004,False,Trend,MeanReversion,False
2020-04-23 00:00:00+09:00,3516.921142578125,3384.6993408203125,3940.720711263021,61.51202191419378,62.37318756923161,0.041635719209408624,0.05700926876474156,-1,1,1,0.30000000000000004,False,Trend,Trend,False
2020-04-24 00:00:00+09:00,3373.00634765625,3406.7363159179686,3912.837190755208,51.02041117787248,41.252793492105496,0.041484443406402394,0.056788447161249415,-1,1,1,0.30000000000000004,False,Trend,Trend,False
2020-04-27 00:00:00+09:00,3449.461181640625,3417.7548095703123,3888.3266805013022,52.786886179595434,31.02634526831141,0.03603017898985051,0.056857952353299934,-1,1,1,0.30000000000000004,False,Trend,Trend,False
2020-04-28 00:00:00+09:00,3539.407958984375,3441.1409912109375,3866.664485677083,55.27950478100505,28.954407557583746,0.03406182221602355,0.05698578111976606,-1,1,1,0.30000000000000004,False,Trend,Trend,False
2020-04-29 00:00:00+09:00,3593.3759765625,3467.2255737304686,3845.0022867838543,58.10397690589991,29.740100108839123,0.03406419195121357,0.05700776609141708,-1,1,1,0.30000000000000004,False,Trend,Trend,False
2020-05-04 00:00:00+09:00,3521.41845703125,3482.066796875,3821.8409749348957,52.18749549387548,24.17165534771804,0.03319696558890032,0.057028612691987286,-1,1,1,0.30000000000000004,False,Trend,Trend,False
2020-05-06 00:00:00+09:00,3525.916015625,3497.582629394531,3796.8057779947917,48.65772643443145,19.73655987606611,0.0331629901503118,0.0569085561252652,-1,1,1,0.30000000000000004,False,Trend,Trend,False
2020-05-07 00:00:00+09:00,3525.916015625,3506.5773193359373,3772.2203125,47.602745137772786,15.912313521111672,0.03212017090777961,0.056913651401816236,-1,1,1,0.30000000000000004,False,Trend,Trend,False
2020-05-08 00:00:00+09:00,3534.91064453125,3514.6725341796873,3747.7847574869793,44.56522102573312,13.209157694042403,0.03209492013421838,0.05691902128006985,-1,1,-1,-0.19999999999999996,False,MeanReversion,Trend,False
2020-05-11 00:00:00+09:00,3543.9052734375,3522.5428833007813,3723.1992919921877,59.80861877833109,11.320277243604822,0.03209263925044335,0.05691625350095783,-1,1,1,0.30000000000000004,False,Trend,Trend,False
2020-05-12 00:00:00+09:00,3453.95849609375,3527.4899658203126,3696.964803059896,50.94340347350699,3.7007764551381452,0.03260890512434923,0.05696479000300693,-1,1,1,0.30000000000000004,False,Trend,Trend,False
2020-05-13 00:00:00+09:00,3512.423828125,3530.188366699219,3674.2532307942706,39.181284878868595,2.3517399657532483,0.03211280539037446,0.05694794002959714,-1,1,-1,-0.19999999999999996,False,MeanReversion,Trend,False
2020-05-14 00:00:00+09:00,3516.921142578125,3527.939697265625,3647.5689982096355,41.97530409128821,1.5541548481056289,0.031397671720189015,0.05651228350329924,-1,1,-1,-0.19999999999999996,False,MeanReversion,Trend,False
2020-05-15 00:00:00+09:00,3521.41845703125,3524.566687011719,3616.0126505533854,45.39472744363588,1.1404772634163827,0.031342927641309054,0.055921899619819644,-1,1,1,0.30000000000000004,False,Trend,Trend,False
2020-05-18 00:00:00+09:00,3489.937255859375,3515.5720092773436,3587.2296630859373,47.91667766201042,-1.3095530477727415,0.030898808339192323,0.0557832905965995,-1,1,-1,-0.19999999999999996,False,MeanReversion,Trend,False
2020-05-19 00:00:00+09:00,3651.841552734375,3530.18837890625,3564.1433064778644,70.94595908115069,7.43690027803013,0.02530766095766499,0.056055342638109476,-1,1,-1,-0.19999999999999996,False,MeanReversion,MeanReversion,False
2020-05-20 00:00:00+09:00,3593.3759765625,3538.058728027344,3542.031376139323,61.11110482805991,8.662148425687477,0.025309599147492857,0.05602308109671797,-1,1,1,0.30000000000000004,False,Trend,MeanReversion,False
2020-05-21 00:00:00+09:00,3701.312255859375,3539.183068847656,3523.067586263021,62.16216414483386,15.708656227619542,0.021127607557229734,0.05618151788492078,1,1,1,1.0,False,Trend,Trend,True
2020-05-22 00:00:00+09:00,3552.89990234375,3535.135461425781,3505.07822265625,47.33727829657764,9.639053147508864,0.02291981085559882,0.05614988593508398,1,1,1,1.0,False,Trend,Trend,False
2020-05-25 00:00:00+09:00,3552.89990234375,3533.561389160156,3486.489208984375,52.28758564165156,5.116064821975193,0.022727946984879798,0.05613037122965069,1,1,1,1.0,False,Trend,Trend,False
2020-05-26 00:00:00+09:00,3588.878662109375,3537.1592651367187,3468.7996622721353,54.374991729934784,4.083987032308485,0.022405981939021706,0.0561620992771782,1,1,1,1.0,False,Trend,Trend,False
2020-05-27 00:00:00+09:00,4101.57568359375,3573.5877319335937,3460.5545369466145,73.35766408896173,35.707785089065204,0.03534169258462187,0.058901477877950505,1,1,-1,0.5,False,Trend,Trend,False
2020-05-28 00:00:00+09:00,3939.67138671875,3598.0982421875,3451.1101196289064,64.6103901826356,43.009016315757734,0.036907252046495226,0.059066206297131274,1,1,1,1.0,False,Trend,Trend,False
2020-05-29 00:00:00+09:00,3849.724609375,3613.6140747070312,3440.991101074219,60.42945193914291,39.17672579675915,0.037191708834159565,0.059117136183574094,1,1,1,1.0,False,Trend,Trend,False
2020-06-01 00:00:00+09:00,3993.639404296875,3633.62724609375,3432.7459716796875,67.75147819704529,43.40226205727606,0.037832527641786816,0.059321429493290126,1,1,1,1.0,False,Trend,Trend,False
2020-06-02 00:00:00+09:00,4371.416015625,3676.1271240234373,3430.797119140625,73.34963315447861,67.28237068860261,0.041785703573897624,0.06050743725364981,1,1,-1,0.5,False,Trend,Trend,False
2020-06-03 00:00:00+09:00,4384.908203125,3719.0767333984377,3427.7239339192706,73.47932136999796,78.82861872864937,0.04176596768489124,0.060461663413962294,1,1,-1,0.5,False,Trend,Trend,False
2020-06-04 00:00:00+09:00,4447.87109375,3765.1744873046873,3427.1992431640624,74.2924571784427,85.01640682852116,0.04169171335387893,0.060438593532419975,1,1,-1,0.5,False,Trend,Trend,False
2020-06-05 00:00:00+09:00,4533.3203125,3815.094970703125,3428.0987060546877,76.6054979048397,88.76249731204291,0.04166594984729886,0.06048912709190708,1,1,-1,0.5,False,Trend,Trend,False
2020-06-08 00:00:00+09:00,4578.2939453125,3866.814404296875,3435.8940999348956,75.12194715051935,87.99643775754856,0.04160650560598472,0.059432591004442564,1,1,-1,0.5,False,Trend,Trend,False
2020-06-09 00:00:00+09:00,4758.1875,3932.0258544921876,3461.3790364583333,79.63386702105062,92.85212061682446,0.04095156403019835,0.05030765810202968,1,1,-1,0.5,False,Trend,Trend,False
2020-06-10 00:00:00+09:00,4758.1875,3994.3140380859377,3486.863972981771,78.4503620503846,89.2848446297333,0.041106701705884124,0.05030765810202968,1,1,-1,0.5,False,Trend,Trend,False
2020-06-11 00:00:00+09:00,4623.26708984375,4049.6313354492186,3517.3709391276043,79.02438559362429,71.81142012058501,0.0421764236028858,0.046460026031226904,1,1,-1,0.5,False,Trend,Trend,False
2020-06-12 00:00:00+09:00,4461.36279296875,4096.628552246094,3548.4775512695314,72.64573598045526,44.65215554738978,0.043534048239381944,0.045578016454760714,1,1,-1,0.5,False,Trend,Trend,False
2020-06-15 00:00:00+09:00,4196.02001953125,4131.932690429688,3571.788777669271,63.5814962080397,6.142754377665312,0.04633379108793004,0.04562894762073108,1,1,1,1.0,False,Trend,Trend,False
2020-06-16 00:00:00+09:00,4632.26171875,4180.953698730469,3605.593790690104,62.29166501736573,7.297515356900078,0.049939854235087906,0.0459733291278627,1,1,1,1.0,False,Trend,Trend,False
2020-06-17 00:00:00+09:00,4470.357421875,4224.802770996093,3640.4481852213544,62.29166501736573,-4.936442336322557,0.0506974425147669,0.044475748682608514,1,1,-1,0.5,False,Trend,Trend,False
2020-06-18 00:00:00+09:00,4393.90283203125,4259.432299804687,3673.8034708658856,62.683441399925755,-19.45641340566101,0.050871021920580614,0.04461623271438404,1,1,-1,0.5,False,Trend,Trend,False
2020-06-19 00:00:00+09:00,4348.92919921875,4299.2337646484375,3709.2575113932294,58.681316688466396,-32.594666260881894,0.04975100056624318,0.04331570773921312,1,1,-1,0.5,False,Trend,Trend,False
2020-06-22 00:00:00+09:00,4317.4482421875,4337.461181640625,3739.164835611979,48.412707075047365,-43.242795098579336,0.04985510442654305,0.04060648826163979,1,1,-1,0.5,False,Trend,Trend,False
2020-06-23 00:00:00+09:00,4191.5224609375,4367.593371582031,3763.1506591796874,44.66500819536985,-57.70065889910478,0.050624702462191244,0.03958494136640713,1,1,-1,0.5,False,Trend,Trend,False
2020-06-24 00:00:00+09:00,4191.5224609375,4372.090710449219,3784.138252766927,42.67351288228766,-65.62068500952478,0.04106792265889815,0.03889653143181267,1,1,-1,0.5,False,Trend,Trend,False
2020-06-25 00:00:00+09:00,4074.591552734375,4378.83671875,3798.2299235026044,37.12120910950152,-76.34043483358383,0.040516586601919986,0.037278684603143035,1,1,-1,0.5,False,Trend,Trend,False
2020-06-26 00:00:00+09:00,4083.586181640625,4390.529797363281,3815.0949544270834,35.824728673569794,-80.0427813559948,0.04009497329782318,0.03660365262235232,1,1,-1,0.5,False,Trend,Trend,False
2020-06-29 00:00:00+09:00,4173.533203125,4399.524487304688,3833.459102376302,32.33695227266223,-73.8040460515966,0.039569436613343806,0.03666379468816603,1,1,-1,0.5,False,Trend,Trend,False
2020-06-30 00:00:00+09:00,4348.92919921875,4398.400146484375,3852.1980224609374,38.820626596889475,-56.040109777430814,0.03507152200779445,0.03652703243020127,1,1,-1,0.5,False,Trend,Trend,False
2020-07-01 00:00:00+09:00,4231.99853515625,4390.754663085938,3869.138008626302,39.20595142423551,-50.511493485526955,0.03557195355681072,0.036751156484876445,1,1,-1,0.5,False,Trend,Trend,False
2020-07-02 00:00:00+09:00,4294.96142578125,4383.1091796875,3884.953662109375,45.1443611812201,-41.346045615504096,0.03558426422866099,0.036486345922487735,1,1,-1,0.5,False,Trend,Trend,False
2020-07-03 00:00:00+09:00,4285.966796875,4370.74150390625,3900.169669596354,53.086419959935895,-34.87949488117859,0.03524697061132157,0.03649156293494637,1,1,-1,0.5,False,Trend,Trend,False
2020-07-06 00:00:00+09:00,4236.49609375,4353.651611328125,3914.336299641927,31.51261500900273,-32.947138933064224,0.03516753821462188,0.03654710928326368,1,1,-1,0.5,False,Trend,Trend,False
2020-07-07 00:00:00+09:00,4142.0517578125,4322.84482421875,3927.453548177083,33.632293436120506,-36.75304471220187,0.03391999171274411,0.036666733260450154,1,1,-1,0.5,False,Trend,Trend,False
2020-07-08 00:00:00+09:00,4155.5439453125,4292.712646484375,3939.0716837565105,37.32058497480008,-36.98404551381623,0.03396274772750275,0.03649686164026485,1,1,-1,0.5,False,Trend,Trend,False
2020-07-09 00:00:00+09:00,4155.5439453125,4269.326489257813,3948.9658406575522,39.196000872933595,-35.739001454416396,0.03358934369148438,0.036333351779574856,1,1,-1,0.5,False,Trend,Trend,False
2020-07-10 00:00:00+09:00,4056.602294921875,4249.088464355469,3956.7612345377606,36.44859528593632,-39.86683690742881,0.03313696836705558,0.03648920898868667,1,1,-1,0.5,False,Trend,Trend,False
2020-07-13 00:00:00+09:00,4137.55419921875,4246.165173339844,3964.5566243489584,47.05881413744782,-35.5746502119192,0.03072466783782313,0.03646671250433596,1,1,-1,0.5,False,Trend,Trend,False
2020-07-14 00:00:00+09:00,4173.533203125,4223.228747558594,3978.1236083984377,49.056609571256935,-29.018943889924486,0.020123592201433144,0.03449001123848863,1,1,-1,0.5,False,Trend,Trend,False
2020-07-15 00:00:00+09:00,4299.45849609375,4214.683801269532,3992.515100097656,61.6822382491438,-15.581866195809042,0.020235350240994425,0.03456956985276375,1,1,-1,0.5,False,Trend,Trend,False
2020-07-16 00:00:00+09:00,4425.38427734375,4216.257873535156,4004.9577473958334,65.83333842260251,1.4994733295069942,0.021012681342529923,0.033685031533246555,1,1,1,1.0,False,Trend,Trend,False
2020-07-17 00:00:00+09:00,4420.88671875,4219.855749511718,4018.074991861979,62.44342390911864,11.642803066888106,0.020867240143588966,0.03362916476252349,1,1,1,1.0,False,Trend,Trend,False
2020-07-20 00:00:00+09:00,4947.07568359375,4251.337121582032,4040.7865641276044,72.24079751426765,50.74643041689818,0.03240687650903505,0.03638147783756135,1,1,-1,0.5,False,Trend,Trend,False
2020-07-21 00:00:00+09:00,6431.19873046875,4363.320935058594,4089.3578572591146,90.54725208126011,166.96938832162357,0.06475703582436265,0.04909792299032376,1,-1,-1,-0.30000000000000004,True,Defensive,Trend,False
2020-07-22 00:00:00+09:00,7717.4384765625,4539.616735839843,4161.765059407552,93.48570547240323,312.4276420908306,0.07378844684731581,0.0534211616670977,1,-1,-1,-0.30000000000000004,True,Defensive,Defensive,False
2020-07-23 00:00:00+09:00,7744.42236328125,4723.1082763671875,4233.347745768229,93.74287926996769,387.5099980171876,0.07279060233649998,0.053425273833770257,1,-1,-1,-0.30000000000000004,True,Defensive,Defensive,False
2020-07-24 00:00:00+09:00,7348.65625,4886.361779785157,4296.835217285156,86.19245833159668,386.6840323683715,0.07496616523972627,0.054070957683071116,1,-1,-1,-0.30000000000000004,True,Defensive,Defensive,False
2020-07-27 00:00:00+09:00,7834.369140625,5069.403576660156,4367.518436686198,89.35761529221908,393.6960994346705,0.07533463134001792,0.05448276378067471,1,-1,-1,-0.30000000000000004,True,Defensive,Defensive,False
2020-07-28 00:00:00+09:00,8949.7099609375,5299.442614746094,4457.989961751302,91.38198160242976,444.5373799162353,0.07868649832173,0.05645833793961111,1,-1,-1,-0.30000000000000004,True,Defensive,Defensive,False
2020-07-29 00:00:00+09:00,9759.2314453125,5575.804260253906,4561.878552246094,92.43868674265113,499.65491214014764,0.0779779935176807,0.057162831989582615,1,-1,-1,-0.30000000000000004,True,Defensive,Defensive,False
2020-07-30 00:00:00+09:00,9759.2314453125,5849.017761230469,4665.767142740885,93.8450862710187,501.7627794372354,0.07831640272468193,0.057162831989582615,1,-1,-1,-0.30000000000000004,True,Defensive,Defensive,False
2020-07-31 00:00:00+09:00,9444.41796875,6106.940319824219,4764.258931477864,89.38585081130789,449.3004383562102,0.07949796808915621,0.05749500273410165,1,-1,-1,-0.30000000000000004,True,Defensive,Defensive,False
2020-08-03 00:00:00+09:00,8338.0712890625,6312.019079589843,4844.161698404948,76.67050292797923,313.8468640330793,0.08698312407280648,0.06028839894802322,1,-1,-1,-0.30000000000000004,True,Defensive,Defensive,False
2020-08-04 00:00:00+09:00,8419.0234375,6525.867663574219,4926.912780761719,76.53533865650283,208.53200969016552,0.08617841887811582,0.06006346812839246,1,-1,-1,-0.30000000000000004,True,Defensive,Defensive,False
2020-08-05 00:00:00+09:00,8392.0400390625,6737.692468261719,5008.239717610677,75.88028432625433,120.26481875980198,0.08631755621771055,0.060108000997497496,1,-1,-1,-0.30000000000000004,True,Defensive,Defensive,False
2020-08-06 00:00:00+09:00,8149.18310546875,6937.374426269531,5085.444083658854,73.59134896752737,33.25923244873161,0.08719213159397057,0.06035209170932868,1,-1,-1,-0.30000000000000004,True,Defensive,Defensive,False
2020-08-07 00:00:00+09:00,8221.140625,7145.601342773438,5163.772786458333,71.9806767085734,-28.379709507896678,0.08635130739699279,0.060333027714969296,1,-1,-1,-0.30000000000000004,True,Defensive,Defensive,False
2020-08-10 00:00:00+09:00,8320.08203125,7354.727734375,5244.27519938151,65.57863353304882,-69.10138331613302,0.08644278618335192,0.06025759048610877,1,-1,-1,-0.30000000000000004,True,Defensive,Defensive,False
2020-08-11 00:00:00+09:00,8140.1884765625,7553.060498046875,5319.080981445312,54.26497177545844,-112.21492102074899,0.08719694608264134,0.06029869652881374,1,-1,-1,-0.30000000000000004,True,Defensive,Defensive,False
2020-08-12 00:00:00+09:00,8176.1669921875,7746.895922851562,5395.460831705729,54.347824590426875,-140.53533807471626,0.08743654503521663,0.06018655934802419,1,-1,-1,-0.30000000000000004,True,Defensive,Defensive,False
2020-08-13 00:00:00+09:00,8104.2099609375,7930.83720703125,5468.8424601236975,58.13953953229422,-164.66699661758378,0.08791596890018116,0.060219066605339475,1,-1,-1,-0.30000000000000004,True,Defensive,Defensive,False
2020-08-14 00:00:00+09:00,8706.853515625,8145.135546875,5554.741687011719,59.168244778786885,-141.48145826038217,0.08805891264531701,0.060263483655669,1,-1,-1,-0.30000000000000004,True,Defensive,Defensive,False
2020-08-18 00:00:00+09:00,8814.7900390625,8338.521264648438,5642.439855957031,48.201442876108395,-121.1024239520383,0.08618339833200724,0.06023269995198183,1,-1,-1,-0.30000000000000004,True,Defensive,Defensive,False
2020-08-19 00:00:00+09:00,9039.6572265625,8468.944189453125,5733.286165364583,38.63636854337369,-95.81249593389362,0.06641611678298974,0.060242747459732605,1,1,-1,0.5,False,Trend,Defensive,False
2020-08-20 00:00:00+09:00,9039.6572265625,8535.055126953124,5815.5875244140625,38.63636854337369,-82.9023772109939,0.053858991605413596,0.05823769364065154,1,1,-1,0.5,False,Trend,Trend,False
2020-08-21 00:00:00+09:00,8913.7314453125,8593.520581054687,5898.488525390625,41.08760997331972,-86.27579076070538,0.05407661837511792,0.057927201864829615,1,1,-1,0.5,False,Trend,Trend,False
2020-08-24 00:00:00+09:00,8796.80078125,8665.927807617187,5980.939794921875,61.53848232304872,-98.9078796182547,0.05249318619440541,0.05783498052365744,1,1,-1,0.5,False,Trend,Trend,False
2020-08-25 00:00:00+09:00,9129.603515625,8730.689526367187,6066.539196777344,65.86346546020431,-87.7545659232419,0.05134246592321429,0.05783791577212049,1,1,-1,0.5,False,Trend,Trend,False
2020-08-26 00:00:00+09:00,8994.68359375,8732.938208007812,6143.5936564127605,62.8352497593548,-91.92665467177937,0.04215260798855706,0.057066318258476384,1,1,-1,0.5,False,Trend,Trend,False
2020-08-27 00:00:00+09:00,9264.5234375,8708.202807617188,6224.920576985677,73.48486141443985,-79.44535889288261,0.037697831550618184,0.05709834515569965,1,1,-1,0.5,False,Trend,Trend,False
2020-08-28 00:00:00+09:00,11693.0888671875,8804.895678710938,6345.674206542969,86.69203019928166,80.76556129005485,0.06476719030558818,0.0637929420032672,1,1,-1,0.5,False,Trend,Trend,False
2020-08-31 00:00:00+09:00,14481.4404296875,9056.746801757812,6511.476208496094,91.51516172422492,347.94865629775336,0.07842692864596347,0.06871344858896519,1,1,-1,0.5,False,Trend,Trend,False
2020-09-01 00:00:00+09:00,14346.5205078125,9357.169262695312,6674.27998453776,92.07318381061809,480.8242565426806,0.0710225784702591,0.06880324380450396,1,1,-1,0.5,False,Trend,Trend,False
2020-09-02 00:00:00+09:00,15066.0947265625,9689.522827148438,6846.0784383138025,92.74554761521624,575.9888865666651,0.07105705988955503,0.0688662763933922,1,1,-1,0.5,False,Trend,Trend,False
2020-09-03 00:00:00+09:00,14661.333984375,10002.987524414062,7011.130879720052,89.06753017735491,569.4630981424966,0.07183076465567172,0.06908442889196335,1,1,-1,0.5,False,Trend,Trend,False
2020-09-04 00:00:00+09:00,14661.333984375,10328.595068359375,7178.431994628906,88.22171572425448,524.074781498661,0.07089266328138727,0.06884846853768463,1,1,-1,0.5,False,Trend,Trend,False
2020-09-07 00:00:00+09:00,14481.4404296875,10641.61005859375,7345.433288574219,86.0411968958105,444.03265678565526,0.07137144940172407,0.06859890847669727,1,1,-1,0.5,False,Trend,Trend,False
2020-09-08 00:00:00+09:00,13716.892578125,10911.4505859375,7504.114497884115,77.83726585867599,308.14282536060614,0.07366768221281848,0.06846330845635387,1,1,-1,0.5,False,Trend,Trend,False
2020-09-09 00:00:00+09:00,12682.50390625,11138.566357421874,7638.285201009115,69.30410269398132,126.44937224405703,0.07658785406458715,0.06881410484945644,1,1,1,1.0,False,Trend,Trend,False
2020-09-10 00:00:00+09:00,13222.1845703125,11390.867236328126,7784.148986816406,71.87215062808635,25.736991470582325,0.07658630046812584,0.06853991181626869,1,1,-1,0.5,False,Trend,Trend,False
2020-09-11 00:00:00+09:00,13357.1044921875,11653.511962890625,7933.535681152343,73.10847995794131,-44.828057383999976,0.0762743526730468,0.06839167843192703,1,1,-1,0.5,False,Trend,Trend,False
2020-09-14 00:00:00+09:00,13402.078125,11888.273193359375,8084.421496582031,72.30047383895185,-98.43619600499505,0.07559818070999465,0.06831685382479673,1,1,-1,0.5,False,Trend,Trend,False
2020-09-15 00:00:00+09:00,13492.025390625,12122.1349609375,8237.331115722656,73.58490894572552,-135.5113764099831,0.07564489821974274,0.06825048222412862,1,1,-1,0.5,False,Trend,Trend,False
2020-09-16 00:00:00+09:00,14121.6533203125,12376.234765625,8402.833296712239,74.54545974968838,-125.53045965513957,0.07583797064050767,0.06803324464536918,1,1,-1,0.5,False,Trend,Trend,False
2020-09-17 00:00:00+09:00,13896.7861328125,12619.0912109375,8564.587691243489,64.3274864940094,-140.82468179032594,0.07617064658220148,0.0681456675370727,1,1,-1,0.5,False,Trend,Trend,False
2020-09-18 00:00:00+09:00,13492.025390625,12848.005908203126,8721.544921875,40.67796578979863,-182.31854138445078,0.07662970346761909,0.06816105223090514,1,1,-1,0.5,False,Trend,Trend,False
2020-09-21 00:00:00+09:00,12952.34375,13055.783056640625,8869.357548014323,37.795268455245555,-246.25344518463794,0.07751699398858893,0.06857604797699987,1,1,-1,0.5,False,Trend,Trend,False
2020-09-22 00:00:00+09:00,12592.556640625,13228.930712890626,9009.674605305989,26.890756149182863,-308.8606773018105,0.07810141656306768,0.06884732872869084,1,1,-1,0.5,False,Trend,Trend,False
2020-09-23 00:00:00+09:00,12052.8759765625,13381.84033203125,9138.07371826172,26.229509655617875,-378.13020640456625,0.0789676210189428,0.06924395686516972,1,1,-1,0.5,False,Trend,Trend,False
2020-09-24 00:00:00+09:00,11872.982421875,13512.26328125,9265.423449707032,25.396827311659322,-424.12170298941305,0.07915341572533988,0.06912951102850096,1,1,-1,0.5,False,Trend,Trend,False
2020-09-25 00:00:00+09:00,11558.16796875,13505.517236328125,9386.476892089844,24.80620063698396,-460.7557069004912,0.06010255044837666,0.06936290249199921,1,1,-1,0.5,False,Trend,Trend,False
2020-09-28 00:00:00+09:00,12142.822265625,13388.586328125,9517.424483235676,35.999995136016096,-431.152050909252,0.03538089946949783,0.06944703225602664,1,1,-1,0.5,False,Trend,Trend,False
2020-09-29 00:00:00+09:00,11962.9287109375,13269.40673828125,9646.198360188802,42.45282535728589,-409.3927605191569,0.03540735991304698,0.06947178976455358,1,1,-1,0.5,False,Trend,Trend,False
2020-10-05 00:00:00+09:00,12592.556640625,13145.729833984375,9787.040108235677,43.51851870468289,-341.0959656191294,0.03561369640387932,0.06940794260346017,1,1,-1,0.5,False,Trend,Trend,False
2020-10-06 00:00:00+09:00,12457.63671875,13035.544970703126,9925.408321126302,40.74074818731564,-295.22482637859184,0.035358637229359384,0.06948384268614118,1,1,-1,0.5,False,Trend,Trend,False
2020-10-07 00:00:00+09:00,12232.76953125,12914.116748046876,10060.028747558594,38.39286129736219,-270.88164182754156,0.03537241771211904,0.06960483505002281,1,1,-1,0.5,False,Trend,Trend,False
2020-10-08 00:00:00+09:00,12502.6103515625,12815.175244140624,10200.795548502605,40.51724379989004,-229.11936878351236,0.03602407932103221,0.06938627909409335,1,1,-1,0.5,False,Trend,Trend,False
2020-10-12 00:00:00+09:00,12097.849609375,12734.223095703124,10333.467138671875,29.729732373291213,-221.15768223671574,0.0348596477281122,0.06970584720145286,1,1,-1,0.5,False,Trend,Trend,False
2020-10-13 00:00:00+09:00,11872.982421875,12693.747021484374,10461.791292317708,29.729732373291213,-222.8144637556257,0.0306634368306568,0.06985706932992668,1,1,-1,0.5,False,Trend,Trend,False
2020-10-14 00:00:00+09:00,11603.1416015625,12612.794873046874,10583.519344075521,30.555556114048684,-232.77533643835818,0.02903811441122841,0.07003102274313759,1,1,-1,0.5,False,Trend,Trend,False
2020-10-15 00:00:00+09:00,11324.9521484375,12511.187255859375,10698.512141927084,32.29416993399609,-247.42113534482144,0.029017272824980025,0.07020830995711419,1,1,-1,0.5,False,Trend,Trend,False
2020-10-16 00:00:00+09:00,11564.8876953125,12419.327734375,10817.578824869792,38.51968218746488,-230.60614838537197,0.029648215179792742,0.07017715323723697,1,1,-1,0.5,False,Trend,Trend,False
2020-10-19 00:00:00+09:00,12812.5517578125,12385.354052734376,10948.670092773438,57.32744556514662,-130.1171420551139,0.03846138928499526,0.06995568654919604,1,1,-1,0.5,False,Trend,Trend,False
2020-10-20 00:00:00+09:00,12908.5263671875,12324.697705078124,11056.625553385416,60.15268906277317,-55.65224823554988,0.03685803411060457,0.0620220780799706,1,1,-1,0.5,False,Trend,Trend,False
2020-10-21 00:00:00+09:00,12908.5263671875,12275.284716796876,11143.143684895833,64.11022154229585,-7.400369373378254,0.03676770391266592,0.05784207924558942,1,1,-1,0.5,False,Trend,Trend,False
2020-10-22 00:00:00+09:00,13148.4619140625,12258.10654296875,11233.211010742187,61.32396134936336,37.22124932870443,0.03655543818886546,0.05785194456643891,1,1,1,1.0,False,Trend,Trend,False
2020-10-23 00:00:00+09:00,13340.41015625,12277.50986328125,11333.073575846354,65.46907382805296,74.08107987180858,0.03548387402945718,0.05729295996097124,1,1,1,1.0,False,Trend,Trend,False
2020-10-26 00:00:00+09:00,12620.603515625,12278.91220703125,11412.84414876302,50.30871283944439,45.78880638110866,0.03716912332227152,0.05745793536214163,1,1,1,1.0,False,Trend,Trend,False
2020-10-27 00:00:00+09:00,12860.5390625,12319.295361328124,11478.024633789062,54.33455176894494,39.28772633680845,0.03589109855306545,0.05508403869801642,1,1,1,1.0,False,Trend,Trend,False
2020-10-28 00:00:00+09:00,13244.435546875,12387.868017578125,11536.111368815104,60.52372695884602,55.88344757442849,0.03607534011745508,0.0541536166673333,1,1,1,1.0,False,Trend,Trend,False
2020-10-29 00:00:00+09:00,13580.345703125,12488.976904296875,11599.796606445312,61.05899279883454,82.89607622854717,0.03548906330823818,0.054210223178316266,1,1,1,1.0,False,Trend,Trend,False
2020-10-30 00:00:00+09:00,13196.4482421875,12541.658203125,11662.330444335938,61.32155318427332,68.89639655904995,0.034996897101641396,0.054163546052557035,1,1,1,1.0,False,Trend,Trend,False
2020-11-02 00:00:00+09:00,13340.41015625,12610.532275390626,11745.702758789062,65.37895172512046,63.45460622709055,0.03473063625917593,0.05139844947937625,1,1,1,1.0,False,Trend,Trend,False
2020-11-03 00:00:00+09:00,13772.2939453125,12669.519140625,11834.92393391927,71.98640754019239,81.89187832073031,0.03363515818830055,0.051491654381576255,1,1,-1,0.5,False,Trend,Trend,False
2020-11-04 00:00:00+09:00,13292.4228515625,12711.258447265625,11916.596980794271,69.15886943945931,55.95685710796556,0.034661905782295284,0.0517803856119015,1,1,1,1.0,False,Trend,Trend,False
2020-11-05 00:00:00+09:00,13964.2421875,12797.832080078126,12013.514632161457,71.5517146099692,76.94035442004258,0.035733562536593266,0.051822835821473213,1,1,-1,0.5,False,Trend,Trend,False
2020-11-06 00:00:00+09:00,14108.203125,12878.11171875,12111.632340494793,64.51612056170046,92.36942813208105,0.035567851013859376,0.05182309233868355,1,1,1,1.0,False,Trend,Trend,False
2020-11-09 00:00:00+09:00,15019.9580078125,13024.217138671875,12223.296940104166,69.99998889971783,152.2965664714274,0.03646516875667344,0.052282832459155416,1,1,1,1.0,False,Trend,Trend,False
2020-11-10 00:00:00+09:00,15307.8798828125,13195.96201171875,12342.758463541666,71.5517096191295,196.81407017939557,0.03582486027745142,0.05212872333746909,1,1,-1,0.5,False,Trend,Trend,False
2020-11-11 00:00:00+09:00,15691.77734375,13400.393798828125,12468.018636067709,72.26889635378572,235.01579092932013,0.0349001422509423,0.05215449379406886,1,1,-1,0.5,False,Trend,Trend,False
2020-11-12 00:00:00+09:00,15739.763671875,13621.134375,12595.277864583333,71.5517096191295,245.28359167835788,0.033795641581619545,0.05210090636127414,1,1,-1,0.5,False,Trend,Trend,False
2020-11-13 00:00:00+09:00,15787.7509765625,13832.2775390625,12713.292822265625,82.35292709306592,236.94570885953067,0.03390727314077443,0.05149648767098906,1,1,-1,0.5,False,Trend,Trend,False
2020-11-16 00:00:00+09:00,15115.931640625,13947.446533203125,12818.311848958334,71.171159609314,170.9068042226097,0.029661712362425107,0.05195429947015156,1,1,-1,0.5,False,Trend,Trend,False
2020-11-17 00:00:00+09:00,15211.90625,14062.61552734375,12921.182666015626,69.5238017712315,120.77317017531868,0.029664411386174656,0.051911651808852134,1,1,1,1.0,False,Trend,Trend,False
2020-11-18 00:00:00+09:00,14300.1513671875,14132.19677734375,13008.857568359375,56.41024838243809,18.650531099674367,0.033532117243509574,0.05269407024538624,1,1,1,1.0,False,Trend,Trend,False
2020-11-19 00:00:00+09:00,14060.2158203125,14177.78447265625,13094.632307942707,57.894734963017385,-67.87293944925773,0.0337250114953175,0.0527155531898132,1,1,-1,0.5,False,Trend,Trend,False
2020-11-20 00:00:00+09:00,14204.177734375,14220.9728515625,13184.755257161458,57.894734963017385,-115.42931481147923,0.03366383368958456,0.05264556325543144,1,1,-1,0.5,False,Trend,Trend,False
2020-11-23 00:00:00+09:00,14684.0478515625,14324.145068359376,13277.329329427082,58.260861871257276,-114.36892251105155,0.03129603751806862,0.0526112912992249,1,1,-1,0.5,False,Trend,Trend,False
2020-11-24 00:00:00+09:00,14684.0478515625,14415.3205078125,13372.152067057292,63.809517533624884,-113.25558952553956,0.0312226069107647,0.05253694608562344,1,1,-1,0.5,False,Trend,Trend,False
2020-11-25 00:00:00+09:00,14780.0224609375,14492.099853515625,13464.07705078125,59.13978118154264,-105.78442934514214,0.03075955827611727,0.05246210383614307,1,1,-1,0.5,False,Trend,Trend,False
2020-11-26 00:00:00+09:00,15403.8544921875,14583.27529296875,13525.92314453125,63.10679381462649,-60.79222520738733,0.0315115886774413,0.0436210121965588,1,1,-1,0.5,False,Trend,Trend,False
2020-11-27 00:00:00+09:00,16411.583984375,14744.032080078125,13558.092203776041,63.80952454786472,29.996873573243192,0.0328286571424967,0.03482287962845837,1,1,1,1.0,False,Trend,Trend,False
2020-11-30 00:00:00+09:00,16075.673828125,14880.795263671875,13586.91142578125,57.54717144139061,58.914951784103664,0.0335797715214787,0.03491648001209914,1,1,1,1.0,False,Trend,Trend,False
2020-12-01 00:00:00+09:00,14875.99609375,14935.98037109375,13583.743115234374,43.08942712793627,-7.7203685117490295,0.038297121110953306,0.035834801665284306,1,1,-1,0.5,False,Trend,Trend,False
2020-12-02 00:00:00+09:00,14444.11328125,14993.564892578124,13580.122770182292,39.69466763562068,-81.73709972846825,0.03799508553762384,0.03586443035518543,1,1,-1,0.5,False,Trend,Trend,False
2020-12-03 00:00:00+09:00,14396.1259765625,15015.15908203125,13575.70263671875,38.931305655176445,-131.81466710877822,0.03649639610343402,0.03586661222021236,1,1,-1,0.5,False,Trend,Trend,False
2020-12-04 00:00:00+09:00,14300.1513671875,15024.756494140625,13572.68115234375,42.85714774322161,-167.0244869321224,0.03647966732363516,0.03584184911185759,1,1,-1,0.5,False,Trend,Trend,False
2020-12-07 00:00:00+09:00,13820.2802734375,14964.772607421875,13574.404280598957,38.58267767004821,-215.18842787561675,0.034174927476146165,0.03541963181302305,1,1,-1,0.5,False,Trend,Trend,False
2020-12-08 00:00:00+09:00,13820.2802734375,14890.392626953126,13593.367220052083,45.37037002142457,-237.8322175107691,0.03375917906864485,0.03388642310882888,1,1,-1,0.5,False,Trend,Trend,False
2020-12-09 00:00:00+09:00,13964.2421875,14804.015869140625,13605.734847005207,49.056609569388826,-233.56406507717287,0.033237729818768665,0.03349505247975807,1,1,-1,0.5,False,Trend,Trend,False
2020-12-10 00:00:00+09:00,14012.2294921875,14717.63916015625,13616.653597005208,48.07692495844288,-218.2443079358592,0.03324314290931561,0.03347485115235064,1,1,-1,0.5,False,Trend,Trend,False
2020-12-11 00:00:00+09:00,14156.1904296875,14636.0611328125,13629.222135416667,44.32990577501477,-190.17847009470074,0.03338224040268726,0.033495464197792556,1,1,-1,0.5,False,Trend,Trend,False
2020-12-14 00:00:00+09:00,13820.2802734375,14571.278564453125,13634.693050130209,41.34615911440824,-185.78569033398654,0.03248667506978417,0.033639945217257335,1,1,-1,0.5,False,Trend,Trend,False
2020-12-15 00:00:00+09:00,13724.306640625,14496.898583984375,13628.07060546875,39.42308237948433,-180.72536996936063,0.032389727575695144,0.03312314103164768,1,1,-1,0.5,False,Trend,Trend,False
2020-12-16 00:00:00+09:00,13292.4228515625,14446.512158203124,13617.997884114584,28.000012210310388,-196.53701019126714,0.030259754809481614,0.033313287126848765,1,1,-1,0.5,False,Trend,Trend,False
2020-12-17 00:00:00+09:00,13772.2939453125,14432.116064453125,13622.669026692709,19.10113361532902,-165.96790444679675,0.03130027170722089,0.033417406312687636,1,1,-1,0.5,False,Trend,Trend,False
2020-12-18 00:00:00+09:00,13340.41015625,14388.927685546874,13629.136800130209,18.6813309687966,-165.7385208804969,0.03191303133574865,0.03324991926875429,1,1,-1,0.5,False,Trend,Trend,False
2020-12-21 00:00:00+09:00,13340.41015625,14321.74580078125,13641.601025390624,25.757594444924095,-156.59794598973218,0.030764641923446964,0.03303652978085648,1,1,-1,0.5,False,Trend,Trend,False
2020-12-22 00:00:00+09:00,12860.5390625,14230.570361328126,13655.062076822916,25.373143395194845,-172.61850679644888,0.0315446240890341,0.03288451223761844,1,1,-1,0.5,False,Trend,Trend,False
2020-12-23 00:00:00+09:00,12572.6162109375,14120.200048828125,13666.722639973957,23.611119747517932,-190.92663485149825,0.03157890545775686,0.03296225384341269,1,1,-1,0.5,False,Trend,Trend,False
2020-12-24 00:00:00+09:00,12812.5517578125,13990.634912109375,13687.629036458333,29.33334418694257,-175.5869731787409,0.030094128775136876,0.0328367852805771,1,1,-1,0.5,False,Trend,Trend,False
2020-12-28 00:00:00+09:00,12332.6806640625,13786.68974609375,13690.793343098958,29.33334418694257,-185.49783915874158,0.025405175043362392,0.03262838115981265,1,1,-1,0.5,False,Trend,Trend,False
2020-12-29 00:00:00+09:00,12524.62890625,13609.1375,13700.155013020832,32.91139925269805,-167.41897509101443,0.026198478063698787,0.032624400309859955,-1,1,-1,-0.19999999999999996,False,MeanReversion,Trend,False
2020-12-30 00:00:00+09:00,12956.5126953125,13513.163330078125,13706.220947265625,37.647053471834994,-117.05070663090362,0.023323650041723775,0.03224288382002116,-1,1,-1,-0.19999999999999996,False,MeanReversion,Trend,False
2021-01-04 00:00:00+09:00,13340.41015625,13457.978173828125,13720.933837890625,42.39130555000708,-51.88004602844876,0.024016218699166966,0.03241901908038017,-1,1,-1,-0.19999999999999996,False,MeanReversion,MeanReversion,False
2021-01-05 00:00:00+09:00,14108.203125,13443.58203125,13752.191064453125,49.52380749337203,43.76967305848996,0.02750560569464318,0.03307597021836218,-1,1,1,0.30000000000000004,False,Trend,MeanReversion,False
2021-01-06 00:00:00+09:00,13580.345703125,13407.591748046874,13770.1533203125,47.706430411377475,70.7238182050886,0.028719164389404833,0.0333828213707318,-1,1,1,0.30000000000000004,False,Trend,Trend,False
2021-01-07 00:00:00+09:00,13580.345703125,13395.59501953125,13794.861588541668,48.59813421835921,86.73336123733526,0.027743170278364794,0.03307888510525638,-1,1,1,0.30000000000000004,False,Trend,Trend,False
2021-01-08 00:00:00+09:00,13628.33203125,13385.997607421876,13824.117415364582,53.53534896733412,97.90848547772936,0.027760236246990783,0.03296757464272704,-1,1,1,0.30000000000000004,False,Trend,Trend,False
2021-01-11 00:00:00+09:00,12908.5263671875,13333.21181640625,13845.873828125,41.346152340937124,56.24582671637697,0.03006995121378183,0.033615010909824446,-1,1,-1,-0.19999999999999996,False,MeanReversion,Trend,False
2021-01-12 00:00:00+09:00,12716.578125,13268.429248046876,13869.067594401042,43.43434322670615,17.207926500469682,0.03011453938298452,0.03351429486783681,-1,1,-1,-0.19999999999999996,False,MeanReversion,Trend,False
2021-01-13 00:00:00+09:00,12764.564453125,13198.84794921875,13889.06220703125,43.99999104576509,-2.8655512716466944,0.02997877930517483,0.03342216657501691,-1,1,-1,-0.19999999999999996,False,MeanReversion,Trend,False
2021-01-14 00:00:00+09:00,13340.41015625,13174.854443359374,13897.859847005207,54.901964305167,23.69307172449348,0.03155534523030986,0.031215835661468447,-1,1,1,0.30000000000000004,False,Trend,Trend,False
2021-01-15 00:00:00+09:00,13004.5,13138.864111328125,13899.459407552084,54.36893299795131,19.84741494430591,0.031985351887265465,0.031383954358309235,-1,1,1,0.30000000000000004,False,Trend,Trend,False
2021-01-18 00:00:00+09:00,12572.6162109375,13102.873779296875,13893.860904947916,47.66354980212437,-9.023508995407951,0.032074486633813126,0.0316876266009684,-1,1,-1,-0.19999999999999996,False,MeanReversion,Trend,False
2021-01-19 00:00:00+09:00,12764.564453125,13052.4873046875,13887.462613932292,54.45544694102275,-12.234254779588326,0.031106601364104584,0.03165748598438516,-1,1,-1,-0.19999999999999996,False,MeanReversion,Trend,False
2021-01-20 00:00:00+09:00,12716.578125,13021.295703125,13877.065413411457,52.04082649756064,-14.477564821690208,0.03039898108774535,0.031598684670051294,-1,1,-1,-0.19999999999999996,False,MeanReversion,Trend,False
2021-01-21 00:00:00+09:00,12812.5517578125,12994.902783203124,13880.26455078125,48.35165105489592,-6.776721174647662,0.030476545783901847,0.030787543264515122,-1,1,-1,-0.19999999999999996,False,MeanReversion,Trend,False
2021-01-22 00:00:00+09:00,12860.5390625,12994.902783203124,13880.26455078125,44.047611548836215,3.7063045676805473,0.029380433963101228,0.030694666003487282,-1,1,-1,-0.19999999999999996,False,MeanReversion,Trend,False
2021-01-25 00:00:00+09:00,12716.578125,13002.10087890625,13871.466927083333,29.57745388881723,3.125474807588091,0.029026799558509956,0.030482439270925903,-1,1,-1,-0.19999999999999996,False,MeanReversion,MeanReversion,False
2021-01-26 00:00:00+09:00,12764.564453125,12999.701513671875,13857.870572916667,36.06554478422078,7.8829852959476625,0.028719278875084946,0.030301326093641827,-1,1,-1,-0.19999999999999996,False,MeanReversion,MeanReversion,False
2021-01-27 00:00:00+09:00,12620.603515625,13014.09765625,13848.273160807292,34.37497416433959,3.4694744835605604,0.027450162283822143,0.030115365743498,-1,1,-1,-0.19999999999999996,False,MeanReversion,MeanReversion,False
2021-01-28 00:00:00+09:00,12140.732421875,12994.90283203125,13828.278531901042,28.76710839423629,-27.905800336815446,0.02861638677894864,0.030470694992487356,-1,1,-1,-0.19999999999999996,False,MeanReversion,MeanReversion,True
2021-01-29 00:00:00+09:00,11276.96484375,12910.925439453125,13786.689713541668,27.631558864600635,-98.97121656685772,0.03157401087316278,0.031540462146458934,-1,1,-1,-0.19999999999999996,False,MeanReversion,MeanReversion,True
2021-02-01 00:00:00+09:00,11468.9130859375,12817.3505859375,13756.297884114583,32.894716759337484,-123.58938522778533,0.030945678525996303,0.031359985914696915,-1,1,-1,-0.19999999999999996,False,MeanReversion,MeanReversion,True
2021-02-02 00:00:00+09:00,11372.939453125,12680.58740234375,13713.109505208333,31.168829109407667,-135.89761008031303,0.027100505484578184,0.030621717570019608,-1,1,-1,-0.19999999999999996,False,MeanReversion,MeanReversion,True
2021-02-03 00:00:00+09:00,11420.9267578125,12572.616455078125,13668.321565755208,19.696949608051654,-130.34799429694328,0.026498124352291322,0.030585873268591676,-1,1,-1,-0.19999999999999996,False,MeanReversion,MeanReversion,True
2021-02-04 00:00:00+09:00,11085.0166015625,12447.85,13602.739208984374,19.696949608051654,-138.09869965340243,0.02682351709743695,0.029507209131532153,-1,1,-1,-0.19999999999999996,False,MeanReversion,MeanReversion,True
2021-02-05 00:00:00+09:00,11324.9521484375,12332.681005859375,13536.357080078125,29.032246417484146,-116.71560148416717,0.027590807322339622,0.0295423692103144,-1,1,-1,-0.19999999999999996,False,MeanReversion,MeanReversion,True
2021-02-08 00:00:00+09:00,11756.8359375,12275.096484375,13470.774723307291,34.32835322218901,-65.67723016528146,0.027335435144891163,0.029802754435083498,-1,1,-1,-0.19999999999999996,False,MeanReversion,MeanReversion,False
2021-02-09 00:00:00+09:00,11756.8359375,12227.109375,13404.392594401043,34.84847176733294,-26.139146681759712,0.027243186085600526,0.029791701604631536,-1,1,-1,-0.19999999999999996,False,MeanReversion,MeanReversion,False
2021-02-10 00:00:00+09:00,11708.8486328125,12174.323583984375,13336.410888671875,32.3076874909988,1.115266238993172,0.027183042223001396,0.02977384120109495,-1,1,-1,-0.19999999999999996,False,MeanReversion,MeanReversion,False
2021-02-15 00:00:00+09:00,11660.8623046875,12090.34619140625,13278.826399739582,30.76922836088326,19.239311468744575,0.024683908997025637,0.02934159049152823,-1,1,-1,-0.19999999999999996,False,MeanReversion,MeanReversion,False
2021-02-16 00:00:00+09:00,11372.939453125,12008.7681640625,13214.843619791667,29.411755903749167,15.3344880420197,0.02466409952609755,0.02942742720573084,-1,1,-1,-0.19999999999999996,False,MeanReversion,MeanReversion,True
2021-02-17 00:00:00+09:00,11037.029296875,11931.988818359376,13160.458251953125,25.67567864872521,-5.270294270193915,0.02445868887187976,0.028660105295364377,-1,1,-1,-0.19999999999999996,False,MeanReversion,MeanReversion,True
2021-02-18 00:00:00+09:00,11037.029296875,11845.612060546875,13110.071809895833,26.760563783981794,-13.813137052053492,0.023982329832467276,0.02861719876122331,-1,1,-1,-0.19999999999999996,False,MeanReversion,MeanReversion,True
2021-02-19 00:00:00+09:00,10941.0556640625,11756.8359375,13055.686442057291,30.15873733704639,-20.441289980625356,0.023969844870217503,0.028562020693120607,-1,1,-1,-0.19999999999999996,False,MeanReversion,MeanReversion,True
2021-02-22 00:00:00+09:00,10749.107421875,11653.663720703125,12990.1041015625,38.77552122269291,-31.600179195251712,0.023799840453107388,0.028180589449516635,-1,1,-1,-0.19999999999999996,False,MeanReversion,MeanReversion,True
2021-02-23 00:00:00+09:00,10557.1591796875,11538.4947265625,12921.322623697917,30.61226015449789,-44.94185552676532,0.02369452867562393,0.028220226861610496,-1,1,-1,-0.19999999999999996,False,MeanReversion,MeanReversion,True
2021-02-24 00:00:00+09:00,9837.3525390625,11394.533447265625,12838.944791666667,24.193553151786986,-92.53652605142236,0.02731838368897389,0.029396008159721102,-1,1,-1,-0.19999999999999996,False,MeanReversion,MeanReversion,True
2021-02-25 00:00:00+09:00,10653.1328125,11288.961865234374,12759.766097005207,39.74358338823192,-60.896839564674565,0.034161208283593675,0.030840422767785834,-1,1,-1,-0.19999999999999996,False,MeanReversion,MeanReversion,True
2021-02-26 00:00:00+09:00,10173.26171875,11166.594775390626,12655.794059244792,38.271602146704176,-63.79984493603354,0.035153663338222375,0.029881190688431872,-1,1,-1,-0.19999999999999996,False,MeanReversion,MeanReversion,True
2021-03-02 00:00:00+09:00,10269.236328125,11073.019970703124,12559.020100911459,35.897438573376036,-51.30681977748361,0.034783093412341475,0.029916554644620865,-1,1,-1,-0.19999999999999996,False,MeanReversion,MeanReversion,True
2021-03-03 00:00:00+09:00,10845.0810546875,11051.42578125,12491.83818359375,38.271602146704176,0.9223624593718114,0.03390557832755649,0.029529968493210795,-1,1,-1,-0.19999999999999996,False,MeanReversion,MeanReversion,False
2021-03-04 00:00:00+09:00,10701.1201171875,11013.0361328125,12429.454964192708,36.904762193176424,29.38103996432278,0.033695278157198034,0.02937915930112551,-1,1,-1,-0.19999999999999996,False,MeanReversion,MeanReversion,False
2021-03-05 00:00:00+09:00,10365.2109375,10962.64970703125,12362.273046875,34.44444972050806,29.132320990407834,0.03428078811093811,0.029582369460786302,-1,1,-1,-0.19999999999999996,False,MeanReversion,MeanReversion,True
2021-03-08 00:00:00+09:00,10269.236328125,10905.065185546875,12295.091129557291,34.06592988819064,26.149065611869673,0.03423031662856949,0.029586110926069865,-1,1,-1,-0.19999999999999996,False,MeanReversion,MeanReversion,True
2021-03-09 00:00:00+09:00,10365.2109375,10869.07490234375,12237.506640625,37.93103932236027,33.79839467053557,0.033870849185900866,0.029404938929765673,-1,1,-1,-0.19999999999999996,False,MeanReversion,MeanReversion,False
2021-03-10 00:00:00+09:00,10221.2490234375,10813.88974609375,12177.522786458334,39.759039984857246,32.32180942939908,0.033430345313359484,0.029421717955892414,-1,1,-1,-0.19999999999999996,False,MeanReversion,MeanReversion,True
2021-03-11 00:00:00+09:00,10173.26171875,10734.71103515625,12114.339778645834,39.28571601620096,31.25389035617428,0.03190017443034466,0.029352347851405565,-1,1,-1,-0.19999999999999996,False,MeanReversion,MeanReversion,True
2021-03-12 00:00:00+09:00,10893.068359375,10691.52265625,12062.353759765625,49.484533919596146,79.4256793473424,0.03610201890161704,0.030838338241308667,-1,1,1,0.30000000000000004,False,Trend,MeanReversion,False
2021-03-15 00:00:00+09:00,10893.068359375,10650.733642578125,12007.968391927083,51.61289899052672,109.81731324805958,0.03611196415705819,0.03078552603287218,-1,1,1,0.30000000000000004,False,Trend,Trend,False
2021-03-16 00:00:00+09:00,11180.9912109375,10626.740087890625,11963.980240885418,56.84210097883846,145.5957786038466,0.036716284076676944,0.030922766776207127,-1,1,1,0.30000000000000004,False,Trend,Trend,False
2021-03-17 00:00:00+09:00,11372.939453125,10626.740087890625,11924.790787760418,69.04761270250279,176.41832169377852,0.036538798749829245,0.03103248309025826,-1,1,1,0.30000000000000004,False,Trend,Trend,False
2021-03-18 00:00:00+09:00,11180.9912109375,10633.93818359375,11889.600260416666,57.74648129543934,177.61735025750858,0.036091316679474975,0.030856477338570894,-1,1,1,0.30000000000000004,False,Trend,Trend,False
2021-03-19 00:00:00+09:00,11133.00390625,10638.7369140625,11845.612093098958,66.12903014042512,168.96850360316546,0.03610819125526571,0.030443144629135145,-1,1,1,0.30000000000000004,False,Trend,Trend,False
2021-03-22 00:00:00+09:00,11420.9267578125,10662.73046875,11813.620703125,68.1818139771661,175.65247440631893,0.03646160404477201,0.030440063296669973,-1,1,1,0.30000000000000004,False,Trend,Trend,False
2021-03-23 00:00:00+09:00,11324.9521484375,10691.522705078125,11780.029736328124,58.92856753497925,166.69658672897634,0.03625452700964023,0.03044739236121667,-1,1,1,0.30000000000000004,False,Trend,Trend,False
2021-03-24 00:00:00+09:00,11564.8876953125,10741.909130859374,11758.435546875,65.51722565061971,169.4644873655139,0.03613488589653864,0.030267796688082393,-1,1,1,0.30000000000000004,False,Trend,Trend,False
2021-03-25 00:00:00+09:00,11756.8359375,10837.88330078125,11744.839208984375,76.36359465351606,175.98685194065007,0.03155610577437932,0.030231718432500193,-1,1,-1,-0.19999999999999996,False,MeanReversion,Trend,False
2021-03-26 00:00:00+09:00,12188.7197265625,10914.662646484376,11734.442008463542,82.25803328095813,199.43154508204464,0.027679134782133546,0.030504529002366918,-1,1,-1,-0.19999999999999996,False,MeanReversion,MeanReversion,False
2021-03-29 00:00:00+09:00,12716.578125,11041.828466796875,11740.840299479167,84.50701318713068,237.92414689782427,0.025799346932120052,0.03060606837696893,-1,1,-1,-0.19999999999999996,False,MeanReversion,MeanReversion,False
2021-03-30 00:00:00+09:00,12668.5908203125,11161.79619140625,11743.239664713541,86.95650122191556,246.5392358003191,0.026014029015048935,0.030547657956621014,-1,1,-1,-0.19999999999999996,False,MeanReversion,MeanReversion,False
2021-03-31 00:00:00+09:00,12476.642578125,11243.374267578125,11735.241829427083,83.3333239117986,226.22689773595187,0.024426754856470556,0.030286379776878664,-1,1,-1,-0.19999999999999996,False,MeanReversion,MeanReversion,False
2021-04-01 00:00:00+09:00,12140.732421875,11315.3548828125,11715.247200520833,70.3124821138077,179.14528529689642,0.02522369234760033,0.03022139716350709,-1,1,-1,-0.19999999999999996,False,MeanReversion,MeanReversion,False
2021-04-02 00:00:00+09:00,12476.642578125,11420.92646484375,11688.054524739584,73.23942289392282,160.21900071599123,0.023945075066555015,0.029514832501172966,-1,1,-1,-0.19999999999999996,False,MeanReversion,MeanReversion,False
2021-04-05 00:00:00+09:00,12572.6162109375,11536.095458984375,11671.259033203125,71.64177019105185,144.25471738724855,0.023549742413257538,0.029155821485148614,-1,1,-1,-0.19999999999999996,False,MeanReversion,MeanReversion,False
2021-04-06 00:00:00+09:00,12476.642578125,11641.667041015626,11652.863981119792,67.69230143061006,118.40542142264928,0.02388385614924069,0.029166878090377282,-1,1,1,0.30000000000000004,False,Trend,MeanReversion,False
2021-04-07 00:00:00+09:00,12428.6552734375,11752.037353515625,11632.869368489582,70.96772605318837,90.50795930056222,0.023468421152933076,0.029161254068784954,1,1,-1,0.5,False,Trend,MeanReversion,False
2021-04-08 00:00:00+09:00,12860.5390625,11886.401220703125,11632.069580078125,75.71427408541868,93.20714356297333,0.023812628645330604,0.02868177496618832,1,1,-1,0.5,False,Trend,Trend,False
2021-04-09 00:00:00+09:00,12764.564453125,11979.976025390624,11632.869352213542,71.21209832012657,81.04308957555776,0.020061259581137216,0.028631992130541725,1,1,-1,0.5,False,Trend,Trend,False
2021-04-12 00:00:00+09:00,12668.5908203125,12068.7521484375,11631.269791666668,71.2121202777538,60.016054339556774,0.020287924507959985,0.028644438707311523,1,1,-1,0.5,False,Trend,Trend,False
2021-04-13 00:00:00+09:00,12908.5263671875,12155.12890625,11624.071728515624,71.2121202777538,55.83629646874681,0.019999676366252092,0.028163459654709344,1,1,-1,0.5,False,Trend,Trend,False
2021-04-14 00:00:00+09:00,13772.2939453125,12275.096630859374,11636.868294270833,76.24999904606926,102.11943611357646,0.023736772052095335,0.029199996372191023,1,1,-1,0.5,False,Trend,Trend,False
2021-04-15 00:00:00+09:00,13388.396484375,12385.46689453125,11650.464632161458,65.82277274524628,97.74968476149786,0.02452038471893826,0.02909750840210942,1,1,1,1.0,False,Trend,Trend,False
2021-04-16 00:00:00+09:00,13436.3837890625,12500.635888671875,11661.66162109375,60.869551111801904,89.19983770500062,0.02435804871316278,0.029040731236021074,1,1,1,1.0,False,Trend,Trend,False
2021-04-19 00:00:00+09:00,13388.396484375,12599.009375,11672.85859375,60.869551111801904,72.15000492401316,0.024212757712971152,0.02904023279283363,1,1,1,1.0,False,Trend,Trend,False
2021-04-20 00:00:00+09:00,13340.41015625,12699.782275390626,11681.656233723957,63.636360833261385,50.50194403716313,0.02406388187665955,0.02903245987525919,1,1,1,1.0,False,Trend,Trend,False
2021-04-21 00:00:00+09:00,13052.4873046875,12774.162255859375,11684.85537109375,64.61538606039221,11.679337443188444,0.024760014492248014,0.02917386342893356,1,1,1,1.0,False,Trend,Trend,False
2021-04-22 00:00:00+09:00,13436.3837890625,12858.1396484375,11696.852132161459,65.15150814375737,6.974524469744381,0.02519188639289441,0.02936688711777813,1,1,1,1.0,False,Trend,Trend,False
2021-04-23 00:00:00+09:00,13244.435546875,12910.925439453125,11704.849983723958,60.29411896737841,-12.864243886452357,0.02461286975611615,0.029430500203081526,1,1,-1,0.5,False,Trend,Trend,False
2021-04-26 00:00:00+09:00,13436.3837890625,12946.91572265625,11718.446321614583,64.28570390279427,-16.620004269270225,0.023070996990888736,0.029440778624936714,1,1,-1,0.5,False,Trend,Trend,False
2021-04-27 00:00:00+09:00,13388.396484375,12982.906005859375,11739.24072265625,64.28570390279427,-25.37260938540959,0.023068017089363232,0.028981237977395262,1,1,-1,0.5,False,Trend,Trend,False
2021-04-28 00:00:00+09:00,13676.3193359375,13042.88984375,11779.229964192707,62.686560364049555,-15.303483218602423,0.023011936309323234,0.027339611781133505,1,1,-1,0.5,False,Trend,Trend,False
2021-04-29 00:00:00+09:00,13580.345703125,13114.8705078125,11814.4205078125,62.686579404416,-18.429597800078227,0.021956598340869195,0.02731138933081617,1,1,-1,0.5,False,Trend,Trend,False
2021-04-30 00:00:00+09:00,13388.396484375,13160.458203125,11848.011458333332,60.869551111801904,-35.74529045301392,0.0217602340328568,0.02736232520703391,1,1,-1,0.5,False,Trend,Trend,False
2021-05-03 00:00:00+09:00,12284.6943359375,13146.062109375,11862.407584635417,42.52873751425121,-119.1514897257332,0.02952404402312232,0.02966260323124147,1,1,-1,0.5,False,Trend,Trend,False
2021-05-04 00:00:00+09:00,12140.732421875,13129.2666015625,11880.002848307291,26.388887711196716,-178.08969739718327,0.029586220903540524,0.029432699879428204,1,1,-1,0.5,False,Trend,Trend,False
2021-05-06 00:00:00+09:00,11996.771484375,13107.672412109376,11891.199837239583,28.35821666203971,-218.19623895366988,0.029676932694394656,0.02936533494938226,1,1,-1,0.5,False,Trend,Trend,False
2021-05-07 00:00:00+09:00,12140.732421875,13071.682080078124,11897.598111979167,30.434778761714455,-225.52519104835127,0.02865935388448757,0.02901102948741101,1,1,-1,0.5,False,Trend,Trend,False
2021-05-10 00:00:00+09:00,12572.6162109375,13062.08466796875,11911.194449869792,38.96103930427612,-193.037008020586,0.0298469342137217,0.029349097175348924,1,1,-1,0.5,False,Trend,Trend,False
2021-05-11 00:00:00+09:00,12476.642578125,13052.487255859374,11923.991015625,38.46153645458284,-170.5419574268841,0.02984833021692775,0.02936346411269235,1,1,-1,0.5,False,Trend,Trend,False
2021-05-12 00:00:00+09:00,12092.7451171875,13011.698193359374,11931.1890625,37.499993640460104,-173.47556281744957,0.03021920013132755,0.029652112305273225,1,1,-1,0.5,False,Trend,Trend,False
2021-05-13 00:00:00+09:00,11948.7841796875,12920.522705078125,11940.786474609375,29.333332971546156,-176.48599841342053,0.0256529885588423,0.029508792914710872,1,1,-1,0.5,False,Trend,Trend,False
2021-05-14 00:00:00+09:00,11804.8232421875,12841.34404296875,11953.583040364583,29.729731216254905,-178.98453039541096,0.025201788116732807,0.029282005718095708,1,1,-1,0.5,False,Trend,Trend,False
2021-05-17 00:00:00+09:00,11996.771484375,12769.363427734375,11969.578743489583,29.729731216254905,-159.186352882071,0.02561347306990282,0.029345510010680448,1,1,-1,0.5,False,Trend,Trend,False
2021-05-18 00:00:00+09:00,12092.7451171875,12704.580859375,11988.773567708333,31.99999348782916,-132.21294045410804,0.025792515783013992,0.029327063744231427,1,1,-1,0.5,False,Trend,Trend,False
2021-05-20 00:00:00+09:00,13244.435546875,12699.78212890625,12030.362369791666,45.161288910819806,-34.481500975132576,0.033574881374136986,0.03139355282048937,1,1,-1,0.5,False,Trend,Trend,False
2021-05-21 00:00:00+09:00,13340.41015625,12714.178271484376,12076.749886067708,47.311826545228726,35.18172850552382,0.0332241542406606,0.031269463143843615,1,1,1,1.0,False,Trend,Trend,False
2021-05-24 00:00:00+09:00,13964.2421875,12740.57119140625,12145.531380208333,55.88236115650078,117.20692734550087,0.03415985266148362,0.030157228385452737,1,1,1,1.0,False,Trend,Trend,False
2021-05-25 00:00:00+09:00,14108.203125,12783.7595703125,12203.115885416666,73.1707292860761,171.78908219265216,0.033984391547922294,0.02856647641629893,1,1,-1,0.5,False,Trend,Trend,False
2021-05-26 00:00:00+09:00,15451.841796875,12884.532470703125,12291.092220052084,82.24300131917089,282.47827024959406,0.03922645384646789,0.029887235892137702,1,-1,-1,-0.30000000000000004,True,Defensive,Trend,False
2021-05-27 00:00:00+09:00,16123.6611328125,13021.295703125,12388.665966796874,86.44068381227498,379.0139839609721,0.03992284663070622,0.030237549144073464,1,-1,-1,-0.30000000000000004,True,Defensive,Defensive,False
2021-05-28 00:00:00+09:00,17131.388671875,13194.049169921875,12493.437760416668,88.23529763850033,482.1910397649926,0.04148339955121287,0.03040714755402745,1,-1,-1,-0.30000000000000004,True,Defensive,Defensive,False
2021-05-31 00:00:00+09:00,19098.859375,13469.974853515625,12633.400081380209,90.47619393716508,644.2716040498555,0.046559968423803465,0.03295678854032339,1,-1,-1,-0.30000000000000004,True,Defensive,Defensive,False
2021-06-01 00:00:00+09:00,18954.8984375,13748.299951171875,12776.561539713543,89.94082932865408,698.5601553709123,0.04634751532763509,0.03258451975376646,1,-1,-1,-0.30000000000000004,True,Defensive,Defensive,False
2021-06-02 00:00:00+09:00,21162.3046875,14192.18046875,12958.112679036458,95.65218288933293,830.907466462219,0.044010262986038155,0.034945564451188786,1,1,-1,0.5,False,Trend,Defensive,False
2021-06-03 00:00:00+09:00,21834.123046875,14676.85,13149.261214192707,97.24771198882476,905.3511932293263,0.04304554875098489,0.03503109094415615,1,1,-1,0.5,False,Trend,Trend,False
2021-06-04 00:00:00+09:00,24089.517578125,15281.4873046875,13380.3990234375,98.85496435201162,1038.596265214602,0.04451463389431123,0.03656258851176522,1,1,-1,0.5,False,Trend,Trend,False
2021-06-07 00:00:00+09:00,30711.734375,16210.03740234375,13722.706901041667,99.24242587756773,1478.0251786850547,0.06395958245646594,0.04689310368772081,1,-1,-1,-0.30000000000000004,True,Defensive,Trend,False
2021-06-08 00:00:00+09:00,24329.453125,16797.879248046876,13946.646647135416,74.1935523732443,1253.0431996367997,0.08945696295005548,0.056586288492161144,1,-1,-1,-0.30000000000000004,True,Defensive,Defensive,False
2021-06-09 00:00:00+09:00,25049.2578125,17426.510009765625,14182.583138020833,73.74517568675772,1073.7978658895827,0.0889533663647635,0.05659451983481107,1,-1,-1,-0.30000000000000004,True,Defensive,Defensive,False
2021-06-10 00:00:00+09:00,22457.95703125,17944.77060546875,14370.532568359375,66.666671427025,718.8612937220328,0.09358870100793744,0.05875364674091113,1,-1,1,0.19999999999999996,True,Defensive,Defensive,False
2021-06-11 00:00:00+09:00,22793.865234375,18487.024658203125,14560.881331380207,66.31205983403058,457.58042722523487,0.09313223337795852,0.05875093060184613,1,-1,1,0.19999999999999996,True,Defensive,Defensive,False
2021-06-14 00:00:00+09:00,22601.91796875,19026.87939453125,14751.230110677083,65.66372274289171,233.96849619660316,0.09304381389093556,0.05869061345184974,1,-1,1,0.19999999999999996,True,Defensive,Defensive,False
2021-06-15 00:00:00+09:00,22649.904296875,19559.53603515625,14943.178450520832,63.94052469276366,60.46757097128875,0.09322589839024037,0.05866673272128996,1,-1,1,0.19999999999999996,True,Defensive,Defensive,False
2021-06-16 00:00:00+09:00,23465.685546875,20128.183056640624,15143.924430338542,64.1404857924496,-23.668481051463004,0.09305881529849541,0.05871946691785864,1,-1,-1,-0.30000000000000004,True,Defensive,Defensive,False
2021-06-17 00:00:00+09:00,23129.775390625,20622.450048828126,15340.671484375,61.859587657274474,-120.82612069066636,0.09259483159179067,0.058759806566272145,1,-1,-1,-0.30000000000000004,True,Defensive,Defensive,False
2021-06-18 00:00:00+09:00,24233.478515625,21167.103466796874,15551.814664713542,60.5108103710154,-128.90413158259935,0.09255127560809433,0.05891994336721524,1,-1,-1,-0.30000000000000004,True,Defensive,Defensive,False
2021-06-21 00:00:00+09:00,24761.3359375,21706.958154296874,15768.556331380209,61.702131177095296,-117.1806231580731,0.09249106338701625,0.05892964909951989,1,-1,-1,-0.30000000000000004,True,Defensive,Defensive,False
2021-06-22 00:00:00+09:00,25673.091796875,22285.202587890624,15993.295865885417,59.59184141336691,-68.89389196107732,0.09240142098032408,0.05893022156828701,1,-1,-1,-0.30000000000000004,True,Defensive,Defensive,False
2021-06-23 00:00:00+09:00,24953.28515625,22760.274755859376,16197.240983072918,56.61914921183759,-104.18679532394435,0.09210727460506725,0.05902887411254012,1,-1,-1,-0.30000000000000004,True,Defensive,Defensive,False
2021-06-24 00:00:00+09:00,23657.6328125,23136.97333984375,16380.391682942709,49.04458356546335,-226.52734682081154,0.09357196850773238,0.05958628575104498,1,-1,-1,-0.30000000000000004,True,Defensive,Defensive,False
2021-06-25 00:00:00+09:00,23753.607421875,23468.08427734375,16568.34109700521,28.358205328486136,-307.6877012079417,0.0931068080127998,0.05949732139241528,1,-1,-1,-0.30000000000000004,True,Defensive,Defensive,False
2021-06-28 00:00:00+09:00,22793.865234375,23652.8345703125,16745.893310546875,42.79278593825942,-425.45464307132625,0.09129681158908426,0.05967542710467909,1,-1,-1,-0.30000000000000004,True,Defensive,Defensive,False
2021-06-29 00:00:00+09:00,23225.75,23866.3771484375,16925.04510091146,41.20371103156819,-470.21226883794543,0.09123758640397601,0.059644913336116726,1,-1,-1,-0.30000000000000004,True,Defensive,Defensive,False
2021-06-30 00:00:00+09:00,22889.83984375,23952.75390625,17096.998828125,52.66271505321962,-514.7899703297383,0.08825664074971105,0.05973092135248145,1,-1,-1,-0.30000000000000004,True,Defensive,Defensive,False
2021-07-01 00:00:00+09:00,23849.58203125,24053.52685546875,17286.547819010415,56.04395800995208,-473.05924582672696,0.08844382276583297,0.05981816275225744,1,-1,-1,-0.30000000000000004,True,Defensive,Defensive,False
2021-07-02 00:00:00+09:00,23753.607421875,24036.73134765625,17475.297021484374,56.66665837571705,-445.71484743579026,0.08564204314495154,0.05981890906319432,1,-1,-1,-0.30000000000000004,True,Defensive,Defensive,False
2021-07-05 00:00:00+09:00,23945.556640625,23698.4224609375,17660.047314453124,57.37704845111495,-409.4304577260523,0.06380470923907482,0.05974098689470312,1,1,-1,0.5,False,Trend,Defensive,False
2021-07-06 00:00:00+09:00,25001.271484375,23732.01337890625,17863.992431640625,58.5106281640719,-313.3880632138669,0.03838973746423045,0.059842097109267134,1,1,-1,0.5,False,Trend,Trend,False
2021-07-07 00:00:00+09:00,24329.453125,23696.02314453125,18058.34013671875,56.41025641025641,-294.45806842223897,0.03831182353592766,0.0600004693813184,1,1,-1,0.5,False,Trend,Trend,False
2021-07-08 00:00:00+09:00,24233.478515625,23784.79921875,18247.08933919271,50.0,-287.4328411176516,0.028775259137368937,0.060021524233265115,1,1,-1,0.5,False,Trend,Trend,False
2021-07-09 00:00:00+09:00,25049.2578125,23897.56884765625,18435.038736979168,51.666662144329486,-229.39644360411148,0.02942649585014242,0.05967445552547069,1,1,-1,0.5,False,Trend,Trend,False
2021-07-12 00:00:00+09:00,24473.4140625,23991.14365234375,18619.789029947915,42.77456443410841,-230.71688758173104,0.029956556162461956,0.0596234891707789,1,1,-1,0.5,False,Trend,Trend,False
2021-07-13 00:00:00+09:00,24473.4140625,24082.319140625,18803.73953450521,46.8354420597409,-231.89697671263252,0.029967226770317566,0.05963186373698352,1,1,-1,0.5,False,Trend,Trend,False
2021-07-14 00:00:00+09:00,24857.310546875,24151.900390625,18994.888102213543,58.99280996853721,-207.89931502400123,0.02918790361113383,0.059609226313942755,1,1,-1,0.5,False,Trend,Trend,False
2021-07-15 00:00:00+09:00,25001.271484375,24245.4751953125,19189.235791015624,59.28571387039736,-184.21700545147405,0.0289059016548905,0.059584459371699455,1,1,-1,0.5,False,Trend,Trend,False
2021-07-16 00:00:00+09:00,24089.517578125,24238.2771484375,19373.186295572916,59.71224053802709,-228.9272054439516,0.02845458465914837,0.05975788388235949,1,1,-1,0.5,False,Trend,Trend,False
2021-07-19 00:00:00+09:00,23801.59375,24190.2900390625,19545.939794921876,54.41175590374917,-273.82757327143486,0.028085862389922424,0.05977404926385147,1,1,-1,0.5,False,Trend,Trend,False
2021-07-20 00:00:00+09:00,24089.517578125,24111.111328125,19726.691162109375,59.25926484239494,-279.120022572009,0.0268524181249453,0.05969211701846492,1,1,-1,0.5,False,Trend,Trend,False
2021-07-21 00:00:00+09:00,23417.697265625,24034.33193359375,19893.04638671875,46.51161983573812,-319.9220148608872,0.02684485613675408,0.05989246455117801,1,1,-1,0.5,False,Trend,Trend,False
2021-07-22 00:00:00+09:00,22553.9296875,23979.14677734375,20045.8052734375,41.37930550522504,-392.362251985719,0.025494395807263634,0.060176210842200754,1,1,-1,0.5,False,Trend,Trend,False
2021-07-23 00:00:00+09:00,22457.95703125,23914.3642578125,20192.165901692708,39.160834981062614,-430.94213996304825,0.025451648577089845,0.06017601387701957,1,1,-1,0.5,False,Trend,Trend,False
2021-07-26 00:00:00+09:00,21882.111328125,23868.7765625,20330.528662109376,25.56390862397359,-475.91876807369704,0.024447220851859887,0.060307149259914136,1,1,-1,0.5,False,Trend,Trend,False
2021-07-27 00:00:00+09:00,22026.072265625,23808.79267578125,20474.48992513021,30.32786037535051,-475.5259064625099,0.024049328710068353,0.060237200999065044,1,1,-1,0.5,False,Trend,Trend,False
2021-07-28 00:00:00+09:00,21642.17578125,23746.40947265625,20630.44794921875,28.90624478318894,-479.3197298646353,0.02413722867362249,0.0590569884788647,1,1,-1,0.5,False,Trend,Trend,False
2021-07-29 00:00:00+09:00,21642.17578125,23636.03916015625,20788.805338541668,18.018027267507136,-459.94696443039993,0.021846242379490496,0.059004762510787276,1,1,-1,0.5,False,Trend,Trend,False
2021-07-30 00:00:00+09:00,20874.3828125,23492.0779296875,20936.76552734375,17.391310502994187,-475.01982369258985,0.02293383356300058,0.05923681814439788,1,1,-1,0.5,False,Trend,Trend,False
2021-08-02 00:00:00+09:00,20922.369140625,23340.9185546875,21083.126139322918,18.103443133784722,-457.7485938204103,0.022777840594337184,0.05924243691139141,1,1,-1,0.5,False,Trend,Trend,False
2021-08-03 00:00:00+09:00,19866.654296875,23084.1876953125,21204.693440755207,10.0,-490.5024306007358,0.021698387476545043,0.059656832531216085,1,1,-1,0.5,False,Trend,Trend,False
2021-08-04 00:00:00+09:00,20778.408203125,22906.63544921875,21343.056201171876,19.86301026168553,-426.2167862480561,0.02472458878760468,0.05981396114830763,1,1,-1,0.5,False,Trend,Trend,False
2021-08-05 00:00:00+09:00,20778.408203125,22733.88193359375,21487.817252604167,22.83463961296178,-361.6932047951731,0.024773455383205356,0.05959759550626816,1,1,-1,0.5,False,Trend,Trend,False
2021-08-06 00:00:00+09:00,21498.21484375,22556.32978515625,21646.97443033854,32.35294645775049,-253.64217155554132,0.024856256104193224,0.05961898604860085,1,1,-1,0.5,False,Trend,Trend,False
2021-08-09 00:00:00+09:00,20586.458984375,22361.98203125,21793.335026041666,25.503341038308704,-227.51759381813218,0.025903539157653022,0.05994870541292872,1,1,-1,0.5,False,Trend,Trend,False
2021-08-10 00:00:00+09:00,20634.447265625,22170.03369140625,21937.2962890625,28.676473228875253,-192.34523720836825,0.025949640798392806,0.05994841232424549,1,1,-1,0.5,False,Trend,Trend,False
2021-08-11 00:00:00+09:00,20490.486328125,21951.69248046875,22077.258642578126,32.2314107965468,-165.15705814827362,0.025329998001921213,0.05998408183828737,-1,1,-1,-0.19999999999999996,False,MeanReversion,Trend,False
2021-08-12 00:00:00+09:00,20826.39453125,21742.9486328125,22203.624625651042,36.50791958761421,-113.39790233352085,0.025770952379484596,0.059016821837657926,-1,1,-1,-0.19999999999999996,False,MeanReversion,Trend,False
2021-08-13 00:00:00+09:00,19962.626953125,21536.6041015625,22313.99490559896,34.84847176733294,-125.25348372418182,0.026093310664044342,0.05936748521398543,-1,1,-1,-0.19999999999999996,False,MeanReversion,Trend,False
2021-08-17 00:00:00+09:00,19818.666015625,21337.45771484375,22411.56863606771,32.57574869926165,-130.13820457530517,0.026089884246896955,0.059171348113879016,-1,1,-1,-0.19999999999999996,False,MeanReversion,Trend,False
2021-08-18 00:00:00+09:00,20058.6015625,21135.9119140625,22510.741943359375,37.20929498808942,-105.6016718765195,0.026090294428056625,0.05917404377661191,-1,1,-1,-0.19999999999999996,False,MeanReversion,Trend,False
2021-08-19 00:00:00+09:00,18714.962890625,20900.7751953125,22565.127294921876,30.57323949102411,-164.73003257710002,0.029113827108551458,0.05888454882517002,-1,1,-1,-0.19999999999999996,False,MeanReversion,Trend,False
2021-08-20 00:00:00+09:00,18714.962890625,20708.82685546875,22608.315657552084,34.04254213642477,-187.07498710932316,0.028528920658999268,0.058658204511058104,-1,1,-1,-0.19999999999999996,False,MeanReversion,Trend,False
2021-08-23 00:00:00+09:00,19002.88671875,20536.07333984375,22639.507291666665,36.301378455372834,-166.39244802297185,0.029041134977483965,0.05818659548788654,-1,1,-1,-0.19999999999999996,False,MeanReversion,Trend,False
2021-08-24 00:00:00+09:00,19914.640625,20437.6998046875,22653.103645833333,50.34964477661813,-79.63470214084896,0.031201747591170254,0.05679015033043665,-1,1,-1,-0.19999999999999996,False,MeanReversion,Trend,False
2021-08-25 00:00:00+09:00,20010.615234375,20336.926953125,22670.69892578125,43.65079929089744,-7.8899064508918855,0.03117092902356379,0.05678210088356006,-1,1,-1,-0.19999999999999996,False,MeanReversion,Trend,False
2021-08-26 00:00:00+09:00,19290.80859375,20219.35859375,22639.50732421875,39.00709670249417,-1.3591887034159527,0.03186554168584546,0.055133322343949326,-1,1,-1,-0.19999999999999996,False,MeanReversion,MeanReversion,False
2021-08-27 00:00:00+09:00,19626.71875,20118.5857421875,22602.717252604165,35.33835414798652,31.3307348761507,0.032260867499591006,0.055021747182707144,-1,1,-1,-0.19999999999999996,False,MeanReversion,MeanReversion,False
2021-08-30 00:00:00+09:00,19578.73046875,20053.803125,22527.537467447917,40.86957229583211,54.13217156481903,0.031412553746153184,0.05343007561794835,-1,1,-1,-0.19999999999999996,False,MeanReversion,MeanReversion,False
2021-08-31 00:00:00+09:00,20058.6015625,20010.61474609375,22349.98525390625,45.161286087300454,103.10378122123643,0.03199153605945924,0.042729956205763475,-1,1,1,0.30000000000000004,False,Trend,MeanReversion,False
2021-09-01 00:00:00+09:00,21018.34375,20068.19921875,22294.80009765625,53.900703897052345,196.3004333569976,0.03152227341242535,0.031436832569719776,-1,1,1,0.30000000000000004,False,Trend,Trend,False
2021-09-02 00:00:00+09:00,20442.498046875,20051.4037109375,22218.020768229166,47.26027721860327,213.88592267074182,0.03059339131414191,0.031326093325569626,-1,1,1,0.30000000000000004,False,Trend,Trend,False
2021-09-03 00:00:00+09:00,20874.3828125,20056.20244140625,22191.627864583334,56.93431003898088,246.98145454188273,0.030977468726525827,0.028227283895904676,-1,1,1,0.30000000000000004,False,Trend,Trend,False
2021-09-06 00:00:00+09:00,20970.357421875,20029.8095703125,22161.236067708334,58.82353117218924,266.06353602147254,0.029968309926222906,0.02815931037396315,-1,1,1,0.30000000000000004,False,Trend,Trend,False
2021-09-07 00:00:00+09:00,21018.34375,20051.40380859375,22134.8431640625,57.575754772657056,271.6930314207651,0.028284665226074503,0.028147764421365292,-1,1,1,0.30000000000000004,False,Trend,Trend,False
2021-09-08 00:00:00+09:00,20298.537109375,20034.60830078125,22095.6537109375,63.86553615891865,218.97760209598744,0.029395114005020553,0.028476280069253353,-1,1,1,0.30000000000000004,False,Trend,Trend,False
2021-09-09 00:00:00+09:00,20058.6015625,20013.0140625,22038.868977864582,61.29031411009034,162.58129208347265,0.029469461997519455,0.02808052621499392,-1,1,1,0.30000000000000004,False,Trend,Trend,False
2021-09-10 00:00:00+09:00,19578.73046875,19950.630859375,21979.684895833332,54.68748608851709,91.15158340788065,0.029606481517115212,0.028178624038579035,-1,1,1,0.30000000000000004,False,Trend,Trend,False
2021-09-13 00:00:00+09:00,19482.755859375,19926.6373046875,21900.506184895832,45.94594099086794,38.33531894035019,0.028140053964831845,0.027422856325888464,-1,1,1,0.30000000000000004,False,Trend,Trend,False
2021-09-14 00:00:00+09:00,20154.576171875,19943.4328125,21823.72685546875,51.21950815972533,48.865820817047336,0.029161802832915716,0.027660492382806438,-1,1,1,0.30000000000000004,False,Trend,Trend,False
2021-09-15 00:00:00+09:00,20202.5625,19950.630859375,21732.5513671875,58.715580571950056,58.62581971523912,0.029046435493741845,0.027180611223251633,-1,1,1,0.30000000000000004,False,Trend,Trend,False
2021-09-16 00:00:00+09:00,20970.357421875,20063.4005859375,21666.16923828125,61.864395964253475,113.19412975083753,0.025099194756187517,0.027501629240135276,-1,1,1,0.30000000000000004,False,Trend,Trend,False
2021-09-17 00:00:00+09:00,20778.408203125,20166.5728515625,21618.182161458335,60.330572952528826,131.4802389082958,0.025292378703196283,0.026709017001674856,-1,1,1,0.30000000000000004,False,Trend,Trend,False
2021-09-23 00:00:00+09:00,20250.55078125,20228.9560546875,21559.797884114585,51.63935027830155,104.33023255916319,0.02608509828830438,0.026867875871566808,-1,1,1,0.30000000000000004,False,Trend,Trend,False
2021-09-24 00:00:00+09:00,19722.69140625,20219.35859375,21508.611653645832,38.053101488864485,49.88708310269732,0.0247376323857191,0.026573502931524072,-1,1,-1,-0.19999999999999996,False,MeanReversion,Trend,False
2021-09-27 00:00:00+09:00,19818.666015625,20209.7611328125,21451.826920572916,43.68932882856183,20.889044899519178,0.024738160131080884,0.02644591586428174,-1,1,-1,-0.19999999999999996,False,MeanReversion,Trend,False
2021-09-28 00:00:00+09:00,20154.576171875,20252.94951171875,21406.239192708334,42.5742622136271,24.62415026540714,0.02348200390838621,0.026516239483422733,-1,1,-1,-0.19999999999999996,False,MeanReversion,Trend,False
2021-09-29 00:00:00+09:00,19626.71875,20252.94951171875,21335.858138020834,37.27273568202883,-6.499796858026372,0.024038293175616406,0.02608260840956896,-1,1,-1,-0.19999999999999996,False,MeanReversion,Trend,False
2021-09-30 00:00:00+09:00,19722.69140625,20260.14755859375,21268.676204427084,37.83783684682187,-18.014961454654923,0.024054838112944968,0.026103424335386212,-1,1,-1,-0.19999999999999996,False,MeanReversion,Trend,False
2021-10-01 00:00:00+09:00,18906.912109375,20202.5630859375,21184.698795572916,37.16815147413395,-74.78089698108488,0.025152177567542087,0.026543112717659974,-1,1,-1,-0.19999999999999996,False,MeanReversion,Trend,False
2021-10-05 00:00:00+09:00,18714.962890625,20087.39404296875,21079.926985677084,37.50000454252586,-116.95155593568487,0.02229104563483468,0.02582301017941242,-1,1,-1,-0.19999999999999996,False,MeanReversion,Trend,False
2021-10-06 00:00:00+09:00,17419.3125,19936.234765625,20964.757975260418,32.55815200861221,-217.93259675547654,0.026367296863421028,0.027085997457101607,-1,1,-1,-0.19999999999999996,False,MeanReversion,Trend,False
2021-10-07 00:00:00+09:00,18235.091796875,19804.27021484375,20864.78486328125,40.97222379247889,-215.23803011616445,0.0283159568675065,0.027885078854505876,-1,1,-1,-0.19999999999999996,False,MeanReversion,Trend,False
2021-10-08 00:00:00+09:00,18331.06640625,19672.3056640625,20752.815006510416,35.60605570063015,-193.14853744000112,0.028330305391524528,0.02747306476223076,-1,1,-1,-0.19999999999999996,False,MeanReversion,Trend,False
2021-10-12 00:00:00+09:00,18187.10546875,19530.74375,20648.043196614584,34.3283627423763,-174.93255005496417,0.028251208943231153,0.027373355067987756,-1,1,-1,-0.19999999999999996,False,MeanReversion,Trend,False
2021-10-13 00:00:00+09:00,20874.3828125,19559.53603515625,20588.059342447916,49.42528466765362,20.98240658395497,0.04227060214729857,0.0329991022279841,-1,1,1,0.30000000000000004,False,Trend,Trend,False
2021-10-14 00:00:00+09:00,21546.201171875,19633.916015625,20532.874186197918,54.34782512521108,189.33574173692483,0.042670414360436136,0.033214703231336636,-1,1,1,0.30000000000000004,False,Trend,Trend,False
2021-10-15 00:00:00+09:00,22505.943359375,19780.27666015625,20491.285384114584,62.176165584573745,349.53171809469535,0.04303767388819062,0.033726707664853785,-1,1,1,0.30000000000000004,False,Trend,Trend,False
2021-10-18 00:00:00+09:00,22170.033203125,19914.64052734375,20459.293977864585,63.492069644907964,412.7349230154275,0.04324380924261487,0.033453061802599895,-1,1,1,0.30000000000000004,False,Trend,Trend,False
2021-10-19 00:00:00+09:00,22074.05859375,20010.6146484375,20430.501725260416,62.433863459336514,426.20314111250536,0.04280986588956763,0.03342633217592502,-1,1,1,0.30000000000000004,False,Trend,Trend,False
2021-10-20 00:00:00+09:00,20922.369140625,20046.60498046875,20377.71591796875,53.88349457016114,339.44774859111857,0.04474437971536726,0.03405181016173462,-1,-1,1,-0.5,True,Defensive,Trend,False
2021-10-21 00:00:00+09:00,22170.033203125,20106.58876953125,20356.921516927083,61.99094889290334,346.7694655781577,0.0458311429689902,0.03475049500524683,-1,-1,1,-0.5,True,Defensive,Defensive,False
2021-10-22 00:00:00+09:00,21690.162109375,20152.17646484375,20342.525390625,58.95196723866764,301.63546013451537,0.04609270326198382,0.03452809100872588,-1,-1,1,-0.5,True,Defensive,Defensive,False
2021-10-25 00:00:00+09:00,24713.349609375,20375.31640625,20380.115266927085,71.99999940798469,448.85875069459416,0.053724086631614376,0.0384487385316981,-1,-1,-1,-1.0,True,Defensive,Defensive,False
2021-10-26 00:00:00+09:00,25049.2578125,20641.6447265625,20432.901041666668,73.74100861618008,536.4112530038394,0.05303890091610984,0.03830645030737985,1,-1,-1,-0.30000000000000004,True,Defensive,Defensive,False
2021-10-27 00:00:00+09:00,24665.361328125,20883.9794921875,20476.889192708335,79.15057678427387,534.8147710963408,0.05337505096237066,0.03836980173134501,1,-1,-1,-0.30000000000000004,True,Defensive,Defensive,False
2021-10-28 00:00:00+09:00,23225.75,21037.53818359375,20503.282096354167,69.11765344036914,408.8329171732785,0.05565424756086977,0.0391217294573461,1,-1,1,0.19999999999999996,True,Defensive,Defensive,False
2021-10-29 00:00:00+09:00,23417.697265625,21227.087109375,20532.87412109375,69.34306851251432,314.6833436918721,0.0550885951474197,0.03913196074537351,1,-1,1,0.19999999999999996,True,Defensive,Defensive,False
2021-11-01 00:00:00+09:00,23081.7890625,21395.0419921875,20569.664225260418,68.34533185130701,211.01737327106582,0.05533053258524625,0.038879762134955385,1,-1,1,0.19999999999999996,True,Defensive,Defensive,False
2021-11-02 00:00:00+09:00,24089.517578125,21654.172265625,20622.450032552082,63.786013537879384,192.08785621337972,0.05453733651210595,0.03923950743383535,1,-1,1,0.19999999999999996,True,Defensive,Defensive,False
2021-11-03 00:00:00+09:00,23609.646484375,21898.9064453125,20684.833235677084,58.99582124364067,131.88888422343837,0.054795395200857536,0.03870865943394179,1,-1,1,0.19999999999999996,True,Defensive,Defensive,False
2021-11-04 00:00:00+09:00,25193.220703125,22287.60185546875,20758.413444010417,61.11111649485002,180.36240480369963,0.052318139652344296,0.039161181034253804,1,-1,1,0.19999999999999996,True,Defensive,Defensive,False
2021-11-05 00:00:00+09:00,25433.15625,22647.505078125,20835.992578125,63.60000944264772,208.2497128851694,0.05194880807815147,0.039167126571297325,1,-1,1,0.19999999999999996,True,Defensive,Defensive,False
2021-11-08 00:00:00+09:00,25481.142578125,23005.00888671875,20902.37470703125,64.25703789367867,209.04768908988126,0.05199304668079387,0.03895957365223968,1,-1,1,0.19999999999999996,True,Defensive,Defensive,False
2021-11-09 00:00:00+09:00,25337.181640625,23362.5126953125,20981.55341796875,70.17545018420806,180.09867761275564,0.051940696054554966,0.03850380446918428,1,-1,-1,-0.30000000000000004,True,Defensive,Defensive,False
2021-11-10 00:00:00+09:00,24665.361328125,23552.06162109375,21048.735319010415,62.037039479659455,99.92515211592968,0.04418483518601352,0.03870240104609986,1,1,1,1.0,False,Trend,Defensive,False
2021-11-11 00:00:00+09:00,24761.3359375,23712.818359375,21119.916145833333,65.38462215809196,40.619050872988055,0.04384814578954164,0.038680355475238855,1,1,1,1.0,False,Trend,Defensive,False
2021-11-12 00:00:00+09:00,25145.232421875,23844.7828125,21191.89677734375,52.941171776115326,15.783093100212227,0.043054692571592126,0.03867549256580571,1,1,1,1.0,False,Trend,Defensive,False
2021-11-15 00:00:00+09:00,24521.400390625,23962.351171875,21267.876334635417,46.54088243508115,-50.49255708859232,0.04336633630392228,0.03839478519340795,1,1,-1,0.5,False,Trend,Defensive,False
2021-11-16 00:00:00+09:00,24665.361328125,24091.91630859375,21348.65458984375,50.0,-90.15368825283872,0.043310173778095644,0.038370336732712444,1,1,-1,0.5,False,Trend,Defensive,False
2021-11-17 00:00:00+09:00,24377.439453125,24264.66982421875,21420.635221354165,59.23076850826498,-138.4105261138793,0.04126568352136881,0.03840500077095788,1,1,-1,0.5,False,Trend,Defensive,False
2021-11-18 00:00:00+09:00,23465.685546875,24329.45244140625,21499.813932291665,50.34483629749394,-229.02132048705244,0.0406907392901734,0.03760821870207823,1,1,-1,0.5,False,Trend,Defensive,False
2021-11-19 00:00:00+09:00,23081.7890625,24399.0337890625,21572.594368489583,50.0,-307.2201732927439,0.04053599853267456,0.03769643430330867,1,1,-1,0.5,False,Trend,Defensive,False
2021-11-22 00:00:00+09:00,22745.87890625,24300.66025390625,21634.977571614585,39.393936590836276,-369.7775562263455,0.027393863383396617,0.037736003493157165,1,1,-1,0.5,False,Trend,Defensive,False
2021-11-23 00:00:00+09:00,22697.890625,24183.09189453125,21681.365071614582,42.27641307926612,-400.0345082117394,0.02708518277877506,0.03729817873136416,1,1,-1,0.5,False,Trend,Defensive,False
2021-11-24 00:00:00+09:00,23033.80078125,24101.5138671875,21731.751497395835,26.80411592497748,-383.04879543443474,0.027306706502341644,0.037331786408248635,1,1,-1,0.5,False,Trend,Defensive,False
2021-11-25 00:00:00+09:00,22361.982421875,24058.32548828125,21782.937727864584,19.81131604562357,-400.7805486997614,0.024697541144750333,0.03721818087583911,1,1,-1,0.5,False,Trend,Defensive,False
2021-11-26 00:00:00+09:00,22122.046875,23993.54296875,21824.526529947918,18.181824909264407,-410.8677972082086,0.024653250854309815,0.037205285823642104,1,1,-1,0.5,False,Trend,Defensive,False
2021-11-29 00:00:00+09:00,19098.859375,23794.396484375,21816.528678385417,11.764708699034216,-592.3190146430518,0.04058801391050558,0.04188066085829619,1,1,-1,0.5,False,Trend,Defensive,False
2021-11-30 00:00:00+09:00,18235.091796875,23501.6751953125,21786.136848958333,11.494257175431358,-732.5067258137702,0.0394261059189369,0.04216590228461619,1,1,-1,0.5,False,Trend,Defensive,False
2021-12-01 00:00:00+09:00,19098.859375,23276.13583984375,21754.145442708334,18.947367970071454,-727.5656103625505,0.04161182902853687,0.04215707019231474,1,1,-1,0.5,False,Trend,Defensive,False
2021-12-02 00:00:00+09:00,19050.873046875,22969.01845703125,21730.951692708335,15.300549486477252,-688.4473145101531,0.037720536068468605,0.04201705235834707,1,1,-1,0.5,False,Trend,Defensive,False
2021-12-03 00:00:00+09:00,19338.794921875,22664.300390625,21705.358561197918,19.31817866469082,-606.9520823438406,0.03792088672899509,0.04197133451309329,1,1,-1,0.5,False,Trend,Defensive,False
2021-12-06 00:00:00+09:00,19914.640625,22385.97529296875,21687.76328125,23.24324907042096,-483.4099295704749,0.03899645264625259,0.04215120670721968,1,1,-1,0.5,False,Trend,Trend,False
2021-12-07 00:00:00+09:00,19914.640625,22114.8482421875,21669.368229166666,24.022350560639907,-375.63720381654446,0.03906788179508809,0.042149347552567426,1,1,-1,0.5,False,Trend,Trend,False
2021-12-08 00:00:00+09:00,20346.5234375,21898.90634765625,21670.168001302085,30.769223358934852,-254.98016847599195,0.03959324935199961,0.042007242844024836,1,1,-1,0.5,False,Trend,Trend,False
2021-12-09 00:00:00+09:00,20778.408203125,21699.7599609375,21682.164778645834,35.882351955338024,-131.99126264093252,0.04008273303194657,0.042063524657288236,1,1,-1,0.5,False,Trend,Trend,False
2021-12-10 00:00:00+09:00,21114.318359375,21498.2142578125,21707.75791015625,40.00000478835816,-19.81210779863852,0.040103674689685224,0.041982162282663174,-1,1,-1,-0.19999999999999996,False,MeanReversion,Trend,False
2021-12-13 00:00:00+09:00,21402.240234375,21342.25625,21739.74931640625,42.285720000474456,76.69374367822127,0.040204036719395944,0.04200378840004744,-1,1,-1,-0.19999999999999996,False,MeanReversion,MeanReversion,False
2021-12-14 00:00:00+09:00,20730.421875,21145.50927734375,21749.346744791666,36.81319197392985,96.89369586017301,0.04046379387108498,0.042004151157067834,-1,1,-1,-0.19999999999999996,False,MeanReversion,MeanReversion,False
2021-12-15 00:00:00+09:00,20826.39453125,20967.95703125,21759.7439453125,40.588226139899135,116.98546236772063,0.040564100575851955,0.04200687292373469,-1,1,-1,-0.19999999999999996,False,MeanReversion,MeanReversion,False
2021-12-16 00:00:00+09:00,20634.447265625,20826.3951171875,21754.145442708334,40.8283992317372,117.31516627697317,0.03994000366001716,0.041744896194048815,-1,1,-1,-0.19999999999999996,False,MeanReversion,MeanReversion,False
2021-12-17 00:00:00+09:00,20826.39453125,20713.625390625,21754.94521484375,66.36365318227061,129.47297572304296,0.040013481699390965,0.04174599933854206,-1,1,1,0.30000000000000004,False,Trend,MeanReversion,False
2021-12-20 00:00:00+09:00,20922.369140625,20622.44990234375,21766.1421875,79.7872718140566,141.98723429650533,0.04000407223700561,0.041612070124550586,-1,1,-1,-0.19999999999999996,False,MeanReversion,MeanReversion,False
2021-12-21 00:00:00+09:00,20442.498046875,20509.6802734375,21778.13896484375,66.27909122962282,116.99614504329145,0.04022411998873887,0.0415788830874045,-1,1,1,0.30000000000000004,False,Trend,MeanReversion,False
2021-12-22 00:00:00+09:00,19818.666015625,20348.92353515625,21778.13896484375,58.16326784888101,60.3535959734279,0.040330116855525365,0.04177375437805401,-1,1,1,0.30000000000000004,False,Trend,MeanReversion,False
2021-12-23 00:00:00+09:00,19578.73046875,20209.7609375,21768.541536458335,52.57732261566136,11.203639827900588,0.04001495924107237,0.04174369426963801,-1,1,1,0.30000000000000004,False,Trend,MeanReversion,False
2021-12-24 00:00:00+09:00,19434.76953125,20075.3970703125,21765.3423828125,44.3181734088647,-24.574242315997935,0.040003649376318375,0.04161407409873918,-1,1,-1,-0.19999999999999996,False,MeanReversion,MeanReversion,False
2021-12-27 00:00:00+09:00,19338.794921875,20087.39384765625,21758.944108072916,43.33331976630339,-46.97684680844884,0.022557251867565676,0.04161323570994867,-1,1,-1,-0.19999999999999996,False,MeanReversion,MeanReversion,False
2021-12-28 00:00:00+09:00,19914.640625,20171.3712890625,21775.739583333332,45.16129879314751,-16.840632259800145,0.020527843818266278,0.04141686905661687,-1,1,-1,-0.19999999999999996,False,MeanReversion,MeanReversion,False
2021-12-29 00:00:00+09:00,20682.43359375,20250.55,21808.53076171875,48.999994708859035,56.93411532917685,0.019690381963222398,0.04166277403818436,-1,1,1,0.30000000000000004,False,Trend,MeanReversion,False
2021-12-30 00:00:00+09:00,20400.0,20318.00634765625,21858.20888671875,42.47329863016179,87.04048576992489,0.02004260862287924,0.040589720830177534,-1,1,-1,-0.19999999999999996,False,MeanReversion,MeanReversion,False
2022-01-04 00:00:00+09:00,20650.0,20383.5666015625,21898.457356770832,42.00986581283004,121.9784229419048,0.019966641201475593,0.04021460760014158,-1,1,-1,-0.19999999999999996,False,MeanReversion,MeanReversion,False
2022-01-05 00:00:00+09:00,20750.0,20425.3345703125,21938.772916666665,50.23670874717221,148.26252506703253,0.01901220104084641,0.040214083645042,-1,1,1,0.30000000000000004,False,Trend,MeanReversion,False
2022-01-06 00:00:00+09:00,20050.0,20432.1025390625,21969.821158854167,41.809347276389666,116.35266363243352,0.020682568721534456,0.040468913297220875,-1,1,-1,-0.19999999999999996,False,MeanReversion,MeanReversion,False
2022-01-07 00:00:00+09:00,20250.0,20427.2763671875,21959.414778645834,45.95111395430637,106.81142708772563,0.02021850918356508,0.036330947481754736,-1,1,1,0.30000000000000004,False,Trend,MeanReversion,False
2022-01-10 00:00:00+09:00,20550.0,20415.85595703125,21942.81142578125,47.15387047389502,117.92890019123934,0.019917045209015653,0.03614171685646285,-1,1,1,0.30000000000000004,False,Trend,MeanReversion,False
2022-01-11 00:00:00+09:00,20550.0,20387.6400390625,21910.212369791665,46.088268930818536,121.99797300231222,0.01953312058093038,0.035669758773171155,-1,1,1,0.30000000000000004,False,Trend,MeanReversion,False
2022-01-12 00:00:00+09:00,20900.0,20362.52802734375,21889.045149739584,54.94086553368672,143.49406181776487,0.019681115550990568,0.03570273004511701,-1,1,1,0.30000000000000004,False,Trend,MeanReversion,False
2022-01-13 00:00:00+09:00,20700.0,20361.00693359375,21866.144173177083,60.47724504433133,139.35943905858488,0.018443283894714033,0.03571763207560377,-1,1,1,0.30000000000000004,False,Trend,Trend,False
2022-01-14 00:00:00+09:00,20150.0,20327.18720703125,21853.271354166667,56.32493958124657,96.72291590369346,0.019347788001934915,0.0352156531840729,-1,1,1,0.30000000000000004,False,Trend,Trend,False
2022-01-17 00:00:00+09:00,19800.0,20285.46484375,21813.77080078125,53.86728974127348,44.73230615697332,0.019605321147734986,0.03442775087109567,-1,1,1,0.30000000000000004,False,Trend,Trend,False
2022-01-18 00:00:00+09:00,19050.0,20196.6451171875,21769.768098958335,47.31407142979108,-36.02484967461194,0.021021486002679415,0.03465947181628298,-1,1,-1,-0.19999999999999996,False,MeanReversion,Trend,False
2022-01-19 00:00:00+09:00,19100.0,20105.52666015625,21676.212272135417,41.60203534306549,-79.44265676440136,0.020981282066171718,0.029980327990170006,-1,1,-1,-0.19999999999999996,False,MeanReversion,Trend,False
2022-01-20 00:00:00+09:00,18650.0,20015.9017578125,21569.557975260417,27.57900307074962,-128.90861627852212,0.021011649037557954,0.029992260671699484,-1,1,-1,-0.19999999999999996,False,MeanReversion,Trend,False
2022-01-21 00:00:00+09:00,18450.0,19947.46845703125,21465.968619791667,28.089887640449433,-163.32412845723275,0.02014304250420444,0.029970553857963413,-1,1,-1,-0.19999999999999996,False,MeanReversion,Trend,False
2022-01-24 00:00:00+09:00,18000.0,19868.53193359375,21378.872786458334,21.505376344086017,-202.08436103296737,0.02061310091976742,0.029201526293220616,-1,1,-1,-0.19999999999999996,False,MeanReversion,Trend,False
2022-01-25 00:00:00+09:00,17200.0,19756.79345703125,21275.244498697917,16.822429906542055,-263.41149594239164,0.022586420980747784,0.029632170373253584,-1,1,-1,-0.19999999999999996,False,MeanReversion,Trend,False
2022-01-26 00:00:00+09:00,17200.0,19649.8537109375,21177.214680989582,19.354838709677423,-284.0137591547349,0.022626860570985067,0.029613972285709163,-1,1,-1,-0.19999999999999996,False,MeanReversion,Trend,False
2022-01-27 00:00:00+09:00,17800.0,19544.1216796875,21072.389388020834,25.742574257425744,-239.07253398021805,0.023054931596529406,0.02940307955313019,-1,1,-1,-0.19999999999999996,False,MeanReversion,Trend,False
2022-01-28 00:00:00+09:00,17700.0,19395.0,20973.895279947916,20.61855670103094,-199.53328336671882,0.02066954773680514,0.02933656701842696,-1,1,-1,-0.19999999999999996,False,MeanReversion,Trend,False
2022-02-03 00:00:00+09:00,17950.0,19272.5,20853.174934895833,24.509803921568633,-142.66163955668947,0.021174679573510883,0.02799142514128303,-1,1,-1,-0.19999999999999996,False,MeanReversion,Trend,False
2022-02-04 00:00:00+09:00,18050.0,19142.5,20730.122330729166,20.61855670103094,-87.1551878584088,0.020919041803819923,0.02796005147681263,-1,1,-1,-0.19999999999999996,False,MeanReversion,MeanReversion,True
2022-02-07 00:00:00+09:00,17300.0,18970.0,20593.769954427084,18.51851851851852,-89.46052198789414,0.022176838309319113,0.028338825979394824,-1,1,-1,-0.19999999999999996,False,MeanReversion,MeanReversion,True
2022-02-08 00:00:00+09:00,17300.0,18832.5,20459.816927083335,20.61855670103094,-79.81316756050228,0.02143767726481212,0.028350933583382063,-1,1,-1,-0.19999999999999996,False,MeanReversion,MeanReversion,True
2022-02-09 00:00:00+09:00,17300.0,18685.0,20337.060904947917,22.222222222222214,-62.997919414883995,0.021128723541199212,0.02823339422977604,-1,1,-1,-0.19999999999999996,False,MeanReversion,MeanReversion,True
2022-02-10 00:00:00+09:00,17400.0,18527.5,20214.37197265625,28.57142857142857,-36.04610606225049,0.02071636797004347,0.028245490943238392,-1,1,-1,-0.19999999999999996,False,MeanReversion,MeanReversion,True
2022-02-11 00:00:00+09:00,17350.0,18367.5,20084.451432291666,27.272727272727266,-13.644241813022632,0.020665474608574392,0.028110528932804794,-1,1,-1,-0.19999999999999996,False,MeanReversion,MeanReversion,True
2022-02-14 00:00:00+09:00,15600.0,18102.5,19935.76142578125,20.388349514563103,-103.72747075890504,0.029279648030272595,0.03085801497520093,-1,1,-1,-0.19999999999999996,False,MeanReversion,MeanReversion,True
2022-02-15 00:00:00+09:00,15450.0,17840.0,19782.1720703125,20.588235294117652,-157.24718720824683,0.02927923166339835,0.030808862028623388,-1,1,-1,-0.19999999999999996,False,MeanReversion,MeanReversion,True
2022-02-16 00:00:00+09:00,16350.0,17650.0,19648.381412760416,35.13513513513513,-117.67706524825542,0.033137416423770126,0.03190501423385218,-1,1,-1,-0.19999999999999996,False,MeanReversion,MeanReversion,True
2022-02-17 00:00:00+09:00,16850.0,17502.5,19538.119986979167,46.666666666666664,-47.09322289457759,0.034294540252856213,0.03198070700567821,-1,1,-1,-0.19999999999999996,False,MeanReversion,MeanReversion,False
2022-02-18 00:00:00+09:00,18500.0,17475.0,19461.7568359375,59.42028985507247,112.72694528708303,0.04028900494898409,0.0343980824753506,-1,1,1,0.30000000000000004,False,Trend,MeanReversion,False
2022-02-21 00:00:00+09:00,18500.0,17445.0,19390.9921875,55.55555555555556,214.54460358664858,0.0402792755939852,0.034370880595778606,-1,1,1,0.30000000000000004,False,Trend,Trend,False
2022-02-22 00:00:00+09:00,18500.0,17437.5,19321.02734375,56.45161290322581,274.18097194421034,0.039937587416266185,0.03437334875973202,-1,1,1,0.30000000000000004,False,Trend,Trend,False
2022-02-23 00:00:00+09:00,18500.0,17440.0,19245.463997395833,54.621848739495796,303.627774083609,0.039862827028091734,0.03429447301534521,-1,1,1,0.30000000000000004,False,Trend,Trend,False
2022-02-24 00:00:00+09:00,18100.0,17445.0,19174.43095703125,50.4,286.38959631808143,0.03977487165276457,0.034209654640418904,-1,1,1,0.30000000000000004,False,Trend,Trend,False
2022-02-25 00:00:00+09:00,18900.0,17530.0,19120.73017578125,62.6984126984127,316.722288110242,0.03934988741908033,0.034722660138612714,-1,1,1,0.30000000000000004,False,Trend,Trend,False
2022-02-28 00:00:00+09:00,18900.0,17615.0,19117.415852864582,62.6984126984127,323.5053842990626,0.03934988741908033,0.02909718497084052,-1,-1,1,-0.5,True,Defensive,Trend,False
2022-03-02 00:00:00+09:00,21150.0,17782.5,19165.99765625,72.51461988304094,458.0248784649526,0.04579863807974472,0.031915362003309945,-1,-1,-1,-1.0,True,Defensive,Defensive,False
2022-03-03 00:00:00+09:00,21250.0,17960.0,19201.85,72.51461988304094,527.3034294956049,0.045687411634055076,0.03139519321200613,-1,-1,-1,-1.0,True,Defensive,Defensive,False
2022-03-04 00:00:00+09:00,21250.0,18125.0,19238.502115885418,72.94117647058823,544.4749276136832,0.045716101750261515,0.03139104030640794,-1,-1,-1,-1.0,True,Defensive,Defensive,False
2022-03-07 00:00:00+09:00,21250.0,18285.0,19270.355533854166,91.85185185185185,526.8456076456355,0.04575140447373576,0.03134399426061857,-1,-1,-1,-1.0,True,Defensive,Defensive,False
2022-03-08 00:00:00+09:00,20800.0,18460.0,19285.1115234375,87.94326241134752,458.40923076120123,0.04475796244463461,0.03126648292514839,-1,-1,-1,-1.0,True,Defensive,Defensive,False
2022-03-10 00:00:00+09:00,20800.0,18635.0,19299.867513020832,86.1788617886179,389.38866421426087,0.04475796244463461,0.03126648292514839,-1,-1,-1,-1.0,True,Defensive,Defensive,False
2022-03-11 00:00:00+09:00,20800.0,18810.0,19307.425455729168,84.95575221238938,322.7326155229881,0.04475796244463461,0.03114784544059563,-1,-1,-1,-1.0,True,Defensive,Defensive,False
2022-03-14 00:00:00+09:00,23350.0,19107.5,19350.285319010418,87.02290076335878,423.05229085379585,0.050666272897851264,0.034433587568417266,-1,-1,-1,-1.0,True,Defensive,Defensive,False
2022-03-15 00:00:00+09:00,23350.0,19407.5,19387.5466796875,87.02290076335878,459.0709275124848,0.050617771429822885,0.034384551944363226,1,-1,-1,-0.30000000000000004,True,Defensive,Defensive,False
2022-03-16 00:00:00+09:00,23350.0,19795.0,19420.009342447916,87.02290076335878,451.8524468936887,0.04208620414616592,0.034349767096688535,1,1,-1,0.5,False,Trend,Defensive,False
2022-03-17 00:00:00+09:00,23350.0,20190.0,19463.668977864585,87.02290076335878,416.8823203627138,0.04178013429036417,0.03407065140019404,1,1,-1,0.5,False,Trend,Trend,False
2022-03-18 00:00:00+09:00,22400.0,20492.5,19489.895735677084,80.28169014084507,304.7742518693494,0.04307735748083587,0.03452810785866775,1,1,-1,0.5,False,Trend,Trend,False
2022-03-21 00:00:00+09:00,22400.0,20770.0,19519.321614583332,77.77777777777777,210.12664442172752,0.04307467824488948,0.03450118622385871,1,1,-1,0.5,False,Trend,Trend,False
2022-03-22 00:00:00+09:00,21700.0,20930.0,19533.881705729167,70.0,86.23321387314525,0.039943461641482846,0.0347475206362641,1,1,1,1.0,False,Trend,Trend,False
2022-03-23 00:00:00+09:00,21850.0,21097.5,19549.342220052084,57.14285714285714,4.5522376515828,0.03990073251375873,0.03475315139690004,1,1,1,1.0,False,Trend,Trend,False
2022-03-24 00:00:00+09:00,22700.0,21307.5,19586.967252604165,62.83185840707965,-1.7269490420593456,0.04039137674272771,0.034939589713971396,1,1,-1,0.5,False,Trend,Trend,False
2022-03-25 00:00:00+09:00,22150.0,21490.0,19625.822819010416,57.25806451612904,-49.757382771204675,0.041084723059378825,0.0348467734348647,1,1,-1,0.5,False,Trend,Trend,False
2022-03-28 00:00:00+09:00,21900.0,21680.0,19664.51064453125,55.038759689922486,-102.1801482980029,0.0407349818968169,0.034841274962116094,1,1,-1,0.5,False,Trend,Trend,False
2022-03-29 00:00:00+09:00,21100.0,21790.0,19692.264485677082,52.20588235294118,-189.47468018136442,0.041200050953856864,0.0351866512347133,1,1,-1,0.5,False,Trend,Trend,False
2022-03-30 00:00:00+09:00,20400.0,21865.0,19709.951236979166,47.33333333333333,-287.23641852524975,0.04211780668850184,0.03546943165298011,1,1,-1,0.5,False,Trend,Trend,False
2022-03-31 00:00:00+09:00,20450.0,21830.0,19718.873893229167,47.682119205298015,-337.91604946448194,0.03347739288854583,0.035273178555233584,1,1,-1,0.5,False,Trend,Trend,False
2022-04-01 00:00:00+09:00,20300.0,21782.5,19712.5,20.388349514563103,-368.42217134993984,0.03346481301165022,0.034942247151921374,1,1,-1,0.5,False,Trend,Trend,False
2022-04-04 00:00:00+09:00,21000.0,21770.0,19722.5,29.914529914529908,-329.6000243704277,0.034431382642076576,0.035172392918337646,1,1,-1,0.5,False,Trend,Trend,False
2022-04-05 00:00:00+09:00,21000.0,21757.5,19728.333333333332,29.914529914529908,-293.28052221893034,0.034431382642076576,0.035138869836730306,1,1,-1,0.5,False,Trend,Trend,False
2022-04-06 00:00:00+09:00,20550.0,21745.0,19725.0,27.77777777777777,-288.4830607625245,0.03443962457757965,0.03524699707926957,1,1,-1,0.5,False,Trend,Trend,False
2022-04-07 00:00:00+09:00,20500.0,21730.0,19732.5,32.407407407407405,-277.5099178106976,0.03444168147682253,0.0349625275082922,1,1,-1,0.5,False,Trend,Trend,False
2022-04-08 00:00:00+09:00,20700.0,21725.0,19740.0,34.82142857142857,-246.65429043457266,0.03452078863908993,0.03496153427169612,1,1,-1,0.5,False,Trend,Trend,False
2022-04-11 00:00:00+09:00,20200.0,21567.5,19734.166666666668,36.11111111111111,-249.06439963402755,0.021542475146550197,0.035054664843160645,1,1,-1,0.5,False,Trend,Trend,False
2022-04-12 00:00:00+09:00,20100.0,21405.0,19726.666666666668,33.64485981308411,-246.1037524735132,0.021483122302712883,0.03505983242970744,1,1,-1,0.5,False,Trend,Trend,False
2022-04-13 00:00:00+09:00,20750.0,21275.0,19724.166666666668,31.067961165048544,-191.5078531949943,0.0231792188487889,0.03523705070065016,1,1,-1,0.5,False,Trend,Trend,False
2022-04-14 00:00:00+09:00,20850.0,21150.0,19726.666666666668,36.170212765957444,-142.07321544983384,0.023268412187205576,0.03522036861659567,1,1,-1,0.5,False,Trend,Trend,False
2022-04-15 00:00:00+09:00,20950.0,21077.5,19740.0,39.56043956043957,-98.14118824452828,0.02176656358292685,0.03504507794570462,1,1,-1,0.5,False,Trend,Trend,False
2022-04-18 00:00:00+09:00,21300.0,21022.5,19765.0,52.4390243902439,-43.782980608311576,0.022211364289690304,0.03502182338538051,1,1,-1,0.5,False,Trend,Trend,False
2022-04-19 00:00:00+09:00,21350.0,21005.0,19803.333333333332,63.768115942028984,-4.784901009757384,0.021131944455086104,0.034629243736827096,1,1,-1,0.5,False,Trend,Trend,False
2022-04-20 00:00:00+09:00,21650.0,20995.0,19845.833333333332,66.21621621621622,38.50672584779578,0.02132562994008298,0.03466413279210275,1,1,1,1.0,False,Trend,Trend,False
2022-04-21 00:00:00+09:00,21750.0,20947.5,19897.5,69.86301369863014,69.36874895071531,0.01935602368900701,0.03449759892136413,1,1,1,1.0,False,Trend,Trend,False
2022-04-22 00:00:00+09:00,21150.0,20897.5,19942.5,52.112676056338024,45.991828890454556,0.01957989210900534,0.03468122596248741,1,1,1,1.0,False,Trend,Trend,False
2022-04-25 00:00:00+09:00,20400.0,20822.5,19982.5,43.02325581395349,-19.83302743733006,0.020918141331874574,0.034862463246177686,1,1,-1,0.5,False,Trend,Trend,False
2022-04-26 00:00:00+09:00,20500.0,20792.5,20037.5,49.36708860759493,-54.522562398948395,0.01941643490482592,0.03429998331059512,1,1,-1,0.5,False,Trend,Trend,False
2022-04-27 00:00:00+09:00,20600.0,20802.5,20094.166666666668,51.24999999999999,-67.75433042674725,0.017896236494556336,0.03429870231909107,1,1,-1,0.5,False,Trend,Trend,False
2022-04-28 00:00:00+09:00,21150.0,20837.5,20150.0,55.17241379310345,-37.97078015969443,0.01880875766428671,0.0341911054515041,1,1,-1,0.5,False,Trend,Trend,False
2022-04-29 00:00:00+09:00,20600.0,20852.5,20198.333333333332,54.54545454545455,-52.90025176135697,0.019745164369915375,0.0343825216187272,1,1,-1,0.5,False,Trend,Trend,False
2022-05-02 00:00:00+09:00,20450.0,20825.0,20240.0,53.932584269662925,-69.42471576255471,0.01819079670581478,0.034371922946729264,1,1,-1,0.5,False,Trend,Trend,False
2022-05-03 00:00:00+09:00,20800.0,20815.0,20285.833333333332,50.60240963855422,-54.0155855120892,0.018646037716819185,0.03442251240753248,1,1,-1,0.5,False,Trend,Trend,False
2022-05-04 00:00:00+09:00,21000.0,20837.5,20347.5,51.76470588235294,-28.848406238355473,0.018077743477679317,0.03392644601446448,1,1,-1,0.5,False,Trend,Trend,False
2022-05-06 00:00:00+09:00,20850.0,20855.0,20406.666666666668,48.83720930232558,-21.15480698891736,0.01815702795503347,0.033950628073503755,1,1,-1,0.5,False,Trend,Trend,False
2022-05-10 00:00:00+09:00,20450.0,20842.5,20459.166666666668,40.22988505747126,-40.72282023503767,0.01856964171401341,0.03407259610947347,1,1,-1,0.5,False,Trend,Trend,False
2022-05-11 00:00:00+09:00,20100.0,20837.5,20504.166666666668,36.55913978494624,-73.0683977236358,0.018148667251351995,0.03416805848991945,1,1,-1,0.5,False,Trend,Trend,False
2022-05-12 00:00:00+09:00,18750.0,20770.0,20527.5,24.56140350877193,-175.37822247540677,0.023871244803497418,0.03540371103298204,1,1,-1,0.5,False,Trend,Trend,False
2022-05-13 00:00:00+09:00,19650.0,20715.0,20595.0,33.846153846153854,-172.18756587243985,0.02524135046117181,0.03295046050746005,1,1,-1,0.5,False,Trend,Trend,False
2022-05-16 00:00:00+09:00,20050.0,20675.0,20671.666666666668,41.269841269841265,-134.55489254797106,0.02571112495412198,0.03296808768506281,1,1,-1,0.5,False,Trend,Trend,False
2022-05-17 00:00:00+09:00,20550.0,20655.0,20741.666666666668,51.2396694214876,-70.61895311638685,0.026359822464288227,0.032361477731316535,-1,1,-1,-0.19999999999999996,False,MeanReversion,Trend,False
2022-05-18 00:00:00+09:00,19850.0,20582.5,20791.666666666668,45.11278195488722,-69.96850536423702,0.027046356170128995,0.03254882228865438,-1,1,-1,-0.19999999999999996,False,MeanReversion,Trend,False
2022-05-19 00:00:00+09:00,19800.0,20505.0,20813.333333333332,43.93939393939394,-67.37732144064648,0.02701263777428007,0.03029677341649788,-1,1,-1,-0.19999999999999996,False,MeanReversion,MeanReversion,False
2022-05-20 00:00:00+09:00,20600.0,20452.5,20848.333333333332,45.98540145985401,-9.306975036498613,0.02846845108448574,0.030700534574697493,-1,1,-1,-0.19999999999999996,False,MeanReversion,MeanReversion,False
2022-05-23 00:00:00+09:00,20400.0,20385.0,20880.0,48.46153846153846,16.69604074632869,0.02846125612738025,0.030736002567797738,-1,1,1,0.30000000000000004,False,Trend,MeanReversion,False
2022-05-24 00:00:00+09:00,20150.0,20335.0,20907.5,47.72727272727273,18.007817042850604,0.027955162460450468,0.030788260580035358,-1,1,1,0.30000000000000004,False,Trend,MeanReversion,False
2022-05-25 00:00:00+09:00,20050.0,20317.5,20940.0,44.09448818897637,13.306443412090516,0.026824809477082823,0.030648697121694525,-1,1,-1,-0.19999999999999996,False,MeanReversion,MeanReversion,False
2022-05-26 00:00:00+09:00,20000.0,20292.5,20958.333333333332,41.935483870967744,8.243152790086526,0.026792230127610665,0.030162843979232468,-1,1,-1,-0.19999999999999996,False,MeanReversion,MeanReversion,False
2022-05-27 00:00:00+09:00,20150.0,20270.0,20979.166666666668,44.354838709677416,15.963190621468186,0.02682976985598048,0.03017430799907082,-1,1,-1,-0.19999999999999996,False,MeanReversion,MeanReversion,False
2022-05-30 00:00:00+09:00,20250.0,20225.0,20964.166666666668,48.30508474576271,28.06360740199824,0.026093944342651387,0.02640264972508304,-1,1,1,0.30000000000000004,False,Trend,MeanReversion,False
2022-05-31 00:00:00+09:00,20750.0,20232.5,20955.833333333332,55.37190082644628,67.73833989229877,0.026086478376540764,0.026592867219187986,-1,1,1,0.30000000000000004,False,Trend,Trend,False
2022-06-02 00:00:00+09:00,20200.0,20220.0,20938.333333333332,63.80952380952381,55.45336784246712,0.026747253029112614,0.026811318429282655,-1,1,1,0.30000000000000004,False,Trend,Trend,False
2022-06-03 00:00:00+09:00,19900.0,20175.0,20915.833333333332,52.68817204301075,27.073084660482948,0.026594948341812884,0.026872846425774397,-1,1,1,0.30000000000000004,False,Trend,Trend,False
2022-06-07 00:00:00+09:00,19550.0,20102.5,20895.0,44.565217391304344,-13.160274607696152,0.026659356523192804,0.026830088101526085,-1,1,-1,-0.19999999999999996,False,MeanReversion,Trend,False
2022-06-08 00:00:00+09:00,19400.0,20030.0,20871.666666666668,36.470588235294116,-45.92028546773301,0.026663407346936667,0.026843484608485076,-1,1,-1,-0.19999999999999996,False,MeanReversion,Trend,False
2022-06-09 00:00:00+09:00,19550.0,19985.0,20850.833333333332,45.94594594594595,-53.02885166113097,0.026507588823247205,0.02686753835608174,-1,1,-1,-0.19999999999999996,False,MeanReversion,Trend,False
2022-06-10 00:00:00+09:00,19150.0,19937.5,20780.833333333332,41.9753086419753,-78.66579812247812,0.02661994516905343,0.022190435579962132,-1,1,-1,-0.19999999999999996,False,MeanReversion,Trend,False
2022-06-13 00:00:00+09:00,18050.0,19902.5,20692.5,20.689655172413794,-159.06511269084592,0.025313109823633755,0.02332624991266328,-1,1,-1,-0.19999999999999996,False,MeanReversion,Trend,False
2022-06-14 00:00:00+09:00,18100.0,19825.0,20605.0,22.61904761904762,-195.82089878438046,0.022616626052423112,0.023337605490545654,-1,1,-1,-0.19999999999999996,False,MeanReversion,Trend,False
2022-06-15 00:00:00+09:00,17350.0,19690.0,20505.0,20.21276595744682,-253.90278331776608,0.023390429909062736,0.02384121218182001,-1,1,-1,-0.19999999999999996,False,MeanReversion,Trend,False
2022-06-16 00:00:00+09:00,17150.0,19520.0,20417.5,19.79166666666667,-286.62829393291463,0.02216357441414644,0.023371166189262813,-1,1,-1,-0.19999999999999996,False,MeanReversion,Trend,False
2022-06-17 00:00:00+09:00,17050.0,19380.0,20328.333333333332,19.587628865979383,-294.71034502533485,0.021331840977084064,0.02336448222011999,-1,1,-1,-0.19999999999999996,False,MeanReversion,Trend,False
2022-06-20 00:00:00+09:00,16400.0,19210.0,20240.0,14.953271028037392,-321.3506892484645,0.022397847739217835,0.02352252239951509,-1,1,-1,-0.19999999999999996,False,MeanReversion,Trend,False
2022-06-21 00:00:00+09:00,16650.0,19012.5,20153.333333333332,17.272727272727266,-300.05816054752404,0.02013171583291339,0.02361500868737963,-1,1,-1,-0.19999999999999996,False,MeanReversion,Trend,False
2022-06-22 00:00:00+09:00,16050.0,18795.0,20042.5,8.035714285714278,-303.3995462521855,0.020953993860096106,0.023296641901533684,-1,1,-1,-0.19999999999999996,False,MeanReversion,Trend,False
2022-06-23 00:00:00+09:00,16900.0,18632.5,19955.0,22.033898305084747,-228.77870983508785,0.025321393344420646,0.024309395840259037,-1,1,-1,-0.19999999999999996,False,MeanReversion,Trend,False
2022-06-24 00:00:00+09:00,16950.0,18477.5,19872.5,23.893805309734518,-159.73710861861662,0.025446112037099306,0.024311302754403265,-1,1,-1,-0.19999999999999996,False,MeanReversion,Trend,False
2022-06-27 00:00:00+09:00,18200.0,18387.5,19824.166666666668,39.69465648854962,-20.866468996524645,0.031056007099755315,0.025802093370210645,-1,1,-1,-0.19999999999999996,False,MeanReversion,MeanReversion,False
2022-06-28 00:00:00+09:00,18750.0,18317.5,19796.666666666668,45.32374100719424,109.86702491442406,0.03190531692800566,0.025800088580706714,-1,1,1,0.30000000000000004,False,Trend,MeanReversion,False
2022-06-29 00:00:00+09:00,19800.0,18295.0,19785.833333333332,51.59235668789809,260.305470493902,0.034427280304049804,0.026787667086543468,-1,1,1,0.30000000000000004,False,Trend,Trend,False
2022-06-30 00:00:00+09:00,19400.0,18227.5,19770.833333333332,51.59235668789809,322.0794647685949,0.03413599846307116,0.026896728380129704,-1,1,1,0.30000000000000004,False,Trend,Trend,False
2022-07-01 00:00:00+09:00,19400.0,18187.5,19744.166666666668,60.0,349.83498510162804,0.03368823287954042,0.026509636883556186,-1,1,1,0.30000000000000004,False,Trend,Trend,False
2022-07-04 00:00:00+09:00,18350.0,18110.0,19700.0,51.612903225806456,287.0075030717735,0.03568002545362073,0.027420298825815405,-1,-1,1,-0.5,True,Defensive,Trend,False
2022-07-05 00:00:00+09:00,18400.0,18052.5,19664.166666666668,57.4468085106383,240.24315251501326,0.035560010467812014,0.027308161199872547,-1,-1,1,-0.5,True,Defensive,Trend,False
2022-07-06 00:00:00+09:00,17450.0,17955.0,19613.333333333332,51.92307692307693,141.63309954319277,0.03727514266444378,0.028095993338932243,-1,-1,1,-0.5,True,Defensive,Trend,False
2022-07-07 00:00:00+09:00,18700.0,17912.5,19580.0,59.21787709497206,155.77251655351733,0.04077452108843684,0.029552094271616456,-1,-1,1,-0.5,True,Defensive,Trend,False
2022-07-08 00:00:00+09:00,18550.0,17882.5,19552.5,62.72189349112426,150.1401390049794,0.04057112564735447,0.02941356586708353,-1,-1,1,-0.5,True,Defensive,Trend,False
2022-07-11 00:00:00+09:00,18350.0,17897.5,19523.333333333332,60.11904761904762,128.87735927051386,0.03834012963771338,0.0294353426457692,-1,-1,1,-0.5,True,Defensive,Trend,False
2022-07-12 00:00:00+09:00,18150.0,17900.0,19480.0,63.125,98.63863873488958,0.038426278376901074,0.02913053075880403,-1,-1,1,-0.5,True,Defensive,Trend,False
2022-07-13 00:00:00+09:00,17750.0,17920.0,19428.333333333332,55.629139072847686,51.370785921811546,0.03751146622631798,0.029229383615734454,-1,1,1,0.30000000000000004,False,Trend,Trend,False
2022-07-14 00:00:00+09:00,17800.0,17952.5,19375.833333333332,55.629139072847686,24.508126162812886,0.037392202230947504,0.029221953074078304,-1,1,1,0.30000000000000004,False,Trend,Trend,False
2022-07-15 00:00:00+09:00,17450.0,17972.5,19311.666666666668,44.3609022556391,-13.73969339523319,0.03767439311332607,0.02919290750475729,-1,1,-1,-0.19999999999999996,False,MeanReversion,Trend,False
2022-07-18 00:00:00+09:00,17650.0,18035.0,19250.0,41.269841269841265,-21.987466005151504,0.03652254578892477,0.029246030084332315,-1,1,-1,-0.19999999999999996,False,MeanReversion,Trend,False
2022-07-19 00:00:00+09:00,17550.0,18080.0,19181.666666666668,28.971962616822438,-30.094613779133624,0.03647539942943057,0.02916088399230418,-1,1,-1,-0.19999999999999996,False,MeanReversion,Trend,False
2022-07-20 00:00:00+09:00,17650.0,18160.0,19113.333333333332,32.67326732673267,-24.85650607171499,0.03528157088370571,0.0291662716457947,-1,1,-1,-0.19999999999999996,False,MeanReversion,Trend,False
2022-07-21 00:00:00+09:00,17800.0,18205.0,19057.5,34.61538461538461,-8.28090483452496,0.03354216832036779,0.029026656092324944,-1,1,-1,-0.19999999999999996,False,MeanReversion,Trend,False
2022-07-22 00:00:00+09:00,17800.0,18247.5,19014.166666666668,43.37349397590362,4.978121581162327,0.033547004102232186,0.028698460016046642,-1,1,-1,-0.19999999999999996,False,MeanReversion,MeanReversion,False
2022-07-25 00:00:00+09:00,17500.0,18212.5,18964.166666666668,39.77272727272727,-3.6933222141039437,0.02960395180138652,0.028744947080425035,-1,1,-1,-0.19999999999999996,False,MeanReversion,MeanReversion,False
2022-07-26 00:00:00+09:00,17750.0,18162.5,18916.666666666668,54.054054054054056,9.452344466970885,0.028921876457427657,0.028811270907184654,-1,1,1,0.30000000000000004,False,Trend,MeanReversion,False
2022-07-27 00:00:00+09:00,17900.0,18067.5,18862.5,34.61538461538461,29.180125570520318,0.02578884202343114,0.02859935138675046,-1,1,-1,-0.19999999999999996,False,MeanReversion,MeanReversion,False
2022-07-28 00:00:00+09:00,18150.0,18005.0,18821.666666666668,42.592592592592595,58.31454456632994,0.02585295474734273,0.02850877720753157,-1,1,-1,-0.19999999999999996,False,MeanReversion,MeanReversion,False
2022-07-29 00:00:00+09:00,18750.0,17972.5,18793.333333333332,56.45161290322581,114.02085926333496,0.02706776371487318,0.02884743444396115,-1,1,1,0.30000000000000004,False,Trend,MeanReversion,False
2022-08-01 00:00:00+09:00,18750.0,17992.5,18759.166666666668,60.3448275862069,144.9112314430441,0.023906874101172308,0.028746824664353653,-1,1,1,0.30000000000000004,False,Trend,Trend,False
2022-08-02 00:00:00+09:00,18450.0,17995.0,18716.666666666668,62.50000000000001,139.15254610974088,0.024208381611821286,0.028767068074191188,-1,1,1,0.30000000000000004,False,Trend,Trend,False
2022-08-03 00:00:00+09:00,18700.0,18057.5,18680.833333333332,65.0,145.50737963792932,0.020859048069894876,0.02882936116998043,-1,1,1,0.30000000000000004,False,Trend,Trend,False
2022-08-04 00:00:00+09:00,18600.0,18052.5,18650.0,70.9090909090909,136.45377814873652,0.014043396263958115,0.028741352069575142,-1,1,-1,-0.19999999999999996,False,MeanReversion,Trend,False
2022-08-05 00:00:00+09:00,18850.0,18067.5,18629.166666666668,71.42857142857143,140.24224942609032,0.014233183015104539,0.028729964562200467,-1,1,-1,-0.19999999999999996,False,MeanReversion,Trend,False
2022-08-08 00:00:00+09:00,19250.0,18112.5,18637.5,77.41935483870968,161.13429431482535,0.014637255372179822,0.02742121384902195,-1,1,-1,-0.19999999999999996,False,MeanReversion,MeanReversion,False
2022-08-09 00:00:00+09:00,19750.0,18192.5,18639.166666666668,80.0,197.66584100726664,0.015158692962064499,0.026944397448873843,-1,1,-1,-0.19999999999999996,False,MeanReversion,MeanReversion,False
2022-08-10 00:00:00+09:00,20200.0,18315.0,18641.666666666668,81.57894736842105,238.4434767734054,0.014323063131572836,0.026976135563241882,-1,1,-1,-0.19999999999999996,False,MeanReversion,MeanReversion,False
2022-08-11 00:00:00+09:00,20300.0,18440.0,18637.5,82.05128205128206,256.86520460991,0.014302411857599598,0.02679207197036353,-1,1,-1,-0.19999999999999996,False,MeanReversion,MeanReversion,False
2022-08-12 00:00:00+09:00,21150.0,18625.0,18659.166666666668,91.01123595505618,307.58678515182794,0.014849121343785965,0.026923613676802283,-1,1,-1,-0.19999999999999996,False,MeanReversion,MeanReversion,False
2022-08-16 00:00:00+09:00,21200.0,18802.5,18682.5,90.58823529411765,324.13919499602133,0.014929297504924322,0.02691999093076272,1,1,-1,0.5,False,Trend,MeanReversion,False
2022-08-17 00:00:00+09:00,21200.0,18985.0,18692.5,90.2439024390244,314.4776639552333,0.014683984858813672,0.026442018153902513,1,1,-1,0.5,False,Trend,Trend,False
2022-08-18 00:00:00+09:00,21450.0,19175.0,18710.0,90.2439024390244,304.12987378420985,0.014664574552531572,0.026446508243851984,1,1,-1,0.5,False,Trend,Trend,False
2022-08-19 00:00:00+09:00,21150.0,19342.5,18726.666666666668,81.57894736842105,258.10150934387207,0.01560522584423689,0.026462275467041406,1,1,-1,0.5,False,Trend,Trend,False
2022-08-22 00:00:00+09:00,21300.0,19517.5,18747.5,82.27848101265823,220.25181829093435,0.015479219948754112,0.02646334296879353,1,1,-1,0.5,False,Trend,Trend,False
2022-08-23 00:00:00+09:00,22000.0,19742.5,18780.833333333332,90.80459770114942,224.1102212720965,0.01504715724157604,0.026765492682289366,1,1,-1,0.5,False,Trend,Trend,False
2022-08-24 00:00:00+09:00,21600.0,19935.0,18805.0,82.22222222222223,183.19796298724714,0.016430066423170502,0.02687664412222984,1,1,-1,0.5,False,Trend,Trend,False
2022-08-25 00:00:00+09:00,22650.0,20172.5,18845.0,87.1559633027523,208.48707707712845,0.018451062676970765,0.027530828269718435,1,1,-1,0.5,False,Trend,Trend,False
2022-08-26 00:00:00+09:00,22150.0,20372.5,18868.333333333332,78.94736842105263,174.55166855026755,0.01994813042140095,0.027543563277897146,1,1,-1,0.5,False,Trend,Trend,False
2022-08-29 00:00:00+09:00,22150.0,20542.5,18900.833333333332,77.35849056603773,136.78542015552046,0.019327834827960997,0.02729874790118365,1,1,-1,0.5,False,Trend,Trend,False
2022-08-30 00:00:00+09:00,21700.0,20690.0,18930.833333333332,68.57142857142857,69.56813433457307,0.020313335061693794,0.02736509136558296,1,1,1,1.0,False,Trend,Trend,False
2022-08-31 00:00:00+09:00,20350.0,20785.0,18944.166666666668,51.21951219512195,-70.17930727591033,0.025435861583796255,0.02854998872836866,1,1,-1,0.5,False,Trend,Trend,False
2022-09-01 00:00:00+09:00,19200.0,20810.0,18940.833333333332,42.36111111111111,-235.13796798110445,0.02896540661754469,0.02952750104292066,1,1,-1,0.5,False,Trend,Trend,False
2022-09-02 00:00:00+09:00,19100.0,20835.0,18933.333333333332,34.10852713178295,-339.7066528158563,0.02896372386480823,0.029516218468219002,1,1,-1,0.5,False,Trend,Trend,False
2022-09-05 00:00:00+09:00,18900.0,20837.5,18929.166666666668,32.57575757575758,-406.54991367708044,0.028934070744953414,0.029426965674975745,1,1,-1,0.5,False,Trend,Trend,False
2022-09-06 00:00:00+09:00,19100.0,20830.0,18946.666666666668,34.55882352941177,-419.7899004500876,0.02862976263080987,0.028419281106769348,1,1,-1,0.5,False,Trend,Trend,False
2022-09-07 00:00:00+09:00,18100.0,20747.5,18946.666666666668,27.814569536423832,-474.3627419912117,0.030288502928464706,0.029282148779897422,1,1,-1,0.5,False,Trend,Trend,False
2022-09-08 00:00:00+09:00,17800.0,20627.5,18954.166666666668,27.814569536423832,-506.22788430451465,0.029720537600459878,0.028838148104362,1,1,-1,0.5,False,Trend,Trend,False
2022-09-13 00:00:00+09:00,17900.0,20507.5,18966.666666666668,27.33333333333333,-495.5089959735819,0.029734147980055296,0.028802082831288184,1,1,-1,0.5,False,Trend,Trend,False
2022-09-14 00:00:00+09:00,17500.0,20325.0,18974.166666666668,18.75,-489.44063073887696,0.02774284413212051,0.028947590239700522,1,1,-1,0.5,False,Trend,Trend,False
2022-09-15 00:00:00+09:00,17750.0,20152.5,18996.666666666668,22.695035460992912,-444.00822133578964,0.028131516152877123,0.028534026728551754,1,1,-1,0.5,False,Trend,Trend,False
2022-09-16 00:00:00+09:00,17600.0,19972.5,19012.5,8.943089430894318,-400.7999146076476,0.028054409304529952,0.02850315604788659,1,1,-1,0.5,False,Trend,Trend,False
2022-09-19 00:00:00+09:00,16800.0,19740.0,19025.0,8.52713178294573,-401.81866058776245,0.02877048965865358,0.028749956502690282,1,1,-1,0.5,False,Trend,Trend,False
2022-09-20 00:00:00+09:00,17350.0,19550.0,19032.5,15.714285714285708,-343.43498987646217,0.030427239981887896,0.028273769838894045,1,1,-1,0.5,False,Trend,Trend,False
2022-09-21 00:00:00+09:00,17250.0,19347.5,19037.5,16.54135338345864,-291.57832736195627,0.030184777031037235,0.028283079458857892,1,1,-1,0.5,False,Trend,Trend,False
2022-09-22 00:00:00+09:00,17300.0,19112.5,19022.5,21.495327102803728,-236.29386351318385,0.028663070006854762,0.02671373835056795,1,1,-1,0.5,False,Trend,Trend,False
2022-09-23 00:00:00+09:00,16900.0,18877.5,18991.666666666668,25.0,-209.9384103495022,0.028743790902775655,0.02656226016451611,-1,1,-1,-0.19999999999999996,False,MeanReversion,Trend,False
2022-09-26 00:00:00+09:00,15500.0,18520.0,18920.0,19.491525423728817,-266.43586875463586,0.029681554500000727,0.02771437623841802,-1,1,-1,-0.19999999999999996,False,MeanReversion,Trend,False
2022-09-27 00:00:00+09:00,15600.0,18192.5,18856.666666666668,21.551724137931032,-275.5684799104248,0.03020221134999186,0.027662919689280772,-1,1,-1,-0.19999999999999996,False,MeanReversion,Trend,False
2022-09-28 00:00:00+09:00,14700.0,17820.0,18778.333333333332,16.153846153846146,-317.72456336236576,0.03129040297773255,0.028579199051221197,-1,1,-1,-0.19999999999999996,False,MeanReversion,Trend,False
2022-09-29 00:00:00+09:00,14300.0,17450.0,18710.833333333332,17.796610169491515,-345.7362374665838,0.03133053706440965,0.02795295358150652,-1,1,-1,-0.19999999999999996,False,MeanReversion,Trend,False
2022-09-30 00:00:00+09:00,14250.0,17145.0,18641.666666666668,18.584070796460168,-340.28986641413144,0.02981112441526507,0.027938544568708108,-1,1,-1,-0.19999999999999996,False,MeanReversion,Trend,False
2022-10-04 00:00:00+09:00,14950.0,16932.5,18600.0,26.400000000000006,-265.51931131542733,0.031639020133964454,0.02799301793618771,-1,1,-1,-0.19999999999999996,False,MeanReversion,Trend,False
2022-10-05 00:00:00+09:00,14250.0,16690.0,18525.833333333332,25.19083969465649,-239.95685386512628,0.032550701181410784,0.02696944176842536,-1,1,-1,-0.19999999999999996,False,MeanReversion,Trend,False
2022-10-06 00:00:00+09:00,14800.0,16485.0,18463.333333333332,28.46715328467154,-166.25811498075836,0.034607077301485586,0.02751389841579981,-1,1,-1,-0.19999999999999996,False,MeanReversion,MeanReversion,True
2022-10-07 00:00:00+09:00,14550.0,16257.5,18400.0,28.057553956834525,-116.92709230149694,0.03419971245971398,0.02755250750598495,-1,1,-1,-0.19999999999999996,False,MeanReversion,MeanReversion,True
2022-10-11 00:00:00+09:00,13500.0,16027.5,18322.5,27.08333333333333,-136.24292634183917,0.035794718158348435,0.029028534348788024,-1,1,-1,-0.19999999999999996,False,MeanReversion,MeanReversion,True
2022-10-12 00:00:00+09:00,13600.0,15817.5,18253.333333333332,22.222222222222214,-123.87187374655855,0.03612591519402672,0.028980573732353625,-1,1,-1,-0.19999999999999996,False,MeanReversion,MeanReversion,True
2022-10-13 00:00:00+09:00,12600.0,15552.5,18166.666666666668,19.607843137254903,-162.20570664677643,0.03842683708462211,0.030412422047928787,-1,1,-1,-0.19999999999999996,False,MeanReversion,MeanReversion,True
2022-10-14 00:00:00+09:00,13100.0,15332.5,18094.166666666668,24.074074074074076,-134.2146612516308,0.04041240666509428,0.030893299064925404,-1,-1,-1,-1.0,True,Defensive,MeanReversion,True
2022-10-17 00:00:00+09:00,13250.0,15107.5,18020.833333333332,26.751592356687908,-88.15008389434729,0.04031262999217955,0.030893203144689005,-1,-1,-1,-1.0,True,Defensive,MeanReversion,True
2022-10-18 00:00:00+09:00,13500.0,14902.5,17953.333333333332,35.07462686567165,-26.589469854978006,0.04098277395088562,0.031041029727775952,-1,-1,-1,-1.0,True,Defensive,MeanReversion,True
2022-10-19 00:00:00+09:00,13350.0,14730.0,17881.666666666668,33.33333333333333,15.99018790979926,0.040228201807279394,0.03102475894669304,-1,1,-1,-0.19999999999999996,False,MeanReversion,MeanReversion,True
2022-10-20 00:00:00+09:00,14050.0,14565.0,17819.166666666668,45.038167938931295,98.64942335659862,0.041509911521551424,0.03180885689079128,-1,-1,1,-0.5,True,Defensive,MeanReversion,False
2022-10-21 00:00:00+09:00,13300.0,14367.5,17744.166666666668,42.7536231884058,109.33617338783915,0.04264824171820297,0.03247504277462869,-1,-1,-1,-1.0,True,Defensive,Defensive,False
2022-10-24 00:00:00+09:00,13600.0,14182.5,17679.166666666668,45.45454545454546,141.11109455666156,0.043245746411678304,0.032622070780322615,-1,-1,1,-0.5,True,Defensive,Defensive,False
2022-10-25 00:00:00+09:00,12950.0,13985.0,17599.166666666668,35.91549295774648,123.4895776204039,0.04397165828345588,0.03303509375908965,-1,-1,-1,-1.0,True,Defensive,Defensive,False
2022-10-26 00:00:00+09:00,12950.0,13857.5,17516.666666666668,39.84375000000001,117.03110303859944,0.0405145470927183,0.03299391087224697,-1,1,-1,-0.19999999999999996,False,MeanReversion,Defensive,False
2022-10-27 00:00:00+09:00,13400.0,13747.5,17437.5,38.888888888888886,146.3591822113649,0.041531579950860355,0.033297277287647774,-1,1,-1,-0.19999999999999996,False,MeanReversion,Defensive,False
2022-10-28 00:00:00+09:00,13600.0,13692.5,17351.666666666668,42.4,180.29215546805494,0.0399433099744267,0.03303598884013923,-1,1,-1,-0.19999999999999996,False,MeanReversion,MeanReversion,False
2022-10-31 00:00:00+09:00,13250.0,13640.0,17260.0,47.747747747747745,179.82192720385115,0.03989738984660754,0.03313571697091836,-1,1,1,0.30000000000000004,False,Trend,MeanReversion,False
2022-11-01 00:00:00+09:00,15850.0,13720.0,17216.666666666668,63.9751552795031,345.6653465855211,0.05715130592870945,0.0408070181435044,-1,-1,1,-0.5,True,Defensive,MeanReversion,False
2022-11-02 00:00:00+09:00,14400.0,13692.5,17145.0,60.588235294117645,347.80777248627965,0.06046321392852663,0.04248982880692773,-1,-1,1,-0.5,True,Defensive,Defensive,False
2022-11-03 00:00:00+09:00,14950.0,13727.5,17084.166666666668,60.8187134502924,374.07588095010726,0.06005297263163477,0.04283127283811962,-1,-1,1,-0.5,True,Defensive,Defensive,False
2022-11-04 00:00:00+09:00,14900.0,13732.5,17018.333333333332,59.76331360946746,374.94528930960485,0.05947605009919755,0.04277320160170706,-1,-1,1,-0.5,True,Defensive,Defensive,False
2022-11-07 00:00:00+09:00,15400.0,13775.0,16954.166666666668,60.91954022988505,394.09484761720876,0.05975867381597159,0.04291960842926823,-1,-1,1,-0.5,True,Defensive,Defensive,False
2022-11-08 00:00:00+09:00,15600.0,13880.0,16885.0,62.85714285714286,403.65467725709163,0.056903966548475224,0.04280325090407525,-1,-1,1,-0.5,True,Defensive,Defensive,False
2022-11-09 00:00:00+09:00,15950.0,13997.5,16814.166666666668,61.3095238095238,415.35534759760543,0.057002284209016145,0.04279969842456172,-1,-1,1,-0.5,True,Defensive,Defensive,False
2022-11-10 00:00:00+09:00,15850.0,14160.0,16740.0,66.45161290322581,398.1198593677352,0.05359695053372961,0.04278477817304396,-1,1,1,0.30000000000000004,False,Trend,Defensive,False
2022-11-11 00:00:00+09:00,16500.0,14330.0,16662.5,67.90123456790123,410.60711247818165,0.0536320684316052,0.04277009925916351,-1,1,1,0.30000000000000004,False,Trend,Trend,False
2022-11-14 00:00:00+09:00,16900.0,14512.5,16590.833333333332,75.1592356687898,424.1791289722595,0.053703772622012126,0.0429162978644457,-1,1,-1,-0.19999999999999996,False,MeanReversion,Trend,False
2022-11-15 00:00:00+09:00,16950.0,14685.0,16520.0,75.31645569620252,414.4166142348017,0.053718410554241834,0.042922400102371604,-1,1,-1,-0.19999999999999996,False,MeanReversion,MeanReversion,False
2022-11-16 00:00:00+09:00,17250.0,14880.0,16450.0,74.83870967741936,405.55011120344824,0.05346708779009183,0.042964475368301544,-1,1,-1,-0.19999999999999996,False,MeanReversion,MeanReversion,False
2022-11-17 00:00:00+09:00,16350.0,14995.0,16370.0,66.27218934911242,320.20448037197286,0.05463297227284275,0.04342747625822181,-1,1,1,0.30000000000000004,False,Trend,MeanReversion,False
2022-11-18 00:00:00+09:00,16300.0,15145.0,16286.666666666666,68.71165644171779,244.91237634099537,0.05271124122292606,0.0434022576995658,-1,1,1,0.30000000000000004,False,Trend,MeanReversion,False
2022-11-21 00:00:00+09:00,16450.0,15287.5,16194.166666666666,55.26315789473684,192.07389256416798,0.052633853507531234,0.04317177168155751,-1,1,1,0.30000000000000004,False,Trend,MeanReversion,False
2022-11-22 00:00:00+09:00,16850.0,15482.5,16115.0,76.34408602150538,171.59542429547645,0.05086596901566058,0.04329354542317276,-1,1,-1,-0.19999999999999996,False,MeanReversion,MeanReversion,False
2022-11-23 00:00:00+09:00,16900.0,15680.0,16019.166666666666,73.49397590361446,149.74581895697673,0.050829916583982886,0.042772521368682107,-1,1,-1,-0.19999999999999996,False,MeanReversion,MeanReversion,False
2022-11-24 00:00:00+09:00,17150.0,15867.5,15935.833333333334,75.86206896551724,140.60443563473063,0.0505955126660659,0.04278356928211988,-1,1,-1,-0.19999999999999996,False,MeanReversion,MeanReversion,False
2022-11-25 00:00:00+09:00,16950.0,16035.0,15849.166666666666,69.1358024691358,110.86911142415664,0.05087450208913856,0.042790555286373565,1,1,1,1.0,False,Trend,MeanReversion,False
2022-11-28 00:00:00+09:00,16550.0,16200.0,15763.333333333334,61.17647058823529,56.768452971142835,0.050792760166920525,0.042814102138926204,1,1,1,1.0,False,Trend,MeanReversion,False
2022-11-29 00:00:00+09:00,16600.0,16237.5,15700.833333333334,58.22784810126581,18.82068289368948,0.031863736256662875,0.04209858546448421,1,1,1,1.0,False,Trend,MeanReversion,False
2022-11-30 00:00:00+09:00,16750.0,16355.0,15660.0,61.25000000000001,-0.674614631817974,0.021922231654457777,0.041506193537233595,1,1,-1,0.5,False,Trend,MeanReversion,False
2022-12-01 00:00:00+09:00,16750.0,16445.0,15620.833333333334,53.731343283582085,-17.153396124267374,0.020802961952644694,0.04150538473853093,1,1,-1,0.5,False,Trend,MeanReversion,False
2022-12-02 00:00:00+09:00,16150.0,16507.5,15575.0,39.43661971830985,-69.12914108215176,0.022784676096936227,0.041728374365670264,1,1,-1,0.5,False,Trend,MeanReversion,False
2022-12-05 00:00:00+09:00,16150.0,16545.0,15525.833333333334,38.57142857142857,-102.1808830266553,0.021746985671235744,0.041694276968185895,1,1,-1,0.5,False,Trend,MeanReversion,False
2022-12-06 00:00:00+09:00,15900.0,16560.0,15489.166666666666,30.434782608695656,-137.36032462602225,0.021953909055911155,0.04119137599899172,1,1,-1,0.5,False,Trend,MeanReversion,False
2022-12-07 00:00:00+09:00,15950.0,16560.0,15458.333333333334,42.30769230769231,-152.57083157849524,0.021390116127738987,0.04115220760662733,1,1,-1,0.5,False,Trend,MeanReversion,False
2022-12-08 00:00:00+09:00,15950.0,16565.0,15425.833333333334,43.13725490196078,-157.31098065203793,0.02133895727017919,0.04114141505412207,1,1,-1,0.5,False,Trend,MeanReversion,False
2022-12-09 00:00:00+09:00,16000.0,16540.0,15400.833333333334,40.816326530612244,-151.69059906791887,0.01919538490645603,0.0410562408682665,1,1,-1,0.5,False,Trend,MeanReversion,False
2022-12-12 00:00:00+09:00,16050.0,16497.5,15372.5,30.95238095238095,-139.52533371516046,0.018282811591219597,0.04100944917883521,1,1,-1,0.5,False,Trend,MeanReversion,False
2022-12-13 00:00:00+09:00,16050.0,16452.5,15346.666666666666,29.268292682926827,-126.76846205590098,0.018247644281045708,0.04100020205329292,1,1,-1,0.5,False,Trend,MeanReversion,False
2022-12-14 00:00:00+09:00,16350.0,16407.5,15339.166666666666,30.95238095238095,-94.87528920420576,0.01830584722497185,0.040649011211917246,1,1,-1,0.5,False,Trend,Trend,False
2022-12-15 00:00:00+09:00,16600.0,16420.0,15326.666666666666,41.860465116279066,-55.63438953419612,0.014249708617449475,0.04047608258700936,1,1,-1,0.5,False,Trend,Trend,False
2022-12-16 00:00:00+09:00,16200.0,16415.0,15309.166666666666,41.860465116279066,-55.19982930086121,0.015309460861339007,0.04058655240415988,1,1,-1,0.5,False,Trend,Trend,False
2022-12-19 00:00:00+09:00,15550.0,16370.0,15280.0,30.909090909090907,-94.93971556587294,0.017606605689505138,0.04090782889735664,1,1,-1,0.5,False,Trend,Trend,False
2022-12-20 00:00:00+09:00,15500.0,16302.5,15256.666666666666,26.41509433962264,-119.26995097592257,0.01643585158951699,0.04080994615394135,1,1,-1,0.5,False,Trend,Trend,False
2022-12-21 00:00:00+09:00,15450.0,16230.0,15255.833333333334,25.925925925925924,-132.39444427652367,0.016352406589309202,0.03925554284588905,1,1,-1,0.5,False,Trend,Trend,False
2022-12-22 00:00:00+09:00,15650.0,16155.0,15256.666666666666,39.130434782608695,-121.55121821463797,0.016244674565271976,0.03928231948002485,1,1,-1,0.5,False,Trend,Trend,False
2022-12-23 00:00:00+09:00,15000.0,16057.5,15261.666666666666,30.508474576271183,-150.22188424739898,0.018278287803264515,0.038905509002312696,1,1,-1,0.5,False,Trend,Trend,False
2022-12-26 00:00:00+09:00,14800.0,15970.0,15270.0,31.034482758620683,-173.09579386540682,0.017888566346022983,0.03877594882963738,1,1,-1,0.5,False,Trend,Trend,False
2022-12-27 00:00:00+09:00,14850.0,15882.5,15280.0,31.034482758620683,-174.78838444264576,0.017897756063840545,0.03877385995191772,1,1,-1,0.5,False,Trend,Trend,False
2022-12-28 00:00:00+09:00,15700.0,15830.0,15292.5,46.666666666666664,-111.66369706220918,0.02237768573009288,0.03894547305348061,1,1,-1,0.5,False,Trend,Trend,False
2022-12-29 00:00:00+09:00,15400.0,15762.5,15311.666666666666,42.50000000000001,-84.35770523579396,0.022645055680259953,0.038510485091917415,1,1,-1,0.5,False,Trend,Trend,False
2023-01-02 00:00:00+09:00,15250.0,15717.5,15319.166666666666,40.243902439024396,-71.16868522505376,0.021394759783380898,0.03823377586670471,1,1,-1,0.5,False,Trend,Trend,False
2023-01-03 00:00:00+09:00,15100.0,15665.0,15328.333333333334,38.8235294117647,-67.35709205039791,0.021439170336532854,0.03818930539628755,1,1,-1,0.5,False,Trend,Trend,False
2023-01-04 00:00:00+09:00,15350.0,15637.5,15359.166666666666,38.095238095238095,-43.942312393442904,0.02167143499298848,0.03692742598102806,1,1,-1,0.5,False,Trend,Trend,False
2023-01-05 00:00:00+09:00,15150.0,15597.5,15385.0,32.53012048192771,-38.08587196630825,0.021782515490838445,0.03697289982176357,1,1,-1,0.5,False,Trend,Trend,False
2023-01-06 00:00:00+09:00,15500.0,15575.0,15433.333333333334,41.463414634146346,-8.35514218545859,0.022511014907995286,0.035611021600896985,1,1,-1,0.5,False,Trend,Trend,False
2023-01-09 00:00:00+09:00,16250.0,15587.5,15485.833333333334,58.33333333333333,60.327104243814034,0.025005411792010518,0.03576766964611806,1,1,1,1.0,False,Trend,Trend,False
2023-01-10 00:00:00+09:00,16400.0,15605.0,15538.333333333334,60.46511627906977,111.39487387810397,0.02507208987325652,0.035760679598981,1,1,1,1.0,False,Trend,Trend,False
2023-01-11 00:00:00+09:00,16400.0,15622.5,15586.666666666666,61.17647058823529,138.91863281361753,0.02507208987325652,0.03570795334138197,1,1,1,1.0,False,Trend,Trend,False
2023-01-12 00:00:00+09:00,16900.0,15650.0,15645.833333333334,63.73626373626374,181.83482928646632,0.025619793547853566,0.035822050735924475,1,1,1,1.0,False,Trend,Trend,False
2023-01-13 00:00:00+09:00,17150.0,15677.5,15697.5,75.90361445783132,215.78011516012606,0.02560640767763811,0.035314065984505705,-1,1,-1,-0.19999999999999996,False,MeanReversion,Trend,False
2023-01-16 00:00:00+09:00,16500.0,15692.5,15750.833333333334,68.47826086956522,184.39543612203192,0.02654915889655447,0.03492101661961067,-1,1,1,0.30000000000000004,False,Trend,Trend,False
2023-01-17 00:00:00+09:00,16300.0,15730.0,15795.833333333334,65.26315789473685,142.00611168455998,0.024889190918901412,0.034891708764392425,-1,1,1,0.30000000000000004,False,Trend,Trend,False
2023-01-18 00:00:00+09:00,16000.0,15755.0,15846.666666666666,53.57142857142858,88.23598010303756,0.025303647508963245,0.03434031634249902,-1,1,1,0.30000000000000004,False,Trend,Trend,False
2023-01-19 00:00:00+09:00,16100.0,15787.5,15899.166666666666,58.75,55.477256115035246,0.025297266239066227,0.03433889703118236,-1,1,1,0.30000000000000004,False,Trend,Trend,False
2023-01-20 00:00:00+09:00,16250.0,15817.5,15946.666666666666,62.50000000000001,40.66978109302468,0.02522926143619431,0.03411344039106881,-1,1,1,0.30000000000000004,False,Trend,Trend,False
2023-01-25 00:00:00+09:00,16110.0,15873.0,15988.5,62.65664160401003,19.29021629337305,0.023152916648877437,0.03411270835087354,-1,1,1,0.30000000000000004,False,Trend,Trend,False
2023-01-26 00:00:00+09:00,16280.0,15947.0,16039.0,61.892583120204606,14.651654537020448,0.022844706239599846,0.03391380306727271,-1,1,1,0.30000000000000004,False,Trend,Trend,False
2023-01-27 00:00:00+09:00,16280.0,16018.5,16046.166666666666,65.22911051212938,9.86679329979303,0.022867965212318982,0.024855835449217798,-1,1,1,0.30000000000000004,False,Trend,Trend,False
2023-01-30 00:00:00+09:00,16610.0,16064.0,16083.0,65.04065040650406,26.27840535696069,0.019873814638635426,0.021519051405077216,-1,1,1,0.30000000000000004,False,Trend,Trend,False
2023-01-31 00:00:00+09:00,16700.0,16129.0,16112.166666666666,57.42574257425743,39.73909929056782,0.019182948305745365,0.021024942718212137,1,1,1,1.0,False,Trend,Trend,True
2023-02-01 00:00:00+09:00,16530.0,16193.0,16139.333333333334,52.13114754098361,33.96141705609648,0.019200049612171644,0.02107247993357446,1,1,1,1.0,False,Trend,Trend,False
2023-02-02 00:00:00+09:00,16600.0,16268.0,16159.333333333334,53.2051282051282,31.66720337573804,0.018919027305138187,0.020672239306654207,1,1,1,1.0,False,Trend,Trend,False
2023-02-03 00:00:00+09:00,16600.0,16330.5,16176.0,44.274809160305345,27.137214341881474,0.018740692092005913,0.020616000049554165,1,1,-1,0.5,False,Trend,Trend,False
2023-02-06 00:00:00+09:00,15840.0,16365.0,16174.166666666666,29.073482428115014,-27.119921560979634,0.021648608122368088,0.02133019225811484,1,1,-1,0.5,False,Trend,Trend,False
2023-02-07 00:00:00+09:00,15840.0,16382.0,16174.0,36.693548387096776,-61.137584738253025,0.0210994887975397,0.021314785556803623,1,1,-1,0.5,False,Trend,Trend,False
2023-02-08 00:00:00+09:00,16090.0,16374.0,16167.166666666666,45.8498023715415,-64.59251552270413,0.01848130309892928,0.02075860225771111,1,1,-1,0.5,False,Trend,Trend,False
2023-02-09 00:00:00+09:00,15880.0,16348.0,16150.166666666666,47.540983606557376,-77.91911050865235,0.018539808999398406,0.02057192932473001,1,1,-1,0.5,False,Trend,Trend,False
2023-02-10 00:00:00+09:00,15880.0,16322.0,16132.333333333334,45.2991452991453,-83.15516842389361,0.018539808999398406,0.020565747880357164,1,1,-1,0.5,False,Trend,Trend,False
2023-02-13 00:00:00+09:00,15720.0,16263.0,16106.833333333334,38.723404255319146,-93.06705039630084,0.017046907756186475,0.02045080469089189,1,1,-1,0.5,False,Trend,Trend,False
2023-02-14 00:00:00+09:00,15960.0,16203.5,16100.333333333334,46.93877551020408,-79.65086690992595,0.017073612157246846,0.019383836560891623,1,1,-1,0.5,False,Trend,Trend,False
2023-02-15 00:00:00+09:00,15320.0,16144.5,16084.0,33.56164383561644,-108.29440616340159,0.017326629659912985,0.020075907268247425,1,1,-1,0.5,False,Trend,Trend,False
2023-02-16 00:00:00+09:00,15470.0,16103.0,16067.666666666666,36.807817589576544,-111.13584386580695,0.017455151256543195,0.020081066266384548,1,1,-1,0.5,False,Trend,Trend,False
2023-02-17 00:00:00+09:00,15470.0,16076.5,16044.666666666666,29.197080291970792,-106.97541983016765,0.01705056308072114,0.019810836321384084,1,1,-1,0.5,False,Trend,Trend,False
2023-02-20 00:00:00+09:00,15720.0,16057.5,16025.0,33.103448275862064,-82.44622623333899,0.01742669030705946,0.01993135590625503,1,1,-1,0.5,False,Trend,Trend,False
2023-02-21 00:00:00+09:00,16200.0,16055.0,16009.166666666666,44.859813084112155,-31.570169040308173,0.018661535344202892,0.020236099660543592,1,1,-1,0.5,False,Trend,Trend,False
2023-02-22 00:00:00+09:00,16230.0,16061.0,15997.166666666666,44.16403785488959,4.506590927778802,0.01855727954600033,0.02018937014887415,1,1,-1,0.5,False,Trend,Trend,False
2023-02-23 00:00:00+09:00,16330.0,16063.5,15993.5,45.87155963302752,33.873199768680664,0.018457495342655176,0.01997661350123672,1,1,1,1.0,False,Trend,Trend,False
2023-02-24 00:00:00+09:00,16320.0,16065.5,15988.833333333334,59.523809523809526,50.397422824769244,0.018458271375180302,0.019972131915856582,1,1,1,1.0,False,Trend,Trend,False
2023-02-27 00:00:00+09:00,16260.0,16048.0,15980.666666666666,58.13953488372093,54.700311079862416,0.017861941970324084,0.019939337931327558,1,1,1,1.0,False,Trend,Trend,False
2023-02-28 00:00:00+09:00,16260.0,16026.0,15972.5,53.648068669527895,54.82192569114348,0.017799705825816702,0.019939337931327558,1,1,1,1.0,False,Trend,Trend,False
2023-03-02 00:00:00+09:00,16580.0,16028.5,15979.666666666666,64.34426229508196,72.61312591200118,0.018252734596306233,0.01953241611616348,1,1,1,1.0,False,Trend,Trend,False
2023-03-03 00:00:00+09:00,16720.0,16034.5,15989.166666666666,66.27906976744185,88.89395647278583,0.018325695215984435,0.01955936651086512,1,1,1,1.0,False,Trend,Trend,False
2023-03-06 00:00:00+09:00,16890.0,16049.0,16005.666666666666,72.58687258687259,105.08657115689249,0.018454387003042784,0.019480433645446094,1,1,-1,0.5,False,Trend,Trend,False
2023-03-07 00:00:00+09:00,16840.0,16099.0,16020.5,68.33333333333333,106.09565062737624,0.014709218693900754,0.019485045060923613,1,1,1,1.0,False,Trend,Trend,False
2023-03-08 00:00:00+09:00,17130.0,16163.5,16040.166666666666,94.14634146341463,118.99127901593474,0.015014536626008082,0.019595970445344658,1,1,-1,0.5,False,Trend,Trend,False
2023-03-09 00:00:00+09:00,18140.0,16266.0,16075.833333333334,95.87628865979381,184.33866859086015,0.01906695781088726,0.020891374872519068,1,1,-1,0.5,False,Trend,Trend,False
2023-03-10 00:00:00+09:00,17890.0,16366.5,16106.5,88.29113924050633,198.30578625110593,0.019106720099250088,0.020992203240650396,1,1,-1,0.5,False,Trend,Trend,False
2023-03-13 00:00:00+09:00,17810.0,16463.0,16135.833333333334,84.94983277591973,189.7335893381976,0.019206310988245264,0.02100671768629955,1,1,-1,0.5,False,Trend,Trend,False
2023-03-14 00:00:00+09:00,16780.0,16516.0,16143.0,58.19209039548023,106.42433358093604,0.02395168706487887,0.022326839084891546,1,1,1,1.0,False,Trend,Trend,False
2023-03-15 00:00:00+09:00,17690.0,16602.5,16161.166666666666,66.5158371040724,104.20225130889372,0.026300723110984824,0.02325737060462064,1,1,1,1.0,False,Trend,Trend,False
2023-03-16 00:00:00+09:00,17360.0,16704.5,16180.5,61.075268817204304,73.54912253971963,0.02467755594561408,0.023165127435899283,1,1,1,1.0,False,Trend,Trend,False
2023-03-17 00:00:00+09:00,17090.0,16785.5,16206.166666666666,57.841140529531565,30.34427879034746,0.02513844055606205,0.022609661750688185,1,1,1,1.0,False,Trend,Trend,False
2023-03-20 00:00:00+09:00,17020.0,16863.0,16231.5,57.72357723577235,-5.768495425363881,0.025197913522557774,0.022613125721077734,1,1,-1,0.5,False,Trend,Trend,False
2023-03-21 00:00:00+09:00,16750.0,16914.5,16253.166666666666,54.72061657032755,-48.29339175129155,0.02546098065064659,0.022718691478568285,1,1,-1,0.5,False,Trend,Trend,False
2023-03-22 00:00:00+09:00,16510.0,16930.0,16267.5,49.31506849315068,-90.58345633491308,0.0249251730956104,0.022757430259443174,1,1,-1,0.5,False,Trend,Trend,False
2023-03-23 00:00:00+09:00,16130.0,16925.0,16286.333333333334,44.48598130841122,-139.23743277974756,0.025504241934521055,0.022269004065949182,1,1,-1,0.5,False,Trend,Trend,False
2023-03-24 00:00:00+09:00,16300.0,16923.5,16311.333333333334,44.48598130841122,-153.91259867374873,0.025580409649747265,0.02221655337403921,1,1,-1,0.5,False,Trend,Trend,False
2023-03-27 00:00:00+09:00,15950.0,16905.0,16329.666666666666,42.123893805309734,-179.35559518720234,0.026033835410176644,0.022417814765147308,1,1,-1,0.5,False,Trend,Trend,False
2023-03-28 00:00:00+09:00,16100.0,16897.0,16336.333333333334,40.653357531760435,-177.89627581542456,0.026130148249534902,0.021279014836966037,1,1,-1,0.5,False,Trend,Trend,False
2023-03-29 00:00:00+09:00,16650.0,16916.5,16357.166666666666,35.24752475247524,-133.7190788397607,0.02722040623374254,0.02154229340048557,1,1,-1,0.5,False,Trend,Trend,False
2023-03-30 00:00:00+09:00,16350.0,16905.0,16375.5,34.90196078431373,-119.02322684536672,0.02719052285574905,0.02164255393371526,1,1,-1,0.5,False,Trend,Trend,False
2023-03-31 00:00:00+09:00,17000.0,16919.0,16407.166666666668,42.857142857142854,-62.67803294527495,0.028554928762223108,0.02213383874319125,1,1,-1,0.5,False,Trend,Trend,False
2023-04-03 00:00:00+09:00,17060.0,16927.5,16435.666666666668,52.97872340425532,-20.691112327669558,0.028480046731968727,0.02205365398310699,1,1,-1,0.5,False,Trend,Trend,False
2023-04-04 00:00:00+09:00,17280.0,16949.5,16471.166666666668,44.887780548628434,20.353282444784405,0.028597284331775278,0.0220112231323565,1,1,-1,0.5,False,Trend,Trend,False
2023-04-05 00:00:00+09:00,16980.0,16942.0,16495.833333333332,45.22613065326633,25.423730847717948,0.0286382869189581,0.021986141069612226,1,-1,1,0.19999999999999996,True,Defensive,Trend,False
2023-04-06 00:00:00+09:00,17050.0,16887.5,16509.166666666668,49.470899470899475,31.235195100829344,0.025266715703865083,0.02115489453197582,1,1,1,1.0,False,Trend,Trend,False
2023-04-07 00:00:00+09:00,16830.0,16834.5,16516.333333333332,47.58269720101782,18.62815333884342,0.02524750145456047,0.021199540947835535,1,1,1,1.0,False,Trend,Trend,False
2023-04-10 00:00:00+09:00,16750.0,16781.5,16522.166666666668,50.0,4.029646398593215,0.02524842292576271,0.021210105828240823,1,1,1,1.0,False,Trend,Trend,False
2023-04-11 00:00:00+09:00,16970.0,16791.0,16523.333333333332,56.182795698924735,8.084320288435933,0.02166187623876367,0.020918618558899846,1,1,1,1.0,False,Trend,Trend,False
2023-04-12 00:00:00+09:00,17700.0,16791.5,16532.5,69.28746928746929,56.14647659086384,0.0203994651484786,0.02153422886964724,1,1,1,1.0,False,Trend,Trend,False
2023-04-13 00:00:00+09:00,17860.0,16816.5,16555.166666666668,69.21182266009852,92.76813509708137,0.01999040532211545,0.020935661942944144,1,1,1,1.0,False,Trend,Trend,False
2023-04-14 00:00:00+09:00,18080.0,16866.0,16584.833333333332,77.09923664122137,123.91696585470623,0.019706584116314995,0.02090596491855596,1,1,-1,0.5,False,Trend,Trend,False
2023-04-17 00:00:00+09:00,19300.0,16980.0,16639.833333333332,82.0,213.5378930131374,0.02405481786084751,0.022284117451496777,1,1,-1,0.5,False,Trend,Trend,False
2023-04-18 00:00:00+09:00,18640.0,17074.5,16682.166666666668,69.47162426614481,214.64601627998346,0.025306309283639934,0.022810421959948646,1,1,1,1.0,False,Trend,Trend,False
2023-04-19 00:00:00+09:00,18540.0,17176.0,16720.333333333332,72.30142566191446,195.46660924117782,0.025013205150737638,0.02281447410201226,1,1,-1,0.5,False,Trend,Trend,False
2023-04-20 00:00:00+09:00,18370.0,17288.0,16758.0,65.4627539503386,159.66404304248186,0.024340875787320453,0.022819093220367685,1,1,1,1.0,False,Trend,Trend,False
2023-04-21 00:00:00+09:00,18410.0,17393.5,16793.5,65.3061224489796,128.35703515844398,0.02434023826242126,0.02279300860648783,1,1,1,1.0,False,Trend,Trend,False
2023-04-24 00:00:00+09:00,18080.0,17500.0,16823.5,58.849557522123895,77.60383395863607,0.024135356208835963,0.022939713339131668,1,1,1,1.0,False,Trend,Trend,False
2023-04-25 00:00:00+09:00,18100.0,17600.0,16848.333333333332,63.20754716981132,39.48200969740742,0.024150256486099454,0.022813318730368494,1,1,1,1.0,False,Trend,Trend,False
2023-04-26 00:00:00+09:00,17100.0,17622.5,16855.0,50.483558994197296,-53.90830776856444,0.026982577262507104,0.02401302918312143,1,1,-1,0.5,False,Trend,Trend,False
2023-04-27 00:00:00+09:00,16930.0,17651.5,16861.666666666668,50.9765625,-123.95264237828371,0.0267317669977104,0.02401124505305723,1,1,-1,0.5,False,Trend,Trend,False
2023-04-28 00:00:00+09:00,16690.0,17636.0,16863.166666666668,49.43181818181818,-179.87705077974766,0.02544857004960397,0.024079980825910355,1,1,-1,0.5,False,Trend,Trend,False
2023-05-02 00:00:00+09:00,16130.0,17589.5,16855.333333333332,42.52669039145908,-244.03138932073676,0.026474568381996275,0.02448188519213549,1,1,-1,0.5,False,Trend,Trend,False
2023-05-03 00:00:00+09:00,15570.0,17504.0,16850.833333333332,30.45871559633028,-309.4248152978617,0.027160071354174507,0.02415469716761302,1,1,-1,0.5,False,Trend,Trend,False
2023-05-04 00:00:00+09:00,15810.0,17445.5,16850.333333333332,31.464737793851725,-320.40747302921375,0.027367914369597613,0.02423835338202301,1,1,-1,0.5,False,Trend,Trend,False
2023-05-08 00:00:00+09:00,15810.0,17383.5,16845.666666666668,28.625235404896415,-311.29675214304126,0.02732254621091198,0.024150681586195856,1,1,-1,0.5,False,Trend,Trend,False
2023-05-09 00:00:00+09:00,15540.0,17319.0,16840.0,6.88073394495413,-306.5907508202198,0.02741403214469586,0.024193260158419782,1,1,-1,0.5,False,Trend,Trend,False
2023-05-10 00:00:00+09:00,15360.0,17249.5,16831.333333333332,7.731958762886606,-298.4498666701095,0.027467498004629855,0.024237030710504842,1,1,-1,0.5,False,Trend,Trend,False
2023-05-11 00:00:00+09:00,15330.0,17167.5,16824.833333333332,7.874015748031482,-278.3299459189193,0.02717111414589511,0.02420527131990704,1,1,-1,0.5,False,Trend,Trend,False
2023-05-12 00:00:00+09:00,15140.0,17039.5,16811.166666666668,7.832898172323752,-261.3329725547657,0.024820356718911873,0.02416676698621203,1,1,-1,0.5,False,Trend,Trend,False
2023-05-15 00:00:00+09:00,15380.0,16915.5,16812.166666666668,12.40694789081887,-219.1471853929071,0.02510419170965053,0.023677360546704544,1,1,-1,0.5,False,Trend,Trend,False
2023-05-16 00:00:00+09:00,15820.0,16802.5,16818.0,22.705314009661834,-150.12197287483002,0.02600187517259339,0.023923975049720214,-1,1,-1,-0.19999999999999996,False,MeanReversion,Trend,False
2023-05-17 00:00:00+09:00,15770.0,16626.0,16823.0,22.062350119904067,-98.82124113642845,0.019792830372619145,0.02392830138050452,-1,1,-1,-0.19999999999999996,False,MeanReversion,MeanReversion,True
2023-05-18 00:00:00+09:00,15780.0,16483.0,16824.0,29.245283018867923,-57.26484627154497,0.019037289748479885,0.02383935082189492,-1,1,-1,-0.19999999999999996,False,MeanReversion,MeanReversion,False
2023-05-19 00:00:00+09:00,16050.0,16358.5,16821.5,36.58536585365854,-7.271357106579501,0.019857475591143092,0.02361862948921182,-1,1,-1,-0.19999999999999996,False,MeanReversion,MeanReversion,False
2023-05-22 00:00:00+09:00,16380.0,16259.0,16824.0,45.4005934718101,49.23523072239789,0.020779671517211714,0.02376557892251224,-1,1,1,0.30000000000000004,False,Trend,MeanReversion,False
2023-05-23 00:00:00+09:00,16410.0,16159.0,16825.333333333332,54.929577464788736,87.60441771220695,0.020772898206829433,0.023753676584069155,-1,1,1,0.30000000000000004,False,Trend,Trend,False
2023-05-24 00:00:00+09:00,16370.0,16073.5,16826.166666666668,67.24137931034483,107.92715239603228,0.020577518694414113,0.023755753946531264,-1,1,1,0.30000000000000004,False,Trend,Trend,False
2023-05-25 00:00:00+09:00,16160.0,15976.5,16824.5,57.64192139737991,104.77837839776322,0.020598468771677723,0.023810150564355273,-1,1,1,0.30000000000000004,False,Trend,Trend,False
2023-05-26 00:00:00+09:00,16000.0,15921.5,16820.166666666668,53.87755102040816,90.03525348436403,0.01678381566842039,0.023844050432276342,-1,1,1,0.30000000000000004,False,Trend,Trend,False
2023-05-30 00:00:00+09:00,16060.0,15878.0,16811.5,61.60714285714286,82.63255049201825,0.01677765530503477,0.023709177191891022,-1,1,1,0.30000000000000004,False,Trend,Trend,False
2023-05-31 00:00:00+09:00,16080.0,15847.5,16800.833333333332,67.30769230769232,77.47770082530877,0.01656859461879872,0.023681417278260584,-1,1,1,0.30000000000000004,False,Trend,Trend,False
2023-06-01 00:00:00+09:00,16200.0,15851.0,16789.333333333332,70.04608294930875,80.20716684192391,0.014823040413784514,0.02366327948812128,-1,1,-1,-0.19999999999999996,False,MeanReversion,Trend,False
2023-06-02 00:00:00+09:00,16440.0,15894.5,16782.666666666668,79.27927927927928,95.21059736609385,0.012556332649811897,0.02374438114649524,-1,1,-1,-0.19999999999999996,False,MeanReversion,MeanReversion,False
2023-06-05 00:00:00+09:00,16950.0,15951.5,16779.666666666668,81.52610441767068,134.13437145757138,0.01376559239663619,0.023975097342588982,-1,1,-1,-0.19999999999999996,False,MeanReversion,MeanReversion,False
2023-06-07 00:00:00+09:00,17400.0,16031.0,16767.333333333332,81.60000000000001,181.87572573240246,0.014636185786991978,0.023029492982064755,-1,1,-1,-0.19999999999999996,False,MeanReversion,MeanReversion,False
2023-06-08 00:00:00+09:00,17910.0,16149.5,16767.666666666668,86.14864864864865,236.05561602175524,0.014617537669714005,0.023275059040236926,-1,1,-1,-0.19999999999999996,False,MeanReversion,MeanReversion,False
2023-06-09 00:00:00+09:00,18970.0,16330.0,16787.0,89.77556109725685,325.9925531745005,0.017784708239372986,0.024419272466986518,-1,1,-1,-0.19999999999999996,False,MeanReversion,MeanReversion,False
2023-06-12 00:00:00+09:00,18440.0,16485.5,16814.666666666668,77.98594847775176,331.41358327254216,0.01964266811187853,0.02341732029067128,-1,1,-1,-0.19999999999999996,False,MeanReversion,MeanReversion,False
2023-06-13 00:00:00+09:00,18870.0,16672.0,16834.333333333332,78.48970251716247,344.0870994889336,0.019177069250700864,0.022615043343698925,-1,1,-1,-0.19999999999999996,False,MeanReversion,MeanReversion,False
2023-06-14 00:00:00+09:00,18750.0,16840.5,16857.5,76.23318385650224,324.75800763713767,0.019524906920913316,0.022486035875210874,-1,1,-1,-0.19999999999999996,False,MeanReversion,MeanReversion,False
2023-06-15 00:00:00+09:00,18750.0,16987.0,16885.166666666668,76.92307692307692,293.3014944433495,0.019148525713992347,0.02237645294771206,1,1,-1,0.5,False,Trend,MeanReversion,False
2023-06-16 00:00:00+09:00,19270.0,17162.0,16922.666666666668,82.87526427061312,288.4094426511937,0.019384989224489255,0.022609213510622287,1,1,-1,0.5,False,Trend,Trend,False
2023-06-19 00:00:00+09:00,19280.0,17337.0,16964.833333333332,85.80786026200873,267.2195780590779,0.019387940102965115,0.022485816981144595,1,1,-1,0.5,False,Trend,Trend,False
2023-06-20 00:00:00+09:00,19270.0,17498.0,17010.833333333332,85.43046357615894,235.03996711384718,0.019452184186788003,0.022381373618607307,1,1,-1,0.5,False,Trend,Trend,False
2023-06-21 00:00:00+09:00,19270.0,17642.5,17063.166666666668,85.36585365853658,197.76157745071077,0.01936703586168562,0.022125756875997382,1,1,-1,0.5,False,Trend,Trend,False
2023-06-22 00:00:00+09:00,18010.0,17722.5,17091.666666666668,66.01769911504425,78.38057180439387,0.025734808151002583,0.023902226884855392,1,1,1,1.0,False,Trend,Trend,False
2023-06-23 00:00:00+09:00,18110.0,17809.5,17127.666666666668,65.15426497277677,0.4107642496635435,0.025680862418541395,0.023708756295963675,1,1,1,1.0,False,Trend,Trend,False
2023-06-26 00:00:00+09:00,17790.0,17891.0,17155.833333333332,57.89473684210526,-74.32035547670114,0.025884569832352353,0.02382748576748793,1,1,-1,0.5,False,Trend,Trend,False
2023-06-27 00:00:00+09:00,18230.0,18002.5,17182.166666666668,57.81544256120527,-94.43318400765611,0.025994546136694486,0.023648143431518522,1,1,-1,0.5,False,Trend,Trend,False
2023-06-28 00:00:00+09:00,18000.0,18099.5,17209.666666666668,50.89463220675945,-121.80058047261593,0.026344683722656654,0.02358122673488728,1,1,-1,0.5,False,Trend,Trend,False
2023-06-29 00:00:00+09:00,17750.0,18183.0,17222.166666666668,35.54502369668246,-153.27910054482902,0.02669808205482317,0.023145496934547836,1,1,-1,0.5,False,Trend,Trend,False
2023-06-30 00:00:00+09:00,18110.0,18278.5,17239.666666666668,45.92592592592593,-146.40610820630837,0.02690912209231627,0.023277791276110155,1,1,-1,0.5,False,Trend,Trend,False
2023-07-03 00:00:00+09:00,18100.0,18361.5,17253.333333333332,39.39393939393939,-139.13427097349438,0.026852785621191838,0.02322667861678696,1,1,-1,0.5,False,Trend,Trend,False
2023-07-04 00:00:00+09:00,17920.0,18410.0,17269.0,38.75338753387534,-142.5255349132159,0.026332645965261085,0.023146490084887787,1,1,-1,0.5,False,Trend,Trend,False
2023-07-05 00:00:00+09:00,17740.0,18427.0,17280.5,36.95090439276486,-152.09760390574752,0.025880524307025917,0.023185686827010932,1,1,-1,0.5,False,Trend,Trend,False
2023-07-06 00:00:00+09:00,17400.0,18401.5,17290.0,24.66124661246613,-174.90606309494893,0.025384559308113622,0.023263615827422972,1,1,-1,0.5,False,Trend,Trend,False
2023-07-07 00:00:00+09:00,17400.0,18323.0,17300.833333333332,24.456521739130437,-182.7185261123836,0.021281967032623875,0.02325327832631045,1,1,-1,0.5,False,Trend,Trend,False
2023-07-10 00:00:00+09:00,17730.0,18287.5,17313.5,30.75,-159.2459654882219,0.021090794809384632,0.023316926261317372,1,1,-1,0.5,False,Trend,Trend,False
2023-07-11 00:00:00+09:00,18850.0,18286.5,17332.666666666668,45.8984375,-66.61612036817502,0.02486747271150421,0.024013157954974558,1,1,-1,0.5,False,Trend,Trend,False
2023-07-12 00:00:00+09:00,18390.0,18268.5,17341.5,54.398148148148145,-36.175715888636546,0.025443826325901153,0.02421739863008198,1,1,-1,0.5,False,Trend,Trend,False
2023-07-13 00:00:00+09:00,19060.0,18284.0,17357.833333333332,59.713701431492844,25.886227591969572,0.026740744700435568,0.024598796428388067,1,1,1,1.0,False,Trend,Trend,False
2023-07-14 00:00:00+09:00,17890.0,18215.0,17334.333333333332,50.87108013937283,-12.96895189574974,0.029547937715126996,0.024495160892927956,1,1,-1,0.5,False,Trend,Trend,False
2023-07-17 00:00:00+09:00,17600.0,18131.0,17317.0,44.364937388193205,-56.851073232302184,0.029661107072877856,0.024180861576252943,1,1,-1,0.5,False,Trend,Trend,False
2023-07-18 00:00:00+09:00,17350.0,18035.0,17297.166666666668,44.20677361853833,-98.9013293710313,0.029722437471520147,0.024235935805571596,1,1,-1,0.5,False,Trend,Trend,False
2023-07-19 00:00:00+09:00,17670.0,17955.0,17285.5,49.29577464788733,-100.99757946996029,0.030169838093500753,0.024339684192127082,1,1,-1,0.5,False,Trend,Trend,False
2023-07-20 00:00:00+09:00,17570.0,17933.0,17271.5,45.018450184501845,-104.51476861688712,0.02625651516185131,0.024345353717664085,1,1,-1,0.5,False,Trend,Trend,False
2023-07-21 00:00:00+09:00,17370.0,17896.0,17259.666666666668,43.49376114081997,-114.88175404690088,0.02630054449965979,0.024280347331843755,1,1,-1,0.5,False,Trend,Trend,False
2023-07-24 00:00:00+09:00,17280.0,17870.5,17246.0,44.20289855072463,-121.71682280206737,0.02605311944786881,0.02428617150070754,1,1,-1,0.5,False,Trend,Trend,False
2023-07-25 00:00:00+09:00,17710.0,17844.5,17256.166666666668,49.740034662045055,-92.51724656634036,0.026060857994051435,0.023357477902510776,1,1,-1,0.5,False,Trend,Trend,False
2023-07-26 00:00:00+09:00,16720.0,17780.5,17252.666666666668,44.704049844236756,-132.6727600955393,0.02885698185763343,0.02450035682216528,1,1,-1,0.5,False,Trend,Trend,False
2023-07-27 00:00:00+09:00,16860.0,17736.0,17255.5,45.88414634146341,-141.7773337138272,0.028869448604802332,0.024454159311953192,1,1,-1,0.5,False,Trend,Trend,False
2023-07-28 00:00:00+09:00,17480.0,17704.5,17278.0,48.175182481751825,-99.98688510433954,0.029741082673305684,0.024465745033727303,1,1,-1,0.5,False,Trend,Trend,False
2023-07-31 00:00:00+09:00,17490.0,17674.0,17310.0,38.153310104529616,-67.18803152681812,0.029744568211824272,0.023987945114780085,1,1,-1,0.5,False,Trend,Trend,False
2023-08-01 00:00:00+09:00,17500.0,17653.0,17338.166666666668,41.587901701323254,-41.591170506674814,0.029683527965546328,0.023924198831591116,1,1,-1,0.5,False,Trend,Trend,False
2023-08-02 00:00:00+09:00,17690.0,17650.5,17369.5,35.75883575883576,-10.268234469397555,0.02972110964529234,0.023951851640400465,1,1,-1,0.5,False,Trend,Trend,False
2023-08-03 00:00:00+09:00,16970.0,17629.0,17393.333333333332,39.449541284403665,-35.0489763003315,0.030868777111307515,0.024480681054749605,1,1,-1,0.5,False,Trend,Trend,False
2023-08-04 00:00:00+09:00,16920.0,17605.0,17419.333333333332,41.747572815533985,-50.8576506106881,0.030869533958347253,0.024427374568739012,1,1,-1,0.5,False,Trend,Trend,False
2023-08-07 00:00:00+09:00,16800.0,17558.5,17443.833333333332,43.1077694235589,-64.56541158108212,0.030519437532021163,0.024449234301879334,1,1,-1,0.5,False,Trend,Trend,False
2023-08-08 00:00:00+09:00,16760.0,17454.0,17470.833333333332,37.73584905660377,-70.98520655172979,0.026562185902795445,0.024385949689390046,-1,1,-1,-0.19999999999999996,False,MeanReversion,Trend,False
2023-08-09 00:00:00+09:00,17000.0,17384.5,17497.833333333332,42.5974025974026,-54.469773851020705,0.02653587091211543,0.024372001298911018,-1,1,-1,-0.19999999999999996,False,MeanReversion,Trend,False
2023-08-10 00:00:00+09:00,16880.0,17275.5,17515.5,43.50132625994695,-47.294962389378895,0.024836003025666766,0.024145487149674034,-1,1,-1,-0.19999999999999996,False,MeanReversion,Trend,False
2023-08-11 00:00:00+09:00,16930.0,17227.5,17534.833333333332,45.3083109919571,-35.3939892000422,0.02090176661789895,0.024140174471680848,-1,1,-1,-0.19999999999999996,False,MeanReversion,Trend,False
2023-08-14 00:00:00+09:00,16610.0,17178.0,17548.666666666668,34.80662983425414,-44.68648363244469,0.021004196507943863,0.02428155221971366,-1,1,-1,-0.19999999999999996,False,MeanReversion,Trend,False
2023-08-16 00:00:00+09:00,16310.0,17126.0,17553.0,43.003412969283275,-65.39730225949228,0.02113418072169484,0.024310805697637657,-1,1,-1,-0.19999999999999996,False,MeanReversion,Trend,False
2023-08-17 00:00:00+09:00,16250.0,17055.0,17550.833333333332,39.29824561403509,-76.71391695000742,0.020527427770995445,0.024171883284543453,-1,1,-1,-0.19999999999999996,False,MeanReversion,Trend,False
2023-08-18 00:00:00+09:00,16020.0,16977.5,17544.333333333332,20.325203252032523,-92.22334728182432,0.02064941491104131,0.02423884966437516,-1,1,-1,-0.19999999999999996,False,MeanReversion,Trend,False
2023-08-21 00:00:00+09:00,16020.0,16910.0,17538.5,20.0,-94.6594649217746,0.020608738616918608,0.0242374166178021,-1,1,-1,-0.19999999999999996,False,MeanReversion,Trend,False
2023-08-22 00:00:00+09:00,15990.0,16845.5,17535.666666666668,19.433198380566793,-90.4725599727721,0.020612365160006956,0.02418236547762456,-1,1,-1,-0.19999999999999996,False,MeanReversion,Trend,False
2023-08-23 00:00:00+09:00,16380.0,16779.0,17542.0,25.468164794007492,-55.3443331819293,0.020577582232988705,0.024348036365923753,-1,1,-1,-0.19999999999999996,False,MeanReversion,Trend,False
2023-08-24 00:00:00+09:00,16570.0,16771.5,17550.5,40.65420560747664,-15.301556821860402,0.01649559049323594,0.02438694910641586,-1,1,-1,-0.19999999999999996,False,MeanReversion,MeanReversion,False
2023-08-25 00:00:00+09:00,16700.0,16763.5,17560.833333333332,45.04504504504504,21.92827100733217,0.016481320621120055,0.02440499783260268,-1,1,1,0.30000000000000004,False,Trend,MeanReversion,False
2023-08-28 00:00:00+09:00,17170.0,16748.0,17577.0,57.19844357976654,77.09137483181047,0.015586330203943167,0.02464087242461352,-1,1,1,0.30000000000000004,False,Trend,Trend,False
2023-08-29 00:00:00+09:00,17360.0,16741.5,17592.333333333332,61.029411764705884,122.55831486348592,0.01581097218737686,0.024610514851225045,-1,1,1,0.30000000000000004,False,Trend,Trend,False
2023-08-30 00:00:00+09:00,17750.0,16754.0,17605.666666666668,63.066202090592334,172.04863272168365,0.01660014678107416,0.024463460929669983,-1,1,1,0.30000000000000004,False,Trend,Trend,False
2023-08-31 00:00:00+09:00,18220.0,16780.5,17619.333333333332,70.80745341614907,226.17964108434796,0.017424446505957553,0.024462264282189967,-1,1,-1,-0.19999999999999996,False,MeanReversion,Trend,False
2023-09-01 00:00:00+09:00,17470.0,16805.5,17612.0,56.88775510204082,202.00864843345397,0.017487356303945732,0.02479171463019134,-1,1,1,0.30000000000000004,False,Trend,Trend,False
2023-09-04 00:00:00+09:00,17190.0,16819.0,17582.333333333332,57.47422680412371,159.56044530691338,0.01790666640925261,0.023673800899589505,-1,1,1,0.30000000000000004,False,Trend,Trend,False
2023-09-05 00:00:00+09:00,16970.0,16827.5,17557.833333333332,58.68421052631579,111.3470349913112,0.018086115341076403,0.02346155015394922,-1,1,1,0.30000000000000004,False,Trend,Trend,False
2023-09-06 00:00:00+09:00,16610.0,16820.0,17520.166666666668,54.390243902439025,52.85927578745164,0.01873661576638331,0.023379124014555566,-1,1,1,0.30000000000000004,False,Trend,Trend,False
2023-09-07 00:00:00+09:00,16660.0,16803.0,17485.333333333332,58.163265306122454,17.042543914941383,0.0184400365819971,0.02338158003729699,-1,1,1,0.30000000000000004,False,Trend,Trend,False
2023-09-08 00:00:00+09:00,16850.0,16801.5,17453.666666666668,60.09732360097323,6.208774561572618,0.01858030698510516,0.023443522072083688,-1,1,1,0.30000000000000004,False,Trend,Trend,False
2023-09-11 00:00:00+09:00,17220.0,16816.0,17419.5,63.82022471910113,23.074794640299615,0.01920541341718974,0.02333586256899249,-1,1,1,0.30000000000000004,False,Trend,Trend,False
2023-09-12 00:00:00+09:00,16770.0,16824.0,17377.666666666668,54.32372505543238,4.035285003638094,0.019674979468184216,0.023548266091362628,-1,1,1,0.30000000000000004,False,Trend,Trend,False
2023-09-13 00:00:00+09:00,16910.0,16854.0,17338.333333333332,53.81165919282511,1.1321919251715045,0.01923708015172721,0.023587320450970933,-1,1,1,0.30000000000000004,False,Trend,Trend,False
2023-09-14 00:00:00+09:00,17020.0,16892.5,17300.833333333332,53.6036036036036,6.578166658405216,0.01921867059762304,0.02361230537459772,-1,1,1,0.30000000000000004,False,Trend,Trend,False
2023-09-15 00:00:00+09:00,17170.0,16950.0,17286.833333333332,50.0,19.509401933392606,0.018860208000286607,0.022023884764097904,-1,1,1,0.30000000000000004,False,Trend,Trend,False
2023-09-18 00:00:00+09:00,17020.0,17000.0,17268.666666666668,45.833333333333336,17.26461176273933,0.01904622467730883,0.022031630607589902,-1,1,1,0.30000000000000004,False,Trend,Trend,False
2023-09-19 00:00:00+09:00,17900.0,17095.5,17270.5,51.64113785557986,71.31830265102485,0.021736387769402062,0.022894474149512154,-1,1,1,0.30000000000000004,False,Trend,Trend,False
2023-09-20 00:00:00+09:00,17060.0,17129.5,17251.0,38.259109311740886,47.896276384049095,0.02434434970979374,0.023493886127571847,-1,1,-1,-0.19999999999999996,False,MeanReversion,Trend,False
2023-09-21 00:00:00+09:00,16840.0,17143.0,17231.666666666668,42.857142857142854,16.59957914284533,0.024457725112967732,0.023496278393327186,-1,1,-1,-0.19999999999999996,False,MeanReversion,Trend,False
2023-09-22 00:00:00+09:00,16670.0,17141.5,17213.666666666668,43.95348837209302,-14.83913533028506,0.0245165915691886,0.023465822339758243,-1,1,-1,-0.19999999999999996,False,MeanReversion,Trend,False
2023-09-25 00:00:00+09:00,16550.0,17110.5,17187.666666666668,45.00000000000001,-41.49408950841031,0.02365830370457537,0.02331345939568026,-1,1,-1,-0.19999999999999996,False,MeanReversion,Trend,False
2023-09-26 00:00:00+09:00,16330.0,17059.0,17158.166666666668,46.55172413793104,-70.04057162561168,0.023589846779004685,0.023363392189213208,-1,1,-1,-0.19999999999999996,False,MeanReversion,Trend,False
2023-09-27 00:00:00+09:00,16430.0,16993.0,17133.333333333332,47.201946472019465,-77.69488399449169,0.02294764580592131,0.023359142994705845,-1,1,-1,-0.19999999999999996,False,MeanReversion,Trend,False
2023-10-04 00:00:00+09:00,15770.0,16870.5,17100.5,38.20960698689956,-120.1774795559257,0.02323689725188644,0.023887811811336417,-1,1,-1,-0.19999999999999996,False,MeanReversion,Trend,False
2023-10-05 00:00:00+09:00,15530.0,16773.5,17069.333333333332,31.01123595505618,-155.18543283925743,0.02185755105754068,0.023843845551660033,-1,1,-1,-0.19999999999999996,False,MeanReversion,Trend,False
2023-10-06 00:00:00+09:00,15440.0,16686.0,17036.666666666668,33.74083129584352,-173.74690182667183,0.021723676157096503,0.023847822455987874,-1,1,-1,-0.19999999999999996,False,MeanReversion,Trend,False
2023-10-10 00:00:00+09:00,14800.0,16577.5,16987.833333333332,27.015250544662308,-215.73072096813036,0.023207440414052604,0.0242472638925559,-1,1,-1,-0.19999999999999996,False,MeanReversion,Trend,False
2023-10-11 00:00:00+09:00,15210.0,16507.5,16927.166666666668,31.492842535787318,-202.69411328597272,0.02413600585243673,0.023091175986085438,-1,1,-1,-0.19999999999999996,False,MeanReversion,Trend,False
2023-10-12 00:00:00+09:00,15130.0,16431.0,16872.833333333332,28.83817427385891,-186.66384289592008,0.02407317475153245,0.022925471936173683,-1,1,-1,-0.19999999999999996,False,MeanReversion,Trend,False
2023-10-13 00:00:00+09:00,14530.0,16315.0,16797.333333333332,26.37571157495256,-202.3572765090638,0.0250119581676555,0.022838044923212633,-1,1,-1,-0.19999999999999996,False,MeanReversion,Trend,False
2023-10-16 00:00:00+09:00,14290.0,16168.5,16737.333333333332,11.015118790496771,-213.676265338774,0.02411578173492052,0.021559235487931837,-1,1,-1,-0.19999999999999996,False,MeanReversion,Trend,False
2023-10-17 00:00:00+09:00,14270.0,16043.5,16681.833333333332,13.38582677165354,-207.13317935625366,0.023827155158129592,0.02149745514152617,-1,1,-1,-0.19999999999999996,False,MeanReversion,Trend,False
2023-10-18 00:00:00+09:00,14420.0,15919.0,16633.0,17.64705882352942,-178.41638904297042,0.023909398150982506,0.021524078019881338,-1,1,-1,-0.19999999999999996,False,MeanReversion,Trend,False
2023-10-19 00:00:00+09:00,14030.0,15769.5,16572.333333333332,16.666666666666657,-171.3618234526573,0.02403260101727526,0.021563891242321456,-1,1,-1,-0.19999999999999996,False,MeanReversion,Trend,False
2023-10-20 00:00:00+09:00,13830.0,15602.5,16510.0,16.336633663366342,-165.7386082530944,0.023652365617452705,0.02160547744297325,-1,1,-1,-0.19999999999999996,False,MeanReversion,Trend,False
2023-10-23 00:00:00+09:00,13860.0,15444.5,16451.5,17.922077922077932,-146.25149948952355,0.02382795634739514,0.02159730519142746,-1,1,-1,-0.19999999999999996,False,MeanReversion,Trend,False
2023-10-24 00:00:00+09:00,14050.0,15252.0,16397.666666666668,19.796954314720807,-108.55215430879673,0.02001089631687608,0.02171237520740072,-1,1,-1,-0.19999999999999996,False,MeanReversion,Trend,False
2023-10-25 00:00:00+09:00,14060.0,15102.0,16336.833333333334,24.01215805471125,-72.6537613106982,0.01829712756308989,0.021406645769078816,-1,1,-1,-0.19999999999999996,False,MeanReversion,Trend,False
2023-10-26 00:00:00+09:00,13630.0,14941.5,16285.333333333334,22.701149425287355,-67.68020279207462,0.018905816479268787,0.020536907621442054,-1,1,-1,-0.19999999999999996,False,MeanReversion,Trend,False
2023-10-27 00:00:00+09:00,13580.0,14787.0,16230.666666666666,22.965116279069775,-57.94548444437078,0.018968794648993308,0.0204789509015351,-1,1,-1,-0.19999999999999996,False,MeanReversion,Trend,False
2023-10-30 00:00:00+09:00,13780.0,14648.5,16169.0,33.0,-29.65038794180805,0.019764437810247306,0.019953645154658837,-1,1,-1,-0.19999999999999996,False,MeanReversion,Trend,False
2023-10-31 00:00:00+09:00,13420.0,14503.0,16101.166666666666,19.661016949152554,-26.875594206268715,0.02012511506304722,0.020153891834454967,-1,1,-1,-0.19999999999999996,False,MeanReversion,Trend,False
2023-11-01 00:00:00+09:00,13460.0,14354.5,16033.833333333334,21.30584192439862,-14.653570664785775,0.02000667785007682,0.02016636229323741,-1,1,-1,-0.19999999999999996,False,MeanReversion,Trend,False
2023-11-02 00:00:00+09:00,13910.0,14261.5,15970.833333333334,38.768115942028984,29.047735442725298,0.02078182845970699,0.020643963675801118,-1,1,-1,-0.19999999999999996,False,MeanReversion,MeanReversion,False
2023-11-03 00:00:00+09:00,13980.0,14184.0,15921.0,44.01544401544402,65.87183341289892,0.020813156927464032,0.020076062945907004,-1,1,-1,-0.19999999999999996,False,MeanReversion,MeanReversion,False
2023-11-06 00:00:00+09:00,15000.0,14162.0,15889.0,60.16713091922006,156.93169588564638,0.026820156708031173,0.022214202827645597,-1,1,1,0.30000000000000004,False,Trend,MeanReversion,False
2023-11-07 00:00:00+09:00,14580.0,14151.0,15852.0,52.07253886010363,184.95686139075644,0.025866057502429315,0.02246566350865867,-1,1,1,0.30000000000000004,False,Trend,Trend,False
2023-11-08 00:00:00+09:00,14550.0,14118.0,15815.166666666666,57.42857142857143,196.4713093252508,0.02500774283896439,0.02246569716768672,-1,1,1,0.30000000000000004,False,Trend,Trend,False
2023-11-09 00:00:00+09:00,14110.0,14067.0,15767.0,53.7433155080214,170.4205129435304,0.02580524984858952,0.02265179584282118,-1,1,1,0.30000000000000004,False,Trend,Trend,False
2023-11-10 00:00:00+09:00,13840.0,14032.5,15716.333333333334,49.74874371859296,132.6507550048351,0.024616512463708252,0.022743127494679164,-1,1,1,0.30000000000000004,False,Trend,Trend,False
2023-11-13 00:00:00+09:00,13720.0,14004.0,15662.833333333334,45.78005115089515,98.78604378845898,0.024438341176355113,0.02273850746353247,-1,1,1,0.30000000000000004,False,Trend,Trend,False
2023-11-14 00:00:00+09:00,14210.0,14001.0,15622.833333333334,51.70842824601367,107.84780587766858,0.025811885988472564,0.023180695261882003,-1,1,1,0.30000000000000004,False,Trend,Trend,False
2023-11-15 00:00:00+09:00,14660.0,14013.0,15595.333333333334,61.678004535147394,140.54150375059794,0.026664314292828332,0.02349159021623335,-1,1,1,0.30000000000000004,False,Trend,Trend,False
2023-11-16 00:00:00+09:00,14600.0,14041.5,15567.833333333334,61.53846153846153,153.46605241713172,0.025862098394026194,0.02349222367600141,-1,1,1,0.30000000000000004,False,Trend,Trend,False
2023-11-17 00:00:00+09:00,14390.0,14069.5,15540.666666666666,56.884875846501124,143.39972540616105,0.02586644835095555,0.023494339551146094,-1,1,1,0.30000000000000004,False,Trend,Trend,False
2023-11-20 00:00:00+09:00,14680.0,14110.5,15518.333333333334,64.44954128440367,151.0328513513884,0.026176911515284184,0.023660698001125646,-1,1,1,0.30000000000000004,False,Trend,Trend,False
2023-11-21 00:00:00+09:00,14690.0,14142.5,15496.666666666666,64.20323325635104,151.14633015100387,0.0260570716471645,0.023662231652503602,-1,1,1,0.30000000000000004,False,Trend,Trend,False
2023-11-22 00:00:00+09:00,14610.0,14170.0,15467.166666666666,58.83838383838384,140.45260824956858,0.026112460854780358,0.023428647354263758,-1,1,1,0.30000000000000004,False,Trend,Trend,False
2023-11-23 00:00:00+09:00,14940.0,14235.5,15440.0,61.37440758293839,149.39084715199863,0.025279519507955456,0.023574733219710476,-1,1,1,0.30000000000000004,False,Trend,Trend,False
2023-11-24 00:00:00+09:00,15020.0,14307.5,15412.0,50.30487804878049,153.87055358526388,0.02520468097858301,0.02355991992523593,-1,1,1,0.30000000000000004,False,Trend,Trend,False
2023-11-27 00:00:00+09:00,14960.0,14366.5,15375.166666666666,56.5068493150685,146.03572957848354,0.025176079327371065,0.023239999351576758,-1,1,1,0.30000000000000004,False,Trend,Trend,False
2023-11-28 00:00:00+09:00,15260.0,14458.5,15340.166666666666,61.12852664576802,153.53462489150857,0.024331451601102498,0.023353658981675664,-1,1,1,0.30000000000000004,False,Trend,Trend,False
2023-11-29 00:00:00+09:00,15070.0,14539.0,15295.5,66.3265306122449,138.63070218938967,0.02469145788614532,0.023169291532425973,-1,1,1,0.30000000000000004,False,Trend,Trend,False
2023-11-30 00:00:00+09:00,15800.0,14633.5,15255.166666666666,78.8235294117647,168.8626987255482,0.025717688255607756,0.023769670047801384,-1,1,-1,-0.19999999999999996,False,MeanReversion,Trend,False
2023-12-01 00:00:00+09:00,15270.0,14698.0,15218.5,70.34120734908137,145.00507513969916,0.02726826283394435,0.02356693699159227,-1,1,-1,-0.19999999999999996,False,MeanReversion,MeanReversion,False
2023-12-04 00:00:00+09:00,15610.0,14728.5,15192.166666666666,69.1256830601093,143.68665322629226,0.022899435041914,0.02369993190758139,-1,1,1,0.30000000000000004,False,Trend,MeanReversion,False
2023-12-05 00:00:00+09:00,15900.0,14794.5,15174.333333333334,67.71428571428572,153.04610598115266,0.02200415790201855,0.023791708318691644,-1,1,1,0.30000000000000004,False,Trend,Trend,False
2023-12-06 00:00:00+09:00,15950.0,14864.5,15163.333333333334,69.34097421203438,152.94254338428829,0.021955310043356005,0.0236464294605574,-1,1,1,0.30000000000000004,False,Trend,Trend,False
2023-12-07 00:00:00+09:00,15890.0,14953.5,15150.5,72.45508982035929,139.54464500308117,0.020450436432950223,0.023644726676924854,-1,1,-1,-0.19999999999999996,False,MeanReversion,Trend,False
2023-12-08 00:00:00+09:00,15720.0,15047.5,15131.666666666666,66.14906832298136,111.17846098556606,0.01997784004685213,0.023624686014403977,-1,1,1,0.30000000000000004,False,Trend,Trend,False
2023-12-11 00:00:00+09:00,15510.0,15137.0,15103.166666666666,61.988304093567244,72.11134299980785,0.020193093638266373,0.02348331650416369,1,1,1,1.0,False,Trend,Trend,True
2023-12-12 00:00:00+09:00,15800.0,15216.5,15087.0,66.39118457300276,60.12952536597015,0.019260902202642264,0.023398402992235653,1,1,1,1.0,False,Trend,Trend,False
2023-12-13 00:00:00+09:00,15450.0,15256.0,15062.666666666666,56.986301369863014,24.772003748067164,0.019198704225156796,0.02352697441248403,1,1,1,1.0,False,Trend,Trend,False
2023-12-14 00:00:00+09:00,15840.0,15318.0,15043.0,60.35353535353536,23.785154262002095,0.01975289440866517,0.023752563884763052,1,1,1,1.0,False,Trend,Trend,False
2023-12-15 00:00:00+09:00,15910.0,15394.0,15022.0,61.96473551637279,23.917044878901777,0.01926409115282327,0.023728175213497568,1,1,1,1.0,False,Trend,Trend,False
2023-12-18 00:00:00+09:00,15750.0,15447.5,15000.833333333334,56.396866840731064,10.01065173339805,0.01921036291256025,0.023735942861434604,1,1,1,1.0,False,Trend,Trend,False
2023-12-19 00:00:00+09:00,15680.0,15497.0,14963.833333333334,58.22102425876011,-6.2448961563735,0.019284450997913472,0.02274651007524214,1,1,-1,0.5,False,Trend,Trend,False
2023-12-20 00:00:00+09:00,15910.0,15562.0,14944.666666666666,51.713395638629294,-3.9611735209082894,0.019327519546965533,0.022032239467347333,1,1,-1,0.5,False,Trend,Trend,False
2023-12-21 00:00:00+09:00,15550.0,15592.5,14923.166666666666,54.60526315789474,-27.82050513650546,0.019742645916566003,0.022159065423030595,1,1,-1,0.5,False,Trend,Trend,False
2023-12-22 00:00:00+09:00,15510.0,15617.0,14903.833333333334,48.175182481751825,-46.32999011221233,0.01975152040298181,0.022129537574259932,1,1,-1,0.5,False,Trend,Trend,False
2023-12-26 00:00:00+09:00,15420.0,15640.0,14885.0,40.5511811023622,-63.60128484171187,0.019782824530164812,0.022123799438251487,1,1,-1,0.5,False,Trend,Trend,False
2023-12-27 00:00:00+09:00,15640.0,15659.0,14873.5,44.28044280442805,-59.26268012659105,0.019544707113552003,0.022152087365393786,1,1,-1,0.5,False,Trend,Trend,False
2023-12-28 00:00:00+09:00,15900.0,15700.5,14864.666666666666,50.17182130584192,-38.91906773295088,0.019546577273095812,0.02224664898665446,1,1,-1,0.5,False,Trend,Trend,False
2024-01-02 00:00:00+09:00,16010.0,15711.0,14868.666666666666,55.08771929824562,-19.09421751760908,0.01655004833705352,0.021620995297990084,1,1,-1,0.5,False,Trend,Trend,False
2024-01-03 00:00:00+09:00,15600.0,15727.5,14869.833333333334,51.475409836065566,-33.775434393931505,0.015726100831263204,0.021793280522336225,1,1,-1,0.5,False,Trend,Trend,False
2024-01-04 00:00:00+09:00,15570.0,15725.5,14872.0,45.878136200716845,-44.98707868372088,0.01493878081992251,0.021781257630148206,1,1,-1,0.5,False,Trend,Trend,False
2024-01-05 00:00:00+09:00,15560.0,15708.5,14884.666666666666,52.244897959183675,-52.05744124440312,0.014287876829725933,0.021056244256952326,1,1,-1,0.5,False,Trend,Trend,False
2024-01-08 00:00:00+09:00,15560.0,15689.0,14890.5,43.20388349514563,-55.40466248167883,0.014256277726618074,0.020767078471031455,1,1,-1,0.5,False,Trend,Trend,False
2024-01-09 00:00:00+09:00,15580.0,15673.5,14898.0,41.791044776119406,-54.840192289035315,0.014253838561468944,0.020754076823832686,1,1,-1,0.5,False,Trend,Trend,False
2024-01-10 00:00:00+09:00,15190.0,15647.0,14909.0,37.5,-77.89379042440419,0.015127225001090249,0.020336124064004642,1,1,-1,0.5,False,Trend,Trend,False
2024-01-11 00:00:00+09:00,15150.0,15629.0,14923.333333333334,38.00904977375566,-92.02851048037792,0.014876941486818694,0.020213031844302606,1,1,-1,0.5,False,Trend,Trend,False
2024-01-12 00:00:00+09:00,15060.0,15592.0,14936.5,29.468599033816417,-102.81321676176086,0.014160736002024684,0.020230663488912802,1,1,-1,0.5,False,Trend,Trend,False
2024-01-15 00:00:00+09:00,15320.0,15585.5,14951.5,44.162436548223354,-88.36233273147256,0.01397867790414582,0.020302145815709268,1,1,-1,0.5,False,Trend,Trend,False
2024-01-16 00:00:00+09:00,15230.0,15555.0,14971.5,43.069306930693074,-80.98659551430168,0.012674809938503945,0.01997890460278818,1,1,-1,0.5,False,Trend,Trend,False
2024-01-17 00:00:00+09:00,14570.0,15488.0,14983.833333333334,33.59073359073359,-114.62355512696256,0.015704000060016557,0.020737988246391278,1,1,-1,0.5,False,Trend,Trend,False
2024-01-18 00:00:00+09:00,14780.0,15439.5,14999.166666666666,33.33333333333333,-116.42055576978795,0.016178842987222407,0.020810003219833412,1,1,-1,0.5,False,Trend,Trend,False
2024-01-19 00:00:00+09:00,15130.0,15412.0,15017.166666666666,35.5805243445693,-88.9668662992016,0.01722843357517023,0.020947936386843852,1,1,-1,0.5,False,Trend,Trend,False
2024-01-22 00:00:00+09:00,15010.0,15367.0,15033.0,31.343283582089555,-74.41010722254498,0.0168353079278142,0.020981511955776997,1,1,-1,0.5,False,Trend,Trend,False
2024-01-23 00:00:00+09:00,15000.0,15339.5,15055.833333333334,36.84210526315789,-61.51044492052105,0.016167625797151326,0.020554701254506248,1,1,-1,0.5,False,Trend,Trend,False
2024-01-24 00:00:00+09:00,14860.0,15307.0,15077.166666666666,35.14644351464436,-58.481741937132085,0.01625607896892973,0.020592633102597322,1,1,-1,0.5,False,Trend,Trend,False
2024-01-25 00:00:00+09:00,14870.0,15279.5,15095.333333333334,35.56485355648536,-52.09279334532043,0.01624356403072748,0.020520628161054082,1,1,-1,0.5,False,Trend,Trend,False
2024-01-26 00:00:00+09:00,15170.0,15256.0,15124.5,42.75092936802974,-25.30677462690221,0.01659247907922551,0.020331593357235524,1,1,-1,0.5,False,Trend,Trend,False
2024-01-29 00:00:00+09:00,15320.0,15227.0,15155.5,45.39007092198582,3.3445948127048695,0.016276205506012692,0.02035622445349062,1,1,1,1.0,False,Trend,Trend,False
2024-01-30 00:00:00+09:00,15030.0,15178.0,15174.166666666666,47.05882352941176,3.575782728442789,0.016576185258204784,0.02013144061486632,1,1,1,1.0,False,Trend,Trend,False
2024-01-31 00:00:00+09:00,15440.0,15170.0,15198.5,54.69255663430421,30.645846943086838,0.01696143604695689,0.020396844930400147,-1,1,1,0.30000000000000004,False,Trend,Trend,False
2024-02-01 00:00:00+09:00,15380.0,15160.5,15204.833333333334,55.228758169934636,43.05479129065466,0.01697575240842838,0.01829870058546164,-1,1,1,0.30000000000000004,False,Trend,Trend,False
2024-02-02 00:00:00+09:00,16000.0,15182.5,15228.5,59.941520467836256,88.92181318869382,0.019201813306382643,0.01858445584319153,-1,1,1,0.30000000000000004,False,Trend,Trend,False
2024-02-05 00:00:00+09:00,15370.0,15173.0,15242.166666666666,51.76767676767676,73.3805342537643,0.02133755955790518,0.019345597564102254,-1,1,1,0.30000000000000004,False,Trend,Trend,False
2024-02-06 00:00:00+09:00,15320.0,15160.0,15262.333333333334,61.19402985074626,57.01141748905276,0.02134046234505245,0.018904684365788564,-1,1,1,0.30000000000000004,False,Trend,Trend,False
2024-02-07 00:00:00+09:00,15240.0,15162.5,15285.666666666666,57.14285714285714,38.93705369279889,0.02058520722252127,0.018730026967715734,-1,1,1,0.30000000000000004,False,Trend,Trend,False
2024-02-08 00:00:00+09:00,15620.0,15186.0,15317.333333333334,57.53846153846154,50.00874204457128,0.02128101365751818,0.018912444119196025,-1,1,1,0.30000000000000004,False,Trend,Trend,False
2024-02-13 00:00:00+09:00,15620.0,15214.0,15340.833333333334,59.7444089456869,54.40352274180525,0.021212296807648395,0.018412843948413974,-1,1,1,0.30000000000000004,False,Trend,Trend,False
2024-02-14 00:00:00+09:00,15360.0,15216.0,15352.5,55.325443786982255,37.6663761825715,0.02128050558907259,0.01814518092003916,-1,1,1,0.30000000000000004,False,Trend,Trend,False
2024-02-15 00:00:00+09:00,15380.0,15223.5,15365.5,57.97546012269939,26.344632470401365,0.02123410020044238,0.01813396260670777,-1,1,1,0.30000000000000004,False,Trend,Trend,False
2024-02-16 00:00:00+09:00,15370.0,15263.5,15381.833333333334,57.668711656441715,17.03608820177285,0.018448366858830008,0.018023016420855305,-1,1,1,0.30000000000000004,False,Trend,Trend,False
2024-02-19 00:00:00+09:00,15630.0,15306.0,15397.666666666666,57.14285714285714,26.66928815411285,0.018538194952177442,0.017971263955709183,-1,1,1,0.30000000000000004,False,Trend,Trend,False
2024-02-20 00:00:00+09:00,15540.0,15326.5,15411.833333333334,53.48101265822784,25.27285112345112,0.01797043256372473,0.017992793853579114,-1,1,1,0.30000000000000004,False,Trend,Trend,False
2024-02-21 00:00:00+09:00,15970.0,15374.5,15434.5,64.24242424242424,50.164038093373705,0.01872369130278872,0.018289839148378634,-1,1,1,0.30000000000000004,False,Trend,Trend,False
2024-02-22 00:00:00+09:00,16300.0,15439.5,15457.166666666666,63.35403726708074,83.73086098753599,0.01909203374528725,0.01825503785409682,-1,1,1,0.30000000000000004,False,Trend,Trend,False
2024-02-23 00:00:00+09:00,16350.0,15514.0,15479.333333333334,65.10903426791276,102.91599064320593,0.018828766702398286,0.018249182124763605,1,1,1,1.0,False,Trend,Trend,True
2024-02-26 00:00:00+09:00,16130.0,15577.0,15498.833333333334,52.313167259786475,94.61590180700509,0.01925556900187522,0.01833857701069522,1,1,1,1.0,False,Trend,Trend,False
2024-02-27 00:00:00+09:00,15960.0,15616.5,15510.5,62.55319148936171,72.49894928114105,0.019139339585079948,0.018236169976461616,1,1,1,1.0,False,Trend,Trend,False
2024-02-28 00:00:00+09:00,16140.0,15657.5,15528.333333333334,66.53225806451613,65.0522040354081,0.01916940845574147,0.018200774456413264,1,1,1,1.0,False,Trend,Trend,False
2024-02-29 00:00:00+09:00,16240.0,15718.0,15535.666666666666,70.0,61.937150957543054,0.01848321276789455,0.01717860273537036,1,1,1,1.0,False,Trend,Trend,False
2024-03-04 00:00:00+09:00,15770.0,15734.5,15544.0,52.8957528957529,25.183179169699713,0.01906568075920006,0.017026771250450434,1,1,1,1.0,False,Trend,Trend,False
2024-03-05 00:00:00+09:00,15460.0,15738.5,15541.5,47.241379310344826,-20.574882585765465,0.019610033822621675,0.01698937713248765,1,1,-1,0.5,False,Trend,Trend,False
2024-03-06 00:00:00+09:00,15630.0,15720.0,15537.0,54.804270462633454,-38.89844733412835,0.017529222075533785,0.016877991408077605,1,1,-1,0.5,False,Trend,Trend,False
2024-03-07 00:00:00+09:00,15580.0,15730.5,15530.833333333334,53.52112676056338,-53.01727792066558,0.014961186286945954,0.01687604111954771,1,1,-1,0.5,False,Trend,Trend,False
2024-03-08 00:00:00+09:00,15860.0,15757.5,15530.333333333334,57.87781350482315,-42.57986400370399,0.015404662763998388,0.017032091460658927,1,1,-1,0.5,False,Trend,Trend,False
2024-03-11 00:00:00+09:00,16720.0,15831.5,15547.0,64.6900269541779,19.81307488733779,0.019057073158318363,0.018284391414371295,1,1,1,1.0,False,Trend,Trend,False
2024-03-12 00:00:00+09:00,17030.0,15902.0,15572.333333333334,68.95674300254453,76.35511622508096,0.018760583429936015,0.018318810695418866,1,1,1,1.0,False,Trend,Trend,False
2024-03-13 00:00:00+09:00,17480.0,15995.0,15600.333333333334,69.11392405063292,135.02634526846555,0.019341841086545304,0.01846283020818264,1,1,1,1.0,False,Trend,Trend,False
2024-03-14 00:00:00+09:00,18230.0,16138.5,15646.666666666666,72.08237986270024,210.79401193186982,0.020205362357747284,0.018905978570498142,1,1,-1,0.5,False,Trend,Trend,False
2024-03-15 00:00:00+09:00,17980.0,16268.5,15682.333333333334,67.83369803063457,229.00742218573998,0.02076596166846636,0.01879711903571004,1,1,1,1.0,False,Trend,Trend,False
2024-03-18 00:00:00+09:00,17860.0,16393.0,15714.833333333334,69.35123042505592,217.9665045293038,0.02093888890356016,0.0188287666816362,1,1,1,1.0,False,Trend,Trend,False
2024-03-19 00:00:00+09:00,17840.0,16503.5,15749.666666666666,71.75925925925927,195.05330066485305,0.02090435380755802,0.018767054751951746,1,1,-1,0.5,False,Trend,Trend,False
2024-03-20 00:00:00+09:00,17740.0,16613.5,15784.0,68.86792452830188,160.34994678562077,0.02089958948073807,0.018774540062563273,1,1,1,1.0,False,Trend,Trend,False
2024-03-21 00:00:00+09:00,18070.0,16718.5,15820.0,70.46979865771812,147.152087922619,0.02052880253904977,0.01882479778418396,1,1,-1,0.5,False,Trend,Trend,False
2024-03-22 00:00:00+09:00,17890.0,16798.0,15859.0,75.35885167464114,115.24291235395344,0.020543986566505783,0.018606999441977013,1,1,-1,0.5,False,Trend,Trend,False
2024-03-25 00:00:00+09:00,17300.0,16845.5,15888.833333333334,70.62780269058297,46.85067360960397,0.0222521048157282,0.019166392175653222,1,1,-1,0.5,False,Trend,Trend,False
2024-03-26 00:00:00+09:00,17210.0,16899.5,15918.666666666666,68.0365296803653,-9.021158424329997,0.022006133159620037,0.019162471437818445,1,1,-1,0.5,False,Trend,Trend,False
2024-03-27 00:00:00+09:00,17480.0,16975.5,15949.333333333334,70.65217391304348,-31.121628314510076,0.021917805096901277,0.019178597334093207,1,1,-1,0.5,False,Trend,Trend,False
2024-03-28 00:00:00+09:00,17520.0,17044.5,15976.333333333334,69.03669724770643,-45.503449713935424,0.02186574510572271,0.019082328161042158,1,1,-1,0.5,False,Trend,Trend,False
2024-03-29 00:00:00+09:00,17220.0,17093.5,15996.5,56.57894736842105,-75.88774706353468,0.022371440849481887,0.01922356302043884,1,1,-1,0.5,False,Trend,Trend,False
2024-04-01 00:00:00+09:00,17270.0,17168.5,16024.333333333334,53.389830508474574,-92.20014538224234,0.02104375163007004,0.018890700087233987,1,1,-1,0.5,False,Trend,Trend,False
2024-04-02 00:00:00+09:00,16780.0,17234.5,16044.5,40.22346368715084,-133.08882281158668,0.02167391974606545,0.019291891639395865,1,1,-1,0.5,False,Trend,Trend,False
2024-04-03 00:00:00+09:00,16500.0,17278.0,16060.166666666666,22.18649517684888,-173.532938079649,0.022097758249959833,0.019431411208497375,1,1,-1,0.5,False,Trend,Trend,False
2024-04-04 00:00:00+09:00,16810.0,17339.5,16081.0,31.54574132492114,-173.5303247241294,0.022327847892797726,0.01956367327799453,1,1,-1,0.5,False,Trend,Trend,False
2024-04-05 00:00:00+09:00,16980.0,17395.5,16104.333333333334,36.33540372670808,-156.7155846699617,0.022138301573893925,0.019596440025942623,1,1,-1,0.5,False,Trend,Trend,False
2024-04-08 00:00:00+09:00,16550.0,17387.0,16127.0,32.231404958677686,-168.1781975376079,0.019747199872610876,0.019603411902542618,1,1,-1,0.5,False,Trend,Trend,False
2024-04-09 00:00:00+09:00,16250.0,17348.0,16145.333333333334,30.548302872062663,-188.08400985825935,0.01960337774203637,0.019762009962712594,1,1,-1,0.5,False,Trend,Trend,False
2024-04-11 00:00:00+09:00,15120.0,17230.0,16146.333333333334,18.142548596112306,-264.77833991416554,0.02392331045978921,0.021894408258119096,1,1,-1,0.5,False,Trend,Trend,False
2024-04-12 00:00:00+09:00,15310.0,17084.0,16146.166666666666,22.198275862068968,-288.2033695620828,0.021513017953416456,0.02184139844461411,1,1,-1,0.5,False,Trend,Trend,False
2024-04-15 00:00:00+09:00,15120.0,16941.0,16144.333333333334,24.29245283018868,-300.60609342388034,0.021498624545010878,0.021888049644612734,1,1,-1,0.5,False,Trend,Trend,False
2024-04-16 00:00:00+09:00,14600.0,16778.0,16144.833333333334,22.055674518201272,-325.82476524367735,0.022279606593591916,0.02160076303664137,1,1,-1,0.5,False,Trend,Trend,False
2024-04-17 00:00:00+09:00,14320.0,16602.0,16137.166666666666,16.239316239316224,-341.69536064489716,0.022267070491542734,0.021660942030122334,1,1,-1,0.5,False,Trend,Trend,False
2024-04-18 00:00:00+09:00,14900.0,16460.0,16133.333333333334,24.904214559386972,-295.21281628547746,0.02498305334311517,0.022064610255545857,1,1,-1,0.5,False,Trend,Trend,False
2024-04-19 00:00:00+09:00,14690.0,16291.0,16128.0,25.34113060428851,-261.8283283814544,0.024168564393106808,0.02211610887624002,1,1,-1,0.5,False,Trend,Trend,False
2024-04-22 00:00:00+09:00,15730.0,16183.0,16140.166666666666,37.41830065359477,-158.03467903844427,0.029906332552219757,0.023830904182610805,1,1,-1,0.5,False,Trend,Trend,False
2024-04-23 00:00:00+09:00,15540.0,16095.0,16151.5,39.34707903780069,-93.6864994621119,0.029261724159933125,0.023853658414431805,-1,1,-1,-0.19999999999999996,False,MeanReversion,Trend,False
2024-04-24 00:00:00+09:00,15770.0,16023.0,16166.5,43.67417677642982,-30.418264766987704,0.029603650978122953,0.02392149693209663,-1,1,-1,-0.19999999999999996,False,MeanReversion,MeanReversion,False
2024-04-25 00:00:00+09:00,15860.0,15942.0,16178.0,41.44144144144144,19.991312434000406,0.02933475962288271,0.02380002988349203,-1,1,-1,-0.19999999999999996,False,MeanReversion,MeanReversion,False
2024-04-26 00:00:00+09:00,16210.0,15876.5,16192.833333333334,43.28097731239093,76.24580724423026,0.02990532887978319,0.023927689979793845,-1,1,-1,-0.19999999999999996,False,MeanReversion,MeanReversion,False
2024-04-29 00:00:00+09:00,16790.0,15855.0,16222.166666666666,52.04081632653062,147.71911266337753,0.03094972659675985,0.02418115098377888,-1,1,1,0.30000000000000004,False,Trend,MeanReversion,False
2024-04-30 00:00:00+09:00,16800.0,15831.5,16244.833333333334,54.91949910554562,188.2717748463973,0.03093769823481204,0.023956380740546124,-1,1,1,0.30000000000000004,False,Trend,Trend,False
2024-05-02 00:00:00+09:00,16500.0,15817.5,16263.5,64.49579831932773,187.10555407786808,0.030526765411034162,0.024078441777148477,-1,1,1,0.30000000000000004,False,Trend,Trend,False
2024-05-03 00:00:00+09:00,16550.0,15820.0,16272.666666666666,63.41991341991342,181.76161185503236,0.0303015382558613,0.02354839499051958,-1,1,1,0.30000000000000004,False,Trend,Trend,False
2024-05-07 00:00:00+09:00,17080.0,15833.5,16301.166666666666,69.75806451612902,204.29750019478533,0.030848032455973746,0.023263623110330662,-1,-1,1,-0.5,True,Defensive,Trend,False
2024-05-08 00:00:00+09:00,17350.0,15852.0,16335.0,79.19320594479831,226.06832978286553,0.03096231287670071,0.02332284994167919,-1,-1,-1,-1.0,True,Defensive,Defensive,False
2024-05-09 00:00:00+09:00,17640.0,15906.5,16375.0,85.16949152542372,246.97947032930102,0.030479766668404875,0.02337691643612562,-1,-1,-1,-1.0,True,Defensive,Defensive,False
2024-05-10 00:00:00+09:00,17330.0,15960.5,16403.5,77.30337078651685,227.40206343563045,0.030459126225401728,0.023334961004988615,-1,-1,-1,-1.0,True,Defensive,Defensive,False
2024-05-13 00:00:00+09:00,17700.0,16089.5,16438.166666666668,82.646420824295,226.35121551424325,0.024968336338414773,0.02346739477679869,-1,1,-1,-0.19999999999999996,False,MeanReversion,Defensive,False
2024-05-14 00:00:00+09:00,17670.0,16207.5,16476.666666666668,76.94444444444444,210.9245772887034,0.02503185039945862,0.023342277710279913,-1,1,-1,-0.19999999999999996,False,MeanReversion,MeanReversion,False
2024-05-16 00:00:00+09:00,18100.0,16356.5,16522.0,83.33333333333333,216.17154765179367,0.024854288734279174,0.023509258624252002,-1,1,-1,-0.19999999999999996,False,MeanReversion,MeanReversion,False
2024-05-17 00:00:00+09:00,18050.0,16529.0,16566.666666666668,81.14754098360656,202.97610319064756,0.02281285741986612,0.02351597683961,-1,1,-1,-0.19999999999999996,False,MeanReversion,MeanReversion,False
2024-05-20 00:00:00+09:00,17800.0,16703.0,16602.833333333332,75.39267015706807,165.68688104916527,0.02246783825208291,0.023538310658539164,1,1,-1,0.5,False,Trend,MeanReversion,False
2024-05-21 00:00:00+09:00,17710.0,16843.5,16639.0,71.06741573033707,125.08410076776647,0.02166044421343878,0.023534450646546533,1,1,-1,0.5,False,Trend,MeanReversion,False
2024-05-22 00:00:00+09:00,18060.0,17012.0,16673.833333333332,69.06906906906907,112.32759138603006,0.021095638209791684,0.02341555545889936,1,1,1,1.0,False,Trend,Trend,False
2024-05-23 00:00:00+09:00,18120.0,17131.5,16704.166666666668,69.52662721893492,98.93016262378609,0.016091823606483015,0.02329145967982779,1,1,1,1.0,False,Trend,Trend,False
2024-05-24 00:00:00+09:00,18260.0,17267.5,16736.0,77.32919254658385,90.71326461770758,0.015442747335936315,0.023303517788814045,1,1,-1,0.5,False,Trend,Trend,False
2024-05-27 00:00:00+09:00,21300.0,17544.0,16822.166666666668,88.24476650563606,271.0386374890503,0.03613739222467668,0.030389007161994032,1,1,-1,0.5,False,Trend,Trend,False
2024-05-28 00:00:00+09:00,21800.0,17841.0,16919.5,88.18770226537217,397.3710810789306,0.036111346460399034,0.030415167634388986,1,1,-1,0.5,False,Trend,Trend,False
2024-05-29 00:00:00+09:00,20950.0,18078.0,16999.666666666668,76.62721893491124,396.17971193708354,0.03814905853744945,0.030951705523448163,1,1,-1,0.5,False,Trend,Trend,False
2024-05-30 00:00:00+09:00,20600.0,18268.5,17072.333333333332,71.7008797653959,346.12719926725663,0.03831883467453823,0.03107113682598404,1,1,-1,0.5,False,Trend,Trend,False
2024-05-31 00:00:00+09:00,20800.0,18468.5,17156.166666666668,75.85692995529061,302.3841250520063,0.03825248525243361,0.030768575981100235,1,1,-1,0.5,False,Trend,Trend,False
2024-06-03 00:00:00+09:00,20750.0,18681.0,17244.333333333332,73.86541471048514,248.24515831688245,0.037792586679940246,0.030615487063128822,1,1,-1,0.5,False,Trend,Trend,False
2024-06-04 00:00:00+09:00,19200.0,18813.5,17303.833333333332,59.67130214917826,94.13600499173492,0.04272238260202774,0.032402927489232444,1,-1,1,0.19999999999999996,True,Defensive,Trend,False
2024-06-05 00:00:00+09:00,19120.0,18915.5,17362.833333333332,56.74603174603175,-20.956457258242835,0.04240724084601002,0.032406539632938734,1,-1,-1,-0.30000000000000004,True,Defensive,Trend,False
2024-06-07 00:00:00+09:00,19170.0,19006.5,17418.0,57.407407407407405,-97.21661606735779,0.04234499922358532,0.032351429126925554,1,-1,-1,-0.30000000000000004,True,Defensive,Trend,False
2024-06-10 00:00:00+09:00,19450.0,19097.0,17463.5,60.869565217391305,-130.24011683678475,0.042317631663565496,0.03172704093446707,1,-1,-1,-0.30000000000000004,True,Defensive,Trend,False
2024-06-11 00:00:00+09:00,19160.0,19188.5,17499.0,59.30680359435173,-170.51179630604292,0.04224574790157078,0.03173717413877095,1,-1,-1,-0.30000000000000004,True,Defensive,Trend,False
2024-06-12 00:00:00+09:00,20000.0,19303.5,17541.0,61.71497584541063,-140.7127947914961,0.0429575947963843,0.032026913507493655,1,-1,-1,-0.30000000000000004,True,Defensive,Defensive,False
2024-06-13 00:00:00+09:00,19520.0,19396.0,17562.5,58.04597701149425,-152.47556414759617,0.04346778950503326,0.03177442728434611,1,-1,-1,-0.30000000000000004,True,Defensive,Defensive,False
2024-06-14 00:00:00+09:00,19660.0,19474.0,17590.5,58.04597701149425,-149.75734827312658,0.043241350016537436,0.03172246175301414,1,-1,-1,-0.30000000000000004,True,Defensive,Defensive,False
2024-06-17 00:00:00+09:00,19680.0,19555.5,17620.833333333332,35.739436619718305,-145.42201713583404,0.04321784651621107,0.031704352894953214,1,-1,-1,-0.30000000000000004,True,Defensive,Defensive,False
2024-06-18 00:00:00+09:00,19720.0,19651.5,17652.166666666668,30.076628352490417,-138.69257523328577,0.04300952010465695,0.031702350707323156,1,-1,-1,-0.30000000000000004,True,Defensive,Defensive,False
2024-06-19 00:00:00+09:00,21150.0,19823.5,17709.0,51.72413793103448,-41.792658408986995,0.045289087786888296,0.03288880244638501,1,-1,-1,-0.30000000000000004,True,Defensive,Defensive,False
2024-06-20 00:00:00+09:00,20850.0,19963.0,17755.333333333332,52.17391304347826,-3.7645930378288313,0.04550054748726818,0.03289866565303687,1,-1,-1,-0.30000000000000004,True,Defensive,Defensive,False
2024-06-21 00:00:00+09:00,20900.0,20102.0,17805.5,50.892857142857146,17.71500495984992,0.045505134869620045,0.03285839633906683,1,-1,1,0.19999999999999996,True,Defensive,Defensive,False
2024-06-24 00:00:00+09:00,20800.0,20229.0,17863.833333333332,50.4424778761062,18.08332253220169,0.04558272053098396,0.03253066902921353,1,-1,1,0.19999999999999996,True,Defensive,Defensive,False
2024-06-25 00:00:00+09:00,20500.0,20189.0,17918.666666666668,64.77272727272728,-7.604557601799456,0.029691044794439174,0.03259302917904241,1,1,-1,0.5,False,Trend,Defensive,False
2024-06-26 00:00:00+09:00,20400.0,20119.0,17967.333333333332,64.47963800904978,-35.49649145332137,0.02909886596051423,0.03256543009761688,1,1,-1,0.5,False,Trend,Defensive,False
2024-06-27 00:00:00+09:00,19890.0,20066.0,18006.833333333332,57.377049180327866,-89.3920806946569,0.02831482719311326,0.032763956049460176,1,1,-1,0.5,False,Trend,Defensive,False
2024-06-28 00:00:00+09:00,20100.0,20041.0,18054.833333333332,56.75675675675676,-110.60850093075851,0.02825069251423661,0.032681517475538394,1,1,-1,0.5,False,Trend,Defensive,False
2024-07-01 00:00:00+09:00,19950.0,19998.5,18099.5,58.45824411134903,-132.95231115477623,0.02816290201763462,0.032707299279961015,1,1,-1,0.5,False,Trend,Defensive,False
2024-07-02 00:00:00+09:00,19330.0,19927.5,18142.0,42.47191011235955,-184.52272491240387,0.02892508198461169,0.032754298430338925,1,1,-1,0.5,False,Trend,Defensive,False
2024-07-03 00:00:00+09:00,19260.0,19930.5,18188.0,46.78217821782178,-216.1881215313539,0.02309378296058787,0.03266747062772108,1,1,-1,0.5,False,Trend,Defensive,False
2024-07-04 00:00:00+09:00,19450.0,19947.0,18232.0,47.432762836185816,-216.63215756476473,0.02316748178330775,0.03261397765518221,1,1,-1,0.5,False,Trend,Defensive,False
2024-07-05 00:00:00+09:00,19540.0,19965.5,18274.666666666668,48.31730769230769,-203.3719904133187,0.023179814548107053,0.03259995578681258,1,1,-1,0.5,False,Trend,Defensive,False
2024-07-08 00:00:00+09:00,21000.0,20043.0,18348.833333333332,61.46953405017921,-94.3236887393295,0.028018127873499134,0.03360304887264127,1,1,-1,0.5,False,Trend,Trend,False
2024-07-09 00:00:00+09:00,22250.0,20197.5,18448.833333333332,60.18518518518518,55.85954112596448,0.03009538613204757,0.034180097344277065,1,1,1,1.0,False,Trend,Trend,False
2024-07-10 00:00:00+09:00,21850.0,20290.0,18561.0,59.09090909090909,118.52603349743123,0.02940049549316784,0.03279349683777462,1,1,1,1.0,False,Trend,Trend,False
2024-07-11 00:00:00+09:00,21850.0,20406.5,18670.0,58.71559633027523,148.3105699285146,0.028643762749927772,0.03279213102680331,1,1,1,1.0,False,Trend,Trend,False
2024-07-12 00:00:00+09:00,20900.0,20468.5,18766.333333333332,50.79365079365079,94.95916837338831,0.03074721561493093,0.033351256526311435,1,1,1,1.0,False,Trend,Trend,False
2024-07-15 00:00:00+09:00,21600.0,20564.5,18883.0,58.208955223880594,97.37925427395629,0.03145629567135707,0.033109096698308436,1,1,1,1.0,False,Trend,Trend,False
2024-07-16 00:00:00+09:00,21000.0,20628.5,18994.333333333332,54.166666666666664,51.44405315533413,0.03230242554973431,0.03324506517803917,1,1,1,1.0,False,Trend,Trend,False
2024-07-17 00:00:00+09:00,21250.0,20633.5,19100.166666666668,59.79827089337176,31.736456919435625,0.028341213309371317,0.03296510771452025,1,1,1,1.0,False,Trend,Trend,False
2024-07-18 00:00:00+09:00,21000.0,20641.0,19205.333333333332,56.44699140401147,-2.480245642946443,0.028280337242113422,0.03294210724204377,1,1,-1,0.5,False,Trend,Trend,False
2024-07-19 00:00:00+09:00,20200.0,20606.0,19279.833333333332,51.638269986893846,-79.0913409921227,0.029596506273827594,0.032401385530793615,1,1,-1,0.5,False,Trend,Trend,False
2024-07-22 00:00:00+09:00,20200.0,20576.0,19357.5,56.205420827389446,-127.02394399336447,0.02958955715800364,0.03233555012055316,1,1,-1,0.5,False,Trend,Trend,False
2024-07-23 00:00:00+09:00,19880.0,20545.0,19426.0,54.269972451790636,-174.60085649044169,0.029624759037918964,0.032411858330107284,1,1,-1,0.5,False,Trend,Trend,False
2024-07-24 00:00:00+09:00,19820.0,20516.0,19492.0,52.59467040673212,-202.4702254375045,0.029616572092762142,0.03242303542341042,1,1,-1,0.5,False,Trend,Trend,False
2024-07-25 00:00:00+09:00,18930.0,20468.0,19537.333333333332,46.15384615384615,-269.0335198832008,0.03082611881804988,0.03295740922400702,1,1,-1,0.5,False,Trend,Trend,False
2024-07-26 00:00:00+09:00,18870.0,20406.5,19572.0,33.6906584992343,-302.7782165397024,0.030674435919986472,0.032685755155435633,1,1,-1,0.5,False,Trend,Trend,False
2024-07-29 00:00:00+09:00,18530.0,20335.5,19600.833333333332,16.903914590747334,-331.3627522123442,0.030846612366869246,0.03278864622398875,1,1,-1,0.5,False,Trend,Trend,False
2024-07-30 00:00:00+09:00,18560.0,20297.0,19635.166666666668,18.66666666666667,-330.84677200294533,0.030152802647870038,0.03268700958385625,1,1,-1,0.5,False,Trend,Trend,False
2024-07-31 00:00:00+09:00,18830.0,20275.5,19673.166666666668,22.64492753623189,-296.0478947115025,0.030372420723316442,0.03272652069131823,1,1,-1,0.5,False,Trend,Trend,False
2024-08-01 00:00:00+09:00,18710.0,20238.5,19700.333333333332,26.652452025586356,-265.79951220166845,0.03028110638502398,0.03251515267233674,1,1,-1,0.5,False,Trend,Trend,False
2024-08-02 00:00:00+09:00,17690.0,20146.0,19706.0,10.97804391217565,-296.8190484393295,0.03254453906932609,0.03329519768591377,1,1,-1,0.5,False,Trend,Trend,False
2024-08-05 00:00:00+09:00,15860.0,19889.0,19676.333333333332,8.81410256410257,-415.6298308847607,0.035101519602886364,0.03609616387495131,1,1,-1,0.5,False,Trend,Trend,False
2024-08-06 00:00:00+09:00,16870.0,19620.0,19668.666666666668,18.714285714285708,-401.04873841282006,0.03553184382976407,0.036948573154513054,-1,1,-1,-0.19999999999999996,False,MeanReversion,Trend,False
2024-08-07 00:00:00+09:00,16850.0,19370.0,19654.5,19.35007385524372,-368.44269046776094,0.03562596644391015,0.0368398827133465,-1,1,-1,-0.19999999999999996,False,MeanReversion,Trend,False
2024-08-08 00:00:00+09:00,17540.0,19154.5,19652.333333333332,30.030030030030034,-280.09791581537047,0.037478411920576285,0.03721688728524509,-1,1,-1,-0.19999999999999996,False,MeanReversion,Trend,False
2024-08-09 00:00:00+09:00,17690.0,18994.0,19645.5,31.5712187958884,-195.27150482491334,0.03685537525115909,0.037099792428612055,-1,1,-1,-0.19999999999999996,False,MeanReversion,Trend,False
2024-08-12 00:00:00+09:00,18340.0,18831.0,19650.333333333332,39.2156862745098,-84.7431814811523,0.03704672824925431,0.03739533845629289,-1,1,-1,-0.19999999999999996,False,MeanReversion,MeanReversion,False
2024-08-13 00:00:00+09:00,18150.0,18688.5,19656.166666666668,38.51444291609354,-17.31316550666145,0.03675405225821133,0.03737535396192388,-1,1,-1,-0.19999999999999996,False,MeanReversion,MeanReversion,False
2024-08-14 00:00:00+09:00,18170.0,18534.5,19663.833333333332,44.0625,33.01004310952817,0.036537796219843086,0.03736875031625423,-1,1,-1,-0.19999999999999996,False,MeanReversion,MeanReversion,False
2024-08-16 00:00:00+09:00,18750.0,18422.0,19675.333333333332,49.13294797687861,105.63566570904027,0.037554349243550965,0.03750273671585019,-1,1,1,0.30000000000000004,False,Trend,MeanReversion,False
2024-08-19 00:00:00+09:00,18230.0,18323.5,19677.166666666668,47.88732394366197,117.99265892945141,0.03713023573726491,0.03768372038675925,-1,1,1,0.30000000000000004,False,Trend,Trend,False
2024-08-20 00:00:00+09:00,17970.0,18212.0,19672.333333333332,45.97544338335608,108.25033230427039,0.03716468494417493,0.03771596699946503,-1,1,1,0.30000000000000004,False,Trend,Trend,False
2024-08-21 00:00:00+09:00,18040.0,18120.0,19618.0,44.460028050490884,105.98039365068348,0.03714534036890375,0.03182910492622156,-1,1,-1,-0.19999999999999996,False,MeanReversion,Trend,False
2024-08-22 00:00:00+09:00,17760.0,18017.0,19550.666666666668,43.484224965706446,85.93526385765603,0.03721967266876132,0.031686627633812234,-1,1,-1,-0.19999999999999996,False,MeanReversion,Trend,False
2024-08-23 00:00:00+09:00,18010.0,17971.0,19501.666666666668,52.45398773006136,89.42728542197693,0.03618914510274613,0.031399883369759456,-1,1,1,0.30000000000000004,False,Trend,Trend,False
2024-08-26 00:00:00+09:00,17430.0,17899.0,19448.833333333332,64.89563567362428,54.316396084575445,0.03681670740708951,0.03158915817420652,-1,1,1,0.30000000000000004,False,Trend,Trend,False
2024-08-27 00:00:00+09:00,17860.0,17865.5,19399.833333333332,60.5543710021322,61.18256329577821,0.037179871526753366,0.03174408274248366,-1,1,1,0.30000000000000004,False,Trend,Trend,False
2024-08-28 00:00:00+09:00,18480.0,17861.5,19362.0,65.40642722117202,105.98510917755289,0.038039679028648674,0.03209509300973531,-1,1,1,0.30000000000000004,False,Trend,Trend,False
2024-08-29 00:00:00+09:00,17750.0,17807.5,19337.833333333332,51.969981238273924,85.82141111619728,0.03888959260029937,0.030943793554914875,-1,1,1,0.30000000000000004,False,Trend,Trend,False
2024-08-30 00:00:00+09:00,18100.0,17777.0,19320.833333333332,53.707052441229656,94.72261689514227,0.03919957104484174,0.03105765742496435,-1,1,1,0.30000000000000004,False,Trend,Trend,False
2024-09-02 00:00:00+09:00,17890.0,17787.0,19299.5,45.579567779960705,85.42074166273545,0.03716092643594999,0.031084896836970098,-1,1,1,0.30000000000000004,False,Trend,Trend,False
2024-09-03 00:00:00+09:00,17650.0,17876.5,19269.5,45.13618677042802,63.087926511387536,0.02707712489704551,0.03105613897437399,-1,1,1,0.30000000000000004,False,Trend,Trend,False
2024-09-04 00:00:00+09:00,17200.0,17893.0,19236.833333333332,41.292639138240574,20.212794195959873,0.024429085864955097,0.031166299972464225,-1,1,-1,-0.19999999999999996,False,MeanReversion,Trend,False
2024-09-05 00:00:00+09:00,16620.0,17881.5,19180.5,30.879712746858175,-41.63264460622071,0.02567346087595138,0.030881807516662786,-1,1,-1,-0.19999999999999996,False,MeanReversion,Trend,False
2024-09-06 00:00:00+09:00,16570.0,17833.0,19131.333333333332,33.725490196078425,-78.20801285980372,0.023807804122681943,0.030756062105593125,-1,1,-1,-0.19999999999999996,False,MeanReversion,Trend,False
2024-09-09 00:00:00+09:00,16800.0,17788.5,19083.666666666668,38.46153846153846,-78.9800514642535,0.02396875477587946,0.030804100201624142,-1,1,-1,-0.19999999999999996,False,MeanReversion,Trend,False
2024-09-10 00:00:00+09:00,16560.0,17699.5,19031.666666666668,35.87786259541984,-87.0850756119948,0.02228110643018535,0.03083745812413021,-1,1,-1,-0.19999999999999996,False,MeanReversion,Trend,False
2024-09-11 00:00:00+09:00,16370.0,17610.5,18975.833333333332,36.50485436893204,-95.97202658229247,0.022296642719704562,0.030850617366808445,-1,1,-1,-0.19999999999999996,False,MeanReversion,Trend,False
2024-09-12 00:00:00+09:00,17710.0,17587.5,18918.5,47.59615384615384,-7.023440178924545,0.0291409373363993,0.031217096689979074,-1,1,-1,-0.19999999999999996,False,MeanReversion,MeanReversion,False
2024-09-13 00:00:00+09:00,18160.0,17558.0,18873.666666666668,55.97381342062193,81.80202082423739,0.028799420692582206,0.031388379649591985,-1,1,1,0.30000000000000004,False,Trend,MeanReversion,False
2024-09-19 00:00:00+09:00,18710.0,17582.0,18837.166666666668,56.82182985553772,172.089254798443,0.028905720305846098,0.03165676345114075,-1,1,1,0.30000000000000004,False,Trend,Trend,False
2024-09-20 00:00:00+09:00,17960.0,17581.5,18789.833333333332,45.911949685534594,175.2045045694212,0.030241480975014643,0.0320546702888435,-1,1,1,0.30000000000000004,False,Trend,Trend,False
2024-09-23 00:00:00+09:00,18200.0,17589.5,18751.5,53.83304940374787,186.2988975764281,0.03037797966254397,0.03207801104254425,-1,1,1,0.30000000000000004,False,Trend,Trend,False
2024-09-24 00:00:00+09:00,18160.0,17609.5,18714.166666666668,50.539568345323744,183.51931782713274,0.030151242286582846,0.03207575960063623,-1,1,1,0.30000000000000004,False,Trend,Trend,False
2024-09-25 00:00:00+09:00,18100.0,17614.0,18684.333333333332,51.94085027726432,170.49487997737876,0.030010496426080314,0.0319293776006801,-1,1,1,0.30000000000000004,False,Trend,Trend,False
2024-09-26 00:00:00+09:00,18450.0,17665.0,18656.833333333332,57.2463768115942,177.5085759462916,0.029241978898444914,0.032004257137413034,-1,1,1,0.30000000000000004,False,Trend,Trend,False
2024-09-27 00:00:00+09:00,18050.0,17674.5,18625.166666666668,57.76965265082267,148.44629064318636,0.029280305616516233,0.032104630476033874,-1,1,1,0.30000000000000004,False,Trend,Trend,False
2024-09-30 00:00:00+09:00,17910.0,17646.0,18601.5,62.82306163021868,114.55002567403938,0.02823024758387039,0.03187516972595134,-1,1,1,0.30000000000000004,False,Trend,Trend,False
2024-10-02 00:00:00+09:00,17310.0,17624.0,18569.0,56.63082437275986,49.78360608484191,0.027811663887340347,0.032154449243837604,-1,1,1,0.30000000000000004,False,Trend,Trend,False
2024-10-04 00:00:00+09:00,17410.0,17589.5,18535.0,55.596330275229356,13.622432134285702,0.0274381176018819,0.03213391355682919,-1,1,1,0.30000000000000004,False,Trend,Trend,False
2024-10-07 00:00:00+09:00,18270.0,17608.5,18513.833333333332,64.08566721581548,45.756476689386595,0.029510172713934264,0.0327692229564116,-1,1,1,0.30000000000000004,False,Trend,Trend,False
2024-10-08 00:00:00+09:00,18370.0,17644.5,18470.0,66.72240802675586,70.40640862362493,0.029321890806438027,0.031345451954283496,-1,1,1,0.30000000000000004,False,Trend,Trend,False
2024-10-10 00:00:00+09:00,18200.0,17694.5,18402.5,55.093555093555096,71.68201391661137,0.028723161642194902,0.030347874060366518,-1,1,1,0.30000000000000004,False,Trend,Trend,False
2024-10-11 00:00:00+09:00,18100.0,17768.5,18340.0,49.32735426008969,62.54403342726818,0.027458007823765153,0.030287271272991835,-1,1,1,0.30000000000000004,False,Trend,Trend,False
2024-10-14 00:00:00+09:00,18100.0,17845.0,18277.5,42.1994884910486,53.59726302951472,0.027424218824689383,0.030287271272991835,-1,1,-1,-0.19999999999999996,False,MeanReversion,Trend,False
2024-10-15 00:00:00+09:00,19000.0,17955.0,18245.833333333332,62.80788177339902,102.55308233274565,0.02909813596892084,0.03051540380265593,-1,1,1,0.30000000000000004,False,Trend,Trend,False
2024-10-16 00:00:00+09:00,19460.0,18100.0,18210.166666666668,64.7196261682243,156.92126685868666,0.028935245592679952,0.030364210613290726,-1,1,1,0.30000000000000004,False,Trend,Trend,False
2024-10-17 00:00:00+09:00,21150.0,18339.0,18212.666666666668,75.21079258010118,289.96981816591483,0.033031319334966745,0.032080268197285336,1,1,-1,0.5,False,Trend,Trend,True
2024-10-18 00:00:00+09:00,20450.0,18476.0,18199.333333333332,67.88432267884323,312.1739577731377,0.030710581593324904,0.032335244772848146,1,1,1,1.0,False,Trend,Trend,False
2024-10-21 00:00:00+09:00,20650.0,18600.5,18193.5,67.13395638629282,320.46337969092053,0.03043018600812882,0.03232856110338201,1,1,1,1.0,False,Trend,Trend,False
2024-10-22 00:00:00+09:00,20650.0,18697.5,18201.0,71.59468438538205,306.1028473103669,0.029949578925853308,0.03192976948364752,1,1,-1,0.5,False,Trend,Trend,False
2024-10-23 00:00:00+09:00,20100.0,18804.5,18199.333333333332,67.02954898911352,242.5011798082137,0.028974253545054885,0.03212463493683484,1,1,1,1.0,False,Trend,Trend,False
2024-10-24 00:00:00+09:00,20850.0,18937.0,18215.5,76.89969604863222,233.7804809996287,0.029758888559628327,0.0324003537758279,1,1,-1,0.5,False,Trend,Trend,False
2024-10-25 00:00:00+09:00,20600.0,19059.0,18228.5,73.69985141158989,195.56476676614977,0.029996588566471086,0.03243939919333626,1,1,-1,0.5,False,Trend,Trend,False
2024-10-28 00:00:00+09:00,21400.0,19224.0,18269.666666666668,73.4632683658171,207.42829451274815,0.03071856553875789,0.0322073508971202,1,1,-1,0.5,False,Trend,Trend,False
2024-10-29 00:00:00+09:00,21850.0,19394.0,18319.333333333332,74.78632478632478,227.2496618304832,0.030751394817574853,0.03229021799073772,1,1,-1,0.5,False,Trend,Trend,False
2024-10-30 00:00:00+09:00,21400.0,19561.5,18367.166666666668,71.91780821917808,193.06593461129228,0.030694703197060972,0.03232043478639331,1,1,-1,0.5,False,Trend,Trend,False
2024-10-31 00:00:00+09:00,20050.0,19668.5,18392.0,61.40350877192982,68.94889410156225,0.03471595199184487,0.03347695263610493,1,1,1,1.0,False,Trend,Trend,False
2024-11-01 00:00:00+09:00,19980.0,19802.0,18411.166666666668,60.90487238979119,-23.500723313636513,0.03352768601987549,0.033437554090698735,1,1,-1,0.5,False,Trend,Trend,False
2024-11-04 00:00:00+09:00,20000.0,19931.5,18432.666666666668,56.45994832041344,-85.45829907673613,0.03355511908275394,0.03342351201714766,1,1,-1,0.5,False,Trend,Trend,False
2024-11-05 00:00:00+09:00,20400.0,20038.0,18477.833333333332,56.11979166666666,-100.61064635902767,0.032293115188441315,0.03265012186825945,1,1,-1,0.5,False,Trend,Trend,False
2024-11-06 00:00:00+09:00,20900.0,20164.5,18561.833333333332,48.07395993836672,-79.02099371864324,0.0325626347449316,0.029293117509650697,1,1,-1,0.5,False,Trend,Trend,False
2024-11-07 00:00:00+09:00,20900.0,20299.5,18629.0,53.88601036269431,-67.26265968401162,0.032391887550209636,0.028320217469174094,1,1,-1,0.5,False,Trend,Trend,False
2024-11-08 00:00:00+09:00,21450.0,20467.0,18705.666666666668,56.51465798045602,-27.029776680026316,0.03252103026034925,0.028459642923647183,1,1,-1,0.5,False,Trend,Trend,False
2024-11-11 00:00:00+09:00,20900.0,20607.0,18761.666666666668,51.86846038863976,-41.19649610529996,0.03338516621458327,0.02831727796447093,1,1,-1,0.5,False,Trend,Trend,False
2024-11-12 00:00:00+09:00,20850.0,20699.5,18814.333333333332,56.05815831987076,-56.71446253948818,0.03197900479487332,0.028315775949460525,1,1,-1,0.5,False,Trend,Trend,False
2024-11-13 00:00:00+09:00,20750.0,20764.0,18854.5,49.09747292418773,-75.32750643674933,0.03171169319368755,0.027989815386698785,1,1,-1,0.5,False,Trend,Trend,False
2024-11-14 00:00:00+09:00,22450.0,20829.0,18926.166666666668,63.23319027181688,20.138723087589142,0.031119791272382655,0.029634832401772924,1,1,1,1.0,False,Trend,Trend,False
2024-11-15 00:00:00+09:00,21850.0,20899.0,18987.5,53.31369661266569,35.27660660347692,0.03074522807280539,0.02989653524131684,1,1,1,1.0,False,Trend,Trend,False
2024-11-18 00:00:00+09:00,21550.0,20944.0,19034.166666666668,47.74096385542168,18.33758281499786,0.03093692281279541,0.029739606175099822,1,1,1,1.0,False,Trend,Trend,False
2024-11-19 00:00:00+09:00,22400.0,21031.5,19103.666666666668,57.102272727272734,55.52986490826834,0.03198803325005643,0.029830983852644308,1,1,1,1.0,False,Trend,Trend,False
2024-11-20 00:00:00+09:00,21700.0,21111.5,19165.833333333332,62.91079812206573,25.65697723385199,0.03224756968450732,0.030090069845683853,1,1,1,1.0,False,Trend,Trend,False
2024-11-21 00:00:00+09:00,20900.0,21114.0,19213.5,56.46067415730337,-51.12531727095757,0.032541608531276744,0.030545093369476133,1,1,-1,0.5,False,Trend,Trend,False
2024-11-22 00:00:00+09:00,22100.0,21189.0,19285.833333333332,62.65060240963856,-25.532611861186865,0.03467499427813558,0.031213741033990775,1,1,-1,0.5,False,Trend,Trend,False
2024-11-25 00:00:00+09:00,22150.0,21226.5,19354.833333333332,61.0062893081761,-10.446971148970192,0.03370611349812656,0.031184628586786275,1,1,-1,0.5,False,Trend,Trend,False
2024-11-26 00:00:00+09:00,21050.0,21186.5,19415.166666666668,50.87719298245614,-76.10427187735127,0.035345823499737646,0.03162798620760373,1,1,-1,0.5,False,Trend,Trend,False
2024-11-27 00:00:00+09:00,21100.0,21171.5,19469.166666666668,51.16279069767442,-115.36404943201478,0.03507089829788597,0.031505029790965144,1,1,-1,0.5,False,Trend,Trend,False
2024-11-28 00:00:00+09:00,21450.0,21241.5,19518.666666666668,50.0,-116.61207130357911,0.031769045807835565,0.03128885673028404,1,1,-1,0.5,False,Trend,Trend,False
2024-11-29 00:00:00+09:00,21150.0,21300.0,19575.333333333332,51.533742331288344,-135.18533673707668,0.03197711079386854,0.03086132355938636,1,1,-1,0.5,False,Trend,Trend,False
2024-12-02 00:00:00+09:00,20700.0,21335.0,19618.666666666668,49.122807017543856,-172.9086227695995,0.032438156876834615,0.030941644246722293,1,1,-1,0.5,False,Trend,Trend,False
2024-12-03 00:00:00+09:00,21150.0,21372.5,19673.0,52.247191011235955,-162.8272625644405,0.03249033343281171,0.03098531246463012,1,1,-1,0.5,False,Trend,Trend,False
2024-12-04 00:00:00+09:00,19000.0,21277.5,19695.5,31.55080213903743,-288.86616744598587,0.040113981630646396,0.034031741931829416,1,1,-1,0.5,False,Trend,Trend,False
2024-12-05 00:00:00+09:00,18690.0,21167.0,19720.333333333332,32.56070640176601,-375.5325638810802,0.040179723757271496,0.0339267704539113,1,1,-1,0.5,False,Trend,Trend,False
2024-12-06 00:00:00+09:00,18080.0,20998.5,19744.666666666668,31.483457844183576,-451.26722355341275,0.039910425050644543,0.033907099108928807,1,1,-1,0.5,False,Trend,Trend,False
2024-12-09 00:00:00+09:00,17380.0,20822.5,19758.166666666668,22.776572668112806,-520.8950068593061,0.04033307704431415,0.034312144367538634,1,1,-1,0.5,False,Trend,Trend,False
2024-12-10 00:00:00+09:00,17180.0,20639.0,19764.5,24.082568807339456,-549.9490579175256,0.0403035261273276,0.03430561339120325,1,1,-1,0.5,False,Trend,Trend,False
2024-12-11 00:00:00+09:00,17230.0,20463.0,19775.666666666668,26.976160602258474,-534.841357180037,0.04038942843501766,0.03425209671703202,1,1,-1,0.5,False,Trend,Trend,False
2024-12-12 00:00:00+09:00,17830.0,20232.0,19800.0,21.03120759837178,-456.527169869246,0.0363023069677429,0.034484653556629094,1,1,-1,0.5,False,Trend,Trend,False
2024-12-13 00:00:00+09:00,17240.0,20001.5,19792.166666666668,18.963337547408344,-417.6042425712636,0.03647960058636172,0.03324633634466649,1,1,-1,0.5,False,Trend,Trend,False
2024-12-16 00:00:00+09:00,17640.0,19806.0,19783.5,26.352288488210817,-341.28010635887733,0.037291875974500684,0.033219428636427656,1,1,-1,0.5,False,Trend,Trend,False
2024-12-17 00:00:00+09:00,17490.0,19560.5,19763.166666666668,25.30779753761969,-279.8365230241293,0.03549825751630717,0.03299442185612405,-1,1,-1,-0.19999999999999996,False,MeanReversion,Trend,False
2024-12-18 00:00:00+09:00,18060.0,19378.5,19764.833333333332,27.49003984063745,-184.35423412818966,0.03651846055388589,0.03284770442229823,-1,1,-1,-0.19999999999999996,False,MeanReversion,MeanReversion,True
2024-12-19 00:00:00+09:00,17850.0,19226.0,19759.0,27.822580645161295,-121.9000805739048,0.03591339649155703,0.03283604445139028,-1,1,-1,-0.19999999999999996,False,MeanReversion,MeanReversion,True
2024-12-20 00:00:00+09:00,17570.0,18999.5,19749.166666666668,28.47317744154057,-87.61067384612363,0.032648160848295,0.032896185040920754,-1,1,-1,-0.19999999999999996,False,MeanReversion,MeanReversion,True
2024-12-23 00:00:00+09:00,18160.0,18800.0,19750.166666666668,29.82456140350878,-17.050842179727397,0.034025043008365265,0.033177822578589505,-1,1,-1,-0.19999999999999996,False,MeanReversion,MeanReversion,False
2024-12-24 00:00:00+09:00,18280.0,18661.5,19747.333333333332,43.3085501858736,42.58828651680983,0.03278496968351219,0.03309478514599688,-1,1,-1,-0.19999999999999996,False,MeanReversion,MeanReversion,False
2024-12-26 00:00:00+09:00,17860.0,18499.5,19744.166666666668,42.4408014571949,57.69754270451108,0.032897483749098046,0.03310999632257999,-1,1,-1,-0.19999999999999996,False,MeanReversion,MeanReversion,False
2024-12-27 00:00:00+09:00,17620.0,18308.0,19739.333333333332,45.5078125,55.45996043078799,0.03238768090540562,0.033140652456561746,-1,1,1,0.30000000000000004,False,Trend,MeanReversion,False
2024-12-30 00:00:00+09:00,17550.0,18128.0,19743.333333333332,51.89309576837417,53.18961201455693,0.03239669720668619,0.0328468196060025,-1,1,1,0.30000000000000004,False,Trend,MeanReversion,False
2025-01-02 00:00:00+09:00,18060.0,17996.0,19754.166666666668,59.166666666666664,87.91075695984728,0.033332005545369275,0.03304441164519448,-1,1,1,0.30000000000000004,False,Trend,MeanReversion,False
2025-01-03 00:00:00+09:00,18200.0,17848.5,19753.0,59.91820040899796,120.18441149765431,0.03285452724875112,0.03246408365449602,-1,1,1,0.30000000000000004,False,Trend,MeanReversion,False
2025-01-06 00:00:00+09:00,18630.0,17830.0,19757.333333333332,58.47457627118644,167.46538608577578,0.023698964345129296,0.03259758276411103,-1,1,1,0.30000000000000004,False,Trend,Trend,False
2025-01-07 00:00:00+09:00,18980.0,17844.5,19770.333333333332,69.41964285714286,216.18701073024693,0.023791280764427537,0.032658342611415946,-1,1,1,0.30000000000000004,False,Trend,Trend,False
2025-01-08 00:00:00+09:00,18900.0,17885.5,19783.666666666668,65.14423076923077,235.323209478291,0.022460183334444432,0.03265462093788004,-1,1,1,0.30000000000000004,False,Trend,Trend,False
2025-01-09 00:00:00+09:00,18830.0,17958.0,19795.833333333332,66.42156862745098,235.01451272274744,0.020283079130034413,0.03265952250109196,-1,1,1,0.30000000000000004,False,Trend,Trend,False
2025-01-10 00:00:00+09:00,20000.0,18099.0,19812.5,70.72649572649573,301.13257209066035,0.02348857408190524,0.03298513870841047,-1,1,-1,-0.19999999999999996,False,MeanReversion,Trend,False
2025-01-13 00:00:00+09:00,20100.0,18242.5,19823.166666666668,74.61706783369803,336.4483750401062,0.023471290328039955,0.03285101204403628,-1,1,-1,-0.19999999999999996,False,MeanReversion,MeanReversion,False
2025-01-14 00:00:00+09:00,20100.0,18356.0,19805.666666666668,79.48717948717949,343.4580073731321,0.02266948192016391,0.031003286987285886,-1,1,-1,-0.19999999999999996,False,MeanReversion,MeanReversion,False
2025-01-15 00:00:00+09:00,20300.0,18509.0,19803.166666666668,77.43589743589743,344.3391463259918,0.020664179713911917,0.0307308080910253,-1,1,-1,-0.19999999999999996,False,MeanReversion,MeanReversion,False
2025-01-16 00:00:00+09:00,20800.0,18667.0,19805.666666666668,79.43925233644859,359.69335417505755,0.020718943699707938,0.030867659680957133,-1,1,-1,-0.19999999999999996,False,MeanReversion,MeanReversion,False
2025-01-17 00:00:00+09:00,21750.0,18880.0,19824.0,90.43659043659044,411.21224307655564,0.02183635393588517,0.03139861250126764,-1,1,-1,-0.19999999999999996,False,MeanReversion,MeanReversion,False
2025-01-20 00:00:00+09:00,21900.0,19072.0,19854.0,95.33898305084746,430.7063812124891,0.021270134752631713,0.031193021285389262,-1,1,-1,-0.19999999999999996,False,MeanReversion,MeanReversion,False
2025-01-21 00:00:00+09:00,22050.0,19282.0,19874.0,96.875,428.1244440917349,0.020687546337975118,0.03085840097582792,-1,1,-1,-0.19999999999999996,False,MeanReversion,MeanReversion,False
2025-01-22 00:00:00+09:00,23950.0,19601.0,19929.833333333332,97.5767366720517,522.5461295672158,0.025285783468663992,0.032558282772504346,-1,1,-1,-0.19999999999999996,False,MeanReversion,MeanReversion,False
2025-01-23 00:00:00+09:00,23850.0,19885.5,19970.666666666668,95.9349593495935,543.9917496716675,0.025296336651429288,0.03223088022290074,-1,1,-1,-0.19999999999999996,False,MeanReversion,MeanReversion,False
2025-01-24 00:00:00+09:00,24700.0,20206.5,20018.166666666668,96.19482496194826,577.9600843308621,0.02567586198242646,0.03242449408007801,1,1,-1,0.5,False,Trend,MeanReversion,False
2025-01-31 00:00:00+09:00,23900.0,20508.5,20059.833333333332,85.04273504273505,511.3803043941882,0.026513361141552574,0.032606428196680325,1,1,-1,0.5,False,Trend,Trend,False
2025-02-03 00:00:00+09:00,23350.0,20795.0,20114.833333333332,79.70627503337784,400.0580130507501,0.027139553914304084,0.03157988716239342,1,1,-1,0.5,False,Trend,Trend,False
2025-02-04 00:00:00+09:00,24400.0,21137.5,20188.5,82.88075560802834,367.7241298007359,0.027575620399687476,0.032017969843151924,1,1,-1,0.5,False,Trend,Trend,False
2025-02-05 00:00:00+09:00,23950.0,21432.0,20254.333333333332,75.48387096774194,290.02903267184456,0.028487775571303053,0.03214206867323773,1,1,-1,0.5,False,Trend,Trend,False
2025-02-06 00:00:00+09:00,24000.0,21722.0,20314.333333333332,75.32467532467533,219.22310792950907,0.028582057777301023,0.0320664188752951,1,1,-1,0.5,False,Trend,Trend,False
2025-02-07 00:00:00+09:00,23200.0,21950.5,20352.666666666668,68.23529411764706,101.70227849759408,0.03038842862892456,0.032282802975685844,1,1,1,1.0,False,Trend,Trend,False
2025-02-10 00:00:00+09:00,23000.0,22151.5,20387.666666666668,65.88235294117646,-0.8791138772257909,0.03063819871534236,0.03231005152719362,1,1,-1,0.5,False,Trend,Trend,False
2025-02-11 00:00:00+09:00,23550.0,22384.0,20422.666666666668,66.08187134502924,-40.854018892045815,0.03060957307267218,0.032281479743412535,1,1,-1,0.5,False,Trend,Trend,False
2025-02-12 00:00:00+09:00,24250.0,22655.0,20478.5,65.06024096385542,-29.827075796929876,0.030664388752973414,0.032271043971085045,1,1,-1,0.5,False,Trend,Trend,False
2025-02-13 00:00:00+09:00,24550.0,22882.5,20540.166666666668,65.68047337278107,-12.87029654263506,0.02854535847691773,0.03228916902346144,1,1,-1,0.5,False,Trend,Trend,False
2025-02-14 00:00:00+09:00,27600.0,23257.5,20654.333333333332,74.44933920704845,182.44219625574715,0.03716513900032431,0.03548489800114044,1,1,-1,0.5,False,Trend,Trend,False
2025-02-17 00:00:00+09:00,28200.0,23662.5,20750.166666666668,71.14427860696517,322.5368923453125,0.03699298761941793,0.034208487389302586,1,1,-1,0.5,False,Trend,Trend,False
2025-02-18 00:00:00+09:00,30300.0,24162.5,20891.0,76.76348547717842,515.669516646087,0.0389152458059428,0.03506728857920294,1,1,-1,0.5,False,Trend,Trend,False
2025-02-19 00:00:00+09:00,29850.0,24615.0,21029.333333333332,72.1030042918455,568.0105976591601,0.039671036467036964,0.035078193785216545,1,1,-1,0.5,False,Trend,Trend,False
2025-02-20 00:00:00+09:00,28650.0,24960.0,21133.5,69.70954356846472,480.2046020566672,0.0412433977386474,0.03530620770137727,1,1,1,1.0,False,Trend,Trend,False
2025-02-21 00:00:00+09:00,28950.0,25312.5,21254.333333333332,73.72881355932203,403.7920816166154,0.04121978048691437,0.03499883292063514,1,1,-1,0.5,False,Trend,Trend,False
2025-02-24 00:00:00+09:00,28100.0,25615.0,21374.333333333332,65.94827586206895,264.2158040442009,0.042351245570696,0.03485361156150746,1,1,1,1.0,False,Trend,Trend,False
2025-02-25 00:00:00+09:00,28250.0,25830.0,21476.833333333332,69.02654867256638,155.58198885063734,0.03896777420134122,0.034207502963773194,1,1,1,1.0,False,Trend,Trend,False
2025-02-26 00:00:00+09:00,27600.0,26017.5,21567.666666666668,65.12605042016807,20.628339844618722,0.03951858969257227,0.034389077962463155,1,1,1,1.0,False,Trend,Trend,False
2025-02-27 00:00:00+09:00,27050.0,26135.0,21667.666666666668,66.52360515021459,-117.41282759132946,0.03940662689501477,0.03378465823164435,1,1,-1,0.5,False,Trend,Trend,False
2025-02-28 00:00:00+09:00,25400.0,26210.0,21739.333333333332,59.16030534351145,-320.08466827995267,0.04142820199353514,0.03487828735550535,1,1,-1,0.5,False,Trend,Trend,False
2025-03-04 00:00:00+09:00,25500.0,26317.5,21806.833333333332,57.70750988142292,-440.230920684515,0.04096235729736689,0.0348344245782153,1,1,-1,0.5,False,Trend,Trend,False
2025-03-05 00:00:00+09:00,26900.0,26442.5,21902.666666666668,59.925093632958806,-418.38712977487194,0.04149473858179149,0.035363904187809214,1,1,-1,0.5,False,Trend,Trend,False
2025-03-06 00:00:00+09:00,26500.0,26570.0,21999.333333333332,57.24907063197026,-422.6100241068066,0.04139431004898495,0.03529408050851162,1,1,-1,0.5,False,Trend,Trend,False
2025-03-07 00:00:00+09:00,26350.0,26687.5,22086.0,44.07582938388626,-426.0320109690899,0.04145998856682583,0.03524150560012625,1,1,-1,0.5,False,Trend,Trend,False
2025-03-10 00:00:00+09:00,26250.0,26840.0,22206.833333333332,40.298507462686565,-424.61072201837305,0.04052183014690876,0.032118009347660306,1,1,-1,0.5,False,Trend,Trend,False
2025-03-11 00:00:00+09:00,25550.0,26967.5,22321.166666666668,22.543352601156073,-457.551092498476,0.041080134129712086,0.032268594173841515,1,1,-1,0.5,False,Trend,Trend,False
2025-03-12 00:00:00+09:00,26250.0,27102.5,22457.333333333332,29.775280898876403,-419.91431592430354,0.041167036220336774,0.03198941456614173,1,1,-1,0.5,False,Trend,Trend,False
2025-03-13 00:00:00+09:00,25850.0,27182.5,22598.5,32.71604938271605,-409.2564934364059,0.041015103805900316,0.03155383945279318,1,1,-1,0.5,False,Trend,Trend,False
2025-03-14 00:00:00+09:00,26750.0,27292.5,22758.0,37.35632183908046,-332.1715160710421,0.041560661191712235,0.031660098699333165,1,-1,-1,-0.30000000000000004,True,Defensive,Trend,False
2025-03-17 00:00:00+09:00,25600.0,27192.5,22897.5,36.11111111111111,-347.5613315764009,0.03334146533796289,0.03234262985659958,1,1,-1,0.5,False,Trend,Trend,False
2025-03-18 00:00:00+09:00,25800.0,27072.5,23030.333333333332,36.46408839779006,-333.1597874264892,0.032932788928300885,0.03213924814751808,1,1,-1,0.5,False,Trend,Trend,False
2025-03-19 00:00:00+09:00,26600.0,26887.5,23186.333333333332,44.565217391304344,-261.7906121035203,0.028953559923080338,0.0318587681334431,1,1,-1,0.5,False,Trend,Trend,False
2025-03-20 00:00:00+09:00,25500.0,26670.0,23317.333333333332,42.05128205128205,-279.1134068038758,0.029995830344245113,0.03242009727488859,1,1,-1,0.5,False,Trend,Trend,False
2025-03-21 00:00:00+09:00,27000.0,26587.5,23475.833333333332,58.33333333333333,-184.55643870423256,0.03223535650719097,0.03301974391284986,1,1,-1,0.5,False,Trend,Trend,False
2025-03-24 00:00:00+09:00,26600.0,26470.0,23618.166666666668,55.55555555555556,-145.6651550663347,0.032179658255390424,0.03297805340876315,1,1,-1,0.5,False,Trend,Trend,False
2025-03-25 00:00:00+09:00,26550.0,26392.5,23763.166666666668,47.953216374269005,-121.03460668902932,0.03161272813450521,0.032910775195702936,1,1,-1,0.5,False,Trend,Trend,False
2025-03-26 00:00:00+09:00,25750.0,26267.5,23899.5,45.81005586592178,-154.22097045452,0.032140589338968725,0.03313611700616333,1,1,-1,0.5,False,Trend,Trend,False
2025-03-27 00:00:00+09:00,25050.0,26140.0,24014.333333333332,43.1578947368421,-215.17290345580818,0.03228530311315448,0.03323303894938425,1,1,-1,0.5,False,Trend,Trend,False
2025-03-28 00:00:00+09:00,24350.0,26005.0,24115.5,40.59405940594059,-289.8421337274367,0.03254113371165707,0.03351592226784524,1,1,-1,0.5,False,Trend,Trend,False
2025-03-31 00:00:00+09:00,23450.0,25907.5,24208.666666666668,39.80582524271844,-381.2977396557391,0.030617022681811674,0.03377094566373217,1,1,-1,0.5,False,Trend,Trend,False
2025-04-01 00:00:00+09:00,23850.0,25825.0,24312.5,38.00000000000001,-394.6484490132885,0.030929939929272614,0.033723552066614024,1,1,-1,0.5,False,Trend,Trend,False
2025-04-02 00:00:00+09:00,23950.0,25677.5,24419.166666666668,40.206185567010316,-376.59047159887746,0.027991076166666844,0.03370297822309186,1,1,-1,0.5,False,Trend,Trend,False
2025-04-03 00:00:00+09:00,23600.0,25532.5,24511.5,32.786885245901644,-367.65238967539716,0.027986652375717673,0.033656241689011775,1,1,-1,0.5,False,Trend,Trend,False
2025-04-04 00:00:00+09:00,23050.0,25367.5,24592.333333333332,35.0877192982456,-376.8246091868351,0.02826761419131738,0.03384688373455532,1,1,-1,0.5,False,Trend,Trend,False
2025-04-07 00:00:00+09:00,20650.0,25087.5,24626.0,26.046511627906966,-514.0710104342318,0.036471391561056936,0.03679730459712505,1,1,-1,0.5,False,Trend,Trend,False
2025-04-08 00:00:00+09:00,20750.0,24847.5,24655.5,20.895522388059703,-563.6813130793826,0.0364760887038655,0.03673300126079571,1,1,-1,0.5,False,Trend,Trend,False
2025-04-09 00:00:00+09:00,20750.0,24572.5,24686.333333333332,23.463687150838,-560.8593755204645,0.03550394846254625,0.03672591974098258,-1,1,-1,-0.19999999999999996,False,MeanReversion,Trend,False
2025-04-10 00:00:00+09:00,22150.0,24387.5,24741.666666666668,22.598870056497177,-434.69881490106695,0.03943562628786341,0.03762748560931732,-1,1,-1,-0.19999999999999996,False,MeanReversion,Trend,False
2025-04-11 00:00:00+09:00,23400.0,24220.0,24798.333333333332,33.50515463917526,-246.42742291463514,0.04083907714644599,0.03749407674538008,-1,1,-1,-0.19999999999999996,False,MeanReversion,MeanReversion,False
2025-04-14 00:00:00+09:00,23350.0,24107.5,24852.5,33.50515463917526,-111.49696760476161,0.03989089298917338,0.03749772688513731,-1,1,-1,-0.19999999999999996,False,MeanReversion,MeanReversion,False
2025-04-15 00:00:00+09:00,24100.0,24022.5,24919.166666666668,41.450777202072544,34.235399749386715,0.0406293716602019,0.03768369421178913,-1,1,-1,-0.19999999999999996,False,MeanReversion,MeanReversion,False
2025-04-16 00:00:00+09:00,23350.0,23860.0,24970.0,41.23711340206185,83.29413966941809,0.0402717061655244,0.03793560328873284,-1,1,-1,-0.19999999999999996,False,MeanReversion,MeanReversion,False
2025-04-17 00:00:00+09:00,24450.0,23807.5,25030.833333333332,50.495049504950494,187.06081645049812,0.04098172595301419,0.03825104263199694,-1,1,1,0.30000000000000004,False,Trend,MeanReversion,False
2025-04-18 00:00:00+09:00,25950.0,23755.0,25100.833333333332,61.68224299065421,344.7784636119196,0.04116613628109919,0.038574625185526276,-1,1,1,0.30000000000000004,False,Trend,Trend,False
2025-04-21 00:00:00+09:00,26050.0,23727.5,25170.0,60.57692307692308,437.9131649186821,0.041069403691596916,0.03857137728845124,-1,1,1,0.30000000000000004,False,Trend,Trend,False
2025-04-22 00:00:00+09:00,25650.0,23682.5,25230.0,57.943925233644855,452.7793274106226,0.04119625385393294,0.03864020885761466,-1,1,1,0.30000000000000004,False,Trend,Trend,False
2025-04-23 00:00:00+09:00,25750.0,23682.5,25260.0,60.28708133971292,448.685833517823,0.040642238222536785,0.03718203228918852,-1,1,1,0.30000000000000004,False,Trend,Trend,False
2025-04-24 00:00:00+09:00,26900.0,23775.0,25310.833333333332,67.42081447963801,498.90928326084463,0.0412180062958261,0.0375759828791924,-1,1,1,0.30000000000000004,False,Trend,Trend,False
2025-04-25 00:00:00+09:00,27900.0,23952.5,25364.166666666668,87.56476683937824,569.8349800067086,0.04112645700135158,0.03759852211771858,-1,1,-1,-0.19999999999999996,False,MeanReversion,Trend,False
2025-04-28 00:00:00+09:00,28300.0,24195.0,25437.5,87.93969849246231,610.4290344064128,0.039788677555435546,0.03734749928787817,-1,1,-1,-0.19999999999999996,False,MeanReversion,MeanReversion,False
2025-04-29 00:00:00+09:00,28900.0,24447.5,25530.0,88.62559241706161,641.2560371120015,0.0398394480390215,0.03726029971026064,-1,1,-1,-0.19999999999999996,False,MeanReversion,MeanReversion,False
2025-04-30 00:00:00+09:00,28950.0,24697.5,25605.833333333332,86.95652173913044,627.783971292866,0.03986080405108259,0.036880541104120666,-1,1,-1,-0.19999999999999996,False,MeanReversion,MeanReversion,False
2025-05-02 00:00:00+09:00,27700.0,24902.5,25668.333333333332,73.36956521739131,502.858525868593,0.04131692639115544,0.037277368709941604,-1,1,-1,-0.19999999999999996,False,MeanReversion,MeanReversion,False
2025-05-07 00:00:00+09:00,27300.0,25115.0,25723.333333333332,70.68062827225131,367.72395754398644,0.041001529699216305,0.03734170903141821,-1,1,-1,-0.19999999999999996,False,MeanReversion,MeanReversion,False
2025-05-08 00:00:00+09:00,27750.0,25470.0,25799.166666666668,69.72972972972974,286.6813831027548,0.030074244497613922,0.037082109150720036,-1,1,1,0.30000000000000004,False,Trend,MeanReversion,False
2025-05-09 00:00:00+09:00,27850.0,25825.0,25880.0,76.16279069767442,220.80142096231646,0.030096974982803094,0.03705063042250695,-1,1,-1,-0.19999999999999996,False,MeanReversion,MeanReversion,False
2025-05-12 00:00:00+09:00,28800.0,26227.5,25967.5,75.7396449704142,221.62039008338638,0.030168352669289408,0.03716522820889952,1,1,-1,0.5,False,Trend,MeanReversion,False
2025-05-13 00:00:00+09:00,29650.0,26602.5,26057.5,73.71794871794872,257.3151413515677,0.028094673265325488,0.03716282378718736,1,1,-1,0.5,False,Trend,Trend,False
2025-05-14 00:00:00+09:00,31300.0,26997.5,26170.0,78.07486631016043,363.46583716661667,0.02803902445058075,0.03772231581686181,1,1,-1,0.5,False,Trend,Trend,False
2025-05-15 00:00:00+09:00,31950.0,27427.5,26242.5,82.8125,443.5662832026874,0.027786398309235905,0.034760913066092594,1,1,-1,0.5,False,Trend,Trend,False
2025-05-16 00:00:00+09:00,34300.0,27937.5,26344.166666666668,86.07594936708861,610.6189908199544,0.030258234047570772,0.03579212774085118,1,1,-1,0.5,False,Trend,Trend,False
2025-05-19 00:00:00+09:00,34600.0,28500.0,26415.833333333332,85.0,691.1965774544533,0.0280671669826334,0.034652269127367706,1,1,-1,0.5,False,Trend,Trend,False
2025-05-20 00:00:00+09:00,37200.0,29137.5,26538.333333333332,86.9047619047619,858.5544732848343,0.029933495507083394,0.03573864532799981,1,1,-1,0.5,False,Trend,Trend,False
2025-05-21 00:00:00+09:00,39100.0,29795.0,26712.5,88.29787234042553,1024.902224275294,0.02934729918954023,0.035737153743428195,1,1,-1,0.5,False,Trend,Trend,False
2025-05-22 00:00:00+09:00,38250.0,30405.0,26867.5,82.57839721254355,1004.0620770821924,0.030657401352325815,0.0359010832783797,1,1,-1,0.5,False,Trend,Trend,False
2025-05-23 00:00:00+09:00,40800.0,31162.5,27079.166666666668,85.16320474777447,1081.680253097934,0.031110856321222295,0.036428983306489936,1,1,-1,0.5,False,Trend,Trend,False
2025-05-26 00:00:00+09:00,41500.0,31950.0,27300.0,92.33128834355828,1096.4132794406823,0.03081907945657751,0.036455374197511894,1,1,-1,0.5,False,Trend,Trend,False
2025-05-27 00:00:00+09:00,42350.0,32722.5,27545.833333333332,94.92537313432835,1078.0324845973391,0.0304689451407817,0.036287442311353925,1,1,-1,0.5,False,Trend,Trend,False
2025-05-28 00:00:00+09:00,39800.0,33317.5,27758.333333333332,81.96286472148542,820.4230287183877,0.03565326227745797,0.0372146824149365,1,1,-1,0.5,False,Trend,Trend,False
2025-05-29 00:00:00+09:00,42200.0,34012.5,28038.333333333332,83.92434988179669,740.4015219487296,0.03678188410328592,0.036677343909314715,1,1,-1,0.5,False,Trend,Trend,False
2025-05-30 00:00:00+09:00,40350.0,34585.0,28285.833333333332,76.19047619047619,502.9709647831878,0.03952854065245558,0.03731407929710806,1,1,-1,0.5,False,Trend,Trend,False
2025-06-02 00:00:00+09:00,40950.0,35185.0,28520.0,75.91743119266054,334.5328702755587,0.03937609419663321,0.03684050578959384,1,1,-1,0.5,False,Trend,Trend,False
2025-06-04 00:00:00+09:00,42650.0,35932.5,28789.166666666668,75.97254004576659,287.6046801196708,0.03689571062244073,0.036977994029212785,1,1,-1,0.5,False,Trend,Trend,False
2025-06-05 00:00:00+09:00,45900.0,36862.5,29115.0,78.52760736196319,417.5584669214895,0.037600206193462764,0.03788397916504869,1,1,-1,0.5,False,Trend,Trend,False
2025-06-09 00:00:00+09:00,47500.0,37850.0,29469.166666666668,77.84810126582278,545.3152123557998,0.03757211038516735,0.037980319850260055,1,1,-1,0.5,False,Trend,Trend,False
2025-06-10 00:00:00+09:00,48000.0,38857.5,29843.333333333332,78.03347280334728,593.5553612467284,0.03737890593264156,0.037669866003881065,1,1,-1,0.5,False,Trend,Trend,False
2025-06-11 00:00:00+09:00,51100.0,39972.5,30257.5,78.48360655737704,754.000312792552,0.03819272206259053,0.038209916377883825,1,1,-1,0.5,False,Trend,Trend,False
2025-06-12 00:00:00+09:00,54600.0,41220.0,30736.666666666668,79.8076923076923,1000.1708176870825,0.03910710389523552,0.0387014037953042,1,1,-1,0.5,False,Trend,Trend,False
2025-06-13 00:00:00+09:00,54600.0,42385.0,31200.833333333332,82.50497017892644,1061.5263590275026,0.039259624265457885,0.03862736484163767,1,1,-1,0.5,False,Trend,Trend,False
2025-06-16 00:00:00+09:00,59600.0,43767.5,31767.5,84.05797101449275,1320.4959886021352,0.041411594817201365,0.03913502676981966,1,1,-1,0.5,False,Trend,Trend,False
2025-06-17 00:00:00+09:00,59400.0,45022.5,32327.5,83.02583025830259,1354.8891550328144,0.040985198698697135,0.03919184337109934,1,1,-1,0.5,False,Trend,Trend,False
2025-06-18 00:00:00+09:00,61000.0,46342.5,32900.833333333336,83.48294434470377,1358.5029269392217,0.040749049554291816,0.03916669194002537,1,1,-1,0.5,False,Trend,Trend,False
2025-06-19 00:00:00+09:00,61000.0,47532.5,33492.5,91.89723320158103,1237.4307656833225,0.03983210787914123,0.038516128118046056,1,1,-1,0.5,False,Trend,Trend,False
2025-06-20 00:00:00+09:00,60200.0,48587.5,34045.833333333336,87.9746835443038,990.6801937688924,0.04023364725430073,0.03826675088849579,1,1,-1,0.5,False,Trend,Trend,False
2025-06-23 00:00:00+09:00,68600.0,50105.0,34745.833333333336,96.69421487603306,1262.956448131763,0.04564451009154337,0.04096132513887336,1,1,-1,0.5,False,Trend,Trend,False
2025-06-24 00:00:00+09:00,68900.0,51510.0,35451.666666666664,96.661101836394,1326.473880677604,0.045173865245274794,0.040923577800365596,1,1,-1,0.5,False,Trend,Trend,False
2025-06-25 00:00:00+09:00,65800.0,52725.0,36119.166666666664,86.92185007974481,1035.8122799951552,0.047962500418498914,0.04126798771285166,1,1,-1,0.5,False,Trend,Trend,False
2025-06-26 00:00:00+09:00,64700.0,53842.5,36780.0,82.1917808219178,663.6695862025508,0.04878708172785656,0.04110090554876119,1,1,-1,0.5,False,Trend,Trend,False
2025-06-27 00:00:00+09:00,65800.0,55142.5,37470.833333333336,81.88153310104529,398.85067991020514,0.04471724886231866,0.040690022864218627,1,1,-1,0.5,False,Trend,Trend,False
