Date,Close,High,Low,Volume,MA20,MA60,Vol20,Vol60,RSI14,MACD,MACD_signal,MACD_hist,Return,sig_trend,sig_vol,sig_mom,composite,strategy
2018-01-02 00:00:00+09:00,171199.234375,171199.234375,168297.5524364407,467935,,,,,,0.0,0.0,0.0,,-1,-1,-1,-1.0,Defensive
2018-01-03 00:00:00+09:00,168491.015625,171005.8069029851,167136.8972445465,423950,,,,,,-216.04024216523976,-43.208048433047956,-172.8321937321918,-0.01581910549943133,-1,-1,-1,-1.0,Defensive
2018-01-04 00:00:00+09:00,172746.828125,173520.6101098824,168877.9182005879,650560,,,,,,-43.34552885123412,-43.23554451668519,-0.1099843345489333,0.025258394248580673,-1,-1,-1,-1.0,Defensive
2018-01-05 00:00:00+09:00,175648.546875,177583.00223705947,170232.07186123347,684055,,,,,,323.9267027064925,30.196904927950357,293.72979777854215,0.01679752260284806,-1,-1,-1,-1.0,Defensive
2018-01-08 00:00:00+09:00,183773.21875,184353.55523026315,175648.5080263158,981690,,,,,,1256.1061026140233,275.3787444651649,980.7273581488583,0.046255275204650115,-1,-1,-1,-1.0,Defensive
2018-01-09 00:00:00+09:00,182612.578125,184160.1423463983,180484.67732057732,390135,,,,,,1879.5447723123652,596.211950034605,1283.3328222777602,-0.006315613520264329,-1,-1,-1,-1.0,Defensive
2018-01-10 00:00:00+09:00,179517.421875,188609.3602673761,179323.97637728986,600485,,,,,,2099.667507576756,896.9030615430354,1202.7644460337208,-0.01694930481667778,-1,-1,-1,-1.0,Defensive
2018-01-11 00:00:00+09:00,177389.53125,180678.10489367502,175841.9671823882,469270,,,,,,2078.4542445208936,1133.2132981386071,945.2409463822864,-0.011853393407586177,-1,-1,-1,-1.0,Defensive
2018-01-12 00:00:00+09:00,175841.96875,179904.32446369636,174294.40466859186,447070,,,,,,1914.6957991691888,1289.5097983447235,625.1860008244653,-0.008724091490038277,-1,-1,-1,-1.0,Defensive
2018-01-15 00:00:00+09:00,178163.296875,178937.07883754073,176228.8419686482,296000,,,,,,1949.7523001139343,1421.5582986985657,528.1940014153686,0.013201217783794794,-1,-1,-1,-1.0,Defensive
2018-01-16 00:00:00+09:00,174681.265625,178743.62063953487,172746.81085617386,476510,,,,,,1677.229945582163,1472.6926280752853,204.5373175068778,-0.019544043644651454,-1,-1,-1,-1.0,Defensive
2018-01-17 00:00:00+09:00,171779.578125,175261.59660050677,171779.578125,535130,,,,,,1213.1279020535003,1420.7796828709284,-207.65178081742806,-0.01661132628973072,-1,-1,-1,-1.0,Defensive
2018-01-18 00:00:00+09:00,174681.265625,175261.60205564785,172746.81085617386,451540,,,,,,1067.1640172141779,1350.0565497395783,-282.8925325254004,0.01689192354337088,-1,-1,-1,-1.0,Defensive
2018-01-19 00:00:00+09:00,170425.46875,175455.05125567538,170232.02326901248,502825,,,,,,601.149667072692,1200.275173206201,-599.1255061335091,-0.02436321296260935,-1,-1,-1,-1.0,Defensive
2018-01-22 00:00:00+09:00,172746.828125,172746.828125,170618.92766657335,377715,,,,,51.75442014825228,414.3676657701144,1043.0936717189838,-628.7260059488694,0.01362096517630973,-1,-1,-1,-1.0,Defensive
2018-01-23 00:00:00+09:00,171973.03125,173907.48604471318,171005.80385264344,402375,,,,,54.128434248391876,201.5789662792813,874.7907306310434,-673.2117643517621,-0.004479369510854814,-1,-1,-1,-1.0,Defensive
2018-01-24 00:00:00+09:00,169845.15625,171973.05684083144,168297.59218394078,590605,,,,,46.3768234699631,-137.1780372110661,672.3969770626215,-809.5750142736877,-0.01237330635235867,-1,-1,-1,-1.0,Defensive
2018-01-25 00:00:00+09:00,176615.734375,178356.74380476453,167717.24173398138,845950,,,,,51.10127769562179,139.08043483740767,565.7336686175788,-426.65323378017115,0.039863239402801565,-1,-1,-1,-1.0,Defensive
2018-01-26 00:00:00+09:00,179323.96875,179710.8597289644,176035.39542880259,556845,,,,,44.22109655317974,569.9787840510253,566.5826917042681,3.3960923467572,0.015334049282663242,-1,-1,-1,-1.0,Defensive
2018-01-29 00:00:00+09:00,180291.21875,183386.3469688841,178356.76361319743,514580,175387.3578125,,,,46.969681517437586,978.2412652406201,648.9144064115385,329.32685882908163,0.00539386902231942,-1,-1,1,-0.5,Defensive
2018-01-30 00:00:00+09:00,180097.765625,183773.23022959183,178550.20158096132,510590,175832.284375,,0.019868641169013077,,50.819682261124264,1271.5248258279753,773.4364902948258,498.08833553314946,-0.0010730035901984625,-1,-1,1,-0.5,Defensive
2018-01-31 00:00:00+09:00,176035.40625,182805.9987980769,176035.40625,625920,176209.50390625,,0.020260400304455535,,48.18652069104058,1162.752225708915,851.2996373776438,311.45258833127116,-0.022556411851653135,-1,-1,1,-0.5,Defensive
2018-02-01 00:00:00+09:00,178550.171875,180291.18113488625,175841.9352485103,403035,176499.67109375,,0.019761071639222957,,53.53530985693138,1264.8888740405964,934.0174847102344,330.87138933036204,0.014285567196797855,-1,-1,1,-0.5,Defensive
2018-02-02 00:00:00+09:00,175068.171875,180291.20020718232,174487.8353936464,410755,176470.65234375,,0.019978822567577725,,46.078434477974554,1052.729394824215,957.7598667330305,94.96952809118443,-0.01950152141235517,-1,-1,1,-0.5,Defensive
2018-02-05 00:00:00+09:00,170038.59375,175068.1767278157,169651.7027517065,484835,175783.92109375,,0.017900142278289805,,44.339643848152924,473.29075703563285,860.866044793551,-387.5752877579182,-0.028729254844742202,-1,-1,-1,-1.0,Defensive
2018-02-06 00:00:00+09:00,164622.109375,169845.1375220329,162107.3180449471,772695,174884.39765625,,0.01900083196758262,,41.77779117996966,-418.16323418944376,605.0601889969522,-1023.223423186396,-0.03185444113330893,-1,-1,-1,-1.0,Defensive
2018-02-07 00:00:00+09:00,163074.546875,168684.46604389086,162494.21040925267,478815,174062.25390625,,0.01882467109464418,,36.23853720891457,-1235.2827346172126,236.99160427411925,-1472.2743388913318,-0.009400696576392087,-1,-1,-1,-1.0,Defensive
2018-02-08 00:00:00+09:00,163074.546875,166363.12018090155,162881.10138641755,514750,173346.5046875,,0.01877603492063499,,40.30612644385367,-1861.3987792872067,-182.68647243814598,-1678.7123068490607,0.0,-1,-1,-1,-1.0,Defensive
2018-02-09 00:00:00+09:00,156303.953125,160559.7538288985,155917.06215191833,790350,172369.60390625,,0.020621891917430895,,30.593583222993885,-2870.8373609598493,-720.3166501424867,-2150.5207108173627,-0.041518396829824056,-1,-1,-1,-1.0,Defensive
2018-02-12 00:00:00+09:00,154756.40625,158044.9798828125,154369.515234375,953715,171199.259375,,0.020142553150621658,,30.044841262654614,-3752.4429820884543,-1326.7419165316803,-2425.7010655567738,-0.009900881225712754,-1,-1,-1,-1.0,Defensive
2018-02-13 00:00:00+09:00,155723.609375,159012.18249223602,155336.71842003104,685125,170251.3765625,,0.020118086204989342,,33.179667583201905,-4323.240948988765,-1926.0417230230973,-2397.1992259656677,0.00624984224199121,-1,-1,-1,-1.0,Defensive
2018-02-14 00:00:00+09:00,156884.28125,158431.84506011097,156303.9448212084,370820,169506.61171875,,0.02014823745865359,,22.872285806474054,-4628.59042078827,-2466.551462576132,-2162.0389582121384,0.007453409792249177,-1,-1,-1,-1.0,Defensive
2018-02-19 00:00:00+09:00,158625.296875,160559.75171493902,157658.0694550305,416685,168703.81328125,,0.01986907442391762,,20.764987767204815,-4676.192430935596,-2908.479656248025,-1767.7127746875713,0.011097451007380688,-1,-1,-1,-1.0,Defensive
2018-02-20 00:00:00+09:00,156110.5,158238.40024783148,155530.16356877322,336005,167988.06484375,,0.019504126909290126,,17.27739214792399,-4860.808087821002,-3298.9453425626207,-1561.8627452583814,-0.01585369373323675,-1,-1,-1,-1.0,Defensive
2018-02-21 00:00:00+09:00,161140.09375,161720.43022208885,156497.40197328932,707840,167407.728125,,0.020765966972711363,,27.314768937250832,-4548.835006032372,-3548.9232752565713,-999.9117307758006,0.03221816437715597,-1,-1,-1,-1.0,Defensive
2018-02-22 00:00:00+09:00,159979.421875,161913.87679489117,158431.85793908706,361210,166808.04765625,,0.020782021003682826,,29.353191246540547,-4345.162285189086,-3708.1710772430743,-636.9912079460119,-0.007202874517379332,-1,-1,-1,-1.0,Defensive
2018-02-23 00:00:00+09:00,160366.328125,162881.11976025332,158625.31853136307,354320,166334.10625,,0.02071510515132379,,25.263189666606593,-4105.207805494894,-3787.5784228934385,-317.62938260145575,0.0024184751105196245,-1,-1,-1,-1.0,Defensive
2018-02-26 00:00:00+09:00,156690.84375,161333.53541666668,156303.9527777778,635640,165337.86171875,,0.01865375313878784,,25.130895144753254,-4163.627319347055,-3862.7882021841624,-300.83911716289276,-0.02291930243694973,-1,-1,-1,-1.0,Defensive
2018-02-27 00:00:00+09:00,155530.1875,157271.19706156716,154949.8509794776,714890,164148.17265625,,0.017973922389301233,,28.070189526269345,-4254.536812315608,-3941.1379242104517,-313.39888810515595,-0.007407301040843417,-1,-1,-1,-1.0,Defensive
2018-02-28 00:00:00+09:00,155336.71875,158238.40091843088,155143.27327210462,1951325,162900.44765625,,0.01779162574313228,,33.33333333333333,-4292.710853105062,-4011.452509989374,-281.2583431156877,-0.0012439305392080158,-1,-1,-1,-1.0,Defensive
2018-03-02 00:00:00+09:00,152048.15625,154756.393129771,149339.919370229,1086525,161497.9671875,,0.017987672892206433,,31.37256040616211,-4536.034977904696,-4116.3690035724385,-419.66597433225706,-0.021170541816919908,-1,-1,-1,-1.0,Defensive
2018-03-05 00:00:00+09:00,150694.03125,152821.93156290115,150694.03125,395610,160230.8984375,,0.01766988912937506,,30.00000504825374,-4783.002198441129,-4249.695642546177,-533.306555894952,-0.008905895562281718,-1,-1,-1,-1.0,Defensive
2018-03-06 00:00:00+09:00,153982.609375,154756.3913316583,151274.37252669598,390060,159002.5203125,,0.018222977786401275,,45.77465509768298,-4659.65117095891,-4331.686748228723,-327.9644227301869,0.02182288241758079,-1,-1,-1,-1.0,Defensive
2018-03-07 00:00:00+09:00,153789.15625,155723.61104559747,153015.374331761,360550,157938.56953125,,0.018033752610220805,,48.14810826075823,-4525.339348333742,-4370.417268249727,-154.92208008401485,-0.0012563309959819913,-1,-1,-1,-1.0,Defensive
2018-03-08 00:00:00+09:00,154562.9375,154562.9375,153015.37367021275,396090,157164.78671875,,0.017379664416164297,,47.761202126832366,-4306.8123294868565,-4357.696280497154,50.883951010297096,0.005031442195717162,-1,-1,1,-0.5,Defensive
2018-03-09 00:00:00+09:00,155143.28125,157464.6271041147,154176.05381078552,429025,156690.8453125,,0.016196960746412283,,46.56491467778812,-4040.225991877611,-4294.202222773245,253.97623089563422,0.0037547406861364596,-1,-1,1,-0.5,Defensive
2018-03-12 00:00:00+09:00,155917.0625,157658.07188275433,155530.1715260546,345055,156332.97109375,,0.016214272800887202,,44.44446581266439,-3723.5934511082596,-4180.080468440248,456.4870173319887,0.0049875266512708905,-1,-1,-1,-1.0,Defensive
2018-03-13 00:00:00+09:00,158625.296875,159785.96977896342,155336.72364710367,606115,156110.50859375,,0.016786841284201243,,55.11810823307336,-3217.0439211480843,-3987.4731589818157,770.4292378337313,0.017369711381010733,-1,-1,1,-0.5,Defensive
2018-03-14 00:00:00+09:00,156497.390625,157464.61800834365,154949.8268116502,376640,156120.18046875,,0.014098466604363018,,39.28571686134856,-2953.260669228941,-3780.630661031241,827.3699918022999,-0.013414671505244447,-1,-1,-1,-1.0,Defensive
2018-03-15 00:00:00+09:00,158625.296875,159399.07881097562,156110.50558307927,341525,156313.625,,0.01419701519219652,,47.008541108052064,-2543.1899798993254,-3533.142524804858,989.9525449055327,0.013597071756288326,-1,-1,1,-0.5,Defensive
2018-03-16 00:00:00+09:00,154949.828125,158044.95577793382,154176.04621176654,717990,156274.9359375,,0.015165006644461937,,39.55221001668483,-2486.1270896279893,-3323.7394377694845,837.6123481414952,-0.023170760417213554,-1,-1,-1,-1.0,Defensive
2018-03-19 00:00:00+09:00,151854.703125,155143.27631369425,151274.3666799363,600070,156023.45703125,,0.015677175393331518,,40.45802044456666,-2659.992322724487,-3190.9900147604853,530.9976920359982,-0.019975014089742116,-1,-1,-1,-1.0,Defensive
2018-03-20 00:00:00+09:00,153789.15625,153982.60172955974,149726.8011792453,441955,155781.65,,0.01575017258488464,,46.666630768015736,-2611.582870618062,-3075.108585932001,463.52571531393914,0.012738842361751823,-1,-1,1,-0.5,Defensive
2018-03-21 00:00:00+09:00,153595.71875,154369.50070843828,153208.82777078086,424565,155655.9109375,,0.015379818937912097,,46.6666866103855,-2559.3245207270375,-2971.9517728910087,412.6272521639712,-0.001257809748858696,-1,-1,1,-0.5,Defensive
2018-03-22 00:00:00+09:00,155336.71875,155723.6097057908,154369.49136052304,336730,155365.7421875,,0.013691469342806819,,56.69288684407687,-2350.332086815557,-2847.6278356759185,497.2957488603615,0.011334951352607314,-1,-1,1,-0.5,Defensive
2018-03-23 00:00:00+09:00,151467.8125,153208.82183908045,150887.47605363984,489340,154940.16171875,,0.014624020631419446,,51.428569780161446,-2468.437862676161,-2771.789841075967,303.3519783998063,-0.02490657895398607,-1,-1,1,-0.5,Defensive
2018-03-26 00:00:00+09:00,152628.5,152821.9455006337,150307.15399239544,276195,154553.2703125,,0.01476657624866417,,47.28684160599892,-2440.250076097698,-2705.481888080313,265.231811982615,0.007662931687218988,-1,-1,1,-0.5,Defensive
2018-03-27 00:00:00+09:00,152628.5,154756.40050697085,152048.16349809885,283160,154350.153125,,0.013941939595075713,,47.65628450955571,-2390.3565102473367,-2642.456812513718,252.10030226638128,0.0,-1,-1,1,-0.5,Defensive
2018-03-28 00:00:00+09:00,151661.28125,153402.2908561862,150307.1626674107,262300,154156.7078125,,0.013919100417891716,,44.18609893268115,-2401.1826309031167,-2594.201976191598,193.01934528848142,-0.0063370782651994695,-1,-1,-1,-1.0,Defensive
2018-03-29 00:00:00+09:00,152048.15625,152821.93821564887,150500.59231870229,337800,153992.2796875,164093.36171875,0.013945119977039603,,43.75,-2351.438906278374,-2545.6493622089533,194.21045593057943,0.002550914754321898,-1,-1,-1,-1.0,Defensive
2018-03-30 00:00:00+09:00,153208.84375,154562.96231849748,152048.17069128787,288805,154050.3140625,163793.521875,0.013208502460323216,0.017622158362435733,44.61541902718044,-2193.0784222415823,-2475.1351742154793,282.056751973897,0.007633683489667531,-1,1,-1,-0.19999999999999996,MeanReversion
2018-04-02 00:00:00+09:00,151854.703125,153208.82149681528,151274.3666799363,398100,154108.34765625,163516.25,0.013205985089942467,0.01754981596413637,35.77236466413274,-2152.03708520715,-2410.5155564138136,258.47847120666347,-0.008838527802021878,-1,1,-1,-0.19999999999999996,MeanReversion
2018-04-03 00:00:00+09:00,151854.703125,154562.93986863058,150887.4757165605,341015,154001.95234375,163168.04791666666,0.012227611247275217,0.017199092855003463,39.285729739553354,-2095.357552371541,-2347.483955605359,252.1264032338181,0.0,-1,1,-1,-0.19999999999999996,MeanReversion
2018-04-04 00:00:00+09:00,145857.921875,152048.17850629974,144503.8032369032,829645,153605.390625,162671.5375,0.015099792799995534,0.017707537535663516,25.000030595523512,-2505.4475046813022,-2379.0766654205477,-126.37083926075456,-0.03949025697981656,-1,1,-1,-0.19999999999999996,MeanReversion
2018-04-05 00:00:00+09:00,150694.03125,150694.03125,147405.45803915276,472310,153411.9453125,162120.21770833334,0.016981259193581677,0.017192091960375345,42.02897617627555,-2412.4044401982683,-2385.742220376092,-26.662219822176212,0.03315630246771617,-1,1,-1,-0.19999999999999996,MeanReversion
2018-04-06 00:00:00+09:00,148953.03125,151274.37719155845,148179.24926948053,384070,153102.4328125,161559.22526041666,0.01708973666181016,0.017221381895463198,44.27481574973656,-2450.8988547463377,-2398.7735472501413,-52.125307496196456,-0.011553211401662544,-1,1,-1,-0.19999999999999996,MeanReversion
2018-04-09 00:00:00+09:00,149726.8125,149726.8125,147792.35755813954,290395,152792.9203125,161062.71510416668,0.017094251062910952,0.01716105914115638,41.60000258471399,-2391.4016854635556,-2397.2991748928243,5.897489429268717,0.005194800290443835,-1,1,-1,-0.19999999999999996,MeanReversion
2018-04-10 00:00:00+09:00,149920.265625,151467.82965725806,148759.59260080644,395640,152357.66875,160604.89401041667,0.016511485089922135,0.01712967512854179,42.40000878802193,-2302.1024951655127,-2378.2598389473624,76.1573437818497,0.0012920406289955721,-1,1,-1,-0.19999999999999996,MeanReversion
2018-04-11 00:00:00+09:00,149146.484375,151080.9394252594,148759.59336494812,308250,151990.1234375,160159.96927083333,0.01633189190065598,0.017114779150723375,36.666691347072245,-2267.63009541441,-2356.133890240772,88.50379482636208,-0.005161285212337385,-1,1,-1,-0.19999999999999996,MeanReversion
2018-04-12 00:00:00+09:00,146438.25,149146.48712021136,146051.35898282696,559025,151380.77109375,159631.21848958332,0.01625050234875893,0.01710228456199629,38.59651857478092,-2430.821355205844,-2371.0713832337865,-59.749971972057665,-0.018158217985149827,-1,1,-1,-0.19999999999999996,MeanReversion
2018-04-13 00:00:00+09:00,147792.375,148179.2660340314,145664.47431282722,341355,151022.8984375,159183.0703125,0.01582856276001044,0.017037930984539942,39.13044089015253,-2422.954719940375,-2381.4480505751044,-41.50666936527068,0.009247071717942479,-1,1,-1,-0.19999999999999996,MeanReversion
2018-04-16 00:00:00+09:00,145277.5625,147985.7993508655,145084.11701065247,392100,150694.04140625,158741.37005208334,0.01566348853148374,0.017043728572026327,35.156218448366374,-2589.7912054738263,-2423.1166815548486,-166.67452391897768,-0.017015847400787765,-1,1,-1,-0.19999999999999996,MeanReversion
2018-04-17 00:00:00+09:00,144697.234375,146631.68938001338,144116.897873496,442125,150239.4453125,158241.63619791667,0.015268970446653367,0.01684986798606747,35.714253661832515,-2737.2842430800956,-2485.9501938598983,-251.33404922019736,-0.003994616340014634,-1,1,-1,-0.19999999999999996,MeanReversion
2018-04-18 00:00:00+09:00,145471.046875,146631.7201213431,145084.15579288563,416345,149833.21171875,157825.72916666666,0.015380352448775734,0.016644114126689584,36.71883824580822,-2759.918711368984,-2540.7438973617154,-219.17481400726865,0.005347804353983632,-1,1,-1,-0.19999999999999996,MeanReversion
2018-04-19 00:00:00+09:00,142762.78125,144697.23628048782,141988.99923780488,622595,149204.51484375,157325.99505208334,0.015410344336053186,0.01663502077455207,30.147076291520364,-2962.2441855398647,-2625.0439549973453,-337.2002305425194,-0.01861721409984185,-1,1,-1,-0.19999999999999996,MeanReversion
2018-04-20 00:00:00+09:00,140828.3125,144116.88573145604,140441.4215315934,479485,148672.53984375,156806.91640625,0.014784613095797391,0.016689141772891814,29.496430051142056,-3241.320121878409,-2748.299188373558,-493.02093350485075,-0.01355023160141744,-1,1,-1,-0.19999999999999996,MeanReversion
2018-04-23 00:00:00+09:00,142182.4375,142762.77397959185,140634.87355442176,312160,148150.23671875,156345.87109375,0.014868411792254713,0.016727248259829474,32.876750221431465,-3315.009871182061,-2861.641324935259,-453.368546246802,0.009615431556065923,-1,1,-1,-0.19999999999999996,MeanReversion
2018-04-24 00:00:00+09:00,140247.96875,142182.4234913793,139667.6323275862,497990,147531.21015625,155739.74166666667,0.015011367387133222,0.015842811252746038,38.39996794973277,-3489.2827104236057,-2987.1696020329287,-502.1131083906771,-0.01360553936206077,-1,1,-1,-0.19999999999999996,MeanReversion
2018-04-25 00:00:00+09:00,143729.984375,145277.54813677658,140054.52044078062,618915,147134.6453125,155146.50859375,0.016312847258161588,0.016076425247475826,34.74581201951938,-3308.2897259499005,-3051.3936268163234,-256.8960991335771,0.024827565461621015,-1,1,-1,-0.19999999999999996,MeanReversion
2018-04-26 00:00:00+09:00,140247.96875,144310.32370689654,140247.96875,1071125,146544.6359375,154479.12109375,0.016965859720944387,0.016253130550579458,32.28351264236815,-3406.552426422626,-3122.425386737584,-284.12703968504184,-0.02422609061109482,-1,1,-1,-0.19999999999999996,MeanReversion
2018-04-27 00:00:00+09:00,138506.96875,140634.86910789108,137733.186801676,1049185,145809.5421875,153785.94114583332,0.016834538636299815,0.01628288612976315,28.03037998230363,-3583.6009532725147,-3214.66050004457,-368.94045322794454,-0.012413727025903931,-1,1,-1,-0.19999999999999996,MeanReversion
2018-04-30 00:00:00+09:00,138506.96875,139474.19618540505,137733.186801676,398655,145142.15546875,153160.4671875,0.0168451715781042,0.016110483818740227,27.48097392303741,-3681.4754292572034,-3308.023485887097,-373.45194337010616,0.0,-1,1,-1,-0.19999999999999996,MeanReversion
2018-05-02 00:00:00+09:00,142762.78125,142956.2267530488,140054.54420731709,509325,144687.559375,152564.01067708334,0.018552872734395057,0.016545882073859052,38.92621197016538,-3376.70856082064,-3321.7605008738055,-54.94805994683429,0.030726342063564838,-1,1,-1,-0.19999999999999996,MeanReversion
2018-05-03 00:00:00+09:00,140634.859375,144116.87790147867,140441.41390130675,316640,144426.40625,151990.12213541666,0.01664841071935497,0.016480279236077675,39.72602891296182,-3269.1988441159483,-3311.2481695222345,42.04932540628624,-0.01490529854047662,-1,1,-1,-0.19999999999999996,MeanReversion
2018-05-04 00:00:00+09:00,138700.40625,142182.4248169456,138700.40625,511785,143826.725,151467.81901041666,0.014719611489419838,0.01619493623624434,34.22820138081774,-3302.0271063089604,-3309.4039568795797,7.376850570619354,-0.013755146722490896,-1,1,-1,-0.19999999999999996,MeanReversion
2018-05-08 00:00:00+09:00,141408.640625,142762.7589346785,139474.18589688782,487275,143449.50546875,151080.92786458333,0.015499424937874342,0.016001476501023768,43.33333512826298,-3074.0758276133565,-3262.3383310263353,188.26250341297873,0.019525785455296818,-1,1,-1,-0.19999999999999996,MeanReversion
2018-05-09 00:00:00+09:00,140634.859375,143149.65053301238,139861.07748022696,475655,142994.9078125,150706.93307291667,0.01540083756636638,0.015980643543196827,43.04634911397064,-2922.175457380479,-3194.305756297164,272.13029891668475,-0.005471951689656529,-1,1,-1,-0.19999999999999996,MeanReversion
2018-05-10 00:00:00+09:00,139280.765625,142182.4482421875,138893.874609375,416805,142462.9328125,150310.37005208334,0.01543024780599339,0.016004120668024036,39.61036440746417,-2877.882925632439,-3131.021190164219,253.13826453178035,-0.009628436050761358,-1,1,-1,-0.19999999999999996,MeanReversion
2018-05-11 00:00:00+09:00,138700.40625,141021.75196129706,138120.06982217572,547725,141940.62890625,150016.97760416666,0.01542677310886599,0.015130875640043855,42.657318957804264,-2856.680887361057,-3076.1531296035873,219.47224224253023,-0.004166830734995797,-1,1,-1,-0.19999999999999996,MeanReversion
2018-05-14 00:00:00+09:00,138700.40625,139667.6336297071,138120.06982217572,288745,141553.73671875,149749.37760416666,0.015047617231540347,0.015096656910926442,45.86465526141588,-2807.5148358680017,-3022.4254708564704,214.9106349884687,0.0,-1,1,1,0.30000000000000004,Trend
2018-05-15 00:00:00+09:00,137539.75,138893.86849507736,137539.75,399725,141041.10546875,149446.31328125,0.014827047100446489,0.015082502952722048,40.9091020347222,-2829.587917052995,-2983.8579600957755,154.27004304278034,-0.008368081113677373,-1,1,-1,-0.19999999999999996,MeanReversion
2018-05-16 00:00:00+09:00,135411.859375,138313.54207589285,135024.9683482143,620065,140547.8203125,149088.43958333333,0.01475540690324145,0.015129553609607544,40.601552161505445,-2984.3818861631735,-2983.9627453092553,-0.41914085391817935,-0.01547109562871829,-1,1,-1,-0.19999999999999996,MeanReversion
2018-05-17 00:00:00+09:00,134831.5,135992.17288378766,134831.5,461815,140054.53359375,148691.87630208334,0.014756059214590543,0.015026987110859945,30.508501260523474,-3117.9456367632956,-3010.7593236000635,-107.18631316323217,-0.004285882918074413,-1,1,-1,-0.19999999999999996,MeanReversion
2018-05-18 00:00:00+09:00,133090.515625,135411.86182776163,132316.73355741278,565205,139435.50703125,148308.20989583334,0.014745744247832746,0.014987198885920731,33.02758480149687,-3325.9394013444253,-3073.795339148936,-252.14406219548937,-0.012912297015163388,-1,1,-1,-0.19999999999999996,MeanReversion
2018-05-21 00:00:00+09:00,131929.828125,133477.39209127566,130769.15515029326,505590,138893.859375,147821.37213541666,0.014398599198110944,0.01430955894442682,33.96228859247067,-3543.585491528007,-3167.75336962475,-375.83212190325685,-0.008721038419224336,-1,1,-1,-0.19999999999999996,MeanReversion
2018-05-23 00:00:00+09:00,132316.75,133090.5321637427,130962.6312134503,430280,138468.28125,147360.32760416667,0.014287577781888543,0.014322769387536623,35.18530429332779,-3642.857629232749,-3262.77422154635,-380.0834076863989,0.0029327854094785,-1,1,-1,-0.19999999999999996,MeanReversion
2018-05-24 00:00:00+09:00,131542.953125,132510.18072150735,131156.06208639705,222435,137936.30703125,146879.93802083333,0.013979783020670529,0.014307981776115582,17.77789345110473,-3740.8482840814104,-3358.389034053362,-382.45925002804825,-0.005848064398498276,-1,1,-1,-0.19999999999999996,MeanReversion
2018-05-25 00:00:00+09:00,132510.1875,134251.19726277373,131929.85091240876,378775,137549.41796875,146476.92708333334,0.013993772872220365,0.014130418385593094,25.000168274893866,-3697.832541765325,-3426.277735595755,-271.55480616956993,0.0073529927071112056,-1,1,-1,-0.19999999999999996,MeanReversion
2018-05-28 00:00:00+09:00,131542.953125,132897.0717601103,131349.5076056985,270430,136940.06640625,146077.13984375,0.012442357175841117,0.014129819758805071,26.582438963543254,-3699.148505286721,-3480.8518895339485,-218.2966157527726,-0.007299320854104119,-1,1,-1,-0.19999999999999996,MeanReversion
2018-05-29 00:00:00+09:00,129221.5859375,131542.93179266466,129028.14044956962,467685,136388.747265625,145641.88763020834,0.011952269973202522,0.014260222691998975,9.091123655792728,-3843.204280777427,-3553.3223677826445,-289.8819129947824,-0.017647218131815023,-1,1,-1,-0.19999999999999996,MeanReversion
2018-05-30 00:00:00+09:00,126126.4609375,129608.47979773773,125352.67896855828,669825,135769.721875,145209.859375,0.012655055125026677,0.014326798143044531,7.865359736339016,-4159.1758509678475,-3674.493064419685,-484.6827865481623,-0.02395207408688671,-1,1,-1,-0.19999999999999996,MeanReversion
2018-05-31 00:00:00+09:00,129415.03125,129801.92222533633,126513.34893497758,1050965,135315.125,144855.209375,0.014351353444048066,0.014780149971129818,24.242499649173183,-4096.997815778392,-3758.994014691427,-338.0038010869648,0.026073595406197914,-1,1,-1,-0.19999999999999996,MeanReversion
2018-06-01 00:00:00+09:00,131542.953125,132703.6262408088,129995.38897058823,457305,134754.13359375,144481.21510416668,0.01289403590223021,0.014649229462948155,32.71042182498944,-3831.844643584045,-3773.564140469951,-58.280503114094245,0.01644261763449517,-1,1,-1,-0.19999999999999996,MeanReversion
2018-06-04 00:00:00+09:00,130188.8359375,132897.07323783432,129801.9448945951,409355,134231.832421875,144087.87643229167,0.01272698323675987,0.01468181259148237,30.701896401651283,-3688.456553333963,-3756.5426230427533,68.08606970879055,-0.010294106642210088,-1,1,-1,-0.19999999999999996,MeanReversion
2018-06-05 00:00:00+09:00,130382.265625,131542.93861275964,128447.8106454006,335760,133815.925390625,143684.865234375,0.01255411633271731,0.01465707618458284,33.02758616090185,-3518.6514756071265,-3708.964393555628,190.3129179485013,0.0014857624780735268,-1,1,-1,-0.19999999999999996,MeanReversion
2018-06-07 00:00:00+09:00,131542.953125,131929.84416360295,130382.28000919118,390905,133322.641015625,143291.52643229166,0.01176267297981893,0.014710793128383559,40.38467512698241,-3252.9242611418595,-3617.756367072874,364.83210593101467,0.008902188456659577,-1,1,-1,-0.19999999999999996,MeanReversion
2018-06-08 00:00:00+09:00,135605.28125,136959.3996077033,131542.92617689015,941455,133071.162109375,142952.99674479166,0.01399060563459613,0.015292347397167219,51.63933883553383,-2683.6026983996853,-3430.925633338237,747.3229349385515,0.030882141752889947,-1,1,1,0.30000000000000004,Trend
2018-06-11 00:00:00+09:00,137539.75,137733.19549929677,134444.62201125175,689250,132984.111328125,142601.57096354166,0.014298395016527292,0.015231108134973255,59.34953103114048,-2052.654078605643,-3155.271322391718,1102.617243786075,0.014265438131673136,-1,1,1,0.30000000000000004,Trend
2018-06-12 00:00:00+09:00,138700.40625,139087.29720188284,136185.6150627615,621335,132984.111328125,142304.95455729167,0.014410393591911461,0.01522241512108424,64.22757447266791,-1442.3410821447324,-2812.685274342321,1370.3441921975887,0.008438696813103164,-1,1,1,0.30000000000000004,Trend
2018-06-14 00:00:00+09:00,136765.96875,140247.98775636492,136379.0777492928,794555,132887.389453125,141940.632421875,0.014748647831278348,0.0151618067910896,58.7785661788281,-1102.0527962321066,-2470.558778720278,1368.5059824881714,-0.01394687695804786,-1,1,1,0.30000000000000004,Trend
2018-06-15 00:00:00+09:00,133477.390625,136572.51852355074,132897.05414402173,701510,132684.271484375,141582.75846354166,0.015592891190283478,0.015183231364036213,53.472190281098094,-1085.2228751184302,-2193.4915979999087,1108.2687228814784,-0.024045295441962766,-1,1,1,0.30000000000000004,Trend
2018-06-18 00:00:00+09:00,134251.171875,134444.61736761528,132703.6079340778,529295,132626.237109375,141289.36627604166,0.015305942341818299,0.015039739535951493,53.146808117653904,-997.9436876348627,-1954.3820159268996,956.4383282920369,0.005797096020358383,-1,1,1,0.30000000000000004,Trend
2018-06-19 00:00:00+09:00,133090.515625,134251.18872638082,133090.515625,551610,132539.187890625,140944.38893229168,0.015395440461941596,0.01493792277791483,52.77777777777777,-1010.7779431661475,-1765.6612013747495,754.883258208602,-0.008645408705114876,-1,1,1,0.30000000000000004,Trend
2018-06-20 00:00:00+09:00,133283.953125,133864.28964078374,132897.0621144775,532395,132548.859765625,140605.85950520833,0.015122161047884433,0.014945560054342395,57.89477679673534,-993.8835229337856,-1611.305665686557,617.4221427527714,0.0014534281356683998,-1,1,1,0.30000000000000004,Trend
2018-06-21 00:00:00+09:00,135218.390625,135992.17254560086,132316.70842274677,589410,132713.287890625,140270.55403645834,0.015296396361007727,0.014999479516306789,68.50397231353277,-815.0067432881042,-1452.0458812068664,637.0391379187622,0.014513656405327202,-1,1,1,0.30000000000000004,Trend
2018-06-22 00:00:00+09:00,139861.09375,140054.5392461964,133477.39237551868,801570,133090.505078125,140077.10872395834,0.016941459889547105,0.015399915457632926,70.1493081613155,-295.2152080296364,-1220.6797465714205,925.4645385417841,0.034334849745960794,-1,1,-1,-0.19999999999999996,MeanReversion
2018-06-25 00:00:00+09:00,144697.234375,145084.1253760027,140634.87886447195,1276330,133748.219140625,139944.92096354166,0.018171644617261833,0.016023319446292397,72.973010586085,501.1821439025225,-876.307368476632,1377.4895123791543,0.034578169634827516,-1,1,-1,-0.19999999999999996,MeanReversion
2018-06-26 00:00:00+09:00,142182.4375,144310.33792517005,141215.2100340136,537640,134231.831640625,139770.819921875,0.01882567157307104,0.0161660550018741,70.12988341254525,918.8181288191408,-517.2822690174775,1436.1003978366184,-0.017379716245872423,-1,1,-1,-0.19999999999999996,MeanReversion
2018-06-27 00:00:00+09:00,142956.203125,144697.212364682,142956.203125,436380,134802.494140625,139625.73528645834,0.018654072946989717,0.01617369409235481,70.70065070565138,1297.279840604897,-154.3698470930026,1451.6496876978995,0.00544206189319274,-1,1,-1,-0.19999999999999996,MeanReversion
2018-06-28 00:00:00+09:00,144503.765625,145277.54750251005,140441.4107680723,682685,135566.603125,139499.99544270834,0.017964711422030464,0.0162388043830105,71.06918175094083,1702.463890116749,216.99690034894775,1485.4669897678014,0.010825430909401135,-1,1,-1,-0.19999999999999996,MeanReversion
2018-06-29 00:00:00+09:00,147598.90625,147792.35173656617,144697.2239515072,779575,136640.225390625,139406.496484375,0.016830698456039336,0.01645204126458558,70.12990691263383,2247.420287710178,623.0815778211938,1624.338709888984,0.021419100129419277,-1,1,-1,-0.19999999999999996,MeanReversion
2018-07-02 00:00:00+09:00,145277.5625,147985.7993508655,144116.8895639148,539590,137433.351953125,139296.87747395833,0.017073121830657866,0.016535789955285884,62.820526096690614,2463.590382261056,991.1833387091664,1472.4070435518897,-0.015727377722353553,-1,1,1,0.30000000000000004,Trend
2018-07-03 00:00:00+09:00,144503.765625,147598.89313504015,143729.98374748995,431525,138081.392578125,139174.36184895833,0.01705680814933355,0.016546120756138788,59.74025974025974,2543.151926342078,1301.5770562357488,1241.574870106329,-0.005326334374587294,-1,1,1,0.30000000000000004,Trend
2018-07-04 00:00:00+09:00,148566.140625,150694.04107666016,147018.57666015625,899695,139000.2578125,139219.498828125,0.01741007145952901,0.016121018029804837,68.48483810092594,2900.568783655239,1621.375401719647,1279.1933819355918,0.028112589193988402,-1,1,1,0.30000000000000004,Trend
2018-07-05 00:00:00+09:00,147985.796875,148759.57881944446,146244.7875,286595,139880.434375,139174.36158854168,0.017534993934256716,0.01556008523816571,74.83441724820776,3101.246093132446,1917.3495400022068,1183.896553130239,-0.003906298888552651,1,1,-1,0.5,Trend
2018-07-06 00:00:00+09:00,144890.671875,146631.68128337784,144310.33540554074,409335,140547.8203125,139106.65559895834,0.018560277447319022,0.0157250352029994,66.87115713192708,2976.225511177181,2129.1247342372017,847.1007769399794,-0.02091501390916839,1,1,1,1.0,Trend
2018-07-09 00:00:00+09:00,146051.34375,150694.03547185432,144697.22533112584,471880,141070.1234375,139045.39778645834,0.017585066576392475,0.01574618024699181,70.55209920590676,2936.947022338398,2290.689191857441,646.2578304809567,0.008010673564971427,1,1,-1,0.5,Trend
2018-07-10 00:00:00+09:00,147018.59375,148566.15789473685,146244.81167763157,375645,141544.065625,138997.03658854167,0.017429045711865446,0.015770828143872134,71.25746475657893,2949.8633399452083,2422.5240214749947,527.3393184702136,0.006622671008461811,1,1,-1,0.5,Trend
2018-07-11 00:00:00+09:00,148759.578125,149146.46909541613,146438.23230250325,434425,142047.02421875,138990.58815104168,0.01749678656857322,0.01583414451575878,71.08431038241156,3065.248230207537,2551.0688632215033,514.1793669860335,0.011841933258867066,1,1,-1,0.5,Trend
2018-07-12 00:00:00+09:00,151274.359375,151274.359375,147792.34087276214,479835,142772.44375,139071.18997395833,0.017224836221925565,0.015795417682174576,69.03221032412515,3321.3272242283856,2705.1205354228796,616.206688805506,0.016905003910987704,1,1,1,1.0,Trend
2018-07-13 00:00:00+09:00,149146.484375,151274.38493028533,147985.81134484435,379850,143555.8984375,139093.75846354166,0.016444087542410942,0.01586616867467067,58.15603568179682,3314.3640175583423,2826.969231849972,487.39478570837036,-0.014066329606626349,1,1,1,1.0,Trend
2018-07-16 00:00:00+09:00,149146.484375,149533.37538505188,148372.70235489623,288625,144300.6640625,139158.24049479168,0.016490554339522585,0.01570259215899247,64.06252267772234,3271.137983642402,2915.802982208458,355.33500143394394,0.0,1,1,1,1.0,Trend
2018-07-17 00:00:00+09:00,146825.125,148759.5798748353,146051.3430500659,264885,144987.39453125,139193.70533854168,0.01687218942820595,0.015830524518030225,57.35295777107186,3014.813841871888,2935.6051541411443,79.2086877307438,-0.015564291607191971,1,1,1,1.0,Trend
2018-07-18 00:00:00+09:00,147792.375,149146.49361910994,146825.14741492146,158810,145712.815625,139232.394140625,0.01685576327991181,0.01583804015686501,56.39103589129431,2856.7927753351687,2919.842678379949,-63.04990304478042,0.006587768953031814,1,1,-1,0.5,Trend
2018-07-19 00:00:00+09:00,147985.796875,150887.4791666667,147598.9059027778,252110,146351.1859375,139319.44440104166,0.016731769752720928,0.015639460845626948,50.847456466933764,2715.86071864306,2879.0462864325714,-163.18556778951142,0.0013087405557965504,1,1,-1,0.5,Trend
2018-07-20 00:00:00+09:00,148953.03125,149339.92224025974,146051.34882305196,252245,146805.7828125,139454.85638020834,0.015270521791615229,0.01554456117223954,58.55856118081438,2651.6521831305,2833.567465772157,-181.9152826416571,0.00653599463884369,1,1,-1,0.5,Trend
2018-07-23 00:00:00+09:00,149726.8125,150307.14898255814,147985.8030523256,407150,147057.26171875,139580.59596354168,0.01345912706808604,0.015513539221558728,62.1622034627215,2632.854231567908,2793.424818931307,-160.57058736339923,0.005194800290443835,1,1,-1,0.5,Trend
2018-07-24 00:00:00+09:00,144116.890625,150113.70083892616,143536.55415268455,422515,147153.984375,139645.07799479167,0.015630549871954072,0.016209627699722375,40.33612076455257,2140.6073195850186,2662.8613190620495,-522.2539994770309,-0.03746771724670217,1,1,-1,0.5,Trend
2018-07-25 00:00:00+09:00,144310.34375,146825.1352630697,143536.56174597854,472905,147221.69140625,139654.75065104166,0.015591830332256904,0.01589947020564518,41.88036194209396,1745.9815572669904,2479.485366703038,-733.5038094360475,0.0013423348516683475,1,1,-1,0.5,Trend
2018-07-26 00:00:00+09:00,145277.5625,147212.01739347537,138506.97037283622,1121260,147260.38125,139738.57721354166,0.015476135962362646,0.01558875821050233,50.94339622641509,1494.0616545133526,2282.400624265101,-788.3389697517487,0.006702352200585127,1,1,-1,0.5,Trend
2018-07-27 00:00:00+09:00,145277.5625,145277.5625,141795.54369174436,569095,147144.3140625,139851.42044270833,0.014672612543651034,0.01549425622917004,48.0,1279.6621676891227,2081.8529329499056,-802.1907652607829,0.0,1,1,-1,0.5,Trend
2018-07-30 00:00:00+09:00,141215.203125,144697.22183219178,140441.4211900685,543330,146941.19609375,139896.55768229166,0.015586481860257495,0.01594498680309616,37.06888688196182,773.0394610013464,1820.090238560194,-1047.0507775588476,-0.02796274459106507,1,1,-1,0.5,Trend
2018-07-31 00:00:00+09:00,138506.96875,140828.31459497206,137733.186801676,618420,146641.35625,139825.62747395833,0.01607986630927304,0.015649975608162184,28.099164175079324,151.2617838413862,1486.3245476164325,-1335.0627637750463,-0.019178065215844642,1,1,-1,0.5,Trend
2018-08-01 00:00:00+09:00,140828.3125,140828.3125,138313.52120535713,514795,146254.46484375,139828.85169270833,0.015160625667749872,0.015685653484929903,27.50001514477394,-152.43133112828946,1158.5733718674883,-1311.0047029957777,0.016759761410921836,1,1,-1,0.5,Trend
2018-08-02 00:00:00+09:00,140828.3125,142762.76734203295,139474.19411057694,404885,145896.590625,139864.316796875,0.015169042433760488,0.015579578109765535,30.275210322221128,-388.6304231287213,849.1326128682464,-1237.7630359969676,0.0,1,1,-1,0.5,Trend
2018-08-03 00:00:00+09:00,141408.640625,141408.640625,139474.18589688782,534385,145722.4890625,139864.316796875,0.01457347840005173,0.015386271680444619,32.14281078133992,-522.9638735777407,574.7133155790491,-1097.6771891567898,0.004120819987813107,1,1,-1,0.5,Trend
2018-08-06 00:00:00+09:00,142182.4375,144697.22891156463,141408.65552721088,303035,145529.04375,139890.109765625,0.01450046663186747,0.01538499229825843,38.461556384332084,-560.5237906124385,347.6658943407516,-908.1896849531901,0.005472062185025939,1,1,-1,0.5,Trend
2018-08-07 00:00:00+09:00,143923.453125,145857.90814012097,142375.88911290324,324185,145374.28671875,139967.487890625,0.014712975217473416,0.01540623561358893,40.74071027114753,-444.6789032109664,189.19693483040805,-633.8758380413744,0.01224494146824573,1,1,-1,0.5,Trend
2018-08-08 00:00:00+09:00,145084.125,146244.798,143536.56100000002,312410,145190.5140625,140073.883203125,0.014564250644342023,0.015423417961688083,43.3628615888932,-256.2604640421632,100.1054550558938,-356.365919098057,0.008064508249339575,1,1,-1,0.5,Trend
2018-08-09 00:00:00+09:00,150694.03125,150694.03125,144116.8848283055,665170,145161.49765625,140273.776953125,0.016573659008096864,0.01615256138661991,53.284653888558076,341.79505626435275,148.4433752975856,193.35168096676716,0.038666575340341236,1,1,1,1.0,Trend
2018-08-10 00:00:00+09:00,149146.484375,151274.38493028533,148953.03886997406,345420,145161.49765625,140467.22252604167,0.016424708614682284,0.016174154675836907,48.93618483877934,683.0109404787072,255.35688833380993,427.65405214489726,-0.010269463642077703,1,1,1,1.0,Trend
2018-08-13 00:00:00+09:00,146051.34375,148372.68961092716,145084.11630794703,418340,145006.740625,140644.547265625,0.017080971500597737,0.01628417979279541,53.906247535030175,695.6559173933056,343.4166941457091,352.2392232475965,-0.020752353888663366,1,1,1,1.0,Trend
2018-08-14 00:00:00+09:00,146438.25,148372.70508586525,145857.91347424043,308015,144987.396875,140837.99309895834,0.016742633467691444,0.01626868964866297,54.26357754059581,728.4995640655106,420.4332681296694,308.06629593584125,0.0026491111965547542,1,1,1,1.0,Trend
2018-08-16 00:00:00+09:00,145084.125,147598.9165,144116.8975,570495,144851.984375,141037.88658854167,0.016784134792201175,0.016220156108617614,49.618336613542084,637.908409018768,463.9282963074891,173.98011271127888,-0.00924707171794259,1,1,1,1.0,Trend
2018-08-17 00:00:00+09:00,146051.34375,148566.13509933776,144697.22533112584,193900,144755.26171875,141273.24518229166,0.016863727690528067,0.016177867461888165,51.47058648849295,636.8198726257833,498.50661157114797,138.31326105463535,0.006666606356829252,1,1,1,1.0,Trend
2018-08-20 00:00:00+09:00,146051.34375,148179.24412251657,145664.4527731788,194680,144610.17734375,141502.155078125,0.016780604459852983,0.016178499940981687,60.86957132492226,628.7098241968197,524.5472540962824,104.16257010053732,0.0,1,1,1,1.0,Trend
2018-08-21 00:00:00+09:00,144503.765625,147212.00219628515,144503.765625,241605,144349.025,141718.16861979166,0.01684782053274702,0.016227902421041114,64.22013861666409,491.7374876875838,517.9853008145427,-26.24781312695893,-0.01059612383744335,1,1,-1,0.5,Trend
2018-08-22 00:00:00+09:00,144503.765625,144697.2110943775,143343.09280873495,239675,144368.36875,141918.06158854166,0.014505010152676625,0.016211382453456637,59.79377322715838,378.819133012963,490.1520672542268,-111.33293424126379,0.0,1,1,-1,0.5,Trend
2018-08-23 00:00:00+09:00,149339.9375,149533.38301489636,145471.02720207252,495420,144619.8484375,142214.67799479168,0.01625631378953893,0.01666851385222227,68.03279339735943,671.8247980625893,526.4866134158992,145.33818464669002,0.033467445322845624,1,1,1,1.0,Trend
2018-08-24 00:00:00+09:00,146631.703125,150694.05901632586,146051.3665690963,271300,144687.55546875,142504.84661458334,0.016805037965737804,0.016678687668448818,60.15041794909791,677.6900293913495,556.7272966109894,120.96273278036017,-0.01813469605208584,1,1,1,1.0,Trend
2018-08-27 00:00:00+09:00,148759.578125,149920.25103624837,147018.56875812743,223740,144861.65625,142882.065234375,0.01709047827833343,0.01638758245893651,62.14283612564207,844.3073470490344,614.2433066985984,230.06404035043602,0.014511698047904753,1,1,1,1.0,Trend
2018-08-28 00:00:00+09:00,146244.8125,149339.94080687832,145664.47594246033,233335,145113.13671875,143162.56158854166,0.016226590567253923,0.016301019511213793,54.16669237539075,764.6181603472214,644.318277428323,120.29988291889845,-0.01690489887573421,1,1,1,1.0,Trend
2018-08-29 00:00:00+09:00,144697.234375,147018.58038101604,144697.234375,274750,145422.65,143381.799609375,0.01573898476548125,0.016272355128798217,49.31506925100481,570.0164894515474,629.4579198329678,-59.441430381420446,-0.01058210611743926,1,1,-1,0.5,Trend
2018-08-30 00:00:00+09:00,144310.34375,146438.24426105898,144116.89824899464,238975,145596.7515625,143617.15807291667,0.015395263610376294,0.01620699421767551,36.13449427875994,380.1918086705846,579.6046976004912,-199.41288892990667,-0.0026737941928960396,1,1,-1,0.5,Trend
2018-08-31 00:00:00+09:00,145471.046875,146244.82903922873,144310.37362865693,289765,145828.88828125,143868.63776041666,0.015465868266330427,0.01622730039642441,41.88042448727118,319.7278002675739,527.6293181339079,-207.90151786633396,0.008043104152054337,1,1,-1,0.5,Trend
2018-09-03 00:00:00+09:00,145857.921875,146051.36739472812,144503.8032369032,156035,146051.35234375,144107.22057291667,0.015456950409164252,0.016201438789923774,49.51462325369845,299.5739156183263,482.0182376307916,-182.4443220124653,0.002659463916090621,1,1,-1,0.5,Trend
2018-09-04 00:00:00+09:00,146051.34375,146438.2347268212,144890.67081953643,187280,146244.79765625,144281.32161458334,0.015429553824785542,0.01575741045514908,49.01956902531809,295.7995525384904,444.7745006123314,-148.974948073841,0.001326097839003726,1,1,-1,0.5,Trend
2018-09-05 00:00:00+09:00,142375.890625,145664.46418563178,140634.88109290082,591425,146167.41953125,144361.92395833333,0.016311182339685804,0.01603508995933077,43.85964912280702,-3.727044490282424,355.07419159180864,-358.80123608209107,-0.025165486538017534,1,1,-1,0.5,Trend
2018-09-06 00:00:00+09:00,141215.203125,143149.65796232875,140634.86667380136,352455,145973.9734375,144403.83723958334,0.01626563156509922,0.01604085638826214,39.13042867507773,-330.94686216820264,217.86998083980637,-548.8168430080091,-0.008152275605826431,1,1,-1,0.5,Trend
2018-09-07 00:00:00+09:00,141602.09375,142182.43019979508,139667.63891734974,322865,145519.3765625,144484.43932291667,0.013451575845039991,0.015932438408333936,40.17093309032668,-552.6811211789027,63.75976043606457,-616.4408816149672,0.0027397236022634885,1,1,-1,0.5,Trend
2018-09-10 00:00:00+09:00,140247.96875,141602.0870689655,139280.74137931035,359830,145074.45078125,144597.28229166666,0.013432373422966234,0.015653002908278025,40.517247982263555,-828.1275506467791,-114.61770178050418,-713.509848866275,-0.009562888260612357,1,1,-1,0.5,Trend
2018-09-11 00:00:00+09:00,140441.4375,141408.66503099175,139667.65547520661,292970,144793.95546875,144700.45338541668,0.012779064317390152,0.01563969225117358,41.02570829142277,-1019.0624022168049,-295.5066418677643,-723.5557603490406,0.001379476307032057,1,1,-1,0.5,Trend
2018-09-12 00:00:00+09:00,141215.203125,141988.9850599315,140441.4211900685,291080,144532.803125,144835.86484375,0.012848769569354745,0.015601792312897104,28.124897457104467,-1095.3170947321923,-455.4687324406499,-639.8483622915425,0.00550952510009739,-1,1,-1,-0.19999999999999996,MeanReversion
2018-09-13 00:00:00+09:00,139861.09375,142182.43970435686,139861.09375,514055,144271.6515625,144945.48385416667,0.012859564092331174,0.015661741822318262,30.33698381740743,-1250.5986746831913,-614.4947208891582,-636.1039537940331,-0.009588977284558875,-1,1,-1,-0.19999999999999996,MeanReversion
2018-09-14 00:00:00+09:00,141215.203125,141795.53957619861,140054.53022260274,365840,144029.84453125,145045.43072916666,0.012980159627764604,0.01560346198918779,27.05878887281891,-1249.9860743634927,-741.5929915840252,-508.3930827794675,0.009681815998239252,-1,1,-1,-0.19999999999999996,MeanReversion
2018-09-17 00:00:00+09:00,140828.3125,141408.6489526099,139861.0850789835,269755,143768.69296875,145061.55104166668,0.01297592609878165,0.01499327068120989,31.080992579882505,-1266.124331100349,-846.4992594872899,-419.62507161305916,-0.0027397236022634885,-1,1,-1,-0.19999999999999996,MeanReversion
2018-09-18 00:00:00+09:00,140247.96875,141021.75064655172,139280.74137931035,277260,143555.903125,144987.39661458333,0.012823332775283166,0.014326165478493108,33.33325529262339,-1310.6347250554245,-939.3263526009168,-371.30837245450766,-0.004120930938514178,-1,1,-1,-0.19999999999999996,MeanReversion
2018-09-19 00:00:00+09:00,141408.640625,141988.97704343367,140247.9677881327,276430,143401.146875,144974.5,0.013005035264964215,0.014193219027186036,39.72595009609672,-1237.9823231677583,-999.0575467142852,-238.9247764534731,0.008275855153873746,-1,1,-1,-0.19999999999999996,MeanReversion
2018-09-20 00:00:00+09:00,141408.640625,141988.97704343367,139667.63136969905,287195,143004.58203125,144948.70729166668,0.010270874163800459,0.0141747368183471,34.32811889686701,-1166.952865014522,-1032.6366103743326,-134.31625464018953,0.0,-1,1,-1,-0.19999999999999996,MeanReversion
2018-09-21 00:00:00+09:00,140247.96875,143729.98728448275,139861.07780172414,375655,142685.3953125,144877.77734375,0.009698500261941113,0.014138264547919032,29.577310967389636,-1190.5936058914813,-1064.2280094777625,-126.36559641371878,-0.008207927534484738,-1,1,-1,-0.19999999999999996,MeanReversion
2018-09-27 00:00:00+09:00,137926.625,141215.19810659185,137733.17952314165,390075,142143.74765625,144716.57265625,0.009379070800587017,0.013998363303149311,24.390219877423405,-1380.7259543746186,-1127.5275984571338,-253.19835591748483,-0.01655171030774738,-1,1,-1,-0.19999999999999996,MeanReversion
2018-09-28 00:00:00+09:00,138506.96875,139087.30521124302,137926.63228875698,487325,141756.85546875,144603.72942708334,0.008992401035313003,0.013879766998076548,34.84846074297987,-1467.6600484355004,-1195.5540884528073,-272.1059599826931,0.004207626700066136,-1,1,-1,-0.19999999999999996,MeanReversion
2018-10-01 00:00:00+09:00,137926.625,139667.6342917251,137539.7340462833,211085,141418.325,144494.11041666666,0.008807258317968962,0.013874211457988716,36.50793040271906,-1565.3405631733767,-1269.5113833969212,-295.8291797764555,-0.004189996757834602,-1,1,-1,-0.19999999999999996,MeanReversion
2018-10-02 00:00:00+09:00,133283.953125,138313.53626179247,132703.61660921626,744920,140867.00546875,144239.40729166666,0.011327503176821721,0.014022160827804565,24.705918127454638,-1994.3878332594759,-1414.4866733694323,-579.9011598900436,-0.03366044717617067,-1,1,-1,-0.19999999999999996,MeanReversion
2018-10-04 00:00:00+09:00,134444.609375,135798.72774280576,132510.15456384892,353485,140315.68359375,144013.72083333333,0.011365127444852128,0.014084124250867433,32.14283997188356,-2215.219949899474,-1574.6333286754407,-640.5866212240335,0.008708146950829665,-1,1,-1,-0.19999999999999996,MeanReversion
2018-10-05 00:00:00+09:00,136185.625,138506.97088068182,131929.82421875,427980,139832.06875,143868.63671875,0.011894100248024467,0.013968289146725517,38.04341336817079,-2224.1074563849834,-1704.5281542173493,-519.5793021676341,0.012949687109758745,-1,1,-1,-0.19999999999999996,MeanReversion
2018-10-08 00:00:00+09:00,136185.625,136185.625,136185.625,0,139338.7828125,143704.20807291666,0.011869877609720329,0.013918937496628253,35.22725916788055,-2205.724648572941,-1804.7674530884678,-400.95719548447323,0.0,-1,1,-1,-0.19999999999999996,MeanReversion
2018-10-10 00:00:00+09:00,136185.625,136185.625,136185.625,0,139029.26953125,143523.65859375,0.010694681867587388,0.013882550066470834,38.271574160866365,-2166.1857005883066,-1877.0511025884357,-289.13459799987095,0.0,-1,1,-1,-0.19999999999999996,MeanReversion
2018-10-11 00:00:00+09:00,136185.625,136185.625,136185.625,0,138777.790625,143314.09270833334,0.010610767412806437,0.013777808766615563,32.432432432432435,-2110.5220154084673,-1923.7452851524422,-186.77673025602508,0.0,-1,1,-1,-0.19999999999999996,MeanReversion
2018-10-12 00:00:00+09:00,137346.328125,137346.328125,128157.66532790494,654013,138565.00234375,143081.95885416667,0.01081646554578064,0.013632805999361815,38.461665912449355,-1950.2676308327063,-1929.0497542884953,-21.217876544211094,0.008522948916231066,-1,1,-1,-0.19999999999999996,MeanReversion
2018-10-15 00:00:00+09:00,131542.953125,134444.63591452205,130575.72552849264,642772,138129.7515625,142788.56666666668,0.014208391743639037,0.014567842441898508,28.571527475951086,-2265.4342226228327,-1996.3266479553627,-269.1075746674701,-0.0422535868211803,-1,1,-1,-0.19999999999999996,MeanReversion
2018-10-16 00:00:00+09:00,129124.8671875,133961.00453534644,125739.57104400749,575704,137563.923046875,142454.873046875,0.014564623175207025,0.014718788784507133,21.524750086838907,-2679.438445135049,-2132.9490073913,-546.489437743749,-0.018382481767778125,-1,1,-1,-0.19999999999999996,MeanReversion
2018-10-17 00:00:00+09:00,125739.5625,130092.08581730768,125255.94879807692,5304519,136790.141015625,142103.44700520832,0.015192295424822642,0.014950430635014153,18.60472396967232,-3243.318612258474,-2355.022928364735,-888.2956838937389,-0.026217294632986943,-1,1,-1,-0.19999999999999996,MeanReversion
2018-10-18 00:00:00+09:00,120903.4296875,123805.112,119452.58853124999,880738,135842.2578125,141655.29791666666,0.0169264121396839,0.01562863701735533,16.21628554206052,-4033.9325446228904,-2690.8048516163662,-1343.1276930065242,-0.03846150500563417,-1,1,-1,-0.19999999999999996,MeanReversion
2018-10-19 00:00:00+09:00,123321.5,123321.5,119936.20392156864,1114452,134947.57265625,141244.22630208332,0.017600536436223314,0.015901997594645067,24.57918345789986,-4414.494175596454,-3035.542716412384,-1378.9514591840698,0.02000001421589115,-1,1,-1,-0.19999999999999996,MeanReversion
2018-10-22 00:00:00+09:00,124772.34375,125739.57122093023,121387.04760174418,324730,134144.77421875,140841.21484375,0.01806463043570153,0.015968685346209113,26.797427544093324,-4546.610548289755,-3337.7562827878583,-1208.8542655018964,0.011764726750809862,-1,1,-1,-0.19999999999999996,MeanReversion
2018-10-23 00:00:00+09:00,121387.0546875,125739.57856075697,119452.59963271912,822259,133201.728515625,140368.885546875,0.018679485204930252,0.01624175500668527,24.477664120941057,-4868.358850419376,-3643.876796314162,-1224.4820541052136,-0.027131726156262137,-1,1,-1,-0.19999999999999996,MeanReversion
2018-10-24 00:00:00+09:00,122837.890625,124772.34559547245,120419.82191190946,679196,132273.191015625,140014.235546875,0.01885495869323635,0.015706612284937742,32.119221593401306,-4949.224780430668,-3904.9463931374635,-1044.2783872932046,0.011952147131628177,-1,1,-1,-0.19999999999999996,MeanReversion
2018-10-25 00:00:00+09:00,115100.0703125,117034.52527573529,110263.93290441176,1529110,130957.7625,139527.39765625,0.022780726396481786,0.017640243754567856,22.97303285869249,-5573.44187553435,-4238.645489616841,-1334.7963859175097,-0.06299212948976829,-1,1,-1,-0.19999999999999996,MeanReversion
2018-10-26 00:00:00+09:00,109296.703125,115100.06789269911,106395.02074115044,1544405,129410.19921875,138927.71666666667,0.024579631185184525,0.018637585438597563,16.26218588615305,-6461.93251627899,-4683.302894949271,-1778.6296213297192,-0.05042018803067361,-1,-1,-1,-1.0,Defensive
2018-10-29 00:00:00+09:00,105911.40625,109780.3160673516,105427.79252283105,649910,127809.43828125,138271.6140625,0.024932655904048986,0.018942014165666893,14.988861776160007,-7354.455332916201,-5217.533382542657,-2136.921950373544,-0.030973458285638467,-1,-1,-1,-1.0,Defensive
2018-10-30 00:00:00+09:00,106878.625,108329.46606334842,100591.64705882354,939865,126228.02109375,137699.33776041667,0.02513556547067871,0.018784529741126054,16.849042931122852,-7892.756837883615,-5752.578073610849,-2140.178764272766,0.009132337906239352,-1,-1,-1,-1.0,Defensive
2018-10-31 00:00:00+09:00,110747.5390625,111231.1527701965,104944.17457014191,1016429,124869.066796875,137236.68059895834,0.027340518848640725,0.019383685562369232,23.541272794732947,-7915.925763138614,-6185.247611516403,-1730.6781516222109,0.03619913769006655,-1,-1,-1,-1.0,Defensive
2018-11-01 00:00:00+09:00,107845.8671875,112682.00472954035,106878.63967909192,805655,123597.1625,136686.97317708333,0.027048610387222737,0.019416766308294687,20.388333373850074,-8075.340475083285,-6563.266184229779,-1512.0742908535058,-0.02620077971540702,-1,-1,-1,-1.0,Defensive
2018-11-02 00:00:00+09:00,112681.9921875,114616.44698900214,107845.85518374463,1320415,122509.031640625,136217.86783854166,0.029409503764658392,0.02038860559575575,30.693039218304975,-7722.423620053218,-6795.097671394467,-927.3259486587503,0.04484293303137843,-1,-1,-1,-1.0,Defensive
2018-11-05 00:00:00+09:00,109780.3125,111714.76734581498,107845.85765418502,442640,121188.766015625,135690.72903645833,0.029186121984438797,0.020564098803050795,30.392139317082496,-7589.390006482048,-6953.956138411984,-635.4338680700639,-0.025751050644114315,-1,-1,-1,-1.0,Defensive
2018-11-06 00:00:00+09:00,113165.6171875,113649.23093616453,109780.3209468483,453810,120037.765625,135207.11536458333,0.030535282077796374,0.021009514308189384,37.25490599783942,-7128.619821274071,-6988.888874984403,-139.73094628966828,0.03083708372118177,-1,-1,-1,-1.0,Defensive
2018-11-07 00:00:00+09:00,111714.7734375,115100.06960227272,109780.3184862013,385827,118814.223046875,134670.30403645834,0.030465606922485945,0.020935615675691525,40.0,-6802.116530056737,-6951.53440599887,149.41787594213292,-0.012820534947431517,-1,-1,-1,-1.0,Defensive
2018-11-08 00:00:00+09:00,112681.9921875,116067.28809012876,111714.76478674893,404191,117639.04140625,134130.26848958334,0.030673372994593565,0.020941591177800253,38.043462801168246,-6391.635059387219,-6839.55453667654,447.91947728932064,0.008657930551513981,-1,-1,-1,-1.0,Defensive
2018-11-09 00:00:00+09:00,111231.15625,114132.83858695652,111231.15625,295733,116333.2828125,133472.55390625,0.03038601165138241,0.020223814899551575,34.782591136482154,-6112.929821718644,-6694.229593684961,581.2997719663172,-0.012875490655914645,-1,-1,-1,-1.0,Defensive
2018-11-12 00:00:00+09:00,111231.15625,112681.99741847826,110747.54252717391,260849,115317.69296875,132840.63177083334,0.029465708475349933,0.020222200383887824,37.6470362408592,-5824.9079993661435,-6520.365274821199,695.4572754550554,0.0,-1,-1,-1,-1.0,Defensive
2018-11-13 00:00:00+09:00,112198.3828125,113649.22396955818,110263.9279364224,435937,114471.36875,132276.41575520832,0.029599463795629707,0.02018455309128228,36.904745191700236,-5455.711483997467,-6307.434516656453,851.7230326589852,0.008695644234121724,-1,-1,-1,-1.0,Defensive
2018-11-14 00:00:00+09:00,111714.7734375,112682.00091314934,110263.93222402598,335405,113770.129296875,131697.69114583332,0.029242309057413443,0.02016339365150575,44.927529785038274,-5142.860130258516,-6074.519639376866,931.6595091183499,-0.004310306110277717,-1,-1,-1,-1.0,Defensive
2018-11-15 00:00:00+09:00,108813.0859375,112681.99565972223,107845.85850694445,576671,113165.612109375,131093.173828125,0.02860415554937765,0.02035075159920816,49.20634269410391,-5070.614224847552,-5873.738556471004,803.1243316234522,-0.025974071384778696,-1,-1,1,-0.5,Defensive
2018-11-16 00:00:00+09:00,108813.0859375,110747.54079861111,107845.85850694445,872059,112440.19140625,130472.53619791666,0.02802758329890991,0.020305476735596996,55.357144402529435,-4956.226530011641,-5690.236151179131,734.00962116749,0.0,-1,-1,1,-0.5,Defensive
2018-11-19 00:00:00+09:00,107845.8671875,110263.93595852017,106878.63967909192,697289,111593.867578125,129835.77825520834,0.02770984186377682,0.020301633940636585,51.78574364805935,-4887.282378444914,-5529.645396632289,642.363018187375,-0.008888809113965834,-1,-1,1,-0.5,Defensive
2018-11-20 00:00:00+09:00,104460.578125,108329.48842592593,103493.35054976853,693868,110747.54375,129168.391796875,0.027895034732467645,0.020584137657462555,38.18183153260188,-5047.622328745114,-5433.240783054855,385.6184543097406,-0.03139006761023455,-1,-1,-1,-1.0,Defensive
2018-11-21 00:00:00+09:00,103009.71875,103493.33245305164,101075.26393779342,525328,109756.13515625,128476.82434895834,0.027546188456318527,0.020601041496139345,40.38458730553715,-5231.460105148479,-5392.88464747358,161.42454232510136,-0.013889061319035223,-1,-1,-1,-1.0,Defensive
2018-11-22 00:00:00+09:00,105911.40625,107845.8611586758,103493.33761415526,504744,109296.701953125,127753.01549479166,0.02529711011360972,0.02044809267609639,35.416681390747485,-5084.4011253488425,-5331.187943048633,246.78681769979084,0.028169065358214063,-1,1,-1,-0.19999999999999996,MeanReversion
2018-11-23 00:00:00+09:00,110263.9375,111714.77878289473,105911.41365131579,691736,109345.063671875,127146.88606770833,0.024544872177769392,0.021221249915938534,50.98041451591241,-4564.031612681341,-5177.756676975176,613.7250642938343,0.04109596316496833,-1,1,1,0.30000000000000004,Trend
2018-11-26 00:00:00+09:00,119936.2109375,120419.82469128024,110747.54961567541,805023,110046.30390625,126666.49661458333,0.02969781308095923,0.02401046974839386,60.93750157758009,-3332.7455765437626,-4808.754456888893,1476.0088803451308,0.0877192820862216,-1,1,1,0.30000000000000004,Trend
2018-11-27 00:00:00+09:00,120903.4296875,125255.95315624999,118485.36109374999,637199,110747.544140625,126244.140234375,0.029693365402615354,0.023990487326511108,65.07936182324494,-2252.925726845744,-4297.5887108802635,2044.6629840345195,0.00806444311054677,-1,1,1,0.30000000000000004,Trend
2018-11-28 00:00:00+09:00,124772.34375,126223.18495639534,122354.27507267441,645902,111448.784375,125912.05872395834,0.029495019129812027,0.024381758871544243,68.11595220820378,-1072.607335608307,-3652.592435825872,2579.985100217565,0.03200003566896337,-1,1,1,0.30000000000000004,Trend
2018-11-29 00:00:00+09:00,126223.1796875,129608.47569444445,124772.33854166667,559552,112367.65,125610.60598958333,0.02849825588277219,0.024448894596637315,72.46376200841107,-19.89681372018822,-2926.0533114047357,2906.1564976845475,0.01162786474867361,-1,1,-1,-0.19999999999999996,MeanReversion
2018-11-30 00:00:00+09:00,122354.2578125,126706.78081768776,121870.64414525693,801837,112851.26328125,125225.326171875,0.028446227878867098,0.0246919551283922,64.93503932341116,496.4711870607716,-2241.5484117116343,2738.019598772406,-0.030651437276248084,-1,1,1,0.30000000000000004,Trend
2018-12-03 00:00:00+09:00,121870.6640625,126223.18777901786,120903.43656994047,486166,113455.780859375,124825.53854166667,0.027628110628153707,0.024681565363541134,63.15790480538809,856.7979405266378,-1621.8791412639798,2478.6770817906176,-0.003952406386552365,-1,1,1,0.30000000000000004,Trend
2018-12-04 00:00:00+09:00,119452.5859375,123321.4956034919,118485.35852100202,512742,113770.129296875,124382.22591145833,0.027512481201989132,0.02477215066759246,59.99998788418737,936.4460258286417,-1110.2141078454556,2046.6601336740973,-0.019841346919714176,-1,1,1,0.30000000000000004,Trend
2018-12-05 00:00:00+09:00,120903.4296875,122837.8845625,118968.97481249999,308805,114229.562109375,124024.3515625,0.027333049950589865,0.024677660468609103,66.23376323665718,1103.9134456427128,-667.388597147822,1771.3020427905349,0.01214577096521885,-1,1,1,0.30000000000000004,Trend
2018-12-06 00:00:00+09:00,116067.28125,119936.190625,115583.667578125,445309,114398.8265625,123605.21953125,0.029069359841647276,0.025155135272349954,58.62067300773833,836.7502844355913,-366.5608208311394,1203.3111052667307,-0.04000009304946961,-1,1,1,0.30000000000000004,Trend
2018-12-07 00:00:00+09:00,117034.5234375,119452.59210356405,115583.68223786158,565663,114688.994921875,123195.76002604167,0.028901775700110276,0.02518787232673859,60.91952358246025,695.0577225560992,-154.23711215369164,849.2948347097908,0.008333461222518324,-1,1,1,0.30000000000000004,Trend
2018-12-10 00:00:00+09:00,115100.0703125,117518.13901654411,113649.22909007352,376421,114882.440625,122776.62838541667,0.029217520599663864,0.025234863969169817,63.09521039281929,421.8087968948821,-39.02793034397689,460.836727238859,-0.016528910172672773,-1,1,1,0.30000000000000004,Trend
2018-12-11 00:00:00+09:00,118968.9765625,119452.59028836382,113649.22557799796,506349,115220.9703125,122418.75403645834,0.030021441510367765,0.025662141034050942,68.53931992831798,511.5486409278965,71.08738391039779,440.4612570174987,0.0336134134366366,-1,1,1,0.30000000000000004,Trend
2018-12-12 00:00:00+09:00,120419.8203125,121870.66152108433,118485.36536772088,490812,115656.22265625,122072.16432291667,0.03003758240276386,0.025712505791150007,67.4418530388046,691.7648447608371,195.22287608048566,496.5419686803515,0.012195143573735079,-1,1,1,0.30000000000000004,Trend
2018-12-13 00:00:00+09:00,119936.2109375,121387.05219884073,118968.98342993953,972556,116212.37890625,121740.08294270834,0.029266771104564472,0.025696887076066998,62.82050724453085,786.4979905586079,313.47789897611017,473.0200915824977,-0.004016028040442099,-1,1,1,0.30000000000000004,Trend
2018-12-14 00:00:00+09:00,119452.5859375,119936.19964574899,117518.13110450405,259268,116744.35390625,121377.37265625,0.02931603557852905,0.02564747324453037,49.152523345857105,813.1764040405251,413.4175999889932,399.7588040515319,-0.004032351832859105,-1,1,1,0.30000000000000004,Trend
2018-12-17 00:00:00+09:00,118001.75,119936.20491803279,116550.9088114754,294847,117252.148046875,120996.92994791667,0.029405463250120365,0.025676348775608523,45.00000942340348,709.0751272353082,472.5491054382562,236.52602179705195,-0.012145705562700004,-1,1,1,0.30000000000000004,Trend
2018-12-18 00:00:00+09:00,118001.75,119936.20491803279,116067.29508196721,342972,117929.206640625,120626.15963541667,0.0281666792433047,0.025678660850807253,36.53847109728184,619.4336695989186,501.92601827038874,117.5076513285299,0.0,-1,1,-1,-0.19999999999999996,MeanReversion
2018-12-19 00:00:00+09:00,123321.5,124288.7274509804,118485.36274509804,385472,118944.795703125,120324.70729166667,0.028970057526791625,0.02635020993296514,45.00000942340348,966.5102065550163,594.8428559273143,371.66735062770204,0.04508195853027597,-1,1,1,0.30000000000000004,Trend
2018-12-20 00:00:00+09:00,122837.890625,123805.11811023622,119452.59442667323,364624,119791.119921875,120015.19479166667,0.028754998339223087,0.026349327587101738,50.94343303248531,1188.8433813034644,713.6429610025443,475.2004203009201,-0.003921533349821371,-1,1,1,0.30000000000000004,Trend
2018-12-21 00:00:00+09:00,117518.125,122837.87551440329,117034.51131687243,507653,120153.829296875,119636.3640625,0.02986315731728367,0.02689098323800351,42.857128204628516,925.1191990545194,755.9382086129394,169.18099044157998,-0.04330720429936563,1,1,-1,0.5,Trend
2018-12-24 00:00:00+09:00,118968.9765625,120419.81774009146,117034.52165904471,278884,120105.467578125,119320.40325520834,0.02319783373583906,0.02690002878485349,49.18033655167738,823.6924663915997,769.4890601686716,54.20340622292815,0.012345768471884622,1,1,1,1.0,Trend
2018-12-26 00:00:00+09:00,115100.0703125,118001.75275735294,113649.22909007352,275517,119815.299609375,118930.28828125,0.024209011771182388,0.02717229797592419,40.90911093520763,426.2095708136185,700.833162297661,-274.62359148404255,-0.03252029530545286,1,1,-1,0.5,Trend
2018-12-27 00:00:00+09:00,118798.8203125,119283.71345663266,114919.67515943878,371637,119516.6234375,118611.49153645833,0.024218687655350186,0.027538626231452038,54.437032406452104,404.9912387133372,641.6647775807963,-236.67353886745911,0.0321350802823821,1,1,-1,0.5,Trend
2018-12-28 00:00:00+09:00,118313.9375,119283.72387295082,116859.25794057378,322665,119121.161328125,118361.99127604166,0.02399385778862129,0.027222690091548152,52.11132870667015,345.0717941765033,582.3461808999377,-237.27438672343442,-0.0040815456855928245,1,1,-1,0.5,Trend
2019-01-02 00:00:00+09:00,114434.796875,118313.94253177967,113465.01046080509,356120,118725.18828125,118028.49440104167,0.02413346524921033,0.027482913286188695,48.968359636699766,-15.253197060912498,462.8263053077677,-478.0795023686802,-0.03278684411124433,1,1,-1,0.5,Trend
2019-01-03 00:00:00+09:00,118313.9375,121223.29661885246,115404.57838114754,525020,118547.351953125,117730.63294270834,0.02548653847564204,0.027804419275307544,48.98455240736591,12.061839115587645,372.6734120693317,-360.61157295374403,0.03389826111403238,1,1,-1,0.5,Trend
2019-01-04 00:00:00+09:00,121708.203125,122193.09636454184,118798.843687749,520785,118660.1328125,117489.342578125,0.02592141141300336,0.028083226764206895,51.88375852964647,304.09267983374593,358.95726562221455,-54.86458578846862,0.028688637169226094,1,1,-1,0.5,Trend
2019-01-07 00:00:00+09:00,127526.9140625,128496.70048122623,123162.87517823193,502619,118991.30703125,117345.03072916667,0.027793387110759578,0.028774691045769938,59.60065026048758,993.5970009965968,485.885212697091,507.71178829950577,0.04780869972686985,1,1,1,1.0,Trend
2019-01-08 00:00:00+09:00,126072.2265625,129951.3719951923,125102.44020432692,376127,119491.554296875,117176.47408854167,0.026099548362099354,0.02880539327689801,58.171730619150985,1406.4404491897585,669.9962599956245,736.444189194134,-0.011406905833909464,1,1,1,1.0,Trend
2019-01-09 00:00:00+09:00,128981.6015625,130436.28127937029,125587.34888980263,381372,120088.908203125,117037.06197916667,0.026421308261119852,0.02894682761550665,63.08314009288574,1945.9523764158657,925.1874832796727,1020.764893136193,0.023077049397217442,1,1,1,1.0,Trend
2019-01-10 00:00:00+09:00,127042.015625,130436.26795085878,126072.2292461832,293112,120686.00546875,116962.04635416667,0.026358433473809288,0.02847792860538649,60.29609661703013,2191.7460067050706,1178.4991879647523,1013.2468187403183,-0.015037694632440646,1,1,1,1.0,Trend
2019-01-11 00:00:00+09:00,127042.015625,130436.26795085878,126557.1224355916,322925,121089.657421875,116927.33216145834,0.025525288682386172,0.028380022017884733,54.8216101638286,2359.342201299689,1414.6677906317398,944.6744106679491,0.0,1,1,1,1.0,Trend
2019-01-14 00:00:00+09:00,123162.875,126557.12746062993,121223.30216535433,525411,121226.81015625,116884.38736979167,0.026541065982868147,0.02845549531936399,50.38709626988756,2154.315555169538,1562.5973435392996,591.7182116302386,-0.03053431265173223,1,1,1,1.0,Trend
2019-01-15 00:00:00+09:00,128496.6953125,128496.6953125,123647.76341391509,335999,121654.834375,117010.941796875,0.028053548061654277,0.028516312675551353,63.072447557443596,2394.6214778006834,1729.0021703915763,665.619307409107,0.04330704615737502,1,1,1,1.0,Trend
2019-01-16 00:00:00+09:00,128496.6953125,130921.16126179245,127042.01574292453,272719,122107.03984375,117097.19505208333,0.028011305194322957,0.02840958048838546,61.750892049829915,2555.606215157837,1894.3229793448286,661.2832358130086,0.0,1,1,1,1.0,Trend
2019-01-17 00:00:00+09:00,131890.953125,133830.52596507352,127526.91423483456,407099,122801.5,117215.83854166667,0.028177705066976422,0.028564222480181704,70.95415602904366,2923.377145820472,2100.1338126399573,823.2433331805146,0.026415137013798384,1,1,-1,0.5,Trend
2019-01-18 00:00:00+09:00,133345.625,134315.41136363635,132375.83863636362,328761,123568.69375,117415.148046875,0.028170460720978115,0.02834617920847022,69.23077558650535,3294.244125447105,2338.9558752013872,955.2882502457178,0.011029352965713501,1,1,1,1.0,Trend
2019-01-21 00:00:00+09:00,127042.015625,133830.52027671755,127042.015625,457161,123754.71953125,117485.216796875,0.029183338778281727,0.029035070132782767,59.99999641960253,3044.4161493660067,2480.0479300343113,564.3682193316954,-0.047272712359329394,1,1,1,1.0,Trend
2019-01-22 00:00:00+09:00,126072.2265625,126557.11974158653,122677.97430889423,502285,123916.436328125,117668.08606770834,0.029231705515621736,0.027753524098824256,64.2856964750675,2736.625688483473,2531.3634817241436,205.26220675932927,-0.007633608910634804,1,1,1,1.0,Trend
2019-01-23 00:00:00+09:00,128496.6953125,130436.26807193396,126072.22936320755,259375,124465.36484375,117988.0859375,0.02740827153690793,0.026944116020431296,62.9629526490653,2657.697612994496,2556.630307978214,101.06730501628181,0.019230791873086073,1,1,1,1.0,Trend
2019-01-24 00:00:00+09:00,125587.3359375,128496.69507118726,123647.7631817085,562335,124796.2828125,118316.01809895833,0.028003060629162784,0.026782325227851417,54.99998086725318,2333.4865767795563,2512.0015617384825,-178.5149849589261,-0.02264151126941072,1,1,-1,0.5,Trend
2019-01-25 00:00:00+09:00,126072.2265625,127042.01292067308,123162.86748798077,281650,125344.890625,118635.91145833333,0.026708075720918566,0.026770138927697685,47.826076804169446,2091.56337516637,2427.91392442406,-336.3505492576901,0.0038609834453475766,1,1,-1,0.5,Trend
2019-01-28 00:00:00+09:00,128011.8046875,128496.69788707385,125587.33868963068,283360,125805.53984375,118923.64921875,0.026078191046429233,0.026475207930757107,52.857148775757565,2032.9111060943105,2348.9133607581102,-316.0022546637997,0.015384658285847452,1,1,-1,0.5,Trend
2019-01-29 00:00:00+09:00,131890.953125,132375.84633501837,126072.23460477941,411369,126484.390625,119324.40065104167,0.026640603729641308,0.026430645165623292,54.16665454552778,2273.239134102303,2333.778515426949,-60.539381324646,0.030303052495585847,1,1,-1,0.5,Trend
2019-01-30 00:00:00+09:00,131890.953125,135285.20559512867,128981.59386488971,462280,127357.1984375,119644.55,0.025084790686588566,0.025892253368075418,57.352950235871965,2435.624465058965,2354.147705353352,81.47675970561295,0.0,1,1,1,1.0,Trend
2019-01-31 00:00:00+09:00,131890.953125,139164.35127527575,131890.953125,1054276,128036.04921875,120013.06067708334,0.02434627974721406,0.02561953944104891,57.352950235871965,2535.0930352949945,2390.336771341681,144.75626395331346,0.0,1,1,1,1.0,Trend
2019-02-01 00:00:00+09:00,129466.484375,135770.09597378277,128981.59117509364,530284,128423.96328125,120284.741796875,0.024284947645444914,0.025513858395252994,59.99999504252522,2390.729387641797,2390.4152946017043,0.3140930400927573,-0.018382373411936825,1,1,1,1.0,Trend
2019-02-07 00:00:00+09:00,125102.4375,129951.3691860465,124617.54433139534,737938,128302.739453125,120507.86953125,0.023365164362925923,0.025875849037697348,44.44443876127474,1902.2500909033552,2292.7822538620344,-390.53216295867924,-0.03370792754640284,1,1,-1,0.5,Trend
2019-02-08 00:00:00+09:00,122193.0859375,125102.44512648809,120738.40634300595,704393,128108.782421875,120666.38776041666,0.02380218563336385,0.026066229597822253,40.57971623634175,1265.7753025367274,2087.380863596973,-821.6055610602457,-0.023255754409261642,1,1,-1,0.5,Trend
2019-02-11 00:00:00+09:00,121708.203125,124617.562562251,121223.30988545816,801465,127745.1125,120841.00520833333,0.02310162334150262,0.026008379714670696,33.33334185809443,714.0078188872576,1812.70625465503,-1098.6984357677725,-0.003968168974372355,1,1,-1,0.5,Trend
2019-02-12 00:00:00+09:00,119768.625,120253.51821862349,117829.05212550607,1160217,127381.44296875,120983.29635416667,0.02312798267654058,0.026106589587135052,28.12502045442301,118.85033518595446,1473.9350707612152,-1355.0847355752608,-0.015936297432704416,1,1,-1,0.5,Trend
2019-02-13 00:00:00+09:00,121223.296875,122677.9764375,119768.61731249999,373571,127090.50703125,121133.71158854167,0.02336529288007724,0.0261267639344288,38.888888888888886,-232.75335956789786,1132.5973846953925,-1365.3507442632904,0.012145684022004888,1,1,-1,0.5,Trend
2019-02-14 00:00:00+09:00,123647.7734375,126557.1328125,121223.30729166667,700427,127114.751953125,121332.594921875,0.022840923590342566,0.02622440381877138,45.61405988271748,-312.1683421007765,843.6442393361588,-1155.8125814369353,0.020000087648168963,1,1,-1,0.5,Trend
2019-02-15 00:00:00+09:00,123647.7734375,127042.02604166667,123647.7734375,420100,126872.305859375,121579.83971354166,0.020573178039535213,0.02596681896515986,40.38463802692528,-370.830583776391,600.7492747136489,-971.5798584900399,0.0,1,1,-1,0.5,Trend
2019-02-18 00:00:00+09:00,123162.875,127042.02066929133,121708.19537401575,533191,126605.61484375,121819.00286458334,0.02057260623269564,0.025977234944487428,44.680864921862984,-451.246396812523,390.3501404084145,-841.5965372209375,-0.0039216107497892505,1,1,-1,0.5,Trend
2019-02-19 00:00:00+09:00,122677.96875,124132.64822134387,121708.18243577075,218351,126144.965625,122066.20455729167,0.01947319047158601,0.0259494417103171,42.55318857188303,-547.7898099113518,202.72215034446128,-750.511960255813,-0.003937113760944633,1,1,-1,0.5,Trend
2019-02-20 00:00:00+09:00,123162.875,124132.66141732283,121708.19537401575,231753,125635.828125,122377.90950520833,0.01925836979079704,0.025562179091079294,38.636387770728064,-578.5046371550416,46.47679284456072,-624.9814299996023,0.003952675895605662,1,1,-1,0.5,Trend
2019-02-21 00:00:00+09:00,125102.4375,126072.2238372093,122677.97165697673,347083,125538.84921875,122746.121484375,0.016621959224535455,0.025519491734015354,32.49999194411147,-441.25338058349735,-51.0692418410509,-390.18413874244646,0.015747947585666555,1,1,-1,0.5,Trend
2019-02-22 00:00:00+09:00,123162.875,125587.34104330708,121223.30216535433,301395,125393.381640625,123033.64596354167,0.01688897039384893,0.025427063174830337,29.545464532099075,-483.41475072737376,-137.53834361831548,-345.8764071090583,-0.015503794640292279,1,1,-1,0.5,Trend
2019-02-25 00:00:00+09:00,122193.0859375,124617.5519283234,121708.19273933531,338113,125078.201171875,123232.46510416667,0.01625441385423157,0.02497108774622376,28.260876418055986,-588.3002536807908,-227.69072563081056,-360.6095280499802,-0.007874037225097275,1,1,-1,0.5,Trend
2019-02-26 00:00:00+09:00,127526.9140625,129951.38010931559,122193.0887595057,591643,125175.180078125,123358.97682291667,0.018404246073541793,0.023164234038514454,46.15385330404706,-238.2806662091898,-229.80871374648643,-8.47195246270337,0.043650817753536186,1,1,-1,0.5,Trend
2019-02-27 00:00:00+09:00,125587.3359375,129951.3746380309,125102.44274855213,322664,125150.935546875,123437.04192708334,0.018731689810757863,0.02324059210256429,51.06384072778656,-116.05752740711614,-207.05847647861236,91.00094907149622,-0.015209166937493857,1,1,1,1.0,Trend
2019-02-28 00:00:00+09:00,128981.6015625,131890.96099624058,126072.24212875939,584183,125199.425390625,123507.19622395834,0.01938888203264849,0.023140010812926066,64.5833361305161,251.79156313475687,-115.28846855593852,367.08003169069536,0.027027132948255206,1,1,1,1.0,Trend
2019-03-04 00:00:00+09:00,133830.515625,135285.19514266305,129951.37024456522,743644,125296.403515625,123633.98515625,0.02000733240024998,0.023571634891752027,71.92977298783646,923.9309574267099,92.55541664059116,831.3755407861188,0.037593842871848526,1,1,-1,0.5,Trend
2019-03-05 00:00:00+09:00,131406.03125,135770.06918819188,130921.13814575646,387063,125272.157421875,123784.848046875,0.020455072333864337,0.02333215498486503,70.68957279354818,1246.600607285931,323.3644547696591,923.2361525162718,-0.018116080354898534,1,1,-1,0.5,Trend
2019-03-06 00:00:00+09:00,133345.625,134800.30454545454,130436.2659090909,403724,125344.891015625,123976.09739583333,0.02072266249824085,0.023386195423286623,71.18638791323245,1639.9236166367482,586.6762871430769,1053.2473294936713,0.014760309945819117,1,1,-1,0.5,Trend
2019-03-07 00:00:00+09:00,134315.421875,135285.20831453067,132375.84899593864,254573,125587.337890625,124223.811328125,0.02026904080932833,0.023224969515558684,69.64280525231729,2006.7567949983786,870.6923887141373,1136.0644062842412,0.007272806100687701,1,1,1,1.0,Trend
2019-03-08 00:00:00+09:00,128981.6015625,131890.96099624058,127526.9218456297,304114,125781.29609375,124358.44752604167,0.020892000580194314,0.023821461470526106,58.20894409746704,1845.8027440566511,1065.7144597826402,780.0882842740109,-0.03971115332879571,1,1,1,1.0,Trend
2019-03-11 00:00:00+09:00,129466.484375,129466.484375,127042.01837546816,151479,126144.966015625,124581.767578125,0.020043250628068995,0.023178994932558775,59.701475309309956,1737.3444641842652,1200.0404606629652,537.3040035213,0.0037593176594650224,1,1,1,1.0,Trend
2019-03-12 00:00:00+09:00,126557.125,131406.05699233717,125587.33860153257,367651,126387.412109375,124740.47760416666,0.02080550601804705,0.0233772784616411,55.555565501098734,1400.4855829260196,1240.1294851155762,160.35609781044332,-0.022471911468400108,1,1,1,1.0,Trend
2019-03-13 00:00:00+09:00,126557.125,128011.80459770115,124132.65900383142,268047,126726.837109375,124931.428515625,0.02037900839653834,0.023258842895472375,54.92957107249124,1120.6048573484586,1216.2245595621528,-95.61970221369415,0.0,1,1,-1,0.5,Trend
2019-03-14 00:00:00+09:00,127042.015625,129466.48157204199,125102.44286736641,554454,127017.773046875,125065.97916666667,0.020263692008802608,0.0228915234076949,52.94118204559919,927.2353944902861,1158.4267265477795,-231.19133205749336,0.0038313972840327004,1,1,-1,0.5,Trend
2019-03-15 00:00:00+09:00,126557.125,128011.80459770115,125587.33860153257,907507,127163.240625,125168.267578125,0.01987733803750646,0.022853862750674435,55.38460546967565,726.4875843365589,1072.0388981055355,-345.55131376897657,-0.003816773707615684,1,1,-1,0.5,Trend
2019-03-18 00:00:00+09:00,128011.8046875,129466.48428622159,127042.01828835226,248810,127381.4421875,125302.86080729167,0.020006009148975573,0.022885299914501146,59.09090021389607,676.9702997792338,993.0251784402752,-316.05487866104147,0.011494253583115066,1,1,-1,0.5,Trend
2019-03-19 00:00:00+09:00,126557.125,128496.69779693487,126072.23180076628,200830,127551.1546875,125421.26979166667,0.020187206880562292,0.022933177659531734,48.27585919528336,514.4171211399662,897.3035669802135,-382.88644584024735,-0.011363637057153708,1,1,-1,0.5,Trend
2019-03-20 00:00:00+09:00,124617.5390625,127042.00480301556,122677.96647008754,371499,127648.133203125,125531.53294270833,0.020507459710258247,0.0229683437818839,48.27584578477115,226.47353464322805,763.1375605128164,-536.6640258695884,-0.015325774329181363,1,1,-1,0.5,Trend
2019-03-21 00:00:00+09:00,124132.6484375,127042.0073852539,123162.86212158203,399492,127696.621875,125633.71458333333,0.020518832225293108,0.02297647250783792,40.38458201702148,-40.3849209840555,602.4330642134421,-642.8179851974976,-0.0038910303368838717,1,1,-1,0.5,Trend
2019-03-22 00:00:00+09:00,123162.875,125587.34104330708,122193.08858267717,379311,127599.64375,125631.07083333333,0.02027139694393662,0.022287424415025098,25.000054926504674,-326.36267558111285,416.67391625453115,-743.036591835644,-0.007812396252773746,1,1,-1,0.5,Trend
2019-03-25 00:00:00+09:00,122193.0859375,124132.65873015873,121223.29954117062,279179,127551.154296875,125620.32408854166,0.020046115469695307,0.02230514386997552,26.829345928296263,-624.0621786063712,208.5266972823507,-832.5888758887219,-0.007874037225097275,1,1,-1,0.5,Trend
2019-03-26 00:00:00+09:00,122677.96875,123162.86190711462,121223.28927865613,452377,127575.3984375,125706.321484375,0.01998765470288192,0.021541810008148626,21.052584716334565,-811.5105998813524,4.519237849610079,-816.0298377309625,0.003968168974372244,1,1,-1,0.5,Trend
2019-03-27 00:00:00+09:00,119283.71875,122193.07774390244,118313.93241869919,429156,127163.238671875,125711.5671875,0.018252565255466802,0.02180276500298935,13.953398619928905,-1219.890296323225,-240.36266898495694,-979.527627338268,-0.02766796707334629,1,1,-1,0.5,Trend
2019-03-28 00:00:00+09:00,118313.9375,119283.72387295082,116859.25794057378,449545,126799.56875,125765.131640625,0.0180744323280952,0.021395140156682563,17.64695289802019,-1603.3054824662977,-512.9512316812252,-1090.3542507850725,-0.008130038702369058,1,1,-1,0.5,Trend
2019-03-29 00:00:00+09:00,120253.5078125,120738.4009891633,117829.04192918347,421477,126363.1640625,125789.37643229167,0.017309429619192667,0.02110567301209349,24.324272540541898,-1730.7071505844797,-756.5024154618761,-974.2047351226036,0.01639342205562211,1,1,-1,0.5,Trend
2019-04-01 00:00:00+09:00,120253.5078125,121708.18734248992,119768.6146358367,367014,125684.313671875,125821.70260416667,0.014516953691860473,0.02109817700136524,29.032204414327467,-1810.8001139182597,-967.3619551531528,-843.4381587651069,0.0,-1,1,-1,-0.19999999999999996,MeanReversion
2019-04-02 00:00:00+09:00,120738.40625,121708.19264558233,119768.61985441766,471744,125150.932421875,125926.76276041666,0.014326622421407866,0.020635750514238764,31.249974825287495,-1814.233755545385,-1136.7363152315993,-677.4974403137858,0.004032301812401551,-1,1,-1,-0.19999999999999996,MeanReversion
2019-04-03 00:00:00+09:00,118313.9375,119768.61705942624,117344.15112704919,958364,124399.348046875,125926.76276041666,0.014029549798492202,0.020366261911897596,24.999977622487776,-1989.6538165860547,-1307.3198155024904,-682.3340010835643,-0.02008034415312654,-1,1,-1,-0.19999999999999996,MeanReversion
2019-04-04 00:00:00+09:00,118798.8203125,119768.6066007653,117829.03402423469,361821,123623.51796875,125878.273046875,0.013889982889695373,0.02003354487498458,27.7777106452111,-2065.736958380483,-1459.0032440780892,-606.7337143023938,0.004098272973968031,-1,1,-1,-0.19999999999999996,MeanReversion
2019-04-05 00:00:00+09:00,119283.71875,119768.61191565041,118313.93241869919,365838,123138.623828125,125740.88645833333,0.01144399488382765,0.019067308949479687,23.529358802001468,-2063.1237387506844,-1579.8273430126085,-483.29639573807594,0.004081677210467927,-1,1,-1,-0.19999999999999996,MeanReversion
2019-04-08 00:00:00+09:00,117829.0390625,119283.71855709876,117344.14589763375,393376,122556.7515625,125603.5,0.01144031781049616,0.01907493007879219,23.529358802001468,-2153.6077868897264,-1694.5834317880322,-459.02435510169425,-0.012195123548661146,-1,1,-1,-0.19999999999999996,MeanReversion
2019-04-09 00:00:00+09:00,117829.0390625,118798.82539223251,117344.14589763375,423498,122120.347265625,125417.62395833334,0.010658344079729097,0.01881520722760251,26.666634443008704,-2199.957308515586,-1795.658207133543,-404.2991013820431,0.0,-1,1,-1,-0.19999999999999996,MeanReversion
2019-04-10 00:00:00+09:00,118313.9375,118798.83068647541,117344.15112704919,459206,121708.187890625,125272.15598958333,0.010769780774499315,0.018742622913771524,29.999994629393214,-2172.518940888942,-1871.030353884623,-301.4885870043188,0.0041152710856176,-1,1,-1,-0.19999999999999996,MeanReversion
2019-04-11 00:00:00+09:00,117829.0390625,119283.71855709876,117344.14589763375,615217,121247.5390625,125118.60638020834,0.010636225349954462,0.018745715989450008,31.03443869543308,-2164.944950544552,-1929.813273216609,-235.13167732794273,-0.004098405037867958,-1,1,-1,-0.19999999999999996,MeanReversion
2019-04-12 00:00:00+09:00,115889.4765625,118313.94259937239,115889.4765625,953216,120714.156640625,124997.38307291667,0.011016726598189789,0.018447943259790447,29.032241298840887,-2289.0621096702234,-2001.6630405073322,-287.39906916289124,-0.01646081912771269,-1,1,-1,-0.19999999999999996,MeanReversion
2019-04-15 00:00:00+09:00,115889.4765625,116374.36976987448,114434.79694037657,596131,120108.040234375,124787.26276041666,0.010433280974173498,0.017546988745461473,26.666698890272713,-2360.2187202710193,-2073.37417646007,-286.8445438109493,0.0,-1,1,-1,-0.19999999999999996,MeanReversion
2019-04-16 00:00:00+09:00,115889.4765625,116859.26297724896,115404.58335512552,973625,119574.6578125,124577.14244791666,0.010373972556151212,0.017546988745461473,34.78264828987233,-2389.071122077672,-2136.51356558359,-252.55755649408184,0.0,-1,1,-1,-0.19999999999999996,MeanReversion
2019-04-17 00:00:00+09:00,115889.4765625,116374.36976987448,115404.58335512552,639441,119138.2546875,124310.451171875,0.010079444180041383,0.01716572883101998,38.09526366951487,-2384.450398455214,-2186.100932157915,-198.34946629729893,0.0,-1,1,-1,-0.19999999999999996,MeanReversion
2019-04-18 00:00:00+09:00,114434.796875,116374.36970338984,113465.01046080509,776721,118653.362109375,123995.270703125,0.010278858710296603,0.01713025005987236,20.00004833537014,-2469.699773554952,-2242.8207004373226,-226.87907311762956,-0.012552301819358735,-1,1,-1,-0.19999999999999996,MeanReversion
2019-04-19 00:00:00+09:00,114434.796875,115404.58328919492,113949.90366790254,247009,118216.958203125,123785.150390625,0.010276837030753586,0.016038059072742694,20.00004833537014,-2508.345867737866,-2295.925733897431,-212.42013384043457,0.0,-1,1,-1,-0.19999999999999996,MeanReversion
2019-04-22 00:00:00+09:00,114434.796875,115889.47649629238,113949.90366790254,531346,117829.04375,123591.19322916666,0.010257584022278438,0.01602061068063864,15.789478147312721,-2510.039008562235,-2338.7483888303923,-171.29061973184253,0.0,-1,1,-1,-0.19999999999999996,MeanReversion
2019-04-23 00:00:00+09:00,116859.265625,117344.158843361,115404.58596991701,815629,117538.10859375,123397.23606770833,0.011516772421111586,0.016064366441395854,42.10530332581449,-2289.3561957202182,-2328.8699502083577,39.51375448813951,0.021186464399008953,-1,1,-1,-0.19999999999999996,MeanReversion
2019-04-24 00:00:00+09:00,117344.15625,118798.8358729339,115889.47662706612,906235,117441.13046875,123259.84973958334,0.009879821663990932,0.015833781313103715,42.105352419862946,-2051.6862931149954,-2273.4332187896853,221.74692567468992,0.004149355401188437,-1,1,-1,-0.19999999999999996,MeanReversion
2019-04-25 00:00:00+09:00,116859.265625,118313.94528008299,116374.37240663901,720472,117368.396875,123106.300390625,0.009762708408404486,0.01582475478379088,36.84217220969082,-1880.7773732036003,-2194.9020496724684,314.1246764688681,-0.004132209395813047,-1,1,-1,-0.19999999999999996,MeanReversion
2019-04-26 00:00:00+09:00,114434.796875,116859.26291048729,113949.90366790254,544042,117077.461328125,122880.01692708333,0.009922575490584437,0.015874432805556473,33.333384481886895,-1918.8459274245542,-2139.690825222886,220.84489779833166,-0.020746910713781874,-1,1,-1,-0.19999999999999996,MeanReversion
2019-04-29 00:00:00+09:00,116374.3671875,116374.3671875,113465.0080078125,429353,116883.504296875,122621.40716145834,0.010815206425413015,0.015517920184662025,44.00003093465184,-1772.080970020179,-2066.1688541823446,294.08788416216566,0.01694913055701619,-1,1,-1,-0.19999999999999996,MeanReversion
2019-04-30 00:00:00+09:00,115889.4765625,116374.36976987448,113949.9037330021,569162,116641.0578125,122354.71588541666,0.01074439086741323,0.015517768901129174,40.00001288944657,-1675.5802587202343,-1988.0511350899226,312.4708763696883,-0.004166644568891709,-1,1,-1,-0.19999999999999996,MeanReversion
2019-05-02 00:00:00+09:00,118313.9375,120253.51024590165,114919.68519467213,691901,116641.0578125,122128.43229166667,0.010989506687237567,0.01579426441085967,51.72415900475632,-1387.4750652946677,-1867.9359211308717,480.460855836204,0.020920458090018856,-1,1,1,0.30000000000000004,Trend
2019-05-03 00:00:00+09:00,120253.5078125,120738.4009891633,117829.04192918347,705503,116713.7921875,121974.88268229166,0.011550544130983815,0.015808230135912253,65.51722796876754,-991.2163838040578,-1692.592013665509,701.3756298614512,0.01639342205562211,-1,1,1,0.30000000000000004,Trend
2019-05-07 00:00:00+09:00,120253.5078125,121708.18734248992,117829.04192918347,696627,116762.281640625,121894.0671875,0.011522111244146375,0.015200993287368627,65.51722796876754,-669.4613896583614,-1487.9658888640795,818.504499205718,0.0,-1,1,1,0.30000000000000004,Trend
2019-05-08 00:00:00+09:00,119768.625,120253.51821862349,118313.94534412955,317483,116859.2609375,121853.65950520833,0.01118772966675488,0.014909407404767044,63.33336376677173,-448.4250643059495,-1280.0577239524537,831.6326596465042,-0.004032171878561974,-1,1,1,0.30000000000000004,Trend
2019-05-09 00:00:00+09:00,115404.578125,120253.5099789916,115404.578125,799208,116738.037890625,121748.59908854167,0.014044257925352554,0.015642514127683686,48.717933887882474,-618.2672944223596,-1147.699638046435,529.4323436240754,-0.036437312985767356,-1,1,1,0.30000000000000004,Trend
2019-05-10 00:00:00+09:00,118798.8203125,119283.71345663266,116374.35459183673,474352,116762.28203125,121732.43567708334,0.015545798421530033,0.01597924707929183,60.465091880432354,-473.5230290500622,-1012.8643162471606,539.3412871970984,0.02941167709849024,-1,1,1,0.30000000000000004,Trend
2019-05-13 00:00:00+09:00,118798.8203125,120253.49974489796,117829.03402423469,343827,116810.77109375,121692.027734375,0.015512942215286147,0.015898724695164096,60.465091880432354,-354.723128498561,-881.2360786974407,526.5129501988797,0.0,-1,1,1,0.30000000000000004,Trend
2019-05-14 00:00:00+09:00,118313.9375,119768.61705942624,115889.47156762295,532037,116931.994140625,121603.13046875,0.015035994623651138,0.01568350800809063,59.09091241979792,-296.2839649211819,-764.245655942189,467.96169102100714,-0.0040815456855928245,-1,1,1,0.30000000000000004,Trend
2019-05-15 00:00:00+09:00,116374.3671875,119283.72636718751,116374.3671875,460936,116956.238671875,121481.90703125,0.015541660638290008,0.015815000915150392,48.83719448885605,-401.84539770333504,-691.7656042944183,289.92020659108323,-0.01639342205562211,-1,1,1,0.30000000000000004,Trend
2019-05-16 00:00:00+09:00,115404.578125,117344.15086659664,114434.79175420168,484468,116931.99375,121352.60208333333,0.01565977369068572,0.015839251112023747,45.454525481212514,-557.3328796813439,-664.8790593718035,107.54617969045955,-0.008333356270264325,-1,1,1,0.30000000000000004,Trend
2019-05-17 00:00:00+09:00,117344.15625,119768.62228822315,114919.69021177686,439545,117004.727734375,121263.70520833334,0.01610856698390802,0.015998878588762207,51.06382541100554,-518.07800368483,-635.5188482344088,117.44084454957874,0.016806769337167404,-1,1,1,0.30000000000000004,Trend
2019-05-20 00:00:00+09:00,114919.6875,117829.04667721518,114434.79430379746,449916,117028.972265625,121126.31875,0.016564757282201466,0.016195388533080387,51.06382541100554,-674.8236506541143,-643.3798087183499,-31.443841935764453,-0.02066118013439633,-1,1,-1,-0.19999999999999996,MeanReversion
2019-05-21 00:00:00+09:00,111040.53125,115889.4627456332,110070.74495087337,603105,116859.258984375,120891.95364583333,0.018278705410209067,0.016597495178771085,39.21565839941543,-1099.3881330300064,-734.5814735806812,-364.80665944932525,-0.03375536719937566,-1,1,-1,-0.19999999999999996,MeanReversion
2019-05-22 00:00:00+09:00,109585.8671875,111525.44005807523,107646.29431692479,567069,116616.8125,120665.67018229167,0.018458493304245493,0.01656649250095519,37.735840452930404,-1535.537061438139,-894.7725911521727,-640.7644702859664,-0.013100298117494802,-1,1,-1,-0.19999999999999996,MeanReversion
2019-05-23 00:00:00+09:00,109585.8671875,110555.65362278762,106676.50788163717,545497,116253.142578125,120455.54986979166,0.01765356188439553,0.016549727529399722,31.249997902107992,-1859.7501869836706,-1087.7681103184723,-771.9820766651983,0.0,-1,1,-1,-0.19999999999999996,MeanReversion
2019-05-24 00:00:00+09:00,110070.7578125,111525.4374311674,109100.97140005506,408081,115889.47265625,120164.61393229167,0.01765967954495393,0.015508481114227247,26.666659505861475,-2053.8888515907747,-1280.9922585729328,-772.896593017842,0.004424755102502065,-1,1,-1,-0.19999999999999996,MeanReversion
2019-05-27 00:00:00+09:00,107161.3828125,109585.84848699094,106191.59654270361,369902,115404.578515625,119857.51471354166,0.018432364143229622,0.015738605913390144,23.529387606298386,-2414.6725477747823,-1507.7283164133028,-906.9442313614795,-0.026431861266513423,-1,1,-1,-0.19999999999999996,MeanReversion
2019-05-28 00:00:00+09:00,105221.8125,109100.95766129033,105221.8125,1490526,114943.929296875,119461.51822916667,0.01831364002381194,0.015385246336844564,22.22219238556599,-2824.5437586280605,-1771.0914048562543,-1053.4523537718062,-0.018099526728706516,-1,1,-1,-0.19999999999999996,MeanReversion
2019-05-29 00:00:00+09:00,106191.6015625,107646.2810359589,105221.81524686073,515196,114434.791015625,119000.86966145833,0.017928384386478518,0.014547914075348176,29.787217996398496,-3036.117303357809,-2024.0965845565652,-1012.0207188012437,0.009216616207784911,-1,1,-1,-0.19999999999999996,MeanReversion
2019-05-30 00:00:00+09:00,108616.078125,110555.65094866072,106191.6120954241,378379,114071.12109375,118621.037109375,0.018929851340744465,0.01481493505120478,26.666719179144053,-2973.874886939695,-2214.0522450331914,-759.8226419065036,0.02283115168079508,-1,1,-1,-0.19999999999999996,MeanReversion
2019-05-31 00:00:00+09:00,108131.1953125,109100.98181754485,106676.51555493275,310649,113561.983984375,118200.79661458333,0.01807132265944691,0.014629460918624437,26.087020481588425,-2929.899259268088,-2357.2216478801706,-572.6776113879173,-0.004464190024813575,-1,1,-1,-0.19999999999999996,MeanReversion
2019-06-03 00:00:00+09:00,111525.4296875,111525.4296875,108616.07065217392,391824,113125.580078125,117820.96341145833,0.019217362021203117,0.015230422296548406,36.53845498410664,-2591.2911192488245,-2404.0355421539016,-187.25557709492296,0.03138996443339637,-1,1,-1,-0.19999999999999996,MeanReversion
2019-06-04 00:00:00+09:00,107646.2734375,111040.52530264639,107161.38031390765,531826,112495.218359375,117465.374609375,0.020443399588606817,0.015030258018793952,33.928548822746166,-2605.9178201539617,-2444.4119977539135,-161.50582240004815,-0.0347827061583138,-1,-1,-1,-1.0,Defensive
2019-06-05 00:00:00+09:00,107161.3828125,109100.95535209276,106191.59654270361,471689,111864.85625,117093.62291666666,0.02044184626699703,0.015005053946198589,34.54543803419742,-2626.3611505479785,-2480.8018283127267,-145.55932223525178,-0.004504481293368001,-1,-1,-1,-1.0,Defensive
2019-06-07 00:00:00+09:00,107646.2734375,108616.05968468467,106676.48719031531,386800,111476.941015625,116778.44205729167,0.01913740543805964,0.014813584333006434,30.76919263480228,-2573.7672296253586,-2499.3949085752533,-74.37232105010526,0.004524863456161432,-1,1,-1,-0.19999999999999996,MeanReversion
2019-06-10 00:00:00+09:00,110555.6640625,111040.55732593202,107646.3044819079,464590,111064.783203125,116511.75104166666,0.01893631553586806,0.015288370746854475,41.50947296550042,-2271.142344519307,-2453.7443957640644,182.6020512447576,0.027027323214204868,-1,1,-1,-0.19999999999999996,MeanReversion
2019-06-11 00:00:00+09:00,109585.8671875,111040.54684043142,109100.9739698562,423258,110604.135546875,116220.815234375,0.018950745460862173,0.015290263344098904,46.808548565520596,-2085.5238251966803,-2380.1002816505875,294.5764564539072,-0.008772023425699382,-1,1,1,0.30000000000000004,Trend
2019-06-12 00:00:00+09:00,110555.6640625,111040.55732593202,108616.09100877194,354664,110216.221875,115954.12421875,0.01916713521829708,0.015358061498799098,52.17393131768251,-1838.9668433889601,-2271.873593998262,432.906750609302,0.008849652787258577,-1,1,1,0.30000000000000004,Trend
2019-06-13 00:00:00+09:00,109585.8671875,112010.33327571904,108616.0807522124,551067,109876.796875,115647.02526041666,0.018965320751904574,0.015274507636691666,50.0,-1702.2012454668147,-2157.939124291973,455.7378788251581,-0.008772023425699382,-1,1,1,0.30000000000000004,Trend
2019-06-14 00:00:00+09:00,108131.1953125,109585.87507006727,107161.40880745517,553083,109513.127734375,115339.92643229167,0.019072247335570936,0.015295506975446047,46.00003093457209,-1691.6926075452648,-2064.6898209426313,372.9972133973665,-0.013274265307506083,-1,1,1,0.30000000000000004,Trend
2019-06-17 00:00:00+09:00,107161.3828125,108131.16908229637,106676.4896776018,475346,109003.9890625,115048.99049479167,0.01851673941109573,0.0152264814645253,50.0,-1741.5447560962493,-2000.060807973355,258.5160518771056,-0.008968850267466633,-1,1,1,0.30000000000000004,Trend
2019-06-18 00:00:00+09:00,105706.71875,106676.50516055046,103282.25272362385,791946,108543.340625,114741.89166666666,0.018250161681342216,0.015293605264160638,51.11113816294497,-1876.7976209883782,-1975.4081705763597,98.6105495879815,-0.013574517464422953,-1,1,1,0.30000000000000004,Trend
2019-06-19 00:00:00+09:00,106676.5078125,106676.5078125,103767.14850852272,483689,108325.139453125,114467.11888020833,0.017016039312014463,0.015353338918525005,51.11113816294497,-1884.0148677444522,-1957.1295100099783,73.11464226552607,0.009174337014410394,-1,1,1,0.30000000000000004,Trend
2019-06-20 00:00:00+09:00,108131.1953125,108616.08856502242,105706.7290498879,282163,108252.405859375,114232.75403645834,0.017140855966727177,0.015472124529845567,48.83723718637815,-1752.1557036046725,-1916.1347487289172,163.97904512424475,0.013636437204682661,-1,1,1,0.30000000000000004,Trend
2019-06-21 00:00:00+09:00,109585.8671875,111525.44005807523,108131.18753456858,555965,108252.405859375,114014.55234375,0.017426345079917714,0.015581141746930939,53.33330707714165,-1512.837454451248,-1835.4752898733836,322.6378354221356,0.013452841900027046,-1,1,1,0.30000000000000004,Trend
2019-06-24 00:00:00+09:00,110070.7578125,110070.7578125,108616.0781938326,254210,108252.405859375,113861.00299479166,0.017426345079917714,0.015216167455511465,46.15388111027201,-1269.4163552062528,-1722.2635029399576,452.8471477337048,0.004424755102502065,-1,1,1,0.30000000000000004,Trend
2019-06-25 00:00:00+09:00,111040.53125,112495.21069868996,109585.85180131005,473961,108446.36328125,113739.77955729167,0.016328900374098475,0.01524449098940644,60.606045811067794,-986.8746914934163,-1575.1857406506494,588.3110491572331,0.00881045480900533,-1,1,1,0.30000000000000004,Trend
2019-06-26 00:00:00+09:00,112010.328125,112980.11451569265,110555.64853896105,300077,108785.7890625,113602.39322916667,0.01568741444266533,0.015129686138810501,64.70586841545342,-676.9009912455513,-1395.52879076963,718.6277995240787,0.008733719697509024,-1,1,1,0.30000000000000004,Trend
2019-06-27 00:00:00+09:00,111525.4296875,112495.2160326087,109585.85699728261,375582,109052.48046875,113456.92526041667,0.01570418994165641,0.01513430044008963,61.76468915737557,-465.0114890143741,-1209.4253304185788,744.4138414042047,-0.004329051129632111,-1,1,1,0.30000000000000004,Trend
2019-06-28 00:00:00+09:00,110555.6640625,112010.34385279605,109100.98427220395,267404,109149.459765625,113287.212890625,0.01514300738254533,0.015148474349498026,50.0,-371.0621398131334,-1041.7526922974898,670.6905524843564,-0.008695466385714279,-1,1,1,0.30000000000000004,Trend
2019-07-01 00:00:00+09:00,111040.53125,112010.31754912664,110555.63810043668,306736,109294.9265625,113165.989453125,0.015107429049890164,0.014962706502502195,55.172365898281086,-254.54760750659625,-884.3116753393111,629.7640678327149,0.004385729049810605,-1,1,1,0.30000000000000004,Trend
2019-07-02 00:00:00+09:00,111525.4296875,112010.32286005435,108616.07065217392,273980,109294.9265625,113044.76627604167,0.013446619337636242,0.014964305703996407,53.57135869871692,-121.67910874784866,-731.7851620210187,610.10605327317,0.004366859848754512,-1,1,1,0.30000000000000004,Trend
2019-07-03 00:00:00+09:00,113949.8984375,114919.68480718085,111525.43251329787,408701,109610.1078125,112955.86927083334,0.011431044365340749,0.015232363924968456,64.51613573853513,177.21171345628682,-549.9857869255576,727.1975003818444,0.021739156323302034,-1,1,1,0.30000000000000004,Trend
2019-07-04 00:00:00+09:00,114434.796875,115889.47649629238,112495.22404661018,355658,109973.778515625,112899.29856770833,0.011301282967325322,0.015169988604692375,72.41378927186248,448.04728468792746,-350.3791726028606,798.426457290788,0.0042553652451560176,-1,1,-1,-0.19999999999999996,MeanReversion
2019-07-05 00:00:00+09:00,117344.15625,117829.04945764464,114919.69021177686,409700,110458.67265625,112891.2171875,0.012312092541556031,0.01552572936869643,81.81832385094496,887.2200922376505,-102.85931963475835,990.0794118724089,0.02542372997068343,-1,1,-1,-0.19999999999999996,MeanReversion
2019-07-08 00:00:00+09:00,114919.6875,117344.15348101266,114434.79430379746,306897,110676.873828125,112834.64635416666,0.012358530611646452,0.015745334887776984,77.1428952851286,1027.785666902113,123.26967767261593,904.5159892294971,-0.02066118013439633,-1,1,-1,-0.19999999999999996,MeanReversion
2019-07-09 00:00:00+09:00,112010.328125,116374.36688311689,111525.43492965368,460058,110798.096875,112737.66783854166,0.013635934263619068,0.016071377840261393,64.10257363618601,894.1170853212534,277.43915920234343,616.6779261189099,-0.025316457417272398,-1,1,1,0.30000000000000004,Trend
2019-07-10 00:00:00+09:00,112010.328125,115404.58049242424,112010.328125,267438,110870.830078125,112673.01536458333,0.013515303746613326,0.015937910533329963,61.1110986791432,779.2016201474034,377.79165139135546,401.409968756048,0.0,-1,1,1,0.30000000000000004,Trend
2019-07-11 00:00:00+09:00,113465.0,114434.78632478633,112010.32051282052,293389,111064.78671875,112632.607421875,0.013586977124204865,0.01603247087272689,61.1110986791432,796.3305463485303,461.4994303827905,334.83111596573985,0.012986944144799173,-1,1,1,0.30000000000000004,Trend
2019-07-12 00:00:00+09:00,113465.0,114919.67948717948,112980.10683760683,160685,111331.476953125,112592.19947916667,0.01312595919565622,0.01603247087272689,59.999990793240585,800.6756532428844,529.3346749548093,271.3409782880751,0.0,-1,1,1,0.30000000000000004,Trend
2019-07-15 00:00:00+09:00,114434.796875,116374.36970338984,112980.11725370763,263893,111695.14765625,112567.95481770833,0.012906721061196875,0.01607323882915469,60.000046033733526,872.3181440775952,597.9313687793665,274.3867752982287,0.008547101529105872,-1,1,1,0.30000000000000004,Trend
2019-07-16 00:00:00+09:00,116374.3671875,116859.26038411459,113949.9012044271,391260,112228.530078125,112600.28098958333,0.01259532965251292,0.016136840790879903,62.16217981572435,1073.2309108959162,692.9912772026764,380.23963369323974,0.01694913055701619,-1,1,1,0.30000000000000004,Trend
2019-07-17 00:00:00+09:00,115404.578125,116374.36449579832,114434.79175420168,205316,112664.93359375,112616.44401041667,0.012883638951737941,0.016175420399397667,60.526339220790014,1141.0485561422247,782.6027329905861,358.4458231516386,-0.008333356270264325,1,1,1,1.0,Trend
2019-07-18 00:00:00+09:00,116859.265625,118313.94528008299,114919.69275155602,267715,113101.337109375,112656.85182291667,0.012845621007125397,0.01625421949817436,66.66663912513783,1297.2220838293142,885.5266031583317,411.69548067098253,0.012605110851186208,1,1,1,1.0,Trend
2019-07-19 00:00:00+09:00,118798.8203125,119283.71345663266,117344.14088010204,445122,113561.984765625,112689.177734375,0.01298390986737523,0.016167565322051738,69.04760534711889,1559.5194143951958,1020.3251654057046,539.1942489894911,0.01659735475083335,1,1,1,1.0,Trend
2019-07-22 00:00:00+09:00,117344.15625,118798.8358729339,116859.26304235538,346897,113925.6546875,112689.177734375,0.013487703132425805,0.016240345872103868,63.636390267444966,1631.209142309861,1142.501960786536,488.70718152332483,-0.012244768581653465,1,1,1,1.0,Trend
2019-07-23 00:00:00+09:00,118798.8203125,119283.71345663266,118313.92716836734,358255,114313.569140625,112721.50364583333,0.013587832159517334,0.016308108720584993,61.904754597814474,1784.8286077152297,1270.967290172275,513.8613175429548,0.012396561609773427,1,1,1,1.0,Trend
2019-07-24 00:00:00+09:00,119768.625,120738.41143724696,118798.83856275304,606769,114701.483984375,112810.40078125,0.013576764762705362,0.0160970574228553,62.790715102010225,1962.2091484719858,1409.2156618322172,552.9934866397687,0.008163420183373349,1,1,1,1.0,Trend
2019-07-25 00:00:00+09:00,129951.375,130436.2681902985,121223.29757462686,1635774,115622.78125,113036.68424479167,0.022001153677396645,0.01908735316593047,72.41380459819925,2891.120294096545,1705.5965882850828,1185.5237058114622,0.08502017953366336,1,1,-1,0.5,Trend
2019-07-26 00:00:00+09:00,136739.875,137709.66134751774,132375.8364361702,1440686,116931.991796875,113384.19088541667,0.02364592621413195,0.020091935810829797,83.58211252296535,4127.4852054081275,2189.974311709692,1937.5108936984357,0.05223877007842348,1,1,-1,0.5,Trend
2019-07-29 00:00:00+09:00,134315.421875,136739.8879738267,132860.74221570397,583629,118095.736328125,113650.88229166667,0.02446570313263687,0.020125383066291726,84.84854402871613,4855.706636431074,2723.1207766539683,2132.5858597771057,-0.01773040325654829,1,1,-1,0.5,Trend
2019-07-30 00:00:00+09:00,134315.421875,136254.99475406136,132375.84899593864,364674,119235.2359375,113885.24752604167,0.02453335499956893,0.020040964582467218,84.84854402871613,5370.914804481174,3252.6795822194094,2118.235222261764,0.0,1,1,-1,0.5,Trend
2019-07-31 00:00:00+09:00,133830.515625,135285.19514266305,131890.94293478262,361525,120229.266796875,114111.53098958333,0.02451848013634082,0.020052038471191542,82.81252753482794,5674.678941221486,3737.079454019825,1937.5994872016608,-0.003610205315449755,1,1,-1,0.5,Trend
2019-08-01 00:00:00+09:00,136255.0,137224.78647686832,134315.42704626336,460049,121320.276953125,114386.30390625,0.024598288220259702,0.02014460523361499,84.0580062093469,6041.408241331752,4197.945211482211,1843.4630298495413,0.018116080354898534,1,1,-1,0.5,Trend
2019-08-02 00:00:00+09:00,137709.6875,138194.58076584508,134315.4346390845,484009,122338.553515625,114758.05572916666,0.0243020850857463,0.019499828111729213,84.28574782456184,6375.927257186428,4633.541620623054,1742.3856365633737,0.01067621371692784,1,1,-1,0.5,Trend
2019-08-05 00:00:00+09:00,133830.515625,137709.66100543478,131406.04976222827,733982,123284.094921875,115008.583984375,0.024838437552545025,0.019612496492946187,74.32430108051298,6255.9050572755805,4958.014307953559,1297.8907493220213,-0.028169201059293658,1,1,-1,0.5,Trend
2019-08-06 00:00:00+09:00,134315.421875,135770.10153429603,128011.81001805054,610095,124399.349609375,115267.19401041667,0.023607555600018138,0.019611847976923422,76.71231818516895,6129.260184897852,5192.263483342418,936.9967015554339,0.0036232861222678103,1,1,-1,0.5,Trend
2019-08-07 00:00:00+09:00,133345.625,135285.19772727272,131890.94545454546,336416,125466.114453125,115517.72213541667,0.023808997665858724,0.01963280945774544,73.61107505851709,5882.825161697081,5330.375819013351,552.4493426837298,-0.00722029430025195,1,1,-1,0.5,Trend
2019-08-08 00:00:00+09:00,135770.09375,137709.66651785714,132375.84140625,496443,126581.369140625,115840.98424479166,0.023883684050791023,0.019586924461619255,73.97258218051407,5816.113460765453,5427.523347363772,388.59011340168126,0.018181839486672402,1,1,-1,0.5,Trend
2019-08-09 00:00:00+09:00,138194.5625,140619.0285087719,136254.98969298246,368133,127817.847265625,116220.81731770834,0.023861592974067584,0.019629269560055673,78.66660766180937,5890.9708778615895,5520.212853463336,370.75802439825384,0.017857163407902554,1,1,-1,0.5,Trend
2019-08-12 00:00:00+09:00,136255.0,140134.1459074733,136255.0,217292,128908.857421875,116535.998046875,0.02445870512814266,0.01966860899895044,73.68419378972159,5727.763345639338,5561.722951898536,166.04039374080185,-0.014035013135918373,1,1,-1,0.5,Trend
2019-08-13 00:00:00+09:00,138194.5625,140134.13530701754,134315.4168859649,352863,129999.8671875,116923.91263020833,0.024419499919088684,0.019482062062259303,74.35893728388534,5689.343474574736,5587.247056433776,102.09641814095994,0.014234798722982722,1,1,-1,0.5,Trend
2019-08-14 00:00:00+09:00,134800.296875,138679.44210881295,134315.40372077338,433070,130969.653125,117319.90872395833,0.025286010206167844,0.019210295557724265,57.8124661715993,5323.63898471414,5534.525442089849,-210.88645737570914,-0.024561499118317287,1,-1,-1,-0.30000000000000004,Defensive
2019-08-16 00:00:00+09:00,135285.171875,136254.9580533154,133345.59951836916,351686,131890.9484375,117748.23046875,0.025276442589280884,0.01908898060463252,47.05878264605625,5015.129609641444,5430.646275600168,-415.51666595872393,0.0035969876271833012,1,-1,-1,-0.30000000000000004,Defensive
2019-08-19 00:00:00+09:00,134800.296875,136739.8694919065,133830.51056654676,487500,132691.022265625,118168.47096354167,0.025292476354365913,0.01910579529859971,51.06378748383682,4677.5880239333055,5280.034625266797,-602.4466013334913,-0.003584095679369903,1,-1,-1,-0.30000000000000004,Defensive
2019-08-20 00:00:00+09:00,141103.90625,141103.90625,134800.2953178694,556246,133879.009765625,118685.69010416667,0.02634772815192024,0.019869334561463704,61.66661206567372,4862.678549102886,5196.563410034016,-333.8848609311299,0.0467625778364964,1,-1,-1,-0.30000000000000004,Defensive
2019-08-21 00:00:00+09:00,143043.484375,144013.27070974576,138194.5527012712,514109,135091.24296875,119283.72513020833,0.026357659051786657,0.019484626584206972,65.0793415348229,5107.00153407504,5178.651034842221,-71.64950076718105,0.013745743661862653,1,-1,-1,-0.30000000000000004,Defensive
2019-08-22 00:00:00+09:00,143528.390625,145952.85668285473,143043.49741342905,499537,136279.23125,119922.16809895834,0.026389955928785205,0.019249031118234297,62.711835710138786,5278.905208522454,5198.701869578268,80.20333894418582,0.0033899219675659342,1,-1,1,0.19999999999999996,Defensive
2019-08-23 00:00:00+09:00,144013.265625,144498.15877525252,141103.90672348486,491690,136982.32578125,120552.52916666666,0.020124494346683633,0.019243168275647468,61.40344430493456,5392.108597807208,5237.383215224057,154.72538258315126,0.0033782514935796204,1,1,1,1.0,Trend
2019-08-26 00:00:00+09:00,139164.328125,142558.5800304878,138679.4349956446,423695,137103.5484375,121061.66666666667,0.018900712366015905,0.019758877931216515,59.32201538431289,5032.542351830256,5196.415042545297,-163.87269071504124,-0.0336700753153274,1,1,-1,0.5,Trend
2019-08-27 00:00:00+09:00,142073.703125,143043.48949445394,137224.77127773038,904199,137491.4625,121627.37513020834,0.018853089023918784,0.019840045116988347,62.499987412656424,4925.566890146496,5142.2454120655375,-216.6785219190415,0.02090603992559603,1,1,-1,0.5,Trend
2019-08-28 00:00:00+09:00,142073.703125,143043.48949445394,140134.13038609215,309159,137879.3765625,122136.51302083333,0.018853089023918784,0.019543123573350838,64.51613909165798,4785.622390079225,5070.920807668275,-285.2984175890506,0.0,1,1,-1,0.5,Trend
2019-08-29 00:00:00+09:00,140619.0,142073.67931034483,139164.32068965517,408164,138218.80078125,122686.05846354166,0.019031052302478573,0.01894396890893551,58.33328857834897,4505.397562219354,4957.816158578491,-452.41859635913715,-0.010239073755402228,1,1,-1,0.5,Trend
2019-08-30 00:00:00+09:00,142073.703125,144498.16904863482,140134.13038609215,424498,138509.7359375,123267.93046875,0.018778477250714038,0.018921591731289756,56.896537355723154,4350.549327432032,4836.3627923491995,-485.81346491716704,0.010344996942091678,1,1,-1,0.5,Trend
2019-09-02 00:00:00+09:00,145467.96875,151286.6875,143043.50260416666,371788,138897.65,123898.29205729166,0.019306238977451786,0.019078357589831587,65.57374278007804,4450.4182038530125,4759.173874649962,-308.75567079694974,0.023890878820928885,1,1,-1,0.5,Trend
2019-09-03 00:00:00+09:00,145952.828125,146922.6143583887,144498.14877491695,308863,139503.765625,124488.24479166667,0.017845509785985262,0.01886620669594614,63.793046932511075,4516.624274224392,4710.663954564849,-194.03968034045647,0.003333100607414652,1,1,-1,0.5,Trend
2019-09-04 00:00:00+09:00,146437.734375,146437.734375,144498.16173427153,351494,140109.88125,125102.442578125,0.017846271462282088,0.018784561813790054,73.07690400972656,4555.7056054358545,4679.67228473905,-123.96667930319563,0.003322349119434076,1,1,-1,0.5,Trend
2019-09-05 00:00:00+09:00,142558.609375,146437.75520833334,140619.03645833334,548033,140570.53046875,125635.825,0.0190148319833643,0.0192156525460851,62.711924577188555,4224.962140083779,4588.730255807996,-363.76811572421775,-0.026489927726321416,1,1,-1,0.5,Trend
2019-09-06 00:00:00+09:00,144983.0625,145467.9556856187,141103.91701505016,223250,141031.17890625,126225.77825520834,0.018969614162250206,0.019206032509808516,66.66666666666666,4111.088595832582,4493.201923812914,-382.11332798033254,0.017006711384385698,1,1,-1,0.5,Trend
2019-09-09 00:00:00+09:00,148377.328125,149347.11458333334,144013.2890625,464232,141540.3171875,126896.54713541667,0.01922461131342182,0.01920345135587659,63.15791854001345,4245.789047250233,4443.719348500378,-197.93030125014502,0.023411463149359157,1,1,-1,0.5,Trend
2019-09-10 00:00:00+09:00,145952.828125,148377.29370847176,145467.93500830565,297053,142025.20859375,127543.07122395834,0.019344713139750207,0.019321391271654807,55.172373561609135,4109.531121184322,4376.881703037167,-267.3505818528456,-0.01634009744371112,1,1,-1,0.5,Trend
2019-09-11 00:00:00+09:00,148862.21875,149347.11197068403,145467.9662052117,738431,142558.59140625,128262.32955729167,0.019547297280166843,0.019251157267127405,58.730138433170765,4188.0322133413865,4339.111805098011,-151.07959175662472,0.0199337735511933,1,1,-1,0.5,Trend
2019-09-16 00:00:00+09:00,149832.015625,151771.58864279935,148862.22911610032,449618,143310.17734375,128981.58802083334,0.018354981098745927,0.019246209822201994,59.3750157341161,4279.171768867964,4327.123797852002,-47.95202898403841,0.00651472806964315,1,1,-1,0.5,Trend
2019-09-17 00:00:00+09:00,150316.890625,150801.78382056454,148377.31784274193,304106,144061.76328125,129684.68294270833,0.01835690558773969,0.019220656126668706,70.90905362572722,4340.491400475759,4329.7973183767535,10.694082099005755,0.003236124121920314,1,1,-1,0.5,Trend
2019-09-18 00:00:00+09:00,154196.015625,154680.90875589623,150801.76370872642,465208,145031.54921875,130428.18541666666,0.018764887057892796,0.019367852362701336,71.92974819293863,4648.515426373866,4393.540939976177,254.97448639768936,0.02580631480514972,1,1,-1,0.5,Trend
2019-09-19 00:00:00+09:00,152741.359375,153226.25257936507,151286.67976190476,377446,145613.421875,131139.362109375,0.016671764400827144,0.01946618353426835,68.33332259214862,4720.829302204336,4458.9986124218085,261.83068978252777,-0.009433812177985668,1,1,1,1.0,Trend
2019-09-20 00:00:00+09:00,152256.453125,153226.23945063693,151286.66679936307,390181,146074.0703125,131826.294140625,0.016581478365114467,0.01949285428207457,70.68966762503993,4685.004868143238,4504.199863566095,180.80500457714334,-0.0031746885845731487,1,1,-1,0.5,Trend
2019-09-23 00:00:00+09:00,152256.453125,153226.23945063693,150801.7736365446,204570,146510.4734375,132497.062890625,0.016595911038850924,0.01949921071183139,69.09089630799662,4603.546922731912,4524.069275399259,79.47764733265285,0.0,1,1,1,1.0,Trend
2019-09-24 00:00:00+09:00,153226.21875,153711.11184731012,150801.75326344935,195994,146971.12109375,133192.07604166667,0.016613221331696397,0.019460154275008804,65.99993813061658,4564.624742734653,4532.180368866338,32.44437386831578,0.006369290792580307,1,1,1,1.0,Trend
2019-09-25 00:00:00+09:00,153226.21875,154196.00494462025,150801.75326344935,274586,147674.215625,133903.251953125,0.014141923909743349,0.019385971117731,65.30610768598439,4482.111641679978,4522.166623429066,-40.054981749088256,0.0,1,1,-1,0.5,Trend
2019-09-26 00:00:00+09:00,153226.21875,154196.00494462025,151771.53945806963,313084,148231.84140625,134606.34674479166,0.013668155374521623,0.019398269524011066,64.58329836847832,4366.386429837381,4491.010584710729,-124.62415487334783,0.0,1,1,-1,0.5,Trend
2019-09-27 00:00:00+09:00,151286.671875,153711.1377704327,149831.99233774038,241249,148692.48984375,135269.03411458334,0.014142102728977923,0.019538406404281908,70.45452881011353,4071.237451273104,4407.055958023204,-335.8185067500999,-0.012658061334558601,1,1,-1,0.5,Trend
2019-09-30 00:00:00+09:00,152256.453125,152741.34628781848,149831.98731090763,313910,149274.3625,135907.47669270833,0.013795811318915377,0.019420135699746845,68.29267525910532,3870.9609728962823,4299.83696099782,-428.8759881015376,0.006410222645397923,1,1,-1,0.5,Trend
2019-10-01 00:00:00+09:00,155165.84375,155165.84375,152256.4841796875,260668,149928.96953125,136586.32747395834,0.014134913649438158,0.0195049673275613,67.50002215371131,3902.0238277532044,4220.274334348897,-318.25050659569297,0.019108488115189726,1,1,-1,0.5,Trend
2019-10-02 00:00:00+09:00,152256.453125,155165.81210191082,151771.55996218152,203708,150268.39375,137168.19908854167,0.014292913373769886,0.019566819567881366,65.853689207457,3649.80517326502,4106.1805021321225,-456.3753288671023,-0.018750200138682227,1,1,-1,0.5,Trend
2019-10-04 00:00:00+09:00,145952.828125,154196.01110880397,144013.2556582226,602642,150268.39375,137685.41809895833,0.01741481417729627,0.020218688890265346,43.749928671695784,2907.751467631664,3866.494695232031,-958.7432276003669,-0.04140136506939929,1,1,-1,0.5,Trend
2019-10-07 00:00:00+09:00,148377.328125,148862.22135416666,145467.96875,387749,150365.3734375,138291.534765625,0.017791199506714258,0.01990130310205096,47.058808662708856,2486.6409977749863,3590.5239557406226,-1103.8829579656363,0.016611531486896203,1,1,-1,0.5,Trend
2019-10-08 00:00:00+09:00,148862.21875,149832.00519136808,146922.64586726384,250805,150680.55390625,138905.73294270833,0.016573500537633935,0.019892737458537302,47.05884211277866,2167.054086943943,3305.829981981287,-1138.775895037344,0.003267956305234909,1,1,-1,0.5,Trend
2019-10-10 00:00:00+09:00,148862.21875,150801.79163273616,145952.85942589576,404228,150874.51171875,139495.68658854166,0.016211268293817627,0.01987273268159737,37.20939817704801,1891.9697085213847,3023.057927289307,-1131.0882187679222,0.0,1,1,-1,0.5,Trend
2019-10-11 00:00:00+09:00,151286.671875,152256.45823317306,148862.2059795673,216730,151019.97890625,140126.04778645834,0.01578601389574531,0.01991976700649469,46.6666571189606,1848.2905193468032,2788.1044457008065,-939.8139263540033,0.01628655776702903,1,1,-1,0.5,Trend
2019-10-14 00:00:00+09:00,151286.671875,151771.56505408653,148862.2059795673,246407,151286.67109375,140740.245703125,0.015248426838866956,0.019923158583446992,47.72728937165589,1793.0057925650326,2589.0847150736518,-796.0789225086191,0.0,1,1,-1,0.5,Trend
2019-10-15 00:00:00+09:00,146922.640625,151771.5726588284,145952.85421823434,297569,151189.6921875,141249.38359375,0.016125767184237957,0.020330604055404093,39.62268051265838,1381.1305844874005,2347.4938889564014,-966.3633044690009,-0.028846105185034165,1,1,-1,0.5,Trend
2019-10-16 00:00:00+09:00,149832.015625,150316.90887944982,146437.76284385112,280882,151189.6921875,141823.17421875,0.01668862922613742,0.020365608684378925,43.85975425336156,1274.7838478512422,2132.9518807353697,-858.1680328841276,0.01980208759945845,1,1,-1,0.5,Trend
2019-10-17 00:00:00+09:00,148377.328125,151771.58072916666,147407.54166666666,280276,151092.7140625,142348.47526041666,0.016808532527495198,0.020417105514020064,41.66676065188145,1060.892856494087,1918.5400758871133,-857.6472193930263,-0.009708789499573989,1,1,-1,0.5,Trend
2019-10-18 00:00:00+09:00,145952.828125,148862.1868251661,145467.93500830565,245740,150680.5546875,142801.04205729166,0.015973277437437254,0.020518355655647306,38.46159184954315,687.8170899721736,1672.3954787041255,-984.5783887319519,-0.01634009744371112,1,1,-1,0.5,Trend
2019-10-21 00:00:00+09:00,147407.53125,148862.21083470393,144498.1720805921,245735,150413.86328125,143302.09830729166,0.016131100346511145,0.020429667216698495,43.75004090864005,503.72758383708424,1438.6618997307173,-934.9343158936331,0.00996694030316525,1,1,-1,0.5,Trend
2019-10-22 00:00:00+09:00,149347.09375,149831.98691152598,145952.84161931818,360102,150268.3953125,143811.23619791667,0.016462658156371292,0.020435209304709878,45.454567646991336,508.4803629752423,1252.6255923796223,-744.14522940438,0.013157825000885026,1,1,-1,0.5,Trend
2019-10-23 00:00:00+09:00,147892.4375,148862.22397540984,146922.65102459016,226744,150050.19453125,144279.96640625,0.016577554820310363,0.020501880436548242,38.095264887248504,390.3684479071817,1080.1741634851342,-689.8057155779525,-0.009740104165903762,1,1,-1,0.5,Trend
2019-10-24 00:00:00+09:00,148377.328125,148377.328125,145952.86197916666,224666,149807.75,144587.065625,0.016515506254705953,0.017755459840904583,43.10350191785449,332.0627130486246,930.5518733978323,-598.4891603492077,0.0032786708583392166,1,1,-1,0.5,Trend
2019-10-25 00:00:00+09:00,147892.4375,148862.22397540984,146437.75778688525,162510,149541.0609375,144772.94166666668,0.01651495316575933,0.01657472552405917,54.34789766092318,243.91665766888764,793.2248302520434,-549.3081725831557,-0.003267956305234909,1,1,-1,0.5,Trend
2019-10-28 00:00:00+09:00,152256.453125,153226.23945063693,147892.41465963377,335238,149492.57265625,145071.95885416667,0.01790117146079948,0.01676088917487456,57.99995875379754,520.203283423587,738.6205208863522,-218.41723746276523,0.029508037725052727,1,1,-1,0.5,Trend
2019-10-29 00:00:00+09:00,148377.328125,153226.26041666666,147407.54166666666,321007,149347.10546875,145306.32395833332,0.01860321255632747,0.01714223216204612,49.12281098474806,421.29305250861216,675.1550272108043,-253.86197470219213,-0.0254775736619538,1,1,-1,0.5,Trend
2019-10-30 00:00:00+09:00,149832.015625,149832.015625,146922.65609830097,290658,149225.88359375,145573.015625,0.018688352753964414,0.017159397311774943,51.666685463770186,455.0416687146935,631.1323555115822,-176.0906867968887,0.009803974221550327,1,1,-1,0.5,Trend
2019-10-31 00:00:00+09:00,159044.96875,161954.32793445123,152741.35718368902,1409619,149419.83984375,145952.8484375,0.022735004898694886,0.01860591126333741,60.81082434519669,1211.2336638196139,747.1526171731886,464.0810466464253,0.061488548269004184,1,1,1,1.0,Trend
2019-11-01 00:00:00+09:00,161954.328125,163409.00771893712,159044.96893712576,720358,149904.73359375,146356.92578125,0.022514203708815385,0.01868598569062084,63.750014097827645,2021.9741951545584,1002.1169327694626,1019.8572623850959,0.018292684124910474,1,1,1,1.0,Trend
2019-11-04 00:00:00+09:00,159529.84375,161954.3094604863,157105.3780395137,455199,150583.584375,146785.24791666667,0.020346507731953557,0.018381964973113316,67.10523247408015,2440.721166198724,1289.8377794553148,1150.8833867434091,-0.014970173400544962,1,1,1,1.0,Trend
2019-11-05 00:00:00+09:00,156620.515625,159529.8750483746,154680.9426760836,662116,150995.74375,147156.99947916667,0.020752135865927442,0.01858668839347613,59.21052966311896,2508.9016359205125,1533.6505507483546,975.2510851721579,-0.018236889453482008,1,1,1,1.0,Trend
2019-11-06 00:00:00+09:00,156620.515625,159044.9818111455,155650.7291505418,332755,151383.65859375,147544.91432291668,0.020760330170077033,0.01854538041349507,61.64385557102486,2533.7279112191172,1733.6660228425071,800.0618883766101,0.0,1,1,1,1.0,Trend
2019-11-07 00:00:00+09:00,160499.671875,161469.45841200906,156135.6324584592,390866,151965.53125,147957.07395833332,0.021316162680089828,0.01865411805018151,69.73694475678774,2833.7526663821773,1953.6833515504413,880.0693148317359,0.02476786795471897,1,1,1,1.0,Trend
2019-11-08 00:00:00+09:00,158560.046875,160014.72620412844,157105.36754587156,306968,152329.2,148296.49869791666,0.0213899488579927,0.018647862790055966,64.93504428237773,2881.7933985881973,2139.305360957993,742.4880376302044,-0.012084915672043284,1,1,1,1.0,Trend
2019-11-11 00:00:00+09:00,158075.1875,160014.76035276073,157590.2942868098,231149,152668.62578125,148660.16848958333,0.021418584680220284,0.018537018929669743,62.16220688453918,2847.9129577400745,2281.0268803144095,566.886077425665,-0.003057891218853137,1,1,1,1.0,Trend
2019-11-12 00:00:00+09:00,157105.390625,159044.96334876542,155165.81790123458,236652,153177.76328125,148975.34895833334,0.02022152582005635,0.01850576079213841,63.013685327085184,2711.5508906056057,2367.131682372649,344.41920823295686,-0.006135035424202795,1,1,1,1.0,Trend
2019-11-13 00:00:00+09:00,153226.21875,154196.00494462025,151286.6463607595,500221,153347.4734375,149282.44765625,0.020786257557006662,0.018509065811908445,56.24994713316762,2264.364040108747,2346.5781539198683,-82.21411381112148,-0.024691526239601358,1,1,-1,0.5,Trend
2019-11-14 00:00:00+09:00,174561.546875,174561.546875,164378.78997395834,2042648,154656.684375,149937.05390625,0.035402080980068674,0.024833223984627947,72.35769950912751,3590.1627508008096,2595.2950732960567,994.8676775047529,0.1392407141483416,1,-1,-1,-0.30000000000000004,Defensive
2019-11-15 00:00:00+09:00,168257.921875,173591.74648775216,167773.02872838618,886846,155771.9390625,150494.68098958334,0.03642114782331129,0.025374519005646856,62.9921070045387,4085.1271224165394,2893.2614831201536,1191.8656392963858,-0.036111188935063154,1,-1,1,0.19999999999999996,Defensive
2019-11-18 00:00:00+09:00,173106.875,176016.2342436975,167288.15651260506,876975,157056.90625,151028.06380208334,0.03672961524234724,0.0249845419148863,69.76740351985931,4813.176641518134,3277.24451479975,1535.9321267183836,0.028818572528206632,1,-1,1,0.19999999999999996,Defensive
2019-11-19 00:00:00+09:00,165348.578125,170682.40322580645,164378.7917430352,1055749,157856.98046875,151399.81536458334,0.038619089555707774,0.025740557392729173,61.26757431157351,4709.839315839694,3563.763475007739,1146.0758408319548,-0.04481795928093557,1,-1,1,0.19999999999999996,Defensive
2019-11-20 00:00:00+09:00,164378.796875,168742.8357300885,162924.11725663717,602206,158681.2984375,151747.32213541667,0.038549717308013744,0.025762434540034032,54.399994019312985,4497.842173888348,3750.579214783861,747.262959104487,-0.0058650716020483,1,-1,1,0.19999999999999996,Defensive
2019-11-21 00:00:00+09:00,164863.671875,167288.13763786765,162924.09926470587,543754,159505.615625,152094.82890625,0.0385506873775894,0.025762181090383786,52.49998254558422,4319.169573511783,3864.2972865294455,454.8722869823373,0.0029497417502617473,1,-1,1,0.19999999999999996,Defensive
2019-11-22 00:00:00+09:00,162439.21875,165833.47108208956,160499.64598880598,481529,160232.9546875,152482.74375,0.03877103340251596,0.025415276959255585,52.50001074118472,3936.5589441738557,3878.7496180583275,57.809326115528165,-0.014705805696467955,1,-1,1,0.19999999999999996,Defensive
2019-11-25 00:00:00+09:00,168742.828125,169227.72130926725,161954.3235452586,490795,161057.2734375,152927.22916666666,0.039119277170591424,0.025722436771432235,59.84249031644532,4094.783740912826,3921.9564426292272,172.8272982835988,0.038805957228232435,1,-1,1,0.19999999999999996,Defensive
2019-11-26 00:00:00+09:00,167773.046875,170197.51287030347,166318.36727781792,774461,162027.059375,153355.5515625,0.038537103637478955,0.025744078974668603,58.91470602635236,4094.723368091072,3956.5098277215966,138.2135403694756,-0.005747096103436267,1,-1,1,0.19999999999999996,Defensive
2019-11-27 00:00:00+09:00,167288.15625,170197.51548913043,166803.26304347825,299949,162899.86640625,153800.0375,0.038578468907984095,0.025698131210149557,55.73768023727097,4009.331819662766,3967.0742261098308,42.257593552935305,-0.002890158067888393,1,-1,1,0.19999999999999996,Defensive
2019-11-28 00:00:00+09:00,167773.046875,169227.72647218208,164863.68768063583,252885,163336.2703125,154228.35989583333,0.03641124334134368,0.025679777860911843,57.98321557736529,3935.4199518666137,3960.7433712611873,-25.323419394573648,0.002898535293050619,1,-1,-1,-0.30000000000000004,Defensive
2019-11-29 00:00:00+09:00,166803.25,168257.92950581395,163408.99781976745,349615,163578.71640625,154583.94791666666,0.036269457599789494,0.02555563990344409,57.49997851763058,3755.3009890421235,3919.6548948173745,-164.35390577525095,-0.005780409267541975,1,-1,-1,-0.30000000000000004,Defensive
2019-12-02 00:00:00+09:00,166318.34375,169712.5956632653,164863.6643586006,275601,163918.14140625,154923.37317708333,0.03607860509593797,0.025564000371658718,57.98316847420938,3532.7047106007813,3842.2648579740558,-309.5601473732745,-0.002907055168289596,1,-1,-1,-0.30000000000000004,Defensive
2019-12-03 00:00:00+09:00,166803.25,168257.92950581395,163408.99781976745,245675,164427.278125,155262.7984375,0.03575488254575797,0.025563747499338707,62.500007192758446,3356.729153866414,3745.1577171525278,-388.4285632861138,0.002915530777103381,1,-1,-1,-0.30000000000000004,Defensive
2019-12-04 00:00:00+09:00,169227.71875,170197.5051038682,165833.46651146133,228851,165057.63828125,155707.28359375,0.03583349439966051,0.0253239053479717,42.46575584338996,3374.0081575204676,3670.927805226116,-296.91964770564846,0.01453490114850875,1,-1,-1,-0.30000000000000004,Defensive
2019-12-05 00:00:00+09:00,165348.578125,168742.83046187685,164863.6849340176,271499,165300.08359375,156046.70885416667,0.03597608810037209,0.025475909877103048,45.588260381678815,3039.6484876480536,3544.6719417105037,-505.0234540624501,-0.02292260779530242,1,-1,-1,-0.30000000000000004,Defensive
2019-12-06 00:00:00+09:00,168742.828125,169227.72130926725,165348.5758351293,208849,165809.22265625,156386.13385416666,0.03606059215768703,0.02543915779259378,43.07690782314696,3013.8122962933267,3438.5000126270684,-424.6877163337417,0.020527845104504117,1,-1,-1,-0.30000000000000004,Defensive
2019-12-09 00:00:00+09:00,169712.609375,170197.50254464286,167773.03669642858,271990,166391.09375,156782.13020833334,0.03603494176749934,0.02532496827512876,58.82352197840386,3036.58629399215,3358.117268900085,-321.53097490793516,0.005747096103436267,1,-1,-1,-0.30000000000000004,Defensive
2019-12-10 00:00:00+09:00,169227.71875,170197.5051038682,167773.03921919773,215711,166997.21015625,157121.55520833333,0.03599576517213318,0.02523234392803074,59.99998711055343,2981.143464052555,3282.722507930579,-301.5790438780241,-0.00285712786330794,1,-1,-1,-0.30000000000000004,Defensive
2019-12-11 00:00:00+09:00,168742.828125,170197.5076778017,168257.93494073275,200711,167773.040625,157436.73541666666,0.035401733256858005,0.02523389708256067,58.00002320098888,2865.0514709198033,3199.1883005284244,-334.13682960862116,-0.0028653144330116342,1,-1,-1,-0.30000000000000004,Defensive
2019-12-12 00:00:00+09:00,170197.515625,171167.30203881767,167773.04959045583,609714,167554.8390625,157768.07916666666,0.019634801798712777,0.025247849716535466,66.66666666666666,2857.4894937255303,3130.848539167846,-273.3590454423156,0.0086207367516824,1,1,-1,0.5,Trend
2019-12-13 00:00:00+09:00,170197.515625,172137.08845263533,167773.04959045583,317833,167651.81875,158034.77083333334,0.01776712694000839,0.025061037049972198,54.285732699173785,2819.0008848841535,3068.4790083111075,-249.47812342695397,0.0,1,1,-1,0.5,Trend
2019-12-16 00:00:00+09:00,174076.671875,174561.5651114206,168742.84627437327,335819,167700.30859375,158390.359375,0.017325737428583336,0.025160794188973042,65.85366428736475,3066.1689875310694,3068.0170041551,-1.8480166240306062,0.02279208504163499,1,1,-1,0.5,Trend
2019-12-17 00:00:00+09:00,175046.46875,175531.36201523544,172622.0024238227,370752,168185.203125,158770.19296875,0.01351590524732618,0.025154532293420993,69.04762635453845,3302.2398273538565,3114.8615687948513,187.3782585590052,0.005571090396859102,1,1,1,1.0,Trend
2019-12-18 00:00:00+09:00,173106.875,174561.55462184874,169712.6225490196,310567,168621.60703125,159117.7,0.013744011432495125,0.025213047118593318,62.22218880527491,3294.8378234844713,3150.856819732776,143.98100375169543,-0.011080450601777758,1,1,1,1.0,Trend
2019-12-19 00:00:00+09:00,173591.765625,174076.65882506984,169712.62002444133,296857,169058.01171875,159457.12578125,0.013743847852006474,0.025207163820470755,65.90907260028283,3290.1712569374067,3178.719707173702,111.45154976370486,0.002801105530903847,1,1,1,1.0,Trend
2019-12-20 00:00:00+09:00,177955.796875,181350.0491314714,174076.6514390327,560761,169833.840625,159869.28541666668,0.013960216803338114,0.025375679233597015,73.07692069352498,3597.1481349197566,3262.4053927229133,334.7427421968432,0.025139621308002402,1,1,-1,0.5,Trend
2019-12-23 00:00:00+09:00,178440.703125,179895.38277004077,176501.13026494565,250256,170318.734375,160289.52682291667,0.011518460426107087,0.025373578505507755,73.07692069352498,3835.345923824265,3376.993498943184,458.3524248810809,0.0027248690883647786,1,1,-1,0.5,Trend
2019-12-24 00:00:00+09:00,176501.09375,178440.66620879123,173591.7350618132,193440,170755.13671875,160709.7671875,0.011775497157967118,0.025356180548248976,64.70579315294916,3823.53380346371,3466.3015598472894,357.2322436164204,-0.010869769850891497,1,1,1,1.0,Trend
2019-12-26 00:00:00+09:00,175046.46875,177470.9350761773,173591.78895429362,173426,171143.05234375,161089.60078125,0.011966039117693224,0.025389389655612882,71.73916850609481,3654.667796873924,3503.9748072526163,150.6929896213078,-0.008241450345120027,1,1,-1,0.5,Trend
2019-12-27 00:00:00+09:00,178327.28125,179784.9974455041,173954.13266348775,323473,171670.7640625,161475.62473958332,0.012510256896399877,0.025385450698300636,71.59470719238003,3742.4339706639876,3551.6666399348906,190.767330729097,0.01874252319071701,1,1,-1,0.5,Trend
2019-12-30 00:00:00+09:00,181242.734375,184644.0725536193,178327.30165046916,376541,172392.73828125,161958.72942708334,0.012658394570607029,0.02529218316214339,73.88441147340416,4001.1195815175597,3641.5572282514245,359.56235326613523,0.016348890111282488,1,1,-1,0.5,Trend
2020-01-02 00:00:00+09:00,177355.46875,182700.42808219176,176869.56335616438,300640,172944.59453125,162482.10677083334,0.01384933773724937,0.024803452947172254,64.75641431523334,3848.1014252744208,3682.866067656024,165.23535761839685,-0.02144784252127352,1,1,1,1.0,Trend
2020-01-03 00:00:00+09:00,176383.640625,180756.78873966943,175411.82993285125,454492,173423.6140625,162948.87864583332,0.013985840819123144,0.024767013839994877,63.631330887001546,3606.8376470181393,3667.6603835284473,-60.822736510308005,-0.005479549809483952,1,1,-1,0.5,Trend
2020-01-06 00:00:00+09:00,175411.859375,176869.57565789475,172982.3322368421,287970,173732.82109375,163391.37265625,0.013822734685758288,0.024790693095469784,59.46556614476968,3299.1887449994683,3593.966055822652,-294.7773108231836,-0.005509474952192672,1,1,-1,0.5,Trend
2020-01-07 00:00:00+09:00,181728.609375,181728.609375,176383.6502757353,328624,174551.82265625,163939.14583333334,0.01444119653533421,0.025142751319693565,67.02735303672421,3524.455972819618,3580.0640392220457,-55.60806640242754,0.03601096312704777,1,1,-1,0.5,Trend
2020-01-08 00:00:00+09:00,177841.375,178327.28039617487,173954.13183060108,820867,175006.75,164381.72421875,0.015087927600303875,0.02528859853569994,55.557811005684194,3350.68987954114,3534.1892072858645,-183.49932774472472,-0.021390326973661167,1,1,-1,0.5,Trend
2020-01-09 00:00:00+09:00,180756.8125,181242.71790994622,178327.2854502688,531355,175558.96015625,164872.89322916666,0.015382813079286623,0.0253462883630158,57.972174110317575,3408.934366237023,3509.1382390760964,-100.20387283907348,0.01639347142924419,1,1,-1,0.5,Trend
2020-01-10 00:00:00+09:00,182700.421875,182700.421875,178813.178856383,398739,176232.5953125,165469.18958333333,0.015402549604550075,0.025007640644707743,63.39198740864792,3570.7650183066144,3521.4635949222,49.30142338441419,0.010752620319635309,1,1,1,1.0,Trend
2020-01-13 00:00:00+09:00,182700.421875,183186.32725232714,180756.8003656915,337749,176930.475,166016.99635416668,0.01535013513258192,0.02492330255337624,62.88960410094219,3656.86293638614,3548.543463214988,108.31947317115191,0.0,1,1,1,1.0,Trend
2020-01-14 00:00:00+09:00,185129.953125,189017.19623523622,182700.42618110235,501286,177677.096875,166629.54010416666,0.015457749012650573,0.024895643814872383,60.740126669804255,3876.453679196158,3614.1255064112224,262.32817278493576,0.013297896223043448,1,1,1,1.0,Trend
2020-01-15 00:00:00+09:00,186101.765625,186587.67101827677,183186.33326533943,323778,178472.309375,167298.6890625,0.01542709252423148,0.024754991810686296,61.30425400057547,4081.8451024325623,3707.6694256154906,374.1756768170717,0.005249353135976964,1,1,1,1.0,Trend
2020-01-16 00:00:00+09:00,186101.765625,187073.57641155354,183672.2386586162,245107,179073.5640625,167943.59296875,0.014850054283858605,0.024748259791389244,65.0263407209302,4196.247555367823,3805.385051565957,390.8625038018663,0.0,1,1,1,1.0,Trend
2020-01-17 00:00:00+09:00,185615.875,187073.59129581152,184158.15870418848,286019,179602.034375,168548.07265625,0.014898187172251477,0.024732412077214366,67.05986318657651,4199.298116153368,3884.1676644834392,315.1304516699288,-0.002610886701521542,1,1,1,1.0,Trend
2020-01-20 00:00:00+09:00,182214.515625,185129.94787499998,181728.61025,454733,180057.41640625,169120.10729166667,0.015347671670009576,0.024837753564183697,56.249984298604865,3882.499396071915,3883.8340108011344,-1.3346147292195383,-0.018324722360089085,1,1,-1,0.5,Trend
2020-01-21 00:00:00+09:00,176869.5625,184158.14337225273,175897.75171703295,547678,180221.30625,169594.97786458334,0.01696433921311826,0.025206024426056597,43.47822237093949,3163.6722362238215,3739.801655885672,-576.1294196618505,-0.029333300405111506,1,1,-1,0.5,Trend
2020-01-22 00:00:00+09:00,180756.8125,184644.0557795699,179299.09627016127,429852,180361.35703125,170142.71744791666,0.016748050343879398,0.025308371476541133,55.07247795182676,2874.5293362149096,3566.7471919515197,-692.2178557366101,0.021978060809643374,1,1,-1,0.5,Trend
2020-01-23 00:00:00+09:00,177841.375,180270.90198087433,176383.6588114754,375929,180331.390625,170569.1328125,0.01716495282797083,0.02520358651830022,52.05482288151384,2382.6641941997805,3329.930592401172,-947.2663982013914,-0.016129060142615614,1,1,-1,0.5,Trend
2020-01-28 00:00:00+09:00,173468.21875,179299.0832457983,172982.31337535015,476253,180179.746875,170987.31432291667,0.017894519239622837,0.025186474028396334,47.49997487775515,1621.2911291542987,2988.2026997517974,-1366.9115705974987,-0.024590207143866283,1,1,-1,0.5,Trend
2020-01-29 00:00:00+09:00,174925.9375,178327.2751736111,174925.9375,434897,180173.7203125,171405.54635416667,0.017918826061789243,0.025180430275010646,40.00000918755802,1122.5827747265866,2615.0787147467554,-1492.4959400201687,0.00840337648304823,1,1,-1,0.5,Trend
2020-01-30 00:00:00+09:00,174925.9375,177841.36979166666,170066.88368055556,772160,180003.653125,171670.22916666666,0.017377046598021525,0.024039894326986118,45.16128530336491,719.063889921701,2235.8757497817446,-1516.8118598600436,0.0,1,1,-1,0.5,Trend
2020-01-31 00:00:00+09:00,174440.03125,175411.84200905293,172496.40973189415,537062,179663.51796875,171878.32421875,0.016901255542503,0.023947420515714753,38.59647836153322,355.96040308114607,1859.892680441625,-1503.932277360479,-0.002777782740195356,1,1,-1,0.5,Trend
2020-02-03 00:00:00+09:00,172496.421875,175411.85435739436,171038.70563380283,485913,179420.565625,172094.43385416668,0.0164115740385268,0.023907816887695627,31.57898299883108,-87.62467667236342,1470.3892090188274,-1558.0138856911908,-0.011141991669415097,1,1,-1,0.5,Trend
2020-02-04 00:00:00+09:00,175411.859375,176383.67023026317,170066.89967105264,563463,179371.9765625,172407.62291666667,0.016866703196528027,0.023847460050969323,38.095276984358705,-201.5937599359604,1135.9926152278697,-1337.58637516383,0.016901437538876518,1,1,-1,0.5,Trend
2020-02-05 00:00:00+09:00,176383.640625,178327.26200929753,173468.20854855372,653809,179420.565625,172737.00833333333,0.016866703196528027,0.02385071025660616,34.9999678435223,-211.06740055629052,866.5806120710376,-1077.6480126273282,0.005539997429264476,1,1,-1,0.5,Trend
2020-02-06 00:00:00+09:00,176383.640625,178327.26200929753,175411.82993285125,659850,179153.3171875,173001.74114583334,0.014708769941156538,0.023668212930387178,32.758582453650305,-216.08444206166314,650.0476012444975,-866.1320433061607,0.0,1,1,-1,0.5,Trend
2020-02-07 00:00:00+09:00,179784.984375,183186.32191722974,175897.7414695946,728633,179250.49765625,173355.49010416667,0.014593711881316149,0.023704840273033427,39.9999802114016,53.77959313572501,530.7939996227431,-477.01440648701805,0.01928378242986506,1,1,-1,0.5,Trend
2020-02-10 00:00:00+09:00,178327.28125,178813.18664850135,175411.8488589918,433051,179129.02109375,173693.025,0.014225950211147463,0.023732614521676673,38.80594865907518,148.3146467161714,454.29812904142875,-305.98348232525734,-0.008108035996818752,1,1,-1,0.5,Trend
2020-02-11 00:00:00+09:00,179299.078125,179784.98348577236,177841.36204268294,400386,178958.95390625,174062.91979166667,0.014052199199966604,0.023712201885356873,45.161275264902216,298.21263431661646,423.0810300964663,-124.86839577984983,0.00544951321069953,1,1,-1,0.5,Trend
2020-02-12 00:00:00+09:00,179784.984375,179784.984375,176383.64683277026,351892,178813.18203125,174505.56588541667,0.014074736404006761,0.023441689483083037,55.769217687811015,451.01739515096415,428.6683031073659,22.34909204359826,0.0027100320597368555,1,1,1,1.0,Trend
2020-02-13 00:00:00+09:00,179299.078125,179784.98348577236,177841.36204268294,555923,178521.63828125,174584.52473958334,0.013685199036204816,0.01638944723855307,46.666619027372356,526.8346733528015,448.301577156453,78.53309619634848,-0.002702707635396817,1,1,1,1.0,Trend
2020-02-14 00:00:00+09:00,181242.734375,182214.54528317694,178813.20710455763,659429,178278.68671875,174800.93828125,0.013885735974153046,0.015693895033427954,58.13959053582418,735.2813622761169,505.6975341803858,229.58382809573106,0.010840302528744461,1,1,1,1.0,Trend
2020-02-17 00:00:00+09:00,183186.34375,183672.24917108752,179299.10038129974,312407,178132.915625,174968.92942708332,0.014141706635528415,0.015336292911383685,76.3158785499103,1045.2607825177838,613.6101838478654,431.6505986699184,0.010723791945108196,1,1,-1,0.5,Trend
2020-02-18 00:00:00+09:00,181242.734375,183186.3561913539,180270.92346682306,345642,177914.25859375,175233.83203125,0.014310020031974034,0.014142822663040705,66.66677660356015,1121.164585755323,715.121064229357,406.04352152596607,-0.010610012379812073,1,1,1,1.0,Trend
2020-02-19 00:00:00+09:00,184158.125,185615.84102902375,179784.97691292875,560743,178011.4390625,175563.4875,0.014190694053608366,0.014229607503443016,71.11116033848744,1400.4233465738362,852.1815206982528,548.2418258755833,0.016085558602133565,1,1,-1,0.5,Trend
2020-02-20 00:00:00+09:00,184644.03125,186101.74728618423,182214.50452302632,427402,178400.1625,175893.16015625,0.012268506169543085,0.014229275128736209,73.33339526454871,1642.0183347185666,1010.1488835023157,631.8694512162509,0.0026385273525129094,1,1,-1,0.5,Trend
2020-02-21 00:00:00+09:00,184158.125,185615.84102902375,181728.5982849604,434019,178570.228125,176255.14192708334,0.011400072062305183,0.014072961469044356,78.57146685307276,1773.8279455474112,1162.8846959113348,610.9432496360764,-0.002631583846553376,1,1,-1,0.5,Trend
2020-02-24 00:00:00+09:00,178813.1875,182214.5253057065,178327.28209918478,567036,178618.81875,176422.98125,0.0127490874208191,0.013844981658865963,57.446820156308476,1430.5062395524,1216.409004639548,214.09723491285217,-0.029023631186514298,1,1,1,1.0,Trend
2020-02-25 00:00:00+09:00,185129.953125,185615.85851377953,178327.2776820866,704859,179201.90546875,176712.26302083334,0.013501277776679983,0.014483076557302507,65.51731020427172,1649.1214628947491,1302.9514962905882,346.1699666041609,0.035326061311892865,1,1,1,1.0,Trend
2020-02-26 00:00:00+09:00,181728.609375,184644.04161096257,181242.70400233957,494066,179542.0390625,176952.93723958332,0.014283094792306257,0.014705338038033661,58.461571950002025,1530.2755243407737,1348.4163019006255,181.8592224401482,-0.018372735975919596,1,1,1,1.0,Trend
2020-02-27 00:00:00+09:00,176869.5625,181728.61641483515,173954.13015109889,535696,179639.2203125,177104.54583333334,0.01568994727060348,0.01515596671502201,45.58824016210682,1032.1072972761176,1285.154500975724,-253.04720369960637,-0.02673793021204096,1,1,-1,0.5,Trend
2020-02-28 00:00:00+09:00,169095.0625,174925.92672413794,167151.44109195404,830654,179371.971875,177142.74270833333,0.018705324071718495,0.016251667257204054,38.271567689455445,9.854614564188523,1030.094523693417,-1020.2399091292284,-0.043956121619286526,1,1,-1,0.5,Trend
2020-03-02 00:00:00+09:00,170066.875,172010.49642857144,167637.3482142857,659376,179250.49453125,177205.21822916667,0.018628720567300628,0.016261670688941784,38.27159219526061,-713.6444059601345,681.3467377627067,-1394.9911437228411,0.005747137057890095,1,1,-1,0.5,Trend
2020-03-03 00:00:00+09:00,170066.875,174925.92857142858,169095.0642857143,544379,178983.2453125,177259.61197916666,0.018172900611487408,0.016258306934553327,37.49998492664098,-1272.3556681263435,290.60625658489664,-1562.96192471124,0.0,1,1,-1,0.5,Trend
2020-03-04 00:00:00+09:00,173468.21875,174440.0294992997,168123.25962885155,450252,178837.47421875,177330.28697916667,0.018737023791476973,0.0163518420324652,43.023256248735706,-1424.260367337789,-52.36706819964044,-1371.8932991381484,0.020000036750249084,1,1,-1,0.5,Trend
2020-03-05 00:00:00+09:00,175897.765625,175897.765625,173468.23847548343,483840,178813.18046875,177506.10677083334,0.01902547007757367,0.016144337152064862,43.67814222636848,-1333.2331260665087,-308.54027977301416,-1024.6928462934945,0.014005717545883423,1,1,-1,0.5,Trend
2020-03-06 00:00:00+09:00,174440.03125,175897.7473885794,172496.40973189415,293897,178545.9328125,177601.06015625,0.01854819521839684,0.015986999432555535,39.53486024269917,-1363.0084498446959,-519.4339137873505,-843.5745360573453,-0.008287395634733463,1,1,-1,0.5,Trend
2020-03-09 00:00:00+09:00,174440.03125,174440.03125,174440.03125,0,178351.5703125,177679.85052083334,0.018484210209512412,0.015972656816455696,41.463378288342376,-1370.8038351427822,-689.707898058437,-681.0959370843452,0.0,1,1,-1,0.5,Trend
2020-03-10 00:00:00+09:00,167151.453125,171038.69622093023,160348.7777071221,666532,177744.1890625,177645.24609375,0.02059887975213037,0.016912495630092488,30.7692633877696,-1942.7146702322352,-940.3092524931966,-1002.4054177390386,-0.04178271508421316,1,1,-1,0.5,Trend
2020-03-11 00:00:00+09:00,165207.828125,169095.0711397059,162778.30124080883,483822,177015.33125,177586.32942708334,0.02062194140929494,0.0169743333579743,28.72343373327051,-2523.7007698580564,-1256.9875559661687,-1266.7132138918878,-0.011627927628882206,-1,1,-1,-0.19999999999999996,MeanReversion
2020-03-12 00:00:00+09:00,165207.828125,165207.828125,165207.828125,0,176310.76875,177503.16796875,0.02064132105422207,0.016933861550918188,29.03228817981052,-2950.1291867175314,-1595.6158821164413,-1354.51330460109,0.0,-1,1,-1,-0.19999999999999996,MeanReversion
2020-03-13 00:00:00+09:00,161320.578125,163264.19954819276,145285.70138365965,1242510,175314.6609375,177355.21901041668,0.020778201924017817,0.01719896908735814,30.00001071880675,-3560.6998359753343,-1988.63267288822,-1572.0671630871143,-0.023529454046565035,-1,1,-1,-0.19999999999999996,MeanReversion
2020-03-16 00:00:00+09:00,150630.65625,161806.4791330645,150630.65625,812823,173686.8765625,176964.45208333334,0.024659325138357165,0.019020262424846612,14.141451215951136,-4851.246678431111,-2561.1554739967983,-2290.0912044343127,-0.066265085330384,-1,1,-1,-0.19999999999999996,MeanReversion
2020-03-17 00:00:00+09:00,146743.421875,151116.5702090232,142856.17891142383,979243,171961.9109375,176492.73463541668,0.024929908050581553,0.019234302163621247,14.0000411602297,-6117.166785159381,-3272.357736229315,-2844.809048930066,-0.02580639606686974,-1,1,-1,-0.19999999999999996,MeanReversion
2020-03-18 00:00:00+09:00,141884.359375,151602.46618150684,141884.359375,666723,169848.22265625,175972.359375,0.02461987655171386,0.019613367097795494,14.000036658317796,-7426.8907515686005,-4103.264339297172,-3323.6264122714283,-0.033112642719610785,-1,1,-1,-0.19999999999999996,MeanReversion
2020-03-19 00:00:00+09:00,139940.75,147229.33072916666,131194.453125,1154230,167613.05859375,175411.50911458334,0.024341887945019576,0.019642661513311867,15.90913907730041,-8523.43659275453,-4987.298789988644,-3536.1378027658857,-0.013698545657615746,-1,1,-1,-0.19999999999999996,MeanReversion
2020-03-20 00:00:00+09:00,149658.859375,152088.38631290584,141884.37317370131,997895,165888.0953125,174939.89348958334,0.030305083545914026,0.02136427729464931,30.18870671963377,-8510.186727954308,-5691.876377581777,-2818.3103503725306,0.06944445685048861,-1,-1,-1,-1.0,Defensive
2020-03-23 00:00:00+09:00,138968.9375,145285.70738636362,136053.50524475524,1033851,163895.8828125,174282.03072916667,0.03328352232535303,0.023242355847034334,25.000025122219597,-9255.580895384832,-6404.6172811423885,-2850.9636142424433,-0.07142859380088074,-1,-1,-1,-1.0,Defensive
2020-03-24 00:00:00+09:00,151602.484375,152574.29517227563,143827.99799679487,960786,162219.509375,173867.05390625,0.038794597841978674,0.02603129693540079,34.6938936225459,-8726.298160233448,-6868.9534569606,-1857.3447032728473,0.09090914201599909,-1,-1,-1,-1.0,Defensive
2020-03-25 00:00:00+09:00,151602.484375,158405.1599559295,147715.24118589744,1039579,160713.203125,173476.32083333333,0.03880099772901214,0.026022284295111334,32.394364921386526,-8212.17296135149,-7137.597357838778,-1074.5756035127124,0.0,-1,-1,-1,-1.0,Defensive
2020-03-26 00:00:00+09:00,148201.140625,153546.09979508197,145285.70835040984,988725,159279.78203125,172974.21848958332,0.038705492801162866,0.026004026792362304,31.506853840747553,-7987.11456665647,-7307.500799602317,-679.613767054153,-0.022435936746171836,-1,-1,-1,-1.0,Defensive
2020-03-27 00:00:00+09:00,159376.953125,159862.85846989328,154031.99433117377,1217815,158793.8765625,172609.78880208332,0.04174962358355671,0.02768287829162213,40.8283961744844,-6828.24770965433,-7211.650181612719,383.40247195838947,0.07540976036263225,-1,-1,-1,-1.0,Defensive
2020-03-30 00:00:00+09:00,157919.25,160348.77692307692,154517.9123076923,630830,158186.4953125,172285.85182291668,0.04171945292137739,0.0275802225465948,43.94904367278479,-5958.772812177951,-6961.074707725766,1002.3018955478146,-0.009146260462494338,-1,-1,-1,-1.0,Defensive
2020-03-31 00:00:00+09:00,165207.828125,166179.6388786765,158891.05822610293,858165,157943.54296875,172099.58828125,0.043126606719303844,0.028235765431502573,50.0,-4628.229007178772,-6494.5055676163665,1866.2765604375945,0.04615382940965085,-1,-1,1,-0.5,Defensive
2020-04-01 00:00:00+09:00,158405.15625,166179.64244631902,158405.15625,720283,157190.38984375,171816.14322916666,0.04373576162888902,0.028722475368212187,46.153847512953135,-4075.7000900747953,-6010.744472108053,1935.0443820332575,-0.041176450003646003,-1,-1,1,-0.5,Defensive
2020-04-02 00:00:00+09:00,168609.15625,170066.8722982709,159862.85996037463,1086863,156825.959375,171597.48567708334,0.04609502538298552,0.02951563741495436,53.846153846153854,-2782.366037186235,-5365.068785123689,2582.7027479374538,0.0644170950085472,-1,-1,1,-0.5,Defensive
2020-04-03 00:00:00+09:00,167151.453125,167637.35851199128,163264.21002906977,663454,156461.53046875,171419.3203125,0.04609765491446509,0.02941134132822328,59.65910471594953,-1853.6462617072975,-4662.784280440411,2809.1380187331133,-0.008645456494893011,-1,-1,1,-0.5,Defensive
2020-04-06 00:00:00+09:00,168123.296875,171038.72976878614,165693.76946351156,655547,156145.69375,171208.76171875,0.04612999580089598,0.02933799252937056,62.94120094956163,-1027.3666369109123,-3935.7007517345114,2908.334114823599,0.005814150770638182,-1,-1,1,-0.5,Defensive
2020-04-07 00:00:00+09:00,164721.9375,169580.99170353982,162778.3158185841,873091,156024.21796875,170909.1203125,0.04535529633537692,0.02939916921726524,64.07187104603054,-639.6221899973752,-3276.4850393870847,2636.8628493897095,-0.02023133877471439,-1,-1,1,-0.5,Defensive
2020-04-08 00:00:00+09:00,161806.5,164721.93243243243,161806.5,588577,155854.1515625,170560.88828125,0.04545450775856369,0.029471697635047096,63.31361070593129,-561.1151767175761,-2733.411066853183,2172.295890135607,-0.017699145264121197,-1,-1,1,-0.5,Defensive
2020-04-09 00:00:00+09:00,162778.3125,164236.02873134328,160348.78544776118,682921,155732.67578125,170188.3609375,0.04548143296884548,0.02942313060153278,58.94040003058058,-415.6888537580089,-2269.8666242341483,1854.1777704761394,0.006006016445569307,-1,-1,1,-0.5,Defensive
2020-04-10 00:00:00+09:00,161806.5,162292.4054054054,159376.97297297296,483720,155756.971875,169783.43984375,0.045179224274732664,0.029411090914326057,67.93893317152009,-374.5371607981215,-1890.8007315469429,1516.2635707488214,-0.005970159569015032,-1,-1,1,-0.5,Defensive
2020-04-13 00:00:00+09:00,161320.578125,163264.19954819276,157919.24063441265,413768,156291.46796875,169370.42005208333,0.042212305591116016,0.029409612776573023,59.43394337552906,-376.7905747378536,-1587.9987001851252,1211.2081254472716,-0.0030031047887445483,-1,-1,1,-0.5,Defensive
2020-04-14 00:00:00+09:00,163750.109375,165207.82548219585,161806.48789873888,520725,157141.80234375,169005.990625,0.04169398987910077,0.029494531646050245,61.26124534093655,-180.4533996223763,-1306.4896400725756,1126.0362404501993,0.015060268678912525,-1,-1,1,-0.5,Defensive
2020-04-16 00:00:00+09:00,165693.734375,167637.3558925953,162778.30209860703,841066,158332.27109375,168730.64427083332,0.0406737350019851,0.029468214372318138,66.66665674183733,130.4754800221708,-1019.0966160536265,1149.5720960757972,0.011869457720782073,-1,-1,1,-0.5,Defensive
2020-04-17 00:00:00+09:00,173954.125,174925.93575418994,168609.1658519553,900031,160032.93984375,168682.05364583334,0.041323930142317375,0.029932298283819797,64.70588049847525,1031.542367435759,-608.9688193557495,1640.5111867915084,0.04985336745627933,-1,-1,1,-0.5,Defensive
2020-04-20 00:00:00+09:00,174925.9375,176869.55902777778,173954.1267361111,663723,161296.29375,168584.87239583334,0.039148199809032974,0.02980322442342127,67.32671186820576,1803.274488714931,-126.52015774161339,1929.7946464565443,0.005586602214808112,-1,-1,1,-0.5,Defensive
2020-04-21 00:00:00+09:00,173468.21875,176383.65099789915,168609.1650035014,759150,163021.2578125,168511.98645833333,0.03437825879880593,0.029750063229854,59.55054718304338,2271.072524033778,352.99837861346487,1918.074145420313,-0.008333348220586179,-1,1,1,0.30000000000000004,Trend
2020-04-22 00:00:00+09:00,176869.5625,177355.4678914835,168123.26545329668,611589,164284.61171875,168568.67552083332,0.02949745966550417,0.02968196670595083,73.17069249218443,2883.0320528558805,859.005113461948,2024.0269393939325,0.01960787846044565,-1,1,-1,-0.19999999999999996,MeanReversion
2020-04-23 00:00:00+09:00,184644.03125,190474.89539473684,181242.69383223684,1521478,165936.6890625,168730.64375,0.030458557620065975,0.03017411410565868,71.4285296670016,3949.8179993363447,1477.1676906368275,2472.650308699517,0.04395594493540966,-1,1,-1,-0.19999999999999996,MeanReversion
2020-04-24 00:00:00+09:00,187073.578125,191932.6321022727,183672.24034090908,928695,167880.3109375,168933.10442708334,0.02948115793264827,0.030214663478906424,75.94930525931883,4934.416790746007,2168.6175106586634,2765.7992800873435,0.013158003855052947,-1,1,-1,-0.19999999999999996,MeanReversion
2020-04-27 00:00:00+09:00,191932.609375,194362.13607594935,187073.55597310126,927347,169508.09375,169224.64739583334,0.026027364675987586,0.030374872676773676,78.16082947332939,6037.208458765002,2942.335700279931,3094.8727584850712,0.025973904485609767,1,1,-1,0.5,Trend
2020-04-28 00:00:00+09:00,192418.515625,192418.515625,189017.1782275884,433549,171233.05703125,169556.68229166666,0.025719510478041385,0.03032851297269605,85.18512784172677,6871.180680617312,3728.1046963474078,3143.075984269904,0.0025316503098784526,1,1,-1,0.5,Trend
2020-04-29 00:00:00+09:00,191932.609375,194362.13607594935,190960.79869462026,676743,172569.29609375,169832.028125,0.024459289744795023,0.03026965359869356,90.78941968186271,7407.511915052979,4463.986140088522,2943.525774964457,-0.002525257241600243,1,1,-1,0.5,Trend
2020-05-04 00:00:00+09:00,193390.359375,197277.6027795226,188045.3996937814,1104027,174318.55625,170115.4734375,0.021507741344049553,0.030275401701721917,90.9090453509957,7859.5861082427145,5143.1061337193605,2716.479974523354,0.0075951137471999,1,1,-1,0.5,Trend
2020-05-06 00:00:00+09:00,206023.90625,206509.81168926886,194848.08114681602,992225,176189.29375,170609.47786458334,0.02161793764416159,0.03130577266602352,95.04946996016423,9132.011667200597,5940.887240415608,3191.124426784989,0.06532666321025093,1,1,-1,0.5,Trend
2020-05-07 00:00:00+09:00,209425.21875,213798.36716937355,204566.16495069605,984024,178302.98203125,171103.48177083334,0.021198968445583315,0.03128337634367304,96.26167662565166,10296.187541971594,6811.947300726805,3484.240241244789,0.016509309826757024,1,1,-1,0.5,Trend
2020-05-08 00:00:00+09:00,207967.484375,212340.6324109229,206023.86302570094,732394,180295.19140625,171597.48515625,0.021562319258668347,0.0312770392913207,93.3332945414276,10974.669174148585,7644.491675411162,3330.177498737423,-0.006960643917197751,1,1,-1,0.5,Trend
2020-05-11 00:00:00+09:00,208453.40625,214770.17613636362,207967.50087412586,599328,182481.76484375,172083.390625,0.02040533257593845,0.031274775016033145,93.13721688540927,11419.938646091818,8399.581069547294,3020.357576544524,0.0023365281186158438,1,1,-1,0.5,Trend
2020-05-12 00:00:00+09:00,213312.453125,220115.1281677107,208939.3048832574,1056584,185057.0625,172642.18177083333,0.019298994081557892,0.03138692147049563,92.63153761609745,12026.271018456551,9124.919059329146,2901.3519591274053,0.023309990287098126,1,1,-1,0.5,Trend
2020-05-13 00:00:00+09:00,212340.65625,216227.89938501146,207481.6023312357,1014692,187535.1796875,173192.87473958332,0.019665182111286733,0.0313934193059127,90.52630296252318,12286.743969529169,9757.28404136915,2529.4599281600185,-0.004555743749430907,1,1,-1,0.5,Trend
2020-05-14 00:00:00+09:00,212826.5625,215741.9948630137,208453.41395547945,866427,190086.1828125,173719.271875,0.019322327310552168,0.03137604917260819,93.54837817372092,12389.560096785106,10283.739252452342,2105.820844332764,0.0022883335607097877,1,1,-1,0.5,Trend
2020-05-15 00:00:00+09:00,206995.6875,213312.457306338,203594.34991197183,1050469,192369.93828125,174116.09427083333,0.021156826295989452,0.03160189117896954,81.63262895393096,11863.781448945374,10599.747691750948,1264.0337571944256,-0.02739730854789335,1,1,-1,0.5,Trend
2020-05-18 00:00:00+09:00,208939.328125,211854.7606104651,205537.9902252907,638906,194629.39921875,174577.70416666666,0.021159309538303802,0.031571138681528256,79.06975961579808,11471.69507728811,10774.137168858382,697.5579084297278,0.009389763856795241,1,1,-1,0.5,Trend
2020-05-19 00:00:00+09:00,207481.609375,210397.0418252342,204566.1769247658,917603,196718.79296875,174966.42890625,0.02159057326542962,0.03154278475695438,74.99998085926583,10917.488075821137,10802.807350250934,114.68072557020241,-0.006976756186025002,1,1,-1,0.5,Trend
2020-05-20 00:00:00+09:00,215741.96875,219143.30609515766,208939.29405968467,977544,198808.18515625,175484.72786458334,0.020807008507042764,0.031903535809263896,76.9230524591728,11017.810539619706,10845.807988124689,172.00255149501754,0.03981248940512283,1,1,-1,0.5,Trend
2020-05-21 00:00:00+09:00,218657.40625,226917.79715277778,216227.87951388888,1004395,200994.75859375,176059.71588541666,0.020777914126154866,0.03192627116618255,78.12497801805785,11203.422178896406,10917.330826279032,286.09135261737356,0.013513538959952553,1,1,-1,0.5,Trend
2020-05-22 00:00:00+09:00,224002.375,225945.99647505424,216227.8890997831,1108281,203521.46640625,176812.86901041667,0.020439156125654473,0.03175621612229527,81.13205830022889,11647.549350080197,11063.374531039266,584.1748190409307,0.024444489860493857,1,1,-1,0.5,Trend
2020-05-25 00:00:00+09:00,234206.390625,234206.390625,227403.7153786307,1015069,206388.3078125,177630.80963541666,0.021607400318799937,0.03194345284952563,83.8709426458438,12676.772176790226,11386.054060189459,1290.7181166007667,0.045553158197541466,1,1,-1,0.5,Trend
2020-05-26 00:00:00+09:00,232262.78125,239065.45685146443,223516.48404811716,1568016,208769.2453125,178473.04583333334,0.021025927817065766,0.031848816119200596,76.47057525402035,13183.632935018453,11745.56983515526,1438.0630998631932,-0.00829870342057415,1,1,-1,0.5,Trend
2020-05-27 00:00:00+09:00,222058.75,227889.61433260393,220115.12855579867,1351505,210518.50390625,179226.19895833332,0.024505463681172283,0.03222561598848271,61.206881257339155,12616.508438644349,11919.757555853079,696.7508827912698,-0.043933131236453704,1,1,1,1.0,Trend
2020-05-28 00:00:00+09:00,233720.484375,234206.389747921,215741.9855769231,1625154,212607.89765625,180303.28932291668,0.02605823178477478,0.03215084472115476,69.34306946263514,12958.68306041797,12127.542656766058,831.1404036519125,0.05251643709153542,1,1,1,1.0,Trend
2020-05-29 00:00:00+09:00,219629.234375,236150.01749170353,219629.234375,3114298,213968.43359375,181129.32864583333,0.0306315382436737,0.03331333755157089,56.969699450085464,11955.002971375448,12093.034719687937,-138.03174831248907,-0.06029103541215863,1,1,-1,0.5,Trend
2020-06-01 00:00:00+09:00,230319.15625,230319.15625,223516.48074894515,1140644,215887.7609375,182133.53333333333,0.031865227279727903,0.03377211141601224,59.88701273196027,11885.16187772248,12051.460151294847,-166.29827357236718,0.04867258179640954,1,1,-1,0.5,Trend
2020-06-02 00:00:00+09:00,227403.71875,229347.34027777778,225460.09722222222,689584,217588.42890625,183032.45833333334,0.032238495458575454,0.03379254564272042,58.56353031678549,11462.429119131411,11933.65394486216,-471.2248257307492,-0.012658250175402008,1,1,-1,0.5,Trend
2020-06-03 00:00:00+09:00,219143.328125,228861.43580238358,218657.4227411308,1476614,218244.4,183753.21770833334,0.030978367454242945,0.03418942434572112,53.29948907145703,10341.653727139783,11615.253901317685,-1273.6001741779019,-0.03632478250754201,1,1,-1,0.5,Trend
2020-06-04 00:00:00+09:00,225946.0,228375.52688172043,220601.04086021506,1052789,219070.4390625,184611.65052083333,0.03145775697679741,0.03432673831353919,59.798994650069844,9888.363028546475,11269.875726763443,-1381.5126982169677,0.03104211263561596,1,1,-1,0.5,Trend
2020-06-05 00:00:00+09:00,224488.296875,224488.296875,218657.43202110392,1061922,219896.4796875,185445.78828125,0.03144871934319891,0.03435068022990559,58.080807588667405,9304.248835591046,10876.750348528964,-1572.5015129379171,-0.006451555349508253,1,1,-1,0.5,Trend
2020-06-08 00:00:00+09:00,233720.484375,235178.200493763,224488.28228950105,1624752,221159.83359375,186555.27213541666,0.03248313590407979,0.03410062865971105,62.61681891906756,9477.048982585024,10596.810075340178,-1119.761092755154,0.04112547348132223,1,1,-1,0.5,Trend
2020-06-09 00:00:00+09:00,230805.0625,236150.02184210526,228861.44092105262,934440,222034.4640625,187648.559375,0.03245922865565526,0.034108163438550304,57.635482494366286,9271.863888548018,10331.820837981748,-1059.9569494337302,-0.012473968136752056,1,1,-1,0.5,Trend
2020-06-10 00:00:00+09:00,237121.84375,240523.18167264346,233234.60040983607,1431071,223273.5234375,188847.12630208334,0.032789597115314255,0.0342113537728986,59.04763567273168,9509.346847481444,10167.326039881687,-657.9791924002438,0.027368469224976488,1,1,-1,0.5,Trend
2020-06-11 00:00:00+09:00,233720.484375,241980.87571465698,232262.76825623703,1423978,224318.21953125,190053.79140625,0.03308858485865715,0.034094124724231865,54.854369462473485,9315.706858355406,9997.00220357643,-681.295345221024,-0.014344352764843027,1,1,-1,0.5,Trend
2020-06-12 00:00:00+09:00,235178.203125,235664.10850335745,222058.75790934917,1318334,225727.3453125,191462.9171875,0.03219432558244311,0.03265190018692513,50.53191580343096,9174.117971053201,9832.425357071785,-658.3073860185832,0.006237017495056785,1,1,-1,0.5,Trend
2020-06-15 00:00:00+09:00,224974.21875,237607.76019168465,224002.4078698704,1311773,226529.08984375,192766.76380208333,0.03411634723533005,0.03305147982650099,46.341472214143884,8144.645098140609,9494.869305285549,-1350.22420714494,-0.04338830826756701,1,1,-1,0.5,Trend
2020-06-16 00:00:00+09:00,236635.90625,236635.90625,229347.32597535936,1155474,227986.8046875,194345.95625,0.035562072238813754,0.03307774176742076,57.21154083997695,8175.538629640534,9231.003170156546,-1055.4645405160118,0.051835661725128324,1,1,-1,0.5,Trend
2020-06-17 00:00:00+09:00,243924.5,244896.3107569721,236635.91932270915,1357900,229395.93125,196079.01875,0.035195198880989126,0.033063685221406826,55.27638661921726,8688.000714096124,9122.402678944462,-434.40196484833723,0.030800878300775603,1,1,-1,0.5,Trend
2020-06-18 00:00:00+09:00,240523.171875,246839.94204545455,240037.26647727273,744330,230489.21953125,197593.42395833333,0.03543105793065378,0.032307442286432425,62.14690538288751,8719.16277355171,9041.754697865912,-322.5919243142016,-0.01394418406105169,1,1,-1,0.5,Trend
2020-06-19 00:00:00+09:00,242466.796875,242952.70227955913,237121.8374248497,919945,231412.440625,199318.38828125,0.03514921023522351,0.03046071120203627,57.86164577741761,8799.260822714306,8993.255922835591,-193.99510012128485,0.00808082225445661,1,1,-1,0.5,Trend
2020-06-22 00:00:00+09:00,262388.90625,263846.6223958333,240523.1640625,1841479,232821.56640625,201164.82864583333,0.037970097578959514,0.03012849800148538,68.55671709379553,10350.967326215323,9264.798203511538,1086.1691227037845,0.08216427829196982,1,1,1,1.0,Trend
2020-06-23 00:00:00+09:00,268219.78125,280853.3216711956,262874.8218410326,2104075,234619.41640625,203108.45026041666,0.03798621807968298,0.03014905998203797,76.71960237563307,11913.87307880199,9794.613178569629,2119.2599002323605,0.02222226192156329,1,1,-1,0.5,Trend
2020-06-24 00:00:00+09:00,271135.1875,271621.09285394265,262874.7964829749,995065,237073.23828125,205157.35104166667,0.03595090528683295,0.02985135399361665,75.69062746392521,13235.169274374988,10482.7243977307,2752.4448766442874,0.010869467704481606,1,1,-1,0.5,Trend
2020-06-25 00:00:00+09:00,261903.03125,268705.70738636365,261903.03125,1196267,238482.365625,206866.11901041667,0.03589655302808586,0.029244450448380987,69.5431833343753,13383.07640168292,11062.794798521145,2320.281603161775,-0.03405001149103892,1,1,1,1.0,Trend
2020-06-26 00:00:00+09:00,261417.109375,267247.9742681227,255586.24448187734,937593,240571.759375,208591.08333333334,0.032241160665779575,0.029185491045750432,65.92181550935,13307.681364369375,11511.77211169079,1795.9092526785844,-0.0018553503282524586,1,1,1,1.0,Trend
2020-06-29 00:00:00+09:00,256558.0625,262874.8329782197,253642.6299715909,814814,241883.7046875,210113.58723958334,0.03143799842987126,0.028987792141922864,64.48089745801997,12709.340415028331,11751.2857723583,958.0546426700312,-0.018587333042650034,1,1,1,1.0,Trend
2020-06-30 00:00:00+09:00,259473.484375,262874.82218515914,255586.2411633895,862860,243487.19296875,211798.059375,0.031166581719456722,0.02825631044271718,63.06819500218427,12328.288249134028,11866.686267713447,461.60198142058107,0.011363594839277402,1,1,1,1.0,Trend
2020-07-01 00:00:00+09:00,261417.109375,267247.9742681227,258501.67692843868,655711,245600.88203125,213344.85859375,0.029430500452846543,0.0273455789677409,66.47402496981377,12044.296800081414,11902.208374187041,142.08842589437336,0.0074906497852049725,1,1,1,1.0,Trend
2020-07-02 00:00:00+09:00,269191.59375,269191.59375,263360.72890342964,1015829,247763.16171875,215045.52760416668,0.029382655245200246,0.027408752515305078,68.81724017925356,12304.726221193123,11982.711943588258,322.01427760486513,0.02973976873046813,1,1,1,1.0,Trend
2020-07-03 00:00:00+09:00,269677.46875,272592.9008445946,266762.0366554054,971940,250022.6203125,216738.09713541667,0.029214696746150254,0.02741889781218242,77.71086251150177,12407.300824956503,12067.629719861907,339.671105094596,0.001804941206489552,1,1,-1,0.5,Trend
2020-07-06 00:00:00+09:00,273564.71875,279395.5830928064,270163.3812166963,1211636,252014.83203125,218552.14348958334,0.028321386879848576,0.027176622381442934,75.33336649026323,12656.365818503808,12185.376939590287,470.98887891352024,0.014414441139699363,1,1,-1,0.5,Trend
2020-07-07 00:00:00+09:00,271621.15625,281339.2655970483,271135.2507826476,1365047,254055.63671875,220382.38776041666,0.02814096483815977,0.02703550195170851,70.50368250249156,12552.228097567888,12258.747171185807,293.4809263820807,-0.007104580257573878,1,1,-1,0.5,Trend
2020-07-08 00:00:00+09:00,274536.5625,276480.18418141594,266276.1703539823,1353345,255926.37265625,222245.02526041667,0.027799852875176886,0.02703450143345972,75.3623961757006,12560.161400566023,12319.03001706185,241.13138350417285,0.01073335483233362,1,1,-1,0.5,Trend
2020-07-09 00:00:00+09:00,279395.625,288141.9228260869,276480.19239130436,2006662,258210.1296875,224204.84401041668,0.027398575422502975,0.026988290103838665,76.38896735731035,12810.858730258973,12417.395759701274,393.462970557699,0.017699145264121308,1,1,-1,0.5,Trend
2020-07-10 00:00:00+09:00,290571.4375,299803.6403637124,281825.1400501672,2120904,260979.79140625,226359.025,0.028208793984353758,0.027216744510978497,73.01595322497084,13752.799131240521,12684.476434009124,1068.322697231397,0.03999995526057365,1,1,-1,0.5,Trend
2020-07-13 00:00:00+09:00,288627.8125,294944.582807239,279881.51515151514,1254800,264162.47109375,228440.32005208332,0.02547374042425895,0.027290948426176905,67.79667021478951,14179.012560713396,12983.38365934998,1195.628901363416,-0.006688974720717389,1,1,1,1.0,Trend
2020-07-14 00:00:00+09:00,278909.6875,282796.93053135887,276966.06598432054,1360849,266276.16015625,230327.25260416666,0.025855310809722136,0.027865131929659614,56.0606296834043,13576.121229836426,13101.93117344727,474.19005638915587,-0.03367009199780424,1,1,1,1.0,Trend
2020-07-15 00:00:00+09:00,278423.75,284740.51919720764,272592.88612565445,1276196,268001.12265625,232068.41302083334,0.0254020671076676,0.027395430696735053,64.91223814313705,12910.292594763712,13063.60345771056,-153.31086294684792,-0.0017422754453446654,1,1,-1,0.5,Trend
2020-07-16 00:00:00+09:00,265304.34375,276966.0731456044,264332.532967033,1338814,269240.18125,233574.71979166666,0.027897071830188663,0.028336500069910238,52.8571412165041,11194.943819766457,12689.87153012174,-1494.9277103552831,-0.04712028427890935,1,1,-1,0.5,Trend
2020-07-17 00:00:00+09:00,268219.78125,271621.11905570654,258501.67323369565,926932,270527.83046875,235153.9125,0.027921592272748076,0.02826921617058508,58.82353497517564,9956.002399813966,12143.097704060187,-2187.0953042462206,0.010989030404821687,1,1,-1,0.5,Trend
2020-07-20 00:00:00+09:00,255586.25,270163.4125475285,253156.72290874526,1556415,270187.69765625,236465.85729166667,0.02447367363336118,0.02911319840108219,47.4358998143374,7864.060020651057,11287.290167378362,-3423.2301467273046,-0.047101415082523856,1,1,-1,0.5,Trend
2020-07-21 00:00:00+09:00,262388.90625,265790.2439236111,261417.0954861111,1179638,269896.15390625,237761.60520833332,0.02470619528926199,0.028832508748883608,50.602401936674525,6678.116945572954,10365.455523017281,-3687.338577444327,0.026615892873736335,1,1,-1,0.5,Trend
2020-07-22 00:00:00+09:00,262388.90625,264818.4331597222,254128.51475694444,905784,269458.83984375,239016.86067708334,0.024549677963131473,0.02882644970085228,45.33331732653273,5672.855368852848,9426.935492184395,-3754.080123331547,0.0,1,1,-1,0.5,Trend
2020-07-23 00:00:00+09:00,275994.28125,275994.28125,263360.7402068662,1396607,270163.40234375,240417.88854166667,0.02587711476343409,0.029295003322940112,53.672343892047216,5905.938402831613,8722.73607431384,-2816.797671482227,0.051851944483647605,1,1,-1,0.5,Trend
2020-07-24 00:00:00+09:00,273078.8125,282311.01434608543,270649.2856983986,1233584,270746.4875,241762.22682291668,0.026030637539363247,0.02937089985071074,49.714285084281215,5788.676168452192,8135.924093141511,-2347.247924689319,-0.01056351144956924,1,1,-1,0.5,Trend
2020-07-27 00:00:00+09:00,276480.15625,279395.5884775923,268705.670309754,691075,271742.5921875,243171.35260416666,0.025640325341868837,0.029362004056623967,52.80895669284226,5902.16849287349,7689.172973087907,-1787.0044802144166,0.012455538819951428,1,1,-1,0.5,Trend
2020-07-28 00:00:00+09:00,279881.5,283768.74305555556,275994.25694444444,978238,272762.99296875,244612.87161458333,0.02565555748510871,0.029372158087706376,53.07261104572036,6195.158066219185,7390.369991714162,-1195.2119254949775,0.012302306958060338,1,1,-1,0.5,Trend
2020-07-29 00:00:00+09:00,283768.71875,283768.71875,275022.42262414383,964066,273880.5734375,245908.61848958334,0.025742216825728147,0.028420383341278898,52.54234024146046,6664.199734040245,7245.135940179379,-580.9362061391339,0.013888802046580384,1,1,-1,0.5,Trend
2020-07-30 00:00:00+09:00,285712.375,289113.71279761905,282796.9426020408,1150474,274706.6125,247180.07109375,0.025065685723486934,0.028384236360763596,46.835440461750125,7110.786727529252,7218.266097649354,-107.47937012010243,0.006849438016148568,1,1,-1,0.5,Trend
2020-07-31 00:00:00+09:00,292515.0,294458.62126245844,288141.8521594684,1567503,275848.4890625,248589.19635416666,0.025479500042525305,0.028435964232598827,52.38091774531166,7922.301759721187,7359.073230063721,563.2285296574664,0.02380934672500623,1,1,1,1.0,Trend
2020-08-03 00:00:00+09:00,305634.5,305634.5,290571.4324324324,1341104,277451.978125,250208.88125,0.026921907445427957,0.028855572970810883,65.71428466427938,9514.39129480347,7790.136843011672,1724.2544517917986,0.04485069141753417,1,1,1,1.0,Trend
2020-08-04 00:00:00+09:00,302233.125,312923.0426045016,298831.78758038586,1330818,278982.5765625,251690.89244791667,0.027037593536118613,0.028858931603850228,63.53590826495203,10381.994021209248,8308.508278651188,2073.4857425580594,-0.011128897424865336,1,1,1,1.0,Trend
2020-08-05 00:00:00+09:00,304662.6875,305634.49830542266,297860.0118620415,809939,280488.8828125,253229.59296875,0.027016442230949227,0.028827961545876173,75.47165766489462,11137.237678407982,8874.254158602547,2262.983519805435,0.008038703566989991,1,1,-1,0.5,Trend
2020-08-06 00:00:00+09:00,312923.0625,312923.0625,301747.23883928574,1032045,282165.2546875,254897.86796875,0.027314576937665497,0.02894708279212653,77.0587770194327,12260.980000390904,9551.599326960219,2709.3806734306854,0.027113182345311015,1,1,-1,0.5,Trend
2020-08-07 00:00:00+09:00,305148.59375,316324.4180433917,303204.97213375795,1063254,282894.1125,256533.74973958332,0.026943109165158338,0.028896522532371984,81.87495251903358,12381.493087410112,10117.578079050198,2263.9150083599143,-0.024844665292127477,1,1,-1,0.5,Trend
2020-08-10 00:00:00+09:00,304662.6875,305634.49830542266,294944.5794457735,968592,283695.85625,258129.1390625,0.02687576352091759,0.028912566071398988,79.59179298447786,12296.050784221094,10553.272620084377,1742.7781641367164,-0.0015923594601195967,1,1,-1,0.5,Trend
2020-08-11 00:00:00+09:00,302719.09375,305634.5264345907,298831.85017054575,665863,284886.3265625,259716.43046875,0.025549091678935022,0.028907986408133225,77.48343411851792,11933.938358255604,10829.405767718625,1104.5325905369791,-0.00637949387878356,1,1,-1,0.5,Trend
2020-08-12 00:00:00+09:00,296402.28125,302233.1457991803,294944.56511270494,856711,285785.253125,261060.76901041667,0.02614108145142021,0.028795612087151888,65.4411291817518,11010.327473430778,10865.590108861055,144.73736456972256,-0.02086691137235208,1,1,1,1.0,Trend
2020-08-13 00:00:00+09:00,298345.9375,302719.0864210098,295430.5048859935,1406370,287437.3328125,262388.91119791666,0.023174097273959898,0.0287763788740801,69.40298507462686,10316.276395879337,10755.727366264713,-439.4509703853764,0.0065574942331858566,1,1,-1,0.5,Trend
2020-08-14 00:00:00+09:00,296402.28125,299803.61890368856,294458.65973360656,608156,288846.4578125,263595.5763020833,0.02330208942410613,0.028706096152721915,65.64882273236063,9499.890279326122,10504.559948876995,-1004.6696695508726,-0.006514773642594007,1,1,-1,0.5,Trend
2020-08-18 00:00:00+09:00,298831.8125,308549.92022357724,296402.2855691057,1494966,291008.7359375,264672.6666666667,0.01964546677529315,0.028229756003642383,65.11624660612955,8945.819429840543,10192.811845069704,-1246.9924152291605,0.008196736002685556,1,1,-1,0.5,Trend
2020-08-19 00:00:00+09:00,306120.40625,307092.21706349205,296888.2035218254,941038,293195.3109375,265903.6270833333,0.019543914249109524,0.028298806631514215,66.91174871114399,8991.197958820907,9952.489067819944,-961.2911089990375,0.024390287262337607,1,1,-1,0.5,Trend
2020-08-20 00:00:00+09:00,296888.1875,310007.63277414074,293972.75521685765,1186809,294920.275,267150.784375,0.02130018073656175,0.02793234889379793,57.615869500404614,8187.813852366002,9599.554024729157,-1411.7401723631556,-0.030158782497042402,1,1,-1,0.5,Trend
2020-08-21 00:00:00+09:00,303690.84375,305634.46515,299317.69560000004,781961,296305.103125,268316.95703125,0.019034106654014855,0.02736718371985061,57.61588755232865,8007.7354771962855,9281.190315222584,-1273.4548380262986,0.022913192698176932,1,1,-1,0.5,Trend
2020-08-24 00:00:00+09:00,310979.46875,310979.46875,301261.3603515625,783392,298200.1359375,269839.4609375,0.01912017561771896,0.026041504626825366,53.956830870864145,8356.820961297548,9096.316444437576,-739.4954831400282,0.024000147353800516,1,1,-1,0.5,Trend
2020-08-25 00:00:00+09:00,315838.5,315838.5,308064.01384615386,897649,300168.053125,271264.7833333333,0.019183434867869872,0.025494200570360823,59.859154929577464,8922.701586034498,9061.59347275696,-138.891886722462,0.015624926203428036,1,1,-1,0.5,Trend
2020-08-26 00:00:00+09:00,324584.78125,328957.92950037424,311951.2418600299,1155853,302403.2171875,272884.46770833334,0.01970376054822652,0.025539212880760095,63.225775934787585,9962.081188480428,9241.691015901655,720.3901725787728,0.027692258068601427,1,1,1,1.0,Trend
2020-08-27 00:00:00+09:00,327500.21875,337218.32613130566,327014.3133809347,1232239,304589.7921875,274690.4158854167,0.019650820750738714,0.024911241731980525,60.41664898807756,10895.452458904067,9572.443304502138,1323.0091544019288,0.008982052358623926,1,1,1,1.0,Trend
2020-08-28 00:00:00+09:00,323613.0,328957.95945945947,320211.66216216213,969408,306484.8234375,276318.19921875,0.02011059721451483,0.024825102352717263,63.97057119739647,11192.47002167016,9896.448647935744,1296.0213737344166,-0.011869362300998443,1,1,1,1.0,Trend
2020-08-31 00:00:00+09:00,313408.96875,330415.6569767442,312923.063372093,1528978,307529.521875,277800.21041666664,0.021392234170200024,0.02525824570521915,55.76921253457331,10483.629778576083,10013.884874063813,469.7449045122703,-0.03153158633923858,1,1,1,1.0,Trend
2020-09-01 00:00:00+09:00,315352.625,320211.67931432975,312923.0978428351,691864,308015.428125,279160.74609375,0.019190505225599553,0.024843514699321886,58.333309284746946,9963.848550755065,10003.877609402065,-40.029058647000056,0.006201661227986266,1,1,-1,0.5,Trend
2020-09-02 00:00:00+09:00,323127.0625,326042.4946428572,317782.10357142857,808064,309060.125,280699.44609375,0.019588770182446116,0.024858631629026334,67.29557102749719,10063.24746285245,10015.751580092143,47.49588276030772,0.02465315612958663,1,1,1,1.0,Trend
2020-09-03 00:00:00+09:00,329443.875,329929.780420354,320211.67201327434,776547,310299.184375,282238.1466145833,0.01989320871202815,0.024766588343936777,69.04759534956723,10530.348491272365,10118.670962328188,411.67752894417754,0.01954900481292876,1,1,1,1.0,Trend
2020-09-04 00:00:00+09:00,319239.8125,325556.58200152207,312923.04299847793,1174337,310615.021875,283663.46875,0.0206207909044994,0.02509389991695609,62.70267677085466,9962.307576316234,10087.398285125797,-125.09070880956278,-0.030973599069037183,1,1,-1,0.5,Trend
2020-09-07 00:00:00+09:00,305634.5,316324.41891891893,304662.6891891892,1308247,310639.3171875,284837.7403645833,0.022198683471014446,0.02587018455244509,53.365388777646814,8318.406630680314,9733.5999542367,-1415.1933235563865,-0.04261784391318668,1,1,-1,0.5,Trend
2020-09-08 00:00:00+09:00,302233.125,309035.7998392283,296888.1661977492,989171,310517.8390625,286125.3888020833,0.0223400466289559,0.025155893316486266,47.999981992393714,6664.318634747004,9119.743690338762,-2455.425055591759,-0.011128897424865336,1,1,-1,0.5,Trend
2020-09-09 00:00:00+09:00,295916.34375,298345.8703817734,291543.1958128079,925825,310177.7015625,287113.39609375,0.022786221681429727,0.024649421631127235,49.48451899434544,4788.531317309185,8253.501215732847,-3464.969898423662,-0.020900360441960197,1,1,-1,0.5,Trend
2020-09-10 00:00:00+09:00,298831.8125,302233.15020325204,296402.2855691057,834946,310299.178125,288028.51796875,0.022406475755495255,0.02441514669349006,47.311844315903286,3496.9002273814986,7302.181018062578,-3805.2807906810795,0.009852341080772042,1,1,-1,0.5,Trend
2020-09-11 00:00:00+09:00,297374.09375,298345.9045138889,292515.03993055556,517023,310250.5859375,288976.0333333333,0.022387666103617886,0.02433288062385272,41.95401704069156,2328.802575986483,6307.50532964736,-3978.7027536608766,-0.004878057452467499,1,1,-1,0.5,Trend
2020-09-14 00:00:00+09:00,294458.6875,299317.7417491749,291543.25495049503,608816,310153.40625,289842.56484375,0.022449543471765424,0.024386300221197962,37.05885156893129,1154.519272745587,5276.908118267006,-4122.388845521419,-0.009803833996551714,1,1,-1,0.5,Trend
2020-09-15 00:00:00+09:00,303204.96875,305148.59034455125,294458.67157451925,797985,310372.0640625,290522.83255208336,0.02334791891273376,0.022545264262122857,37.05885156893129,919.04887251131,4405.336269115867,-3486.287396604557,0.029702914606654307,1,1,-1,0.5,Trend
2020-09-16 00:00:00+09:00,298345.9375,303204.9918566775,297374.1266286645,696219,309983.340625,291024.93515625,0.022958942486770717,0.022521746816057817,32.7586570138195,336.47499628772493,3591.564014550239,-3255.089018262514,-0.01602556603881511,1,1,-1,0.5,Trend
2020-09-17 00:00:00+09:00,292029.125,295430.462562396,290571.40890183026,823516,309740.3875,291373.16744791664,0.022425107176610493,0.02268599480122508,31.843586860060284,-627.6972713664873,2747.711757366894,-3375.409028733381,-0.02117277866402989,1,1,-1,0.5,Trend
2020-09-18 00:00:00+09:00,289599.59375,293486.8366191275,287655.97231543623,750488,309035.825,291834.77682291664,0.02177895699516324,0.02223056280411151,34.9693389507774,-1569.7584095985512,1884.2177239738048,-3453.976133572356,-0.008319482688584623,1,1,-1,0.5,Trend
2020-09-21 00:00:00+09:00,283768.71875,293000.9202161815,283768.71875,656024,307675.2875,292207.30364583334,0.021221880167074207,0.02240769077992708,30.99413775063684,-2755.0925388732576,956.3556714043924,-3711.44821027765,-0.02013426512273897,1,1,-1,0.5,Trend
2020-09-22 00:00:00+09:00,276480.15625,286684.16904657293,274050.6293936731,864846,305707.3703125,292539.3385416667,0.021184949297974393,0.022537421540892742,21.76475194726045,-4233.799847691087,-81.67543241470344,-4152.124415276384,-0.025684869467311522,1,1,-1,0.5,Trend
2020-09-23 00:00:00+09:00,288141.875,289599.5910623946,277451.95720910624,984136,303885.225,293017.14505208336,0.022553370942861885,0.02309065192422128,26.519329753130904,-4413.803225281241,-948.100990988011,-3465.70223429323,0.04217922511391814,1,1,-1,0.5,Trend
2020-09-24 00:00:00+09:00,285712.375,287170.0911989796,278909.6994047619,848971,301795.8328125,293422.06614583335,0.02228249914591802,0.02311538366273757,29.090926807973247,-4698.338028518192,-1698.1483984940473,-3000.1896300241447,-0.008431610296143144,1,1,-1,0.5,Trend
2020-09-25 00:00:00+09:00,286684.15625,289113.6829978814,281339.19740466104,648182,299949.390625,293713.60885416664,0.022360941393703065,0.022826977298921306,35.97119705807643,-4790.200831299007,-2316.5588850550394,-2473.641946243968,0.0034012571209069975,1,1,-1,0.5,Trend
2020-09-28 00:00:00+09:00,290085.53125,293486.86913735344,287656.0041876047,724465,298783.21875,294053.74322916666,0.021822089258615715,0.0228689761592855,41.007223869630735,-4536.2491715825745,-2760.4969423605467,-1775.7522292220278,0.011864537770388317,1,1,-1,0.5,Trend
2020-09-29 00:00:00+09:00,288141.875,294458.6446037099,285712.3482293423,765489,297422.68125,294296.69583333336,0.021699760631444083,0.02282600522809264,43.846169448694866,-4440.638550191303,-3096.5252639266982,-1344.1132862646045,-0.006700286779642739,1,1,-1,0.5,Trend
2020-10-05 00:00:00+09:00,290085.53125,290571.4366624791,281339.2338253769,906516,295770.6046875,294604.4354166667,0.020805032002426564,0.022813820678268093,42.96876452379051,-4160.074874740094,-3309.2351860893777,-850.8396886507162,0.00674548345324677,1,1,-1,0.5,Trend
2020-10-06 00:00:00+09:00,296402.28125,298831.8081454918,288141.88980532787,868540,294118.525,294968.8640625,0.020946868135120977,0.02293396350173074,49.275360968012244,-3388.9514837200404,-3325.1784456155106,-63.77303810452986,0.0217754741947338,-1,1,-1,-0.19999999999999996,MeanReversion
2020-10-07 00:00:00+09:00,296402.28125,296402.28125,291057.32207991806,534644,292976.6484375,295252.30833333335,0.02003909608390307,0.02283467340181068,51.51512936883211,-2746.1744510550634,-3209.3776467034213,463.2031956483579,0.0,-1,1,1,0.30000000000000004,Trend
2020-10-08 00:00:00+09:00,292515.0,298831.76910299005,291543.18936877075,756735,292320.6734375,295284.7010416667,0.017897977068582024,0.022344524750073612,40.98357544661848,-2521.3752864194685,-3071.777174646631,550.4018882271625,-0.013114883035334257,-1,1,-1,-0.19999999999999996,MeanReversion
2020-10-12 00:00:00+09:00,283768.71875,294458.6362371575,283282.8134096746,914860,291397.453125,295203.7161458333,0.018890586269627595,0.022672986178492987,38.461508017586105,-3014.226008868369,-3060.2669414909788,46.040932622609944,-0.029900282891475616,-1,1,-1,-0.19999999999999996,MeanReversion
2020-10-13 00:00:00+09:00,286684.15625,289599.58834745764,283768.72415254236,636487,290935.84375,295333.290625,0.01861951982334764,0.022267031067011382,45.528450608488775,-3133.4419480078504,-3074.901942794353,-58.54000521349735,0.010273991836882157,-1,1,-1,-0.19999999999999996,MeanReversion
2020-10-14 00:00:00+09:00,290085.53125,292515.0583123953,284740.57171273034,759464,290498.5296875,295527.6536458333,0.018688793819182543,0.02231288748510974,50.400025930941375,-2919.8012513449066,-3043.881804504464,124.08055315955744,0.011864537770388317,-1,1,1,0.30000000000000004,Trend
2020-10-15 00:00:00+09:00,284254.6875,292029.1746794872,282796.9711538461,624097,289842.559375,295843.49270833336,0.019148815578091123,0.021552220401373102,50.40005186190943,-3184.2833835737547,-3071.9621203183224,-112.32126325543231,-0.020100429431535116,-1,1,-1,-0.19999999999999996,MeanReversion
2020-10-16 00:00:00+09:00,285226.46875,289113.71193568996,283282.84715715505,446832,289380.9484375,296126.9375,0.019101531491056683,0.021516229866281194,58.035723514286076,-3277.689588213747,-3113.1076138974076,-164.58197431633926,0.0034186991199574024,-1,1,-1,-0.19999999999999996,MeanReversion
2020-10-19 00:00:00+09:00,277937.875,288141.8878933566,277937.875,434420,288117.59375,296499.46458333335,0.018379073258917442,0.020831084022210827,39.805850097343445,-3894.944781726983,-3269.475047463323,-625.46973426366,-0.025553707487043997,-1,1,-1,-0.19999999999999996,MeanReversion
2020-10-20 00:00:00+09:00,281825.125,282796.9357758621,273078.8280172414,535870,287291.553125,296823.4015625,0.018590060391301573,0.02064102269517042,46.22641509433962,-4024.068425855832,-3420.393723141825,-603.6747027140073,0.013986039146338003,-1,1,-1,-0.19999999999999996,MeanReversion
2020-10-21 00:00:00+09:00,289113.6875,292515.025,282796.91785714286,640501,287145.78125,297268.8145833333,0.01908074931007881,0.020877901080216803,52.100840336134446,-3497.951555291773,-3435.9052895718146,-62.04626571995823,0.0258620039643378,-1,1,-1,-0.19999999999999996,MeanReversion
2020-10-22 00:00:00+09:00,284740.5625,287655.99488054606,283768.75170648465,416425,286902.8296875,297414.5859375,0.01929092117277891,0.019972290231029616,45.45454062262315,-3394.742308493238,-3427.6726933560994,32.9303848628615,-0.015125970125506427,-1,1,1,0.30000000000000004,Trend
2020-10-23 00:00:00+09:00,278423.75,287170.0458115183,277937.84467713785,451654,286635.58125,297503.66822916665,0.01940764892760585,0.02014150226487204,42.307684696700456,-3779.0991116169607,-3497.957977008272,-281.14113460868884,-0.022184449045611454,-1,1,-1,-0.19999999999999996,MeanReversion
2020-10-26 00:00:00+09:00,273564.71875,280853.299178508,273564.71875,349163,286489.809375,297455.07760416664,0.018920673734428593,0.020209184665768983,37.49997635553706,-4424.781731025898,-3683.3227278117974,-741.4590032141004,-0.01745192804133988,-1,1,-1,-0.19999999999999996,MeanReversion
2020-10-27 00:00:00+09:00,275508.34375,280367.3974316578,272592.9115410053,2071432,285858.1328125,297382.19166666665,0.01630343348056305,0.020166515862263153,33.070865742991415,-4725.186555565451,-3891.6954933625284,-833.4910622029229,0.0071048087227074674,-1,1,-1,-0.19999999999999996,MeanReversion
2020-10-28 00:00:00+09:00,290085.53125,290085.53125,273564.7472257119,698195,286076.790625,297487.471875,0.020164755579762536,0.02117667090494457,45.85988800543998,-3743.845616893377,-3862.1255180686985,118.27990117532136,0.052910148932649115,-1,1,1,0.30000000000000004,Trend
2020-10-29 00:00:00+09:00,290085.53125,292515.0583123953,286198.2879501675,785050,286246.859375,297560.3578125,0.020155686152902353,0.021159711273858444,48.32218791719775,-2932.3238487953786,-3676.165184214035,743.8413354186564,0.0,-1,1,1,0.30000000000000004,Trend
2020-10-30 00:00:00+09:00,281825.125,291543.2327586207,281825.125,939833,285833.8390625,297382.1932291667,0.021000590952030045,0.021264244125905708,48.64866861430467,-2922.049186054268,-3525.3419845820817,603.2927985278138,-0.02847576097437643,-1,1,1,0.30000000000000004,Trend
2020-11-02 00:00:00+09:00,277452.0,284740.5814360771,277452.0,503831,285299.3453125,296912.48489583336,0.021212105894538764,0.02052888748954936,43.70864114451455,-3229.5528071424924,-3466.1841490941642,236.63134195167186,-0.015517158024856759,-1,1,-1,-0.19999999999999996,MeanReversion
2020-11-03 00:00:00+09:00,275022.4375,278909.6804328622,272107.00530035334,1066923,284546.190625,296458.9734375,0.021164230766518778,0.02051226199332895,39.5972974757823,-3627.48168056336,-3498.4436553880037,-129.03802517535632,-0.008756694851722147,-1,1,-1,-0.19999999999999996,MeanReversion
2020-11-04 00:00:00+09:00,290085.53125,292029.1528999163,274050.65263819095,1623712,284230.353125,296216.0208333333,0.024070993785694116,0.021672430227948975,53.57141353227454,-2696.296177624492,-3338.0141598353016,641.7179822108096,0.05477041759547352,-1,1,1,0.30000000000000004,Trend
2020-11-05 00:00:00+09:00,290571.4375,293486.8699832776,283282.85629180603,1082388,283938.8109375,295843.49375,0.024077843547532746,0.021371458843398135,53.29341571028556,-1897.2461120442022,-3049.860550277082,1152.6144382328798,0.0016750447631985743,-1,1,1,0.30000000000000004,Trend
2020-11-06 00:00:00+09:00,292515.0,298345.8637873754,290571.3787375415,968971,283938.8109375,295632.93385416665,0.023957203392253698,0.021161543045368693,59.615359245395034,-1094.5466747713508,-2658.797775175936,1564.251100404585,0.006688759627311969,-1,1,1,0.30000000000000004,Trend
2020-11-09 00:00:00+09:00,289599.59375,295916.3634123322,289599.59375,678531,284230.3546875,295381.88229166664,0.023013887597235556,0.02119545185385001,55.19479516116032,-685.74565782235,-2264.1873517052186,1578.4416938828685,-0.009966689742406332,-1,1,1,0.30000000000000004,Trend
2020-11-10 00:00:00+09:00,275022.4375,279881.4911660777,274050.62676678447,1728995,283647.26875,294920.2713541667,0.02571143922253294,0.022178549770184488,41.42012104532502,-1520.4952666762983,-2115.4489346994346,594.9536680231363,-0.05033555489923747,-1,1,-1,-0.19999999999999996,MeanReversion
2020-11-11 00:00:00+09:00,272107.03125,275022.4637276786,269677.50418526784,1183499,282748.34375,294515.35052083334,0.02556364730887309,0.022063786076934974,42.16867889981478,-2389.7418090356514,-2170.307509566678,-219.43429946897322,-0.010600612359128014,-1,1,-1,-0.19999999999999996,MeanReversion
2020-11-12 00:00:00+09:00,271135.1875,277451.9571012545,271135.1875,1016673,282092.36875,294061.8380208333,0.025246191505750814,0.022040552998193175,45.161301030251984,-3121.0678971059388,-2360.45958707453,-760.6083100314086,-0.0035715495683281695,-1,1,-1,-0.19999999999999996,MeanReversion
2020-11-13 00:00:00+09:00,273078.8125,274050.6232206406,269677.474977758,710865,281484.9859375,293673.11354166665,0.025304812081836974,0.022059304303547904,49.664428950831685,-3503.4294430629234,-2589.0535582722086,-914.3758847907147,0.007168472000706361,-1,1,-1,-0.19999999999999996,MeanReversion
2020-11-16 00:00:00+09:00,270163.375,275022.4285071943,269677.4696492806,887878,281096.2609375,293195.30625,0.024778955138418126,0.02205584405249009,46.357609688678586,-3995.6458458147827,-2870.372015780724,-1125.2738300340588,-0.010676176131386939,-1,1,-1,-0.19999999999999996,MeanReversion
2020-11-17 00:00:00+09:00,267247.96875,270163.4011363636,265790.2525568182,816320,280367.403125,292547.4322916667,0.024591355733364743,0.021823770196393193,31.49604146009709,-4568.319071950158,-3209.9614270146108,-1358.3576449355473,-0.010791271207653552,-1,1,-1,-0.19999999999999996,MeanReversion
2020-11-18 00:00:00+09:00,273078.8125,275508.3393016014,266276.13745551603,912899,279565.659375,292150.609375,0.02436790888958002,0.02171437184482645,37.41003699153983,-4499.795527504059,-3467.9282471125007,-1031.8672803915579,0.021818103154432222,-1,1,-1,-0.19999999999999996,MeanReversion
2020-11-19 00:00:00+09:00,272592.9375,275994.2754010695,271621.12667112297,520114,278958.278125,291632.3109375,0.024192994108524327,0.02148362438130799,42.276420638738415,-4433.588527980784,-3661.0603032861577,-772.5282246946267,-0.001779248252736565,-1,1,-1,-0.19999999999999996,MeanReversion
2020-11-20 00:00:00+09:00,273078.8125,275508.3393016014,270649.2856983986,439077,278691.03125,291000.63333333336,0.023727456495227024,0.021227141524863265,46.08691324111025,-4292.4324625083245,-3787.3347351305915,-505.097727377733,0.0017824196197306907,-1,1,-1,-0.19999999999999996,MeanReversion
2020-11-23 00:00:00+09:00,273564.71875,274536.5294738011,270649.2865785968,565213,278691.03125,290296.0703125,0.023405832819239136,0.021107103003867488,48.64864238489256,-4094.1617421238334,-3848.70013652924,-245.4616055945935,0.0017793626885644898,-1,1,-1,-0.19999999999999996,MeanReversion
2020-11-24 00:00:00+09:00,274536.5625,278909.71128318587,272107.0353982301,809745,278642.4421875,289461.93333333335,0.023362877246198458,0.0207602276092796,30.4877369685438,-3814.6383231088985,-3841.887773845172,27.249450736273502,0.003552518593920473,-1,1,-1,-0.19999999999999996,MeanReversion
2020-11-25 00:00:00+09:00,270649.3125,278909.704443447,270649.3125,909937,277670.63125,288514.41822916665,0.02009967516442577,0.020754068088679422,26.96621175355203,-3862.260848688602,-3845.962388813858,-16.298459874743912,-0.014159316211296957,-1,1,-1,-0.19999999999999996,MeanReversion
2020-11-26 00:00:00+09:00,277452.0,277452.0,272107.04028021015,797094,277038.9546875,287745.0682291667,0.021068211388116556,0.021031831080361992,34.34348093281173,-3312.893045667617,-3739.34852018461,426.45547451699304,0.025134693442090406,-1,1,-1,-0.19999999999999996,MeanReversion
2020-11-27 00:00:00+09:00,276480.15625,279395.5884775923,275022.4401362039,417510,276771.70625,287129.5880208333,0.02012076755469889,0.020673622412457862,35.78947867247243,-2922.2489060282824,-3575.9285973533447,653.6796913250623,-0.0035027455199457824,-1,1,-1,-0.19999999999999996,MeanReversion
2020-11-30 00:00:00+09:00,269677.46875,278423.7650337838,269677.46875,1176272,276382.9796875,286368.33541666664,0.02057854964484337,0.020851721657785243,43.03796334814702,-3125.5512307435274,-3485.8531240313814,360.301893287854,-0.024604613916120788,-1,1,-1,-0.19999999999999996,MeanReversion
2020-12-01 00:00:00+09:00,277452.0,277937.9054290718,272107.04028021015,709278,276504.4578125,285607.084375,0.02153698095717508,0.020947246919412306,56.17977528089887,-2629.0243343723705,-3314.4873660995795,685.463031727209,0.0288289981585641,-1,1,1,0.30000000000000004,Trend
2020-12-02 00:00:00+09:00,275508.34375,278909.6813271605,274050.6276455026,601596,275775.5984375,284708.1588541667,0.017606834183299867,0.02075579167099263,54.94505494505495,-2365.096645370766,-3124.609221953817,759.5125765830508,-0.007005378407796692,-1,1,1,0.30000000000000004,Trend
2020-12-03 00:00:00+09:00,278909.6875,278909.6875,275508.349847561,740985,275192.5109375,284035.9901041667,0.017898522643512722,0.020504954615542626,56.38297872340425,-1860.0307591686724,-2871.693529396788,1011.6627702281157,0.012345701417618038,-1,1,1,0.30000000000000004,Trend
2020-12-04 00:00:00+09:00,285712.375,287170.0911989796,276480.1724064626,1174932,274852.3796875,283703.9546875,0.01874937927781431,0.020050305981532388,65.68627450980392,-900.4624066266697,-2477.447304842765,1576.9848982160952,0.02439028762670703,-1,1,1,0.30000000000000004,Trend
2020-12-07 00:00:00+09:00,281339.1875,292029.10481433506,279881.4715025907,821860,274439.359375,283355.72239583335,0.0189217814240165,0.02009373581405777,63.80944564256695,-487.26042208092986,-2079.409928290398,1592.1495062094682,-0.015306258610604417,-1,1,1,0.30000000000000004,Trend
2020-12-08 00:00:00+09:00,276966.0625,283282.8323464912,276966.0625,566981,274536.540625,283039.884375,0.015252419995073574,0.020014214590622973,53.92156368221942,-506.82712453563,-1764.8933675394446,1258.0662430038146,-0.015543959726548984,-1,1,1,0.30000000000000004,Trend
2020-12-09 00:00:00+09:00,279881.5,280853.3107638889,276966.0677083333,533304,274925.2640625,282724.04583333334,0.015181294897986324,0.02002056167285399,57.00930310275727,-283.81084156385623,-1468.6768623443272,1184.866020780471,0.010526334792371861,-1,1,1,0.30000000000000004,Trend
2020-12-10 00:00:00+09:00,277937.875,281825.11800699297,276480.1588723776,959427,275265.3984375,282400.10885416664,0.015258648219863445,0.020029042252689207,54.545443915261636,-260.8956814968842,-1227.1206261748387,966.2249446779545,-0.006944456850488501,-1,1,1,0.30000000000000004,Trend
2020-12-11 00:00:00+09:00,281825.125,283282.8411637931,279395.5980603448,503588,275702.7140625,282189.5494791667,0.015469145609595173,0.020088165534100207,57.264941291321584,70.12497874360997,-967.671505191149,1037.796483934759,0.013986039146338003,-1,1,1,0.30000000000000004,Trend
2020-12-14 00:00:00+09:00,277937.875,285712.361013986,277937.875,555272,276091.4390625,281768.43125,0.015616697844635772,0.019765811976492485,52.845497848399766,18.578487721271813,-770.4215066086649,788.9999943299367,-0.01379312791930809,-1,1,1,0.30000000000000004,Trend
2020-12-15 00:00:00+09:00,275022.4375,279395.58579946996,274536.53213339223,491995,276480.1625,281379.70625,0.015604231385669312,0.01970825330201975,53.718975758890046,-254.58917319623288,-667.2550399261786,412.6658667299457,-0.010489529359753558,-1,1,1,0.30000000000000004,Trend
2020-12-16 00:00:00+09:00,277452.0,278909.7162872154,275022.472854641,381896,276698.821875,281136.75416666665,0.014984820948276559,0.01957282166477317,50.0,-271.89686567353783,-588.1834050756504,316.28653940211257,0.008834051948943156,-1,1,1,0.30000000000000004,Trend
2020-12-17 00:00:00+09:00,276966.0625,278909.68399122806,274050.6302631579,522344,276917.478125,280926.1953125,0.014984570173275414,0.019548481913878788,50.450449406498365,-321.12272883183323,-534.771269826887,213.64854099505374,-0.0017514290760203277,-1,1,1,0.30000000000000004,Trend
2020-12-18 00:00:00+09:00,274536.5625,277451.9950221239,274050.657079646,487305,276990.365625,280772.3260416667,0.015134330658976678,0.01940875788772586,54.90198303784172,-549.8367500660243,-537.7843658747145,-12.052384191309784,-0.008771832830601789,-1,1,-1,-0.19999999999999996,MeanReversion
2020-12-21 00:00:00+09:00,275994.28125,277451.99752420775,272107.03785211267,473545,277111.84375,280764.228125,0.015173216525285202,0.019131327122432658,48.31460917735354,-606.4774447644595,-551.5229816526635,-54.95446311179603,0.0053097435792364145,-1,1,-1,-0.19999999999999996,MeanReversion
2020-12-22 00:00:00+09:00,275994.28125,285226.48431998235,275994.28125,750095,277184.7296875,280561.7682291667,0.015155743313426487,0.018345434291491776,50.5882726800871,-643.9426335479366,-570.0069120317181,-73.93572151621845,0.0,-1,1,-1,-0.19999999999999996,MeanReversion
2020-12-23 00:00:00+09:00,275994.28125,280853.33549735916,275022.47040052817,508019,277451.978125,280399.8,0.01476687650240153,0.018317357067864748,46.153890551218105,-665.9573240928585,-589.1969944439462,-76.76032964891226,0.0,-1,1,-1,-0.19999999999999996,MeanReversion
2020-12-24 00:00:00+09:00,274050.625,276480.1518173759,272107.0035460993,453095,277281.909375,280189.24114583334,0.013742714414685948,0.018328699575131658,32.352974556762575,-830.6655451853876,-637.4907045922346,-193.17484059315302,-0.007042378708707386,-1,1,-1,-0.19999999999999996,MeanReversion
2020-12-28 00:00:00+09:00,273078.8125,274536.5285809609,272107.0017793594,537848,277111.8421875,279905.79583333334,0.013743199818530186,0.018257599216244765,36.06564117702875,-1027.767678005097,-715.5460992748071,-312.2215787302898,-0.0035461057605689073,-1,1,-1,-0.19999999999999996,MeanReversion
2020-12-29 00:00:00+09:00,275416.46875,277362.874889576,272983.46107553004,506090,277398.7921875,279693.7057291667,0.012620278202053511,0.018282782080688575,47.193257523872056,-984.0002729150583,-769.2369340028574,-214.76333891220088,0.00856037210869287,-1,1,-1,-0.19999999999999996,MeanReversion
2020-12-30 00:00:00+09:00,284661.9375,285148.5391025641,276389.71025641024,1190327,277759.2890625,279603.3125,0.01317460731916973,0.018773583769279366,57.0435466463336,-200.9656219423632,-655.5826715907585,454.6170496483953,0.03356904832874119,-1,1,1,0.30000000000000004,Trend
2021-01-04 00:00:00+09:00,285148.5,286121.70307167235,277849.47696245735,947178,278241.296875,279415.74947916664,0.013028504585983374,0.01855556638796819,61.10084769409886,453.6273737990996,-433.7406625127869,887.3680363118865,0.0017092643444822642,-1,1,1,0.30000000000000004,Trend
2021-01-05 00:00:00+09:00,284661.9375,284661.9375,278822.7182692308,912657,278528.909375,279220.07708333334,0.012805758557804046,0.018555869868547372,54.87808285722883,922.5014887099969,-162.49223226823014,1084.993720978227,-0.0017063477451222386,-1,1,1,0.30000000000000004,Trend
2021-01-06 00:00:00+09:00,282228.875,292447.5066810345,281742.27349137934,1375856,278354.734375,279048.64166666666,0.011747484227631848,0.018512553767055014,57.767095733391855,1085.2497099226457,87.05615616994501,998.1935537527007,-0.008547199957142149,-1,1,1,0.30000000000000004,Trend
2021-01-07 00:00:00+09:00,281742.25,284175.2573402418,278822.64119170984,1155734,278374.8875,279014.8671875,0.011226251341569755,0.01809678885236337,63.33607041324118,1161.5723936656723,301.9594036690905,859.6129899965817,-0.0017242211662431561,-1,1,1,0.30000000000000004,Trend
2021-01-08 00:00:00+09:00,303639.375,303639.375,282228.90625,3175396,279708.553125,279297.45416666666,0.019639860508249327,0.02048799432042448,79.31749388108096,2954.9112781519652,832.5497785656655,2122.3614995863,0.07772041644446293,1,1,-1,0.5,Trend
2021-01-11 00:00:00+09:00,300719.75,314831.194579288,292934.1254045307,2765169,280750.465625,279474.69114583335,0.019837912696376712,0.02048289011565215,75.21870512762665,4093.3701047078357,1484.7138437940996,2608.6562609137363,-0.009615436074455141,1,1,-1,0.5,Trend
2021-01-12 00:00:00+09:00,295853.71875,300233.1323499178,284661.88399465464,1573299,281646.2578125,279668.00833333336,0.020206339240849684,0.02042022773427737,71.51861079443111,4550.503500388877,2097.8717751130553,2452.6317252758217,-0.016181282572893863,1,1,-1,0.5,Trend
2021-01-13 00:00:00+09:00,305585.78125,308991.9921875,295853.75,1894304,282834.290625,280007.3302083333,0.021125878302375695,0.020824308754436093,75.59541572061845,5633.145722071815,2804.926564504807,2828.2191575670076,0.032894845943186146,1,1,-1,0.5,Trend
2021-01-14 00:00:00+09:00,309478.5625,317264.18671383645,305585.75039308175,1548585,284411.325,280533.00833333336,0.020770618195995176,0.020569134274167636,77.13517584605512,6727.709548494953,3589.483161302837,3138.2263871921164,0.01273875124057322,1,1,-1,0.5,Trend
2021-01-15 00:00:00+09:00,297800.125,314344.5763888889,297313.5234885621,1106810,285550.209375,280799.25833333336,0.022741756617441843,0.02114955682857519,64.85867809388014,6576.991497419076,4186.984828526085,2390.006668892991,-0.037735852867030184,1,1,1,1.0,Trend
2021-01-18 00:00:00+09:00,292447.5,300233.1239600665,291960.89850249584,864969,286299.984375,280854.821875,0.0232336014283584,0.021039275105950023,61.979247637318764,5956.9660557224415,4540.981073965357,1415.9849817570848,-0.017973884329296363,1,1,1,1.0,Trend
2021-01-19 00:00:00+09:00,299746.53125,302179.5388088474,291474.30554991885,880238,287439.0078125,281104.92135416664,0.023716533882363316,0.021173241476313616,66.04292239880857,5985.5643870914355,4829.897736590572,1155.6666505008634,0.02495843271014464,1,1,1,1.0,Trend
2021-01-20 00:00:00+09:00,299746.53125,305099.14787946426,293907.3131087662,885472,288699.50625,281460.30104166665,0.02354822425499786,0.020951911835696616,65.0602050732891,5939.758927200048,5051.869974712467,887.8889524875804,0.0,1,1,1,1.0,Trend
2021-01-21 00:00:00+09:00,313857.96875,317264.1792635659,307532.1492248062,1941446,290592.690625,282131.85520833335,0.02532279734096341,0.021582482371761014,67.04539939712677,6961.880616148934,5433.8721029997605,1528.0085131491733,0.04707790092233144,1,1,1,1.0,Trend
2021-01-22 00:00:00+09:00,334295.25,340621.06986899563,317264.19650655024,3303950,293507.7390625,283111.63697916665,0.028240733404386622,0.022960209868783225,73.27185298697886,9313.674966565857,6209.832675712981,3103.8422908528764,0.0651163369577501,1,1,-1,0.5,Trend
2021-01-25 00:00:00+09:00,339647.875,343540.6873209169,330889.047277937,1593848,296690.41875,283937.67604166665,0.02818036736493895,0.022134406327309453,74.8898061493544,11477.10017026501,7263.286174623387,4213.8139956416235,0.01601166932524478,1,1,-1,0.5,Trend
2021-01-26 00:00:00+09:00,332835.4375,341594.2648026316,328942.6253654971,1247284,299629.659375,284650.1744791667,0.028758713820478645,0.022328893462541244,72.03386832552343,12497.855954698636,8310.200130638437,4187.655824060199,-0.020057353516491183,1,1,-1,0.5,Trend
2021-01-27 00:00:00+09:00,332348.84375,342567.4758418741,330402.43763726205,1149246,302593.1609375,285492.2364583333,0.028711731947090726,0.021957408064619145,72.03388792754147,13116.351088318159,9271.430322174383,3844.920766143776,-0.0014619649687993563,1,-1,-1,-0.30000000000000004,Defensive
2021-01-28 00:00:00+09:00,345487.09375,356192.32764084503,326023.0321302817,2285696,306096.6921875,286626.1546875,0.029427450232363348,0.022305918354251934,69.72474875056525,14499.518488295667,10317.04795539864,4182.470532897027,0.03953150506484948,1,-1,1,0.19999999999999996,Defensive
2021-01-29 00:00:00+09:00,333808.625,352299.48177842563,331375.6175291545,1607894,308554.0265625,287605.9244791667,0.030647867914814882,0.022787520362533478,64.40675429368203,14486.344232001109,11150.907210719135,3335.437021281974,-0.03380290888217874,1,-1,1,0.19999999999999996,Defensive
2021-02-01 00:00:00+09:00,338674.65625,343054.0699084052,332348.83652119257,988630,311230.334375,288415.74322916666,0.030643649283470367,0.02187359297994636,68.64405257620922,14699.109410323028,11860.547650639914,2838.5617596831144,0.014577308330484318,1,-1,1,0.19999999999999996,Defensive
2021-02-02 00:00:00+09:00,352786.125,363004.7575862069,343540.6955172414,1951062,314636.54375,289452.6546875,0.031357930094501704,0.022423050022074197,69.79590082095247,15823.995767580112,12653.237274027953,3170.758493552159,0.04166673971489421,1,-1,1,0.19999999999999996,Defensive
2021-02-03 00:00:00+09:00,360571.75,361058.3515519568,351326.3205128205,1197680,318553.6875,290586.93385416665,0.031108562136540396,0.02254749049381825,70.75097790853224,17146.06205013109,13551.802229248582,3594.2598208825093,0.022068966005961865,1,-1,-1,-0.30000000000000004,Defensive
2021-02-04 00:00:00+09:00,348406.6875,358625.3193959497,346460.281424581,1160116,321886.909375,291567.0520833333,0.03269266231888427,0.023007791124113483,70.47241765193414,17016.03991195734,14244.649765790335,2771.3901461670066,-0.03373825736486569,1,-1,-1,-0.30000000000000004,Defensive
2021-02-05 00:00:00+09:00,352786.125,361544.9529310345,346946.90637931036,982325,324344.246875,292863.11354166665,0.02901097228152936,0.021884525333019423,74.60315599547395,17069.612568237586,14809.642326279787,2259.970241957799,0.012569900800196265,1,-1,-1,-0.30000000000000004,Defensive
2021-02-08 00:00:00+09:00,347920.125,354732.54702797206,347433.52342657343,712484,326704.265625,294126.66510416666,0.029157619344718534,0.02192552735083226,70.04047993514475,16528.889007565565,15153.491662536944,1375.3973450286212,-0.013793059463435564,1,-1,-1,-0.30000000000000004,Defensive
2021-02-09 00:00:00+09:00,348893.28125,352299.4918061367,345487.0706938633,667655,329356.24375,295422.63333333336,0.02865219424228638,0.021903147359820498,70.28110688932654,15994.512482736318,15321.695826576819,672.816656159499,0.0027970680051923047,1,-1,-1,-0.30000000000000004,Defensive
2021-02-10 00:00:00+09:00,356678.9375,358625.34370736696,349379.9142223738,1147417,331910.9015625,296815.96875,0.028286181953136886,0.022021565301711486,68.64406110886006,16014.64576120075,15460.285813501607,554.359947699144,0.022315294298892452,1,1,1,1.0,Trend
2021-02-15 00:00:00+09:00,375169.75,377602.75745784695,367870.72762645915,1172475,335195.4609375,298566.075,0.029858348154080835,0.022715356995780825,68.10342441257268,17322.967181522457,15832.822087105778,1490.145094416679,0.051841615963095666,1,-1,1,0.19999999999999996,Defensive
2021-02-16 00:00:00+09:00,383442.0,394147.23350253806,379549.1878172589,1567108,339477.5546875,300502.6421875,0.027713759481530324,0.02270890404559096,68.9075435244849,18810.487186828395,16428.3551070503,2382.1320797780936,0.022049352326513505,1,1,1,1.0,Trend
2021-02-17 00:00:00+09:00,381495.59375,385875.00745376275,375656.37547831633,1161595,343929.959375,302309.5885416667,0.027097874752851615,0.02266002579189988,71.92981220743233,19606.289687431825,17063.942023126605,2542.34766430522,-0.0050761425456783416,1,1,-1,0.5,Trend
2021-02-18 00:00:00+09:00,377602.8125,389281.25,376143.0078125,1020222,347822.7734375,304059.753125,0.027449530927486126,0.02273294186490484,69.78723753123937,19695.81291796232,17590.31620209375,2105.496715868572,-0.010204000554069337,1,1,1,1.0,Trend
2021-02-19 00:00:00+09:00,387334.84375,387821.4453125,375169.8046875,1047043,352202.1890625,305964.0203125,0.02747595738767594,0.022873409233842245,68.85965085236347,20317.842865894025,18135.821534853807,2182.021331040218,0.025773195876288568,1,1,1,1.0,Trend
2021-02-22 00:00:00+09:00,376143.0,394633.8589909444,374196.5937904269,1289395,355316.440625,307673.6583333333,0.02784756936413757,0.02331475579992609,69.1630119213257,19680.8492454316,18444.827076969366,1236.0221684622338,-0.02889449253169596,1,1,1,1.0,Trend
2021-02-23 00:00:00+09:00,380035.75,383928.56177976954,368357.3146606914,1017577,357603.465625,309431.978125,0.024790654367760442,0.02332239767958004,68.888883180359,19268.029750819318,18609.467611739357,658.5621390799606,0.01034912254116116,1,1,1,1.0,Trend
2021-02-24 00:00:00+09:00,363977.9375,381008.9907252674,363977.9375,1078485,358819.96875,310987.4552083333,0.027019893720332505,0.024024012309044312,55.02182952999205,17444.051887509704,18376.384466893425,-932.3325793837212,-0.042253426157933816,1,1,-1,0.5,Trend
2021-02-25 00:00:00+09:00,372736.78125,374196.5858763055,364464.55503426894,757476,360815.0359375,312575.53489583335,0.026778512561685664,0.024009728605698312,55.41125757758993,16514.927970244258,18004.09316756359,-1489.165197319333,0.024064216117494652,1,1,-1,0.5,Trend
2021-02-26 00:00:00+09:00,364951.15625,368357.3670416667,358625.3362083334,1170208,362445.1515625,314050.0515625,0.02740656414068534,0.024221040509233283,57.65767485831603,14977.70207528997,17398.81494910887,-2421.1128738189,-0.020887729335136496,1,1,-1,0.5,Trend
2021-03-02 00:00:00+09:00,367384.15625,379549.19453642383,365437.7501241722,1240322,363540.0046875,315678.49635416665,0.0262190420606546,0.02390934986757741,56.8807377287027,13796.72221941076,16678.39640316925,-2881.6741837584887,0.0066666455451187545,1,1,-1,0.5,Trend
2021-03-03 00:00:00+09:00,388794.625,388794.625,367384.1575406759,1287551,366289.3046875,317534.20677083335,0.027254689765212864,0.02464126224395389,66.66667516150818,14422.183118999237,16227.153746335247,-1804.9706273360098,0.05827814941325471,1,1,-1,0.5,Trend
2021-03-04 00:00:00+09:00,381008.96875,390254.39711047255,378575.96128671773,1585134,368406.0203125,319292.55052083335,0.02789284597077031,0.024814435284694052,62.4060164898176,14126.783232705435,15807.079643609286,-1680.2964109038512,-0.020025112872895323,1,1,-1,0.5,Trend
2021-03-05 00:00:00+09:00,367384.15625,376142.98381622514,361058.3363410596,1594386,369135.921875,320767.125,0.028147403636958914,0.025375728837840707,53.956832870426304,12647.47596301412,15175.158907490253,-2527.6829444761333,-0.03575982094253527,1,1,-1,0.5,Trend
2021-03-08 00:00:00+09:00,358625.3125,375656.3653324288,356678.90646200813,1031748,369038.6,321982.340625,0.02832121456576398,0.02551086304364934,43.41085483573872,10645.632578349847,14269.253641662173,-3623.6210633123264,-0.02384110365401748,1,1,-1,0.5,Trend
2021-03-09 00:00:00+09:00,351812.90625,361544.9368516598,340621.0710580913,1313900,369208.9109375,323156.90260416665,0.027555098973952398,0.025563331859514846,37.254893072067276,8412.479199158726,13097.898753161484,-4685.419554002758,-0.01899588794363194,1,1,-1,0.5,Trend
2021-03-10 00:00:00+09:00,362031.5625,367870.78125,358138.75,946917,369671.1828125,324574.6609375,0.02815502489900576,0.025633376916872282,42.64706542062253,7382.152358491614,11954.74947422751,-4572.597115735896,0.02904571170774095,1,1,-1,0.5,Trend
2021-03-11 00:00:00+09:00,363491.375,367384.187583668,356192.3514056225,1024741,370449.7453125,325968.1588541667,0.02793065302409784,0.02562127782210289,44.569289110195925,6607.241416561592,10885.247862694327,-4278.006446132735,0.004032279644126335,1,1,-1,0.5,Trend
2021-03-12 00:00:00+09:00,370303.75,385388.39684625494,368357.34395532194,969276,371520.26875,327507.59010416665,0.028170316406482727,0.025642054614809326,43.29499841662088,6468.258582666982,10001.85000668886,-3533.591424021877,0.018741503838983764,1,1,-1,0.5,Trend
2021-03-15 00:00:00+09:00,372736.78125,375169.7889605091,367384.1642868799,609496,372323.1609375,329022.784375,0.027828390760831576,0.02561536492988582,48.55966643154217,6479.744512434292,9297.428907837946,-2817.684395403654,0.006570366219623702,1,1,-1,0.5,Trend
2021-03-16 00:00:00+09:00,375169.75,379062.5619325551,373709.94552529184,574082,372323.1609375,330643.315625,0.025442099330790766,0.02550011061708449,47.91667224140228,6608.983195158653,8759.739765302089,-2150.756570143436,0.006527310618074322,1,1,-1,0.5,Trend
2021-03-17 00:00:00+09:00,373223.375,381008.99951108213,370303.7658083442,1200355,371812.2296875,332279.9979166667,0.024935302047678243,0.025454191432475702,54.502375870939616,6479.656143787026,8303.723040999077,-1824.0668972120511,-0.005187984905499432,1,1,-1,0.5,Trend
2021-03-18 00:00:00+09:00,392687.46875,399013.28918835195,376143.01529584883,1818409,372371.8234375,334200.5890625,0.027498124897426195,0.026127697428354538,58.798296629089606,7857.180534948478,8214.414539788959,-357.23400484048034,0.05215132559690283,1,1,-1,0.5,Trend
2021-03-19 00:00:00+09:00,391227.59375,396580.2100824005,384415.17296330846,1258199,373053.0625,336104.9479166667,0.02739040271717832,0.02613858167912724,62.272701796667285,8730.439752696606,8317.619582370487,412.8201703261184,-0.0037176510996062007,1,1,1,1.0,Trend
2021-03-22 00:00:00+09:00,385875.03125,394633.8591976671,382468.8203814628,911358,372980.071875,337960.5890625,0.02700760325660369,0.026193286775563727,58.40708794459496,8888.139968850359,8431.723659666462,456.4163091838964,-0.0136814544411209,1,1,1,1.0,Trend
2021-03-23 00:00:00+09:00,375656.34375,388307.98227007774,373709.9378238342,1167110,372955.7390625,339621.6234375,0.026872096277236406,0.026527544414948177,43.34973655197067,8095.238970465376,8364.426721826247,-269.1877513608706,-0.026481857265803543,1,1,-1,0.5,Trend
2021-03-24 00:00:00+09:00,376629.5625,376629.5625,365924.32945736434,763754,372785.4296875,341298.878125,0.02677076239024893,0.02652115241744317,47.61905247323534,7459.402487736777,8183.421875008354,-724.0193872715763,0.0025907156000211096,1,1,-1,0.5,Trend
2021-03-25 00:00:00+09:00,369817.125,373709.9368421053,367870.7190789474,672585,373077.3890625,342862.5921875,0.0252123094922447,0.026685777501333195,51.428547312980584,6332.790257818473,7813.295551570378,-1480.505293751905,-0.018087899034744503,1,1,-1,0.5,Trend
2021-03-26 00:00:00+09:00,372736.78125,372736.78125,366897.56274477806,691786,373077.3890625,344507.3614583333,0.024694559065619,0.026642087216235646,58.895708905460225,5610.855359645269,7372.807513185357,-1761.9521535400872,0.007894864928172263,1,1,-1,0.5,Trend
2021-03-29 00:00:00+09:00,362031.5625,373710.0,362031.5625,878014,372931.409375,345989.90729166666,0.02511761059883715,0.026985951598167926,56.140357465973274,4127.317913958104,6723.709593339907,-2596.3916793818025,-0.028720585916150454,1,1,-1,0.5,Trend
2021-03-30 00:00:00+09:00,366410.9375,370790.3510956176,363491.328436255,623997,372882.7484375,347506.4817708333,0.025225609183821572,0.026998139410383516,52.83016200627668,3267.319141252141,6032.431502922354,-2765.1123616702134,0.012096666295497327,1,1,-1,0.5,Trend
2021-03-31 00:00:00+09:00,366897.59375,372736.8127486737,366897.59375,568103,371787.896875,348877.0760416667,0.021418069109847053,0.0267447039199873,52.22930196847125,2595.1181040465017,5344.968823147184,-2749.850719100682,0.0013281706417402894,1,1,-1,0.5,Trend
2021-04-01 00:00:00+09:00,368357.375,368843.97655217967,362031.55482166447,547402,371155.3171875,350263.890625,0.02106821105677309,0.026742682795684727,48.630161088692475,2155.340660605696,4707.043190638887,-2551.7025300331907,0.0039787157911825854,1,1,-1,0.5,Trend
2021-04-02 00:00:00+09:00,369330.5625,372250.1716897233,367870.75790513837,476668,371252.6375,351675.034375,0.019426057071974465,0.026732107729789154,47.55244441190987,1863.8565877035726,4138.405870051824,-2274.549282348252,0.0026419655640124162,1,1,-1,0.5,Trend
2021-04-05 00:00:00+09:00,366897.59375,369817.20324933686,364464.58583388594,421508,371666.2515625,353086.1796875,0.018647543060241745,0.02671713860705543,44.05600058562234,1420.1623671939597,3594.7571694802514,-2174.5948022862917,-0.0065875099356285105,1,1,-1,0.5,Trend
2021-04-06 00:00:00+09:00,378089.40625,380522.4140122265,367870.77364864864,997518,372980.0765625,354691.965625,0.019068466821634048,0.026908420296039466,53.08642660487722,1949.1486631798907,3265.635468220179,-1316.4868050402883,0.030503913600550936,1,1,-1,0.5,Trend
2021-04-07 00:00:00+09:00,374196.5625,380522.38215214567,371276.9534297789,578490,373588.3265625,355867.91875,0.01835420352761069,0.02535809584734142,35.384596384366674,2030.843853332044,3018.6771452425523,-987.8332919105083,-0.010296093161166198,1,1,-1,0.5,Trend
2021-04-08 00:00:00+09:00,371276.96875,376629.5855996068,369817.1641546527,626575,373977.60625,357043.8723958333,0.01846472765297782,0.025343121488709548,34.586494483760305,1838.8044712195406,2782.70261043795,-943.8981392184096,-0.0078022997605703415,1,1,-1,0.5,Trend
2021-04-09 00:00:00+09:00,373223.375,374683.1795958279,371276.96887222945,469100,374123.5875,358333.36666666664,0.018034933485328936,0.02520972241721849,39.68253482835443,1822.6601037955843,2590.694109109477,-768.0340053138925,0.005242464288999882,1,1,-1,0.5,Trend
2021-04-12 00:00:00+09:00,375169.75,382468.77237354085,372736.74254215305,680329,374245.2359375,359493.0994791667,0.018013230235115855,0.024931725477208008,49.54129143062515,1944.5067093318212,2461.456629153946,-516.9499198221247,0.005215040456670206,1,1,-1,0.5,Trend
2021-04-13 00:00:00+09:00,378089.40625,378576.0078024453,371763.58606821107,586643,374391.21875,360636.61354166665,0.018037869909139734,0.024908944858492276,51.32746933734799,2250.718004731112,2419.308904269379,-168.59089953826697,0.007782227245133777,1,1,-1,0.5,Trend
2021-04-14 00:00:00+09:00,381008.96875,387334.78815453383,379549.16427203064,757969,374780.4984375,362023.4276041667,0.018058002074714058,0.024301351735530562,60.95240367001655,2697.8775039216853,2475.0226241998407,222.85487972184455,0.007721883902955806,1,1,1,1.0,Trend
2021-04-15 00:00:00+09:00,380522.40625,387821.4293877877,376142.9923673274,889538,374172.2453125,363491.34270833334,0.013735801133652921,0.024136702505211573,58.00002568845047,2978.656997544691,2575.749498868811,402.9074986758801,-0.001277036867652459,1,1,1,1.0,Trend
2021-04-16 00:00:00+09:00,381008.96875,384415.1791985951,380522.36725734355,423962,373661.3140625,364845.7166666667,0.013740113718337041,0.02399228811962871,74.68358855171394,3203.510224770289,2701.3016440491065,502.20858072118244,0.0012786697760980292,1,1,-1,0.5,Trend
2021-04-19 00:00:00+09:00,379549.1875,382955.3981570513,378089.3829326923,449064,373345.021875,366175.7609375,0.01344256163796386,0.024008243180529857,68.49324709508963,3226.7202577844146,2806.3853667961685,420.3348909882461,-0.0038313566601573257,1,1,1,1.0,Trend
2021-04-20 00:00:00+09:00,380522.40625,381009.0077925192,377116.19545236573,417892,373588.325,367286.83489583334,0.011975768130376273,0.02336445271397838,68.91898224889044,3285.7686995157856,2902.262033340092,383.5066661756937,0.0025641439424763934,1,1,1,1.0,Trend
2021-04-21 00:00:00+09:00,370303.75,378575.9756898817,370303.75,835828,373272.034375,367886.9765625,0.013481392174708942,0.022327770388137384,52.17388572824684,2479.4236045815633,2817.6943475883863,-338.27074300682307,-0.026854282644492744,1,1,-1,0.5,Trend
2021-04-22 00:00:00+09:00,370303.75,374196.56208935607,369817.1484888305,394350,373296.365625,368397.9078125,0.012843757912670823,0.022250828906496163,51.11109683974974,1819.4162099227542,2618.03872005526,-798.6225101325058,0.0,1,1,-1,0.5,Trend
2021-04-23 00:00:00+09:00,367870.78125,369330.5859375,363977.96875,505140,373053.065625,368981.8302083333,0.012788451210711428,0.022094293571926854,51.11109683974974,1087.499334222346,2311.930842888677,-1224.431508666331,-0.006570197439264347,1,1,-1,0.5,Trend
2021-04-26 00:00:00+09:00,367384.15625,368843.9608443708,364464.5470612583,484369,373320.6953125,369565.7520833333,0.010900887997706521,0.02209396619572524,33.823459968531665,462.84794346877607,1942.1142630046968,-1479.2663195359207,-0.0013228150339814615,1,1,-1,0.5,Trend
2021-04-27 00:00:00+09:00,369817.125,371276.9294407895,365924.31315789477,392509,373491.0046875,369971.2526041667,0.010670263604794923,0.021562335441996705,43.07685011549945,162.25706246844493,1586.1428228974466,-1423.8857604290017,0.006622410652745714,1,1,-1,0.5,Trend
2021-04-28 00:00:00+09:00,363491.375,371763.6017402945,363004.7734270415,485971,373320.69375,370465.96510416665,0.011376507372338687,0.021194232867844765,38.888864112144695,-579.7159304801608,1152.9710722219252,-1732.687002702086,-0.017105075920970436,1,1,-1,0.5,Trend
2021-04-29 00:00:00+09:00,356678.9375,367384.1716405184,356192.33594815823,743106,372736.771875,370766.0364583333,0.012038765994764517,0.021283907123165715,29.268206723494643,-1697.869660790544,582.8029256194313,-2280.6725864099753,-0.018741675782540934,1,1,-1,0.5,Trend
2021-04-30 00:00:00+09:00,349866.46875,356192.2880737135,344027.250912726,1028215,371763.5671875,370717.37552083336,0.012615725678965937,0.020779834787532408,21.739051524169128,-3098.0118892583414,-153.3600373561232,-2944.6518519022184,-0.019099722562115118,1,1,-1,0.5,Trend
2021-05-03 00:00:00+09:00,353272.6875,360571.7099690083,350839.6800103306,507361,371082.321875,370595.7244791667,0.012874124812546317,0.020620804690032944,22.58050259612284,-3887.9632860436104,-900.2806870936207,-2987.68259894999,0.009735767940751039,1,1,-1,0.5,Trend
2021-05-04 00:00:00+09:00,354732.5,357165.50754458166,350839.68792866945,398383,369914.4765625,370701.1546875,0.01059180340380114,0.020138721739005633,19.999942914595238,-4346.111522430379,-1589.4468541609726,-2756.664668269407,0.00413225406790052,-1,1,-1,-0.19999999999999996,MeanReversion
2021-05-06 00:00:00+09:00,351812.90625,354732.51543049794,349866.50012966804,632873,368795.29375,370684.934375,0.01052767695871847,0.020103988165659645,18.947302243139504,-4888.433299970697,-2249.244143322918,-2639.189156647779,-0.008230409533944605,-1,1,-1,-0.19999999999999996,MeanReversion
2021-05-07 00:00:00+09:00,351326.34375,354245.9532548477,350353.1405817175,446152,367797.7625,370741.7046875,0.010473192355132614,0.02002270087191982,17.894753208685927,-5296.434740494064,-2858.6822627571473,-2437.7524777369163,-0.0013830149245697143,-1,1,-1,-0.19999999999999996,MeanReversion
2021-05-10 00:00:00+09:00,352299.53125,354245.9375,350353.125,572111,366751.5703125,370798.47552083334,0.010388441587139663,0.020022641147889726,20.212749240791283,-5478.102567223308,-3382.5663236503797,-2095.5362435729285,0.0027700385049762577,-1,1,-1,-0.19999999999999996,MeanReversion
2021-05-11 00:00:00+09:00,339647.875,348406.70272206306,338188.07037965616,2373361,364975.4765625,370514.62447916664,0.01263388665004261,0.020363473723110297,14.406731232363029,-6567.255322441633,-4019.5041234086307,-2547.7511990330026,-0.03591164656140877,-1,1,-1,-0.19999999999999996,MeanReversion
2021-05-12 00:00:00+09:00,333808.625,341107.64741253643,331375.6175291545,1120816,362761.4375,369825.27239583334,0.01254933927187666,0.019320779178956603,15.596277302764918,-7811.548730975192,-4777.913044921943,-3033.6356860532487,-0.017192069875308413,-1,1,-1,-0.19999999999999996,MeanReversion
2021-05-13 00:00:00+09:00,328456.03125,332348.8434722222,325536.4220833333,992326,360133.790625,368908.83958333335,0.012287641046676923,0.019150606608111256,14.166622514713296,-9124.389521353587,-5647.208340208272,-3477.1811811453153,-0.016034917462063758,-1,1,-1,-0.19999999999999996,MeanReversion
2021-05-14 00:00:00+09:00,333322.0625,335268.4687043796,328456.0469890511,460390,357773.7734375,368105.9473958333,0.013194568753054697,0.019276742320040684,21.599975339150888,-9660.813408158836,-6449.929353798385,-3210.884054360451,0.014814863443004533,-1,1,-1,-0.19999999999999996,MeanReversion
2021-05-17 00:00:00+09:00,334781.84375,339647.8589207849,331862.2346475291,453316,355462.4171875,367392.26458333334,0.013309616172469771,0.019266254548204288,23.622004241620687,-9854.544007129793,-7130.852284464667,-2723.691722665126,0.004379491831567606,-1,1,-1,-0.19999999999999996,MeanReversion
2021-05-18 00:00:00+09:00,340134.46875,340134.46875,335755.0549892704,445015,353491.68125,366605.5916666667,0.014212756836516623,0.01907354499156972,27.067685510447973,-9467.034715644026,-7598.0887707005395,-1868.9459449434862,0.01598839692153997,-1,1,-1,-0.19999999999999996,MeanReversion
2021-05-20 00:00:00+09:00,341594.28125,345487.0935719373,339161.27354878915,561151,351545.275,366029.7796875,0.014269143066300808,0.01875335548838765,31.707309432376192,-8939.091855184815,-7866.289387597395,-1072.8024675874203,0.004291868758155681,-1,1,-1,-0.19999999999999996,MeanReversion
2021-05-21 00:00:00+09:00,350353.09375,350353.09375,344027.2740017361,618431,350547.7421875,365535.06875,0.014863473830221177,0.01901341055584619,44.88187144793884,-7724.882726845855,-7838.008055447088,113.12532860123247,0.025640981072484026,-1,1,-1,-0.19999999999999996,MeanReversion
2021-05-24 00:00:00+09:00,345973.71875,348893.32819092827,343540.71088255977,361765,349331.240625,365234.9984375,0.015005582607612308,0.018268619629871922,46.72135980080961,-7034.898278980865,-7677.386100153844,642.4878211729792,-0.012499889620283922,-1,1,1,0.30000000000000004,Trend
2021-05-25 00:00:00+09:00,348406.6875,348406.6875,343054.0707925978,433413,348358.0359375,364829.496875,0.015160566280557224,0.018011959740686506,45.83333779312899,-6220.059414938674,-7385.92076311081,1165.8613481721359,0.007032235739727,-1,1,1,0.30000000000000004,Trend
2021-05-26 00:00:00+09:00,353272.6875,356678.8979855372,349866.4770144628,543316,347652.4625,364634.85572916665,0.0156081686763214,0.017920023251293427,48.81888847985178,-5122.598089379258,-6933.2562283645,1810.6581389852417,0.013966436852622222,-1,1,1,0.30000000000000004,Trend
2021-05-27 00:00:00+09:00,348406.6875,353759.3042074022,344027.2738303073,963669,346581.940625,364318.5645833333,0.015688342434994434,0.01797619652572426,47.32823192532315,-4592.557471469336,-6465.116476985468,1872.559005516132,-0.013774062281562638,-1,1,1,0.30000000000000004,Trend
2021-05-28 00:00:00+09:00,348406.6875,351812.89813198324,345973.6799057263,439112,345827.70625,363645.4322916667,0.015332628415462264,0.016314394121314295,47.69226665164883,-4124.946645796648,-5997.082510747704,1872.1358649510557,0.0,-1,1,1,0.30000000000000004,Trend
2021-05-31 00:00:00+09:00,352786.125,354245.9296551724,347433.5079310345,397118,345633.065625,363175.0515625,0.015128561922946615,0.016235576642658688,50.364958029006324,-3362.220111200819,-5470.110030838327,2107.889919637508,0.012569900800196265,-1,1,1,0.30000000000000004,Trend
2021-06-01 00:00:00+09:00,357165.53125,358625.33587363764,352786.1173790872,404110,345998.01875,363004.74114583334,0.014714150749583307,0.01565716650336409,65.00002408288366,-2376.9720984981395,-4851.482444370289,2474.5103458721496,0.012413771233208193,-1,1,1,0.30000000000000004,Trend
2021-06-02 00:00:00+09:00,353272.6875,359111.9054752066,352299.48450413224,397044,345998.01875,362915.53072916664,0.014798944414495897,0.015410214458818235,67.24140794635551,-1888.506380870589,-4258.887231670349,2370.38085079976,-0.010899270532562011,-1,1,1,0.30000000000000004,Trend
2021-06-03 00:00:00+09:00,352299.53125,355219.140625,351326.328125,292257,345876.3703125,362923.64114583336,0.014778010231934922,0.015212915178846228,72.89727030465993,-1561.9145778191742,-3719.4927009001144,2157.5781230809403,-0.0027546886143016147,-1,1,-1,-0.19999999999999996,MeanReversion
2021-06-04 00:00:00+09:00,347433.5,350839.71078431373,345487.093837535,433146,345657.4,362680.34010416665,0.014989591717308242,0.014843816459154488,63.551424867356495,-1676.411645766697,-3310.876489873431,1634.4648441067343,-0.013812199047596674,-1,1,1,0.30000000000000004,Trend
2021-06-07 00:00:00+09:00,352786.125,354245.9296551724,347433.5079310345,393697,345730.3890625,362501.9192708333,0.015403151514617732,0.014975055309623989,66.08700216843665,-1320.022891073022,-2912.7057701133494,1592.6828790403274,0.015406185644159187,-1,1,1,0.30000000000000004,Trend
2021-06-08 00:00:00+09:00,352786.125,355705.73431034485,351812.92189655174,370929,345754.71875,362209.9588541667,0.01539137992115374,0.014764744946529032,62.50003859437436,-1025.7579363577534,-2535.3162033622307,1509.5582670044773,0.0,-1,1,1,0.30000000000000004,Trend
2021-06-09 00:00:00+09:00,348893.28125,353759.29633019527,348893.28125,361808,346216.9890625,361812.5671875,0.01307993945657123,0.014791433102597826,56.88072097210569,-1094.059163445665,-2247.0647953789176,1153.0056319332525,-0.011034571583562136,-1,1,1,0.30000000000000004,Trend
2021-06-10 00:00:00+09:00,363491.375,366897.58601070946,351812.937248996,1502316,347701.1265625,361617.9276041667,0.015049454347538618,0.015732067225295052,61.15705944575747,29.4166889890912,-1791.7684985053158,1821.185187494407,0.04184114322207222,-1,1,1,0.30000000000000004,Trend
2021-06-11 00:00:00+09:00,362518.15625,368357.3748741611,357652.14072986576,658403,349404.2328125,361439.50729166664,0.014373154211471765,0.01572273625963922,64.91225401718415,831.6618960078922,-1267.0824196026742,2098.7443156105664,-0.002677419099696654,-1,1,1,0.30000000000000004,Trend
2021-06-14 00:00:00+09:00,376629.5625,377602.76550387597,365437.7279554264,1208589,351569.6078125,361171.87552083336,0.016072070722036615,0.015095188157971184,71.01446645017717,2576.420184743358,-498.3818987334679,3074.802083476826,0.03892606758230466,-1,1,-1,-0.19999999999999996,MeanReversion
2021-06-15 00:00:00+09:00,376629.5625,378575.96850775194,371276.9459786822,625594,353661.99375,360928.575,0.01612654980309311,0.015090179511610003,68.74998118529624,3914.035138199979,384.10150865322146,3529.9336295467574,0.0,-1,1,1,0.30000000000000004,Trend
2021-06-16 00:00:00+09:00,380522.40625,384415.21859015344,372736.7815696931,836281,355681.390625,360839.3645833333,0.01599266193701499,0.015054652032302905,76.19044221121408,5227.959914974286,1352.8731899174345,3875.0867250568517,0.01033600157183634,-1,1,-1,-0.19999999999999996,MeanReversion
2021-06-17 00:00:00+09:00,379062.625,383928.64072528883,374683.21084724006,670522,357554.8078125,360896.1359375,0.016130798120575506,0.014653197525407717,74.41860233564694,6081.360481792013,2298.5706482923506,3782.7898334996626,-0.003836255700120139,-1,1,-1,-0.19999999999999996,MeanReversion
2021-06-18 00:00:00+09:00,387334.84375,389767.8515625,380522.421875,1268656,359403.8953125,361074.5572916667,0.015906023004323252,0.014909827172675591,75.91239336171864,7340.5680001614965,3306.97011866618,4033.5978814953164,0.021822828747624534,-1,1,-1,-0.19999999999999996,MeanReversion
2021-06-21 00:00:00+09:00,386361.625,391227.6404282116,381495.6095717884,809114,361423.290625,361350.2989583333,0.01547339567862556,0.014712028017765813,73.07689457655,8165.837716830953,4278.743638299135,3887.094078531818,-0.0025126031538441618,1,1,-1,0.5,Trend
2021-06-22 00:00:00+09:00,380522.40625,389767.83555786446,380522.40625,702840,363029.0765625,361480.059375,0.016145215270652626,0.014823856459973694,70.89553132948231,8253.551951066765,5073.705300852661,3179.8466502141046,-0.015113350737149478,1,1,-1,0.5,Trend
2021-06-23 00:00:00+09:00,412151.46875,415557.6792355372,381982.17587809917,2721355,365973.015625,362315.39114583336,0.02332414426742119,0.017572196994653247,81.21822777745541,10751.332454230811,6209.2307315282915,4542.1017227025195,0.08312010536173253,1,-1,-1,-0.30000000000000004,Defensive
2021-06-24 00:00:00+09:00,408258.6875,424316.5381406436,401932.86755065556,2143286,368965.615625,363012.8536458333,0.023130647094365468,0.01758702000324797,82.05127529563028,12275.225427316851,7422.429670686004,4852.795756630847,-0.009445025785802197,1,-1,-1,-0.30000000000000004,Defensive
2021-06-25 00:00:00+09:00,399013.25,408745.28048780485,394147.23475609755,1382051,371495.94375,363548.1145833333,0.024090960930045736,0.017874043720670692,73.39900106423231,12591.742281702638,8456.292192889332,4135.450088813306,-0.022646027587594153,1,-1,-1,-0.30000000000000004,Defensive
2021-06-28 00:00:00+09:00,397066.84375,401932.85899203434,392200.8285079657,623480,373709.9796875,364026.60572916665,0.024187443904876198,0.01788902944379901,71.98066298942464,12540.961058993998,9273.225966110265,3267.735092883733,-0.0048780491625277644,1,-1,-1,-0.30000000000000004,Defensive
2021-06-29 00:00:00+09:00,400473.0625,400473.0625,395120.4456257594,572319,375875.35625,364545.64739583334,0.02414923794393884,0.017913009022375474,75.72816714401108,12629.979419447423,9944.576656777697,2685.402762669726,0.008578451723218139,1,-1,-1,-0.30000000000000004,Defensive
2021-06-30 00:00:00+09:00,406312.25,413611.27245508984,398040.02455089823,955297,378527.334375,365202.55833333335,0.023892883563442213,0.017960987432469804,73.40424514380035,13021.595890806115,10559.980503583382,2461.6153872227333,0.014580724764727382,1,-1,-1,-0.30000000000000004,Defensive
2021-07-01 00:00:00+09:00,401932.875,412151.50741525425,399499.8672820823,592869,381009.0015625,365599.94947916665,0.02413350428249499,0.0176399917924351,70.76925914301495,12830.671805508144,11014.118763968334,1816.5530415398098,-0.010778348425379725,1,-1,-1,-0.30000000000000004,Defensive
2021-07-02 00:00:00+09:00,402906.09375,407285.5078125,396093.671875,517934,383782.63125,366078.44166666665,0.02367540954172011,0.01757742320851579,66.07147567228486,12612.504609841562,11333.79593314298,1278.708676698583,0.0024213464748310543,1,-1,1,0.19999999999999996,Defensive
2021-07-05 00:00:00+09:00,399013.25,406798.8743902439,397553.4454268293,492899,386093.9875,366540.7130208333,0.023896200132826523,0.017595480376082172,63.06820047742451,11987.30340685678,11464.49742788574,522.8059789710387,-0.00966191331028976,1,-1,1,0.19999999999999996,Defensive
2021-07-06 00:00:00+09:00,398526.6875,401446.2969322344,397066.8827838828,342771,388381.015625,366962.4348958333,0.02391429622475218,0.01759015413788185,60.94677749163321,11322.051855722093,11436.008313453012,-113.95645773091928,-0.0012194143928804246,1,-1,-1,-0.30000000000000004,Defensive
2021-07-07 00:00:00+09:00,406312.25,407772.054491018,399499.8290419162,663260,391251.9640625,367481.4765625,0.023730616434208752,0.017740311796422024,65.38460995595565,11292.887656334904,11407.384182029391,-114.49652569448699,0.01953586232540583,1,-1,-1,-0.30000000000000004,Defensive
2021-07-08 00:00:00+09:00,410691.6875,419937.1164840047,407285.4768216825,1142267,393611.9796875,368024.84791666665,0.022419271416999294,0.01776265558548832,63.793107902766415,11490.701173551963,11424.047580333905,66.65359321805772,0.010778502247963173,1,1,1,1.0,Trend
2021-07-09 00:00:00+09:00,404365.875,412638.1010830325,397066.85198555957,1090218,395704.365625,368414.1296875,0.022863613566875968,0.017875278989534976,60.00001388562963,11010.111893040477,11341.26044287522,-331.1485498347429,-0.015402825751129945,1,1,-1,0.5,Trend
2021-07-12 00:00:00+09:00,407285.5,410205.10931899643,401932.88291517325,475697,397237.1625,368860.18125,0.021540877849320298,0.01789050356909754,65.36315915800849,10741.015027761809,11221.21135985254,-480.1963320907307,0.007220255665738362,1,1,-1,0.5,Trend
2021-07-13 00:00:00+09:00,429182.53125,430155.7342687075,407772.0648384354,1498546,399864.8109375,369663.07395833335,0.024074079494746173,0.019074184087810017,61.00631547315157,12154.551144392346,11407.8793167605,746.6718276318461,0.053763345982118294,1,1,1,1.0,Trend
2021-07-14 00:00:00+09:00,432102.125,432588.7264921171,424316.50112612615,931990,402443.796875,370538.95625,0.02405808308978228,0.019068499916390355,65.6050971046541,13356.411123012891,11797.585678010979,1558.8254450019122,0.006802685425002286,1,1,1,1.0,Trend
2021-07-15 00:00:00+09:00,436968.15625,440374.36682210467,427722.7275542873,950460,405339.0734375,371479.71875,0.02395735621900909,0.019104138843045897,76.3513862413383,14534.002931071562,12344.869128623097,2189.133802448465,0.011261299050542739,1,1,-1,0.5,Trend
2021-07-16 00:00:00+09:00,435021.78125,448646.62451062637,431128.96888982103,1246425,407723.4203125,372558.35260416666,0.023836556157091085,0.018730238092397204,76.35141937219575,15135.721550706483,12903.039613039775,2232.681937666708,-0.0044542719467329794,1,1,-1,0.5,Trend
2021-07-19 00:00:00+09:00,431128.9375,437454.7571247179,426749.5239136569,704307,409961.7859375,373572.10572916665,0.023998881791865156,0.01878793476027295,71.14096216044743,15124.126420212968,13347.256974474414,1776.8694457385536,-0.008948618018192578,1,1,-1,0.5,Trend
2021-07-20 00:00:00+09:00,427236.125,429669.1325455581,419450.50085421413,789090,412297.471875,374561.528125,0.02375746435835964,0.018811051470525076,64.8276130865593,14632.149449937802,13604.235469567093,1027.9139803707094,-0.00902934635418673,1,1,1,1.0,Trend
2021-07-21 00:00:00+09:00,416530.875,434048.52862149535,416530.875,885519,412516.4421875,375380.64010416664,0.017255538889674953,0.019147062536255838,59.493646189664815,13225.969208839757,13528.582217421626,-302.6130085818695,-0.025056986929651637,1,1,-1,0.5,Trend
2021-07-22 00:00:00+09:00,428209.40625,433075.42223011365,417504.17109375,1035882,413513.978125,376353.84479166666,0.018098629244439373,0.019421966980279374,64.44445713005373,12905.158473405812,13403.897468618463,-498.7389952126505,0.02803761245790004,1,1,-1,0.5,Trend
2021-07-23 00:00:00+09:00,439887.78125,442320.78888965707,429182.5476355088,1094026,415557.7046875,377627.11822916666,0.017860880422777465,0.01949949403710857,71.42858547105584,13438.35196019226,13410.788366933222,27.56359325903759,0.027272579325783974,1,1,-1,0.5,Trend
2021-07-26 00:00:00+09:00,439887.78125,452539.4209762168,435508.36749861727,855277,417698.7515625,379013.9322916667,0.017753298853422785,0.01928790169668004,71.7948565946503,13702.952532914467,13469.221200129472,233.73133278499517,0.0,1,1,-1,0.5,Trend
2021-07-27 00:00:00+09:00,439887.78125,450593.0148644911,439887.78125,757638,419669.4875,380514.2875,0.01776940402335911,0.019061225480244522,69.27374782716328,13754.101670712058,13526.19729424599,227.90437646606733,0.0,1,1,1,1.0,Trend
2021-07-28 00:00:00+09:00,430155.75,435021.7652714932,428209.3438914027,913055,420861.6625,381795.671875,0.01859297748869751,0.01934114092553391,60.52631401050113,12861.089508921432,13393.17573718108,-532.0862282596481,-0.022123895377009872,1,1,-1,0.5,Trend
2021-07-29 00:00:00+09:00,427722.71875,433075.33525312855,426749.5157494312,556532,422151.1546875,383012.17552083335,0.01842799480054465,0.019375228891724383,63.18678856402452,11820.783020237344,13078.697193792334,-1257.9141735549892,-0.0056561634942692285,1,1,-1,0.5,Trend
2021-07-30 00:00:00+09:00,421883.5,428695.92099192616,421396.8985005767,628812,423100.025,384180.01875,0.018810400671740272,0.019442617198452694,57.97869505868014,10405.211677020648,12544.000090437998,-2138.788413417349,-0.013651878878598867,1,1,-1,0.5,Trend
2021-08-02 00:00:00+09:00,421883.5,425289.7104959631,417017.485005767,551937,424243.5375,385355.9713541667,0.018608332489816113,0.01943811568055273,44.75524444119098,9177.567898978887,11870.713652146176,-2693.1457531672895,0.0,1,1,-1,0.5,Trend
2021-08-03 00:00:00+09:00,416530.875,427236.1077686916,410691.6571261682,830841,425143.746875,386426.49375,0.018915847084847868,0.019545129550421505,39.18920326241849,7684.161031293916,11033.403127975724,-3349.242096681808,-0.012687448075120233,1,1,-1,0.5,Trend
2021-08-04 00:00:00+09:00,421396.90625,422856.71077511547,411664.8760825635,545873,425897.9796875,387788.97760416666,0.018623878311207806,0.01887890338696269,39.18920326241849,6814.717561953352,10189.66601477125,-3374.948452817898,0.011682282255787158,1,1,-1,0.5,Trend
2021-08-05 00:00:00+09:00,430642.375,439401.2029661017,426749.5625706215,744924,426895.5140625,389402.8734375,0.019056897550953036,0.018817840876079253,47.239274439062946,6793.399330282526,9510.412677873506,-2717.0133475909806,0.02194004894880508,1,1,-1,0.5,Trend
2021-08-06 00:00:00+09:00,432588.71875,435508.32765045,428695.90688273346,416829,428306.65625,391138.41822916665,0.01858753951417983,0.018626085877818128,50.94338022264039,6854.54324472521,8979.238791243846,-2124.6955465186365,0.004519628961269673,1,1,-1,0.5,Trend
2021-08-09 00:00:00+09:00,435508.375,436968.1796089385,423343.33659217873,528032,429717.8,392841.5234375,0.01858277274579276,0.01858106183607512,55.414019773468205,7057.2406193487695,8594.839156864831,-1537.5985375160617,0.0067492658117311866,1,1,-1,0.5,Trend
2021-08-10 00:00:00+09:00,434535.15625,441347.57751259796,430642.344099944,461940,429985.43125,394504.07864583336,0.014582693519719244,0.01860115230415385,63.5036434760801,7057.98902545718,8287.469130583302,-1229.480105126122,-0.002234672869379395,1,1,-1,0.5,Trend
2021-08-11 00:00:00+09:00,433075.375,436968.18735955056,430155.76573033707,446275,430034.09375,396053.09375,0.014533504282923188,0.018564991638587446,54.31030330543968,6861.692673827463,8002.313839232135,-1140.621165404672,-0.003359408851053125,1,1,-1,0.5,Trend
2021-08-12 00:00:00+09:00,428695.96875,436481.5936081158,426262.9609818388,671083,429620.484375,397504.78854166664,0.014460692748665484,0.018655070584610835,38.61389790029618,6280.34896330483,7657.920864046675,-1377.5719007418447,-0.01011234187582244,1,1,-1,0.5,Trend
2021-08-13 00:00:00+09:00,424803.15625,434048.5857674685,421396.9453751432,515855,429109.553125,398745.6229166667,0.014557358291791176,0.018510592402704376,35.77985327007873,5442.771566589829,7214.891004555306,-1772.1194379654771,-0.00908059040384901,1,1,-1,0.5,Trend
2021-08-17 00:00:00+09:00,417017.5,425776.32730455074,408745.2742123687,763564,428403.98125,399929.6859375,0.014974818331216177,0.018611667217968243,31.20002013965204,4103.446081225236,6592.602019889293,-2489.1559386640565,-0.01832767985701611,1,1,-1,0.5,Trend
2021-08-18 00:00:00+09:00,417504.09375,421883.5073208042,410205.07113199297,496576,427917.3796875,401081.309375,0.014883006653116223,0.018606225382376076,37.73585248598199,3046.1706743871327,5883.315750788861,-2837.145076401728,0.0011668425185993314,1,1,-1,0.5,Trend
2021-08-19 00:00:00+09:00,413124.71875,422370.14826266194,413124.71875,504352,427747.071875,402078.84322916664,0.013952908347726268,0.01863177192271983,36.36368413124883,1833.7549490936217,5073.403590449813,-3239.6486413561915,-0.01048941810525661,1,1,-1,0.5,Trend
2021-08-20 00:00:00+09:00,411178.28125,420423.7100591716,409718.4767011834,587940,426895.515625,403125.0364583333,0.012306791627170986,0.01853180924947534,39.21571219988554,707.6877290021512,4200.260418160281,-3492.57268915813,-0.004711500938238133,1,1,-1,0.5,Trend
2021-08-23 00:00:00+09:00,417990.71875,424316.53870779974,412151.5003274156,515679,425800.6625,404284.7703125,0.011181997243071864,0.01861156607388411,46.55175563745559,360.8188217623974,3432.3720988807045,-3071.553277118307,0.016568086911813218,1,1,-1,0.5,Trend
2021-08-24 00:00:00+09:00,425776.3125,427236.117,419937.0945,546884,425095.0890625,405501.2734375,0.012125418129458821,0.018678724087660466,57.85124317852028,706.0165431926143,2887.1009877430865,-2181.084444550472,0.018626235944383618,1,1,-1,0.5,Trend
2021-08-25 00:00:00+09:00,418963.9375,427236.1639082462,415557.72662601626,677224,424048.896875,406531.246875,0.01254055511895141,0.0188021216505948,48.00003082606138,424.98750393494265,2394.678290981458,-1969.6907870465152,-0.015999891962049873,1,1,-1,0.5,Trend
2021-08-26 00:00:00+09:00,412151.46875,418963.8897210744,408745.2582644628,645901,423148.6828125,407512.5598958333,0.012104010508874863,0.018881765966233224,34.16661805497206,-343.4799057847122,1847.0466516282238,-2190.526557412936,-0.01626027478797032,1,1,-1,0.5,Trend
2021-08-27 00:00:00+09:00,408745.3125,412151.5234375,405339.1015625,567004,422199.8125,408453.3229166667,0.012158500401020237,0.01892176515283557,30.081351751691543,-1213.3573788609938,1234.9658455303802,-2448.323224391374,-0.008264331218642562,1,1,-1,0.5,Trend
2021-08-30 00:00:00+09:00,416530.875,417504.07797897194,411664.8601051402,399336,421932.18125,409604.94583333336,0.012712707177808551,0.018913834816289294,35.338285597294416,-1259.9873662699247,735.9752031703192,-1995.962569440244,0.01904746614066677,1,1,-1,0.5,Trend
2021-08-31 00:00:00+09:00,427236.125,427722.72650911164,415557.68878132117,768823,422199.8125,410845.7791666667,0.013982704113442953,0.01906891055244318,45.09802522417549,-428.18194482370745,503.14377357151386,-931.3257183952213,0.025700975948061533,1,1,-1,0.5,Trend
2021-09-01 00:00:00+09:00,433075.375,436481.58581460675,424803.14873595507,655075,423027.0375,412183.93333333335,0.013894590924953425,0.019110891107917874,50.0,694.2061425751308,541.3562473722372,152.84989520289355,0.013667500612219996,1,1,1,1.0,Trend
2021-09-02 00:00:00+09:00,430642.375,436481.5936440678,427722.7656779661,431529,423489.3109375,413546.41822916665,0.01379794812786336,0.01905350775207031,51.265824071082065,1371.5733775164117,707.3996734010722,664.1737041153395,-0.005617959691196939,1,1,1,1.0,Trend
2021-09-03 00:00:00+09:00,440374.375,440374.375,429182.5400552486,646199,423975.9109375,414827.8015625,0.013849283818687653,0.01857801517533296,59.41175826156007,2662.9856171141146,1098.5168621436806,1564.468754970434,0.022598797900462042,1,1,1,1.0,Trend
2021-09-06 00:00:00+09:00,441834.1875,442320.7890280837,433561.9615225771,368743,424438.184375,416149.73541666666,0.01383640813353877,0.01856197583268404,66.24207156595418,3760.880698085355,1630.9896293320155,2129.89106875334,0.003314935161701893,1,1,1,1.0,Trend
2021-09-07 00:00:00+09:00,432588.71875,440860.9439679415,432102.1172665917,356293,424292.2015625,417082.3880208333,0.014617102540887444,0.018249607483575927,58.85713803401583,3840.6655968737905,2072.924822840371,1767.7407740334197,-0.02092520002201048,1,1,1,1.0,Trend
2021-09-08 00:00:00+09:00,398526.6875,427236.1802503053,397066.8827838828,2470864,422491.778125,417447.34010416665,0.023405785913644287,0.021250149768879633,43.64406768130388,1142.207789977314,1886.7814162677594,-744.5736262904454,-0.07873998967986262,1,1,-1,0.5,Trend
2021-09-09 00:00:00+09:00,388308.03125,395120.4528508772,385388.4219924812,1972500,420253.4109375,417577.10052083334,0.023897856162153286,0.02149416295967545,40.71146194893695,-1800.1486289869645,1149.3954072168146,-2949.544036203779,-0.025641083948738097,1,1,-1,0.5,Trend
2021-09-10 00:00:00+09:00,399013.25,405339.0698170732,387334.81341463415,1326870,418769.275,417909.6109375,0.024947523847712136,0.021763662529095878,42.52872290507274,-3230.921551206906,273.3320155320705,-3504.2535667389766,0.027568883176428027,1,1,-1,0.5,Trend
2021-09-13 00:00:00+09:00,397066.84375,402906.0620404412,391714.2269837623,771749,417382.459375,418071.8109375,0.024916038869954422,0.021603991774990484,38.15260712718877,-4470.346743245784,-675.4037362235005,-3794.9430070222834,-0.0048780491625277644,-1,1,-1,-0.19999999999999996,MeanReversion
2021-09-14 00:00:00+09:00,391714.25,395607.06242236024,382955.4220496894,1636660,416117.296875,418161.0213541667,0.024782688115335152,0.02167643172546041,38.61787577887516,-5817.44977982057,-1703.8129449429146,-4113.636834877656,-0.01348033419121264,-1,1,-1,-0.19999999999999996,MeanReversion
2021-09-15 00:00:00+09:00,389767.8125,398526.639747191,389281.21098626714,730616,414730.4828125,418315.1114583333,0.024764718937943825,0.021592781484441975,40.2542334830281,-6961.848030358378,-2755.4199620260074,-4206.4280683323705,-0.00496902397602339,-1,1,-1,-0.19999999999999996,MeanReversion
2021-09-16 00:00:00+09:00,391227.59375,399013.2175062189,390254.39078047266,614987,413635.6265625,417966.3802083333,0.024754906192369575,0.018916238026252336,42.24134518579377,-7662.669260490744,-3736.869821718955,-3925.799438771789,0.00374525859546182,-1,-1,-1,-1.0,Defensive
2021-09-17 00:00:00+09:00,392200.84375,394147.24992245657,386848.2267757444,558566,412686.7546875,417698.74947916664,0.024776713975587672,0.018886880412691414,38.532133875263554,-8046.783679990505,-4598.852593373265,-3447.93108661724,0.002487682401620006,-1,-1,-1,-1.0,Defensive
2021-09-23 00:00:00+09:00,389281.25,390741.0546875,386848.2421875,615295,411251.28125,417536.5494791667,0.02439597567862598,0.01868287662836696,30.69309008225366,-8488.928852761164,-5376.867845250845,-3112.0610075103195,-0.007444129191779725,-1,-1,-1,-1.0,Defensive
2021-09-24 00:00:00+09:00,394633.84375,395120.44528360054,387334.82074599265,574341,409694.1578125,417495.99947916664,0.024190823147011365,0.01876078534793367,30.348240585158436,-8311.61142284912,-5963.8165607705,-2347.794862078621,0.013749939792887522,-1,1,-1,-0.19999999999999996,MeanReversion
2021-09-27 00:00:00+09:00,392200.84375,396580.2576380273,390254.43757754343,455667,408356.003125,417358.12916666665,0.024025652232173123,0.018742097803678266,30.348240585158436,-8272.053762116295,-6425.46400103966,-1846.589761076635,-0.006165208682763934,-1,1,-1,-0.19999999999999996,MeanReversion
2021-09-28 00:00:00+09:00,381982.21875,389281.24203821656,380522.4140923567,857556,406847.540625,416952.62864583335,0.024413703950516993,0.01893604021975594,20.29703143424777,-8961.953842600691,-6932.761969351866,-2029.1918732488248,-0.026054571689074768,-1,1,-1,-0.19999999999999996,MeanReversion
2021-09-29 00:00:00+09:00,376629.5625,379549.1715116279,369817.1414728682,664216,405241.753125,416530.90677083336,0.024504509359303067,0.01896948191477299,18.095225571428657,-9827.335841924883,-7511.67674386647,-2315.6590980584133,-0.014012841402712528,-1,1,-1,-0.19999999999999996,MeanReversion
2021-09-30 00:00:00+09:00,377602.8125,379549.21875,370790.390625,611128,403295.35,416109.1854166667,0.02396603884846289,0.018970001507394814,20.72542360022507,-10315.711073966115,-8072.4836098864,-2243.227464079715,0.0025841041089280647,-1,1,-1,-0.19999999999999996,MeanReversion
2021-10-01 00:00:00+09:00,371763.59375,379062.6171875,371276.9921875,402239,400521.7234375,415655.02447916666,0.022971594320894028,0.01903036761881992,29.62964548662994,-11046.589904494467,-8667.304868808013,-2379.2850356864546,-0.015463917525773141,-1,1,-1,-0.19999999999999996,MeanReversion
2021-10-05 00:00:00+09:00,360571.75,369817.1794871795,360085.14844804315,828794,396896.5421875,415022.4421875,0.023015913483530076,0.0194048970243757,29.19710321699668,-12386.125356851553,-9411.068966416722,-2975.056390434831,-0.030104733056583788,-1,1,-1,-0.19999999999999996,MeanReversion
2021-10-06 00:00:00+09:00,363004.78125,373223.41450234584,361544.9764996649,826716,393514.6625,414300.6510416667,0.023279991726687252,0.01924092883470963,19.166756308223526,-13100.378556198557,-10148.93088437309,-2951.4476718254664,0.006747703473719113,-1,1,-1,-0.19999999999999996,MeanReversion
2021-10-07 00:00:00+09:00,382955.40625,383442.00778271916,367870.7587357052,832068,390643.7140625,413838.3796875,0.026302010237627876,0.020469238513974912,40.76434293455852,-11919.183728835604,-10502.981453265593,-1416.202275570011,0.05495967554835057,-1,1,-1,-0.19999999999999996,MeanReversion
2021-10-08 00:00:00+09:00,378089.40625,386848.23419401544,377602.80469755473,542514,387456.475,413400.43854166666,0.026216557243282635,0.020439749884551505,41.02564841462968,-11246.085972595843,-10651.602357131644,-594.4836154641998,-0.012706440281517795,-1,1,-1,-0.19999999999999996,MeanReversion
2021-10-12 00:00:00+09:00,362031.5625,376629.609375,362031.5625,817135,383928.6171875,412646.20625,0.027264483544800898,0.02112312014375597,34.59462030172021,-11871.537249358487,-10895.589335577013,-975.9479137814742,-0.04247102268552383,-1,1,-1,-0.19999999999999996,MeanReversion
2021-10-13 00:00:00+09:00,371763.59375,372736.796875,362031.5625,612239,382590.4625,411689.2239583333,0.022295624377032666,0.02024162264978133,40.099046415170875,-11449.93063144479,-11006.45759475057,-443.47303669422035,0.026881720430107503,-1,1,-1,-0.19999999999999996,MeanReversion
2021-10-14 00:00:00+09:00,384415.1875,385388.39050632913,375169.7589398734,689827,382395.8203125,410894.44166666665,0.023086259139122583,0.02073378714700452,46.460161274143594,-9979.884570327878,-10801.142989866032,821.2584195381532,0.03403128752437179,-1,1,1,0.30000000000000004,Trend
2021-10-15 00:00:00+09:00,382955.40625,389281.22617534944,381495.6016518424,444506,381592.928125,409994.2291666667,0.022150341076366677,0.02066288951840936,47.085189525245895,-8830.85798887926,-10407.085989668678,1576.2280007894187,-0.003797407848252665,-1,1,1,0.30000000000000004,Trend
2021-10-18 00:00:00+09:00,385875.03125,388794.640565889,378576.00796027743,448726,381033.3375,409175.11666666664,0.02224194305237869,0.02069910078938351,45.87156638971146,-7597.082371061901,-9845.085265947324,2248.0028948854233,0.007623929450663036,-1,1,1,0.30000000000000004,Trend
2021-10-19 00:00:00+09:00,396580.21875,397066.8202453988,387821.39183282206,560257,381276.6359375,408599.3046875,0.022938429469939466,0.021020567034661427,51.91487745276208,-5689.89754375699,-9014.047721509258,3324.150177752268,0.027742628138756942,-1,1,1,0.30000000000000004,Trend
2021-10-20 00:00:00+09:00,396580.21875,405825.6471625767,396093.6172546012,591636,381617.25625,408088.3729166667,0.022901452839422486,0.020997014332936215,57.00932644228547,-4130.822279700369,-8037.402633147481,3906.5803534471115,0.0,-1,1,1,0.30000000000000004,Trend
2021-10-21 00:00:00+09:00,399499.875,400959.67965895246,393174.05481120583,482389,382030.8703125,407804.52291666664,0.02293928418621685,0.020783307182555402,61.24404266237298,-2629.3426166395075,-6955.790629845886,4326.448013206378,0.007362082403410408,-1,1,1,0.30000000000000004,Trend
2021-10-22 00:00:00+09:00,396580.21875,400473.0307131902,391714.20379601227,395564,382249.8390625,407277.3697916667,0.023011851096469423,0.02046282363104365,59.15490664596321,-1655.9126941086724,-5895.815042698444,4239.9023485897715,-0.0073082782566578075,-1,1,1,0.30000000000000004,Trend
2021-10-25 00:00:00+09:00,391714.25,401932.88260869565,390741.0468944099,461889,382371.4890625,406474.47760416666,0.023126848301264154,0.020171818730712533,59.71564413788822,-1262.5515702557168,-4969.162348209899,3706.6107779541826,-0.012269822144274523,-1,1,1,0.30000000000000004,Trend
2021-10-26 00:00:00+09:00,401446.28125,402419.4843560606,391714.25018939393,471083,382712.1109375,405833.7859375,0.02358103356086008,0.020458450637903233,70.19232639571794,-163.63023025396978,-4008.055924618714,3844.4256943647442,0.0248447209924072,-1,1,-1,-0.19999999999999996,MeanReversion
2021-10-27 00:00:00+09:00,403392.6875,407772.10147768393,400473.078181544,497113,383271.703125,405225.534375,0.023536590161371326,0.020474081093983115,70.04832086918617,854.4816341946716,-3035.548412856037,3890.0300470507086,0.004848484942840736,-1,1,-1,-0.19999999999999996,MeanReversion
2021-10-28 00:00:00+09:00,401932.875,408258.69506658596,400473.07036924944,494766,384269.2359375,404755.153125,0.022654870466112743,0.020291511077309324,61.53847615406802,1525.957663216337,-2123.2471976415623,3649.2048608578993,-0.0036188372899049748,-1,1,1,0.30000000000000004,Trend
2021-10-29 00:00:00+09:00,396093.625,403392.64757371007,394633.82048525795,472080,385242.4390625,404228.0015625,0.02267538398110013,0.020358383101917083,60.81869302504279,1568.8439234102261,-1384.8289734312048,2953.672896841431,-0.01452792335038533,-1,1,1,0.30000000000000004,Trend
2021-11-01 00:00:00+09:00,397553.46875,400473.07806762547,393174.05477356183,337049,386239.971875,403822.50104166666,0.022676869620371697,0.020301751869482562,75.88651028650264,1701.020478566119,-767.65908303174,2468.679561597859,0.00368560274101859,-1,1,-1,-0.19999999999999996,MeanReversion
2021-11-02 00:00:00+09:00,399013.25,403392.6637195122,398040.0469512195,352579,387602.4546875,403441.3302083333,0.02227044122068784,0.02031029352100198,72.58061926575807,1901.6425462401821,-233.79875717735558,2135.4413034175377,0.0036719117420604963,-1,1,-1,-0.19999999999999996,MeanReversion
2021-11-03 00:00:00+09:00,391714.25,399986.4763975155,389281.2422360248,366530,389159.5796875,403027.71979166666,0.021443949848227263,0.020379727279169483,56.6372008329393,1454.8975275091361,103.94049975994278,1350.9570277491935,-0.01829262562082834,-1,1,1,0.30000000000000004,Trend
2021-11-04 00:00:00+09:00,400473.0625,404365.874772175,395607.04715978133,537599,391032.99375,402678.9890625,0.02181439636824215,0.020534572133065525,64.06249294448256,1787.0122846001177,440.5548567279778,1346.45742787214,0.022360209004395504,-1,1,1,0.30000000000000004,Trend
2021-11-05 00:00:00+09:00,399499.875,403879.2889768575,394147.25791717414,309468,391860.2171875,402159.9473958333,0.01860660045253219,0.02032059772766703,61.29032258064516,1949.2181508725625,742.2875155568947,1206.9306353156678,-0.002430094783216541,-1,1,1,0.30000000000000004,Trend
2021-11-08 00:00:00+09:00,397066.84375,404365.8666130515,394633.83612898283,365376,392809.0890625,401567.9161458333,0.01838365249126025,0.020315815711204825,50.467311595881704,1860.0012438111007,965.8302612077359,894.1709826033648,-0.006090192769146685,-1,1,1,0.30000000000000004,Trend
2021-11-09 00:00:00+09:00,406312.25,407772.054491018,397553.4230538922,542759,395023.1234375,401081.3140625,0.015426713341101699,0.0205343301294487,57.936501868776375,2506.430647181056,1273.9503384024001,1232.4803087786559,0.023284256531429515,-1,1,1,0.30000000000000004,Trend
2021-11-10 00:00:00+09:00,403392.6875,407772.10147768393,399986.476628468,414599,396604.578125,400562.27291666664,0.014872115049362544,0.02054880342164225,53.174605601699504,2751.429545580002,1569.4461798379207,1181.9833657420813,-0.0071855143427252965,-1,1,1,0.30000000000000004,Trend
2021-11-11 00:00:00+09:00,396093.625,401932.843058968,394147.21898034395,566739,397188.5,399945.91041666665,0.013963305395125443,0.02066456305238659,49.629635267684904,2329.7635309855687,1721.5096500674504,608.2538809181183,-0.018094186449525096,-1,1,1,0.30000000000000004,Trend
2021-11-12 00:00:00+09:00,398040.09375,401446.3048212103,392687.47635238385,412100,397942.734375,399434.9791666667,0.01392500999944936,0.020648879482419936,55.03877396894399,2128.1222684858367,1802.8321737511278,325.2900947347089,0.004914163286521056,-1,1,1,0.30000000000000004,Trend
2021-11-15 00:00:00+09:00,399986.46875,401446.2733804745,397066.8594890511,331770,398648.30625,399021.36770833336,0.013880032123007327,0.020637360234384873,48.67255983341214,2101.1554985104594,1862.4968387029944,238.65865980746503,0.004889896848488062,-1,1,1,0.30000000000000004,Trend
2021-11-16 00:00:00+09:00,394633.84375,401446.26522040693,394147.2422163995,490783,398550.9875,398648.3067708333,0.0128890324588784,0.02057526046701899,42.49999063445418,1629.0928667803528,1815.8160443184663,-186.72317753811353,-0.013382015188482588,-1,1,-1,-0.19999999999999996,MeanReversion
2021-11-17 00:00:00+09:00,390254.4375,395607.054473192,388308.03132793016,540444,398234.6984375,398194.1458333333,0.013117348393420897,0.020615574759335103,40.47619290328434,891.3237209315994,1630.917579641093,-739.5938587094936,-0.011097391466440842,1,1,-1,0.5,Trend
2021-11-18 00:00:00+09:00,396093.625,401932.843058968,391227.6099508599,729079,398064.3859375,397910.2942708333,0.013465866186374334,0.02067950805440352,50.0,768.946057136287,1458.523275140132,-689.577218003845,0.014962514039318364,1,1,-1,0.5,Trend
2021-11-19 00:00:00+09:00,393174.0625,399013.28125,393174.0625,415847,397894.078125,397610.2239583333,0.013467576226971773,0.02069120715649443,46.511626749214784,431.4036304347683,1253.0993461990593,-821.695715764291,-0.00737088990008361,1,1,-1,0.5,Trend
2021-11-22 00:00:00+09:00,399013.25,400473.0545731707,389767.8210365854,555854,398259.028125,397293.9328125,0.013568016634930413,0.020668562075939336,50.0,627.8351635839208,1128.0465096760315,-500.2113460921107,0.014851405667178241,1,1,-1,0.5,Trend
2021-11-23 00:00:00+09:00,389281.25,394147.265625,388794.6484375,682033,397650.7765625,396685.6817708333,0.013523630823589067,0.020738672753274786,48.25175013607679,-1.7621841036598198,902.0847709200932,-903.846955023753,-0.024390167494437787,1,1,-1,0.5,Trend
2021-11-24 00:00:00+09:00,384415.1875,390254.4055379747,381495.57848101266,554151,396701.9015625,396109.8692708333,0.013651607876108779,0.02070123668646979,37.77774394943001,-883.1923034132342,545.0293560534278,-1428.221659466662,-0.01250012041422488,1,1,-1,0.5,Trend
2021-11-25 00:00:00+09:00,386361.625,390254.4373425693,384901.82037153654,323058,395923.3390625,395680.03854166664,0.013748435721702154,0.020623555944685505,40.14597376784827,-1408.4352196424734,154.3364409142476,-1562.771660556721,0.005063373048964204,1,1,-1,0.5,Trend
2021-11-26 00:00:00+09:00,379062.625,384901.8438703466,377602.82028241333,473540,395071.7890625,395185.32708333334,0.013997062419180842,0.020734103273613906,37.41497817141414,-2386.156191393151,-353.7620855472321,-2032.3941058459188,-0.018891627759356266,-1,1,-1,-0.19999999999999996,MeanReversion
2021-11-29 00:00:00+09:00,376143.0,381009.01552393276,372250.1875808538,457264,394001.265625,394512.19583333336,0.013977477757323992,0.020580313611746455,26.86569095529167,-3357.888791010948,-954.5874266399753,-2403.301364370973,-0.007702223346340187,-1,1,-1,-0.19999999999999996,MeanReversion
2021-11-30 00:00:00+09:00,370790.375,381982.21046587924,370790.375,1103481,392590.121875,393571.43333333335,0.014120131123778005,0.020331822659135655,25.899277584036994,-4507.941240386688,-1665.258189389318,-2842.68305099737,-0.014230292734412231,-1,1,-1,-0.19999999999999996,MeanReversion
2021-12-01 00:00:00+09:00,379549.1875,381982.1951121795,371763.56314102566,548840,391981.86875,392679.3302083333,0.014888601605841463,0.020500096217619185,38.02817219901624,-4658.89824499283,-2263.9862005100204,-2394.9120444828095,0.023622006099807802,-1,1,-1,-0.19999999999999996,MeanReversion
2021-12-02 00:00:00+09:00,387821.4375,388308.0390526976,371763.58626097866,613006,391349.2875,391965.64791666664,0.014842725837818928,0.020722286769739973,43.22578319572777,-4064.1819580603624,-2624.0253520200886,-1440.1566060402738,0.021794935340231802,-1,1,-1,-0.19999999999999996,MeanReversion
2021-12-03 00:00:00+09:00,391227.59375,391227.59375,383928.5714785448,501099,390935.6734375,391146.53489583335,0.015019292831530692,0.020527728752291988,44.303758880180666,-3280.204517209495,-2755.26118505797,-524.9433321515248,0.008782795174905766,-1,1,-1,-0.19999999999999996,MeanReversion
2021-12-06 00:00:00+09:00,381495.59375,389767.81963488524,379062.5861367985,456773,390157.1109375,390140.89166666666,0.015935891948497698,0.020732153376825244,41.916148091404615,-3404.9378097940935,-2885.196510005195,-519.7412997888987,-0.024875545987737446,1,1,-1,0.5,Trend
2021-12-07 00:00:00+09:00,380522.40625,381982.2108775575,378089.3985374041,384366,388867.61875,389273.1197916667,0.014809017003112499,0.020586349524055705,43.749987456826396,-3541.49380472739,-3016.455968949634,-525.0378357777558,-0.0025509796599059165,-1,1,-1,-0.19999999999999996,MeanReversion
2021-12-08 00:00:00+09:00,384415.1875,388794.60102848103,383441.98449367087,534080,387918.74375,389037.928125,0.015074093177924103,0.017771609738657927,42.307676474099566,-3297.5879596782033,-3072.682367095348,-224.9055925828552,0.010230097324262388,-1,1,-1,-0.19999999999999996,MeanReversion
2021-12-09 00:00:00+09:00,388794.625,388794.625,383442.008135169,748143,387553.79375,389046.03802083334,0.01488737177866619,0.017519581333282522,47.169793030689554,-2719.55744905927,-3002.057383488133,282.49993442886307,0.011392467421698749,-1,1,1,0.30000000000000004,Trend
2021-12-10 00:00:00+09:00,384415.1875,385874.9920094937,382955.38299050636,224452,386872.5484375,388802.7369791667,0.014994699038496869,0.01720996960656848,40.384601134405386,-2585.049271804455,-2918.6557611513977,333.60648934694245,-0.01126414106162088,-1,1,-1,-0.19999999999999996,MeanReversion
2021-12-13 00:00:00+09:00,380035.75,387334.7720870679,379549.1485275288,346330,385875.0125,388518.8854166667,0.015059927386291739,0.01725840104537711,43.448228211842164,-2799.562958891911,-2894.8372006995005,95.27424180758953,-0.01139246742169886,-1,1,-1,-0.19999999999999996,MeanReversion
2021-12-14 00:00:00+09:00,381495.59375,381982.1952726403,376629.578523597,322068,385218.1,388348.57447916665,0.014896122346529816,0.017185023896374826,47.8260990965794,-2819.270614485955,-2879.7238834567916,60.45326897083669,0.0038413326904114253,-1,1,1,0.30000000000000004,Trend
2021-12-15 00:00:00+09:00,377116.21875,379549.22661290324,376629.61717741936,290339,384561.1890625,388137.71458333335,0.014909293283601419,0.017235246002817558,43.35665497665366,-3151.934497193608,-2934.166006204155,-217.76849098945286,-0.011479490384022295,-1,1,-1,-0.19999999999999996,MeanReversion
2021-12-16 00:00:00+09:00,377116.21875,384901.84391129034,374196.6093145161,543865,383612.31875,387902.525,0.01440210536160257,0.017226236026290163,48.437499216052835,-3376.6491118825506,-3022.662627339834,-353.9864845427164,0.0,-1,1,-1,-0.19999999999999996,MeanReversion
2021-12-17 00:00:00+09:00,374196.5625,377116.1715702211,373223.359476593,505284,382663.44375,387602.45364583336,0.01440910272643168,0.017245864038857524,48.437474913703134,-3747.1342902071774,-3167.5569599133028,-579.5773302938746,-0.007742059622037889,-1,1,-1,-0.19999999999999996,MeanReversion
2021-12-20 00:00:00+09:00,363004.78125,372736.8129189008,363004.78125,630690,380863.0203125,387164.5125,0.015086855409581205,0.017644987964363135,44.285731979249285,-4887.489737154334,-3511.543515361509,-1375.9462217928249,-0.02990882966756281,-1,1,-1,-0.19999999999999996,MeanReversion
2021-12-21 00:00:00+09:00,364951.15625,368843.96858333336,360085.14083333337,480367,379646.515625,386669.80104166665,0.014477787136586581,0.01755909472560241,38.09523566814052,-5569.966343883192,-3923.228081065846,-1646.7382628173464,0.005361843977089498,-1,1,-1,-0.19999999999999996,MeanReversion
2021-12-22 00:00:00+09:00,368357.375,369817.179656539,365437.76568692207,263513,378843.625,386272.40989583335,0.014559900305688694,0.017599783056807927,32.75859205364449,-5769.473684267548,-4292.477201706187,-1476.9964825613615,0.009333355139904409,-1,1,-1,-0.19999999999999996,MeanReversion
2021-12-23 00:00:00+09:00,367870.78125,370303.7890625,364464.5703125,354342,377919.0828125,386037.21927083336,0.01446382166471041,0.01728236341531712,28.181857457456516,-5898.850461671071,-4613.751853699164,-1285.0986079719069,-0.0013209827820062081,-1,1,-1,-0.19999999999999996,MeanReversion
2021-12-24 00:00:00+09:00,373710.0,377602.8125,367870.78125,412695,377651.4515625,385988.5598958333,0.014453629018873579,0.01731737400466173,42.15689175686456,-5467.184042694746,-4784.43829149828,-682.7457511964658,0.015873015873015817,-1,1,-1,-0.19999999999999996,MeanReversion
2021-12-27 00:00:00+09:00,370303.75,374196.56208935607,369817.1484888305,226757,377359.4890625,385866.9088541667,0.014493501201325079,0.017352494649374772,40.186900742741386,-5338.403411956038,-4895.231315589832,-443.17209636620646,-0.009114687859570259,-1,1,-1,-0.19999999999999996,MeanReversion
2021-12-28 00:00:00+09:00,374196.5625,375169.765523407,367870.7428478544,551228,377529.7984375,385907.4583333333,0.014332828015469768,0.017289927429809455,40.18693664224675,-4866.132650984626,-4889.411582668791,23.2789316841654,0.010512484683182333,-1,1,-1,-0.19999999999999996,MeanReversion
2021-12-29 00:00:00+09:00,372258.3125,379079.7999018325,372258.3125,352409,377165.2546875,386102.234375,0.013318786925799986,0.016831126715465633,33.33881189515418,-4595.283676992985,-4830.58600153363,235.3023245406448,-0.005179764311704527,-1,1,-1,-0.19999999999999996,MeanReversion
2021-12-30 00:00:00+09:00,368847.5625,372258.3061426684,366411.3170409511,369314,376216.5609375,386199.6140625,0.01231872313673958,0.016857391927248288,34.0025433362663,-4602.794780822936,-4785.027757391492,182.2329765685554,-0.009162320586192374,-1,1,-1,-0.19999999999999996,MeanReversion
2022-01-04 00:00:00+09:00,356179.09375,366411.3248974008,355691.8446477428,803676,374464.1359375,385753.3421875,0.013980536596475116,0.01596700738705249,29.05311484262117,-5566.816146720201,-4941.385435257234,-625.4307114629664,-0.034346082333131855,-1,1,-1,-0.19999999999999996,MeanReversion
2022-01-05 00:00:00+09:00,345946.84375,352768.33080985915,343023.34929577465,1151703,372686.6984375,385217.6328125,0.014310118833460148,0.016304252965553278,22.953566754922562,-7074.911904654291,-5368.090729136646,-1706.8211755176453,-0.02872782310795019,-1,1,-1,-0.19999999999999996,MeanReversion
2022-01-06 00:00:00+09:00,329867.625,340587.104689808,328893.12684638106,1280916,370153.959375,384681.5671875,0.01717934630687474,0.016494907897048206,19.484687598264443,-9458.51535426476,-6186.175654162269,-3272.3397001024914,-0.04647887107656257,-1,1,-1,-0.19999999999999996,MeanReversion
2022-01-07 00:00:00+09:00,329380.375,334740.11482988164,328405.87684911245,787839,367402.21875,383975.18020833336,0.016753242283982884,0.016077898101153086,19.362822472696152,-11257.090531546273,-7200.35862963907,-4056.731901907203,-0.0014771076731158184,-1,1,-1,-0.19999999999999996,MeanReversion
2022-01-10 00:00:00+09:00,326456.90625,330842.1482742537,320609.91688432836,828611,364285.3328125,383009.2088541667,0.01614186976202812,0.015409699319511125,19.36187494610091,-12771.15587805974,-8314.518079323205,-4456.637798736536,-0.008875661611594143,-1,1,-1,-0.19999999999999996,MeanReversion
2022-01-11 00:00:00+09:00,326456.90625,335714.6394123134,325969.657136194,805084,361387.41875,382067.5671875,0.016244609805485505,0.015413003770231757,22.60982468893856,-13811.849173726281,-9413.98429820382,-4397.86487552246,0.0,-1,1,-1,-0.19999999999999996,MeanReversion
2022-01-12 00:00:00+09:00,336689.125,343510.61233719246,330842.13585383503,1047713,359220.0875,381247.8020833333,0.018406392384238152,0.01595844068672251,31.159391607415543,-13653.561807952472,-10261.899800153551,-3391.662007798921,0.03134324486357842,-1,1,-1,-0.19999999999999996,MeanReversion
2022-01-13 00:00:00+09:00,339125.34375,343023.3362068965,335227.3512931034,677226,357101.575,380290.2208333333,0.018516996920295938,0.015530402298180175,30.25742331858062,-13179.60910761176,-10845.441661645193,-2334.1674459665664,0.0072358106309493575,-1,1,-1,-0.19999999999999996,MeanReversion
2022-01-14 00:00:00+09:00,333278.375,333765.6240862573,326944.136878655,504907,354909.6828125,379235.1901041667,0.01865664337424622,0.015642785862511954,28.214542544695377,-13124.508526346355,-11301.255034585425,-1823.25349176093,-0.017241320525753223,-1,1,-1,-0.19999999999999996,MeanReversion
2022-01-17 00:00:00+09:00,334740.125,337663.6195414847,330842.1322780204,418789,352790.878125,378155.8609375,0.01875831447118794,0.015614617411231687,24.025581251968333,-12815.164668929356,-11604.036961454212,-1211.1277074751433,0.004385973137321031,-1,1,-1,-0.19999999999999996,MeanReversion
2022-01-18 00:00:00+09:00,329380.375,339125.35650887573,326944.12962278107,441573,350550.06875,377035.86354166665,0.018893726999928914,0.015697721428900947,23.415806611395766,-12854.317889825616,-11854.093147128493,-1000.2247426971226,-0.0160116747282687,-1,1,-1,-0.19999999999999996,MeanReversion
2022-01-19 00:00:00+09:00,324020.625,325482.3721804511,319635.3834586466,749338,348600.8609375,375907.63645833335,0.01820631619945035,0.015746954342466805,18.01485440815439,-13166.063941640896,-12116.487306030975,-1049.5766356099211,-0.016272220225628242,-1,1,-1,-0.19999999999999996,MeanReversion
2022-01-20 00:00:00+09:00,326456.90625,327918.6535914179,318173.6713152985,695553,346676.1484375,374657.81354166666,0.018280798875976986,0.015388306620911492,20.987656276042713,-13065.921586890647,-12306.374162202908,-759.5474246877384,0.007518907939888075,-1,1,-1,-0.19999999999999996,MeanReversion
2022-01-21 00:00:00+09:00,324507.90625,331816.64287725225,321584.4115990991,580928,344483.675,373343.0671875,0.01794310664056692,0.015352964706813436,21.38365058934147,-12994.038869215758,-12443.90710360548,-550.1317656102783,-0.005970160112059197,-1,1,-1,-0.19999999999999996,MeanReversion
2022-01-24 00:00:00+09:00,320122.625,325482.36453576863,319148.12690258754,494977,342096.2671875,371979.56302083336,0.01797261160276632,0.015406921325164224,23.9436492490496,-13139.463291331253,-12583.018341150633,-556.4449501806193,-0.013513634538757868,-1,1,-1,-0.19999999999999996,MeanReversion
2022-01-25 00:00:00+09:00,313788.40625,323046.13873253105,309890.4136257764,799996,339100.1875,370607.809375,0.017363057147986263,0.015486020735068665,25.373135042721955,-13608.956134398002,-12788.205899800108,-820.7502345978937,-0.019786851210532252,-1,1,-1,-0.19999999999999996,MeanReversion
2022-01-26 00:00:00+09:00,313788.40625,313788.40625,313788.40625,0,336274.4203125,369211.725,0.01747182073878318,0.015462842430235237,33.66336696535218,-13821.704588260618,-12994.905637492211,-826.7989507684069,0.0,-1,1,-1,-0.19999999999999996,MeanReversion
2022-01-27 00:00:00+09:00,295272.96875,307454.19683374587,295272.96875,949565,332328.240625,367482.7203125,0.02046201649885165,0.017081289487648293,24.637691936249198,-15307.89050409873,-13457.502610813515,-1850.387893285215,-0.0590061236527919,-1,1,-1,-0.19999999999999996,MeanReversion
2022-01-28 00:00:00+09:00,302094.4375,303068.9356854839,289425.9610887097,974351,328820.046875,365989.0567708333,0.021854310653341487,0.01736026113807464,32.87669668300367,-15753.669534979272,-13916.735995646668,-1836.9335393326037,0.02310224596202559,-1,1,-1,-0.19999999999999996,MeanReversion
2022-02-03 00:00:00+09:00,312326.65625,317686.39606084244,311839.40717628703,884438,325994.0015625,364519.95,0.023948375668744935,0.017706043948546284,41.31734526229925,-15107.15224253555,-14154.819245024444,-952.3329975111064,0.03387092736522157,-1,-1,-1,-1.0,Defensive
2022-02-04 00:00:00+09:00,319148.15625,321097.1526240458,312813.91803435114,548945,324142.4546875,363180.7546875,0.02397704843927298,0.01801468126963088,38.749997494703806,-13884.29507902509,-14100.714411824574,216.41933279948353,0.02184091515563691,-1,-1,-1,-1.0,Defensive
2022-02-07 00:00:00+09:00,318660.875,320609.87117737,312326.6374235474,492656,322778.15625,361873.98854166665,0.023329272522772965,0.018014190197906725,36.53846549158858,-12806.861958565074,-13841.943921172675,1035.0819626076009,-0.001526818314495637,-1,1,-1,-0.19999999999999996,MeanReversion
2022-02-08 00:00:00+09:00,318660.875,318660.875,318660.875,0,322217.81875,360413.13229166664,0.020967951939446984,0.01767826830089837,39.58332405446886,-11816.772055542911,-13436.909548046724,1620.1374925038126,0.0,-1,1,-1,-0.19999999999999996,MeanReversion
2022-02-09 00:00:00+09:00,318660.875,318660.875,318660.875,0,321681.84375,359000.9354166667,0.02097148450153702,0.017680923680674126,38.297861694724055,-10906.396524052136,-12930.806943247806,2024.4104191956703,0.0,-1,1,-1,-0.19999999999999996,MeanReversion
2022-02-10 00:00:00+09:00,323046.15625,328893.14550339367,318173.66520550527,701866,321511.30625,357783.47760416666,0.021167009569106256,0.017722731064109813,45.32376191985648,-9719.026916484756,-12288.450937895197,2569.424021410441,0.013761592947361345,-1,1,1,0.30000000000000004,Trend
2022-02-11 00:00:00+09:00,319148.15625,322071.6508110687,315250.1635019084,450896,321145.86875,356468.6119791667,0.021324632372142462,0.017724022124490254,46.323551257220544,-8988.945008373703,-11628.549751990899,2639.6047436171957,-0.012066387185190375,-1,1,1,0.30000000000000004,Trend
2022-02-14 00:00:00+09:00,313788.40625,318660.8970302795,309890.4136257764,424845,320000.8328125,355031.97760416666,0.020198976416548737,0.01776914653316813,40.845062152731046,-8742.063798219722,-11051.252561236664,2309.188763016942,-0.016793924373486036,-1,1,-1,-0.19999999999999996,MeanReversion
2022-02-15 00:00:00+09:00,310377.6875,317199.1751373626,307941.4419152276,335584,318563.45,353627.7083333333,0.020098722710596876,0.017749298825725367,40.00000884628127,-8721.093818204885,-10585.220812630309,1864.1269944254236,-0.010869486195365097,-1,1,-1,-0.19999999999999996,MeanReversion
2022-02-16 00:00:00+09:00,316224.6875,317199.1857665639,311839.44530046225,447832,317710.765625,352393.87916666665,0.020488032899352606,0.017961787025644545,47.29733594729096,-8138.851311717939,-10095.946912447835,1957.0956007298955,0.018838338693402346,-1,1,1,0.30000000000000004,Trend
2022-02-17 00:00:00+09:00,316224.6875,319635.4314329738,310864.9470338983,481773,316784.99375,351062.73020833335,0.020432601646300303,0.01780617878894786,51.85187824508045,-7589.927965476352,-9594.743123053539,2004.8151575771863,0.0,-1,1,1,0.30000000000000004,Trend
2022-02-18 00:00:00+09:00,309890.40625,311839.40251572325,307454.1609178459,549382,315810.4953125,349674.6692708333,0.02059265580025686,0.017927411115041748,47.29729495487547,-7578.6637002959615,-9191.527238502023,1612.863538206062,-0.02003095109391162,-1,1,1,0.30000000000000004,Trend
2022-02-21 00:00:00+09:00,309890.40625,309890.40625,309890.40625,0,315103.984375,348189.28854166664,0.020358036098629156,0.017766949861648795,63.63630533140538,-7483.471883413324,-8849.916167484284,1366.4442840709598,0.0,-1,1,1,0.30000000000000004,Trend
2022-02-22 00:00:00+09:00,309890.40625,309890.40625,309890.40625,0,314275.659375,346866.1078125,0.020238349985703025,0.017569416127119347,58.333294362163315,-7323.609669235593,-8544.654867834546,1221.045198598953,0.0,-1,1,1,0.30000000000000004,Trend
2022-02-23 00:00:00+09:00,309890.40625,309890.40625,309890.40625,0,313544.784375,345624.028125,0.020229942770507537,0.017537923681795964,46.666672367586166,-7114.901556484052,-8258.704205564449,1143.8026490803968,0.0,-1,1,1,0.30000000000000004,Trend
2022-02-24 00:00:00+09:00,294785.6875,298196.43099173554,292349.44214876037,666538,312277.9375,344097.7625,0.022773402005181468,0.01849092977192787,22.826140756309854,-8075.237134168856,-8222.010791285331,146.77365711647508,-0.048742130912611925,-1,1,-1,-0.19999999999999996,MeanReversion
2022-02-25 00:00:00+09:00,306479.6875,309403.1821343402,297221.954491256,857872,311912.5015625,342888.046875,0.02436577334478151,0.01921749133100923,39.13049055256876,-7802.756608034018,-8138.159954635069,335.40334660105054,0.03966949718344104,-1,1,-1,-0.19999999999999996,MeanReversion
2022-02-28 00:00:00+09:00,306479.6875,306479.6875,306479.6875,0,311547.065625,341726.99166666664,0.02436577334478151,0.019214845541584563,39.13049055256876,-7500.354411113076,-8010.598845930671,510.244434817595,0.0,-1,1,-1,-0.19999999999999996,MeanReversion
2022-03-02 00:00:00+09:00,308915.90625,311352.151567429,304043.415615142,546099,312229.2125,340695.75052083336,0.019960049518886934,0.019215253033199743,41.66668893593345,-6983.613252145355,-7805.201727173609,821.5884750282539,0.007949038221334082,-1,1,-1,-0.19999999999999996,MeanReversion
2022-03-03 00:00:00+09:00,317199.15625,318660.90351382486,310377.6690188172,580888,312984.4484375,339656.5833333333,0.020171875106573277,0.019291778146207212,45.31249530257435,-5838.401651790016,-7411.841712096891,1573.4400603068743,0.026813931663643542,-1,1,1,0.30000000000000004,Trend
2022-03-04 00:00:00+09:00,317199.15625,317199.15625,317199.15625,0,313228.0734375,338479.5453125,0.018818630711909663,0.019025673965147965,48.333331551791034,-4874.621604197775,-6904.3976905170675,2029.7760863192925,0.0,-1,1,1,0.30000000000000004,Trend
2022-03-07 00:00:00+09:00,299170.96875,301607.2144238599,297221.97221091203,535033,312229.2140625,336945.2682291667,0.02234760012013979,0.020243445820765826,39.726053272934614,-5502.1180443554185,-6623.941761284738,1121.8237169293197,-0.056835546831628725,-1,1,-1,-0.19999999999999996,MeanReversion
2022-03-08 00:00:00+09:00,296734.6875,301607.1782635468,293811.1930418719,559921,311132.9046875,335532.58645833336,0.022370358801331685,0.02006669448001869,40.27776911750427,-6125.391331722785,-6524.231675372348,398.8403436495628,-0.008143441391319839,-1,1,-1,-0.19999999999999996,MeanReversion
2022-03-10 00:00:00+09:00,296734.6875,296734.6875,296734.6875,0,310036.5953125,334136.12447916664,0.022370358801331685,0.020072926880031042,34.84847012499624,-6543.905829441093,-6528.166506186097,-15.739323254996634,0.0,-1,1,-1,-0.19999999999999996,MeanReversion
2022-03-11 00:00:00+09:00,296734.6875,296734.6875,296734.6875,0,308940.2859375,332674.7828125,0.022370358801331685,0.01999267727869503,34.84847012499624,-6797.227378030191,-6581.9786805549165,-215.24869747527464,0.0,-1,1,-1,-0.19999999999999996,MeanReversion
2022-03-14 00:00:00+09:00,320609.90625,329380.3900075988,316711.913468845,679812,308818.4734375,331538.37083333335,0.02861850869383072,0.022526979110949828,56.547629046075286,-5013.6615414201515,-6268.3152527279635,1254.653711307812,0.08045981732418794,-1,1,1,0.30000000000000004,Trend
2022-03-15 00:00:00+09:00,320609.90625,320609.90625,320609.90625,0,308891.5609375,330474.94947916665,0.028484352825671005,0.022505280089878465,56.547629046075286,-3559.1451561396825,-5726.481233410308,2167.3360772706255,0.0,-1,1,1,0.30000000000000004,Trend
2022-03-16 00:00:00+09:00,320609.90625,320609.90625,320609.90625,0,309232.6359375,329484.51875,0.02819749943247072,0.0224811103436552,56.547629046075286,-2379.006732844282,-5056.986333297103,2677.9796004528207,0.0,-1,1,1,0.30000000000000004,Trend
2022-03-17 00:00:00+09:00,320609.90625,320609.90625,320609.90625,0,309744.246875,328469.75729166664,0.02805817394441794,0.022467280799667068,56.547629046075286,-1427.2856692043715,-4331.046200478557,2903.7605312741853,0.0,-1,1,1,0.30000000000000004,Trend
2022-03-18 00:00:00+09:00,335714.625,337663.62137155293,332791.13044267055,722326,310718.74375,327779.73072916665,0.029560592110800327,0.023305798102975634,75.0,539.5649295928306,-3356.9239744642796,3896.48890405711,0.047112451785011,-1,1,-1,-0.19999999999999996,MeanReversion
2022-03-21 00:00:00+09:00,335714.625,335714.625,335714.625,0,311693.240625,327089.70416666666,0.029560592110800327,0.023305798102975634,70.83332591023515,2074.395855378709,-2270.660008495682,4345.055863874391,0.0,-1,1,-1,-0.19999999999999996,MeanReversion
2022-03-22 00:00:00+09:00,330842.125,332303.87223858613,327431.38144329895,301259,312740.8265625,326367.1302083333,0.029354380365193857,0.023351575536998032,66.23375163045922,2864.5694199644495,-1243.6141228036558,4108.183542768105,-0.014513815119016615,-1,1,1,0.30000000000000004,Trend
2022-03-23 00:00:00+09:00,336689.125,338638.121382055,332791.13223589,504911,314080.7625,325928.5359375,0.02951258589178072,0.023185201625224208,67.70186459117184,3917.433957232861,-211.4045067963525,4128.838464029213,0.017673081987367834,-1,1,1,0.30000000000000004,Trend
2022-03-24 00:00:00+09:00,331329.375,333278.3713235294,326456.88419117645,528012,315152.7109375,325368.17291666666,0.029847499045973218,0.023246386676963462,59.35482963326475,4270.126298884919,684.9016543399019,3585.2246445450173,-0.015918987582387745,-1,1,1,0.30000000000000004,Trend
2022-03-25 00:00:00+09:00,324507.90625,331329.39376876876,324020.6571415165,559026,315883.5859375,324637.3484375,0.030328795396753178,0.02333168849833493,54.437876559177,3953.6270503344713,1338.6467335388159,2614.980316795655,-0.02058817981351635,-1,1,1,0.30000000000000004,Trend
2022-03-28 00:00:00+09:00,323046.15625,324020.65445889893,315737.41968325793,356589,317296.609375,323890.2713541667,0.0278032877947765,0.023333495877947048,68.14811788392707,3543.9951370789204,1779.7164142468368,1764.2787228320835,-0.004504512746366984,-1,1,1,0.30000000000000004,Trend
2022-03-29 00:00:00+09:00,325482.375,329380.3675149701,323533.378742515,323767,318246.74375,323086.47760416666,0.026624626025698282,0.02325040794076231,71.85184586938387,3377.013280401996,2099.1757874778687,1277.8374929241272,0.0075413952553413655,-1,1,-1,-0.19999999999999996,MeanReversion
2022-03-30 00:00:00+09:00,330354.90625,333278.4009955752,328405.90975294984,454373,319440.5046875,322420.66354166664,0.026743333780255268,0.023336978632460977,73.79311290464548,3596.3945091547794,2398.619531813251,1197.7749773415285,0.014970184637493889,-1,1,-1,-0.19999999999999996,MeanReversion
2022-03-31 00:00:00+09:00,331816.65625,333278.4036343612,329867.65973751835,427064,320585.5421875,321714.33177083335,0.026726074035022675,0.02329573639251302,74.32433427962141,3843.8966740277247,2687.674960256146,1156.2217137715788,0.004424786713758788,-1,1,-1,-0.19999999999999996,MeanReversion
2022-04-01 00:00:00+09:00,326944.125,331816.615685544,326944.125,446987,321072.790625,320959.0953125,0.02645748888353752,0.023350919386243327,55.963276841144626,3605.311584694311,2871.202285143779,734.1092995505319,-0.014684408266500304,1,1,1,1.0,Trend
2022-04-04 00:00:00+09:00,329380.375,330354.87315088755,323533.3860946746,283687,321681.8515625,320301.30885416665,0.026487206933722817,0.023364607763904317,57.89471315402026,3571.644502342504,3011.290728583524,560.35377375898,0.007451579073335601,1,1,1,1.0,Trend
2022-04-05 00:00:00+09:00,333765.625,334252.87408759125,329380.3832116788,389951,323411.584375,319927.75104166666,0.02242314927024967,0.023034563906001226,60.97558940773745,3854.3851699889055,3179.9096168646,674.4755531243054,0.013313634730059531,1,1,1,1.0,Trend
2022-04-06 00:00:00+09:00,321584.40625,329380.3918560606,320609.9080492424,647201,324654.0703125,319521.71041666664,0.024218162127088626,0.023222958756208965,50.675676261281126,3060.259864925698,3155.97966647682,-95.71980155112215,-0.03649632507841394,1,1,-1,0.5,Trend
2022-04-07 00:00:00+09:00,312813.90625,320122.64237733645,312813.90625,493204,325458.03125,319237.4817708333,0.025228040170761804,0.022684425926553533,32.59260807660533,1703.5661374268238,2865.496960666821,-1161.9308232399972,-0.02727277762710234,1,1,-1,0.5,Trend
2022-04-08 00:00:00+09:00,308428.65625,316224.6412421011,303556.1656299368,626173,326042.7296875,318888.2864583333,0.02550178118776109,0.022748630076037325,30.555569164550704,271.3950844014762,2346.676585413752,-2075.281501012276,-0.014018718197570501,1,1,-1,0.5,Trend
2022-04-11 00:00:00+09:00,305017.9375,305017.9375,300145.446485623,507362,325263.13125,318530.9703125,0.018413171511094964,0.022763251138741863,31.205702147402505,-1125.849203118647,1652.1714277072722,-2778.0206308259194,-0.01105837178512814,1,1,-1,0.5,Trend
2022-04-12 00:00:00+09:00,300632.71875,303068.96444489463,297221.97477714746,467984,324264.271875,318100.5671875,0.018593828798647502,0.022827723798598258,23.18843812755817,-2557.544095584599,810.2283230488981,-3367.772418633497,-0.014376920865514675,1,1,-1,0.5,Trend
2022-04-13 00:00:00+09:00,302581.6875,303556.18568840576,296247.4492753623,519629,323362.8609375,317532.10989583336,0.0187084580718887,0.02245807171296074,27.480920889007265,-3494.6232809002395,-50.74199774092938,-3443.88128315931,0.0064828896804831615,1,1,-1,0.5,Trend
2022-04-14 00:00:00+09:00,305017.9375,307454.1830071885,300632.6955870607,459979,322583.2625,316963.653125,0.018859070475930547,0.02246380668901755,33.60655780795186,-3994.6326337156934,-839.5201249358822,-3155.112508779811,0.008051544758471252,1,1,-1,0.5,Trend
2022-04-15 00:00:00+09:00,300632.71875,305992.4592787682,297709.2239161264,369642,320829.1671875,316419.55885416665,0.015153882556941342,0.022432615783840405,32.03126409229111,-4690.672994084307,-1609.7506987655672,-3080.92229531874,-0.014376920865514675,1,1,-1,0.5,Trend
2022-04-18 00:00:00+09:00,298683.6875,300145.43474714516,297221.94025285484,209787,318977.6203125,315818.61822916666,0.015098909181949656,0.022426491124720425,28.34648532306626,-5338.027074212558,-2355.405973854966,-2982.621100357592,-0.006483097575353369,1,1,-1,0.5,Trend
2022-04-19 00:00:00+09:00,304043.4375,305992.4338942308,299658.1956129808,371024,317637.6859375,315396.3359375,0.01582864909562095,0.0224889384735197,28.906243345310315,-5356.8226973990095,-2955.6893185637746,-2401.133378835235,0.017944568867692245,1,1,-1,0.5,Trend
2022-04-20 00:00:00+09:00,307454.15625,308915.90342709987,304043.41283676703,496286,316175.9375,315120.228125,0.015427483862234035,0.022457322600917387,31.06056925184876,-5038.422072289803,-3372.23586930898,-1666.1862029808226,0.011217866690511835,1,1,-1,0.5,Trend
2022-04-21 00:00:00+09:00,301607.1875,303068.9347738288,298196.44386106625,803990,314689.828125,314706.06614583335,0.015566746917604454,0.022552962321423602,30.59700706736443,-5197.969835269323,-3737.382662501049,-1460.5871727682743,-0.01901736773155105,-1,1,-1,-0.19999999999999996,MeanReversion
2022-04-22 00:00:00+09:00,292349.46875,296247.46166666667,291862.21963541664,1166406,313081.90625,314170.0921875,0.01628759456833479,0.02287347081633924,24.324311440976345,-6002.242999025097,-4190.354729805858,-1811.8882692192383,-0.030694622454910836,-1,1,-1,-0.19999999999999996,MeanReversion
2022-04-25 00:00:00+09:00,281142.71875,287476.9567807626,280655.46967071056,823308,310986.734375,313520.4270833333,0.017958007906199367,0.023329545042609878,16.666633675086516,-7457.955671494477,-4843.874918143582,-2614.080753350895,-0.03833340299168919,-1,1,-1,-0.19999999999999996,MeanReversion
2022-04-26 00:00:00+09:00,279680.96875,284066.2104202962,277731.9724520906,804555,308696.6640625,312951.96979166666,0.017641361720536472,0.02321595586114464,19.28567567344703,-8630.087187856552,-5601.117372086177,-3028.969815770375,-0.0051993165837591615,-1,1,-1,-0.19999999999999996,MeanReversion
2022-04-27 00:00:00+09:00,273346.75,274808.4973262032,269936.0062388592,875090,305846.25625,312277.9421875,0.017126517786963058,0.023371733021570244,19.999971495258947,-9955.3690774524,-6471.967713159422,-3483.4013642929785,-0.02264801490895152,-1,1,-1,-0.19999999999999996,MeanReversion
2022-04-28 00:00:00+09:00,273346.75,278706.49019607843,271397.7535650624,547958,302922.7609375,311912.5052083333,0.016965809710202357,0.02207352918758567,21.428545977903738,-10880.243844771641,-7353.622939481866,-3526.6209052897757,0.0,-1,1,-1,-0.19999999999999996,MeanReversion
2022-04-29 00:00:00+09:00,279193.71875,280168.21689572424,274321.2280213787,540274,300535.240625,311530.8265625,0.018253199502586255,0.022043544482988696,29.770947518904123,-11014.44458731782,-8085.787269049057,-2928.6573182687625,0.021390299134707025,-1,1,-1,-0.19999999999999996,MeanReversion
2022-05-02 00:00:00+09:00,273834.0,275295.7473309608,271885.00355871883,509250,297757.921875,310889.28229166666,0.01805232195599199,0.021687529487955007,29.323262586384246,-11421.622794870287,-8752.954374213303,-2668.6684206569844,-0.019197132277890883,-1,1,-1,-0.19999999999999996,MeanReversion
2022-05-03 00:00:00+09:00,274808.46875,276757.4649822695,272859.4725177305,419535,294810.0640625,310150.2875,0.017541226481885663,0.021475966543184642,28.24422472944292,-11532.740717655106,-9308.911642901665,-2223.829074753441,0.0035586112389258684,-1,1,-1,-0.19999999999999996,MeanReversion
2022-05-04 00:00:00+09:00,274808.46875,279680.95933067374,272372.2234596631,394212,292471.2671875,309419.4140625,0.016411542201990252,0.02147803613454804,25.396763184082133,-11488.371674621478,-9744.803649245629,-1743.5680253758492,0.0,-1,1,-1,-0.19999999999999996,MeanReversion
2022-05-06 00:00:00+09:00,265063.5,267986.9944852941,261165.50735294117,787063,290083.746875,308526.12447916664,0.01704474860994798,0.021909179377197868,23.357600333692716,-12100.064413844491,-10215.8558021654,-1884.2086116790906,-0.03546094774417319,-1,1,-1,-0.19999999999999996,MeanReversion
2022-05-10 00:00:00+09:00,268961.5,270423.2472826087,262140.0126811594,732705,288110.3890625,307697.8015625,0.017723289415836722,0.022024603475660577,28.36876109865797,-12130.466823049414,-10598.778006342203,-1531.6888167072102,0.014705910093241847,-1,1,-1,-0.19999999999999996,MeanReversion
2022-05-11 00:00:00+09:00,271884.96875,271884.96875,266037.9801747312,473201,286453.740625,306845.1151041667,0.01811896122941848,0.021991403976058234,25.735214710849263,-11782.836253930232,-10835.58965585981,-947.2465980704219,0.010869469236303386,-1,1,-1,-0.19999999999999996,MeanReversion
2022-05-12 00:00:00+09:00,263114.5,268961.4888888889,263114.5,611860,284577.8296875,305911.2208333333,0.019023265361546794,0.022298322916616133,19.04756295224945,-12075.837317965867,-11083.639188281022,-992.1981296848444,-0.03225801260850325,-1,1,-1,-0.19999999999999996,MeanReversion
2022-05-13 00:00:00+09:00,267499.75,267986.9990892532,262627.2591074681,474153,282823.7328125,305139.74322916666,0.019515715863153545,0.022367794013547253,25.694402380146443,-11817.959663657937,-11230.503283356406,-587.4563803015317,0.01666669833855594,-1,1,-1,-0.19999999999999996,MeanReversion
2022-05-16 00:00:00+09:00,266525.21875,271884.9580667276,266037.9697212066,385763,280899.096875,304408.86875,0.019241952955552918,0.02234190965772122,29.133795042667884,-11558.98154801887,-11296.1989362889,-262.7826117299701,-0.003643110881412004,-1,1,-1,-0.19999999999999996,MeanReversion
2022-05-17 00:00:00+09:00,268474.25,268961.499092559,265063.50635208713,430794,279291.1734375,303613.028125,0.019396334435319077,0.022206789751773492,37.962956914505405,-11068.873904164706,-11250.733929864062,181.8600256993559,0.00731274608512078,-1,1,-1,-0.19999999999999996,MeanReversion
2022-05-18 00:00:00+09:00,269448.71875,273346.71106464736,267986.9716320072,536493,277829.425,302833.42864583334,0.019504933693366134,0.022219256734621735,40.18688059613819,-10481.010021895287,-11096.789148270307,615.7791263750205,0.0036296544268212827,-1,1,-1,-0.19999999999999996,MeanReversion
2022-05-19 00:00:00+09:00,264576.28125,266038.02866022097,259703.7898825967,625683,275856.0671875,302078.1932291667,0.0189306120704813,0.022194111909787817,41.346147323474106,-10289.675669440418,-10935.36645250433,645.690783063912,-0.018082986338193496,-1,1,-1,-0.19999999999999996,MeanReversion
2022-05-20 00:00:00+09:00,267987.0,269935.99636363634,262140.0109090909,468832,273882.709375,301379.803125,0.019017263911490046,0.022281317026415823,45.04502214127893,-9750.428448349703,-10698.378851673404,947.9504033237008,0.012891249109277414,-1,1,1,0.30000000000000004,Trend
2022-05-23 00:00:00+09:00,270423.25,270910.4990990991,266525.2572072072,317519,272323.5125,300722.0171875,0.01910212256591008,0.02232856669046419,41.346147323474106,-9022.480586260383,-10363.199198590799,1340.7186123304164,0.009090926052383042,-1,1,-1,-0.19999999999999996,MeanReversion
2022-05-24 00:00:00+09:00,259216.53125,268474.2645089286,259216.53125,574617,270666.865625,299877.45260416664,0.02003220133163191,0.02291644597866218,37.068943115502314,-9243.314035207382,-10139.222165914116,895.9081307067336,-0.04144140250514705,-1,1,-1,-0.19999999999999996,MeanReversion
2022-05-25 00:00:00+09:00,259216.53125,261652.77684445487,255805.78741776315,533307,269570.55625,299284.63333333336,0.01848248055663003,0.022072082386347155,35.96492116375862,-9310.994782556663,-9973.576689242625,662.5819066859622,0.0,-1,1,-1,-0.19999999999999996,MeanReversion
2022-05-26 00:00:00+09:00,259216.53125,265550.7697955827,259216.53125,541194,268547.334375,298496.9140625,0.01850211189198881,0.0214072817925867,35.96492116375862,-9257.912806462147,-9830.44391268653,572.5311062243836,0.0,-1,1,-1,-0.19999999999999996,MeanReversion
2022-05-27 00:00:00+09:00,263114.5,265063.4962962963,261652.7527777778,481191,268035.721875,297774.1609375,0.01837922938193381,0.02152665623688219,48.03920828884706,-8799.872009733284,-9624.329532095882,824.457522362598,0.015037500622368194,-1,1,1,0.30000000000000004,Trend
2022-05-30 00:00:00+09:00,273834.0,275295.7473309608,266525.26334519574,751170,268060.084375,297189.4625,0.020628764054186347,0.022177284465521092,54.31035912656068,-7485.607886829064,-9196.58520304252,1710.9773162134552,0.04074081816091479,-1,1,1,0.30000000000000004,Trend
2022-05-31 00:00:00+09:00,280655.46875,282117.2159830729,270423.23811848956,1515701,268133.171875,296580.4010416667,0.02082718856076697,0.022138181472623284,57.25808704035684,-5826.444951370475,-8522.55715270811,2696.1122013376353,0.02491096339388088,-1,1,1,0.30000000000000004,Trend
2022-06-02 00:00:00+09:00,282604.46875,283578.96691810346,276757.4797413793,608586,268571.6953125,296003.8229166667,0.020346335060454003,0.02216699947433397,68.1818420339161,-4304.656954058213,-7678.977112978131,3374.320158919918,0.0069444575895156735,-1,1,1,0.30000000000000004,Trend
2022-06-03 00:00:00+09:00,280168.25,286989.737826087,278706.50260869565,470483,268839.684375,295687.1109375,0.020466757456758786,0.020908462850625992,62.26419546621199,-3257.6592273427523,-6794.713535851056,3537.0543085083036,-0.008620595282076593,-1,1,1,0.30000000000000004,Trend
2022-06-07 00:00:00+09:00,270910.46875,276757.45728417265,268961.47257194243,660801,268644.784375,295256.70729166665,0.02188055503103048,0.02130827141729278,53.65854803134826,-3138.750005815411,-6063.520829843927,2924.7708240285156,-0.0330436487717648,-1,1,1,0.30000000000000004,Trend
2022-06-08 00:00:00+09:00,270910.46875,272859.46492805757,267499.7254383993,400681,268937.1328125,294826.30364583334,0.02023447838099102,0.02130827141729278,52.10082131417814,-3009.81827948126,-5452.780319771394,2442.9620402901337,0.0,-1,1,1,0.30000000000000004,Trend
2022-06-09 00:00:00+09:00,266038.0,270423.2417582418,262140.00732600733,753205,268790.9578125,294314.6921875,0.02040813612026859,0.021414918508132444,47.2441099962276,-3263.1904365757946,-5014.862343132275,1751.6719065564803,-0.017985531428452828,-1,1,1,0.30000000000000004,Trend
2022-06-10 00:00:00+09:00,263114.5,267499.7416666667,261652.7527777778,497525,268352.434375,293356.4354166667,0.020353181141072672,0.018748317361625515,48.78045855404938,-3657.7277056775056,-4743.435415641321,1085.7077099638154,-0.010989031642096192,-1,1,1,0.30000000000000004,Trend
2022-06-13 00:00:00+09:00,247522.53125,256293.01464074804,247522.53125,928643,267572.8359375,292138.3125,0.023389715688346416,0.02017110613994934,35.81080173391442,-5168.9583700086805,-4828.540006514793,-340.4183634938872,-0.05925925310083635,-1,1,-1,-0.19999999999999996,MeanReversion
2022-06-14 00:00:00+09:00,246548.03125,248984.276618083,238752.0460721344,731127,266525.25,290903.9479166667,0.02293102764820195,0.020163240396844213,33.1034330236395,-6371.80338200595,-5137.192681613025,-1234.6107003929246,-0.0039370153297912935,-1,1,-1,-0.19999999999999996,MeanReversion
2022-06-15 00:00:00+09:00,238264.8125,245573.5490797546,235341.31786809815,751618,265112.2296875,289531.5296875,0.02389649718655417,0.020517049511217814,34.532361486709405,-7902.359763120592,-5690.226097914539,-2212.1336652060527,-0.03359677507057768,-1,1,-1,-0.19999999999999996,MeanReversion
2022-06-16 00:00:00+09:00,233879.5625,244599.04244791667,233392.31341145834,737844,263382.4953125,287834.2786458333,0.02386196874605285,0.019464371037214965,32.43241603545832,-9361.278753872844,-6424.436629106201,-2936.842124766644,-0.0184049417704093,-1,1,-1,-0.19999999999999996,MeanReversion
2022-06-17 00:00:00+09:00,231443.328125,235341.32101973685,226570.83700657895,990192,261482.22578125,286096.4236979167,0.02374273942172192,0.01945638293517832,31.37253751251535,-10591.968696725758,-7257.943042630113,-3334.025654095645,-0.010416619344411515,-1,1,-1,-0.19999999999999996,MeanReversion
2022-06-20 00:00:00+09:00,228032.578125,234854.0655048077,224134.58533653847,719666,259655.040625,284382.93125,0.02367454098463625,0.01945806546029953,26.3157972463475,-11707.560889026761,-8147.866611909443,-3559.694277117318,-0.014736868967585415,-1,1,-1,-0.19999999999999996,MeanReversion
2022-06-21 00:00:00+09:00,233392.328125,235341.32460203549,228519.83693241127,526317,257925.30703125,282661.31796875,0.02425128540839315,0.0195896600847675,20.567372499252315,-12020.62245405998,-8922.41778033955,-3098.204673720429,0.023504316988697926,-1,1,-1,-0.19999999999999996,MeanReversion
2022-06-22 00:00:00+09:00,223160.078125,233392.30878138647,221211.08180949782,894578,255562.1484375,280858.49635416665,0.025352711971845684,0.02018074538894087,10.135150507288373,-12945.159321774816,-9726.966088626605,-3218.193233148211,-0.04384141536357533,-1,1,-1,-0.19999999999999996,MeanReversion
2022-06-23 00:00:00+09:00,228032.578125,233392.31820913462,223160.0871394231,894526,254002.95078125,279250.57421875,0.025038128036174792,0.02041555089788507,13.636383513082919,-13133.29892671638,-10408.23265624456,-2725.0662704718197,0.02183410241177075,-1,1,-1,-0.19999999999999996,MeanReversion
2022-06-24 00:00:00+09:00,241188.3125,243624.55808080808,229981.58282828282,990710,253101.53984375,277886.27682291664,0.02867137622901428,0.0219274892651861,27.272738867475965,-12081.574234841886,-10742.900971964027,-1338.673262877859,0.05769234590589267,-1,-1,-1,-1.0,Defensive
2022-06-27 00:00:00+09:00,242650.046875,247035.28868599396,238264.805064006,634239,252273.215625,276505.73802083335,0.028743098059675728,0.021914228676444752,31.875017411805075,-11003.286059044593,-10794.97798938014,-208.30806966445198,0.006060552270749087,-1,-1,-1,-1.0,Defensive
2022-06-28 00:00:00+09:00,246060.796875,246548.04597772277,239726.55853960395,460119,251420.53046875,275100.83619791665,0.02871161300146303,0.021900769469788087,34.730560539076706,-9760.997191294038,-10588.18182976292,827.1846384688815,0.014056251148210297,-1,-1,-1,-1.0,Defensive
2022-06-29 00:00:00+09:00,240213.796875,242650.04227941175,238264.80055147057,464699,249739.5203125,273574.121875,0.02715751884061274,0.022003405780732198,34.31953426213485,-9142.88486252891,-10299.122436316118,1156.237573787208,-0.02376241999643003,-1,1,-1,-0.19999999999999996,MeanReversion
2022-06-30 00:00:00+09:00,233879.5625,238752.05338541666,230468.81888020833,764891,247400.725,272023.04583333334,0.026475075190039183,0.02214332562773579,32.95455704929837,-9059.711451245326,-10051.24023930196,991.5287880566339,-0.02636915305200449,-1,1,-1,-0.19999999999999996,MeanReversion
2022-07-01 00:00:00+09:00,230956.0625,236315.80234704644,227545.31896097047,527033,244818.3046875,270382.640625,0.026211158305024948,0.022094701906734543,38.66667350779054,-9124.516197946301,-9865.895431030829,741.3792330845281,-0.01250002338276135,-1,1,-1,-0.19999999999999996,MeanReversion
2022-07-04 00:00:00+09:00,229007.0625,233879.55319148937,224621.82087765957,512776,242260.2453125,268636.66458333336,0.026211717885748245,0.02195320401420151,38.15790084393081,-9226.781840541691,-9738.072712933003,511.2908723913115,-0.008438834551052321,-1,1,-1,-0.19999999999999996,MeanReversion
2022-07-05 00:00:00+09:00,236803.046875,242162.78661908436,230956.0580632716,654854,240554.87421875,267223.6419270833,0.027312177967109236,0.022161565339862195,49.00661084327806,-8579.854096529016,-9506.428989652206,926.5748931231901,0.03404254999777567,-1,1,1,0.30000000000000004,Trend
2022-07-06 00:00:00+09:00,237290.296875,243137.28570970224,230468.80990118068,875386,238873.865625,265964.91510416666,0.027342678084260566,0.02198031226232111,52.4475439793672,-7936.356814507366,-9192.41455462324,1256.0577401158735,0.002057617105987619,-1,1,1,0.30000000000000004,Trend
2022-07-07 00:00:00+09:00,238752.046875,242650.03947704082,236803.0505739796,547620,237509.56796875,264803.63828125,0.02734333100543738,0.02198731389214956,55.31913103203592,-7225.142627003166,-8798.960169099226,1573.8175420960597,0.006160176034378795,-1,1,1,0.30000000000000004,Trend
2022-07-08 00:00:00+09:00,242650.046875,246060.7905057731,239726.55233433735,652395,236486.3453125,263764.1734375,0.027723614069262638,0.022125375073124405,60.56336724084511,-6274.634159562527,-8294.094967191886,2019.460807629359,0.016326561598195788,-1,1,1,0.30000000000000004,Trend
2022-07-11 00:00:00+09:00,234366.796875,241675.53274428274,232417.80064319127,554603,235828.55859375,262659.74140625,0.025398619384469252,0.02244307761581442,50.67565459387922,-6119.200070718012,-7859.115987897111,1739.9159171790989,-0.0341366099313678,-1,1,1,0.30000000000000004,Trend
2022-07-12 00:00:00+09:00,227545.328125,231443.32089801927,224621.83354523554,601679,234878.4234375,261409.13541666666,0.02609810458054171,0.022634959976876045,53.19149371676381,-6471.84950172907,-7581.662690663504,1109.813188934434,-0.02910595204165478,-1,1,1,0.30000000000000004,Trend
2022-07-13 00:00:00+09:00,231443.328125,232905.07546052634,226083.58789473685,451619,234537.34921875,260182.89192708334,0.025486036032960464,0.02274999878079787,52.51798909695771,-6363.4369533561985,-7338.017543202043,974.5805898458448,0.017130652745630748,-1,1,1,0.30000000000000004,Trend
2022-07-14 00:00:00+09:00,227545.328125,229981.57360813706,225109.08264186297,611226,234220.6375,258964.76875,0.025432204588833628,0.0227707215246453,38.33333110640486,-6516.932113994466,-7173.8004573605285,656.8683433660626,-0.016842135962954807,-1,1,-1,-0.19999999999999996,MeanReversion
2022-07-15 00:00:00+09:00,225109.09375,228519.837594697,222185.59902597402,826920,233903.92578125,257738.52552083333,0.025437806532478496,0.02278326379326578,35.24592167631373,-6757.268305503123,-7090.4940269890485,333.22572148592553,-0.010706589298382196,-1,1,-1,-0.19999999999999996,MeanReversion
2022-07-18 00:00:00+09:00,240213.796875,240701.04595588235,227058.07169117645,986963,234512.98671875,256674.69817708334,0.029195329533175333,0.024333299979730334,45.89040373778569,-5663.626402206515,-6805.120502032542,1141.4940998260272,0.06709947996048027,-1,1,1,0.30000000000000004,Trend
2022-07-19 00:00:00+09:00,237290.296875,237777.54594455851,233879.55338809034,350932,234707.88515625,255505.30052083332,0.028952659373090932,0.02427491835972048,47.85713893047521,-4975.4553793706,-6439.187477500154,1463.7320981295543,-0.01217040835302774,-1,1,1,0.30000000000000004,Trend
2022-07-20 00:00:00+09:00,239726.546875,247035.2830602134,238264.79963795733,635582,235536.20859375,254473.95651041667,0.02692941022669953,0.024266276023744687,54.54545012840474,-4185.244972540502,-5988.398976508224,1803.154003967722,0.010266960057297991,-1,1,1,0.30000000000000004,Trend
2022-07-21 00:00:00+09:00,244111.796875,249958.7860217066,240213.80411052893,567875,236340.16953125,253669.9953125,0.02681810834731004,0.024159016614471777,60.00000475078228,-3168.618642715912,-5424.442909749761,2255.8242670338495,0.018292717503191724,-1,1,1,0.30000000000000004,Trend
2022-07-22 00:00:00+09:00,243624.546875,247035.29053124998,240701.0523125,465586,236461.98125,253044.69244791666,0.023786390453118592,0.023690089116300595,61.3636435413423,-2374.8758641614404,-4814.529500632098,2439.653636470657,-0.001996011689060273,-1,1,1,0.30000000000000004,Trend
2022-07-25 00:00:00+09:00,241675.546875,242650.04504788306,237777.55418346773,380368,236413.25625,252411.26875,0.02382204073877009,0.02369858314764477,54.166673347453845,-1881.4092899188981,-4227.9054584894575,2346.4961685705593,-0.00800001487945301,-1,1,1,0.30000000000000004,Trend
2022-07-26 00:00:00+09:00,238752.046875,238752.046875,234366.8051977041,432397,236047.81875,251834.69036458334,0.023720897168351778,0.02358160355433321,51.20000184710393,-1706.5632925503305,-3723.6370253016325,2017.073732751302,-0.012096796874166538,-1,1,1,0.30000000000000004,Trend
2022-07-27 00:00:00+09:00,239726.546875,241188.2941120427,234854.05608485773,576997,236023.45625,251274.35364583333,0.023140777193389372,0.023594066297316686,50.80645286424727,-1472.389781306556,-3273.3875765026173,1800.9977951960614,0.004081640399548947,-1,1,1,0.30000000000000004,Trend
2022-07-28 00:00:00+09:00,240701.0625,248497.0483299595,239239.3151568826,564324,236364.53125,250632.809375,0.022284797678996597,0.02340972908560981,48.30509603074375,-1194.4019972117967,-2857.5904606444533,1663.1884634326566,0.00406511351247274,-1,1,1,0.30000000000000004,Trend
2022-07-29 00:00:00+09:00,252395.046875,255318.54162644787,245086.30999638033,1105156,237436.48046875,250275.49348958334,0.02425226385942828,0.024168801648936734,64.80002278094835,-30.140427083853865,-2292.1004539323335,2261.9600268484796,0.0485830193416783,-1,1,1,0.30000000000000004,Trend
2022-08-01 00:00:00+09:00,252395.046875,254831.29250120657,249958.80124879343,532517,238605.8796875,249901.93645833334,0.024088253809903263,0.024160917018889283,72.97297063055046,882.3737993934192,-1657.205603267183,2539.579402660602,0.0,-1,1,-1,-0.19999999999999996,MeanReversion
2022-08-02 00:00:00+09:00,252395.046875,253856.79425072393,247522.55562258686,551218,239385.4796875,249528.37942708333,0.023139729754833447,0.024160917018889283,70.87378126918618,1587.2510560420633,-1008.314271405334,2595.565327447397,0.0,-1,1,-1,-0.19999999999999996,MeanReversion
2022-08-03 00:00:00+09:00,262140.03125,264089.0277648699,248497.0556459108,831121,240627.96640625,249479.65494791666,0.024399926685335683,0.024248506267892978,80.86956642978343,2898.7946567663166,-226.89248577100386,3125.6871425373206,0.03861004601974716,-1,1,-1,-0.19999999999999996,MeanReversion
2022-08-04 00:00:00+09:00,266525.21875,270910.4600091408,264088.9736060329,960547,242016.625,249439.05026041667,0.024537579422732735,0.024270435020639546,85.71425491688242,4243.138137028698,667.1136387889366,3576.0244982397617,0.01672841602669184,-1,1,-1,-0.19999999999999996,MeanReversion
2022-08-05 00:00:00+09:00,260191.03125,273834.0066713483,258729.28388342698,949836,242893.67421875,249244.15130208334,0.025254425308868757,0.024420405653014628,70.29707182715129,4742.752537382126,1482.2414185075745,3260.511118874552,-0.02376580921575555,-1,1,-1,-0.19999999999999996,MeanReversion
2022-08-08 00:00:00+09:00,251907.78125,254831.2758099613,250446.03397001934,940226,243770.7234375,249057.37265625,0.02506978271051909,0.024410751501705172,63.392877338623755,4419.36777939825,2069.66669068571,2349.70108871254,-0.031835263345573184,-1,1,1,0.30000000000000004,Trend
2022-08-09 00:00:00+09:00,258242.0,260190.9962264151,252882.2603773585,529474,245305.55703125,248903.07682291666,0.024219802466397575,0.024533482377598913,65.83333979143623,4620.934290614328,2579.920210671434,2041.0140799428946,0.02514499043486773,-1,1,1,0.30000000000000004,Trend
2022-08-10 00:00:00+09:00,255318.515625,259216.50822996182,254344.01747375954,317975,246499.31640625,248716.2984375,0.024392917395903692,0.024570148074137186,59.829064748516934,4492.984122300841,2962.5329929973154,1530.4511293035252,-0.011320716130606145,-1,1,1,0.30000000000000004,Trend
2022-08-11 00:00:00+09:00,260678.25,264088.9934579439,259216.50280373832,517715,248155.9625,248586.36510416667,0.024068270830629394,0.02470594357349077,63.77953491543056,4769.093323795387,3323.84505915693,1445.248264638457,0.020992345039605897,-1,1,1,0.30000000000000004,Trend
2022-08-12 00:00:00+09:00,258729.265625,262627.2583274482,258242.016537194,402713,249836.97109375,248407.70755208333,0.023953858398708075,0.02471630027247791,63.77955101993408,4775.595017857559,3614.195050897056,1161.3999669605028,-0.0074765899149622506,1,1,1,1.0,Trend
2022-08-16 00:00:00+09:00,252882.265625,262139.9978925819,251420.5184248555,864710,250470.39453125,248212.80729166666,0.020575185540591876,0.02477893167402569,60.90226832917898,4259.838852033223,3743.323811124289,516.5150409089338,-0.022598912364535484,1,1,1,1.0,Trend
2022-08-17 00:00:00+09:00,251420.53125,253369.52761627905,248009.7876090116,433453,251176.90625,247936.69947916668,0.02038042522150588,0.02472268729014408,58.95524406140657,3690.605622660514,3732.7801734315344,-42.17455077102022,-0.005780296104937688,1,1,-1,0.5,Trend
2022-08-18 00:00:00+09:00,243624.546875,249471.536,242650.04868749998,788467,251371.80625,247490.05442708332,0.02168431554210556,0.024994263373343994,52.02702365978617,2580.665101098886,3502.357158965005,-921.6920578661188,-0.031007747602156077,1,1,-1,0.5,Trend
2022-08-19 00:00:00+09:00,241675.546875,244599.04139364918,239726.55052923388,382703,251249.99375,247197.7046875,0.021371244389286444,0.02443632919855272,41.406215552108264,1526.1685089796665,3107.119428967938,-1580.9509199882714,-0.00800001487945301,1,1,-1,0.5,Trend
2022-08-22 00:00:00+09:00,239239.3125,240701.05982688392,235341.31962830957,340467,251030.73203125,246864.75104166666,0.021478343849270488,0.02446311469018467,39.8495945103684,488.26024866997614,2583.3475929083456,-2095.0873442383695,-0.01008059940900874,1,1,-1,0.5,Trend
2022-08-23 00:00:00+09:00,234854.0625,238264.80614626556,233879.56431535268,400035,250689.6578125,246458.70989583334,0.021786414186369184,0.024562368213318024,37.323906288708656,-680.3004709307279,1930.6179801405312,-2610.9184510712594,-0.018329972420398133,1,1,-1,0.5,Trend
2022-08-24 00:00:00+09:00,235341.3125,237290.30887681158,234366.81431159418,344838,250519.12109375,245995.8234375,0.021649260625688897,0.024471280172217603,27.6422092305382,-1549.217838470504,1234.6508164183242,-2783.868654888828,0.0020746926615331507,1,1,-1,0.5,Trend
2022-08-25 00:00:00+09:00,238264.8125,242162.80534253578,235828.56697341512,347778,250446.034375,245403.00364583332,0.021823971325164476,0.023925838441492417,25.833336005652498,-1979.1249744236702,591.8956582499254,-2571.0206326735956,0.012422383341641252,1,1,-1,0.5,Trend
2022-08-26 00:00:00+09:00,235828.5625,240213.80436466943,235341.31340392563,306637,250202.409375,244655.88854166667,0.021908372070272752,0.02368308285894884,27.678548932027724,-2487.7374031685176,-24.030954033763237,-2463.7064491347546,-0.010224967650227401,1,1,-1,0.5,Trend
2022-08-29 00:00:00+09:00,228032.578125,229494.3254206731,225596.33263221156,610295,248984.2859375,243746.35703125,0.019874385793662797,0.02397458635732406,27.92791387337259,-3479.774527932488,-715.1796688135083,-2764.59485911898,-0.03305784631155528,1,1,-1,0.5,Trend
2022-08-30 00:00:00+09:00,231930.5625,233392.30974264705,228519.81893382352,306143,247961.06171875,242942.39557291666,0.02045509137561108,0.02411013152313303,24.528300745183174,-3906.4057208052836,-1353.4248792118633,-2552.9808415934203,0.01709398019814201,1,1,-1,0.5,Trend
2022-08-31 00:00:00+09:00,233879.5625,234366.81158854166,226570.826171875,424718,247035.2875,242325.21380208334,0.020630956448244954,0.02381871287010481,28.846154439123453,-4040.667701308994,-1890.8734436312895,-2149.794257677704,0.008403377196138262,1,1,-1,0.5,Trend
2022-09-01 00:00:00+09:00,229981.578125,231930.5745497881,227058.08348781778,410984,245427.36484375,241643.065625,0.018307589258568645,0.02388814302431182,18.811891247618334,-4410.761537016369,-2394.8510623083057,-2015.9104747080637,-0.016666631035792245,1,1,-1,0.5,Trend
2022-09-02 00:00:00+09:00,228032.578125,232905.06911057694,226570.83082932694,374672,243502.7328125,241009.64192708334,0.017479870387295128,0.023814989976524027,18.81188527478919,-4805.931789641647,-2877.067207774974,-1928.8645818666728,-0.008474591816830968,1,1,-1,0.5,Trend
2022-09-05 00:00:00+09:00,229981.578125,231930.5745497881,227545.33259401482,327916,241992.26015625,240457.4265625,0.017402623938314533,0.02383080759916285,24.731199480294862,-4905.293876004522,-3282.712541420884,-1622.5813345836377,0.008547024359526478,1,1,-1,0.5,Trend
2022-09-06 00:00:00+09:00,229007.0625,231443.30784574468,227545.3152925532,240015,240847.22421875,240148.83541666667,0.016275381743750702,0.022547134329992797,25.000000000000014,-5004.980017730384,-3627.166036682784,-1377.8139810476,-0.004237363848639819,1,1,-1,0.5,Trend
2022-09-07 00:00:00+09:00,225596.34375,227545.34024028078,222185.59989200864,480805,239214.94140625,239799.640625,0.01483636516592377,0.02261427591557044,27.71085826925892,-5298.12501460698,-3961.357832267623,-1336.7671823393566,-0.014893509015688089,-1,1,-1,-0.19999999999999996,MeanReversion
2022-09-08 00:00:00+09:00,225596.34375,228519.83848542115,222672.84901457882,542651,237728.8328125,239588.49947916667,0.014867843935272601,0.02220350966038266,29.11394254831785,-5467.419527662947,-4262.570171346688,-1204.8493563162592,0.0,-1,1,-1,-0.19999999999999996,MeanReversion
2022-09-13 00:00:00+09:00,232417.8125,233392.31066561842,229494.31800314464,510894,236315.8109375,239564.13697916668,0.015833522980441335,0.022428104436575343,42.0454371533125,-4993.588154385885,-4408.773767954527,-584.8143864313579,0.03023749692308564,-1,1,-1,-0.19999999999999996,MeanReversion
2022-09-14 00:00:00+09:00,224134.5625,225109.0605978261,220236.57010869565,552863,234586.07578125,239442.32421875,0.017247752937724414,0.022873635322726252,38.541643701451534,-5226.217840229918,-4572.262582409606,-653.955257820312,-0.03563948008503004,-1,1,-1,-0.19999999999999996,MeanReversion
2022-09-15 00:00:00+09:00,219749.34375,225109.0838414634,219749.34375,525459,232929.4296875,239304.2703125,0.017112847598551424,0.022934443044098956,34.61537749974717,-5698.737547483994,-4797.557575424484,-901.17997205951,-0.019565116156505358,-1,1,-1,-0.19999999999999996,MeanReversion
2022-09-16 00:00:00+09:00,214389.625,217313.11988636365,213902.37585227273,777712,231077.884375,238987.55859375,0.017557488787006883,0.022924312334978034,27.522928492288727,-6431.558328979532,-5124.357726135494,-1307.2006028440383,-0.024390146785136846,-1,1,-1,-0.19999999999999996,MeanReversion
2022-09-19 00:00:00+09:00,212440.609375,215364.1039994266,211466.1111668578,502182,229518.6875,238808.90078125,0.01666959427442803,0.022231174080212437,27.777762931568176,-7087.888582812448,-5517.0638974708845,-1570.824685341563,-0.009090997873614448,-1,1,-1,-0.19999999999999996,MeanReversion
2022-09-20 00:00:00+09:00,212440.609375,216338.6022075688,212440.609375,240498,228056.940625,238549.03463541667,0.01673619428350235,0.022036002984281083,32.60868201274347,-7521.333783589682,-5917.917874694644,-1603.4159088950382,0.0,-1,1,-1,-0.19999999999999996,MeanReversion
2022-09-21 00:00:00+09:00,207568.109375,211466.10203931926,206593.6112089202,493972,226473.38046875,237988.69791666666,0.017138066924672044,0.02089112095512965,23.404242979794887,-8163.903855040931,-6367.115070763901,-1796.7887842770306,-0.022935821989660488,-1,1,-1,-0.19999999999999996,MeanReversion
2022-09-22 00:00:00+09:00,201233.875,204157.3695520581,198797.6295399516,693460,224792.37109375,237298.42838541666,0.01779059357220648,0.02117949960462372,17.475709414609966,-9079.601053698803,-6909.612267350882,-2169.9887863479216,-0.030516414077638276,-1,1,-1,-0.19999999999999996,MeanReversion
2022-09-23 00:00:00+09:00,205131.859375,207080.85566359857,202208.36494210214,655441,223281.8984375,236616.27942708333,0.01867607261017252,0.021261522636770915,25.24268791734849,-9382.60607625189,-7404.211029131084,-1978.3950471208063,0.01937041849937038,-1,1,-1,-0.19999999999999996,MeanReversion
2022-09-26 00:00:00+09:00,199284.890625,202695.63447432764,198797.6415036675,513342,221332.90234375,235934.13098958333,0.018720798331010556,0.02135218347285027,23.423404423741275,-9979.503745474387,-7919.269572399744,-2060.234173074643,-0.028503464882610907,-1,1,-1,-0.19999999999999996,MeanReversion
2022-09-27 00:00:00+09:00,199284.890625,200746.63798899757,193925.1502903423,641394,219505.71875,235357.553125,0.018822709605844895,0.021128900237373797,20.56071937417994,-10333.432076113357,-8402.102073142467,-1931.3300029708898,0.0,-1,1,-1,-0.19999999999999996,MeanReversion
2022-09-28 00:00:00+09:00,195386.890625,198310.38524781796,192950.64510598505,579635,217873.434375,234764.73359375,0.01808681971523677,0.021206106632573975,19.469002188274473,-10803.918009507295,-8882.465260415433,-1921.4527490918626,-0.019559937473307865,-1,1,-1,-0.19999999999999996,MeanReversion
2022-09-29 00:00:00+09:00,192365.8125,200686.97996183205,191876.3320610687,612278,215895.196875,234154.04609375,0.01719164600945271,0.02125820835176399,19.607761877923096,-11290.408457214682,-9364.053899775283,-1926.3545574393993,-0.015462030821700612,-1,1,-1,-0.19999999999999996,MeanReversion
2022-09-30 00:00:00+09:00,189428.9375,193834.261627907,186492.05474806202,924294,213672.665625,233364.47760416666,0.01671696317266456,0.020771179469529173,18.608122373741594,-11777.17694522228,-9846.678508864683,-1930.4984363575968,-0.015267135889855732,-1,1,-1,-0.19999999999999996,MeanReversion
2022-10-04 00:00:00+09:00,172786.59375,187960.48725212464,171807.63287889518,3753785,210812.91640625,232289.41588541667,0.024726679332775482,0.023671507745737296,5.781027682639149,-13351.929798274155,-10547.728766746579,-2804.2010315275766,-0.08785534021168229,-1,1,-1,-0.19999999999999996,MeanReversion
2022-10-05 00:00:00+09:00,160549.578125,172297.10823170733,160549.578125,6634375,207438.76640625,230986.04140625,0.027977428375041958,0.02520111174444521,5.460818613859047,-15409.72396606949,-11520.127806611163,-3889.5961594583277,-0.07082155715567484,-1,1,-1,-0.19999999999999996,MeanReversion
2022-10-06 00:00:00+09:00,163486.453125,165444.37471931137,159570.60993637724,3477299,204114.01015625,229666.64817708332,0.028526046921500313,0.02523197422842186,9.773493990978366,-16612.0658472075,-12538.515414730431,-4073.55043247707,0.018292636046127964,-1,1,-1,-0.19999999999999996,MeanReversion
2022-10-07 00:00:00+09:00,156633.765625,163975.97338867188,156144.28510742186,2596863,200495.3453125,228371.09765625,0.028915198763838725,0.02540589820319018,9.569204134460762,-17911.413436734932,-13613.095019131331,-4298.318417603601,-0.041915934739623406,-1,1,-1,-0.19999999999999996,MeanReversion
2022-10-11 00:00:00+09:00,155165.296875,156144.25773856466,152717.8947160883,1835014,196973.79296875,227164.76380208333,0.02898263508587283,0.02523175741851611,9.634021233868992,-18842.444942071394,-14658.965003719346,-4183.479938352048,-0.009375173636032574,-1,1,-1,-0.19999999999999996,MeanReversion
2022-10-12 00:00:00+09:00,158591.671875,161039.07421875,154675.828125,1515631,193623.559375,225950.56953125,0.030114278116130117,0.025315631448450285,13.797284322561808,-19083.827803037886,-15543.937563583055,-3539.8902394548313,0.022082096119470984,-1,1,-1,-0.19999999999999996,MeanReversion
2022-10-13 00:00:00+09:00,155165.296875,157612.69903391166,151738.93385252365,1487183,189760.93359375,224744.23567708334,0.027973049174260727,0.025358100918394303,14.070887625133423,-19328.79496985738,-16300.909044837921,-3027.885925019458,-0.021605012164198856,-1,1,-1,-0.19999999999999996,MeanReversion
2022-10-14 00:00:00+09:00,162018.03125,164954.91399169186,159570.6289652568,1568930,186655.10703125,223692.71796875,0.0310470075652064,0.0261453268571284,23.30213458338244,-18753.79277184006,-16791.485790238352,-1962.3069816017087,0.0441640915398791,-1,1,-1,-0.19999999999999996,MeanReversion
2022-10-17 00:00:00+09:00,163486.453125,164465.41392215568,157123.20794348803,1436527,183841.9625,222413.92890625,0.03153782762952279,0.024539693925136195,20.67812123892442,-17972.434971150244,-17027.675626420732,-944.7593447295112,0.00906332377742669,-1,1,-1,-0.19999999999999996,MeanReversion
2022-10-18 00:00:00+09:00,168870.765625,169360.24610507247,165444.40226449276,1414552,181566.01953125,221273.60338541667,0.03313766398242342,0.02503188348403759,28.44546320288795,-16725.92817606681,-16967.326136349948,241.39796028313867,0.03293430371189965,-1,-1,-1,-1.0,Defensive
2022-10-19 00:00:00+09:00,164954.90625,169849.7105897626,164954.90625,1172766,179191.734375,220027.409375,0.03322870397425882,0.025047240030139237,26.949662341858797,-15871.087666516338,-16748.078442383227,876.9907758668887,-0.023188497787092976,-1,-1,-1,-1.0,Defensive
2022-10-20 00:00:00+09:00,164954.90625,164954.90625,159570.62147626112,1098598,176817.44921875,218708.12786458334,0.03322870397425882,0.024857057768714115,28.438264359807036,-15020.473732634739,-16402.55750043353,1382.083767798791,0.0,-1,-1,-1,-1.0,Defensive
2022-10-21 00:00:00+09:00,162507.5,164465.421686747,160549.578313253,749769,174564.41875,217356.17708333334,0.033141871736151164,0.024873233822054492,28.671338974152007,-14378.09951113051,-15997.665902572928,1619.5663914424185,-0.0148368199869775,-1,-1,-1,-1.0,Defensive
2022-10-24 00:00:00+09:00,160549.578125,166423.34317835365,159570.6172827744,888373,172530.20390625,216004.07760416667,0.032847133644644894,0.024882411521940838,29.078021088616325,-13867.149378770991,-15571.56259781254,1704.4132190415494,-0.012048193929510953,-1,-1,-1,-1.0,Defensive
2022-10-25 00:00:00+09:00,162018.03125,163486.47262084592,160549.58987915408,547041,170374.5125,214725.17734375,0.03242953095236519,0.02495630460286594,40.00001741176444,-13191.660571323824,-15095.5821925148,1903.9216211909752,0.009146415345026249,-1,1,-1,-0.19999999999999996,MeanReversion
2022-10-26 00:00:00+09:00,156144.265625,161528.5506465517,155654.7851684953,1352211,168217.48125,213332.13932291666,0.03270041004545461,0.02522284954796107,45.36084204484947,-12980.661634476943,-14672.59808090723,1691.936446430287,-0.036253777309122825,-1,1,1,0.30000000000000004,Trend
2022-10-27 00:00:00+09:00,157612.703125,158591.66401397515,152717.89868012423,1058992,166133.871875,211947.33333333334,0.032950208221443365,0.025272017608909167,43.61704584275982,-12550.280995813693,-14248.134663888522,1697.8536680748293,0.009404363933073423,-1,-1,-1,-1.0,Defensive
2022-10-28 00:00:00+09:00,156633.765625,157612.72666015624,153696.88251953124,777329,164196.215625,210351.31197916667,0.032915619140750585,0.024239135696231567,50.0,-12148.156922834663,-13828.13911567775,1679.9821928430865,-0.006211031728982075,-1,-1,1,-0.5,Defensive
2022-10-31 00:00:00+09:00,165933.875,166912.83591445428,158102.18768436578,1585289,162874.61875,208910.29244791667,0.03628875906584063,0.0256618439213425,61.224492454942514,-10952.772848018183,-13253.065862145837,2300.293014127654,0.059374869383307605,-1,-1,1,-0.5,Defensive
2022-11-01 00:00:00+09:00,166912.84375,167402.32423020527,162996.99990835777,768757,161748.8140625,207485.5890625,0.03635370889905451,0.025700210141896634,59.13978531531492,-9813.306076033565,-12565.113904923384,2751.8078288898196,0.005899752235642097,-1,-1,1,-0.5,Defensive
2022-11-02 00:00:00+09:00,170339.1875,173276.07004310345,165444.38326149425,1585072,161626.44375,205955.575,0.030657348887495682,0.02527813449900872,66.66666666666666,-8535.402339281689,-11759.171591795046,3223.769252513357,0.020527741742462524,-1,1,1,0.30000000000000004,Trend
2022-11-03 00:00:00+09:00,165444.375,166912.81619822484,162507.4926035503,1017930,161871.18359375,204270.89427083332,0.02643484078356226,0.02523875871162531,53.932562910676886,-7827.395538814744,-10972.816381198985,3145.420842384241,-0.028735680684164322,-1,1,1,0.30000000000000004,Trend
2022-11-04 00:00:00+09:00,170339.1875,170828.6679238506,163975.94198994254,1248339,162213.8203125,202773.36354166668,0.02691068906930111,0.025595557914350333,57.29167255498078,-6793.018894131936,-10136.856883785576,3343.8379896536408,0.02958585022911775,-1,1,1,0.30000000000000004,Trend
2022-11-07 00:00:00+09:00,165444.375,174255.0221893491,164465.41420118342,2128304,162654.35078125,201332.30677083333,0.025864687982598944,0.0255453000849689,46.31575976271832,-6295.665894518519,-9368.618685932164,3072.952791413645,-0.028735680684164322,-1,1,1,0.30000000000000004,Trend
2022-11-08 00:00:00+09:00,173765.5625,175234.00387323942,167402.31654929576,2549625,163584.3640625,199924.36614583334,0.02766228911175976,0.02623957324582932,58.65385382730783,-5170.457950154552,-8528.986538776642,3358.52858862209,0.05029598316654771,-1,1,1,0.30000000000000004,Trend
2022-11-09 00:00:00+09:00,176212.953125,179149.83567708335,173765.5509982639,1596245,164465.428125,198605.94010416666,0.02747558111482303,0.026365334514713644,60.550457372207404,-4034.728736477322,-7630.134978316779,3595.406241839457,0.01408443991887065,-1,1,1,0.30000000000000004,Trend
2022-11-10 00:00:00+09:00,172297.125,176212.96875,172297.125,975484,165322.01953125,197132.92135416667,0.02750868922875651,0.026206611031816044,58.92859076883789,-3411.306339875766,-6786.369250628577,3375.062910752811,-0.02222213552157104,-1,1,1,0.30000000000000004,Trend
2022-11-11 00:00:00+09:00,189428.9375,192365.82025193798,182086.73062015505,3312709,166692.56484375,195977.91588541667,0.033104928473779514,0.029310556362868573,70.62938936179759,-1517.3543899471697,-5732.566278492295,4215.2118885451255,0.09943179551022685,-1,1,-1,-0.19999999999999996,MeanReversion
2022-11-14 00:00:00+09:00,184534.140625,190407.9063743369,184044.6601458886,1776156,167744.94921875,194838.78046875,0.03396206735138893,0.02934759034475135,65.33335007445187,-406.66524097239017,-4667.386070988314,4260.720830015924,-0.025839752572122232,-1,1,1,0.30000000000000004,Trend
2022-11-15 00:00:00+09:00,187960.5,188449.98046875,184044.65625,889734,168699.4359375,193781.11328125,0.03353183950084942,0.02950575816532109,72.41381435922838,741.494985329482,-3585.6098597247546,4327.104845054237,0.01856761769608184,-1,1,-1,-0.19999999999999996,MeanReversion
2022-11-16 00:00:00+09:00,185513.09375,190407.8983344327,183065.69145778363,1156594,169727.3453125,192812.5890625,0.03314114010091394,0.029319141169742633,69.38777149937602,1437.3659462744836,-2581.014698524907,4018.3806447993907,-0.013020854115625369,-1,1,1,0.30000000000000004,Trend
2022-11-17 00:00:00+09:00,184044.640625,185513.08190658243,182576.19934341754,825254,170681.83203125,191852.07395833332,0.03326267765609226,0.02931897158820349,68.91890143082135,1849.0421940658707,-1695.0033200067514,3544.045514072622,-0.00791563061839129,-1,1,1,0.30000000000000004,Trend
2022-11-18 00:00:00+09:00,181597.25,186002.5741239892,180618.28908355796,784241,171636.31953125,190891.37291666667,0.03321402945029276,0.029332502676292067,61.94029992967718,1955.2754187563842,-964.9475722541242,2920.2229910105084,-0.013297809795975946,-1,1,1,0.30000000000000004,Trend
2022-11-21 00:00:00+09:00,178660.375,183555.17979452055,177191.93356164385,614738,172541.859375,189954.81145833334,0.03334411159040504,0.02931622755727922,58.6956551910786,1781.9436099668092,-415.56933580993757,2197.5129457767466,-0.016172464065397518,-1,1,1,0.30000000000000004,Trend
2022-11-22 00:00:00+09:00,176702.453125,180618.2969615651,175723.4921658587,631550,173276.08046875,188977.49713541666,0.033527789800377905,0.029314761882265197,54.814829877957806,1469.6477855879057,-38.52591153036889,1508.1736971182745,-0.010958903869982328,-1,1,1,0.30000000000000004,Trend
2022-11-23 00:00:00+09:00,177681.40625,182086.73037190083,177191.92579201102,780342,174352.9375,187967.77369791668,0.032090840941054126,0.02926041233221946,59.8425384869056,1286.3165737743839,226.44258553058165,1059.8739882438022,0.005540121869771042,-1,1,1,0.30000000000000004,Trend
2022-11-24 00:00:00+09:00,184044.640625,184044.640625,178660.35592586437,969322,175674.534375,187104.70833333334,0.03272696071441678,0.029703834068667223,60.769237380217184,1635.6305708005384,508.280182584573,1127.3503882159653,0.03581260700991318,-1,1,1,0.30000000000000004,Trend
2022-11-25 00:00:00+09:00,181107.75,185023.59324324323,181107.75,440351,176898.23359375,186322.62786458334,0.03302145824057477,0.02949438046789356,62.6984207411491,1656.3880904558173,737.901764158822,918.4863262969953,-0.015957490612204528,-1,1,1,0.30000000000000004,Trend
2022-11-28 00:00:00+09:00,176702.453125,180618.2969615651,176702.453125,550985,177436.6625,185402.159375,0.0315007461587748,0.029486048351728113,52.54238342714601,1302.3551931434777,850.7924499557532,451.56274318772444,-0.024324176491618887,-1,1,1,0.30000000000000004,Trend
2022-11-29 00:00:00+09:00,178660.375,179639.33595890412,174744.53116438357,481120,178024.0390625,184481.83958333332,0.03154516205763501,0.029507687071095787,52.13677195806533,1166.3248369227513,913.8989273491528,252.42590957359846,0.011080332165026352,-1,1,1,0.30000000000000004,Trend
2022-11-30 00:00:00+09:00,183065.6875,183065.6875,176702.44167780748,880333,178660.3640625,183699.90807291667,0.03167183484945214,0.029694397442622075,59.32203848342996,1397.8778360441793,1010.6947090881582,387.18312695602106,0.02465746811513192,-1,1,1,0.30000000000000004,Trend
2022-12-01 00:00:00+09:00,183555.171875,190897.37875,183555.171875,1218297,179565.90390625,182958.61796875,0.03072462350744269,0.02969943342970127,42.85713199943909,1602.410958306893,1129.0379589319052,473.3729993749878,0.0026738182435197544,-1,1,-1,-0.19999999999999996,MeanReversion
2022-12-02 00:00:00+09:00,181597.25,186492.05458221026,181597.25,796841,180128.80703125,182152.2125,0.030379788057560368,0.02967011162229564,46.153830413389414,1588.209112976474,1220.872189740819,367.3369232356549,-0.010666666893664689,-1,1,1,0.30000000000000004,Trend
2022-12-05 00:00:00+09:00,187471.015625,190897.37883485638,182576.21103949085,1224361,181230.1390625,181459.94505208332,0.030019824551431942,0.030027190519716994,49.397584800991645,2027.5455619286804,1382.2068641783912,645.3386977502892,0.03234501417284674,-1,1,1,0.30000000000000004,Trend
2022-12-06 00:00:00+09:00,181597.25,186002.5741239892,181107.76954177898,877534,181621.7234375,180726.62682291667,0.029390138215367286,0.030216028194459545,45.55555003823503,1880.0865981513052,1481.782810972974,398.3037871783313,-0.03133159334213742,1,1,1,1.0,Trend
2022-12-07 00:00:00+09:00,179639.328125,183555.17178985014,178660.36720878744,646753,181793.0421875,179960.6765625,0.029390608294848443,0.03022644761757627,45.054950837153996,1586.9430826772877,1502.814865313837,84.12821736345086,-0.010781671390948877,1,1,1,1.0,Trend
2022-12-08 00:00:00+09:00,181597.25,182576.21091644204,177681.4063342318,709428,182258.0484375,179113.6671875,0.028932946766881133,0.029967464089008872,50.0,1495.3749157654238,1501.3268754041544,-5.951959638730614,0.010899182798310258,1,1,-1,0.5,Trend
2022-12-09 00:00:00+09:00,190897.375,190897.375,183065.68782051283,1081470,182331.4703125,178559.7140625,0.022418340482711772,0.03046189941414819,62.13592293188109,2148.4824782616342,1630.7579959756504,517.7244822859839,0.05121291759649438,1,1,1,1.0,Trend
2022-12-12 00:00:00+09:00,188939.4375,192365.80035621763,186492.03545984457,652814,182551.73515625,178046.215625,0.021697841969173255,0.030396433486429012,62.13590367479862,2479.503560237179,1800.507108827956,678.996451409223,-0.010256492526416361,1,1,1,1.0,Trend
2022-12-13 00:00:00+09:00,188939.4375,192855.28076424872,186981.51586787566,692706,182600.68203125,177622.04583333334,0.021316102486888363,0.03025795892642993,61.386125158027816,2710.5941109560663,1982.5245092535783,728.069601702488,0.0,1,1,1,1.0,Trend
2022-12-14 00:00:00+09:00,189428.9375,190897.378875969,187471.0156653747,708760,182796.47421875,177238.51796875,0.021085788373479714,0.030249658961404673,56.179788176885815,2899.8064329044137,2165.9808939837453,733.8255389206684,0.002590777269568134,1,1,1,1.0,Trend
2022-12-15 00:00:00+09:00,178660.375,186981.54315068494,178660.375,1270685,182527.2609375,176675.5140625,0.024907854696396503,0.03111818777268428,47.61907367750299,2155.9728511499125,2163.979285416979,-8.006434267066652,-0.056847505149523414,1,1,-1,0.5,Trend
2022-12-16 00:00:00+09:00,176702.453125,178660.37504328255,173765.57024757616,913806,182282.52109375,176161.08645833333,0.024853875801861647,0.031022971668756276,50.0,1392.4402617280139,2009.671480679186,-617.2312189511722,-0.010958903869982328,1,1,-1,0.5,Trend
2022-12-19 00:00:00+09:00,179639.328125,180128.80858310626,175723.48446014986,574398,182331.46875,175801.17734375,0.02489800241532955,0.030893885879332467,50.98038417953207,1012.6433297111362,1810.2658504855763,-797.6225207744401,0.016620454034797394,1,1,-1,0.5,Trend
2022-12-20 00:00:00+09:00,176702.453125,180128.81648199446,175234.01168628808,625022,182331.46875,175327.35390625,0.025057915107031575,0.030824536718970074,43.434357113630234,469.26090913137887,1542.0648622147369,-1072.803953083358,-0.01634873070754539,1,1,-1,0.5,Trend
2022-12-21 00:00:00+09:00,176212.953125,179149.83567708335,176212.953125,302976,182258.04609375,174942.82161458334,0.025030309034650026,0.03062873844361499,42.424234607509625,-0.8621942759200465,1233.4794509166056,-1234.3416451925257,-0.002770193573112034,1,1,-1,0.5,Trend
2022-12-22 00:00:00+09:00,180618.28125,181597.24212398374,176702.43775406506,466951,182086.728125,174631.71145833333,0.024345377929138,0.03082204148035154,49.0384544552705,-17.760248862527078,983.2315109607791,-1000.9917598233062,0.02500002438455806,1,1,-1,0.5,Trend
2022-12-23 00:00:00+09:00,174255.03125,178170.8746488764,174255.03125,613209,181744.0921875,174279.51380208333,0.02537312953834351,0.03105187102927252,37.14285453701398,-538.4067560302501,678.9038575625733,-1217.3106135928233,-0.03523037621641634,1,1,-1,0.5,Trend
2022-12-26 00:00:00+09:00,174744.53125,176702.4531687675,173276.08981092437,350843,181646.19609375,173985.82578125,0.02481699890316158,0.031005322075165653,42.5532088301834,-901.1365635715483,362.89577333574897,-1264.0323369072973,0.0028091011002013833,1,1,-1,0.5,Trend
2022-12-27 00:00:00+09:00,177191.921875,178660.36321650553,175234.00008632598,492232,181572.7734375,173781.87552083333,0.024896208125079467,0.031015230465670413,47.36841928412349,-979.8237810062128,94.3518624673566,-1074.1756434735694,0.014005534865629832,1,1,-1,0.5,Trend
2022-12-28 00:00:00+09:00,176212.953125,179639.31610243057,174255.03142361113,580495,181230.13671875,173838.98151041666,0.024218950372814917,0.028640758649304175,44.086015231048634,-1108.4016005803132,-146.19883014217737,-962.2027704381359,-0.005524906212657998,1,1,-1,0.5,Trend
2022-12-29 00:00:00+09:00,173765.5625,181107.76936619717,173765.5625,656658,180740.65625,174059.24791666667,0.024339330696309187,0.027027756561948973,27.848130931754113,-1391.741291408107,-395.30732239536326,-996.4339690127437,-0.013888823617091872,1,1,-1,0.5,Trend
2023-01-02 00:00:00+09:00,175723.484375,176212.9648328691,172297.12116991644,438162,180446.96796875,174263.1984375,0.024454404942501055,0.026969498057366655,32.91142974323333,-1441.68327805202,-604.5825135266946,-837.1007645253253,0.01126760588709863,1,1,-1,0.5,Trend
2023-01-03 00:00:00+09:00,174744.53125,175723.49220938375,169849.72645308124,573137,179810.64375,174565.04453125,0.02315527670502281,0.026360880081626122,32.0988087337456,-1542.4753028807172,-792.1610713974992,-750.314231483218,-0.005570986305455272,1,1,-1,0.5,Trend
2023-01-04 00:00:00+09:00,178660.375,179639.33595890412,173276.0897260274,792920,179663.8,174956.62916666668,0.022825166686087615,0.026447732511966304,37.50000906863652,-1291.490347371786,-892.0269265923566,-399.46342077942927,0.022408963084502798,1,1,-1,0.5,Trend
2023-01-05 00:00:00+09:00,182086.734375,186002.578125,180128.8125,1107483,179786.1703125,175348.21354166666,0.023108746030495023,0.026414720380540328,54.794514557778754,-806.8040606069844,-874.9823533952822,68.17829278829777,0.019178059908359746,1,1,1,1.0,Trend
2023-01-06 00:00:00+09:00,181107.75,183065.67162162162,178660.34797297296,741129,179761.6953125,175780.58776041667,0.02301785647925568,0.026244689718382192,56.33798384228764,-495.9653637330339,-799.1789554628326,303.21359172979874,-0.005376472802152699,1,1,1,1.0,Trend
2023-01-09 00:00:00+09:00,192365.8125,192365.8125,185023.60591603053,1115201,179835.1171875,176286.38411458334,0.024286087823094982,0.026780500567920043,64.77270212789884,651.3003146010451,-509.08310145005703,1160.3834160511021,0.062162234912641834,1,1,1,1.0,Trend
2023-01-10 00:00:00+09:00,188939.4375,191876.31994818654,186492.03545984457,839225,179835.1171875,176710.60052083334,0.02452294531165002,0.02690172407597277,64.0448910273539,1269.403905152256,-153.38570012959445,1422.7896052818503,-0.017811766838767173,1,1,1,1.0,Trend
2023-01-11 00:00:00+09:00,190897.375,196281.65993589742,190407.89455128205,1030650,179933.0140625,177077.71067708332,0.02463105940861626,0.026634113387927205,66.30433387172044,1895.3957050980243,256.37058091592934,1639.025124182095,0.010362778284443763,1,1,1,1.0,Trend
2023-01-12 00:00:00+09:00,189918.421875,194813.2265625,189918.421875,797343,179957.48828125,177493.76927083332,0.02465745611847674,0.026441078624422718,61.176471030056206,2286.152043174079,662.3268733675593,1623.8251698065199,-0.005128164412947056,1,1,1,1.0,Trend
2023-01-13 00:00:00+09:00,190897.375,196281.65993589742,190897.375,869459,180569.33828125,177926.14375,0.02043434432864263,0.026441668964158175,72.97295898251302,2644.3402833399596,1058.7295553620393,1585.6107279779203,0.005154598039174507,1,1,-1,0.5,Trend
2023-01-16 00:00:00+09:00,196281.65625,196771.13668952617,190897.37141521196,846276,181548.2984375,178489.04635416667,0.020841807209997964,0.026541327904575238,76.1904472366545,3324.352476822154,1511.8541396540622,1812.498337168092,0.028205108896861564,1,1,-1,0.5,Trend
2023-01-17 00:00:00+09:00,189428.9375,196771.14437984498,189428.9375,976576,182037.77890625,178970.36901041667,0.022543198051656645,0.026938805617998076,63.440858738740346,3272.5855773928633,1864.0004272018227,1408.5851501910406,-0.03491268048641194,1,1,1,1.0,Trend
2023-01-18 00:00:00+09:00,191386.84375,191876.32416879796,188939.44165601023,518929,182771.9984375,179459.84921875,0.02213818361417845,0.02694393904770247,66.31578664406841,3350.919296331267,2161.3842010277117,1189.5350953035554,0.01033583504104274,1,1,1,1.0,Trend
2023-01-19 00:00:00+09:00,191876.328125,192365.8085538903,188449.96512276787,475600,183555.1671875,180055.38359375,0.022084476642427676,0.026435164126049463,70.32965182663418,3413.1519402706763,2411.737748876305,1001.4141913943713,0.0025575654282663507,1,1,-1,0.5,Trend
2023-01-20 00:00:00+09:00,191876.328125,196771.13241390308,190897.36726721938,787881,184118.06953125,180626.44401041666,0.021566082720640027,0.02642721871300702,68.96549826302511,3423.0133913312457,2613.992877367293,809.0205139639525,0.0,1,1,1,1.0,Trend
2023-01-25 00:00:00+09:00,197750.109375,199218.55078125,195400.603125,4625,185292.8234375,181311.71640625,0.02031664660541836,0.026622037017646705,74.22678207139441,3860.29464624956,2863.2532311437467,997.0414151058135,0.03061232882345677,1,1,-1,0.5,Trend
2023-01-26 00:00:00+09:00,197750.109375,199708.03125,195694.29140625,5156,186443.10234375,181841.98697916666,0.02035187170990882,0.025671021311814975,71.9100901945889,4158.901958265313,3122.38297656806,1036.518981697253,0.0,1,1,-1,0.5,Trend
2023-01-27 00:00:00+09:00,207050.21875,207050.21875,197750.0907210402,6621,187936.0171875,182510.94322916667,0.02217236745567582,0.02626380206011476,75.24749502449903,5087.347728838766,3515.3759270222013,1571.9718018165645,0.047029604202968533,1,1,-1,0.5,Trend
2023-01-30 00:00:00+09:00,202644.921875,209497.64870169084,202155.44138737922,4949,189257.615625,183049.37213541666,0.022951170305483295,0.026367141334080205,70.37041196918854,5405.367339928052,3893.3742096033716,1511.9931303246808,-0.021276465688351287,1,1,-1,0.5,Trend
2023-01-31 00:00:00+09:00,202644.921875,204113.36333786233,197750.11699879228,3824,190701.58359375,183669.38125,0.02248683906714552,0.026032991786031485,62.3529774058678,5592.928376081429,4233.285042898983,1359.6433331824455,0.0,1,1,1,1.0,Trend
2023-02-01 00:00:00+09:00,201176.46875,204113.35150547445,198239.58599452555,2827,191974.2328125,184183.3359375,0.022713163134175603,0.025845773626748645,65.4321401210027,5558.999270491302,4498.427888417447,1060.5713820738547,-0.007246434361211418,1,1,1,1.0,Trend
2023-02-02 00:00:00+09:00,201176.46875,209008.15609793187,206071.27334245743,20981,193295.8296875,184778.87083333332,0.022587290048011088,0.025507142848992404,63.63639001789271,5469.06621886947,4692.555554507852,776.5106643616173,0.0,1,1,1,1.0,Trend
2023-02-03 00:00:00+09:00,207050.21875,220755.6705821513,206071.25790484634,11490,194715.321875,185333.61510416667,0.02286714230147356,0.02501925358691132,70.1149509635752,5804.841563395195,4915.012756285321,889.8288071098741,0.029197003190762016,1,1,-1,0.5,Trend
2023-02-06 00:00:00+09:00,210966.0625,219776.71012180974,210966.0625,12489,196159.28828125,185912.83359375,0.022860245036769842,0.02506233523699284,72.04302625400565,6314.136373910849,5194.837479810427,1119.2988941004223,0.018912531334864813,1,1,-1,0.5,Trend
2023-02-07 00:00:00+09:00,214881.90625,215860.86709851935,210476.58243166286,6245,197847.99609375,186622.57994791667,0.022780432982172274,0.024913175485927162,71.11112845126132,6953.575554526673,5546.5850947536765,1406.9904597729965,0.018561486637216795,1,1,-1,0.5,Trend
2023-02-08 00:00:00+09:00,225650.484375,227118.92570498917,219287.23861171366,9889,199512.2296875,187226.27239583334,0.021524484134597177,0.022672080132473686,87.75512464255107,8234.349514501751,6084.137978703291,2150.2115357984603,0.05011393612857984,1,1,-1,0.5,Trend
2023-02-09 00:00:00+09:00,225160.984375,225650.4647758152,219287.21956521738,8793,201323.30703125,187903.38645833332,0.02079958727080446,0.022359577247886397,86.31577992373089,9104.917722294165,6688.293927421467,2416.6237948726985,-0.0021692840649369938,1,1,-1,0.5,Trend
2023-02-10 00:00:00+09:00,225160.984375,225650.4647758152,217329.2979619565,6957,203036.4875,188523.39453125,0.020886978182738606,0.022275247277470586,86.17020192792916,9683.227084840415,7287.280558905257,2395.946525935158,0.0,1,1,-1,0.5,Trend
2023-02-13 00:00:00+09:00,218308.296875,226139.98465526904,215860.89444366592,7040,204455.98125,189069.98125,0.022489802088981766,0.022609571669775223,75.00004433559563,9479.315165640583,7725.6874802523225,1753.62768538826,-0.030434613345742934,1,1,-1,0.5,Trend
2023-02-14 00:00:00+09:00,219287.25,223692.57421875,218308.2890625,4249,205875.475,189657.35807291666,0.02249314470401795,0.022567136061981463,72.44901249732493,9289.621858112048,8038.474355824268,1251.1475022877803,0.004484268985711193,1,1,-1,0.5,Trend
2023-02-15 00:00:00+09:00,210966.0625,219776.71012180974,210476.58207656612,10250,206609.6953125,190146.83828125,0.02410139485091229,0.02310685413856719,61.739123676328006,8371.33867576791,8105.047219812997,266.29145595491354,-0.037946517638394406,1,1,1,1.0,Trend
2023-02-16 00:00:00+09:00,215860.875,217818.79676870749,213413.47278911565,2933,207931.2921875,190766.84661458334,0.022603078809883034,0.023120972282638128,58.49057740178532,7946.955542298645,8073.428884310128,-126.4733420114826,0.023201895328543554,1,1,-1,0.5,Trend
2023-02-17 00:00:00+09:00,210966.0625,214392.42546403714,207539.69953596286,4039,208910.253125,191337.90677083333,0.02351503927463961,0.023295312796247032,57.94389735208891,7133.428665166895,7885.4288404814815,-752.0001753145862,-0.022675774384774416,1,1,-1,0.5,Trend
2023-02-20 00:00:00+09:00,214392.4375,215371.39840182647,209008.15253995432,2145,210036.05859375,191949.75729166667,0.023639829724359653,0.02335512657490625,60.526297367505116,6688.086483195657,7645.960369024317,-957.8738858286597,0.016241356355598757,1,1,-1,0.5,Trend
2023-02-21 00:00:00+09:00,210966.0625,215860.86673433875,210476.58207656612,6766,210990.5453125,192398.44765625,0.02410867216540176,0.023099282251108164,58.474559306251926,5989.625098651886,7314.693314949831,-1325.0682162979447,-0.015981790402471607,1,1,-1,0.5,Trend
2023-02-22 00:00:00+09:00,207050.21875,209008.14044030732,206071.25790484634,4098,211455.55078125,192830.82213541667,0.023873950146673366,0.02313748286568298,54.76189028499392,5061.764682286826,6864.1075884172305,-1802.3429061304041,-0.018561486637216795,1,1,-1,0.5,Trend
2023-02-23 00:00:00+09:00,209008.15625,209987.11716920373,206560.75395199063,4285,212018.453125,193369.25052083333,0.023918991300840787,0.022883733829854397,51.69492717553618,4433.313334054488,6377.948737544682,-1944.6354034901942,0.009456341132216162,1,1,-1,0.5,Trend
2023-02-24 00:00:00+09:00,203623.875,209497.640625,202644.9140625,6114,211847.1359375,193785.30885416668,0.022453095295259646,0.0231578045109466,43.80167469542598,3460.8995189544803,5794.538893826642,-2333.639374872162,-0.025761105913779336,1,1,-1,0.5,Trend
2023-02-27 00:00:00+09:00,203623.875,204602.8359375,199708.03125,930467,211896.08359375,194127.9453125,0.02191963596875695,0.02297519808193378,39.82303584877197,2659.596392947831,5167.55039365088,-2507.954000703049,0.0,1,1,-1,0.5,Trend
2023-02-28 00:00:00+09:00,204113.34375,207539.70683453238,203134.38286870506,848323,211969.5046875,194470.58151041667,0.0219248206467204,0.02297504627494195,26.08697311613244,2040.531947866286,4542.146704493961,-2501.614756627675,0.002403788602883594,1,1,-1,0.5,Trend
2023-03-02 00:00:00+09:00,201665.9375,205092.3005157767,200686.97663834953,817689,211993.978125,194805.05963541666,0.022038469019691947,0.022988033165754887,25.00002493874213,1337.0213347925746,3901.121630553684,-2564.1002957611095,-0.011990427499916967,1,1,-1,0.5,Trend
2023-03-03 00:00:00+09:00,201176.46875,206071.27334245743,201176.46875,729689,211993.978125,195033.48385416667,0.02204587174002579,0.02265109378436536,24.742298914501134,731.5551554921549,3267.208335541379,-2535.653180049224,-0.002427126544362501,1,1,-1,0.5,Trend
2023-03-06 00:00:00+09:00,209987.09375,209987.09375,204113.32888986013,1052243,212140.821875,195506.64791666667,0.023207908113225595,0.022857898790893488,41.58412618445684,951.692135749734,2804.10509558305,-1852.412959833316,0.043795504786143136,1,1,-1,0.5,Trend
2023-03-07 00:00:00+09:00,206560.75,209987.11315165876,206071.26954976303,640146,211920.55625,195955.33828125,0.02310252152737942,0.022924457682127,37.735843374582466,839.9920674530149,2411.2824899570433,-1571.2904225040284,-0.016316925430089668,1,1,-1,0.5,Trend
2023-03-08 00:00:00+09:00,198239.578125,204602.8238425926,197750.09768518517,1027023,211088.43984375,196232.71041666667,0.024268914120070095,0.023569722472152038,37.73585473862679,79.1080231469532,1944.8475965950252,-1865.739573448072,-0.04028438062410211,1,1,-1,0.5,Trend
2023-03-09 00:00:00+09:00,197750.109375,201665.953125,197750.109375,760330,209693.42109375,196346.92265625,0.020849833294875112,0.022697507278673822,30.927836408613842,-556.973655704176,1444.483346135185,-2001.457001839361,-0.0024690768343512692,1,1,-1,0.5,Trend
2023-03-10 00:00:00+09:00,195596.390625,196771.14372184686,193638.46879692192,854741,208215.19140625,196457.871875,0.0208441283999996,0.02270287705019546,32.822762002652226,-1220.787593200599,911.4291582680282,-2132.216751468627,-0.010891112813069759,1,1,-1,0.5,Trend
2023-03-13 00:00:00+09:00,198239.578125,198729.05856481483,190505.7871759259,1035513,206869.12109375,196612.87421875,0.021293919140870022,0.022763149445024278,31.625810171484602,-1516.1050645359792,425.9223137072268,-1942.027378243206,0.013513477889617986,1,1,-1,0.5,Trend
2023-03-14 00:00:00+09:00,191876.328125,197750.09327168367,191876.328125,776395,205547.52265625,196653.6640625,0.021401312889640554,0.02316665585637178,29.645073354794363,-2237.8112877812237,-106.82440659046324,-2130.9868811907604,-0.032098787034280596,1,1,-1,0.5,Trend
2023-03-15 00:00:00+09:00,192267.9375,196771.1580320774,190407.911628055,838555,204196.55703125,196880.45677083332,0.021342715908325666,0.021845606568306558,32.957131348476054,-2746.509019238001,-634.7613291199708,-2111.7476901180303,0.002040946784977571,1,1,-1,0.5,Trend
2023-03-16 00:00:00+09:00,192953.1875,194225.8366311517,188058.38314941654,708127,203295.91328125,197151.30234375,0.020048715476035303,0.021788125680588355,30.930189570082135,-3059.0983071971277,-1119.628724735402,-1939.4695824617256,0.0035640367755023217,1,1,-1,0.5,Trend
2023-03-17 00:00:00+09:00,193834.25,197750.09343434343,193051.08131313132,778496,202194.58203125,197387.884375,0.01912670116054678,0.021703030642542406,36.97912207125014,-3198.858737282513,-1535.4747272448244,-1663.3840100376888,0.004566198213232342,1,1,-1,0.5,Trend
2023-03-20 00:00:00+09:00,197260.625,199708.02729528534,193834.2617866005,602589,201509.31015625,197730.52057291666,0.019310943626086746,0.021675615566802774,42.243421208009515,-2998.574359289196,-1828.0946536536987,-1170.479705635497,0.01767682955927552,1,1,-1,0.5,Trend
2023-03-21 00:00:00+09:00,196281.65625,199218.5388871571,195792.17581047383,403322,200603.77109375,198064.99895833334,0.018759785100727955,0.021685407794058482,40.566029212808104,-2885.5789849720604,-2039.591519917371,-845.9874650546894,-0.004962818859567175,1,1,-1,0.5,Trend
2023-03-22 00:00:00+09:00,202644.921875,203134.40236262078,198729.07797403383,655503,200187.7140625,198432.10963541668,0.020200971479659102,0.021833942627027203,51.07761252455607,-2256.554821504542,-2082.9841802348055,-173.57064126973637,0.032419054060228714,1,1,-1,0.5,Trend
2023-03-23 00:00:00+09:00,199708.015625,200686.97648590687,197750.09390318627,607503,199820.60390625,198856.32604166667,0.020041262711113794,0.021378031622585426,48.46624585435463,-1972.2970174031507,-2060.8467476684746,88.54973026532389,-0.014492868722422836,1,1,1,1.0,Trend
2023-03-24 00:00:00+09:00,198239.578125,200197.49988425925,196281.65636574075,599102,199282.175,199247.91015625,0.019897827989887443,0.021414136416053376,35.50727738653286,-1844.251905729412,-2017.5277792806621,173.27587355125002,-0.0073529221919531595,1,1,-1,0.5,Trend
2023-03-27 00:00:00+09:00,195106.921875,197750.11650150525,194030.0648049423,611569,198856.32734375,199546.49348958334,0.0193903779156116,0.021481664927166588,35.76645368789322,-1972.8130500792468,-2008.584833440379,35.77178336113229,-0.015802375487425135,-1,1,-1,-0.19999999999999996,MeanReversion
2023-03-28 00:00:00+09:00,195302.6875,196771.1287593985,193638.4540726817,586388,198440.26796875,199864.65572916667,0.01939748869057163,0.021461374615380252,45.42681754811962,-2035.4387623182265,-2013.9556192159487,-21.483143102277836,0.00100337611356216,-1,1,-1,-0.19999999999999996,MeanReversion
2023-03-29 00:00:00+09:00,194911.125,196771.15080361627,193834.2679558011,442034,197980.15703125,200217.08177083332,0.019368843059422575,0.021368357902823754,45.565751922251856,-2092.5443629349174,-2029.6733679597426,-62.87099497517488,-0.0020049007262125107,-1,1,-1,-0.19999999999999996,MeanReversion
2023-03-30 00:00:00+09:00,196771.125,196771.125,193932.13861940298,788108,197735.41640625,200567.87578125,0.019397231831082346,0.021356911685298432,51.85182448419214,-1965.0624903361604,-2016.7511924350263,51.68870209886586,0.009542810858025774,-1,1,1,0.30000000000000004,Trend
2023-03-31 00:00:00+09:00,197750.109375,199218.55078125,194911.12265625,937726,197564.0984375,200951.30208333334,0.01944351786802854,0.02133777065765952,49.1856870580235,-1764.6940361310553,-1966.3397611742323,201.64572504317698,0.0049752440811627885,-1,1,1,0.30000000000000004,Trend
2023-04-03 00:00:00+09:00,194030.046875,200197.5004335898,193932.1507867684,794745,196766.24609375,201207.46328125,0.016872238835368626,0.02134212300452658,53.928579979000155,-1884.3568536497478,-1949.9431796693354,65.58632601958766,-0.018811936497822757,-1,1,1,0.30000000000000004,Trend
2023-04-04 00:00:00+09:00,196771.125,196771.125,193932.13861940298,575220,196276.76484375,201452.203125,0.017059269935198292,0.021282151018922488,57.5657438792354,-1737.9741183307779,-1907.549367401624,169.5752490708462,0.014127080672025505,-1,1,1,0.30000000000000004,Trend
2023-04-05 00:00:00+09:00,195009.03125,198239.6025508283,194911.1351499749,485125,196115.2375,201683.89114583333,0.014552867768754958,0.02130640995454961,53.333380624671285,-1744.0467004218372,-1874.8488340056667,130.80213358382957,-0.008955042311213135,-1,1,1,0.30000000000000004,Trend
2023-04-06 00:00:00+09:00,187862.59375,194127.9434112819,187862.59375,1409355,195620.86171875,201608.8375,0.016691750402568564,0.020428724959618283,41.952508374161845,-2299.015427696373,-1959.682152743808,-339.33327495256503,-0.036646700176866776,-1,1,-1,-0.19999999999999996,MeanReversion
2023-04-07 00:00:00+09:00,189331.03125,191288.95297957602,188841.550817606,531141,195307.59375,201615.3640625,0.016722084029479188,0.020323459149763527,38.71863521214552,-2590.480066698423,-2085.841735534731,-504.6383311636919,0.007816550760254781,-1,1,-1,-0.19999999999999996,MeanReversion
2023-04-10 00:00:00+09:00,188939.4375,189624.71007124352,186492.03545984457,783772,194842.58671875,201582.73177083334,0.016342712453693564,0.020280172528840786,39.37674133436062,-2820.552660598012,-2232.7839205473874,-587.7687400506247,-0.0020683019968497085,-1,1,-1,-0.19999999999999996,MeanReversion
2023-04-11 00:00:00+09:00,195694.28125,195792.17733866934,189233.13939782392,1137837,195033.484375,201678.99609375,0.016764841146419303,0.020773243934637402,40.05598358673186,-2429.817981623666,-2272.190732762643,-157.62724886102296,0.03575137006534179,-1,1,-1,-0.19999999999999996,MeanReversion
2023-04-12 00:00:00+09:00,193834.25,196281.65214646465,192757.39305555556,700638,195111.8,201727.94401041666,0.01692600983309001,0.020804163455439395,41.32946337012474,-2244.3751507278357,-2266.6276163556818,22.25246562784605,-0.009504780814845626,-1,1,-1,-0.19999999999999996,MeanReversion
2023-04-13 00:00:00+09:00,192267.9375,194617.44386456214,191484.76871181265,727674,195077.5375,201661.04869791667,0.01701259083486822,0.020512469714677618,41.21038365352373,-2198.456264405133,-2252.993345965572,54.53708156043922,-0.008080679756028664,-1,1,-1,-0.19999999999999996,MeanReversion
2023-04-14 00:00:00+09:00,194813.234375,196281.6758401382,192855.3124214824,964852,195126.48671875,201750.78697916667,0.01724544946646959,0.020054607134204643,49.560117576574555,-1934.382670968189,-2189.2712109660956,254.88853999790672,0.013238280433522709,-1,1,1,0.30000000000000004,Trend
2023-04-17 00:00:00+09:00,192855.296875,195106.90694003808,192170.02424651015,556371,194906.2203125,201775.26119791667,0.016892021286642633,0.020058163473317837,46.5181199675093,-1861.6319049310405,-2123.7433497590846,262.1114448280441,-0.010050331058264361,-1,1,1,0.30000000000000004,Trend
2023-04-18 00:00:00+09:00,188743.65625,192757.3958279305,187471.00711553422,1022386,194529.3203125,201723.05,0.017486777567612105,0.020249217170306474,42.0654722467017,-2111.4123870395124,-2121.2771572151705,9.864770175658123,-0.02131982212376038,-1,1,-1,-0.19999999999999996,MeanReversion
2023-04-19 00:00:00+09:00,187373.125,188449.9820402299,187373.125,612192,193765.73046875,201647.99661458333,0.015584882778997939,0.020269391346373646,37.75513860240438,-2392.3777945371403,-2175.4972846795645,-216.88050985757582,-0.007261336763470738,-1,1,-1,-0.19999999999999996,MeanReversion
2023-04-20 00:00:00+09:00,187568.90625,188645.7632274269,185904.67273943112,581315,193158.775,201478.30989583334,0.015412195474000674,0.01987023994843263,36.458312983993885,-2569.625945202948,-2254.323016784241,-315.30292841870687,0.0010448736978689865,-1,1,-1,-0.19999999999999996,MeanReversion
2023-04-21 00:00:00+09:00,186296.265625,188058.39530511035,186100.4734383211,479007,192561.609375,201287.4125,0.015404432585990342,0.019884557246690637,38.997215970777916,-2780.73328181915,-2359.605069791223,-421.128212027927,-0.006784923207387994,-1,1,-1,-0.19999999999999996,MeanReversion
2023-04-24 00:00:00+09:00,186002.5625,187764.69203947368,184534.12121710528,469050,192106.39140625,200936.61822916666,0.015107126737751357,0.018905010417819473,33.53293899626594,-2937.8708087199484,-2475.258217576968,-462.61259114298036,-0.001576537908662079,-1,1,-1,-0.19999999999999996,MeanReversion
2023-04-25 00:00:00+09:00,182184.625,187177.32563138098,182086.7289091886,778485,191450.48828125,200595.61328125,0.015623659888362907,0.018891718355754258,31.549276144231627,-3332.0690613206243,-2646.620386325699,-685.4486749949251,-0.020526262911028437,-1,1,-1,-0.19999999999999996,MeanReversion
2023-04-26 00:00:00+09:00,184142.546875,186883.63741859383,181793.04069477672,671910,190912.059375,200287.24036458333,0.015941231084829862,0.018959015368253826,43.70861487156043,-3446.754049126612,-2806.647118885882,-640.10693024073,0.010746910585895941,-1,1,-1,-0.19999999999999996,MeanReversion
2023-04-27 00:00:00+09:00,184240.421875,185415.1748306323,182576.18852118755,470891,190285.52421875,200004.97291666668,0.01570020966960176,0.018946173566404215,40.97219104875309,-3489.5200190700416,-2943.221698922714,-546.2983201473276,0.0005315175751665624,-1,1,-1,-0.19999999999999996,MeanReversion
2023-04-28 00:00:00+09:00,188254.171875,189331.02881240248,186002.5619149766,902999,189810.72734375,199789.60130208332,0.016573066793361343,0.019177313845654482,48.92308704733289,-3163.074325788446,-2987.1922242958603,-175.88210149258566,0.021785393016105825,-1,1,-1,-0.19999999999999996,MeanReversion
2023-05-02 00:00:00+09:00,189135.234375,189135.234375,187373.10486218944,491178,189565.98671875,199491.01822916666,0.016170551435770533,0.018789163847740473,37.3584530646293,-2800.981411385059,-2949.9500617137005,148.96865032864162,0.004680175165440836,-1,1,-1,-0.19999999999999996,MeanReversion
2023-05-03 00:00:00+09:00,188547.859375,189331.02805360852,187275.21027226115,448203,189154.8234375,199117.38151041666,0.01576580982321065,0.018600943784922892,39.285689403463884,-2532.22649085382,-2866.4053475417245,334.1788566879045,-0.003105582108701155,-1,1,-1,-0.19999999999999996,MeanReversion
2023-05-04 00:00:00+09:00,191974.234375,193148.98746653492,185023.61191675166,900385,189003.08359375,198735.58697916666,0.016294802201048154,0.01859395397469005,49.44646621226462,-2019.477177151508,-2697.019713463681,677.5425363121731,0.018172441794660488,-1,1,1,0.30000000000000004,Trend
2023-05-08 00:00:00+09:00,202644.921875,203134.40236262078,194030.0652928744,2034862,189742.2,198352.1609375,0.018213063587686682,0.01884483455977189,61.29943451879091,-743.5135874741827,-2306.3184882657815,1562.8049007915988,0.055583956538438395,-1,1,1,0.30000000000000004,Trend
2023-05-09 00:00:00+09:00,206560.75,209987.11315165876,204113.34774881517,1855368,190603.6859375,198042.15703125,0.018518620796042932,0.0190374085482516,68.7165927163213,577.0198285120423,-1729.650824910217,2306.6706534222594,0.019323593647293302,-1,1,1,0.30000000000000004,Trend
2023-05-10 00:00:00+09:00,205581.796875,208029.19921875,202155.43359375,763447,191435.80390625,197715.83723958334,0.01857716792201875,0.01904120908961575,75.14624918387472,1526.956929885695,-1078.3292739510346,2605.2862038367293,-0.004739298850338192,-1,1,-1,-0.19999999999999996,MeanReversion
2023-05-11 00:00:00+09:00,206560.75,211455.5545023697,206071.26954976303,825757,191979.12734375,197520.04479166667,0.01710041491775299,0.018660994835507153,78.99410016404698,2331.9015528435993,-396.28310859210785,2728.1846614357073,0.004761866759999345,-1,1,-1,-0.19999999999999996,MeanReversion
2023-05-12 00:00:00+09:00,209008.15625,209497.63670960188,205581.7930327869,666880,192737.82265625,197348.7265625,0.016960605910837277,0.01872052665227488,80.33243581411183,3131.216481909243,309.21680950816244,2821.9996724010807,0.011848360591254714,-1,1,-1,-0.19999999999999996,MeanReversion
2023-05-15 00:00:00+09:00,207539.734375,209008.17589180425,203134.40982458726,584184,193501.4125,197291.62109375,0.01692303373646631,0.018069609601089373,79.88985718808259,3604.6379265400465,968.3010329145393,2636.3368936255074,-0.007025667808119307,-1,1,-1,-0.19999999999999996,MeanReversion
2023-05-16 00:00:00+09:00,203134.375,209008.14006024096,202644.89457831325,528940,193917.46953125,197079.51276041666,0.017671537089740685,0.0180119012100034,71.60493973121216,3583.048989409901,1491.250624213612,2091.798365196289,-0.02122658289154422,-1,1,-1,-0.19999999999999996,MeanReversion
2023-05-17 00:00:00+09:00,208518.671875,209497.6327758216,203134.38692048122,538104,194700.63828125,197038.72291666668,0.018206883363510246,0.01811397709996923,81.94773275181947,3954.818672690715,1983.9642339090328,1970.8544387816823,0.026506084334569247,-1,1,-1,-0.19999999999999996,MeanReversion
2023-05-18 00:00:00+09:00,208029.1875,209497.6288235294,205581.78529411767,378470,195664.91484375,196932.66875,0.017276486596884445,0.01798867636415534,80.04924258953278,4161.974871298851,2419.5663613869965,1742.4085099118547,-0.0023474366616598186,-1,1,-1,-0.19999999999999996,MeanReversion
2023-05-19 00:00:00+09:00,211945.03125,212434.5116916859,208029.1877165127,870698,196893.51015625,196948.98489583333,0.017289718260618467,0.018037126226856135,81.79774418480369,4589.221823241998,2853.497453757997,1735.7243694840013,0.018823530472136252,-1,1,-1,-0.19999999999999996,MeanReversion
2023-05-22 00:00:00+09:00,210476.609375,213413.49229651163,209497.6484011628,534887,198038.8953125,197006.09140625,0.0175053992055466,0.017892383858026262,77.08833139949915,4754.52157250524,3233.702277507446,1520.8192949977943,-0.0069283146971628184,1,1,-1,0.5,Trend
2023-05-23 00:00:00+09:00,207539.734375,211455.57841981133,207050.25386939858,550247,199101.06875,196981.61770833333,0.017850676306421044,0.017945602663994302,71.36367626563705,4595.566714264132,3506.0751648587834,1089.491549405349,-0.013953450736026718,1,1,-1,0.5,Trend
2023-05-24 00:00:00+09:00,198729.0625,205092.30834359606,198239.5820504926,1210194,199737.39375,196900.0375,0.020897856578181315,0.01849979919161529,59.92366842367376,3715.8126818614255,3548.022668259312,167.7900136021135,-0.04245293992272414,1,1,1,1.0,Trend
2023-05-25 00:00:00+09:00,201665.9375,203134.37879247573,198239.5744842233,791642,200711.459375,196867.40520833334,0.020242888037369004,0.01860191198270939,59.53756123303473,3218.481885171408,3482.1145116417315,-263.63262647032343,0.01477828639180534,1,1,-1,0.5,Trend
2023-05-26 00:00:00+09:00,198239.578125,202644.90208333332,198239.578125,505880,201416.3109375,196769.50911458334,0.020785970267400505,0.0187268817429979,44.94379644773464,2518.829579956451,3289.457525304676,-770.6279453482248,-0.016990273208632445,1,1,-1,0.5,Trend
2023-05-30 00:00:00+09:00,197260.625,200686.98821339948,196281.66408188586,609318,202067.32109375,196696.08723958334,0.02086577944397843,0.01867480087573659,38.55422057443502,1863.8712045891443,3004.34026116157,-1140.4690565724259,-0.004938232487473937,1,1,-1,0.5,Trend
2023-05-31 00:00:00+09:00,195302.6875,198729.0504385965,194911.1031641604,993582,202419.746875,196598.19088541667,0.020612788814008878,0.01871428312496517,37.64704115067927,1173.2977343772654,2638.1317558047094,-1464.834021427444,-0.00992563771913424,1,1,-1,0.5,Trend
2023-06-01 00:00:00+09:00,199708.015625,199708.015625,195694.27609528185,547388,202948.3859375,196426.87291666667,0.021111508586341393,0.018084617504295967,42.39130095351837,970.3014160132443,2304.5656878464165,-1334.2642718331722,0.02255641323420088,1,1,-1,0.5,Trend
2023-06-02 00:00:00+09:00,200197.5,200686.9804400978,198239.5782396088,405330,203530.86796875,196320.81875,0.021067259252568166,0.017972274302512293,39.772725623885464,839.2483370554983,2011.502217688233,-1172.2538806327348,0.002451000143725457,1,1,-1,0.5,Trend
2023-06-05 00:00:00+09:00,200197.5,202155.42176039118,199708.0195599022,428762,203942.03125,196353.45078125,0.020774703225121333,0.01716379321632426,41.17644849718921,727.0073397289962,1754.6032420963857,-1027.5959023673895,0.0,1,1,-1,0.5,Trend
2023-06-07 00:00:00+09:00,200686.984375,203623.86707317072,199708.02347560975,553505,203844.134375,196402.39869791668,0.01680102597457464,0.017162726529927477,46.75326398196472,669.8314390917076,1537.64888149545,-867.8174424037425,0.002445007430162738,1,1,-1,0.5,Trend
2023-06-08 00:00:00+09:00,196281.65625,199218.5388871571,195792.17581047383,717690,203330.1796875,196413.81979166667,0.016802246308331728,0.01734746615420759,33.33333333333333,265.97991222096607,1283.3150876405534,-1017.3351754195874,-0.021951239831120684,1,1,-1,0.5,Trend
2023-06-09 00:00:00+09:00,196281.65625,200686.98020573566,196281.65625,546093,202865.17265625,196381.18776041668,0.016803111583369362,0.01725851580014452,33.783787281401786,-53.459089312760625,1015.9602522498906,-1069.4193415626512,0.0,1,1,-1,0.5,Trend
2023-06-12 00:00:00+09:00,196281.65625,199218.5388871571,195498.48754675812,417698,202351.21796875,196454.60989583333,0.016731405082522403,0.016724169497441755,25.75758162012724,-303.1225909210916,752.1436836156942,-1055.2662745367857,0.0,1,1,-1,0.5,Trend
2023-06-13 00:00:00+09:00,196771.125,198729.04664179104,195400.57985074626,565013,201739.36640625,196529.66302083334,0.016439041567096295,0.016725031371880427,28.124961033221894,-456.2275697774894,510.46943293705743,-966.6970027145469,0.0024937060311767123,1,1,-1,0.5,Trend
2023-06-14 00:00:00+09:00,195009.03125,197750.1220507028,194127.9663497741,666340,201112.83125,196563.92708333334,0.016469883636951888,0.01676315291162967,29.220765424332043,-711.5483216475986,266.0658820201262,-977.6142036677248,-0.008955042311213135,1,1,-1,0.5,Trend
2023-06-15 00:00:00+09:00,196281.65625,198239.57800810473,195694.27972256858,557684,200770.1953125,196604.7171875,0.01601136547664201,0.01677366750943686,44.5887215572255,-801.9571919544251,52.46126722521595,-854.418459179641,0.006525979806383919,1,1,-1,0.5,Trend
2023-06-16 00:00:00+09:00,198239.578125,200197.49988425925,197750.09768518517,751013,200256.240625,196621.03307291667,0.014896388425333737,0.01666911192399172,42.08143783325473,-707.4637391525903,-99.5237340503453,-607.940005102245,0.009975062939688195,1,1,-1,0.5,Trend
2023-06-19 00:00:00+09:00,194421.609375,198239.55638689577,194323.7132977719,669785,199575.86171875,196590.03229166666,0.015368752145653858,0.016847289498991214,41.333274692098044,-929.9354500439949,-265.6060772490752,-664.3293727949197,-0.019259366803094036,1,1,-1,0.5,Trend
2023-06-20 00:00:00+09:00,194323.734375,196771.1365711587,193736.35784792193,437974,198694.796875,196451.34583333333,0.014495651225939946,0.016312932930279175,43.05552374062763,-1101.446785357286,-432.7742188707174,-668.6725664865686,-0.0005034162628044792,1,1,-1,0.5,Trend
2023-06-21 00:00:00+09:00,185904.671875,195009.0080963665,185904.671875,1358963,197466.2,196221.29010416666,0.017032375118270344,0.01716964575342742,32.978704738726236,-1894.8757884049264,-725.1945327775593,-1169.6812556273671,-0.04332493159972495,1,1,-1,0.5,Trend
2023-06-22 00:00:00+09:00,187275.234375,189135.2602260847,185317.3124264898,580244,196452.975,196038.55104166668,0.017185015271889214,0.017184954776580143,24.701195472465983,-2385.5815510387765,-1057.2719364298027,-1328.3096146089738,0.007372394067221455,1,1,-1,0.5,Trend
2023-06-23 00:00:00+09:00,184925.71875,187960.4976177872,184925.71875,689964,195762.8078125,195868.86432291666,0.014792246399326723,0.017141384225144763,21.111086151798077,-2930.277266195917,-1431.8730023830258,-1498.4042638128913,-0.012545789264881257,-1,1,-1,-0.19999999999999996,MeanReversion
2023-06-26 00:00:00+09:00,184925.71875,187177.3288777131,183653.06954737956,489487,194925.796875,195695.91484375,0.014190098019562915,0.01713999289820672,21.111086151798077,-3323.639695265505,-1810.2263409595216,-1513.4133543059834,0.0,-1,1,-1,-0.19999999999999996,MeanReversion
2023-06-27 00:00:00+09:00,181988.828125,184044.64597902098,180226.69853583915,877288,194113.259375,195480.54322916668,0.014138708775705095,0.017250148797464327,17.627075177083952,-3828.2352699466574,-2213.828126756949,-1614.4071431897082,-0.015881461188048007,-1,1,-1,-0.19999999999999996,MeanReversion
2023-06-28 00:00:00+09:00,180911.96875,184142.5396205357,178954.04701028139,717140,193295.8265625,195216.22395833334,0.014142890444238687,0.017203788932404478,19.923326896005136,-4265.85038236127,-2624.2325778778136,-1641.6178044834564,-0.005917172972070284,-1,1,-1,-0.19999999999999996,MeanReversion
2023-06-29 00:00:00+09:00,179945.53125,182692.79126908397,179945.53125,578195,192527.96875,194919.48098958333,0.014083369525605667,0.01719067131361887,19.19720983839548,-4637.192275194771,-3026.824517341205,-1610.3677578535662,-0.005342031854926654,-1,1,-1,-0.19999999999999996,MeanReversion
2023-06-30 00:00:00+09:00,179356.8125,181024.79160968272,177198.25129923414,683584,191510.40859375,194674.92708333334,0.012647941072695927,0.017039839997555022,18.78026313362355,-4922.247478694568,-3405.909109611878,-1516.3383690826895,-0.003271649737064508,-1,1,-1,-0.19999999999999996,MeanReversion
2023-07-03 00:00:00+09:00,185734.390625,187009.90413695193,179356.82306524037,869777,190787.253125,194490.98151041666,0.0154761600415435,0.01756469088480417,33.27468965814448,-4580.734668289137,-3640.87422134733,-939.8604469418065,0.03555804787175276,-1,1,-1,-0.19999999999999996,MeanReversion
2023-07-04 00:00:00+09:00,185145.703125,186617.4495727345,183183.37452802068,491576,190034.66328125,194326.59270833334,0.01545194253570275,0.017535619805574318,34.50171247590872,-4307.926373318594,-3774.2846517415833,-533.6417215770111,-0.0031695126466296797,-1,1,-1,-0.19999999999999996,MeanReversion
2023-07-05 00:00:00+09:00,182987.140625,186617.44850871313,182987.140625,686759,189149.67109375,194245.33515625,0.01547028601788319,0.01693425735936834,29.67612177381791,-4217.2875225773605,-3862.885225908739,-354.4022966686216,-0.011658723176214636,-1,1,-1,-0.19999999999999996,MeanReversion
2023-07-06 00:00:00+09:00,191817.609375,192504.42434462917,182005.96695172635,1503767,188926.46875,194286.778125,0.01874418926332279,0.01798708963195713,41.88718976355944,-3393.789063762146,-3769.0659934794207,375.2769297172749,0.04825731862817895,-1,1,-1,-0.19999999999999996,MeanReversion
2023-07-07 00:00:00+09:00,191327.03125,193583.70905448718,190149.6341346154,832803,188678.7375,194326.57135416666,0.018744664516449544,0.017988258145562472,45.7318279481836,-2749.0567420264415,-3565.0641431888253,816.0074011623838,-0.0025575239238903036,-1,1,1,0.30000000000000004,Trend
2023-07-10 00:00:00+09:00,189560.921875,192602.53086988872,189070.3397790502,509523,188342.70078125,194224.34869791666,0.018825903899448108,0.01743213652590367,43.71992540222392,-2353.4825171106786,-3322.747817973196,969.2653008625175,-0.009230840845966481,-1,1,-1,-0.19999999999999996,MeanReversion
2023-07-11 00:00:00+09:00,193681.828125,193878.06098024317,190934.56815159574,524208,188188.2359375,194221.80833333332,0.01951836807700775,0.01761984947329176,61.565619481364436,-1688.0061156284355,-2995.7994775042444,1307.7933618758088,0.021739218237804225,-1,1,1,0.30000000000000004,Trend
2023-07-12 00:00:00+09:00,198195.1875,198685.76964727722,192013.85244430692,865666,188347.54375,194320.59583333333,0.020114771898703542,0.017834712733166933,64.85114998731373,-787.3448695596599,-2554.1085559153275,1766.7636863556677,0.023302957322806295,-1,1,1,0.30000000000000004,Trend
2023-07-13 00:00:00+09:00,195938.5,202610.41687531298,195742.26715072608,941626,188330.3859375,194339.35026041666,0.02024752248523062,0.017821873161211782,65.0153089180306,-252.74665831419406,-2093.836176395101,1841.089518080907,-0.011386187164610151,-1,1,1,0.30000000000000004,Trend
2023-07-14 00:00:00+09:00,200648.09375,200648.09375,196723.43665953545,739825,188450.81171875,194469.23020833332,0.02083490271871792,0.018028246890353438,68.99689323262393,544.6724862036062,-1566.13444387536,2110.806930078966,0.02403608147454439,-1,1,1,0.30000000000000004,Trend
2023-07-17 00:00:00+09:00,202610.421875,203101.00401029055,198685.76479267553,705819,188860.25234375,194700.34296875,0.020373466052146225,0.017826246454174653,75.51743205828217,1319.7629770798958,-988.9549596843087,2308.7179367642048,0.00977994900586987,-1,1,-1,-0.19999999999999996,MeanReversion
2023-07-18 00:00:00+09:00,205063.3125,205553.89458732057,200648.07371411484,803341,189397.23125,194995.17942708332,0.020482930847812594,0.017845164984678197,78.90098597437797,2107.65975936671,-369.632015874105,2477.2917752408152,0.012106438564711608,-1,1,-1,-0.19999999999999996,MeanReversion
2023-07-19 00:00:00+09:00,200648.09375,205553.91511308067,200648.09375,687227,190134.40234375,195213.16588541667,0.018262630518074776,0.018096326577588806,72.8850211480613,2348.7277111940493,174.03992953952587,2174.6877816545234,-0.021531002772619323,-1,1,-1,-0.19999999999999996,MeanReversion
2023-07-20 00:00:00+09:00,200648.09375,204572.75084046455,198685.76520476773,578731,190803.0453125,195452.36302083332,0.018261775689742937,0.018067071969608012,73.84617538456153,2510.832485859981,641.398440803617,1869.4340450563639,0.0,-1,1,-1,-0.19999999999999996,MeanReversion
2023-07-21 00:00:00+09:00,202119.828125,202610.4102320995,196723.42494690535,629745,191662.75078125,195720.98411458332,0.017878269434996538,0.018080023450053568,70.617291135179,2726.6274875400413,1058.444250150902,1668.1832373891393,0.007334903349910382,-1,1,-1,-0.19999999999999996,MeanReversion
2023-07-24 00:00:00+09:00,199176.34375,202610.4186422414,197704.59736761084,662414,192375.28203125,196004.17942708332,0.018364579165757546,0.017970782382872655,66.66666666666666,2629.817097260442,1372.7188195728102,1257.098277687632,-0.01456306589168288,-1,1,1,0.30000000000000004,Trend
2023-07-25 00:00:00+09:00,197214.0,199666.91044776118,195546.02089552238,661241,193136.540625,196222.03697916667,0.018067763638275326,0.017988647123554687,66.97890035709958,2367.4588331124687,1571.6668222807418,795.7920108317269,-0.009852293264621226,-1,1,1,0.30000000000000004,Trend
2023-07-26 00:00:00+09:00,193976.1875,198685.77627086497,191228.9273836621,1068784,193789.7515625,196384.29973958334,0.01852584730968139,0.01813314185079936,52.9729985646005,1876.640861678985,1632.6616301603906,243.97923151859436,-0.016417761923595675,-1,1,1,0.30000000000000004,Trend
2023-07-27 00:00:00+09:00,207516.234375,208006.8164893617,193289.35305851063,1442727,195168.28671875,196705.33411458333,0.023251465396606125,0.01990407646689386,66.40159870270037,2550.8283457504585,1816.294973278404,734.5333724720545,0.06980262396898596,-1,1,1,0.30000000000000004,Trend
2023-07-28 00:00:00+09:00,207025.65625,208497.40262144548,202119.83501184834,952122,196551.72890625,197003.5078125,0.023230910684858715,0.019906555425357696,68.16330059179175,3010.8342068235506,2055.2028199874335,955.6313868361171,-0.0023640469695179744,-1,1,1,0.30000000000000004,Trend
2023-07-31 00:00:00+09:00,222724.28125,223705.4454845815,208497.39984856828,2725703,198401.2234375,197573.11484375,0.02690656067998412,0.021934563644618866,74.34213197251579,4589.238124110707,2562.0098808120883,2027.2282432986185,0.07582936957843844,1,1,-1,0.5,Trend
2023-08-01 00:00:00+09:00,228611.265625,234988.8331209764,226158.35504962446,3102468,200574.5015625,198183.73203125,0.027000530483848123,0.02205413293941876,74.9196390098553,6243.197347066656,3298.247374063002,2944.949973003654,0.026431713425946857,1,1,-1,0.5,Trend
2023-08-02 00:00:00+09:00,223214.859375,230573.59100274727,221743.11304945056,1388773,202585.8875,198526.56432291667,0.027657416306189616,0.02127058877725369,71.2538488417254,7037.404247136787,4046.0787486777594,2991.325498459027,-0.02360516326807771,1,-1,-1,-0.30000000000000004,Defensive
2023-08-03 00:00:00+09:00,218799.640625,223214.8800098094,214874.98339405828,1430439,203934.9890625,198730.54583333334,0.0269698535293471,0.021323664821397945,64.20894270061878,7227.23659907619,4682.310318757446,2544.926280318744,-0.019780129165067994,1,1,1,1.0,Trend
2023-08-04 00:00:00+09:00,219290.203125,231064.1737625839,215856.1283557047,2561625,205333.14765625,198959.01927083332,0.026905501858349105,0.02131103137167972,63.36480105525623,7332.737169979431,5212.3956890018435,2120.3414809775877,0.0022420626404993094,1,1,1,1.0,Trend
2023-08-07 00:00:00+09:00,230083.015625,236951.16534514926,220761.95529051172,3055268,207359.25234375,199351.05703125,0.028125945085871108,0.022153824867596372,67.6838115356522,8192.795455787069,5808.475642358889,2384.31981342818,0.049217029973052995,1,1,1,1.0,Trend
2023-08-08 00:00:00+09:00,218799.640625,236951.18031810535,218799.640625,1933999,208615.14296875,199514.2484375,0.030974809999793972,0.023108202647064664,61.69407971227928,7873.166814117401,6221.4138767105915,1651.75293740681,-0.04904045163590076,1,-1,1,0.19999999999999996,Defensive
2023-08-09 00:00:00+09:00,223214.859375,228120.68046016485,219780.78461538462,1277473,209866.1265625,199775.50052083333,0.03089425731530343,0.02321650287306962,63.75599496572414,7885.233997263742,6554.177900821222,1331.0560964425204,0.020179277888153546,1,-1,1,0.19999999999999996,Defensive
2023-08-10 00:00:00+09:00,220761.953125,220761.953125,215856.13194444444,928409,211107.29921875,200069.29348958333,0.03088248147154833,0.023082781153912168,61.22933328916002,7609.154693492223,6765.1732593554225,843.9814341368001,-0.010988991758291156,1,-1,1,0.19999999999999996,Defensive
2023-08-11 00:00:00+09:00,217818.453125,227139.5130560248,217818.453125,939248,211965.8171875,200224.28984375,0.03087427480224542,0.02292787005844402,61.229321763441035,7071.330114258191,6826.404630335977,244.92548392221397,-0.013333366362877408,1,-1,1,0.19999999999999996,Defensive
2023-08-14 00:00:00+09:00,216837.296875,220271.37171238687,216346.7147553733,572079,212677.1609375,200371.09166666667,0.03090195924570541,0.022934495842532654,61.961748418407225,6491.103747459361,6759.344453760655,-268.24070630129336,-0.004504467991226391,1,-1,-1,-0.30000000000000004,Defensive
2023-08-16 00:00:00+09:00,218309.046875,221252.53964185392,213893.80772471908,943493,213339.44765625,200477.15859375,0.030846826631802948,0.02282785131410108,65.15893341587845,6079.942306264158,6623.464024261355,-543.5217179971969,0.006787347108686781,1,-1,-1,-0.30000000000000004,Defensive
2023-08-17 00:00:00+09:00,213893.8125,217818.46961009174,211931.48394495412,880587,214001.73359375,200534.11197916666,0.03079154746128795,0.022968265759211796,54.48277104255,5336.307753404515,6366.032770089988,-1029.7250166854728,-0.020224697227174904,1,-1,-1,-0.30000000000000004,Defensive
2023-08-18 00:00:00+09:00,208497.40625,213403.2275735294,207025.65985294117,886686,214394.19921875,200550.07317708334,0.03145417237033986,0.023137178223936572,50.96774524973441,4262.392915655189,5945.304799203029,-1682.9118835478394,-0.025229370531697826,1,-1,-1,-0.30000000000000004,Defensive
2023-08-21 00:00:00+09:00,210459.71875,213893.79341491841,208987.97246503495,691652,214811.19375,200745.58411458333,0.03147610903461855,0.02244988313023794,40.15745918565418,3528.9701178099494,5462.037862924413,-1933.0677451144638,0.009411687825253257,1,-1,-1,-0.30000000000000004,Defensive
2023-08-22 00:00:00+09:00,216837.296875,220271.37171238687,212912.63991798644,1005692,215694.24140625,200998.44010416666,0.03180616788572373,0.02269135557584034,40.62499066895854,3422.8876039105526,5054.2078111216415,-1631.320207211089,0.030303082047618668,1,-1,-1,-0.30000000000000004,Defensive
2023-08-23 00:00:00+09:00,211440.890625,217818.45809164734,211440.890625,868139,216405.5859375,201218.46197916666,0.032343872858850056,0.02282537087582544,40.62499066895854,2870.2847072211443,4617.423190341542,-1747.1384831203977,-0.024886891359427232,1,-1,-1,-0.30000000000000004,Defensive
2023-08-24 00:00:00+09:00,224686.609375,230573.59477347162,214384.38492767466,3013711,217941.10703125,201675.56171875,0.03437934178365171,0.02407371479972105,54.10958037485198,3461.262455316668,4386.191043336567,-924.9285880198995,0.06264501965938019,1,-1,-1,-0.30000000000000004,Defensive
2023-08-25 00:00:00+09:00,207025.65625,217818.46297393364,206535.07412618483,2072800,217916.578125,201870.94453125,0.03676777579714733,0.0263680225630995,43.09392333246699,2475.9836615987588,4004.149566989006,-1528.1659053902472,-0.07860260642201433,1,-1,-1,-0.30000000000000004,Defensive
2023-08-28 00:00:00+09:00,209478.578125,209478.578125,206044.5030737705,695518,218039.22421875,202033.78723958333,0.03685819027238798,0.02625845569667241,37.19512431959617,1871.4999282117933,3577.6196392335632,-1706.11971102177,0.011848395601933959,1,-1,-1,-0.30000000000000004,Defensive
2023-08-29 00:00:00+09:00,213893.8125,214384.39463876147,209478.5732511468,805948,217597.70078125,202262.05911458333,0.033110459313390586,0.026385343329536886,46.6666610044575,1728.7863558634417,3207.852982559539,-1479.0666266960975,0.021077259615373878,1,1,-1,0.5,Trend
2023-08-30 00:00:00+09:00,213403.234375,217818.47370689656,212422.070079023,600149,216837.29921875,202482.1546875,0.032443716406515125,0.026388635165335485,42.95775848340551,1558.1380216206016,2877.909990371752,-1319.7719687511503,-0.002293559216445362,1,1,-1,0.5,Trend
2023-08-31 00:00:00+09:00,210459.71875,214874.9576048951,208987.97246503495,808546,216199.5421875,202645.03359375,0.032188095729236144,0.026458320234649054,42.65733798475615,1171.8722623520298,2536.7024447678077,-1364.830182415778,-0.013793209993375966,1,1,-1,0.5,Trend
2023-09-01 00:00:00+09:00,210459.71875,211440.8829399767,208006.80827505828,569772,215782.54609375,202881.33463541666,0.03194061777806649,0.02628606605743863,44.52554676647855,855.8877243227907,2200.5395006788044,-1344.6517763560137,0.0,1,1,-1,0.5,Trend
2023-09-04 00:00:00+09:00,207516.234375,209969.14494680852,203591.57746010637,660388,215193.84765625,203068.57760416667,0.03203653981144788,0.02635941129505379,43.26241118731496,363.75991419365164,1833.183583381774,-1469.4236691881224,-0.013985975047778543,1,1,-1,0.5,Trend
2023-09-05 00:00:00+09:00,208006.84375,208988.00810731133,205553.93285672172,390882,214090.0390625,203263.99739583334,0.029772237196613063,0.026359765649044617,42.446063111836,13.181210654322058,1469.1831088362837,-1456.0018981819617,0.002364197560145609,1,1,-1,0.5,Trend
2023-09-06 00:00:00+09:00,209969.140625,210459.72272926403,203591.57326956777,808331,213648.5140625,203483.96432291667,0.02793311505718401,0.026381562242092167,47.01491455310414,-105.10242414887762,1154.3260022392515,-1259.428426388129,0.009433809194078435,1,1,-1,0.5,Trend
2023-09-07 00:00:00+09:00,212422.0625,217818.46593533488,210459.73397806005,1234068,213108.87421875,203774.18151041667,0.02764695622770566,0.026382301943205566,53.12499844482875,-0.9023596881597769,923.2803298537692,-924.182689541929,0.011682297063742686,1,1,-1,0.5,Trend
2023-09-08 00:00:00+09:00,210950.328125,213893.8210755814,208497.41733284883,595117,212618.29296875,204018.659375,0.027595227271283433,0.02639558838153183,50.393722509080355,-36.657161211100174,731.2928316407954,-767.9499928518956,-0.006928349897741937,1,1,-1,0.5,Trend
2023-09-11 00:00:00+09:00,207516.234375,210459.7270611702,206044.4880319149,724040,212103.18203125,204173.2703125,0.02766682067952518,0.026466955519158984,42.148762723508646,-338.1972374901816,517.3948178146,-855.5920553047815,-0.01627915813416092,1,1,-1,0.5,Trend
2023-09-12 00:00:00+09:00,215365.546875,218309.03954299542,208987.97942767653,1284472,212029.59453125,204522.3359375,0.029034206518962834,0.02674111003694878,53.17460116843644,55.56349747625063,425.02855374693013,-369.4650562706795,0.03782505269354308,1,1,-1,0.5,Trend
2023-09-13 00:00:00+09:00,217818.453125,217818.453125,211440.88580377254,923349,212005.06484375,204913.91458333333,0.029110755024126186,0.026768139805006298,43.26922723558761,559.105728604045,451.8439887183531,107.2617398856919,0.011389501643100264,1,1,-1,0.5,Trend
2023-09-14 00:00:00+09:00,221252.546875,221743.12901884702,216346.72543652993,990793,212373.0015625,205503.04583333334,0.02890234297046906,0.026125686324338735,69.33332257515191,1221.192097965104,605.7136105677033,615.4784873974007,0.015765853171444855,1,1,1,1.0,Trend
2023-09-15 00:00:00+09:00,225177.203125,225667.78526688452,220271.38170615467,1162871,213206.99140625,206134.7453125,0.028366786286340716,0.026188557524214357,70.51279957272146,2039.082007316756,892.387289917514,1146.694717399242,0.01773835513051658,1,1,-1,0.5,Trend
2023-09-18 00:00:00+09:00,217327.890625,224686.62281320544,217327.890625,720909,213550.4,206674.78151041668,0.02965105181529256,0.026583978415631086,54.117647499652456,2030.4855601442105,1120.0069439628533,910.4786161813572,-0.03485837993841101,1,1,1,1.0,Trend
2023-09-19 00:00:00+09:00,215365.546875,217818.45743166286,214874.9647636674,448589,213476.8125,207182.11197916666,0.028968972334781216,0.026625297949615975,52.27270588592966,1844.0707732125302,1264.8197098127887,579.2510633997415,-0.009029415158618659,1,1,1,1.0,Trend
2023-09-20 00:00:00+09:00,213403.234375,217327.89155890804,212422.070079023,374274,213574.9296875,207705.68541666667,0.028461913528464486,0.026558976430735542,53.48839793123754,1520.4665011354373,1315.9490680773185,204.51743305811874,-0.009111543273627398,1,1,1,1.0,Trend
2023-09-21 00:00:00+09:00,206044.5,212422.06785714286,206044.5,685787,212642.82421875,208124.5609375,0.02571113220802252,0.026982149677629103,45.54457662330454,662.5815913754341,1185.2755727369417,-522.6939813615077,-0.03448276871975131,1,1,-1,0.5,Trend
2023-09-22 00:00:00+09:00,204082.171875,206044.50045072116,202119.84329927884,485769,212495.65,208526.83828125,0.018230854941719568,0.02700753313033851,46.46466108810841,-173.64024352337583,913.4924094848783,-1087.1326530082542,-0.009523807357148528,1,1,-1,0.5,Trend
2023-09-25 00:00:00+09:00,202610.421875,207516.24322790556,202119.83973970942,490044,212152.2421875,208914.3984375,0.018039794636384866,0.02702572697133661,44.55443702436014,-944.2255529908871,541.9488169897252,-1486.1743699806123,-0.007211555945716985,1,1,-1,0.5,Trend
2023-09-26 00:00:00+09:00,197214.0,203591.5671641791,196232.83582089553,660374,211318.2515625,209105.72526041666,0.018068466550877457,0.026930129402038178,37.96296978949879,-1967.683873194881,40.02227895280396,-2007.7061521476849,-0.026634473316132334,1,1,-1,0.5,Trend
2023-09-27 00:00:00+09:00,197704.609375,198685.77368951612,193878.0685483871,419270,210533.3203125,209315.04036458334,0.01812455973613057,0.026925172235926737,35.57695281839233,-2707.978004429402,-509.57777772363727,-2198.400226705765,0.002487700543571947,1,1,-1,0.5,Trend
2023-10-04 00:00:00+09:00,187598.625,194368.65906119248,187598.625,1163452,209390.265625,209391.8984375,0.021066816992030495,0.027754950378327294,30.427660571448627,-4063.2957724401494,-1220.3213766669396,-2842.97439577321,-0.05111658451943968,-1,1,-1,-0.19999999999999996,MeanReversion
2023-10-05 00:00:00+09:00,185832.515625,190149.63848006865,185440.04991090286,622759,208158.90546875,209292.146875,0.021037103194425463,0.027094247170246485,31.3029079856433,-5219.73527561166,-2020.2041564558835,-3199.531119155776,-0.009414298079210348,-1,1,-1,-0.19999999999999996,MeanReversion
2023-10-06 00:00:00+09:00,187304.25,188677.87991094813,185636.2708224201,403501,207148.30625,209225.10052083334,0.021178186143191793,0.027114536531345827,22.81371906406156,-5948.890146750433,-2805.9413545147936,-3142.9487922356393,0.007919681709361859,-1,1,-1,-0.19999999999999996,MeanReversion
2023-10-10 00:00:00+09:00,187598.625,192602.56321914226,186224.99490062761,627779,206127.8953125,209192.39557291666,0.021164205944545152,0.027090204988610832,19.444529581032143,-6428.888804802176,-3530.5308445722703,-2898.357960229906,0.0015716407929877718,-1,1,-1,-0.19999999999999996,MeanReversion
2023-10-11 00:00:00+09:00,189364.6875,192111.9472150259,189168.45466321244,603727,205097.67265625,209120.44322916667,0.021163497903111884,0.0269706322867568,16.632446016229053,-6590.809960770886,-4142.586667811994,-2448.2232929588927,0.00941404821064129,-1,1,-1,-0.19999999999999996,MeanReversion
2023-10-12 00:00:00+09:00,189953.40625,191228.9198250258,187892.96124418903,570782,203974.23984375,208983.08020833333,0.020892196014049364,0.02679959674386152,10.375325837245725,-6595.59900079458,-4633.189134408512,-1962.4098663860686,0.0031089151719483343,-1,1,-1,-0.19999999999999996,MeanReversion
2023-10-13 00:00:00+09:00,188187.3125,190051.52466762252,187304.2646311262,368249,202836.0890625,208853.89375,0.020907216785196248,0.026786638415704462,12.020515878300913,-6665.072547812626,-5039.565817089335,-1625.5067307232912,-0.009297510294054012,-1,1,-1,-0.19999999999999996,MeanReversion
2023-10-16 00:00:00+09:00,186126.859375,188383.53716394308,184851.34584211913,568781,201766.6203125,208611.87317708333,0.02079623000513812,0.026624847368392535,11.989853539317537,-6807.914777837461,-5393.23560923896,-1414.6791685985008,-0.010948948139104742,-1,1,-1,-0.19999999999999996,MeanReversion
2023-10-17 00:00:00+09:00,184949.46875,189168.47519893898,184949.46875,512662,200245.81640625,208317.52395833333,0.018226093134207283,0.026593310607168706,12.23963873624038,-6936.168030388682,-5701.822093468905,-1234.3459369197772,-0.006325742716304261,-1,1,-1,-0.19999999999999996,MeanReversion
2023-10-18 00:00:00+09:00,182790.90625,186421.21410359634,182005.97482219536,531306,198494.4390625,207946.3171875,0.01768646556107914,0.02656503484923492,14.19945710901409,-7129.799717938644,-5987.417618362853,-1142.3820995757906,-0.011671093269901567,-1,1,-1,-0.19999999999999996,MeanReversion
2023-10-19 00:00:00+09:00,177983.203125,180141.76457414552,177296.38811845367,789241,196330.971875,207568.56901041666,0.017134364569338895,0.026634337636943988,13.05561429103524,-7583.7746544186375,-6306.689025574011,-1277.0856288446266,-0.026301653750895992,-1,1,-1,-0.19999999999999996,MeanReversion
2023-10-20 00:00:00+09:00,176805.78125,178179.4110710322,174647.2201026637,579075,193912.40078125,207171.19713541667,0.015822434559681138,0.026639682829338072,13.16531721154142,-7946.95363280701,-6634.741947020611,-1312.2116857863984,-0.006615353889170561,-1,1,-1,-0.19999999999999996,MeanReversion
2023-10-23 00:00:00+09:00,174941.59375,178768.13449943913,174843.4773205272,446010,191793.0859375,206718.2265625,0.014833966244935451,0.026632711257567106,14.641817804779066,-8289.642107238848,-6965.721979064258,-1323.920128174589,-0.010543702173200331,-1,1,-1,-0.19999999999999996,MeanReversion
2023-10-24 00:00:00+09:00,183477.71875,183575.83517713903,176707.68527740642,802790,190198.69453125,206456.5828125,0.019785505297949604,0.02735159225481284,32.00991536062915,-7782.716927865084,-7129.120968824424,-653.5959590406592,0.04879414218781242,-1,1,-1,-0.19999999999999996,MeanReversion
2023-10-25 00:00:00+09:00,185538.15625,187598.60113696457,181319.1500528821,802846,188805.440625,206261.98541666666,0.020240348850737406,0.027375418920071202,46.72893440703595,-7132.496010374365,-7129.795977134413,-2.700033239952063,0.01122990581111094,-1,1,-1,-0.19999999999999996,MeanReversion
2023-10-26 00:00:00+09:00,178473.765625,183281.4701415613,177885.067112768,757629,187426.90390625,206003.61171875,0.020527796975147207,0.027738096716679744,39.99997452006417,-7105.322794273379,-7124.901340562206,19.578546288827056,-0.03807513649904559,-1,1,-1,-0.19999999999999996,MeanReversion
2023-10-27 00:00:00+09:00,181907.84375,182790.89153519418,179062.4675532632,520566,186318.1875,205576.80520833333,0.02133484791011251,0.026371432039535667,43.037973152544126,-6729.117343832157,-7045.744541216197,316.6271973840403,0.01924136084076089,-1,1,-1,-0.19999999999999996,MeanReversion
2023-10-30 00:00:00+09:00,182594.671875,183673.95257925848,179553.06261754435,392043,185317.4,205169.62213541666,0.021436193030182855,0.026382647916318856,43.60900275034813,-6302.894677887234,-6897.174568550405,594.2798906631706,0.0037756927400223184,-1,1,-1,-0.19999999999999996,MeanReversion
2023-10-31 00:00:00+09:00,183870.171875,189070.342157484,183183.35693203044,823369,184650.20859375,204522.05364583334,0.02095853589182408,0.02450283295027604,42.89340994016018,-5795.382393424545,-6676.816133525233,881.4337401006887,0.006985417410608763,-1,1,-1,-0.19999999999999996,MeanReversion
2023-11-01 00:00:00+09:00,184164.53125,187991.0718566862,183477.71626931272,511161,183973.2046875,203781.27473958334,0.020946159705077825,0.02420898096037406,42.45523702930762,-5308.232905387675,-6403.099487897723,1094.866582510048,0.0016009087934072408,-1,1,-1,-0.19999999999999996,MeanReversion
2023-11-02 00:00:00+09:00,187206.125,189070.3369365828,186715.54291142558,633508,183953.5796875,203181.12916666668,0.017922089081702838,0.024195272503994735,48.76234677152964,-4623.436136636417,-6047.166817645462,1423.730681009045,0.016515632675605074,-1,1,1,0.30000000000000004,Trend
2023-11-03 00:00:00+09:00,196723.4375,196723.4375,189462.82185162095,1272388,184498.12578125,202813.19244791666,0.020913881811030273,0.025017433245730664,61.25000290298683,-3275.0099088497227,-5492.735435886315,2217.725527036592,0.050838681159604215,-1,1,1,0.30000000000000004,Trend
2023-11-06 00:00:00+09:00,201629.265625,203591.5942442214,196232.8619221411,1000560,185214.3765625,202518.84348958332,0.021454408947092732,0.02524429330727052,66.40926451007562,-1789.8804507963068,-4752.1644388683135,2962.2839880720067,0.024937690126525913,-1,1,1,0.30000000000000004,Trend
2023-11-07 00:00:00+09:00,196723.4375,200157.51246882792,193878.06109725684,782666,185670.6171875,201962.85052083334,0.02237076939061557,0.024566143472806695,63.003655738728135,-997.2680996057752,-4001.185171015806,3003.917071410031,-0.024330932862316246,-1,1,1,0.30000000000000004,Trend
2023-11-08 00:00:00+09:00,193681.828125,198195.18379559272,193681.828125,586525,185886.47421875,201544.2203125,0.02265410164857408,0.023821972405977616,65.1515041839187,-607.5461438342172,-3322.457365579489,2714.9112217452716,-0.015461347227627598,-1,1,1,0.30000000000000004,Trend
2023-11-09 00:00:00+09:00,194466.75,196723.4277245207,192308.18869828456,592942,186112.14140625,201065.08515625,0.02265939598256874,0.023660709205285412,67.1755866706864,-232.66997599232127,-2704.4998876620557,2471.8299116697344,0.004052635616870637,-1,1,1,0.30000000000000004,Trend
2023-11-10 00:00:00+09:00,191032.671875,194761.09587666922,189855.27482184127,674585,186254.409375,200569.59713541667,0.022943877602816902,0.023719188860895156,65.18516443250401,-210.2556211191113,-2205.651034353467,1995.3954132343556,-0.01765894748073904,-1,1,1,0.30000000000000004,Trend
2023-11-13 00:00:00+09:00,188972.234375,195251.68556918483,188874.11795009088,499910,186396.678125,200088.82682291666,0.022939457035338732,0.023701226193770724,55.90716626221543,-354.6638260347536,-1835.4535926897245,1480.789766654971,-0.010785785906550216,-1,1,1,0.30000000000000004,Trend
2023-11-14 00:00:00+09:00,194859.203125,195153.55237443352,190345.84796701913,478385,186892.16484375,199722.52526041667,0.023813164204267434,0.024079617878775876,59.259244312726395,5.853336222615326,-1467.1922069072566,1473.045543129872,0.031152559366566912,-1,1,1,0.30000000000000004,Trend
2023-11-15 00:00:00+09:00,201629.265625,202119.84777980534,198195.19054136254,846436,187834.0828125,199444.52890625,0.0245571917329467,0.024500300053683904,73.13726494306675,828.3050635043473,-1008.0927528249359,1836.3978163292832,0.03474335515811933,-1,1,-1,-0.19999999999999996,MeanReversion
2023-11-16 00:00:00+09:00,199176.34375,200648.09013238916,196723.43311268472,425403,188893.73984375,199199.23776041667,0.023781559703918684,0.02441469249962429,67.59999592321373,1267.562021477177,-552.9617979645134,1820.5238194416904,-0.012165505178013514,-1,1,1,0.30000000000000004,Trend
2023-11-17 00:00:00+09:00,198195.1875,200157.51608910892,196232.85891089108,406874,189963.21015625,199027.53411458334,0.02373844510632022,0.024210197317663933,65.80516785312318,1518.9951848863566,-138.5704013943394,1657.565586280696,-0.004926068184239352,-1,1,1,0.30000000000000004,Trend
2023-11-20 00:00:00+09:00,198685.765625,199666.92989969137,196232.8549382716,272327,191150.41875,198831.3015625,0.023443880697944577,0.024177242397800634,65.25253110191002,1737.8109304646205,236.70586497745256,1501.1050654871678,0.002475227230227306,-1,1,1,0.30000000000000004,Trend
2023-11-21 00:00:00+09:00,200648.09375,203591.58656784843,200157.51161369192,463033,192008.9375,198561.48151041666,0.0213731001639024,0.023881090263658502,66.40624805603593,2045.9826507272082,598.5612221274038,1447.4214285998046,0.009876541073927214,-1,1,1,0.30000000000000004,Trend
2023-11-22 00:00:00+09:00,203591.578125,203591.578125,196723.42850150602,357391,192911.60859375,198430.65963541667,0.021442460444792134,0.023757795823760277,66.34051161165806,2498.9195594716584,978.6328895962547,1520.2866698754037,0.014669884572476866,-1,1,1,0.30000000000000004,Trend
2023-11-23 00:00:00+09:00,201629.265625,204082.17639902676,200648.1013153893,345224,194069.38359375,198046.37057291667,0.019207641234165237,0.022372761819517317,55.76037847106409,2668.7691938501084,1316.6601504470254,1352.109043403083,-0.009638475805689661,-1,1,1,0.30000000000000004,Trend
2023-11-24 00:00:00+09:00,201629.265625,203591.5942442214,200157.51916058394,335280,195055.4546875,197956.43072916666,0.019002546746119155,0.019750119031018715,50.0,2771.428945071384,1607.6139093718973,1163.8150356994868,0.0,-1,1,1,0.30000000000000004,Trend
2023-11-27 00:00:00+09:00,202119.828125,207025.64919599515,201138.66391080097,538210,196031.7125,197833.78489583332,0.019010011027103032,0.019688869652471356,58.112086496602906,2859.4103291328356,1857.973193324085,1001.4371358087506,0.0024329925444075418,-1,1,1,0.30000000000000004,Trend
2023-11-28 00:00:00+09:00,203591.578125,206044.4887048193,200648.08542921688,550801,197017.7828125,197662.08098958334,0.01901165648958987,0.019515190738377274,65.63468194412945,3013.160298649542,2089.010614389176,924.1496842603656,0.007281571598654946,-1,1,1,0.30000000000000004,Trend
2023-11-29 00:00:00+09:00,203591.578125,205063.32447289157,201629.24966114457,496563,197989.13515625,197498.55338541666,0.01903048771564139,0.01951450369638949,64.76192161373086,3099.2816673746274,2291.0648249862666,808.2168423883609,0.0,1,1,1,1.0,Trend
2023-11-30 00:00:00+09:00,204082.171875,205553.91830679087,202610.42544320915,642304,198832.9375,197392.2609375,0.018846848177430774,0.0194422913059192,73.33338176015091,3170.571908770362,2466.9662417430854,703.6056670272765,0.0024096956982120332,1,1,-1,0.5,Trend
2023-12-01 00:00:00+09:00,202119.828125,206044.48498179612,200157.49969660194,542598,199102.75703125,197253.26276041666,0.015759826379484594,0.019477952062704845,73.5915382389686,3033.7539707325923,2580.323787540987,453.43018319160547,-0.0096154589691545,1,1,-1,0.5,Trend
2023-12-04 00:00:00+09:00,206535.0625,209969.13717339665,203591.56992280285,706500,199348.046875,197236.90989583332,0.015537789281940632,0.01960608256596038,72.11895998811252,3244.2001634866756,2713.099062730125,531.1011007565507,0.021844637490337826,1,1,-1,0.5,Trend
2023-12-05 00:00:00+09:00,208987.984375,212422.05923562206,205553.90951437794,890514,199961.27421875,197253.26223958333,0.014447217166251816,0.01966384189842114,66.66664307412681,3567.7833966873004,2884.03592952156,683.7474671657405,0.01187653972796987,1,1,1,1.0,Trend
2023-12-06 00:00:00+09:00,209478.578125,211440.90672570257,208497.4138246487,494143,200751.11171875,197245.08619791668,0.01377245248017501,0.019628302483597353,75.60979020218491,3819.7802073523344,3071.1847850877148,748.5954222646196,0.0023474734754114213,1,1,-1,0.5,Trend
2023-12-07 00:00:00+09:00,208497.40625,210950.3169117647,206044.4955882353,521170,201452.64453125,197179.67526041667,0.013906292637043002,0.019577046222680836,75.60973146646282,3895.413226165634,3236.030473303299,659.3827528623351,-0.004683876908953,1,1,-1,0.5,Trend
2023-12-08 00:00:00+09:00,213403.234375,214874.98081896553,210950.32363505746,685720,202571.17265625,197220.55703125,0.01362518706529998,0.01979064090787428,79.9999872600429,4301.625803855073,3449.1495394136537,852.4762644414195,0.02352944438607385,1,1,-1,0.5,Trend
2023-12-11 00:00:00+09:00,213403.234375,216346.72726293103,210950.32363505746,513760,203792.72265625,197318.67369791667,0.013146339721680651,0.01967028788038216,78.26085752367105,4570.862144735904,3673.492060478104,897.3700842577996,0.0,1,1,-1,0.5,Trend
2023-12-12 00:00:00+09:00,209478.578125,215365.56392710772,208497.4138246487,710270,204523.69140625,197220.55755208334,0.012905731823398239,0.01921980379027543,62.50001658847963,4416.634709303704,3822.120590243224,594.51411906048,-0.018390800221441128,1,1,1,1.0,Trend
2023-12-13 00:00:00+09:00,209478.578125,211440.90672570257,208006.83167447307,435945,204916.15703125,197081.55963541666,0.010728469432710951,0.01915759430352282,68.1817786985281,4245.4692290157545,3906.79031799773,338.67891101802434,0.0,1,1,1,1.0,Trend
2023-12-14 00:00:00+09:00,218799.640625,220761.96924047085,212912.65477858743,1761941,205897.321875,197040.67786458333,0.013695600753536472,0.019884290414704405,77.77773845694959,4806.544345838367,4086.741123565858,719.8032222725092,0.044496494980207135,1,1,-1,0.5,Trend
2023-12-15 00:00:00+09:00,221743.125,222233.70713495574,217818.46792035399,899325,207074.71875,196983.44322916667,0.01362909168324672,0.01982776178141415,79.41173302132958,5426.165548809542,4354.626008614595,1071.5395401949472,0.013452875729557556,1,1,-1,0.5,Trend
2023-12-18 00:00:00+09:00,218799.640625,222233.71570207397,217818.47631726458,555176,208080.4125,197007.97239583332,0.014266256093554273,0.019361922690056807,71.83098212459313,5614.979241464287,4606.6966551845335,1008.2825862797536,-0.013274298244872251,1,1,-1,0.5,Trend
2023-12-19 00:00:00+09:00,218309.046875,220271.37538623594,216837.30049157303,497403,208963.46015625,197057.03072916667,0.014298648207295811,0.01932707461977481,70.8333075290431,5659.786146063183,4817.314553360264,842.4715927029192,-0.0022422054652312395,1,1,-1,0.5,Trend
2023-12-20 00:00:00+09:00,216346.71875,221252.54003684808,215365.55449263038,874344,209601.2171875,197106.08880208334,0.014373240054122672,0.019326062049625056,66.66663835566293,5473.85328760292,4948.622300208795,525.2309873941249,-0.008988762275727424,1,1,1,1.0,Trend
2023-12-21 00:00:00+09:00,212422.0625,215856.13741339493,211440.89823903,844340,210140.85703125,197212.38151041666,0.014894778069463745,0.018923438332394103,63.29114230250546,4952.721309748245,4949.442102116685,3.2792076315599843,-0.01814058596624779,1,1,1,1.0,Trend
2023-12-22 00:00:00+09:00,210950.328125,214874.98539244186,210950.328125,571741,210606.91015625,197326.85078125,0.015039259149194614,0.01890282182319317,56.16441703123166,4370.582444651285,4833.670170623605,-463.0877259723202,-0.006928349897741937,1,1,-1,0.5,Trend
2023-12-26 00:00:00+09:00,211440.890625,213403.21907627612,210950.30851218099,458545,211072.96328125,197474.02526041667,0.015039214299315836,0.018876325053377704,53.62318305399255,3903.816724764474,4647.699481451779,-743.8827566873051,0.002325488205495052,1,1,-1,0.5,Trend
2023-12-27 00:00:00+09:00,219604.65625,219604.65625,212218.84942544842,609910,211873.6171875,197847.20286458332,0.01700604654651991,0.01911898579223013,62.19324001982319,4144.869709471241,4547.133527055672,-402.2638175844313,0.038610155305667915,1,1,-1,0.5,Trend
2023-12-28 00:00:00+09:00,220589.4375,220589.4375,217635.1146763393,525435,212723.51015625,198228.61666666667,0.016983039376321344,0.019121932238719677,64.55926198506693,4365.0519515124615,4510.717211947031,-145.66526043456906,0.004484336838827874,1,1,-1,0.5,Trend
2024-01-02 00:00:00+09:00,224036.15625,225513.31771978023,217635.1232142857,716469,213721.209375,198835.90885416666,0.017169488486684745,0.01781991957749829,63.268652647990265,4762.767147396458,4561.127199036916,201.63994835954236,0.015625039843532917,1,1,1,1.0,Trend
2024-01-03 00:00:00+09:00,218619.90625,220589.45495495494,216650.35754504503,690960,214546.21328125,199382.36536458333,0.018113377650689187,0.0181004482502412,55.73461317679504,4588.025296338135,4566.506818497161,21.51847784097481,-0.024175785242253722,1,1,1,1.0,Trend
2024-01-04 00:00:00+09:00,219604.65625,222066.59185818385,217142.72064181615,538911,215199.69296875,199920.70546875,0.01763174064813202,0.01808928408890742,61.90066427283114,4477.389654667466,4548.683385731222,-71.29373106375624,0.004504393112646943,1,1,-1,0.5,Trend
2024-01-05 00:00:00+09:00,217142.734375,220589.44444444444,216157.96006944444,387884,215607.43046875,200413.10729166667,0.01778435069900123,0.018178080120075574,58.514576151146194,4143.292296895146,4467.605167964007,-324.31287106886066,-0.011210699795897394,1,1,-1,0.5,Trend
2024-01-08 00:00:00+09:00,223051.375,227975.24641280354,218619.89072847684,1054917,216286.0703125,200974.55208333334,0.01863901632053816,0.018429341587581076,55.111035144694114,4305.662652806874,4435.21666493258,-129.55401212570632,0.02721086036798237,1,1,-1,0.5,Trend
2024-01-09 00:00:00+09:00,226005.703125,229452.41319444444,225020.92881944444,835945,217161.48515625,201575.42369791667,0.01867156702195964,0.01847845394311006,55.12273494951908,4619.481412819674,4472.069614509999,147.41179830967485,0.013245056772234642,1,1,1,1.0,Trend
2024-01-10 00:00:00+09:00,227482.859375,229944.79508252165,223543.76224296537,702562,217865.46640625,202230.34947916667,0.018131772264581795,0.018413743698780804,60.816655273734014,4930.5429750768235,4563.764286623364,366.77868845345984,0.006535924667277149,1,1,1,1.0,Trend
2024-01-11 00:00:00+09:00,227975.25,230929.57289416846,226005.70140388768,879647,218594.0671875,202927.82265625,0.018118163245919774,0.01832022568000141,62.04061645203368,5157.342676559405,4682.479964610572,474.86271194883284,0.0021645174777247256,1,1,1,1.0,Trend
2024-01-12 00:00:00+09:00,226990.46875,228960.01728579175,224528.5330802603,516678,219469.66171875,203628.50598958333,0.01748253033074048,0.01830392129808228,63.58923330551118,5197.703566022334,4785.524684892925,412.1788811294091,-0.004319684921937794,1,1,1,1.0,Trend
2024-01-15 00:00:00+09:00,226005.703125,226990.47743055556,220097.05729166666,205882,220296.01796875,204348.75260416666,0.017561925867894526,0.01822490438470743,68.7502561206914,5091.535454450292,4846.7268388043985,244.80861564589304,-0.004338356717896286,1,1,1,1.0,Trend
2024-01-16 00:00:00+09:00,226498.09375,231914.35251358696,223543.77078804348,695734,220680.940625,205157.33411458333,0.014864287488340733,0.01779030509174784,72.0578214327674,4989.611138210632,4875.303698685646,114.30743952498597,0.0021786646009001043,1,1,-1,0.5,Trend
2024-01-17 00:00:00+09:00,215665.578125,226990.48291238584,215173.19096033106,961856,220377.06328125,205804.99739583334,0.018413859280790455,0.01901890701696152,54.633841196935684,3988.7619387270242,4697.995346693921,-709.2334079668972,-0.04782607855833221,1,1,-1,0.5,Trend
2024-01-18 00:00:00+09:00,213203.640625,216157.96358978061,211726.4791426097,730722,220097.26328125,206442.69817708334,0.018354162103535982,0.019030172307754625,41.975324119218044,2962.7709768669156,4350.95047272852,-1388.1794958616047,-0.011415532888484736,1,1,-1,0.5,Trend
2024-01-19 00:00:00+09:00,212218.859375,218127.50511165895,210249.31079611368,916193,219792.75390625,206921.7171875,0.018368396276722734,0.01814142000349267,39.50616897019549,2046.6100839352875,3890.0823949698743,-1843.4723110345867,-0.004618970141002987,1,1,-1,0.5,Trend
2024-01-22 00:00:00+09:00,213696.03125,219112.29010656683,213696.03125,533513,219660.21953125,207391.01510416667,0.018366981563345545,0.01811506848824951,36.36363261709751,1423.3340913656866,3396.732734249037,-1973.3986428833505,0.006960606042980322,1,1,-1,0.5,Trend
2024-01-23 00:00:00+09:00,214680.796875,216157.9583213876,212218.86113102062,388908,219773.15625,207994.465625,0.017914366673815494,0.017290888745831675,44.117623725597525,997.3489152343245,2916.855970446095,-1919.5070552117704,0.00460825416007804,1,1,-1,0.5,Trend
2024-01-24 00:00:00+09:00,214680.796875,216157.9583213876,212218.86113102062,380731,219959.6796875,208540.68151041667,0.017828804123254074,0.01716696460602226,42.4242599080796,652.2340460119303,2463.931585559262,-1811.6975395473319,0.0,1,1,-1,0.5,Trend
2024-01-25 00:00:00+09:00,210249.3125,213696.0225409836,209264.5382025761,582265,219900.10078125,209001.5921875,0.018471737492704143,0.017434776297439128,39.99999999999999,20.90331176633481,1975.3259308006768,-1954.422619034342,-0.020642202001794674,1,1,-1,0.5,Trend
2024-01-26 00:00:00+09:00,213203.640625,215173.18926818707,208279.76901703235,406869,219580.05,209490.48333333334,0.016543871384852905,0.017489404756887122,34.37502324204601,-238.29434539779322,1532.601875560983,-1770.8962209587762,0.014051547136450182,1,1,-1,0.5,Trend
2024-01-29 00:00:00+09:00,208772.15625,214680.8021816038,208279.76908903304,616505,218989.1859375,209900.61041666666,0.017034990979205383,0.01774991454493791,23.880613273832893,-792.1625529149896,1067.6489898657885,-1859.8115427807782,-0.020785219061031257,1,1,-1,0.5,Trend
2024-01-30 00:00:00+09:00,206310.21875,211234.0903192124,204833.0572792363,614246,218102.8890625,210219.01197916668,0.016584454776610552,0.01773900965915874,18.84060903713835,-1413.4712619052152,571.4249395115878,-1984.896201416803,-0.01179246094987818,1,1,-1,0.5,Trend
2024-01-31 00:00:00+09:00,197447.25,206310.21882793016,196954.86284289276,1318605,217044.25625,210231.07552083334,0.018318619361191005,0.017559504096563445,13.953507250654965,-2591.1611049955245,-61.092269389834655,-2530.06883560569,-0.04295942684613141,1,1,-1,0.5,Trend
2024-02-01 00:00:00+09:00,199416.796875,199416.796875,195576.17708333334,818613,216034.86328125,210194.20104166667,0.018507515684961232,0.017311611768346797,18.181834572909622,-3327.208825593407,-714.3155806305491,-2612.893244962858,0.009975053463646688,1,1,-1,0.5,Trend
2024-02-02 00:00:00+09:00,218127.515625,218127.515625,204833.06207674943,1841501,216084.10234375,210550.93567708333,0.0279923440694472,0.020560920214366195,43.548395352015284,-2373.37453175307,-1046.1273708550534,-1327.2471608980168,0.09382719531759598,1,-1,-1,-0.30000000000000004,Defensive
2024-02-05 00:00:00+09:00,204833.046875,218127.49943659856,204833.046875,1721981,215173.1859375,210736.78932291668,0.030573092417453603,0.02208594900426647,35.33333234607997,-2659.5488795220153,-1368.8116725884458,-1290.7372069335695,-0.0609481509561387,1,-1,-1,-0.30000000000000004,Defensive
2024-02-06 00:00:00+09:00,202371.109375,205817.81926703165,200401.56086526765,896400,213991.45625,210868.52864583334,0.030336377589678894,0.022145585255123244,39.84961831951788,-3049.8451761555043,-1705.0183733018575,-1344.8268028536468,-0.012019239754327393,1,-1,-1,-0.30000000000000004,Defensive
2024-02-07 00:00:00+09:00,201386.34375,206310.21523533008,200893.956601467,706209,212686.63046875,211041.08984375,0.030205127488394497,0.022025245711784134,40.769230957000865,-3399.4336045589007,-2043.9014195532664,-1355.5321850056343,-0.004866137404896054,1,-1,-1,-0.30000000000000004,Defensive
2024-02-08 00:00:00+09:00,202863.5,204833.0485436893,201878.72572815532,628984,211431.04296875,211272.6109375,0.030300910861997817,0.02198611103430336,42.74809086339605,-3516.7518620879855,-2338.47150806021,-1178.2803540277755,0.007334937526020768,1,-1,-1,-0.30000000000000004,Defensive
2024-02-13 00:00:00+09:00,201878.734375,204833.05731707317,201386.3472179878,860778,210175.45625,211389.603125,0.030299743722985738,0.021654267637615125,40.769226450516655,-3647.1477335185627,-2600.2067531518805,-1046.9409803666822,-0.004854326308084023,-1,-1,-1,-1.0,Defensive
2024-02-14 00:00:00+09:00,199416.796875,200401.57118055556,196265.51909722222,627951,208846.0109375,211352.72864583333,0.030330674986318938,0.021260480896028156,38.345867531971756,-3904.14067855943,-2860.9935382333906,-1043.1471403260393,-0.012195130446116309,-1,-1,-1,-1.0,Defensive
2024-02-15 00:00:00+09:00,200893.953125,206310.21166513482,200401.56598498774,945641,207565.80390625,211381.35546875,0.030428998166297835,0.021222757333392676,39.705880294129045,-3943.1609696477244,-3077.4270245162575,-865.733945131467,0.007407381289580739,-1,-1,-1,-1.0,Defensive
2024-02-16 00:00:00+09:00,201878.734375,205817.83163109756,200893.9600609756,999143,206876.46171875,211442.74791666667,0.02876037983596689,0.021220801840524963,43.41085652703013,-3850.238067000144,-3231.9892330130347,-618.2488339871093,0.00490199547911363,-1,-1,-1,-1.0,Defensive
2024-02-19 00:00:00+09:00,200401.5625,203355.8852886978,199909.17536855038,618150,206236.3578125,211471.34453125,0.02871330293124938,0.021241654797506518,39.68253248681375,-3851.394938806159,-3355.8703741716595,-495.5245646344997,-0.007317124706439304,-1,-1,-1,-1.0,Defensive
2024-02-20 00:00:00+09:00,199416.796875,202371.11979166666,198924.40972222222,708867,205596.2546875,211450.82291666666,0.028714212544768712,0.021213020352358645,42.01680470589365,-3886.9675812319038,-3462.0898155837085,-424.87776564819524,-0.004913961811051304,-1,-1,-1,-1.0,Defensive
2024-02-21 00:00:00+09:00,199416.796875,200401.57118055556,197939.63541666666,592041,204882.29296875,211381.24322916666,0.028628228434515263,0.021125504047338185,43.85964814610168,-3870.5419582750765,-3543.780244121982,-326.76171415309454,0.0,-1,-1,-1,-1.0,Defensive
2024-02-22 00:00:00+09:00,198924.40625,201386.34197091585,197447.2448174505,881700,204094.4734375,211336.16223958333,0.028567108805574785,0.02109194999824526,51.54638601909224,-3852.8431644111697,-3605.5928281798197,-247.25033623135005,-0.002469153214353592,-1,-1,-1,-1.0,Defensive
2024-02-23 00:00:00+09:00,197447.25,199909.18578553616,196954.86284289276,731357,203232.79609375,211266.46197916666,0.028563387280474226,0.02111254068972775,47.916668732627336,-3912.9053696242336,-3667.0553364687025,-245.85003315553104,-0.007425716521398451,-1,-1,-1,-1.0,Defensive
2024-02-26 00:00:00+09:00,196856.390625,198432.02956947224,196462.48088888192,630834,202563.15,211178.73802083332,0.028292554387365557,0.02111205675106236,13.513504821082833,-3962.5052199236234,-3726.145313159687,-236.35990676393658,-0.0029924922985758995,-1,-1,-1,-1.0,Defensive
2024-02-27 00:00:00+09:00,196954.875,197447.2621875,195674.6683125,650795,201750.71171875,211068.12630208334,0.028019585793562476,0.021088324359495366,25.308688527961934,-3948.352443435433,-3770.586739214836,-177.76570422059694,0.000500285384118504,-1,-1,-1,-1.0,Defensive
2024-02-28 00:00:00+09:00,200893.953125,200893.953125,196659.4237208946,597421,201356.8015625,211023.16588541667,0.028198577670059913,0.021251444070506057,45.762717941822416,-3578.0401619311306,-3732.0774237580954,154.03726182696482,0.01999990162721277,-1,-1,1,-0.5,Defensive
2024-02-29 00:00:00+09:00,192031.0,197447.25897435896,192031.0,2016957,200642.840625,210822.31302083333,0.029753308264438526,0.02202351727580015,31.5175020404333,-3954.150274291809,-3776.4919938648386,-177.65828042697058,-0.04411757042525466,-1,-1,-1,-1.0,Defensive
2024-03-04 00:00:00+09:00,189076.671875,194394.45327148438,189076.671875,1186323,200224.31171875,210604.92708333334,0.02837313057424124,0.022075251958457737,24.26469687503827,-4439.434796519781,-3909.080554395827,-530.354242123954,-0.01538464167243836,-1,1,-1,-0.19999999999999996,MeanReversion
2024-03-05 00:00:00+09:00,185826.921875,189864.49675410707,185826.921875,1096733,199544.81796875,210259.79140625,0.02841649400017768,0.0219681609178147,22.372868228728535,-5028.290934487362,-4132.922630414135,-895.3683040732276,-0.017187471980406044,-1,1,-1,-0.19999999999999996,MeanReversion
2024-03-06 00:00:00+09:00,186910.15625,189864.479056902,186122.33683482613,876283,197983.95,209891.82760416667,0.018338275946172974,0.02191898968517133,27.40208298631012,-5345.931138769811,-4375.52433208527,-970.4068066845412,0.005829265017523344,-1,1,-1,-0.19999999999999996,MeanReversion
2024-03-07 00:00:00+09:00,186122.34375,188584.27951388888,185334.52430555556,775759,197048.41484375,209502.55703125,0.01295111516940272,0.021914031832114315,22.627695803513475,-5596.717696099135,-4619.763004888043,-976.9546912110918,-0.004214926121758,-1,1,-1,-0.19999999999999996,MeanReversion
2024-03-08 00:00:00+09:00,185137.5625,187796.45302526598,185137.5625,750757,196186.7375,209113.22630208332,0.012838126549718328,0.021915459279038194,18.978028220559764,-5807.980680375942,-4857.406539985623,-950.5741403903194,-0.005291042602186269,-1,1,-1,-0.19999999999999996,MeanReversion
2024-03-11 00:00:00+09:00,187008.640625,187993.41493055556,185334.52430555556,653165,195467.85234375,208673.31640625,0.01323993076634444,0.021723218237649843,25.539536112805905,-5758.052505032974,-5037.535732995093,-720.5167720378813,0.01010642086745639,-1,1,-1,-0.19999999999999996,MeanReversion
2024-03-12 00:00:00+09:00,187599.5,188288.84199475066,185531.47401574804,708580,194704.65234375,208243.25416666668,0.013089836968363107,0.021732449682240414,28.102139270610806,-5606.182075575867,-5151.265001511248,-454.91707406461956,0.0031595298111644077,-1,1,-1,-0.19999999999999996,MeanReversion
2024-03-13 00:00:00+09:00,185531.46875,188288.8366507431,185432.99132497347,812716,193887.2890625,207844.13567708334,0.013187212089382847,0.02165804237283114,26.10163985389815,-5588.278310894966,-5238.6676633879915,-349.6106475069746,-0.011023650116338213,-1,1,-1,-0.19999999999999996,MeanReversion
2024-03-14 00:00:00+09:00,183955.84375,186516.25699277304,183955.84375,1148654,193114.24140625,207418.75677083334,0.013093240669958855,0.021672521230672117,25.16335870262961,-5636.257944710233,-5318.18571965244,-318.0722250577928,-0.008492494618921653,-1,1,-1,-0.19999999999999996,MeanReversion
2024-03-15 00:00:00+09:00,183266.5,185629.95835572275,183168.02256851157,1015837,192232.86875,206826.53776041666,0.012816109203062663,0.020825718101744946,25.838880434979387,-5664.608350751136,-5387.4702458721795,-277.13810487895626,-0.0037473327073905827,-1,1,-1,-0.19999999999999996,MeanReversion
2024-03-18 00:00:00+09:00,181296.953125,183660.4115035986,180410.65623302554,1054143,191203.7796875,206152.43489583334,0.012684810119273252,0.020738319205302065,24.679438606911944,-5779.381116444158,-5465.852419986575,-313.52869645758256,-0.010746900688341832,-1,1,-1,-0.19999999999999996,MeanReversion
2024-03-19 00:00:00+09:00,179819.78125,181001.51037102958,179327.39411623767,726483,190174.690625,205502.77057291666,0.012693022723312975,0.020706704924152938,23.312810579033695,-5921.277978551865,-5556.937531699634,-364.34044685223125,-0.008147803090664874,-1,1,-1,-0.19999999999999996,MeanReversion
2024-03-20 00:00:00+09:00,180312.171875,181592.37844756964,179819.78473170399,569076,189219.459375,204869.48932291666,0.012823573963179562,0.0207208565874255,14.089317474736134,-5925.692758225399,-5630.6885770047875,-295.0041812206118,0.0027382450449955353,-1,1,-1,-0.19999999999999996,MeanReversion
2024-03-21 00:00:00+09:00,181592.375,184940.607510846,181592.375,1047858,188328.23828125,204290.25026041668,0.013065093209290826,0.02074817954207565,25.233587347061643,-5759.497903174983,-5656.450442238827,-103.0474609361554,0.007099926265030421,-1,1,-1,-0.19999999999999996,MeanReversion
2024-03-22 00:00:00+09:00,186023.859375,187894.93048570672,181789.33001919006,1280053,187683.2109375,203850.28020833334,0.014567461596058179,0.020936752358858828,43.23140837146397,-5210.144230093632,-5567.189199809789,357.04496971615663,0.024403471649071085,-1,1,-1,-0.19999999999999996,MeanReversion
2024-03-25 00:00:00+09:00,185137.5625,186516.24647606385,182577.14940159576,654494,187067.7265625,203420.06744791666,0.014540067236464095,0.020930283432686693,48.292638753334884,-4791.065812664165,-5411.964522380665,620.8987097165,-0.004764425799882677,-1,1,1,0.30000000000000004,Trend
2024-03-26 00:00:00+09:00,186023.859375,188091.88533946534,184448.2205449312,746583,186526.1,202996.45026041666,0.014649768271034947,0.020941611496610533,47.783251616554075,-4337.4272356164,-5197.057065027812,859.6298294114122,0.004787234222120684,-1,1,1,0.30000000000000004,Trend
2024-03-27 00:00:00+09:00,186417.765625,188288.83670100372,185531.46879952456,590542,185999.24453125,202443.33541666667,0.014673523730922393,0.020281834928271375,50.753741999937816,-3901.160305044905,-4937.877713031231,1036.7174079863262,0.0021175039122585115,-1,1,1,0.30000000000000004,Trend
2024-03-28 00:00:00+09:00,184251.28125,187304.08174104756,184251.28125,661837,185167.1109375,201837.69947916668,0.013789195951511875,0.020291860230110103,47.86733421664895,-3687.7230269043357,-4687.846775805852,1000.1237489015166,-0.011621662601396743,-1,1,1,0.30000000000000004,Trend
2024-03-29 00:00:00+09:00,184546.703125,186023.86456943702,182281.7222435299,633233,184792.89609375,201179.54192708334,0.00993215838872687,0.02015590347250405,43.58972689902978,-3454.908337171364,-4441.259088078955,986.3507509075907,0.0016033640200263655,-1,1,-1,-0.19999999999999996,MeanReversion
2024-04-01 00:00:00+09:00,191341.640625,191538.59547896293,185137.56272516726,1393825,184906.14453125,200724.90416666667,0.012593346523901235,0.02058815857886884,57.36434823625494,-2691.085194649233,-4091.2243093930106,1400.1391147437776,0.03681960926388128,-1,1,1,0.30000000000000004,Trend
2024-04-02 00:00:00+09:00,189076.671875,190159.92364095052,187599.51037597656,918137,185068.63203125,200216.10442708334,0.012240028104678674,0.02060636483225683,56.92312198801338,-2242.661889885203,-3721.511825491449,1478.8499356062462,-0.011837301815755819,-1,1,1,0.30000000000000004,Trend
2024-04-03 00:00:00+09:00,190455.34375,194295.96340162875,187697.9757949845,1132978,185245.89140625,199771.31458333333,0.012275183100032411,0.02061148290984804,62.79070339520902,-1755.7961666098563,-3328.368693715131,1572.5725271052747,0.00729160219147218,-1,1,1,0.30000000000000004,Trend
2024-04-04 00:00:00+09:00,191341.640625,193015.756883685,191144.68577103707,682404,185506.85625,199242.81901041666,0.012238949756417532,0.020278010111555018,65.76924696444232,-1283.6378444812144,-2919.4225238683475,1635.784679387133,0.004653567904943534,-1,1,1,0.30000000000000004,Trend
2024-04-05 00:00:00+09:00,190159.921875,190849.2639014759,187107.1214720352,484403,185757.97421875,198645.38932291666,0.012266134892695272,0.020177493468988658,67.85718783055458,-993.3530440159375,-2534.2086278978654,1540.855583881928,-0.006175962253381018,-1,1,1,0.30000000000000004,Trend
2024-04-08 00:00:00+09:00,187008.640625,190258.39583333334,185629.95659722222,614052,185757.97421875,197970.81901041666,0.012716859499140417,0.020216984032014874,63.56882191221689,-1005.9859291897155,-2228.5640881562354,1222.5781589665198,-0.016571742451974014,-1,1,1,0.30000000000000004,Trend
2024-04-09 00:00:00+09:00,186122.34375,187599.50520833334,183758.88541666666,457312,185684.11640625,197273.27057291666,0.012736487723238927,0.020205223289337895,60.80589657170522,-1075.1210066997737,-1997.8754718649432,922.7544651651694,-0.004739336492891044,-1,1,1,0.30000000000000004,Trend
2024-04-11 00:00:00+09:00,180804.5625,185433.00173611112,180312.17534722222,1192681,185447.77109375,196503.50546875,0.01408502339782591,0.02047383451366162,48.726123017810025,-1541.2450445586583,-1906.5493864036862,365.3043418450279,-0.02857142857142858,-1,1,1,0.30000000000000004,Trend
2024-04-12 00:00:00+09:00,183069.53125,186417.76366662185,181789.32473776225,835729,185403.45546875,195787.90260416668,0.014297133018868863,0.020580659912792017,44.862990065428086,-1708.1966264189105,-1866.8788344067311,158.68220798782068,0.012527165900473314,-1,1,-1,-0.19999999999999996,MeanReversion
2024-04-15 00:00:00+09:00,180016.75,181789.34381838076,179819.79513129103,636607,185240.96796875,195013.21354166666,0.014756979168438617,0.020637672416870267,41.71974071701003,-2063.059228999802,-1906.1149133253455,-156.94431567445667,-0.016675528850462418,-1,1,-1,-0.19999999999999996,MeanReversion
2024-04-16 00:00:00+09:00,176767.0,178933.50362116992,176767.0,796179,185014.4703125,194364.90390625,0.015107886196560987,0.019863502837552068,36.09465900123788,-2576.8141543381207,-2040.2547615279009,-536.5593928102198,-0.01805248678247995,-1,1,-1,-0.19999999999999996,MeanReversion
2024-04-17 00:00:00+09:00,176865.453125,178835.0016007795,176865.453125,405813,184866.75390625,193759.26744791667,0.015023468454883922,0.01984040286681669,35.52232981014973,-2942.1094829725334,-2220.6257058168276,-721.4837771557059,0.0005569655252395389,-1,1,-1,-0.19999999999999996,MeanReversion
2024-04-18 00:00:00+09:00,177948.71875,178736.53820213058,177062.42186635308,599743,184748.58125,193188.0984375,0.015084344724681389,0.019874885176959935,40.12341688777104,-3108.366861726332,-2398.1739369987285,-710.1929247276034,0.00612480055239728,-1,1,-1,-0.19999999999999996,MeanReversion
2024-04-19 00:00:00+09:00,179622.84375,181001.52785773028,176373.08835320725,759807,184650.1046875,192620.21197916666,0.015154640982439939,0.019897778379043482,42.6035519624609,-3069.6540745764505,-2532.469964514273,-537.1841100621773,0.009407907018156081,-1,1,-1,-0.19999999999999996,MeanReversion
2024-04-22 00:00:00+09:00,178145.671875,182478.67881944444,177554.80729166666,492109,184256.1953125,192011.29322916668,0.014072729395319847,0.019884940254733807,26.40841332750813,-3122.1788031675387,-2650.4117322449265,-471.7670709226122,-0.008223741725500888,-1,1,-1,-0.19999999999999996,MeanReversion
2024-04-23 00:00:00+09:00,177357.84375,179622.82454192115,177259.3663242643,468831,183867.209375,191389.24401041667,0.014069581837265779,0.019881426497702588,27.880982785620958,-3190.596958865208,-2758.4487775689827,-432.1481812962252,-0.004422381507830253,-1,1,-1,-0.19999999999999996,MeanReversion
2024-04-24 00:00:00+09:00,180903.046875,181592.3889153511,178539.58845093902,597721,183611.16875,190900.13958333334,0.01483808556490928,0.01996135605296005,33.33335150811622,-2925.032621205377,-2791.7655462962616,-133.2670749091153,0.019988984135357768,-1,1,-1,-0.19999999999999996,MeanReversion
2024-04-25 00:00:00+09:00,179918.265625,181789.33680555556,177456.32986111112,437455,183286.19375,190345.38333333333,0.014840412411841163,0.01984705075849932,30.136995977930226,-2762.1937370421947,-2785.851184445449,23.657447403254082,-0.005443696316958402,-1,1,-1,-0.19999999999999996,MeanReversion
2024-04-26 00:00:00+09:00,178736.53125,181690.85408057852,178736.53125,438747,183010.45625,189844.78958333333,0.014704265648098005,0.019710086424466484,30.136979602216314,-2697.4048322187155,-2768.161914000102,70.75708178138666,-0.00656817344750904,-1,1,-1,-0.19999999999999996,MeanReversion
2024-04-29 00:00:00+09:00,181887.8125,181986.2899296156,178835.01218191662,510519,182877.51171875,189437.74947916667,0.015298126348520883,0.019839637870666622,41.0958911553093,-2364.520378784713,-2687.4336069570245,322.9132281723114,0.017630873934731728,-1,1,-1,-0.19999999999999996,MeanReversion
2024-04-30 00:00:00+09:00,181592.375,184645.1752304772,181001.51043926246,620050,182390.0484375,189173.5015625,0.012598354210679077,0.0190652058514258,41.95803458690331,-2100.335033458512,-2570.013892257322,469.67885879880987,-0.001624284199910342,-1,1,-1,-0.19999999999999996,MeanReversion
2024-05-02 00:00:00+09:00,185925.375,187107.10407838985,181789.3232256356,1046087,182232.48359375,188948.64453125,0.013673894268657184,0.01928289704065768,59.420260694702975,-1523.7643494171207,-2360.7639836892818,836.9996342721611,0.023861134037153287,-1,1,1,0.30000000000000004,Trend
2024-05-03 00:00:00+09:00,191637.09375,193409.68762846867,188584.2931815262,2291415,182291.57109375,188507.1375,0.015265219024578055,0.015737744546467845,63.98715778496789,-599.0346613571164,-2008.4181192228486,1409.3834578657322,0.03072049068073679,-1,1,1,0.30000000000000004,Trend
2024-05-07 00:00:00+09:00,191834.03125,195477.6961146047,190849.256962269,1272598,182316.190625,188290.48723958334,0.015232572199050946,0.013571693177644853,71.27653708609122,148.00537528653513,-1577.133420320972,1725.138795607507,0.0010276585610138333,-1,1,-1,-0.19999999999999996,MeanReversion
2024-05-08 00:00:00+09:00,187993.40625,191144.6838822682,186811.67713789942,1000782,182207.86484375,188050.85885416667,0.015849584740056735,0.013723150440341832,69.79158632391992,425.23183846561005,-1176.6603685636558,1601.8922070292658,-0.020020561393483183,-1,1,1,0.30000000000000004,Trend
2024-05-09 00:00:00+09:00,185433.015625,185826.92537672597,182675.64736291821,1129421,182129.08359375,187784.97005208334,0.015702447160996596,0.013810103018825235,63.897776858565706,433.3384268427908,-854.6606094823665,1287.9990363251572,-0.013619576750447893,-1,1,1,0.30000000000000004,Trend
2024-05-10 00:00:00+09:00,185728.4375,186417.77952677626,184251.2760140509,691790,182109.38828125,187499.38567708334,0.015674469735083,0.013768837420411005,62.95080534489737,458.3178302512388,-592.0649215356455,1050.3827517868842,0.0015931460425442356,-1,1,1,0.30000000000000004,Trend
2024-05-13 00:00:00+09:00,181493.90625,184054.31946893653,179622.8350515464,723861,182143.85546875,187159.63854166667,0.015147068187924708,0.01404259270394178,52.87007441466282,134.86822801851667,-446.678291624813,581.5465196433297,-0.022799584743181778,-1,1,1,0.30000000000000004,Trend
2024-05-14 00:00:00+09:00,181592.375,184349.74295010846,181493.89757321042,542815,182069.99765625,186862.56484375,0.01487136065687562,0.013977544900247529,55.520491153009324,-112.22860538910027,-379.7883543776705,267.5597489885702,0.0005425457638470466,-1,1,1,0.30000000000000004,Trend
2024-05-16 00:00:00+09:00,185629.953125,187697.9791279841,183364.97226458884,805720,182350.6578125,186608.16484375,0.015146547827458227,0.014260353420515556,62.00000453330734,17.541972201957833,-300.32228906174487,317.8642612637027,0.022234293290122942,-1,1,1,0.30000000000000004,Trend
2024-05-17 00:00:00+09:00,184448.234375,186910.17023158036,184152.80207221035,394214,182734.71953125,186317.65651041668,0.014553937505364616,0.014251466893821809,55.52147537855927,24.74600624392042,-235.30863000061183,260.0546362445323,-0.006365991749210043,-1,1,1,0.30000000000000004,Trend
2024-05-20 00:00:00+09:00,181198.46875,185137.56589673914,180804.5590353261,569690,182951.3703125,185997.60494791667,0.01522009412011781,0.014386899226292105,51.862459884587636,-229.13237598809064,-234.0733791981076,4.941003210016959,-0.01761884919100354,-1,1,1,0.30000000000000004,Trend
2024-05-21 00:00:00+09:00,180410.65625,181690.86287186135,179327.40449304038,469119,183074.4671875,185680.8359375,0.015222777602614286,0.014384910485853756,52.463782779458974,-488.27418684237637,-284.9135407269614,-203.36064611541497,-0.004347787845199402,-1,1,-1,-0.19999999999999996,MeanReversion
2024-05-22 00:00:00+09:00,179819.78125,180509.12323726725,179524.3489697426,316154,183084.3140625,185354.21901041668,0.0151055666076049,0.014384692387691907,46.70845365911404,-732.876469570474,-374.5061264956639,-358.3703430748101,-0.003275166845916333,-1,1,-1,-0.19999999999999996,MeanReversion
2024-05-23 00:00:00+09:00,179327.40625,180213.70315074135,177357.85758168588,406392,183143.40078125,185027.60234375,0.014995765781426017,0.014384972287831074,46.41746057323399,-955.4423438495141,-490.69336996643403,-464.7489738830801,-0.0027381581524418275,-1,1,-1,-0.19999999999999996,MeanReversion
2024-05-24 00:00:00+09:00,176274.609375,178342.6355185056,176274.609375,730052,183089.2390625,184674.725,0.015471648135537027,0.014504712407421459,34.0909289944029,-1362.4570405769628,-665.0461040885398,-697.410936488423,-0.017023593542328408,-1,1,-1,-0.19999999999999996,MeanReversion
2024-05-27 00:00:00+09:00,176274.609375,177357.8611644553,174698.97040851956,558709,182857.8171875,184331.6953125,0.01473384683727712,0.014505997635396051,18.799912416263908,-1665.8166230206552,-865.2002078749629,-800.6164151456924,0.0,-1,1,-1,-0.19999999999999996,MeanReversion
2024-05-28 00:00:00+09:00,174698.96875,175979.1753981116,174698.96875,563865,182596.85234375,183960.76354166667,0.014807034745715325,0.014531667343251148,17.04542176321256,-2010.19997396064,-1094.2001610920984,-915.9998128685415,-0.008938556894759864,-1,1,-1,-0.19999999999999996,MeanReversion
2024-05-29 00:00:00+09:00,172630.9375,177062.42191956646,172433.98263690816,898094,182291.57265625,183489.71328125,0.014950845943863311,0.014300143038631969,18.292649891062197,-2422.078881688998,-1359.7759052114784,-1062.3029764775197,-0.011837684359542022,-1,1,-1,-0.19999999999999996,MeanReversion
2024-05-30 00:00:00+09:00,167805.546875,172237.03138754403,167805.546875,947416,181587.459375,183085.95572916666,0.015357179028628426,0.01360029050355855,16.72857980424517,-3102.1054389498313,-1708.2418119591491,-1393.8636269906822,-0.027952061750229462,-1,1,-1,-0.19999999999999996,MeanReversion
2024-05-31 00:00:00+09:00,167608.59375,169381.18757344302,167411.63888072857,1117529,180888.2703125,182728.15442708333,0.015361226855534269,0.013488912831261487,15.67163030376227,-3615.249510149006,-2089.6433515971203,-1525.6061585518855,-0.0011736985377885922,-1,1,-1,-0.19999999999999996,MeanReversion
2024-06-03 00:00:00+09:00,170070.515625,172827.8835679647,169184.21878618991,661878,180095.52734375,182465.54765625,0.014624748703649446,0.013503547582669828,26.799954558061287,-3779.6934105455584,-2427.653363386808,-1352.0400471587504,0.014688518171521281,-1,1,-1,-0.19999999999999996,MeanReversion
2024-06-04 00:00:00+09:00,174108.09375,174698.95832154978,169972.04174915157,758259,179219.07734375,182252.17994791668,0.013833369543549657,0.013852783867923964,36.89654983750423,-3543.371790793055,-2650.7970488680576,-892.5747419249974,0.02374061200533273,-1,1,-1,-0.19999999999999996,MeanReversion
2024-06-05 00:00:00+09:00,174403.515625,175486.76727484472,172926.35428430265,467925,178347.5515625,182056.86614583334,0.013848972736836645,0.013851834762178354,27.38090291026178,-3294.272801918094,-2779.492199478065,-514.7806024400293,0.0016967727842922553,-1,1,-1,-0.19999999999999996,MeanReversion
2024-06-07 00:00:00+09:00,172729.421875,175782.2223756414,172237.0346974772,638712,177584.35234375,181850.06380208334,0.013422869216725258,0.013885544381724195,26.848212753294632,-3195.1141462249507,-2862.6165888274422,-332.49755739750844,-0.009598967910713574,-1,1,-1,-0.19999999999999996,MeanReversion
2024-06-10 00:00:00+09:00,168100.984375,172335.5141512888,168100.984375,744709,176717.75078125,181534.93619791666,0.01423499043132723,0.014203826103304661,25.461229551244173,-3450.23426901552,-2980.140124865058,-470.09414415046194,-0.026795883699243128,-1,1,-1,-0.19999999999999996,MeanReversion
2024-06-11 00:00:00+09:00,167608.59375,168888.8004002644,167411.63888072857,606686,175811.75859375,181201.75442708333,0.014162041145270704,0.014189741713820064,25.746233753009037,-3650.0748222671973,-3114.127064345486,-535.9477579217114,-0.0029291358812127966,-1,1,-1,-0.19999999999999996,MeanReversion
2024-06-12 00:00:00+09:00,165835.984375,168297.92001002078,165146.64239719417,977784,175028.8625,180873.49635416668,0.01359510079721365,0.014184883247293296,24.642817273970323,-3906.4534984926577,-3272.5923511749206,-633.861147317737,-0.010575885969450805,-1,1,-1,-0.19999999999999996,MeanReversion
2024-06-13 00:00:00+09:00,167313.15625,170365.95662889935,167313.15625,982883,174314.9015625,180596.11822916666,0.01388241153639909,0.014224221226184997,28.9654983750424,-3944.9649214785604,-3407.066865235649,-537.8980562429115,0.00890742669974287,-1,1,-1,-0.19999999999999996,MeanReversion
2024-06-14 00:00:00+09:00,167313.15625,168494.88542892877,166131.4270710712,677657,173399.06171875,180330.22916666666,0.012510704129394248,0.014222753824005528,32.432409252610185,-3930.180823573144,-3511.6896569031483,-418.4911666699959,0.0,-1,1,-1,-0.19999999999999996,MeanReversion
2024-06-17 00:00:00+09:00,163571.015625,166820.7709023179,163472.538192354,876593,172355.20078125,180034.796875,0.013104621500744876,0.014433739595670063,28.28280777708565,-4172.327795885736,-3643.817284699666,-528.5105111860703,-0.022366087096034937,-1,1,-1,-0.19999999999999996,MeanReversion
2024-06-18 00:00:00+09:00,164260.359375,166820.77265062951,163767.97220660973,663328,171508.2953125,179775.47317708333,0.01298679308284386,0.014428265859478736,31.597209023020326,-4259.505805009423,-3766.9549887616176,-492.5508162478054,0.004214339241986442,-1,1,-1,-0.19999999999999996,MeanReversion
2024-06-19 00:00:00+09:00,165343.609375,165835.99653811794,162586.2412615396,773616,170754.94296875,179525.99713541666,0.013238690065230492,0.014455881762378829,36.69063968052216,-4192.853181901097,-3852.1346273895133,-340.71855451158353,0.006594713442255262,-1,1,-1,-0.19999999999999996,MeanReversion
2024-06-20 00:00:00+09:00,164654.265625,167116.20141484748,163964.9236038427,581688,169996.6671875,179243.6953125,0.013236357765596084,0.014416423438038095,43.22032644839794,-4147.841047763242,-3911.2759114642595,-236.5651362989829,-0.0041691587150282094,-1,1,-1,-0.19999999999999996,MeanReversion
2024-06-21 00:00:00+09:00,165048.171875,165442.08159307876,163078.6232846062,872036,169282.70546875,178894.10052083334,0.013319768132457653,0.014026487939021738,44.537792156969935,-4033.8835660567856,-3935.797442382765,-98.08612367402066,0.002392323384424966,-1,1,-1,-0.19999999999999996,MeanReversion
2024-06-24 00:00:00+09:00,166328.375,168100.9686944938,164654.2587329781,591088,168785.39375,178580.6140625,0.01320164465587124,0.014077235592432158,41.592920975275504,-3796.505989892961,-3907.9391518848047,111.43316199184346,0.007756542289784063,-1,1,-1,-0.19999999999999996,MeanReversion
2024-06-25 00:00:00+09:00,163866.4375,165835.98602764425,163177.09551532453,675119,168164.98515625,178211.32369791667,0.013447820745453254,0.014150967897488688,25.23807437047425,-3763.655256546481,-3879.08237281714,115.4271162706591,-0.014801668687017489,-1,1,-1,-0.19999999999999996,MeanReversion
2024-06-26 00:00:00+09:00,165835.984375,166820.7586290083,162487.75191137174,635128,167721.8359375,177868.29401041666,0.013820291430480932,0.014257301318663899,30.837014566499846,-3537.911993878457,-3810.8482970294035,272.9363031509465,0.012019220683918252,-1,1,-1,-0.19999999999999996,MeanReversion
2024-06-27 00:00:00+09:00,162881.671875,165146.65280191958,162881.671875,582846,167234.37265625,177512.13385416666,0.014099053153840444,0.01435285236852637,29.166661157440032,-3556.401181316556,-3759.958873886834,203.55769257027805,-0.01781466496028694,-1,1,-1,-0.19999999999999996,MeanReversion
2024-06-28 00:00:00+09:00,164358.828125,166426.85412297782,163374.05384024864,709968,167062.03671875,177175.66927083334,0.012981944618288907,0.014416793418596733,40.8653538093509,-3412.5223973285756,-3690.471578575183,277.94918124660717,0.009068891748198693,-1,1,-1,-0.19999999999999996,MeanReversion
2024-07-01 00:00:00+09:00,160419.75,163472.55064456724,159041.06583793738,1140154,166702.59453125,176660.30442708332,0.013982351430015192,0.013808441719793854,34.97943219807773,-3575.13616460489,-3667.4044957811243,92.26833117623437,-0.02396633128829695,-1,1,-1,-0.19999999999999996,MeanReversion
2024-07-02 00:00:00+09:00,157465.421875,160025.83523882114,157169.9895637899,932343,166072.33984375,176133.45026041666,0.013854665532589345,0.013908557720711355,33.333354073981894,-3897.4707197119424,-3713.417740567288,-184.05297914465427,-0.018416236934666763,-1,1,-1,-0.19999999999999996,MeanReversion
2024-07-03 00:00:00+09:00,157366.9375,159927.35075093867,157268.46006727158,608424,165235.28203125,175581.97682291668,0.01231695189703754,0.013846545356506496,29.045620752722016,-4113.452720497124,-3793.424736553255,-320.02798394386855,-0.0006254349293153272,-1,1,-1,-0.19999999999999996,MeanReversion
2024-07-04 00:00:00+09:00,157366.9375,158548.66669274092,157169.98263454318,505466,164383.453125,175015.73177083334,0.012273809810276115,0.013815021201245411,29.045620752722016,-4235.792433699215,-3881.898275982447,-353.8941577167675,0.0,-1,1,-1,-0.19999999999999996,MeanReversion
2024-07-05 00:00:00+09:00,165540.5625,166032.9496579417,157760.84540452113,1306514,164024.01015625,174605.40911458334,0.017428352046657828,0.015460469482192308,53.496504078436466,-3631.3444319777773,-3831.7875071815133,200.44307520373604,0.05193991272785614,-1,1,1,0.30000000000000004,Trend
2024-07-08 00:00:00+09:00,167904.015625,169282.69962426685,163571.00877016128,1148160,164014.16171875,174286.99869791666,0.016740605978791852,0.015487069619282373,56.10560347536122,-2927.853646503936,-3651.000735045998,723.1470885420622,0.014277184330577564,-1,1,1,0.30000000000000004,Trend
2024-07-09 00:00:00+09:00,168100.984375,170267.48798147336,167214.6874450791,661077,164038.78125,173986.64270833333,0.016728667296430445,0.015486794687833363,54.76192018133247,-2327.6071918278176,-3386.322026402362,1058.7148345745445,0.0011731032713351297,-1,1,1,0.30000000000000004,Trend
2024-07-10 00:00:00+09:00,174797.453125,175585.27263204227,167116.21293133803,1659106,164486.8546875,173886.52421875,0.01862642902390072,0.015939543766283294,64.5070675594863,-1296.6119530721335,-2968.3800117363166,1671.7680586641832,0.039835987724268884,-1,1,1,0.30000000000000004,Trend
2024-07-11 00:00:00+09:00,173418.75,175979.16311754685,172630.93057921634,791229,164792.134375,173725.67786458333,0.0187086447050513,0.015874475366179887,61.64382966163327,-584.057961704355,-2491.515601729924,1907.4576400255692,-0.007887432570393704,-1,1,1,0.30000000000000004,Trend
2024-07-12 00:00:00+09:00,172138.546875,178835.01208524028,171350.72743850114,1393405,165033.40390625,173594.37447916667,0.01881903804284747,0.015760691478994834,58.08219583008939,-121.25769967309316,-2017.464021318558,1896.2063216454649,-0.0073821494215591255,-1,1,1,0.30000000000000004,Trend
2024-07-15 00:00:00+09:00,173615.703125,177751.75504289565,173320.2708451503,925722,165535.63828125,173541.85286458334,0.017995822986508377,0.015636053257064488,63.94366335673393,360.5527785527811,-1541.8606613442903,1902.4134398970714,0.008581205527851132,-1,1,1,0.30000000000000004,Trend
2024-07-16 00:00:00+09:00,168987.28125,173517.2433347902,168494.89406687062,812128,165771.984375,173410.55,0.01919830874267427,0.016011270397005516,54.18850918455292,364.7119178630819,-1160.546145502816,1525.258063365898,-0.026659004869321157,-1,1,1,0.30000000000000004,Trend
2024-07-17 00:00:00+09:00,170759.859375,171843.11107807094,168987.26567906575,560011,166042.796875,173290.73567708334,0.01927215616407841,0.016052429138568983,60.8108084928283,505.2164852102869,-827.3936193601954,1332.6101045704822,0.01048941738033915,-1,1,1,0.30000000000000004,Trend
2024-07-18 00:00:00+09:00,172237.03125,172827.8958512007,168691.8436427959,523719,166421.93515625,173167.63880208333,0.01928215642743139,0.016044754385809188,60.81082529819528,727.378031021246,-516.4392892839072,1243.8173203051533,0.008650580296836852,-1,1,1,0.30000000000000004,Trend
2024-07-19 00:00:00+09:00,169578.125,172040.0606126597,167214.6668118467,616972,166648.4328125,173024.84635416666,0.019688719646559112,0.016130488243553752,63.025163398983295,681.0405323714658,-276.9433249528326,957.9838573242985,-0.015437483047072709,-1,1,1,0.30000000000000004,Trend
2024-07-22 00:00:00+09:00,170070.515625,171252.24474341344,168100.96709431094,464293,166835.53984375,172903.39088541668,0.01963600234418088,0.016130441866961442,69.27706755239075,676.2541028609849,-86.30383939006913,762.557942251054,0.002903621118584665,-1,1,1,0.30000000000000004,Trend
2024-07-23 00:00:00+09:00,168002.5,174305.0556858148,168002.5,599169,167042.34296875,172688.38177083334,0.019529819512998082,0.01596996923208436,65.34090601757944,499.8275443800085,30.9224373639464,468.90510701606206,-0.01215975395500013,-1,1,1,0.30000000000000004,Trend
2024-07-24 00:00:00+09:00,169085.734375,169873.5537547321,164457.29551907396,411210,167204.83046875,172507.83958333332,0.019409252960828745,0.015990369053100195,66.39116506623971,442.317426830763,113.20143525730973,329.11599157345324,0.006447727712385332,-1,1,1,0.30000000000000004,Trend
2024-07-25 00:00:00+09:00,175289.828125,176471.5573033708,166919.2464448736,1473198,167825.23828125,172450.39453125,0.02036818344750212,0.016671733878098206,64.43148391346563,887.1324495277076,267.9876381113893,619.1448114163184,0.03669199990722172,-1,1,1,0.30000000000000004,Trend
2024-07-26 00:00:00+09:00,172138.546875,176274.598916619,171843.11458631293,880999,168214.22421875,172287.90677083333,0.020891384003190155,0.016661250122417284,56.125355867783995,974.1402171731461,409.21815392374066,564.9220632494055,-0.017977547720297915,-1,1,1,0.30000000000000004,Trend
2024-07-29 00:00:00+09:00,172335.515625,173517.244875,170956.8315,429619,168810.0125,172133.62578125,0.019941567883647593,0.016663092623943648,56.125355867783995,1046.919989919028,536.7585211227981,510.1614687962299,0.0011442454556271908,-1,1,1,0.30000000000000004,Trend
2024-07-30 00:00:00+09:00,170661.390625,173911.14589945183,169972.048597086,402895,169469.8109375,171879.22604166667,0.019518284548426603,0.01638747701622617,42.9999873067452,958.4620342080598,621.0992237398505,337.3628104682093,-0.009714335399343188,-1,1,-1,-0.19999999999999996,MeanReversion
2024-07-31 00:00:00+09:00,171350.734375,172433.98614403736,168888.79853627874,425047,170169.00078125,171541.12005208334,0.01948765332028341,0.01586957428291732,46.41640073451966,933.2251084036543,683.5244006726113,249.70070773104305,0.0040392484057201195,-1,1,1,0.30000000000000004,Trend
2024-08-01 00:00:00+09:00,172335.515625,174305.064375,171843.1284375,481980,170917.4296875,171216.14479166668,0.019463888514384853,0.015895698275865035,50.344851735091716,981.3755926491285,743.0946390679147,238.2809535812138,0.005747166789754177,-1,1,1,0.30000000000000004,Trend
2024-08-02 00:00:00+09:00,168790.3125,169873.5642138273,167904.0156432322,674484,171079.9171875,170896.09322916667,0.016951911876946366,0.015906915823967967,42.12220109514989,725.1083370847628,739.4973786712844,-14.389041586521671,-0.020571517786933224,1,1,-1,0.5,Trend
2024-08-05 00:00:00+09:00,153723.265625,167017.7184497117,148799.3942084401,1447269,170370.8796875,170367.59739583332,0.026785163363013578,0.01978309337137259,31.414874766424845,-685.863859862613,454.425130964505,-1140.2889908271181,-0.08926487931586713,1,-1,-1,-0.30000000000000004,Defensive
2024-08-06 00:00:00+09:00,155988.25,160813.64409722222,154215.65625,1115733,169765.24296875,169871.92760416667,0.02709990004457313,0.019906959309564213,32.22752485916554,-1602.8277807204286,42.97454862751829,-1645.8023293479469,0.01473416769928182,-1,-1,-1,-1.0,Defensive
2024-08-07 00:00:00+09:00,160222.78125,161010.60070298094,153624.79333128457,778054,169036.509375,169517.40885416666,0.02620347486354454,0.02009088028936759,36.44445964499812,-1965.1835987062077,-358.6570808392269,-1606.5265178669808,0.027146475776220313,-1,-1,-1,-1.0,Defensive
2024-08-08 00:00:00+09:00,160222.78125,161010.60070298094,156480.63884834052,724039,168376.7109375,169161.24895833334,0.026206589158956715,0.020089803420745133,38.77071280247743,-2226.6853524135076,-732.2627351540831,-1494.4226172594244,0.0,-1,-1,-1,-1.0,Defensive
2024-08-09 00:00:00+09:00,161207.5625,167411.6409590715,160616.69788485035,1236721,167830.16171875,168754.20911458333,0.02628742064482381,0.01987075642508371,39.48601240335022,-2327.6322636951227,-1051.336640862291,-1276.2956228328317,0.00614632477552246,-1,-1,-1,-1.0,Defensive
2024-08-12 00:00:00+09:00,157859.328125,162192.33526005928,156973.03121101062,811411,167042.34296875,168311.06067708333,0.02641737701746452,0.020009949138406567,38.32201626879746,-2647.2916199563188,-1370.5276366810967,-1276.763983275222,-0.020769710322988133,-1,-1,-1,-1.0,Defensive
2024-08-13 00:00:00+09:00,154018.703125,157859.32295995843,153723.2708300032,1035007,166293.9140625,167858.06458333333,0.02631655714950384,0.02011736906728825,33.68874631923093,-3173.9430629534763,-1731.2107219355728,-1442.7323410179035,-0.02432941433121283,-1,-1,-1,-1.0,Defensive
2024-08-14 00:00:00+09:00,154905.0,155594.34202161475,153329.361093452,858853,165501.17109375,167432.9703125,0.026195657080825357,0.020145543648239304,25.06028334222242,-3479.6896785443532,-2080.906513257329,-1398.783165287024,0.005754475638459988,-1,-1,-1,-1.0,Defensive
2024-08-16 00:00:00+09:00,155101.953125,156776.06944444444,154609.56597222222,825934,164644.4171875,167021.00651041666,0.02604774235278656,0.020151276917699502,27.532507887943396,-3663.868804109341,-2397.4989714277317,-1266.3698326816093,0.0012714445950743336,-1,1,-1,-0.19999999999999996,MeanReversion
2024-08-19 00:00:00+09:00,154215.65625,156874.546875,154215.65625,548046,163876.29375,166602.47734375,0.025935299330433245,0.02015566772199382,26.530627113601724,-3837.1169431803864,-2685.4225657782627,-1151.6943774021238,-0.005714285714285672,-1,1,-1,-0.19999999999999996,MeanReversion
2024-08-20 00:00:00+09:00,154215.65625,156480.63715277778,154117.17881944444,541953,163083.55078125,166234.828125,0.025898379350001725,0.02006574839735049,27.733353755361307,-3929.12483626249,-2934.163019875108,-994.961816387382,0.0,-1,1,-1,-0.19999999999999996,MeanReversion
2024-08-21 00:00:00+09:00,154018.703125,155101.9548733216,153230.8836716752,464862,162384.3609375,165863.89635416667,0.025850754151875262,0.02006402134415593,26.216236382629475,-3972.145801369421,-3141.7595761739713,-830.3862251954497,-0.0012771279504897315,-1,1,-1,-0.19999999999999996,MeanReversion
2024-08-22 00:00:00+09:00,162192.328125,162192.328125,154708.04340277778,1616355,162039.690625,165655.45234375,0.028672800072148664,0.021215665142234667,38.37471176926929,-3308.5580013663566,-3175.1192612124487,-133.43874015390793,0.05306904183816141,-1,-1,-1,-1.0,Defensive
2024-08-23 00:00:00+09:00,162389.28125,162881.66839751365,160813.64237795633,589333,161394.66328125,165484.75807291668,0.02725885415136378,0.021171394234797573,42.053794283843324,-2735.2373047671863,-3087.142869923396,351.90556515620983,0.0012143183791542,-1,1,-1,-0.19999999999999996,MeanReversion
2024-08-26 00:00:00+09:00,168100.984375,169578.1459248682,161995.3833022115,1277462,161192.78515625,165489.68203125,0.028328669630043563,0.021352166581043424,73.24841182736367,-1799.2491899984016,-2829.5641339383974,1030.3149439399958,0.0351729072327549,-1,-1,-1,-1.0,Defensive
2024-08-27 00:00:00+09:00,165343.609375,169282.70667994343,165343.609375,628385,160843.18984375,165451.93229166666,0.028527353294549494,0.02145871686483242,64.890274491586,-1265.3824426439533,-2516.7277956795087,1251.3453530355555,-0.01640308657472722,-1,-1,1,-0.5,Defensive
2024-08-28 00:00:00+09:00,161306.03125,165934.47048611112,161109.07638888888,781672,160375.421875,165305.85755208333,0.02893289731429495,0.021598460093488057,51.735011351851334,-1154.7764660255925,-2244.3375297487255,1089.561063723133,-0.02441931768794736,-1,-1,1,-0.5,Defensive
2024-08-29 00:00:00+09:00,162389.28125,163374.0555450273,159631.9132239236,448071,159927.34921875,165110.54401041666,0.02897216321232082,0.021385535629801306,53.353650277664904,-968.5464106576401,-1989.1793059305085,1020.6328952728684,0.006715495952666073,-1,-1,1,-0.5,Defensive
2024-08-30 00:00:00+09:00,166525.34375,167707.0729782673,162684.72375813127,950399,159636.840625,164979.24114583334,0.029587991809439777,0.021651375002646557,57.49999338893095,-481.6597984957625,-1687.6754044435595,1206.015605947797,0.02547004622572646,-1,-1,1,-0.5,Defensive
2024-09-02 00:00:00+09:00,164063.40625,166525.34211809724,162389.28985969388,505605,159400.4953125,164834.80755208334,0.02941695965881147,0.02169839790014377,58.974350860840275,-291.10080265958095,-1408.360484086764,1117.259681427183,-0.01478416104455571,-1,-1,1,-0.5,Defensive
2024-09-03 00:00:00+09:00,162783.203125,167116.2103467181,162783.203125,536586,159853.4921875,164746.17786458333,0.020048217342921556,0.02144325071632288,63.69231159792456,-240.6095218459377,-1174.810291638599,934.2007697926613,-0.007803099754306153,-1,1,1,0.30000000000000004,Trend
2024-09-04 00:00:00+09:00,155101.953125,160124.30208333334,154314.13368055556,1217431,159809.17734375,164537.73385416667,0.022851373122893686,0.022312792575768764,50.253804653575266,-811.0581249480892,-1102.0598583004971,291.0017333524079,-0.04718699382086511,-1,1,1,0.30000000000000004,Trend
2024-09-05 00:00:00+09:00,157366.9375,159336.4861545682,155594.3437108886,830603,159666.38515625,164396.58307291666,0.022242371453041684,0.022370286336104626,52.77108599563459,-1068.0654493164911,-1095.260976503696,27.19552718720479,0.014603196989883216,-1,1,1,0.30000000000000004,Trend
2024-09-06 00:00:00+09:00,154806.515625,158154.74815124046,154708.03819775762,649137,159395.571875,164188.1390625,0.02250833637348436,0.022421617492731128,50.69443755791571,-1461.502956165612,-1168.509372436079,-292.99358372953293,-0.016270392724647142,-1,1,-1,-0.19999999999999996,MeanReversion
2024-09-09 00:00:00+09:00,152640.015625,153132.40277217742,150178.0798891129,612322,158967.19453125,163943.58671875,0.02259131393957256,0.02248156730784011,48.23788523161864,-1925.9226215754752,-1319.9920222639585,-605.9305993115167,-0.013994888982890585,-1,1,-1,-0.19999999999999996,MeanReversion
2024-09-10 00:00:00+09:00,156579.109375,156677.5868022799,154018.69626572327,956903,158903.18359375,163827.05494791668,0.02300051455727676,0.022574152678788786,52.64226698399799,-1953.6066457959823,-1446.7149469703634,-506.89169882561896,0.025806429158638178,-1,1,-1,-0.19999999999999996,MeanReversion
2024-09-11 00:00:00+09:00,154018.703125,157859.32295995843,153526.315966672,425569,158903.18359375,163656.36067708334,0.022618049636790847,0.022655424163213877,40.459780260824466,-2157.2820163870347,-1588.8283608536976,-568.453655533337,-0.016352157450761462,-1,1,-1,-0.19999999999999996,MeanReversion
2024-09-12 00:00:00+09:00,157563.875,157563.875,154215.64265625,586471,159036.12734375,163526.6984375,0.02315896616418828,0.022843558480175347,44.776108799350446,-2009.4665928741742,-1672.956007257793,-336.51058561638115,0.023017801105121416,-1,1,-1,-0.19999999999999996,MeanReversion
2024-09-13 00:00:00+09:00,157662.359375,157957.79165365399,156480.63026038415,352083,159164.14765625,163410.16666666666,0.023158800405753424,0.02283994738621056,37.135906439594955,-1862.9005805165216,-1710.9449219095388,-151.95565860698275,0.0006250441289286091,-1,1,-1,-0.19999999999999996,MeanReversion
2024-09-19 00:00:00+09:00,158154.75,160124.2985678705,157071.49828767122,606948,159361.10234375,163295.27630208334,0.023111571201399107,0.022841824351256732,40.6169609188745,-1687.5609986919735,-1706.2681372660259,18.70713857405235,0.0031230702556521717,-1,1,-1,-0.19999999999999996,MeanReversion
2024-09-20 00:00:00+09:00,157465.421875,162881.6809138524,157268.46700085994,780267,159523.590625,163147.56041666667,0.023144731329212367,0.022819456843033235,44.50705660615167,-1585.9443562517408,-1682.203381063169,96.25902481142816,-0.004358567320930873,-1,1,-1,-0.19999999999999996,MeanReversion
2024-09-23 00:00:00+09:00,164161.875,164161.875,157465.40979304138,951074,160030.74921875,163152.484375,0.024845943237408567,0.023392361713329504,52.18446676720639,-954.0667448669265,-1536.5760538239206,582.5093089569941,0.042526499121285255,-1,1,1,0.30000000000000004,Trend
2024-09-24 00:00:00+09:00,165442.078125,165442.078125,161601.45845424107,661159,160193.23671875,163145.91927083334,0.022123280684723672,0.023362476287831672,48.563949198737134,-346.0089169173734,-1298.4626264426113,952.4537095252379,0.007798419243201238,-1,1,1,0.30000000000000004,Trend
2024-09-25 00:00:00+09:00,163669.5,167214.68772563175,163571.0225631769,676074,160257.24765625,163159.04973958334,0.02227874762938608,0.02328713364432793,49.46808914665548,-7.069455795455724,-1040.1839923131804,1033.1145365177247,-0.010714191607655743,-1,1,1,0.30000000000000004,Trend
2024-09-26 00:00:00+09:00,168297.921875,168297.921875,164555.77966830018,700659,160267.09453125,163224.70130208333,0.02178387542347566,0.02353588746329791,56.82925677736137,627.7808066880098,-706.5910325129423,1334.371839200952,0.028279073834770685,-1,1,1,0.30000000000000004,Trend
2024-09-27 00:00:00+09:00,167805.546875,168790.3212111209,166032.9530699824,844604,160390.19140625,163347.79791666666,0.021448096052363374,0.023317283458396766,69.13952078103313,1078.738638472074,-349.5250983159391,1428.263736788013,-0.002925615447383234,-1,1,1,0.30000000000000004,Trend
2024-09-30 00:00:00+09:00,166820.765625,174600.48255792505,166820.765625,1947054,160665.928125,163503.7203125,0.020670676089766468,0.023196080919619517,64.81484292782207,1341.201812793268,-11.37971609409766,1352.5815288873655,-0.005868585802670578,-1,1,1,0.30000000000000004,Trend
2024-10-02 00:00:00+09:00,165639.046875,168494.89251077586,165540.56943928357,940787,160828.41640625,163641.58880208334,0.020724856239539083,0.023218691406676,67.7420147344694,1437.2828403919702,278.35279520311593,1158.9300451888544,-0.007083762897098889,-1,1,1,0.30000000000000004,Trend
2024-10-04 00:00:00+09:00,168100.984375,169282.71361489457,165639.04845855304,1171102,160907.1984375,163820.48958333334,0.02021095354432925,0.023287519200652963,75.07996678653657,1692.5745817825082,561.1971525189945,1131.3774292635137,0.014863267728520091,-1,1,-1,-0.19999999999999996,MeanReversion
2024-10-07 00:00:00+09:00,163571.015625,169282.7067184678,163275.58332706202,1084682,160882.57890625,163787.66380208332,0.02088761893167451,0.022642630124496663,61.12856936797131,1511.9358511707396,751.3448922493435,760.5909589213961,-0.02694790138702896,-1,1,1,0.30000000000000004,Trend
2024-10-08 00:00:00+09:00,163669.5,164851.22924187724,162586.24819494586,893907,160926.89375,163717.08854166666,0.02080932584283966,0.022564237277881788,66.66672063475102,1361.036045407469,873.2831228809687,487.75292252650024,0.0006020894021088186,-1,1,1,0.30000000000000004,Trend
2024-10-10 00:00:00+09:00,169775.09375,172040.07469910092,165245.13185179816,1408359,161660.55078125,163744.99036458333,0.01895349767436729,0.023065429723407013,69.37506383831132,1714.3552312577667,1041.4975445563282,672.8576867014385,0.0373044076630038,-1,1,1,0.30000000000000004,Trend
2024-10-11 00:00:00+09:00,170661.390625,170858.3454901183,168593.36454125794,576782,162325.2734375,163676.05598958334,0.018809379370497672,0.022505028359716947,70.12200844219862,2042.3371904709202,1241.6654737392466,800.6717167316735,0.005220417526643262,-1,1,-1,-0.19999999999999996,MeanReversion
2024-10-14 00:00:00+09:00,170661.390625,171646.16495059145,167313.15791798904,677634,163118.0171875,163630.1,0.018218656248670438,0.02248339186163244,69.65949656166046,2276.0286150342436,1448.538101998246,827.4905130359975,0.0,-1,1,1,0.30000000000000004,Trend
2024-10-15 00:00:00+09:00,172532.453125,173024.8402629138,169775.08515268264,1056877,164112.6390625,163636.66510416666,0.017698864895107046,0.022509079384616066,72.83584167869688,2582.4410859595228,1675.3186987905015,907.1223871690213,0.010963595767898848,1,1,-1,0.5,Trend
2024-10-16 00:00:00+09:00,174305.0625,174994.40455508474,170661.3973516949,864891,164998.93671875,163648.15442708333,0.01714077083996293,0.022520859581877502,68.07022056244594,2934.483045106579,1927.1515680537173,1007.3314770528618,0.010274063475558037,1,1,1,1.0,Trend
2024-10-17 00:00:00+09:00,172335.515625,174994.4064375,172335.515625,571148,165914.77734375,163703.95833333334,0.016832544416132987,0.02229122160314729,61.98634603095943,3019.7431422148657,2145.669882885947,874.0732593289185,-0.011299424392794077,1,1,1,1.0,Trend
2024-10-18 00:00:00+09:00,174108.09375,174895.91317873303,172729.4097497172,570513,166741.98828125,163759.76223958333,0.016388512138043553,0.022289686605485793,68.15068269845203,3193.5315799240198,2355.242222293562,838.2893576304577,0.010285622894221635,1,1,1,1.0,Trend
2024-10-21 00:00:00+09:00,174108.09375,176471.55203619908,173517.22917845022,537952,167564.275,163790.94661458334,0.016397869153447275,0.022263113064911435,62.040832186513406,3293.297090038919,2542.853195842634,750.4438941962853,0.0,1,1,1,1.0,Trend
2024-10-22 00:00:00+09:00,168593.375,174403.54388142526,168199.4652453271,765563,168086.20625,163774.53411458334,0.01838640774983444,0.022563820936673668,51.351367287482816,2894.0099160259415,2613.0845398792953,280.92537614664616,-0.031674109061917144,1,1,1,1.0,Trend
2024-10-23 00:00:00+09:00,169873.578125,171941.60429347825,168199.46170289855,589358,168706.6140625,163771.25182291667,0.018321537083312057,0.0225823527574222,55.183972932327634,2650.32238036301,2620.532107976039,29.790272386971083,0.007593436723121627,1,1,1,1.0,Trend
2024-10-24 00:00:00+09:00,169479.65625,170759.86283410806,168199.4496658919,384523,168972.503125,163795.87109375,0.016035551504568847,0.022527668070877215,56.70101518884782,2397.77202615008,2575.980091610847,-178.2080654607671,-0.002318911977648108,1,1,-1,0.5,Trend
2024-10-25 00:00:00+09:00,165245.125,170267.47385280096,164555.78300059595,627017,168962.65546875,163731.8609375,0.017039085319405494,0.02274905993478697,45.30741893792469,1834.7825375085813,2427.740580790394,-592.9580432818125,-0.02498548406160106,1,1,-1,0.5,Trend
2024-10-28 00:00:00+09:00,167805.546875,168100.97917583628,165245.1336010857,319943,169169.4578125,163607.12291666667,0.017176465957654586,0.02234120385953893,57.439451685975584,1577.034882162552,2257.5994410648254,-680.5645589022733,0.015494689328958922,1,1,-1,0.5,Trend
2024-10-29 00:00:00+09:00,166623.8125,169184.22569444444,164161.87673611112,352478,169085.75234375,163515.21067708332,0.016065681123186917,0.022240420768212532,54.99998413341471,1262.8545196303457,2058.6504567779293,-795.7959371475836,-0.007042284340459171,1,1,-1,0.5,Trend
2024-10-30 00:00:00+09:00,171744.640625,172630.9375089593,167904.02079450976,716996,169282.70703125,163505.36276041667,0.017456393171950784,0.022592928983835286,53.44827303211997,1410.8094191321288,1929.0822492487694,-518.2728301166405,0.030732870939440327,1,1,-1,0.5,Trend
2024-10-31 00:00:00+09:00,167411.640625,172138.5575367647,167116.2083180147,485411,169312.25078125,163451.20026041666,0.018402510080725572,0.022798931840745124,44.923083682805014,1164.9984780679224,1776.2654950126,-611.2670169446776,-0.025229317108421467,1,1,-1,0.5,Trend
2024-11-01 00:00:00+09:00,167116.203125,168199.45488361816,165934.47393378022,244187,169386.10859375,163380.62473958332,0.018329816463186873,0.022792461118123778,44.512194532027756,935.567558680661,1608.1259077462123,-672.5583490655513,-0.0017647369017891323,1,1,-1,0.5,Trend
2024-11-04 00:00:00+09:00,173024.84375,173221.7986091349,167510.10769422312,697688,169632.3015625,163392.11354166668,0.0196489193605659,0.023228737347733525,50.67751155271896,1216.4968020817323,1529.8000866133164,-313.30328453158404,0.03535647959031496,1,1,-1,0.5,Trend
2024-11-05 00:00:00+09:00,173812.671875,174403.5364819405,171055.30370927762,346402,170144.384375,163475.81953125,0.01844931510437498,0.023072984806655948,49.30361612239278,1485.581537771097,1520.9563768448727,-35.374839073775775,0.004553265923697758,1,1,-1,0.5,Trend
2024-11-06 00:00:00+09:00,173615.703125,174698.95481778219,171449.19973943563,432475,170641.69453125,163807.36015625,0.018465446477182235,0.019500263331262882,51.906129430310834,1663.760600914975,1549.5172216588933,114.24337925608165,-0.0011332243378759932,1,1,1,1.0,Trend
2024-11-07 00:00:00+09:00,176963.9375,176963.9375,171941.58868948245,675120,171001.13671875,164156.95494791667,0.017152507991698346,0.019557739713435413,54.06161917214737,2051.494966900442,1649.9127707072032,401.5821961932386,0.019285319903288523,1,1,1,1.0,Trend
2024-11-08 00:00:00+09:00,171941.59375,180016.74305555556,171055.296875,1233287,171065.146875,164352.26848958334,0.01846045666290265,0.01968461885686586,47.30392728754738,1931.2537867819192,1706.1809739221467,225.0728128597725,-0.028380605794330216,1,1,1,1.0,Trend
2024-11-11 00:00:00+09:00,173320.28125,174305.0555752841,168888.7967862216,654961,171198.09140625,164570.56015625,0.018538161513328447,0.0197035212454768,56.557355018211865,1925.0199130505207,1749.9487617478217,175.07115130269904,0.008018347800152315,1,1,1,1.0,Trend
2024-11-12 00:00:00+09:00,178638.0625,180016.7465545755,173024.8488492282,1708052,171503.371875,164861.06848958333,0.019568329670507423,0.02004590153902631,60.93363995691468,2322.408745163528,1864.440758430963,457.9679867325649,0.03068181756715216,1,1,1,1.0,Trend
2024-11-13 00:00:00+09:00,179425.875,181296.94614434688,176963.9392837541,1224589,171759.4125,165220.5109375,0.019478601499146937,0.01982536881589317,62.287094572475084,2670.1325168171606,2025.5791101082027,644.5534067089579,0.004410104369554579,1,1,1,1.0,Trend
2024-11-14 00:00:00+09:00,185629.953125,187599.50169927056,180213.69454575595,2172828,172424.134375,165747.36510416667,0.02052097783020055,0.019928273116156744,74.01390736205195,3407.0490257558413,2301.8730932377302,1105.175932518111,0.03457738815541522,1,1,-1,0.5,Trend
2024-11-15 00:00:00+09:00,187107.125,188978.19625,185236.05375,1153043,173074.0859375,166284.0671875,0.020488873540509586,0.019935162321231357,73.3333207408177,4063.4155680781114,2654.1815882058067,1409.2339798723046,0.007957615945769714,1,1,-1,0.5,Trend
2024-11-18 00:00:00+09:00,187894.9375,188879.71180555556,186417.77604166666,760104,173763.428125,166830.61692708332,0.020471548983117253,0.019934075527719034,75.96152965981454,4594.2015705462545,3042.1855846738963,1552.0159858723582,0.004210489044711663,1,1,-1,0.5,Trend
2024-11-19 00:00:00+09:00,190061.4375,191243.16664507773,187304.06949481866,964416,174836.83125,167428.04661458332,0.01868032820623428,0.019927157528115705,74.09325189587086,5130.530187060649,3459.854505151247,1670.675681909402,0.011530379843256888,1,1,-1,0.5,Trend
2024-11-20 00:00:00+09:00,190159.921875,191046.21876618333,188387.32809263334,693589,175851.1484375,168027.11770833333,0.018715542244324108,0.01992573491391122,83.67343917830601,5500.119393024215,3867.907482725841,1632.2119102983743,0.0005181712623845147,1,1,-1,0.5,Trend
2024-11-21 00:00:00+09:00,186811.6875,189766.0104441223,186023.86804823406,887174,176717.75,168573.66744791667,0.01936848633215903,0.020105486648895558,76.73795169350196,5459.9085427902755,4186.307694738728,1273.6008480515475,-0.017607466084262113,1,1,-1,0.5,Trend
2024-11-22 00:00:00+09:00,187107.125,187894.9444736842,184546.71171052632,759493,177810.85,168988.9140625,0.018052547370577144,0.01907121361507204,72.55519762632188,5389.750799241825,4426.996315639348,962.7544836024772,0.0015814722513012303,1,1,-1,0.5,Trend
2024-11-25 00:00:00+09:00,190258.390625,190258.390625,184546.6998091356,2335917,178933.4921875,169453.39921875,0.018090364538958965,0.01915974957433046,74.48677909446056,5524.745257439034,4646.546103999285,878.1991534397484,0.016842039687157806,1,1,-1,0.5,Trend
2024-11-26 00:00:00+09:00,192621.859375,193015.7691078732,189273.6266455777,995917,180233.39453125,169862.08046875,0.017855874137932076,0.01874232071241656,76.58403516348257,5756.088904089935,4868.454664017415,887.6342400725198,0.01242241533861388,1,1,-1,0.5,Trend
2024-11-27 00:00:00+09:00,199909.171875,201878.72036637933,193212.70700431036,2305266,181641.62109375,170438.17317708334,0.018379910466086734,0.01910673698888188,78.90818995334122,6453.068668228516,5185.377464859635,1267.6912033688805,0.037832219684957646,1,1,-1,0.5,Trend
2024-11-28 00:00:00+09:00,201386.34375,204833.05378973106,198924.40800733498,1341153,183340.35625,171106.17838541666,0.016647811989442332,0.018758859611684595,90.7356904642293,7043.4332635709725,5556.988624601903,1486.4446389690693,0.007389215117771908,1,1,-1,0.5,Trend
2024-11-29 00:00:00+09:00,203355.890625,205817.8263468523,198432.0191812954,1243799,185152.340625,171788.95520833333,0.01644507802984947,0.018771182313429304,90.88471291059032,7582.81743213188,5962.154386107899,1620.6630460239812,0.009779942563756805,1,1,-1,0.5,Trend
2024-12-02 00:00:00+09:00,200401.5625,207294.98234029484,199909.17536855038,1220401,186521.1765625,172353.55885416668,0.01621001038650857,0.01870494708316675,81.66187183804996,7683.325093458727,6306.388527578065,1376.9365658806619,-0.014527870896289707,1,1,-1,0.5,Trend
2024-12-03 00:00:00+09:00,205817.828125,206802.6024222488,201386.34378738038,1101247,188121.434375,173049.46588541666,0.01675459399559327,0.018797150527383656,83.83837250627352,8106.577925342077,6666.426407130867,1440.1515182112098,0.02702706285037082,1,1,-1,0.5,Trend
2024-12-04 00:00:00+09:00,199416.796875,205817.82986111112,197447.24826388888,1758995,189411.4890625,173660.02578125,0.01891666005176312,0.01928978302864891,67.58793789551822,7835.1800394917955,6900.177133603053,935.0029058887421,-0.03110047029605445,1,1,1,1.0,Trend
2024-12-05 00:00:00+09:00,200893.953125,204833.05024509804,199909.1788449755,1438398,190607.98984375,174423.22578125,0.018699968102765047,0.018059680470159798,67.58792497419688,7651.092393432569,7050.360185568957,600.7322078636125,0.007407381289580739,1,1,1,1.0,Trend
2024-12-06 00:00:00+09:00,201386.34375,202863.50519559902,194295.9688111247,1336764,192080.22734375,175156.88255208332,0.016821270586786407,0.018011422672631786,67.34176605034726,7458.9512688171235,7132.07840221859,326.8728665985336,0.002450997739556815,1,1,1,1.0,Trend
2024-12-09 00:00:00+09:00,198432.015625,200893.95130272952,197447.24135390818,1206493,193335.8140625,175883.97421875,0.01756897377901897,0.017981237957000948,60.54589671924158,6987.738158148975,7103.210353404667,-115.47219525569199,-0.01466995263922899,1,1,-1,0.5,Trend
2024-12-10 00:00:00+09:00,205817.828125,205817.828125,199909.18234150717,905766,194694.80234375,176770.27109375,0.018063316314344678,0.018296641802429285,66.66665557891375,7128.103377333202,7108.188958190374,19.914419142827683,0.03722087122250395,1,1,1,1.0,Trend
2024-12-11 00:00:00+09:00,214680.796875,214680.796875,205325.44104787844,1547595,196457.5484375,177738.63255208332,0.01967025958700379,0.01873488606369021,76.54783206911753,7863.861630228726,7259.323492598045,604.5381376306814,0.04306220132017535,1,1,-1,0.5,Trend
2024-12-12 00:00:00+09:00,204833.046875,216650.3380408654,202863.49834735578,2167932,197417.703125,178585.53828125,0.02239057257254564,0.019721342363395605,64.28569809533093,7565.1182485345635,7320.4824437853495,244.635804749214,-0.04587159235175542,1,1,1,1.0,Trend
2024-12-13 00:00:00+09:00,206802.609375,208772.1580357143,201878.7377232143,1102386,198402.47734375,179406.18385416668,0.022405188193779294,0.01959033137425409,63.5922322619206,7401.963966597163,7336.778748347712,65.18521824945037,0.009615452828771076,1,1,1,1.0,Trend
2024-12-16 00:00:00+09:00,210741.703125,214680.8003796729,208279.76734082945,945545,199544.815625,180290.83958333332,0.02261657003065685,0.01967007398085445,64.51103177268658,7504.013372867281,7370.225673251626,133.78769961565467,0.019047601777872902,1,1,1,1.0,Trend
2024-12-17 00:00:00+09:00,206310.21875,211726.47747613367,205817.83159307876,895923,200357.2546875,181093.43072916666,0.023351780960745534,0.019955696527506752,55.37190841240173,7144.942064413801,7325.168951484062,-180.226887070261,-0.021028037209946504,1,1,-1,0.5,Trend
2024-12-18 00:00:00+09:00,209264.546875,211726.48272058825,206310.22386029412,663879,201312.4859375,181956.74947916667,0.023441894555381055,0.019961064471397037,56.45161579255945,7017.867447370023,7263.708650661254,-245.84120329123107,0.014319834193864844,1,1,-1,0.5,Trend
2024-12-19 00:00:00+09:00,206310.21875,208279.76737768497,204340.67012231506,640399,202287.4125,182659.221875,0.023275170629795162,0.019508127879168377,52.38095477952649,6602.65896595543,7131.49871372009,-528.8397477646595,-0.014117671479081051,1,1,-1,0.5,Trend
2024-12-20 00:00:00+09:00,206802.609375,209756.93236607144,205325.4478794643,775746,203272.18671875,183348.5640625,0.0232697148517509,0.01950198901374558,55.37190841240173,6241.3882230698655,6953.476615590045,-712.0883925201797,0.00238665165488805,1,1,-1,0.5,Trend
2024-12-23 00:00:00+09:00,197939.640625,209756.93260261195,196954.86629353234,1169871,203656.24921875,183919.73307291666,0.02549545137661548,0.02036508419726942,43.750009296818405,5180.196963281254,6598.820685128288,-1418.6237218470333,-0.04285714177778377,1,1,-1,0.5,Trend
2024-12-24 00:00:00+09:00,199416.796875,200893.95833333334,197447.24826388888,557658,203995.99609375,184438.38098958333,0.02541387047813571,0.02011395985680171,50.0,4407.581552184391,6160.572858539509,-1752.9913063551185,0.007462660058065396,1,1,-1,0.5,Trend
2024-12-26 00:00:00+09:00,196856.390625,199909.19107991495,194000.54503814408,645976,203843.35703125,184922.56171875,0.024178867192125652,0.020203611562376073,46.58903047068011,3547.778306428314,5638.01394811727,-2090.235641688956,-0.012839471349070597,1,1,-1,0.5,Trend
2024-12-27 00:00:00+09:00,194689.875,197447.2429817906,192523.37158573596,689235,203508.53359375,185387.046875,0.02420381025932713,0.020251771495766655,44.49838279098594,2660.885305549018,5042.58821960362,-2381.702914054602,-0.011005564097368303,1,1,-1,0.5,Trend
2024-12-30 00:00:00+09:00,195871.609375,198432.02256944444,193409.67361111112,577293,203134.31953125,185890.92291666666,0.024126245859110128,0.02021634929974218,47.83334073773197,2029.9720463923295,4440.064984961362,-2410.0929385690324,0.006069829645737768,1,1,-1,0.5,Trend
2025-01-02 00:00:00+09:00,190849.25,198924.39886480907,188781.22407120743,698458,202656.70390625,186270.06067708333,0.024571103017770702,0.02048991348017631,36.80555880752835,1111.8891490884416,3774.429817786778,-2662.5406686983365,-0.025641078822120633,1,1,-1,0.5,Trend
2025-01-03 00:00:00+09:00,197447.25,198924.41147132168,190258.3975062344,798480,202238.175,186834.66458333333,0.025076799778039855,0.020525825506021934,34.17723552836084,906.2585127496568,3200.7955567793542,-2294.5370440296974,0.034571788990525265,1,1,-1,0.5,Trend
2025-01-06 00:00:00+09:00,205325.4375,205325.4375,197447.2432553957,770359,202533.60703125,187528.93020833333,0.025674256352143012,0.021041208371729674,50.46904605620575,1363.283558207855,2833.2931570650544,-1470.0095988571993,0.03990021385458653,1,1,-1,0.5,Trend
2025-01-07 00:00:00+09:00,204833.046875,209756.9181941106,203848.2726111779,603701,202730.56171875,188113.22942708334,0.025648696313559382,0.020607363907169413,48.06948577001562,1666.5365945844096,2599.9418445689253,-933.4052499845156,-0.0023980985064259164,1,1,-1,0.5,Trend
2025-01-08 00:00:00+09:00,203848.28125,206802.60416666666,202863.50694444444,523637,202853.65859375,188666.34427083333,0.02567812932339331,0.020630863304273148,42.82787145087102,1806.5793328328873,2441.2693422217176,-634.6900093888303,-0.004807650132749086,1,1,-1,0.5,Trend
2025-01-09 00:00:00+09:00,199416.796875,206802.60416666666,197939.63541666666,777551,202902.89765625,189145.60104166667,0.025954192075605717,0.02087798462257563,42.82787145087102,1542.2029031662387,2261.456054410622,-719.2531512443834,-0.021739130434782594,1,1,-1,0.5,Trend
2025-01-10 00:00:00+09:00,198924.40625,201386.34197091585,197939.63196163366,441863,202558.2265625,189585.46692708333,0.02450839039236172,0.020859167591995693,38.660902612501005,1278.2163867246709,2064.808120873432,-786.5917341487611,-0.002469153214353592,1,1,-1,0.5,Trend
2025-01-13 00:00:00+09:00,200893.953125,201878.72740502452,196954.85600490196,543782,201868.884375,190028.61510416667,0.022442722771849923,0.020856866222539325,43.92935487497807,1213.9376258462435,1894.6340218679945,-680.6963960217511,0.009900981544339826,1,1,-1,0.5,Trend
2025-01-14 00:00:00+09:00,198924.40625,202371.11625928216,198924.40625,499095,201573.45234375,190471.76328125,0.020051763692221985,0.02084090877877013,41.45298493319596,992.6278758605768,1714.2327926665112,-721.6049168059344,-0.009803913180873591,1,1,-1,0.5,Trend
2025-01-15 00:00:00+09:00,203355.890625,203848.27776937047,198924.40632566586,678808,201401.11640625,190959.2265625,0.020598888365634966,0.02097142320655666,56.50116917518572,1161.433772585675,1603.672988650344,-442.2392160646691,0.022277228111621028,1,1,-1,0.5,Trend
2025-01-16 00:00:00+09:00,203355.890625,207787.37492433414,201878.72919188862,642605,201031.82578125,191446.68984375,0.020074122234973363,0.02097142320655666,54.9019539216098,1280.4533922695846,1539.0290693741922,-258.5756771046076,0.0,1,1,-1,0.5,Trend
2025-01-17 00:00:00+09:00,205817.828125,206802.6024222488,200401.56949013157,701799,201007.20625,192067.09739583332,0.0197523397826113,0.0205003491450606,61.17934211829209,1555.504195243935,1542.324094548141,13.18010069579418,0.01210654627428509,1,1,1,1.0,Trend
2025-01-20 00:00:00+09:00,201878.734375,206310.21878810975,201386.3472179878,398841,200637.915625,192600.51666666666,0.01989438045163656,0.02069903751624971,58.5882407403605,1439.043594209681,1521.6679944804491,-82.62440027076809,-0.019138739271933547,1,1,-1,0.5,Trend
2025-01-21 00:00:00+09:00,201386.34375,204833.05378973106,199909.18230440098,357682,200391.721875,193132.29479166667,0.019680508283366805,0.020699555924110723,56.698560506880135,1292.1211521548394,1475.758626015327,-183.63747386048772,-0.0024390415688131384,1,1,-1,0.5,Trend
2025-01-22 00:00:00+09:00,200893.953125,208279.76022518383,200893.953125,555170,200096.2890625,193726.44192708333,0.019663748306700375,0.020380060275224116,63.70968257888184,1123.0069251642271,1405.2082858451072,-282.20136068088004,-0.0024450050377360366,1,1,-1,0.5,Trend
2025-01-23 00:00:00+09:00,201386.34375,204340.66664119804,200893.956601467,487301,200268.62421875,194286.121875,0.016953548605560007,0.020317995319446745,56.45160795007862,1016.9912481754145,1327.5648783111687,-310.57363013575423,0.002450997739556815,1,1,-1,0.5,Trend
2025-01-24 00:00:00+09:00,200893.953125,205817.82452512256,200401.56598498774,419464,200342.48203125,194857.29088541667,0.016895849561313996,0.020287776723382167,40.42553478797193,883.0618645155046,1238.664275552036,-355.6024110365315,-0.0024450050377360366,1,1,-1,0.5,Trend
2025-01-31 00:00:00+09:00,213203.640625,215173.18926818707,205325.44605225173,1964710,201159.84453125,195548.27421875,0.021123966499818552,0.02127632896830053,61.97184420543772,1750.037425870105,1340.93890561565,409.098520254455,0.06127455460215203,1,1,1,1.0,Trend
2025-02-03 00:00:00+09:00,213696.03125,216157.967093894,210249.3210685484,1410072,202110.15234375,196319.68072916666,0.020831963393465554,0.020930418663508258,64.28571428571428,2448.627360824612,1562.4765966574423,886.1507641671697,0.002309485070501438,1,1,1,1.0,Trend
2025-02-04 00:00:00+09:00,215173.1875,220589.4462242563,213696.0260297483,1432688,203075.23125,197120.63046875,0.020835752796602273,0.02091934720701324,74.99998760424212,3085.886898343684,1867.1586569946908,1218.7282413489934,0.0069124177990553815,1,1,-1,0.5,Trend
2025-02-05 00:00:00+09:00,225513.3125,228467.63537117906,215665.56959606986,2336982,204808.434375,197995.43828125,0.021552438778156026,0.021277050785704778,82.14284904766546,4374.850787871837,2368.69708317012,2006.1537047017173,0.0480548953154305,1,1,-1,0.5,Trend
2025-02-06 00:00:00+09:00,228467.640625,228467.640625,220097.05896417028,1718369,206359.45390625,198906.35442708334,0.020733791810624486,0.021306003799170078,82.558134386185,5570.53983051781,3009.0656326396584,2561.4741978781512,0.013100459978388157,1,1,-1,0.5,Trend
2025-02-07 00:00:00+09:00,222066.59375,231914.33626662972,219604.65812084256,1908836,207196.51171875,199713.86927083333,0.020777271407294497,0.021716708127345417,74.73681538262146,5933.226482670463,3593.8978026458194,2339.3286800246437,-0.028017301957901752,1,1,-1,0.5,Trend
2025-02-10 00:00:00+09:00,224036.15625,228467.64065934066,223543.7690934066,1234703,208156.6671875,200498.40625,0.020749222174320747,0.02163680136623754,73.33331452851803,6306.883671876421,4136.49497649194,2170.3886953844813,0.008869242630061391,1,1,-1,0.5,Trend
2025-02-11 00:00:00+09:00,225020.921875,227975.24470049233,222066.59904950764,808905,209215.29921875,201383.06171875,0.020633849427166114,0.021206028113300298,73.91301948345358,6606.318514737213,4630.459684140995,1975.8588305962185,0.004395565615315622,1,1,-1,0.5,Trend
2025-02-12 00:00:00+09:00,221574.21875,226990.47743055556,219112.28298611112,945298,210323.1703125,202187.29401041666,0.020232532243456156,0.021355517115132443,67.02126761737802,6490.682105129701,5002.504168338736,1488.1779367909648,-0.015317256263462697,1,1,1,1.0,Trend
2025-02-13 00:00:00+09:00,216650.359375,222559.00553977274,214680.8106534091,1028493,211209.46796875,202820.83229166668,0.021110477414485643,0.02134634064151594,65.62500413191998,5933.329388427199,5188.669212356429,744.6601760707699,-0.022222167374786217,1,1,1,1.0,Trend
2025-02-14 00:00:00+09:00,217635.125,221081.83512443438,216650.35067873303,574538,212046.5265625,203457.653125,0.02106989158584741,0.021346474472950627,67.01031163919731,5507.597544703836,5252.454878825911,255.14266587792554,0.004545414223363853,1,1,1,1.0,Trend
2025-02-17 00:00:00+09:00,217635.125,220589.4479638009,216157.96351809954,615576,212982.0625,203991.07265625,0.02084287700905485,0.020963493654198653,67.70834056419568,5111.282310508017,5224.220365162332,-112.93805465431524,0.0,1,1,-1,0.5,Trend
2025-02-18 00:00:00+09:00,219112.28125,219604.6683988764,214680.79691011237,630070,213769.88203125,204524.49192708332,0.02044247363750421,0.02095907495510793,68.36734826043988,4860.3665166450955,5151.449595458885,-291.08307881378914,0.006787306276962335,1,1,-1,0.5,Trend
2025-02-19 00:00:00+09:00,218619.90625,220589.45495495494,216650.35754504503,569222,214533.0828125,205036.57473958333,0.020470256060257187,0.020967430790593225,68.36737039832579,4569.113498471619,5034.982376061432,-465.86887758981266,-0.002247135565341618,1,1,-1,0.5,Trend
2025-02-20 00:00:00+09:00,218127.515625,222066.61297262978,215173.19261427765,614258,215148.5671875,205504.34270833334,0.020410363350531594,0.020943074790237527,56.7567660286868,4249.575118153676,4877.900924479881,-628.3258063262047,-0.002252268027399751,1,1,-1,0.5,Trend
2025-02-21 00:00:00+09:00,223051.375,224528.53642384105,218619.89072847684,821558,216207.19921875,206052.53359375,0.020145907337914687,0.021100292521953688,61.44577944744486,4343.582831657812,4771.037305915467,-427.4544742576554,0.02257330699839355,1,1,-1,0.5,Trend
2025-02-24 00:00:00+09:00,224528.53125,224528.53125,220589.43421052632,526842,217364.30859375,206681.14765625,0.020071744599263704,0.020934381509052573,61.44577944744486,4485.571905409975,4713.944225814369,-228.37232040439358,0.006622493360554316,1,1,-1,0.5,Trend
2025-02-25 00:00:00+09:00,225020.921875,226498.08328774615,221081.82477434355,622624,218570.65703125,207313.04427083334,0.020002495030678545,0.02093379604533171,49.20634281014031,4584.978301877796,4688.151041027055,-103.17273914925863,0.0021929980223838186,1,1,-1,0.5,Trend
2025-02-26 00:00:00+09:00,227975.25,228467.63714902807,224036.15280777536,708250,219900.10234375,207941.65859375,0.02005289806531767,0.020898734482509923,49.20634281014031,4846.283240114659,4719.777480844576,126.50575927008322,0.013129126395816426,1,1,1,1.0,Trend
2025-02-27 00:00:00+09:00,216723.4375,228103.8919805936,215733.83276255705,1125911,220691.5765625,208343.3515625,0.02370594815314556,0.02197518521780927,42.55228787778471,4098.20054796277,4595.462094268214,-497.2615463054444,-0.049355412484469285,1,1,-1,0.5,Trend
2025-02-28 00:00:00+09:00,204848.1875,214744.235205314,204353.3851147343,1660981,220273.80390625,208425.66848958333,0.023535050425988926,0.02274025835685015,29.041825214457646,2518.0793441632704,4179.985544247225,-1661.906200083955,-0.05479448894400263,1,1,-1,0.5,Trend
2025-03-04 00:00:00+09:00,203363.78125,207817.00273722628,202374.17647506084,673266,219757.19140625,208458.62578125,0.023540288724833273,0.022742877877119722,26.600258703383503,1132.982411338453,3570.584917665471,-2437.602506327018,-0.0072463723897971954,1,1,-1,0.5,Trend
2025-03-05 00:00:00+09:00,205342.984375,209796.20572289155,203363.77488704817,761832,219265.68125,208491.74401041667,0.023607066817585058,0.022742542399401558,31.888402603692825,192.7661758051545,2895.021169293408,-2702.2549934882536,0.009732328504292065,1,1,-1,0.5,Trend
2025-03-06 00:00:00+09:00,216723.4375,217713.04223744292,205342.98301940638,998317,218826.1875,208763.77526041667,0.02441468414603769,0.02368971976420937,50.071274110445145,361.77517302776687,2388.3719700402803,-2026.5967970125134,0.05542167977950907,1,1,-1,0.5,Trend
2025-03-07 00:00:00+09:00,210785.8125,214249.42913732395,210785.8125,630434,217942.09609375,208846.575,0.024796393811189803,0.023744462310669255,43.90830071779205,16.410140389867593,1913.979604110198,-1897.5694637203303,-0.027397244472001314,1,1,-1,0.5,Trend
2025-03-10 00:00:00+09:00,212765.03125,214744.24084302326,208311.80966569768,542653,217477.01796875,209069.04557291666,0.024273717177880284,0.02339521479858673,45.81589991859634,-96.47561327676522,1511.8885606328054,-1608.3641739095706,0.00938971521150167,1,1,-1,0.5,Trend
2025-03-11 00:00:00+09:00,210291.015625,212270.22518382352,202868.97977941178,586599,216789.7609375,209225.66328125,0.02421937495227679,0.02343772656345313,42.5489125227303,-381.1768021805037,1133.2754880701436,-1514.4522902506474,-0.011627924055306882,1,1,-1,0.5,Trend
2025-03-12 00:00:00+09:00,211775.421875,213259.82903767523,208806.60754964955,409913,216127.4859375,209398.81458333333,0.0242700174331352,0.023450792491994103,44.313938675528696,-481.4752202426316,810.3253464075885,-1291.8005666502202,0.007058819158717977,1,1,-1,0.5,Trend
2025-03-13 00:00:00+09:00,213754.625,217218.2416087963,210785.81076388888,622944,215736.50625,209654.19140625,0.024235024683600632,0.023384960080173572,46.454795972631,-396.6845552458253,568.9233660769057,-965.607921322731,0.009345764052677508,1,1,-1,0.5,Trend
2025-03-14 00:00:00+09:00,205837.796875,214249.4376126803,205837.796875,519114,215195.878125,209654.52421875,0.02514399050243674,0.023450465663639338,36.690456267911976,-957.2743455731252,263.6838237468995,-1220.9581693200248,-0.03703699101247515,1,1,-1,0.5,Trend
2025-03-17 00:00:00+09:00,208806.609375,208806.609375,205342.99263181278,481843,214754.45234375,209556.62109375,0.02538336519332478,0.022870392857256592,38.11788973784095,-1148.7454138287285,-18.802023768226064,-1129.9433900605025,0.014423067799364864,1,1,-1,0.5,Trend
2025-03-18 00:00:00+09:00,206827.390625,211775.4143241627,205837.78588516748,669726,214214.065625,209589.86015625,0.02543176559711768,0.02207738502862024,36.55215456846496,-1443.5536392275535,-303.75234686009156,-1139.8012923674619,-0.00947871696171021,1,1,-1,0.5,Trend
2025-03-19 00:00:00+09:00,205837.796875,209301.41364933897,205342.99447866587,710932,213550.34140625,209573.77994791666,0.025340210683233257,0.022051508339543564,33.14750508085717,-1737.0199424405291,-590.405865976179,-1146.61407646435,-0.004784635859929387,1,1,-1,0.5,Trend
2025-03-20 00:00:00+09:00,205837.796875,207817.00646033656,205342.99447866587,593445,212911.2359375,209492.04817708334,0.02534929117385783,0.021910827878298608,40.00000574150537,-1947.1485852148908,-861.7544098239214,-1085.3941753909694,0.0,1,1,-1,0.5,Trend
2025-03-21 00:00:00+09:00,207322.203125,208311.80791318615,203858.58636634843,685909,212370.9703125,209508.91458333333,0.025451825738169228,0.02175900084936438,52.808994345359224,-1971.1753869872773,-1083.6386052565927,-887.5367817306847,0.007211533899682321,1,1,-1,0.5,Trend
2025-03-24 00:00:00+09:00,204848.1875,208311.80419685988,203858.5827294686,354434,211460.8109375,209435.30859375,0.024836970706034137,0.021733582931955337,51.64835126701756,-2164.8936389515,-1299.8896119955743,-865.0040269559258,-0.011933191851662639,1,1,-1,0.5,Trend
2025-03-25 00:00:00+09:00,205342.984375,206827.39149096384,204353.3796310241,365297,210501.53359375,209419.18802083333,0.024758142488538304,0.021659712171435516,50.0,-2252.5250698186283,-1490.4167035601854,-762.1083662584429,0.0024154320379330407,1,1,-1,0.5,Trend
2025-03-26 00:00:00+09:00,201879.375,206332.59650735295,200889.77022058825,790441,209344.45625,209337.13411458334,0.024858529718361843,0.021766806974464654,29.166666666666657,-2571.811695770739,-1706.6957020022962,-865.1159937684426,-0.016867434675414628,1,1,-1,0.5,Trend
2025-03-27 00:00:00+09:00,195743.828125,200889.77305042974,194457.34189364256,1501086,207732.88515625,209300.53723958333,0.025079366750951824,0.02139037112054714,29.005524018467185,-3282.101974556339,-2021.7769565131048,-1260.3250180432342,-0.030392143204326816,-1,1,-1,-0.19999999999999996,MeanReversion
2025-03-28 00:00:00+09:00,192676.046875,195644.86115658705,191884.3630665768,700564,206530.515625,209188.19140625,0.0230654583256565,0.021460230955205373,22.78817617634398,-4045.9176263164845,-2426.605090473781,-1619.3125358427037,-0.01567242900777921,-1,1,-1,-0.19999999999999996,MeanReversion
2025-03-31 00:00:00+09:00,189014.515625,190103.080898233,187233.2269960733,668750,205738.83203125,209057.49348958334,0.020090343639055763,0.02153642620881711,22.07790077362712,-4890.329332096502,-2919.349938798325,-1970.979393298177,-0.019003562245469174,-1,1,-1,-0.19999999999999996,MeanReversion
2025-04-01 00:00:00+09:00,194655.265625,195941.75187468226,189608.28110701576,485068,205303.40625,209056.91666666666,0.02140886771140057,0.02183724249022699,29.742381831022882,-5046.20084708542,-3344.720120455744,-1701.4807266296757,0.02984294608987126,-1,1,-1,-0.19999999999999996,MeanReversion
2025-04-02 00:00:00+09:00,193566.6875,195743.81793200408,192181.24086145195,461848,204714.59140625,209018.50130208334,0.021234865622759468,0.021834329674573612,25.59807961803891,-5197.653983078606,-3715.3068929803167,-1482.3470900982893,-0.005592338442552691,-1,1,-1,-0.19999999999999996,MeanReversion
2025-04-03 00:00:00+09:00,196535.5,197525.1047331319,188816.58308157098,577896,203705.19453125,209113.27213541666,0.01714635070866965,0.02165697841907387,37.22824349760181,-5020.252975858719,-3976.296109555997,-1043.9568663027217,0.015337414398848948,-1,1,-1,-0.19999999999999996,MeanReversion
2025-04-04 00:00:00+09:00,195743.828125,200394.9706537538,192082.29038959809,672143,202953.0953125,209084.88177083334,0.01627802829799079,0.021211887756530063,30.924851007127927,-4887.20603457978,-4158.478094560754,-728.7279400190264,-0.004028136774272384,-1,1,-1,-0.19999999999999996,MeanReversion
2025-04-07 00:00:00+09:00,189806.1875,193170.84358706986,187332.17567127215,597627,201805.153125,208826.22760416666,0.017041995779796593,0.020936995340889976,27.720200153882715,-5200.930263952876,-4366.968528439178,-833.9617355136979,-0.03033373098848502,-1,1,-1,-0.19999999999999996,MeanReversion
2025-04-08 00:00:00+09:00,177733.015625,190993.71946339088,177337.1737193764,1366603,200177.253125,208374.56041666667,0.02168894175224633,0.02252828113156304,21.485934989353424,-6350.557769712992,-4763.686376693941,-1586.8713930190506,-0.06360789410513812,-1,1,-1,-0.19999999999999996,MeanReversion
2025-04-09 00:00:00+09:00,175061.078125,179415.33897152345,174368.35480850763,621304,198341.5359375,207894.77369791668,0.021423115707964395,0.022586733908335724,20.380942126967483,-7392.038063175045,-5289.3567139901625,-2102.6813491848825,-0.015033433662305806,-1,1,-1,-0.19999999999999996,MeanReversion
2025-04-10 00:00:00+09:00,181988.3125,182681.03582109843,177930.9330478521,656557,196753.2203125,207604.29895833333,0.023684065668428744,0.023058258886945775,27.931027630163,-7571.173008899699,-5745.7199729720705,-1825.4530359276287,0.03957038565736304,-1,1,-1,-0.19999999999999996,MeanReversion
2025-04-11 00:00:00+09:00,181097.671875,182186.23711577867,178227.81805840164,569473,195516.2140625,207307.18671875,0.0226319041089327,0.02306209507071671,28.723400979318185,-7696.287981944421,-6135.833574766541,-1560.45440717788,-0.004893944082260737,-1,1,-1,-0.19999999999999996,MeanReversion
2025-04-14 00:00:00+09:00,180800.796875,183175.8483938834,180602.87591509306,391419,194115.9234375,206972.30078125,0.02213876047050581,0.023013337240021296,27.935950059139017,-7730.287884108257,-6454.724436634884,-1275.5634474733724,-0.0016393087604401613,-1,1,-1,-0.19999999999999996,MeanReversion
2025-04-15 00:00:00+09:00,181988.3125,184462.32436106578,181790.39155111474,345595,192873.96953125,206690.03255208334,0.02234071753374183,0.023012936983348414,31.354350360601572,-7574.1009441043425,-6678.599738128776,-895.5012059755663,0.006568088446097908,-1,1,-1,-0.19999999999999996,MeanReversion
2025-04-16 00:00:00+09:00,182483.125,184363.37411876355,181097.67828091106,427131,191706.2359375,206342.153125,0.022431997954502646,0.02281262517728181,36.09958682924448,-7325.945496020315,-6808.068889707085,-517.8766063132298,0.002718924601270656,-1,1,-1,-0.19999999999999996,MeanReversion
2025-04-17 00:00:00+09:00,181691.4375,183472.72610294117,180207.03033088235,237641,190498.91796875,205981.07890625,0.022391602304606007,0.022813699872042736,37.90850077896489,-7111.18971195427,-6868.6930541565225,-242.4966577977475,-0.00433841485342823,-1,1,-1,-0.19999999999999996,MeanReversion
2025-04-18 00:00:00+09:00,185550.890625,185946.732525,182087.274,287707,189410.35234375,205643.29661458332,0.02303260659557145,0.022935732777289365,46.20389556568587,-6554.017954216426,-6805.758034168504,251.7400799520783,0.021241799713318965,-1,1,1,0.30000000000000004,Trend
2025-04-21 00:00:00+09:00,185550.890625,188816.5863,185254.0092,246628,188445.4875,205371.16588541667,0.023011875926490503,0.02281983414810168,38.61384706896646,-6042.7977114962705,-6653.165969634058,610.368258137787,0.0,-1,1,-1,-0.19999999999999996,MeanReversion
2025-04-22 00:00:00+09:00,191686.4375,193665.6469734125,184066.4810273619,645159,187762.66015625,205209.50078125,0.0244588969402398,0.02323579509755315,47.91208608168432,-5083.95990496056,-6339.324756699359,1255.3648517387983,0.03306665278907217,-1,1,1,0.30000000000000004,Trend
2025-04-23 00:00:00+09:00,190894.765625,194259.42193980044,190597.8841854588,391879,187213.4296875,205042.84765625,0.02425149384165161,0.023238824180905667,43.41802463616603,-4337.950150210847,-5939.049835401656,1601.0996851908094,-0.0041300359343368065,-1,1,-1,-0.19999999999999996,MeanReversion
2025-04-24 00:00:00+09:00,189509.3125,191785.40345953003,188420.74725848564,417055,186901.70390625,204844.89713541666,0.023372483053019463,0.0232493699790756,42.824593501710005,-3814.5547209885553,-5514.150812519036,1699.5960915304804,-0.007257680012670575,-1,1,-1,-0.19999999999999996,MeanReversion
2025-04-25 00:00:00+09:00,191488.515625,193071.88319605944,190202.0294735142,391764,186842.32734375,204688.13984375,0.023269673297244983,0.023294968164960246,52.13032730219746,-3203.131218367256,-5051.946893688681,1848.8156753214244,0.01044383043181596,-1,1,1,0.30000000000000004,Trend
2025-04-28 00:00:00+09:00,193467.734375,194457.33915441178,190696.84099264705,313415,187064.98828125,204359.20807291666,0.022942137413431825,0.021965582677665213,76.76769234040744,-2529.7063947367133,-4547.498793898287,2017.7923991615735,0.010335965807348968,-1,1,-1,-0.19999999999999996,MeanReversion
2025-04-29 00:00:00+09:00,194457.34375,195347.9880725191,191686.45030216285,325432,187055.0921875,204038.56328125,0.021991450589829684,0.02197701140720508,85.0000366533568,-1894.3225925220468,-4016.863553623039,2122.5409611009923,0.005115113267837312,-1,1,-1,-0.19999999999999996,MeanReversion
2025-04-30 00:00:00+09:00,198415.75,198415.75,193764.6077306733,523186,187297.5453125,203759.27265625,0.02239941174445906,0.022129729036534995,83.20003082041676,-1059.1567492766771,-3425.3221927537666,2366.1654434770894,0.020356167443534856,-1,1,-1,-0.19999999999999996,MeanReversion
2025-05-02 00:00:00+09:00,195347.984375,198415.75920561043,195249.0238965932,280801,187238.16953125,203256.5171875,0.022446233893399437,0.021272836707624306,76.47062579598793,-637.4764176824247,-2867.7530377394983,2230.2766200570736,-0.01546130095519127,-1,1,-1,-0.19999999999999996,MeanReversion
2025-05-07 00:00:00+09:00,197030.3125,199900.16637368157,196139.66819437468,622014,187302.49375,202732.56171875,0.02251288095816077,0.021225995650082857,78.67134893956015,-165.63258759936434,-2327.3289477114713,2161.696360112107,0.008611955379946634,-1,1,-1,-0.19999999999999996,MeanReversion
2025-05-08 00:00:00+09:00,186738.421875,194556.29963235295,186540.50091911765,1199556,187149.10546875,202143.75885416666,0.02465336695551332,0.021985188370327556,56.34921728902183,-615.0723422340234,-1984.8776266159816,1369.8052843819582,-0.05223506218110474,-1,1,1,0.30000000000000004,Trend
2025-05-09 00:00:00+09:00,189014.515625,190103.080898233,187530.10843422776,558440,187713.18046875,201560.06484375,0.019465782876524913,0.022018927036176125,58.33333665596381,-778.6194025063887,-1743.6259817940631,965.0065792876744,0.01218867401334034,-1,1,1,0.30000000000000004,Trend
2025-05-12 00:00:00+09:00,188222.828125,192280.2077007755,187728.0257377103,437578,188371.26796875,200946.76328125,0.019076301829525973,0.021999104421700163,58.33333665596381,-961.0359665088181,-1587.1079787370143,626.0720122281962,-0.004188501065022332,-1,1,1,0.30000000000000004,Trend
2025-05-13 00:00:00+09:00,186243.625,189014.5184643996,185649.86211477153,680047,188584.03359375,200357.92005208333,0.01740532265702767,0.021961336622473907,50.92839729331406,-1250.8880996559747,-1519.8640029208063,268.9759032648317,-0.010515212977703192,-1,1,1,0.30000000000000004,Trend
2025-05-14 00:00:00+09:00,189212.4375,189410.35845972804,186936.34646312761,363846,188989.771875,199900.62135416668,0.017640620936807426,0.0219390733008418,54.54546865234833,-1226.8967441483983,-1461.2705511663248,234.37380701792654,0.015940478499599564,-1,1,1,0.30000000000000004,Trend
2025-05-15 00:00:00+09:00,187233.21875,188321.78397529072,186243.61399973574,355097,189311.39296875,199393.92291666666,0.017852441603471648,0.02194613939738311,43.835618216078444,-1352.0047648288019,-1439.4173938988201,87.41262907001828,-0.010460299418741936,-1,1,-1,-0.19999999999999996,MeanReversion
2025-05-16 00:00:00+09:00,185847.78125,187728.03036807774,185550.89981030353,285272,189504.36640625,198864.13385416666,0.01792803463958426,0.021952699657426637,43.12668291543194,-1545.1356384122628,-1460.5610428015088,-84.57459561075393,-0.007399528295509827,-1,1,-1,-0.19999999999999996,MeanReversion
2025-05-19 00:00:00+09:00,183472.71875,186243.61202130528,182582.0744842233,262018,189553.84609375,198270.14114583333,0.018188326245230885,0.02195654384248923,41.99474358613076,-1868.304292776389,-1542.109692796485,-326.19459997990407,-0.012779611809328517,-1,1,-1,-0.19999999999999996,MeanReversion
2025-05-20 00:00:00+09:00,183076.875,184561.2820945946,182087.27027027027,293512,189623.11796875,197677.75729166667,0.0181656520656247,0.021956596065332158,38.356165568709315,-2131.785169639712,-1660.0447881651305,-471.74038147458145,-0.002157507408713899,-1,1,-1,-0.19999999999999996,MeanReversion
2025-05-21 00:00:00+09:00,182878.96875,184561.29692573054,182681.04778814936,382117,189489.521875,197090.28151041668,0.017504210981302174,0.02195775452114183,34.582131515807575,-2329.709601146431,-1793.9777507613908,-535.7318503850402,-0.001081000809086352,-1,1,-1,-0.19999999999999996,MeanReversion
2025-05-22 00:00:00+09:00,181295.59375,182582.07995019105,179217.42373430677,469433,189276.75703125,196394.35182291668,0.01759302044986079,0.021716780659767242,31.161454461527725,-2584.5383198352065,-1952.089864576154,-632.4484552590525,-0.008658048603524815,-1,1,-1,-0.19999999999999996,MeanReversion
2025-05-23 00:00:00+09:00,181196.640625,183373.77120596668,180899.7591821409,257074,188752.2671875,195672.15364583334,0.015713404880114527,0.021680263807962376,22.293005160634365,-2762.6307182969467,-2114.1980353203126,-648.4326829766342,-0.0005458109761700136,-1,1,-1,-0.19999999999999996,MeanReversion
2025-05-26 00:00:00+09:00,186045.703125,186045.703125,179910.15334109042,472314,188509.8140625,195022.56666666668,0.017009137216654712,0.02201231719231863,35.843377504860385,-2483.859027994331,-2188.1302338551163,-295.72879413921464,0.026761326718167444,-1,1,-1,-0.19999999999999996,MeanReversion
2025-05-27 00:00:00+09:00,181889.359375,184957.13420667846,181097.67554747008,668670,188128.81640625,194254.46848958332,0.01762655470514239,0.02204818119101042,28.57142857142857,-2568.702258919715,-2264.2446388680364,-304.45762005167853,-0.022340444741190568,-1,1,-1,-0.19999999999999996,MeanReversion
2025-05-28 00:00:00+09:00,185748.8125,187035.2986814065,182186.23538225892,727369,187841.83125,193738.22473958333,0.018171746242201397,0.02139769363628269,48.28766289980442,-2298.025312961894,-2271.0007736868083,-27.024539275085772,0.021218685569412532,-1,1,-1,-0.19999999999999996,MeanReversion
2025-05-29 00:00:00+09:00,187332.1875,188618.67373217116,185748.8198296355,649059,187535.05390625,193446.29140625,0.018114725495206953,0.020241542922652032,47.01754366526153,-1933.4590411948157,-2203.49242718841,270.0333859935945,0.008524280606100776,-1,1,1,0.30000000000000004,Trend
2025-05-30 00:00:00+09:00,185550.890625,186837.3768,184165.443975,989028,187089.73125,193149.40989583332,0.018125296593130346,0.020254729456866908,45.423721374842515,-1767.8942309363338,-2116.372787937995,348.4785570016611,-0.00950876034050474,-1,1,1,0.30000000000000004,Trend
2025-06-02 00:00:00+09:00,184561.296875,186342.58553116623,183769.613027815,408085,186397.00859375,192803.0484375,0.017339403996516317,0.020206594513797766,47.01754366526153,-1696.973220267304,-2032.4928744038568,335.51965413655284,-0.005333274050405845,-1,1,1,0.30000000000000004,Trend
2025-06-04 00:00:00+09:00,183571.6875,187134.26472371968,183571.6875,817069,185808.19375,192250.51927083332,0.01711756891384851,0.018839109344107454,39.24527964632352,-1701.0127977173252,-1966.1968590665506,265.18406134922543,-0.005361955034756005,-1,1,-1,-0.19999999999999996,MeanReversion
2025-06-05 00:00:00+09:00,189212.4375,190004.12133891214,184363.37398666318,911249,185417.3,191890.96302083333,0.018525939411853716,0.019022353219235125,53.311273858843066,-1234.8185886229621,-1819.921204977833,585.1026163548709,0.030727777669963485,-1,1,1,0.30000000000000004,Trend
2025-06-09 00:00:00+09:00,196436.546875,200394.96595560454,190300.99730006297,1407038,185902.20625,191618.82161458334,0.01622299734602349,0.01963815297595356,64.81993611743964,-279.212479348178,-1511.779459851902,1232.566980503724,0.038179886430562915,-1,1,1,0.30000000000000004,Trend
2025-06-10 00:00:00+09:00,197920.953125,201879.3721875,194754.217875,911907,186347.528125,191412.65390625,0.016112433817952604,0.01962299392625312,70.73864897924581,591.077848195855,-1091.2079982423506,1682.2858464382057,0.007556670454732517,-1,1,-1,-0.19999999999999996,MeanReversion
2025-06-11 00:00:00+09:00,198910.5625,199900.16728855722,196832.39244402986,512085,186881.91484375,191198.23958333334,0.01604819986997861,0.01961054911283472,72.34638891902644,1345.1365125315497,-603.9390960875705,1949.0756086191202,0.005000023288969313,-1,1,-1,-0.19999999999999996,MeanReversion
2025-06-12 00:00:00+09:00,196832.390625,199405.3630514706,196832.390625,624703,187411.353125,190916.20234375,0.01604522669117638,0.019600115463962984,68.70025325425647,1754.8139317400346,-132.1884905220495,1887.002422262084,-0.010447770338993467,-1,1,1,0.30000000000000004,Trend
2025-06-13 00:00:00+09:00,198415.75,203858.57605985037,195347.9753117207,1050533,187871.51875,190792.5015625,0.015804271647013108,0.019043422893445985,72.94429241644113,2182.0962595331657,330.66845948899356,1851.4278000441723,0.008044201312458643,-1,1,-1,-0.19999999999999996,MeanReversion
2025-06-16 00:00:00+09:00,207322.203125,209301.41270137232,199900.16721360383,1159906,188875.96796875,190767.76145833332,0.018000890411085484,0.019804587187975405,78.32616949662498,3202.480711399199,905.0309098710347,2297.4498015281642,0.04488783337512259,-1,1,-1,-0.19999999999999996,MeanReversion
2025-06-17 00:00:00+09:00,204353.390625,210785.82180690073,201879.37863196124,837169,189801.2484375,190726.528125,0.018322172747104227,0.01985406096606724,70.69350653570993,3728.6033650104946,1469.7454008989266,2258.857964111568,-0.014319800075682343,-1,1,-1,-0.19999999999999996,MeanReversion
2025-06-18 00:00:00+09:00,240968.765625,241958.370411961,201879.37654004106,5706879,192676.05078125,191312.04427083334,0.03981029750237401,0.0291073072634565,88.51612732354883,7019.201132198679,2579.636547158877,4439.564585039802,0.1791767432290432,1,-1,-1,-0.30000000000000004,Defensive
2025-06-19 00:00:00+09:00,249380.40625,256307.63975694444,245916.78949652778,3810468,195991.22734375,192037.75442708333,0.039884209330660336,0.02939051994668036,89.15956059679448,10188.327966808254,4101.374831088752,6086.953135719502,0.03490759726964088,1,-1,-1,-0.30000000000000004,Defensive
2025-06-20 00:00:00+09:00,266698.5,266698.5,242453.18181818182,4889308,200182.20390625,193027.359375,0.041288167395641506,0.03052562727479224,90.91836665645206,13936.656150997413,6068.431095070485,7868.225055926928,0.06944448447420881,1,-1,-1,-0.30000000000000004,Defensive
2025-06-23 00:00:00+09:00,286985.375,291933.3987068965,267193.2801724138,5050411,205466.69296875,194396.3125,0.04246252372479724,0.03172179786556218,93.91602859578586,18332.884430336533,8521.321762123694,9811.562668212839,0.07606670078759348,1,-1,-1,-0.30000000000000004,Defensive
2025-06-24 00:00:00+09:00,287480.1875,289459.3970524957,274615.325408778,4326501,210780.8703125,195765.26588541668,0.042399394958790526,0.0317231048325663,94.75042642203749,21607.773288162512,11138.612067331458,10469.161220831054,0.0017241732265973475,1,-1,-1,-0.30000000000000004,Defensive
2025-06-25 00:00:00+09:00,280552.9375,283521.75165343913,273130.9021164021,2862461,215506.23203125,197076.49192708332,0.04369134564192776,0.03182643483023922,90.09818719602373,23374.725831608346,13585.834820186836,9788.89101142151,-0.02409644316793136,1,-1,-1,-0.30000000000000004,Defensive
2025-06-26 00:00:00+09:00,258286.84375,272141.3104645594,251359.61039272032,4314779,219326.10625,198118.87552083333,0.04860432469457032,0.033489568136530604,75.1079113318712,22716.499111155834,15411.967678380637,7304.531432775197,-0.07936503516381821,1,-1,-1,-0.30000000000000004,Defensive
2025-06-27 00:00:00+09:00,254823.234375,262245.2703276699,249380.40800970874,2316733,222779.82734375,199154.66197916667,0.049084704730286935,0.03346714798992303,71.81952928767191,21665.617609534616,16662.697664611434,5002.919944923182,-0.013409933408580765,1,-1,-1,-0.30000000000000004,Defensive
