Date,Close,MA20,MA60,RSI14,MACD_hist,Vol20,Vol60,sig_trend,sig_vol,sig_mom,composite,vol_override,strategy_raw,strategy,entry
2018-01-02 00:00:00+09:00,296888.75,,,,0.0,,,-1,-1,-1,-1.0,True,Defensive,Defensive,False
2018-01-03 00:00:00+09:00,295938.6875,,,,-60.63076923075132,,,-1,-1,-1,-1.0,True,Defensive,Defensive,False
2018-01-04 00:00:00+09:00,284063.15625,,,,-853.1850668419431,,,-1,-1,-1,-1.0,True,Defensive,Defensive,False
2018-01-05 00:00:00+09:00,285013.1875,,,,-1242.5058291659634,,,-1,-1,-1,-1.0,True,Defensive,Defensive,False
2018-01-08 00:00:00+09:00,285013.1875,,,,-1416.4756386315776,,,-1,-1,-1,-1.0,True,Defensive,Defensive,False
2018-01-09 00:00:00+09:00,283113.09375,,,,-1564.3789676586798,,,-1,-1,-1,-1.0,True,Defensive,Defensive,False
2018-01-10 00:00:00+09:00,290238.46875,,,,-1108.6411282393656,,,-1,-1,-1,-1.0,True,Defensive,Defensive,False
2018-01-11 00:00:00+09:00,292138.53125,,,,-629.3836486049679,,,-1,-1,-1,-1.0,True,Defensive,Defensive,False
2018-01-12 00:00:00+09:00,285013.1875,,,,-735.0538323868054,,,-1,-1,-1,-1.0,True,Defensive,Defensive,False
2018-01-15 00:00:00+09:00,284063.15625,,,,-806.0365845562042,,,-1,-1,-1,-1.0,True,Defensive,Defensive,False
2018-01-16 00:00:00+09:00,289763.40625,,,,-425.3143599100754,,,-1,-1,-1,-1.0,True,Defensive,Defensive,False
2018-01-17 00:00:00+09:00,288813.34375,,,,-204.8683248539819,,,-1,-1,-1,-1.0,True,Defensive,Defensive,False
2018-01-18 00:00:00+09:00,292138.53125,,,,176.86695779475258,,,-1,-1,-1,-1.0,True,Defensive,Defensive,False
2018-01-19 00:00:00+09:00,294038.59375,,,,548.3327581170433,,,-1,-1,-1,-1.0,True,Defensive,Defensive,False
2018-01-22 00:00:00+09:00,297363.71875,,,50.4949940433969,983.5833930712065,,,-1,-1,1,-0.5,True,Defensive,Defensive,False
2018-01-23 00:00:00+09:00,297363.71875,,,51.51511526916961,1221.5530742400877,,,-1,-1,1,-0.5,True,Defensive,Defensive,False
2018-01-24 00:00:00+09:00,290238.46875,,,57.30341646585752,865.8951359626719,,,-1,-1,1,-0.5,True,Defensive,Defensive,False
2018-01-25 00:00:00+09:00,294513.65625,,,60.416716634744205,882.3828206976225,,,-1,-1,1,-0.5,True,Defensive,Defensive,False
2018-01-26 00:00:00+09:00,296413.75,,,62.000055260685706,977.675797190521,,,-1,-1,1,-0.5,True,Defensive,Defensive,False
2018-01-29 00:00:00+09:00,295938.6875,290903.4640625,,63.91753765937115,963.561744570968,,,-1,-1,1,-0.5,True,Defensive,Defensive,False
2018-01-30 00:00:00+09:00,294038.59375,290760.95625,,54.6511094213996,788.4750502642735,0.015581165536465973,,-1,-1,1,-0.5,True,Defensive,Defensive,False
2018-01-31 00:00:00+09:00,284538.21875,290190.9328125,,42.15688424398311,34.84286867510724,0.017181061800165733,,-1,-1,-1,-1.0,True,Defensive,Defensive,False
2018-02-01 00:00:00+09:00,285013.1875,290238.434375,,50.0,-405.38005181962467,0.014528752183150539,,-1,-1,-1,-1.0,True,Defensive,Defensive,False
2018-02-02 00:00:00+09:00,286913.25,290333.4375,,53.33330409478553,-534.2168092962957,0.01458542698687301,,-1,-1,-1,-1.0,True,Defensive,Defensive,False
2018-02-05 00:00:00+09:00,284538.21875,290309.6890625,,43.373518804739824,-732.7378241832477,0.014713262920101017,,-1,-1,-1,-1.0,True,Defensive,Defensive,False
2018-02-06 00:00:00+09:00,281213.03125,290214.6859375,,40.90908411293204,-1023.495476383622,0.014875682883033963,,-1,-1,-1,-1.0,True,Defensive,Defensive,False
2018-02-07 00:00:00+09:00,267437.375,289074.63125,,26.363505333810977,-2021.4150175507361,0.017436970996605662,,-1,-1,-1,-1.0,True,Defensive,Defensive,False
2018-02-08 00:00:00+09:00,273612.625,288148.3359375,,31.932665330661322,-2132.429897752623,0.018318155109744355,,-1,-1,-1,-1.0,True,Defensive,Defensive,False
2018-02-09 00:00:00+09:00,266962.375,287245.7953125,,24.60309960063259,-2495.3637434067,0.01831280726420525,,-1,-1,-1,-1.0,True,Defensive,Defensive,False
2018-02-12 00:00:00+09:00,260787.0625,286081.990625,,22.302070766613866,-2961.1730837750547,0.01885817929299615,,-1,-1,-1,-1.0,True,Defensive,Defensive,False
2018-02-13 00:00:00+09:00,257936.953125,284490.66796875,,23.846045045138496,-3248.0884882670034,0.018022776757654332,,-1,-1,-1,-1.0,True,Defensive,Defensive,False
2018-02-14 00:00:00+09:00,265537.3125,283326.86640625,,27.73715600074911,-2733.508507784243,0.019638823814074283,,-1,-1,-1,-1.0,True,Defensive,Defensive,False
2018-02-19 00:00:00+09:00,263637.21875,281901.80078125,,24.817430095702733,-2343.6083852508727,0.01929634564174505,,-1,-1,-1,-1.0,True,Defensive,Defensive,False
2018-02-20 00:00:00+09:00,261737.109375,280286.7265625,,24.285633394992658,-2046.953830510306,0.019104578430357497,,-1,-1,-1,-1.0,True,Defensive,Defensive,False
2018-02-21 00:00:00+09:00,279787.90625,279407.9359375,,41.37926601772307,-546.4092633972768,0.02486542783496598,,-1,-1,-1,-1.0,True,Defensive,Defensive,False
2018-02-22 00:00:00+09:00,279312.96875,278505.3984375,,46.45159373541021,449.0255034246011,0.024857374176195778,,-1,-1,1,-0.5,True,Defensive,Defensive,False
2018-02-23 00:00:00+09:00,277887.8125,277887.865625,,45.222890702977494,1014.020736980643,0.024364964555614523,,-1,-1,1,-0.5,True,Defensive,Defensive,False
2018-02-26 00:00:00+09:00,283113.09375,277317.8375,,47.56098588278051,1701.7110525722946,0.024526268912223766,,-1,-1,1,-0.5,True,Defensive,Defensive,False
2018-02-27 00:00:00+09:00,278837.90625,276439.0453125,,46.42854066110667,1820.0781413801005,0.024613320959600917,,-1,-1,1,-0.5,True,Defensive,Defensive,False
2018-02-28 00:00:00+09:00,267437.375,275013.9796875,,42.16214832249872,1116.5283446050244,0.02608150533708875,,-1,-1,-1,-1.0,True,Defensive,Defensive,False
2018-03-02 00:00:00+09:00,261737.109375,273398.90546875,,46.42856793226657,295.93105141038086,0.026340870999233733,,-1,-1,1,-0.5,True,Defensive,Defensive,False
2018-03-05 00:00:00+09:00,262687.125,272306.35078125,,42.675158568436146,-131.28135249270417,0.025624099505380867,,-1,-1,-1,-1.0,True,Defensive,Defensive,False
2018-03-06 00:00:00+09:00,264112.21875,271261.30234375,,47.94518912235548,-258.9149559457437,0.02568123377139882,,-1,-1,-1,-1.0,True,Defensive,Defensive,False
2018-03-07 00:00:00+09:00,268387.40625,270335.01015625,,55.633796618021776,-9.611162340966985,0.025967531311964994,,-1,-1,-1,-1.0,True,Defensive,Defensive,False
2018-03-08 00:00:00+09:00,274562.6875,269836.23359375,,61.744938144218374,584.1622223757204,0.02657601739606908,,-1,-1,1,-0.5,True,Defensive,Defensive,False
2018-03-09 00:00:00+09:00,285963.21875,270073.74296875,,63.69423815771224,1694.8477153200938,0.028084491273592374,,-1,-1,1,-0.5,True,Defensive,Defensive,False
2018-03-12 00:00:00+09:00,292613.5,271332.54921875,,68.26343885032088,2764.2869762635087,0.025752990331406773,,-1,-1,1,-0.5,True,Defensive,Defensive,False
2018-03-13 00:00:00+09:00,292138.53125,272258.84453125,,69.51222716400997,3290.794946544291,0.025415220419916455,,-1,-1,1,-0.5,True,Defensive,Defensive,False
2018-03-14 00:00:00+09:00,286438.25,273232.63828125,,55.07249382179305,3108.4360605396887,0.025154559985884024,,-1,-1,1,-0.5,True,Defensive,Defensive,False
2018-03-15 00:00:00+09:00,293563.59375,274871.46484375,,59.86838830751146,3302.749386134099,0.024735884677191105,,-1,-1,1,-0.5,True,Defensive,Defensive,False
2018-03-16 00:00:00+09:00,294038.59375,276676.546875,,61.333364618456,3291.030295352271,0.02444121374962728,,-1,-1,1,-0.5,True,Defensive,Defensive,False
2018-03-19 00:00:00+09:00,289288.40625,277864.1015625,,54.36244233191649,2809.8282285914247,0.024347327915654512,,-1,-1,1,-0.5,True,Defensive,Defensive,False
2018-03-20 00:00:00+09:00,285488.21875,278956.6515625,,54.72973964095674,2113.811349095829,0.02453383940279249,,-1,-1,1,-0.5,True,Defensive,Defensive,False
2018-03-21 00:00:00+09:00,284538.21875,280096.70703125,,64.28579260308132,1496.713565616817,0.024455381304734666,,-1,-1,1,-0.5,True,Defensive,Defensive,False
2018-03-22 00:00:00+09:00,282163.0625,280215.46484375,,68.06726591391748,867.0685726994702,0.01964294015057641,,-1,-1,1,-0.5,True,Defensive,Defensive,False
2018-03-23 00:00:00+09:00,274087.71875,279954.20234375,,58.95529019471341,-103.18261128596532,0.020720007936979267,,-1,-1,-1,-1.0,True,Defensive,Defensive,False
2018-03-26 00:00:00+09:00,281688.03125,280144.21328125,,62.585063848792885,-235.43805213926407,0.02162798715652824,,-1,-1,-1,-1.0,True,Defensive,Defensive,False
2018-03-27 00:00:00+09:00,289288.40625,280452.97890625,,64.2857631069023,165.01965242767096,0.022047040437278526,,-1,-1,1,-0.5,True,Defensive,Defensive,False
2018-03-28 00:00:00+09:00,289288.40625,280975.50390625,,60.992957105764724,392.9646917708001,0.02171518835806695,,-1,-1,1,-0.5,True,Defensive,Defensive,False
2018-03-29 00:00:00+09:00,291663.5,282186.81015625,282701.41796875,54.918060632597474,651.5101675055096,0.019160464005772142,,-1,-1,1,-0.5,True,Defensive,Defensive,False
2018-03-30 00:00:00+09:00,301163.9375,284158.1515625,282772.67109375,57.03129898657851,1368.9198914414073,0.019098358921591948,0.02114863528143836,1,1,1,1.0,False,Trend,Defensive,False
2018-04-02 00:00:00+09:00,316364.65625,286842.028125,283113.10390625,66.03775068165551,2696.987620422051,0.021272165926424814,0.02206775539165474,1,1,1,1.0,False,Trend,Trend,False
2018-04-03 00:00:00+09:00,327765.15625,290024.675,283841.4705729167,75.43862483875571,4089.5163887195886,0.022027498399084425,0.021800727659722543,1,1,-1,0.5,False,Trend,Trend,False
2018-04-04 00:00:00+09:00,320639.8125,292637.2953125,284435.24765625,66.66666666666666,4257.852525114251,0.023162120193594194,0.022025809821684752,1,1,1,1.0,False,Trend,Trend,False
2018-04-05 00:00:00+09:00,316364.65625,294727.39375,284957.7721354167,63.128527756400224,3822.251778465132,0.02343401403814469,0.022114077219952538,1,1,1,1.0,False,Trend,Trend,False
2018-04-06 00:00:00+09:00,313514.5,296104.9578125,285464.4622395833,64.57142363072958,3113.178490636279,0.02229206299193422,0.022131421888901406,1,1,1,1.0,False,Trend,Trend,False
2018-04-09 00:00:00+09:00,320639.8125,297506.2734375,285971.15130208334,70.32967350737839,2899.3842530752454,0.02226991965406834,0.022091252853709532,1,1,-1,0.5,False,Trend,Trend,False
2018-04-10 00:00:00+09:00,324915.0,299145.096875,286517.42578125,72.4867391524544,2818.7321739974086,0.02230030787247928,0.022133330180341266,1,1,-1,0.5,False,Trend,Trend,False
2018-04-11 00:00:00+09:00,318264.71875,300736.4203125,287071.61796875,69.19193882517897,2122.096583187691,0.022358874775556842,0.022057944950476836,1,1,1,1.0,False,Trend,Trend,False
2018-04-12 00:00:00+09:00,307339.21875,301425.2015625,287459.55234375,67.1568621127787,798.2220893105914,0.023580561584237502,0.022555111040708137,1,1,1,1.0,False,Trend,Trend,False
2018-04-13 00:00:00+09:00,318264.71875,302636.5078125,287934.57421875,68.2464567277743,543.2665536701261,0.024681270012805734,0.022847090354277958,1,1,1,1.0,False,Trend,Trend,False
2018-04-16 00:00:00+09:00,321114.84375,304227.8296875,288472.93255208334,66.66666666666666,455.0641218043529,0.024232500125950497,0.022857498377616813,1,1,1,1.0,False,Trend,Trend,False
2018-04-17 00:00:00+09:00,321589.875,306032.9125,288963.78828125,66.83168655405451,323.39290440951663,0.02386380258812742,0.022822143178132408,1,1,1,1.0,False,Trend,Trend,False
2018-04-18 00:00:00+09:00,328240.21875,308218.0125,289533.81536458334,68.24646662802621,564.7356564168949,0.023969549196507352,0.022943949233614827,1,1,1,1.0,False,Trend,Trend,False
2018-04-19 00:00:00+09:00,323965.0,310308.109375,289977.1700520833,62.0000065786444,328.6937306647469,0.024153338467969312,0.02299002584415682,1,1,1,1.0,False,Trend,Trend,False
2018-04-20 00:00:00+09:00,321114.84375,312659.465625,290373.0221354167,52.87354409695258,-103.99495479626239,0.022964232663557523,0.02302760260261448,1,1,-1,0.5,False,Trend,Trend,False
2018-04-23 00:00:00+09:00,316364.65625,314393.296875,290808.45859375,42.500016446611006,-758.2742937034363,0.023025821356329426,0.022883065363411843,1,1,-1,0.5,False,Trend,Trend,False
2018-04-24 00:00:00+09:00,321589.875,316008.3703125,291259.72890625,50.64103861666221,-878.8085741699688,0.022649229940877567,0.02290136485433311,1,1,-1,0.5,False,Trend,Trend,False
2018-04-25 00:00:00+09:00,317789.6875,317433.434375,291615.99453125,50.96771838654323,-1232.4605455854726,0.022949413588553107,0.022956089073976064,1,1,-1,0.5,False,Trend,Trend,False
2018-04-26 00:00:00+09:00,316839.65625,318692.2421875,291964.34401041665,52.317883679946675,-1528.9878084491338,0.022996188603922864,0.022959627330660218,1,1,-1,0.5,False,Trend,Trend,False
2018-04-27 00:00:00+09:00,317789.6875,319523.5296875,292360.19557291665,47.82609110185651,-1649.4235392190512,0.022037708666080544,0.02293914271766147,1,1,-1,0.5,False,Trend,Trend,False
2018-04-30 00:00:00+09:00,331565.375,320283.565625,293143.98151041666,54.43042296495167,-830.9122804216859,0.021321965940273944,0.023098440490543208,1,1,-1,0.5,False,Trend,Trend,False
2018-05-02 00:00:00+09:00,333940.4375,320592.3296875,293959.4356770833,61.07381987323972,-192.46238809929673,0.01990537244115702,0.02310569549772864,1,1,-1,0.5,False,Trend,Trend,False
2018-05-03 00:00:00+09:00,322539.9375,320687.3359375,294553.21380208334,60.66667982395548,-579.0256260696406,0.020859707415634296,0.023596509888904993,1,1,-1,0.5,False,Trend,Trend,False
2018-05-04 00:00:00+09:00,332515.375,321494.871875,295352.83307291666,60.13513783819464,-222.3008429143174,0.021634275696519142,0.02384030993389828,1,1,-1,0.5,False,Trend,Trend,False
2018-05-08 00:00:00+09:00,330140.25,322326.159375,296168.28671875,56.46257803189344,-206.07500758827246,0.02158549504239797,0.023800831551526052,1,1,-1,0.5,False,Trend,Trend,False
2018-05-09 00:00:00+09:00,332990.375,322943.6875,297260.83671875,57.894720896634766,-70.18496681029683,0.021130769332265004,0.022774220238619528,1,1,-1,0.5,False,Trend,Trend,False
2018-05-10 00:00:00+09:00,325390.0625,322967.440625,298123.79401041666,48.05192863443839,-533.177842207313,0.021658424106618338,0.02289016878215598,1,1,-1,0.5,False,Trend,Trend,False
2018-05-11 00:00:00+09:00,324915.0,323299.9546875,299089.67109375,50.684900644347316,-891.3360463149866,0.021108553803632246,0.022612316298035718,1,1,-1,0.5,False,Trend,Trend,False
2018-05-14 00:00:00+09:00,312089.40625,323537.4640625,299944.71015625,44.3113569592289,-1951.1611806896635,0.0216153645349436,0.02305030974069174,1,1,-1,0.5,False,Trend,Trend,False
2018-05-15 00:00:00+09:00,307339.21875,322991.1890625,300768.08125,44.3113569592289,-2875.419116322715,0.020317282682512556,0.023101797551533396,1,1,-1,0.5,False,Trend,Trend,False
2018-05-16 00:00:00+09:00,312089.40625,322539.9171875,301543.94947916665,43.97587615963616,-3053.4096302125663,0.020544148155756208,0.022906113076963525,1,1,-1,0.5,False,Trend,Trend,False
2018-05-17 00:00:00+09:00,305914.15625,321756.13125,302248.5651041667,42.69005487984334,-3444.6001841501657,0.02094124168190046,0.023058788367341064,1,1,-1,0.5,False,Trend,Trend,False
2018-05-18 00:00:00+09:00,312089.40625,320948.590625,303087.77005208336,47.25272381712489,-3152.8825399986076,0.02091359408630092,0.023132101267687256,1,1,-1,0.5,False,Trend,Trend,False
2018-05-21 00:00:00+09:00,313039.4375,320402.3125,303641.9622395833,47.25272381712489,-2774.6987848522017,0.020794729283169437,0.021564982426362726,1,1,-1,0.5,False,Trend,Trend,False
2018-05-23 00:00:00+09:00,312089.40625,319951.040625,304188.2361979167,36.77410263821457,-2477.0782138879686,0.020730544555349,0.021569438368454347,1,1,-1,0.5,False,Trend,Trend,False
2018-05-24 00:00:00+09:00,319214.78125,320093.546875,304877.01901041664,40.60605770637743,-1724.5555245610267,0.021137978798891465,0.021713639790535477,1,1,-1,0.5,False,Trend,Trend,False
2018-05-25 00:00:00+09:00,318264.71875,319927.2890625,305462.87942708336,46.85312626368808,-1237.7824278955784,0.02081069979848395,0.021617389633683384,1,1,-1,0.5,False,Trend,Trend,False
2018-05-28 00:00:00+09:00,313039.4375,319689.7765625,306032.9049479167,34.58642562764258,-1213.106793970426,0.020970427522993978,0.021636087462848314,1,1,-1,0.5,False,Trend,Trend,False
2018-05-29 00:00:00+09:00,314939.5625,319594.771875,306824.6080729167,37.8787954300341,-1021.8667384838014,0.02101704510210504,0.020867071822798785,1,1,-1,0.5,False,Trend,Trend,False
2018-05-30 00:00:00+09:00,313514.5,319381.0125,307687.5645833333,34.108542549556574,-946.1291071756485,0.021022353969347946,0.02064613569640758,1,1,-1,0.5,False,Trend,Trend,False
2018-05-31 00:00:00+09:00,315889.59375,318597.2234375,308574.27239583334,41.525397743079466,-702.0829358378127,0.01855993115638541,0.02065432934403639,1,1,-1,0.5,False,Trend,Trend,False
2018-06-01 00:00:00+09:00,319689.78125,317884.690625,309500.5651041667,45.60001726236746,-272.7911929826852,0.01872121102216549,0.020684161716186308,1,1,-1,0.5,False,Trend,Trend,False
2018-06-04 00:00:00+09:00,313039.4375,317409.665625,310244.765625,50.892845080614805,-416.20204095476447,0.017688754756460024,0.02084626841423762,1,1,-1,0.5,False,Trend,Trend,False
2018-06-05 00:00:00+09:00,320639.8125,316815.8875,311012.71770833334,61.86437417941278,-0.6577571505524418,0.017123755043984796,0.02086724025973397,1,1,-1,0.5,False,Trend,Trend,False
2018-06-07 00:00:00+09:00,323014.96875,316459.6234375,311630.246875,60.177017425789614,409.9855020795794,0.01719339556437741,0.02027109106027259,1,1,1,1.0,False,Trend,Trend,False
2018-06-08 00:00:00+09:00,321114.84375,315865.846875,312105.26927083335,65.38453266535095,522.2573944214607,0.017068632047283233,0.02010726313760211,1,1,1,1.0,False,Trend,Trend,False
2018-06-11 00:00:00+09:00,312089.40625,315200.8140625,312437.7838541667,50.0,-14.280711669875927,0.017462659305598538,0.020475366992155245,1,1,-1,0.5,False,Trend,Trend,False
2018-06-12 00:00:00+09:00,307814.25,314345.7765625,312794.05052083335,45.29921450219006,-626.1697406498199,0.017656056219685093,0.020387582412573917,1,1,-1,0.5,False,Trend,Trend,False
2018-06-14 00:00:00+09:00,304964.15625,313989.5140625,312984.0598958333,43.80174545422913,-1160.8397072642629,0.015401687243965033,0.020197534455727147,1,1,-1,0.5,False,Trend,Trend,False
2018-06-15 00:00:00+09:00,292613.5,313253.228125,312960.30833333335,28.78792485027418,-2222.739893616824,0.0176024023886516,0.02091094901270228,1,1,-1,0.5,False,Trend,Trend,False
2018-06-18 00:00:00+09:00,292613.5,312279.4328125,313015.7265625,29.23082294965991,-2766.1751027574815,0.01711376055091679,0.020802441665042356,-1,1,-1,-0.19999999999999996,False,MeanReversion,Trend,False
2018-06-19 00:00:00+09:00,285963.21875,311281.8859375,313023.6432291667,28.571513365738426,-3374.2594773767187,0.01728100861633637,0.02094688205195694,-1,1,-1,-0.19999999999999996,False,MeanReversion,Trend,False
2018-06-20 00:00:00+09:00,296413.75,310498.103125,313221.56875,37.086156478944915,-2891.9633857008175,0.01871893236493767,0.021446395525903723,-1,1,-1,-0.19999999999999996,False,MeanReversion,Trend,False
2018-06-21 00:00:00+09:00,291188.4375,309405.553125,313371.99166666664,35.22015623189844,-2745.3250569688516,0.018967643425524087,0.021547870376231893,-1,1,-1,-0.19999999999999996,False,MeanReversion,Trend,False
2018-06-22 00:00:00+09:00,295938.6875,308598.0171875,313736.1744791667,37.19518236609605,-2173.883289635145,0.019478565758860707,0.021285587896666236,-1,1,-1,-0.19999999999999996,False,MeanReversion,MeanReversion,False
2018-06-25 00:00:00+09:00,293088.53125,307291.7046875,313926.1828125,32.71610753844429,-1846.2243296941451,0.01859475904341672,0.021052334795855575,-1,1,-1,-0.19999999999999996,False,MeanReversion,MeanReversion,False
2018-06-26 00:00:00+09:00,295463.625,306151.65,314029.103125,37.908540853655396,-1350.8689681164687,0.018798174428447664,0.020799263726456626,-1,1,-1,-0.19999999999999996,False,MeanReversion,MeanReversion,False
2018-06-27 00:00:00+09:00,293563.59375,305177.8578125,314100.35625,29.787314451279684,-1046.1216837994752,0.018569401841812504,0.020817781885965576,-1,1,-1,-0.19999999999999996,False,MeanReversion,MeanReversion,False
2018-06-28 00:00:00+09:00,304014.0625,304631.5828125,314306.19895833335,37.34177452362166,-86.2548259260966,0.02036840209058994,0.021273466667216027,-1,1,-1,-0.19999999999999996,False,MeanReversion,MeanReversion,False
2018-06-29 00:00:00+09:00,306389.1875,304275.3171875,314393.2864583333,40.25160173195996,718.7575016288538,0.020466226274909124,0.02089436736997904,-1,1,-1,-0.19999999999999996,False,MeanReversion,MeanReversion,False
2018-07-02 00:00:00+09:00,298788.875,303420.28125,314100.3567708333,41.025702659836696,746.2626226358298,0.021031319663713004,0.020132901067717895,-1,1,-1,-0.19999999999999996,False,MeanReversion,MeanReversion,False
2018-07-03 00:00:00+09:00,294038.59375,302137.721875,313538.2473958333,40.76433628114636,465.18087821487825,0.020929635152453552,0.019647819431505106,-1,1,-1,-0.19999999999999996,False,MeanReversion,MeanReversion,False
2018-07-04 00:00:00+09:00,282163.0625,300593.903125,312896.96822916664,36.36363976168912,-450.35941606178676,0.022232266700069173,0.02013380335052626,-1,1,-1,-0.19999999999999996,False,MeanReversion,MeanReversion,True
2018-07-05 00:00:00+09:00,276462.78125,298385.0515625,312231.93697916664,39.50620442417251,-1320.4554141012077,0.021364792628711504,0.020220228637305666,-1,1,-1,-0.19999999999999996,False,MeanReversion,MeanReversion,True
2018-07-06 00:00:00+09:00,277412.8125,296104.94375,311630.2421875,40.243922985032,-1689.0389452819854,0.02123874425259495,0.020213252531404744,-1,1,-1,-0.19999999999999996,False,MeanReversion,MeanReversion,True
2018-07-09 00:00:00+09:00,277887.8125,293943.5921875,310917.7088541667,44.37084505833419,-1750.4281435884923,0.02133893289626768,0.019962680397165884,-1,1,-1,-0.19999999999999996,False,MeanReversion,MeanReversion,True
2018-07-10 00:00:00+09:00,279312.96875,292304.7703125,310157.675,36.36367260952795,-1551.4294302253174,0.020894051426825454,0.01988222076499476,-1,1,-1,-0.19999999999999996,False,MeanReversion,MeanReversion,False
2018-07-11 00:00:00+09:00,280262.96875,290927.20625,309524.3125,40.65044042131117,-1226.4438000940063,0.020890554672466654,0.019752033050920693,-1,1,-1,-0.19999999999999996,False,MeanReversion,MeanReversion,False
2018-07-12 00:00:00+09:00,281688.03125,289763.4,309096.79270833335,37.068964050539876,-806.4156026274832,0.020970573891568742,0.019295573237865196,-1,1,-1,-0.19999999999999996,False,MeanReversion,MeanReversion,False
2018-07-13 00:00:00+09:00,278837.90625,289074.6203125,308439.67916666664,37.06898507327254,-619.8296317636814,0.019123872159785345,0.018724190824390363,-1,1,-1,-0.19999999999999996,False,MeanReversion,MeanReversion,False
2018-07-16 00:00:00+09:00,276937.8125,288290.8359375,307703.3953125,33.04351059448081,-527.300378880087,0.019139612478276925,0.01867601211314391,-1,1,-1,-0.19999999999999996,False,MeanReversion,MeanReversion,False
2018-07-17 00:00:00+09:00,269337.46875,287459.5484375,306832.521875,29.92126351340852,-861.1494049298817,0.019437125929269907,0.018952268355566466,-1,1,-1,-0.19999999999999996,False,MeanReversion,MeanReversion,True
2018-07-18 00:00:00+09:00,266487.34375,285963.228125,305803.3072916667,14.414450722139023,-1139.6325613559602,0.017192598623142073,0.01872474414734293,-1,1,-1,-0.19999999999999996,False,MeanReversion,MeanReversion,True
2018-07-19 00:00:00+09:00,259362.0,284371.90625,304726.590625,9.090918976167927,-1639.0519358887914,0.017667719696508745,0.018932761578842137,-1,1,-1,-0.19999999999999996,False,MeanReversion,MeanReversion,True
2018-07-20 00:00:00+09:00,261737.109375,282661.82734375,303736.96171875,14.545450739632898,-1640.7370082659363,0.01727149889131823,0.018992082531115756,-1,1,-1,-0.19999999999999996,False,MeanReversion,MeanReversion,True
2018-07-23 00:00:00+09:00,265537.3125,281284.26640625,302889.83932291664,22.222276367397484,-1235.6778031143513,0.017842555439587852,0.019068304803063315,-1,1,-1,-0.19999999999999996,False,MeanReversion,MeanReversion,True
2018-07-24 00:00:00+09:00,265537.3125,279787.95078125,301955.62994791666,28.915714217776582,-836.6167634213834,0.017622808224281732,0.01890383876507637,-1,1,-1,-0.19999999999999996,False,MeanReversion,MeanReversion,True
2018-07-25 00:00:00+09:00,265537.3125,278386.63671875,301084.75703125,33.80288737281688,-460.32787791787814,0.017660388394403728,0.018873431750624725,-1,1,-1,-0.19999999999999996,False,MeanReversion,MeanReversion,False
2018-07-26 00:00:00+09:00,254611.796875,275916.5234375,300047.62604166666,23.91312198039782,-814.2295254987421,0.01685641828078371,0.019534183052673407,-1,1,-1,-0.19999999999999996,False,MeanReversion,MeanReversion,True
2018-07-27 00:00:00+09:00,250811.578125,273137.64296875,298931.32421875,21.212214847294476,-1150.6727495544492,0.01643728093072629,0.019569003087464332,-1,1,-1,-0.19999999999999996,False,MeanReversion,MeanReversion,True
2018-07-30 00:00:00+09:00,251761.65625,270786.28203125,297601.26223958336,20.408163950295062,-1152.760997263158,0.016308724902012007,0.0186299769378012,-1,1,-1,-0.19999999999999996,False,MeanReversion,MeanReversion,True
2018-07-31 00:00:00+09:00,254136.734375,268791.1890625,296271.2005208333,22.77229431759227,-851.6050075017574,0.016682484368286208,0.018656252409871923,-1,1,-1,-0.19999999999999996,False,MeanReversion,MeanReversion,True
2018-08-01 00:00:00+09:00,262687.125,267817.3921875,295273.6536458333,32.75861971185583,19.86649803684486,0.016999899620356734,0.01885021517481098,-1,1,-1,-0.19999999999999996,False,MeanReversion,MeanReversion,False
2018-08-02 00:00:00+09:00,256511.859375,266819.84609375,294006.9283854167,30.894317422394153,263.3144838336957,0.01719175527853888,0.018495274775350286,-1,1,-1,-0.19999999999999996,False,MeanReversion,MeanReversion,False
2018-08-03 00:00:00+09:00,261737.109375,266036.0609375,292866.87604166666,37.69232073279934,827.3216751322088,0.01794993823705743,0.01875881824771449,-1,1,-1,-0.19999999999999996,False,MeanReversion,MeanReversion,False
2018-08-06 00:00:00+09:00,258887.0,265086.0203125,291631.81979166664,40.83335434842436,1045.4467739816573,0.018001619193384225,0.018708314223185186,-1,1,-1,-0.19999999999999996,False,MeanReversion,MeanReversion,False
2018-08-07 00:00:00+09:00,263162.15625,264278.4796875,290594.68802083336,47.154443497761925,1487.6802216151118,0.018457109709334764,0.018726590054421156,-1,1,1,0.30000000000000004,False,Trend,MeanReversion,False
2018-08-08 00:00:00+09:00,256986.84375,263114.6734375,289462.5520833333,47.933844981150294,1376.8826069087154,0.018954882377054786,0.018904845450714285,-1,1,1,0.30000000000000004,False,Trend,MeanReversion,False
2018-08-09 00:00:00+09:00,255561.8125,261808.3625,288520.42552083335,44.537804673435296,1225.27768824313,0.018825823375041552,0.01829440690009504,-1,1,-1,-0.19999999999999996,False,MeanReversion,MeanReversion,False
2018-08-10 00:00:00+09:00,251286.625,260430.7984375,287586.215625,37.499965736208274,871.3599532865192,0.018984115010183582,0.018312515263012228,-1,1,-1,-0.19999999999999996,False,MeanReversion,MeanReversion,False
2018-08-13 00:00:00+09:00,244161.296875,258791.97265625,286454.08046875,33.33330084618464,225.31409518608052,0.01970312569205568,0.018434172497243544,-1,1,-1,-0.19999999999999996,False,MeanReversion,MeanReversion,True
2018-08-14 00:00:00+09:00,247486.4375,257699.42109375,285480.28515625,36.61967720146138,96.44574540831127,0.019493644419305872,0.018452112440890657,-1,1,-1,-0.19999999999999996,False,MeanReversion,MeanReversion,False
2018-08-16 00:00:00+09:00,244636.328125,256606.8703125,284356.0671875,41.59998105347918,-95.82011755864733,0.01951112487803203,0.01821875967673188,-1,1,-1,-0.19999999999999996,False,MeanReversion,MeanReversion,False
2018-08-17 00:00:00+09:00,247486.4375,256013.0921875,283263.5171875,47.154475240836476,46.249617967263475,0.0190412086077659,0.018308343613258934,-1,1,1,0.30000000000000004,False,Trend,MeanReversion,False
2018-08-20 00:00:00+09:00,242261.21875,255039.29765625,282099.7140625,42.42421826018223,-125.02708855701712,0.01929266786797074,0.018445403710506073,-1,1,-1,-0.19999999999999996,False,MeanReversion,MeanReversion,True
2018-08-21 00:00:00+09:00,245586.359375,254041.75,280872.57369791664,43.283577693029756,62.224255687513505,0.019254390561435342,0.01826042374156478,-1,1,-1,-0.19999999999999996,False,MeanReversion,MeanReversion,False
2018-08-22 00:00:00+09:00,244161.296875,252972.94921875,279637.51666666666,33.6134149493263,161.08932366565568,0.019236230783415423,0.018260440143388547,-1,1,-1,-0.19999999999999996,False,MeanReversion,MeanReversion,False
2018-08-23 00:00:00+09:00,257461.890625,252569.178125,278711.22421875,50.746260962802076,1138.7627406798547,0.023111438373515755,0.019635157479697407,-1,1,1,0.30000000000000004,False,Trend,MeanReversion,False
2018-08-24 00:00:00+09:00,256036.8125,252640.42890625,277729.51171875,45.2380523499797,1673.65150163233,0.02110161379093888,0.019599021803091234,-1,1,1,0.30000000000000004,False,Trend,Trend,False
2018-08-27 00:00:00+09:00,256036.8125,252901.690625,276771.55026041664,47.49994380725835,1990.1022319967205,0.02079276305724755,0.01960351440744536,-1,1,1,0.30000000000000004,False,Trend,Trend,False
2018-08-28 00:00:00+09:00,247011.421875,252664.17890625,275623.5807291667,36.923054734699114,1572.5361761682943,0.02235021950385278,0.019991441476890238,-1,1,-1,-0.19999999999999996,False,MeanReversion,Trend,False
2018-08-29 00:00:00+09:00,248436.484375,252379.16640625,274436.02578125,42.50000753805278,1380.1314979007875,0.022276318229719205,0.01992289274356063,-1,1,-1,-0.19999999999999996,False,MeanReversion,MeanReversion,False
2018-08-30 00:00:00+09:00,251286.625,251809.14140625,273406.81223958335,46.34146341463415,1426.7393379957193,0.021014832947651184,0.01989873917288676,-1,1,1,0.30000000000000004,False,Trend,MeanReversion,False
2018-08-31 00:00:00+09:00,249861.5625,251476.6265625,272227.17473958334,48.71794871794872,1344.6270308301882,0.020418272530815663,0.019565815582424425,-1,1,1,0.30000000000000004,False,Trend,MeanReversion,False
2018-09-03 00:00:00+09:00,246536.40625,250716.59140625,270952.53203125,52.29358324192114,1061.8156707583685,0.019933517773674816,0.019542016335151232,-1,1,1,0.30000000000000004,False,Trend,MeanReversion,False
2018-09-04 00:00:00+09:00,247486.4375,250146.56328125,269725.3919270833,50.0,938.4478572658263,0.019897165125536524,0.01957069325966441,-1,1,1,0.30000000000000004,False,Trend,MeanReversion,False
2018-09-05 00:00:00+09:00,247961.484375,249386.5296875,268656.59322916664,53.53536226124967,889.0320088157205,0.019442056909767132,0.019326514479210917,-1,1,1,0.30000000000000004,False,Trend,MeanReversion,False
2018-09-06 00:00:00+09:00,247961.484375,248935.26171875,267659.04713541665,50.53766331237951,856.2156142509921,0.018822040113734815,0.01928803435864703,-1,1,1,0.30000000000000004,False,Trend,MeanReversion,False
2018-09-07 00:00:00+09:00,249861.5625,248650.24921875,266740.6705729167,59.302326470882974,954.830783855391,0.0189138392629632,0.019327108842040426,-1,1,1,0.30000000000000004,False,Trend,MeanReversion,False
2018-09-10 00:00:00+09:00,244636.328125,248317.734375,265941.05104166665,48.88890269593045,673.7580912643716,0.019123508480293944,0.018822835461744437,-1,1,1,0.30000000000000004,False,Trend,MeanReversion,False
2018-09-11 00:00:00+09:00,243686.28125,248293.98359375,265125.59739583335,49.43820930671765,440.7355450769628,0.018023302034523993,0.01881908063246784,-1,1,1,0.30000000000000004,False,Trend,MeanReversion,False
2018-09-12 00:00:00+09:00,244636.328125,248151.478125,264436.81588541664,28.57147332411627,370.300345392649,0.017766909435394777,0.018655593446953635,-1,1,-1,-0.19999999999999996,False,MeanReversion,MeanReversion,False
2018-09-13 00:00:00+09:00,246061.359375,248222.7296875,263597.609375,33.33331592948308,434.932477983401,0.017625024209997477,0.017996065161348388,-1,1,-1,-0.19999999999999996,False,MeanReversion,MeanReversion,False
2018-09-14 00:00:00+09:00,255086.796875,248602.74765625,262995.9153645833,48.780523026676015,1064.8829464102532,0.01922390541337968,0.0185831328143523,-1,1,1,0.30000000000000004,False,Trend,MeanReversion,False
2018-09-17 00:00:00+09:00,250336.578125,249006.515625,262235.8802083333,54.79452548594108,1134.5836681355322,0.01907269519238515,0.01854513898989006,-1,1,1,0.30000000000000004,False,Trend,Trend,False
2018-09-18 00:00:00+09:00,246061.359375,249030.265625,261452.09401041668,46.83542406416756,877.2043200927701,0.01929826581532921,0.018618113346759873,-1,1,1,0.30000000000000004,False,Trend,Trend,False
2018-09-19 00:00:00+09:00,242736.234375,248959.0125,260573.30416666667,38.74999948604319,486.9432090839814,0.01950135556604037,0.018611634238794854,-1,1,-1,-0.19999999999999996,False,MeanReversion,Trend,False
2018-09-20 00:00:00+09:00,239411.046875,248056.4703125,259670.76171875,36.904726009400406,32.73868503467929,0.015113629764820427,0.018656945560321575,-1,1,-1,-0.19999999999999996,False,MeanReversion,Trend,False
2018-09-21 00:00:00+09:00,236560.953125,247082.67734375,258546.54322916668,37.349399500260574,-407.48942469677513,0.015224392164798095,0.017992820908361674,-1,1,-1,-0.19999999999999996,False,MeanReversion,Trend,False
2018-09-27 00:00:00+09:00,242261.21875,246393.89765625,257477.74375,44.08604584537355,-269.28719280792893,0.016433020290118255,0.01828998613121801,-1,1,-1,-0.19999999999999996,False,MeanReversion,Trend,False
2018-09-28 00:00:00+09:00,247961.484375,246441.40078125,256630.62057291667,50.0,224.83294177032985,0.015451217638906506,0.018405275041828626,-1,1,1,0.30000000000000004,False,Trend,Trend,False
2018-10-01 00:00:00+09:00,256036.8125,246821.4171875,255997.25755208332,57.02476373259682,1067.1914289468973,0.01699127511658296,0.018873800896498566,-1,1,1,0.30000000000000004,False,Trend,Trend,False
2018-10-02 00:00:00+09:00,251286.625,246821.4171875,255482.65026041667,51.181101546449966,1262.734355623239,0.017398350522447713,0.018302300842403623,-1,1,1,0.30000000000000004,False,Trend,Trend,False
2018-10-04 00:00:00+09:00,216135.015625,245135.08984375,254477.1875,34.21050991471991,-900.4106112770373,0.037958050921687005,0.026447433865001528,-1,-1,-1,-1.0,True,Defensive,Trend,False
2018-10-05 00:00:00+09:00,213759.875,243496.26328125,253416.30520833333,33.67872945492995,-2334.769939165538,0.03794166880227068,0.026443593458726353,-1,-1,-1,-1.0,True,Defensive,Trend,False
2018-10-08 00:00:00+09:00,211859.828125,241714.9328125,252315.83880208334,32.307676477405025,-3201.5082751250866,0.03785454320683194,0.026437973398607918,-1,-1,-1,-1.0,True,Defensive,Trend,False
2018-10-10 00:00:00+09:00,201409.3125,239387.32421875,251017.44453125,28.037379011687392,-4205.410969414746,0.038951859385925366,0.027064374099294044,-1,-1,-1,-1.0,True,Defensive,Trend,False
2018-10-11 00:00:00+09:00,187633.6875,236370.934375,249473.62317708333,18.303548549620857,-5445.275118069535,0.04111789980573739,0.02832112965867806,-1,-1,-1,-1.0,True,Defensive,Trend,False
2018-10-12 00:00:00+09:00,197134.109375,233734.56171875,248064.39114583333,26.068348795502686,-5270.205789603631,0.04327469898787816,0.029197469335402793,-1,-1,-1,-1.0,True,Defensive,Trend,False
2018-10-15 00:00:00+09:00,188108.703125,230908.18046875,246552.23776041667,24.999979778736233,-5387.724199159178,0.04394250530327223,0.02966790002083392,-1,-1,-1,-1.0,True,Defensive,Trend,False
2018-10-16 00:00:00+09:00,187633.6875,228105.55078125,245063.83567708332,25.630227072609912,-5124.524757630859,0.04395865008285971,0.029672432519771797,-1,-1,-1,-1.0,True,Defensive,Trend,False
2018-10-17 00:00:00+09:00,188108.703125,225279.16953125,243710.02291666667,26.724117397190113,-4564.187488978841,0.04393202680454757,0.029561000263476564,-1,-1,-1,-1.0,True,Defensive,Trend,False
2018-10-18 00:00:00+09:00,180983.375,222025.2703125,242284.95677083332,25.72611168609849,-4321.617268146711,0.04404657156675976,0.029854864455728346,-1,-1,-1,-1.0,True,Defensive,Trend,False
2018-10-19 00:00:00+09:00,180983.375,218320.09921875,240978.64635416667,21.834024378927978,-3826.3615737225136,0.04254584976266775,0.029741897707825395,-1,-1,-1,-1.0,True,Defensive,Trend,False
2018-10-22 00:00:00+09:00,186683.640625,215137.45234375,239727.75520833334,21.834024378927978,-2826.1909543073343,0.04388170768175662,0.0300630403146746,-1,-1,-1,-1.0,True,Defensive,Trend,False
2018-10-23 00:00:00+09:00,179558.3125,211812.3,238294.771875,14.537435550260426,-2374.0380076436377,0.044214958018548446,0.030248097995093627,-1,-1,-1,-1.0,True,Defensive,Trend,False
2018-10-24 00:00:00+09:00,180983.375,208724.65703125,236885.53958333333,16.363620324787775,-1737.9976587515393,0.044530471043647706,0.03029416412353933,-1,-1,-1,-1.0,True,Defensive,Trend,False
2018-10-25 00:00:00+09:00,181933.421875,205850.77578125,235492.14140625,25.67565585323929,-1046.3956739687455,0.044753111368189304,0.030320408754283542,-1,-1,-1,-1.0,True,Defensive,Trend,False
2018-10-26 00:00:00+09:00,174333.078125,202739.38203125,234154.16276041666,23.89936404321304,-899.5046580887192,0.045213918516762486,0.030333655942333046,-1,-1,-1,-1.0,True,Defensive,Trend,False
2018-10-29 00:00:00+09:00,152007.03125,198226.67265625,232507.4203125,18.811861034934708,-2039.438012933304,0.05173387046881371,0.03470293527917184,-1,-1,-1,-1.0,True,Defensive,Trend,False
2018-10-30 00:00:00+09:00,148681.859375,193262.69140625,230789.42369791667,20.32083736656476,-2708.9310185469003,0.050566255646492135,0.034710605599873406,-1,-1,-1,-1.0,True,Defensive,Trend,False
2018-10-31 00:00:00+09:00,145356.734375,187728.6875,228976.42369791667,23.03028829026745,-3042.2880043629375,0.04873187202509085,0.034672598099134616,-1,-1,-1,-1.0,True,Defensive,Trend,False
2018-11-01 00:00:00+09:00,156757.25,183002.21875,227210.92578125,24.852063174469407,-2200.796348304426,0.05397986059110872,0.03596029417031805,-1,-1,-1,-1.0,True,Defensive,Trend,False
2018-11-02 00:00:00+09:00,166257.6875,180508.35234375,225706.68958333333,36.47057981280658,-783.2871941844423,0.04801844798578412,0.03693784982663352,-1,1,-1,-0.19999999999999996,False,MeanReversion,Trend,False
2018-11-05 00:00:00+09:00,164832.640625,178061.990625,224091.61510416667,36.04650873707387,225.4967772946402,0.04802708644237654,0.03676254857024413,-1,-1,-1,-1.0,True,Defensive,Trend,False
2018-11-06 00:00:00+09:00,165307.640625,175734.38125,222531.95911458333,36.046496506623214,1045.9601998334765,0.048152104780770914,0.03678520930338833,-1,-1,-1,-1.0,True,Defensive,Defensive,False
2018-11-07 00:00:00+09:00,159607.390625,173644.28515625,220806.04635416667,36.68638120390445,1308.9039189494033,0.04762728314533943,0.03681960280270433,-1,1,-1,-0.19999999999999996,False,MeanReversion,Defensive,False
2018-11-08 00:00:00+09:00,153907.125,171957.95703125,219088.05104166668,34.2541320999882,1205.6368907150681,0.045966040884960556,0.036944992547318485,-1,1,-1,-0.19999999999999996,False,MeanReversion,Defensive,False
2018-11-09 00:00:00+09:00,149156.890625,169559.09609375,217314.63567708334,27.932937487412374,936.1303735630536,0.0439868689716864,0.03705953557352742,-1,1,-1,-0.19999999999999996,False,MeanReversion,Defensive,False
2018-11-12 00:00:00+09:00,149156.890625,167611.50546875,215612.4734375,30.487780663067525,877.5713722368382,0.04338502862070913,0.03706261238506318,-1,1,-1,-0.19999999999999996,False,MeanReversion,Defensive,False
2018-11-13 00:00:00+09:00,145356.734375,165497.6578125,213965.73072916668,27.810635339840744,709.7826900225264,0.04344105140688869,0.03703742400054755,-1,1,-1,-0.19999999999999996,False,MeanReversion,Defensive,False
2018-11-14 00:00:00+09:00,145356.734375,163360.059375,212263.56901041666,26.946088559650022,723.2260756297328,0.04339786009457042,0.03694122792631117,-1,1,-1,-0.19999999999999996,False,MeanReversion,Defensive,False
2018-11-15 00:00:00+09:00,153432.109375,161982.49609375,210743.49869791666,36.904749784235996,1363.2606742427924,0.04540831449309196,0.037821263231380534,-1,1,-1,-0.19999999999999996,False,MeanReversion,Defensive,False
2018-11-16 00:00:00+09:00,152957.078125,160581.18125,209168.009375,50.81967566710623,1813.704736409747,0.04538392394830126,0.03774130097588935,-1,1,1,0.30000000000000004,False,Trend,Defensive,False
2018-11-19 00:00:00+09:00,150106.921875,158752.3453125,207632.10442708334,51.239667848830216,1965.995372505051,0.044464157965918745,0.03772757991247691,-1,1,1,0.30000000000000004,False,Trend,Defensive,False
2018-11-20 00:00:00+09:00,142506.59375,156899.759375,205914.10833333334,47.692298349847015,1615.8001176091439,0.044989236209314214,0.038039798624326715,-1,1,1,0.30000000000000004,False,Trend,Defensive,False
2018-11-21 00:00:00+09:00,147256.828125,155213.43203125,204299.03385416666,41.37932110064167,1753.5155652144658,0.04589085279459228,0.03842039342150268,-1,1,-1,-0.19999999999999996,False,MeanReversion,Defensive,False
2018-11-22 00:00:00+09:00,149631.90625,153598.35625,202501.86744791668,32.67323185708824,2034.2511776692409,0.04614521047906798,0.03770688252614391,-1,1,-1,-0.19999999999999996,False,MeanReversion,Defensive,False
2018-11-23 00:00:00+09:00,145356.734375,152149.5390625,200657.19947916668,30.841089892054768,1960.8725452681065,0.045731275980907246,0.0377913690456814,-1,1,-1,-0.19999999999999996,False,MeanReversion,Defensive,False
2018-11-26 00:00:00+09:00,147256.828125,151912.02890625,198844.19973958333,32.72728033893196,2059.010394153778,0.03458462849134281,0.03788340860935809,-1,1,-1,-0.19999999999999996,False,MeanReversion,Defensive,False
2018-11-27 00:00:00+09:00,153432.109375,152149.54140625,197284.54453125,44.1441446780819,2527.646479929108,0.03548546236001828,0.03826626335845731,-1,1,-1,-0.19999999999999996,False,MeanReversion,MeanReversion,False
2018-11-28 00:00:00+09:00,161032.4375,152933.3265625,195827.81041666667,56.52173042522678,3289.1191496176034,0.03647355226214682,0.038914151683641776,-1,1,1,0.30000000000000004,False,Trend,MeanReversion,False
2018-11-29 00:00:00+09:00,158182.328125,153004.58046875,194276.07213541667,58.55859299758486,3519.7993863116135,0.03277831159999819,0.03886000645448859,-1,1,1,0.30000000000000004,False,Trend,Trend,False
2018-11-30 00:00:00+09:00,163882.578125,152885.825,192843.0890625,62.60165493294853,3943.338195304759,0.03094882621035116,0.03925635939249494,-1,1,1,0.30000000000000004,False,Trend,Trend,False
2018-12-03 00:00:00+09:00,166732.703125,152980.828125,191513.02734375,68.59505502690725,4274.678432400706,0.03114121242636985,0.039371229496408484,-1,1,1,0.30000000000000004,False,Trend,Trend,False
2018-12-04 00:00:00+09:00,165307.640625,152980.828125,190143.38072916667,66.93549841793978,4248.285652613865,0.03120196948423231,0.039348462994929154,-1,1,1,0.30000000000000004,False,Trend,Trend,False
2018-12-05 00:00:00+09:00,161507.484375,153075.8328125,188702.48072916668,57.39132200698253,3837.800664598438,0.03060802576295052,0.039388932372816286,-1,1,1,0.30000000000000004,False,Trend,Trend,False
2018-12-06 00:00:00+09:00,152957.078125,153028.33046875,187119.07395833332,50.0,2896.195441362259,0.03198797074374839,0.03984501112144584,-1,1,1,0.30000000000000004,False,Trend,Trend,False
2018-12-07 00:00:00+09:00,161032.4375,153622.1078125,185638.58854166666,58.04198426136504,2725.471352046018,0.03309789570540168,0.04053291966065106,-1,1,1,0.30000000000000004,False,Trend,Trend,False
2018-12-10 00:00:00+09:00,165307.640625,154429.6453125,184316.44375,67.64708798928453,2798.1412673570085,0.033454959545795346,0.04071976740783452,-1,1,1,0.30000000000000004,False,Trend,Trend,False
2018-12-11 00:00:00+09:00,165782.6875,155450.94296875,183018.05052083332,65.35436293098292,2770.661728429789,0.03266391595067148,0.040736551629702994,-1,1,1,0.30000000000000004,False,Trend,Trend,False
2018-12-12 00:00:00+09:00,179083.296875,157137.27109375,181925.5,70.66671344818928,3494.033512012852,0.03621201558141353,0.0421258295680905,-1,1,-1,-0.19999999999999996,False,MeanReversion,Trend,False
2018-12-13 00:00:00+09:00,183833.515625,158657.34140625,180888.36927083333,76.82121845298052,4096.474450367219,0.03495863103693983,0.04229778778925663,-1,1,-1,-0.19999999999999996,False,MeanReversion,MeanReversion,False
2018-12-14 00:00:00+09:00,178133.234375,159916.14921875,179605.80989583334,70.44025222287962,3915.274138646555,0.036037701450909,0.04208937283344091,-1,1,-1,-0.19999999999999996,False,MeanReversion,MeanReversion,False
2018-12-17 00:00:00+09:00,180508.34375,161436.2203125,178442.00598958333,68.8741733395286,3758.8303551545177,0.03550940148793978,0.042127309309955695,-1,1,1,0.30000000000000004,False,Trend,MeanReversion,False
2018-12-18 00:00:00+09:00,190483.8125,163835.08125,177515.71354166666,69.8718091990542,4102.574570358818,0.03374949342895133,0.04278338426678765,-1,1,1,0.30000000000000004,False,Trend,Trend,False
2018-12-19 00:00:00+09:00,195709.03125,166257.69140625,176731.92682291666,74.53414715121178,4429.306838261546,0.033610209489431594,0.04295472065452388,-1,1,-1,-0.19999999999999996,False,MeanReversion,Trend,False
2018-12-20 00:00:00+09:00,195709.03125,168561.54765625,176003.55989583334,72.48321066075854,4384.691961986618,0.033755777771728925,0.04293608876123256,-1,1,-1,-0.19999999999999996,False,MeanReversion,MeanReversion,False
2018-12-21 00:00:00+09:00,193808.96875,170984.159375,175291.02682291667,69.38777199846498,3978.4115256968366,0.03274282016069194,0.042929493464821354,-1,1,1,0.30000000000000004,False,Trend,MeanReversion,False
2018-12-24 00:00:00+09:00,190483.8125,173145.50859375,174428.07005208332,67.54967911678858,3266.7302563697567,0.033502683252741645,0.04281705543965661,-1,1,1,0.30000000000000004,False,Trend,Trend,False
2018-12-26 00:00:00+09:00,190008.8125,174974.34375,173462.1921875,70.83334760990735,2575.3819439723247,0.03298445022400216,0.042667932799144846,1,1,-1,0.5,False,Trend,Trend,True
2018-12-27 00:00:00+09:00,200215.484375,176933.49609375,172531.83671875,83.72738136072913,2608.8290843311997,0.033234400357809786,0.04304045711034637,1,1,-1,0.5,False,Trend,Trend,False
2018-12-28 00:00:00+09:00,200215.484375,179035.15390625,171680.65104166666,81.60736419325639,2437.498614879023,0.0326562905382812,0.04300046232813174,1,1,-1,0.5,False,Trend,Trend,False
2019-01-02 00:00:00+09:00,184924.578125,180087.25390625,171160.47708333333,63.43630457638553,1165.4134661891876,0.03795251609163399,0.03973476524451174,1,1,1,1.0,False,Trend,Trend,False
2019-01-03 00:00:00+09:00,185880.25,181044.63125,170695.81666666668,63.67546266605199,304.24386317072185,0.03786087614538464,0.039731423222444585,1,1,1,1.0,False,Trend,Trend,False
2019-01-04 00:00:00+09:00,177756.9375,181667.09609375,170127.43515625,49.02906324911693,-834.3209089283228,0.03939402140636832,0.040098559963862156,1,1,-1,0.5,False,Trend,Trend,False
2019-01-07 00:00:00+09:00,177756.9375,182479.56875,169733.22890625,45.21927244127244,-1566.7537398990517,0.0388987248446751,0.03960828514504819,1,1,-1,0.5,False,Trend,Trend,False
2019-01-08 00:00:00+09:00,179668.296875,183815.1296875,169600.47239583332,51.28427155590276,-1880.6861602430226,0.03632380435153988,0.038594785555368924,1,1,-1,0.5,False,Trend,Trend,False
2019-01-09 00:00:00+09:00,175845.578125,184555.78671875,169245.66354166667,46.19126957000301,-2277.502780585777,0.03538706839675616,0.0381167863186101,1,1,-1,0.5,False,Trend,Trend,False
2019-01-10 00:00:00+09:00,176323.421875,185106.57578125,169049.2421875,36.308918264575155,-2425.8250874269943,0.03501320141288654,0.037660272259214235,1,1,-1,0.5,False,Trend,Trend,False
2019-01-11 00:00:00+09:00,173934.234375,185514.153125,168820.91796875,27.72531036367735,-2588.0589626837345,0.03521612946087375,0.03769484325593053,1,1,-1,0.5,False,Trend,Trend,False
2019-01-14 00:00:00+09:00,177279.078125,185423.9421875,168640.42421875,32.354473252340114,-2378.6765831727676,0.030848123626639842,0.037783235760865584,1,1,-1,0.5,False,Trend,Trend,False
2019-01-15 00:00:00+09:00,181101.8125,185287.35703125,168642.39817708332,38.26571159949511,-1911.4291565608578,0.03064587925679195,0.03756337785776745,1,1,-1,0.5,False,Trend,Trend,False
2019-01-16 00:00:00+09:00,174889.890625,185125.18984375,168540.84010416668,36.32883742427177,-1943.0825816931201,0.030834520715128596,0.037832838553331374,1,1,-1,0.5,False,Trend,Trend,False
2019-01-17 00:00:00+09:00,166766.609375,184438.103125,168208.88958333334,32.033054808627696,-2403.3278823123683,0.032326151636660715,0.03808018917310698,1,1,-1,0.5,False,Trend,Trend,False
2019-01-18 00:00:00+09:00,164855.234375,183156.67421875,167963.83828125,18.644008147091014,-2706.1724329882877,0.02934692762420025,0.03779178428325147,1,1,-1,0.5,False,Trend,Trend,False
2019-01-21 00:00:00+09:00,165810.921875,181661.76875,167710.9640625,19.99995095119263,-2705.3484860392655,0.02840914649377471,0.03778388903071323,1,1,-1,0.5,False,Trend,Trend,False
2019-01-22 00:00:00+09:00,167244.4375,180238.5390625,167466.14765625,29.670266096191042,-2477.574289396616,0.028605870020132585,0.03779652464792511,1,1,-1,0.5,False,Trend,Trend,False
2019-01-23 00:00:00+09:00,170111.484375,179053.66484375,167395.78776041666,32.631539454694206,-2022.360864418099,0.029133145321209267,0.03747588719585576,1,1,-1,0.5,False,Trend,Trend,False
2019-01-24 00:00:00+09:00,170589.3125,178058.93984375,167705.49244791668,40.50629191401506,-1596.320966773415,0.029088342355443005,0.03290408736639701,1,1,-1,0.5,False,Trend,Trend,False
2019-01-25 00:00:00+09:00,172978.53125,177207.42578125,168110.43697916667,44.04761163282816,-1085.2813635922585,0.029407500976911166,0.03278646133259386,1,1,-1,0.5,False,Trend,Trend,False
2019-01-28 00:00:00+09:00,172022.84375,175797.79375,168554.87213541666,40.24388833614799,-758.7456589570568,0.026170863634871217,0.03263830362969748,1,1,-1,0.5,False,Trend,Trend,False
2019-01-29 00:00:00+09:00,169155.8125,174244.81015625,168761.51484375,41.24999335796948,-685.2191227498749,0.026184210950054815,0.03130160596798387,1,1,-1,0.5,False,Trend,Trend,False
2019-01-30 00:00:00+09:00,170589.3125,173528.046875,168833.70859375,42.6828854932183,-498.1166036998429,0.020367012466066477,0.03039352095771568,1,1,-1,0.5,False,Trend,Trend,False
2019-01-31 00:00:00+09:00,173456.390625,172906.85390625,168977.43776041668,49.39758608952175,-157.01216682119616,0.020798510620775236,0.03044126832478891,1,1,-1,0.5,False,Trend,Trend,False
2019-02-01 00:00:00+09:00,174412.078125,172739.6109375,169129.17838541666,46.153907424471214,141.1138085680068,0.01845848865066476,0.030446097201983543,1,1,1,1.0,False,Trend,Trend,False
2019-02-07 00:00:00+09:00,169633.640625,172333.44609375,169296.28255208334,35.000022480663574,30.41337221443564,0.019404225758827456,0.030313974327954057,1,1,-1,0.5,False,Trend,Trend,False
2019-02-08 00:00:00+09:00,162466.03125,171473.3328125,169438.93098958334,34.14635897039172,-483.2691246868899,0.02115897668131145,0.03046853262682818,1,1,-1,0.5,False,Trend,Trend,False
2019-02-11 00:00:00+09:00,163899.546875,170876.03125,169684.64192708334,45.588214079283844,-672.5997129778821,0.021001231731305917,0.03018772245479036,1,1,-1,0.5,False,Trend,Trend,False
2019-02-12 00:00:00+09:00,162466.03125,170183.16171875,169906.4609375,46.26866108698803,-830.1420320688958,0.020979043982077707,0.030216760165199162,1,1,-1,0.5,False,Trend,Trend,False
2019-02-13 00:00:00+09:00,162466.03125,169609.7515625,170191.61588541666,44.61537997171775,-866.1257713281811,0.020873709869816376,0.030005489873372173,-1,1,-1,-0.19999999999999996,False,MeanReversion,Trend,False
2019-02-14 00:00:00+09:00,164855.234375,168988.559375,170516.59088541666,46.26866108698803,-669.5851830021825,0.020644213137414127,0.03004935416892318,-1,1,-1,-0.19999999999999996,False,MeanReversion,Trend,False
2019-02-15 00:00:00+09:00,171545.015625,168510.71953125,170818.47265625,52.000010463726184,-61.62686422049046,0.022173512559863,0.029684908619959094,-1,1,-1,-0.19999999999999996,False,MeanReversion,MeanReversion,False
2019-02-18 00:00:00+09:00,176801.234375,168606.28671875,171215.87526041668,57.64704524602272,680.9837882536158,0.021975261012396885,0.02990080308503829,-1,1,1,0.30000000000000004,False,Trend,MeanReversion,False
2019-02-19 00:00:00+09:00,177756.9375,169155.803125,171676.70885416667,56.09755513994839,1193.062077127182,0.01884083179789159,0.029772602819665286,-1,1,1,0.30000000000000004,False,Trend,Trend,False
2019-02-20 00:00:00+09:00,193047.875,170565.43515625,172519.06354166666,69.64287278339211,2445.92509486374,0.025524929571682693,0.03062863921707111,-1,1,1,0.30000000000000004,False,Trend,Trend,False
2019-02-21 00:00:00+09:00,192092.1875,171879.4984375,173266.31953125,72.22220876578945,3055.0240691462227,0.025684285472654063,0.030436482807819368,-1,1,-1,-0.19999999999999996,False,MeanReversion,Trend,False
2019-02-22 00:00:00+09:00,192092.1875,173121.8859375,173973.99088541666,71.42857142857143,3282.720963821815,0.025734281262315247,0.030403467265428467,-1,1,-1,-0.19999999999999996,False,MeanReversion,MeanReversion,False
2019-02-25 00:00:00+09:00,196870.578125,174459.840625,174832.55494791668,72.47703559707448,3556.8899179087803,0.02594514349695417,0.030199221417654673,-1,1,-1,-0.19999999999999996,False,MeanReversion,MeanReversion,False
2019-02-26 00:00:00+09:00,195914.90625,175726.1203125,175643.52291666667,70.64218449585846,3471.7729243631866,0.02607155865401097,0.030207703242607423,1,1,-1,0.5,False,Trend,MeanReversion,False
2019-02-27 00:00:00+09:00,194481.375,176801.2625,176327.67734375,75.49020707872967,3127.515691109871,0.026204541786745684,0.02986578474693445,1,1,-1,0.5,False,Trend,MeanReversion,False
2019-02-28 00:00:00+09:00,191136.515625,177756.94609375,176829.41197916667,81.91494801698549,2509.7761723958156,0.02660484992821855,0.029411359102435187,1,1,-1,0.5,False,Trend,MeanReversion,False
2019-03-04 00:00:00+09:00,186358.09375,178617.06015625,177299.00807291668,73.26735654370374,1655.7992844654173,0.027041011293866407,0.02951599696736773,1,1,-1,0.5,False,Trend,MeanReversion,False
2019-03-05 00:00:00+09:00,188747.296875,179524.959375,177713.42005208333,76.69904731125514,1152.167450901804,0.027088166962396087,0.02923450291333709,1,1,-1,0.5,False,Trend,MeanReversion,False
2019-03-06 00:00:00+09:00,185402.40625,180122.26015625,178024.58177083332,71.81819262782402,525.9638331146789,0.02740850160373973,0.029282945489070664,1,1,-1,0.5,False,Trend,MeanReversion,False
2019-03-07 00:00:00+09:00,187791.609375,180791.23671875,178399.31458333333,71.81819262782402,220.4989132523715,0.027487505427869756,0.02928496436875335,1,1,-1,0.5,False,Trend,MeanReversion,False
2019-03-08 00:00:00+09:00,188747.296875,181746.91953125,178853.31145833334,68.36735715301009,40.09359150495857,0.02647037197429275,0.02909657014151612,1,1,1,1.0,False,Trend,MeanReversion,False
2019-03-11 00:00:00+09:00,180146.15625,182630.92578125,179306.46276041667,53.33336655151376,-662.4554777289782,0.02681405034527491,0.02885538158487956,1,1,-1,0.5,False,Trend,MeanReversion,False
2019-03-12 00:00:00+09:00,174412.078125,183156.55234375,179529.45677083332,46.956546217146936,-1470.9662483616303,0.028069818206255398,0.028482748315476515,1,1,-1,0.5,False,Trend,MeanReversion,False
2019-03-13 00:00:00+09:00,176323.421875,183849.421875,179713.053125,29.885007789552418,-1812.2426974256318,0.02797579455041925,0.028324328343078926,1,1,-1,0.5,False,Trend,MeanReversion,False
2019-03-14 00:00:00+09:00,178234.78125,184637.859375,179920.58802083333,33.707818933065084,-1838.643985333394,0.02799665449349161,0.0283512295637473,1,1,-1,0.5,False,Trend,MeanReversion,False
2019-03-15 00:00:00+09:00,187313.765625,185760.7859375,180057.7625,45.3703532694508,-1204.6918990527342,0.029701332279243008,0.027305629314529824,1,1,-1,0.5,False,Trend,MeanReversion,False
2019-03-18 00:00:00+09:00,194959.234375,186931.496875,180243.19114583332,48.245631647757556,-278.8138086320837,0.029714827673164315,0.02758082609612311,1,1,-1,0.5,False,Trend,Trend,False
2019-03-19 00:00:00+09:00,191136.515625,187648.2609375,180459.9125,45.833348093379044,50.264324791286526,0.02971117454974663,0.02738804538430717,1,1,1,1.0,False,Trend,Trend,False
2019-03-20 00:00:00+09:00,189225.140625,188221.67109375,180605.19244791666,45.45455773823309,109.89191788923381,0.02987053955252658,0.027379144903423518,1,1,1,1.0,False,Trend,Trend,False
2019-03-21 00:00:00+09:00,184446.734375,187791.6140625,180504.57447916668,44.354832329767895,-185.71034690142142,0.023939338385834452,0.026683329324449466,1,1,-1,0.5,False,Trend,Trend,False
2019-03-22 00:00:00+09:00,184446.734375,187409.34140625,180316.86953125,48.245617809230176,-383.0978503981223,0.02393577457180249,0.026436493976765195,1,1,-1,0.5,False,Trend,Trend,False
2019-03-25 00:00:00+09:00,179668.296875,186788.146875,180049.52395833333,42.016790328085165,-812.6544256061943,0.02453078157577583,0.026636295399925937,1,1,-1,0.5,False,Trend,Trend,False
2019-03-26 00:00:00+09:00,183968.875,186143.06171875,179885.52239583334,48.76032387832458,-783.9582408489464,0.02447666347908917,0.0268078592204907,1,1,-1,0.5,False,Trend,Trend,False
2019-03-27 00:00:00+09:00,181579.671875,185426.3,179737.12005208334,44.62809716349737,-894.6818168167101,0.0245713215661295,0.026769405091958534,1,1,-1,0.5,False,Trend,Trend,False
2019-03-28 00:00:00+09:00,177279.078125,184566.18515625,179524.9578125,40.62497764707204,-1206.9280084775078,0.024975452982178653,0.02693551834422276,1,1,-1,0.5,False,Trend,Trend,False
2019-03-29 00:00:00+09:00,180146.15625,184016.6671875,179190.46901041668,50.0,-1168.9413030417743,0.025195659549076693,0.026109164013566968,1,1,-1,0.5,False,Trend,Trend,False
2019-04-01 00:00:00+09:00,186358.09375,184016.6671875,178959.5125,60.68373560226032,-697.301363920429,0.025899880761364874,0.026511635167272618,1,1,-1,0.5,False,Trend,Trend,False
2019-04-02 00:00:00+09:00,183968.875,183777.74609375,178943.58411458333,56.77964387364517,-525.89653128871,0.025870744559436935,0.02449809449885448,1,1,-1,0.5,False,Trend,Trend,False
2019-04-03 00:00:00+09:00,186358.09375,183825.53046875,178951.54817708334,57.14285321739723,-245.511228922261,0.025746699150094962,0.02454656894817363,1,1,-1,0.5,False,Trend,Trend,False
2019-04-04 00:00:00+09:00,189225.140625,183897.20703125,179142.68489583334,51.88679827324209,119.53610410292072,0.025815677245568068,0.023906870498034544,1,1,1,1.0,False,Trend,Trend,False
2019-04-05 00:00:00+09:00,189225.140625,183921.09921875,179333.82161458334,43.33335028840578,335.2708927805155,0.025792021322039897,0.023906870498034544,1,1,-1,0.5,False,Trend,Trend,False
2019-04-08 00:00:00+09:00,191614.34375,184494.50859375,179532.92239583333,50.574695363160636,597.8195088587769,0.023431090162945954,0.02392073633910009,1,1,1,1.0,False,Trend,Trend,False
2019-04-09 00:00:00+09:00,197826.28125,185665.21875,179899.26744791667,59.37497764711773,1118.5423183422495,0.022710847704660468,0.024059647443758617,1,1,1,1.0,False,Trend,Trend,False
2019-04-10 00:00:00+09:00,192570.015625,186477.5484375,180170.04401041666,58.76284280920671,1039.3632446347237,0.023853991807001703,0.024346614494332862,1,1,1,1.0,False,Trend,Trend,False
2019-04-11 00:00:00+09:00,195437.09375,187337.6640625,180528.425,61.165025735419,1104.371891891553,0.023926843207227988,0.02432409168029655,1,1,1,1.0,False,Trend,Trend,False
2019-04-12 00:00:00+09:00,208338.765625,188388.9140625,181046.08645833333,74.99995912612751,1894.2139921088692,0.02549943995869706,0.02551965224751319,1,1,-1,0.5,False,Trend,Trend,False
2019-04-15 00:00:00+09:00,224107.546875,189846.3296875,181762.84869791666,79.16663165895021,3275.617755612837,0.028720199861436597,0.026987056141739386,1,1,-1,0.5,False,Trend,Trend,False
2019-04-16 00:00:00+09:00,216939.9375,191136.50078125,182463.6828125,74.02595417156711,3484.172779715397,0.02947393537775585,0.026930876154691422,1,1,-1,0.5,False,Trend,Trend,False
2019-04-17 00:00:00+09:00,221718.359375,192761.16171875,183379.5453125,80.0,3701.1028085599264,0.029402266625898548,0.026175885495160686,1,1,-1,0.5,False,Trend,Trend,False
2019-04-18 00:00:00+09:00,215984.234375,194338.03671875,184231.6953125,73.2918927932171,3232.58855326099,0.02944009683568981,0.026398144424504475,1,1,-1,0.5,False,Trend,Trend,False
2019-04-19 00:00:00+09:00,222674.015625,196249.40078125,185179.41354166667,73.45675835134307,3144.5083405356672,0.029797672412606436,0.02661053068082653,1,1,-1,0.5,False,Trend,Trend,False
2019-04-22 00:00:00+09:00,222674.015625,198399.68671875,186103.23984375,75.79615579191949,2865.4009443570703,0.028702022489827762,0.02661348278956212,1,1,-1,0.5,False,Trend,Trend,False
2019-04-23 00:00:00+09:00,225063.234375,200454.4046875,187019.10234375,75.79615579191949,2627.136211923441,0.028540693609959526,0.0265767328306444,1,1,-1,0.5,False,Trend,Trend,False
2019-04-24 00:00:00+09:00,222196.171875,202485.2296875,187879.21666666667,71.97448886293324,2085.5297362736655,0.028530017078788595,0.02667166266786427,1,1,-1,0.5,False,Trend,Trend,False
2019-04-25 00:00:00+09:00,216939.9375,204468.27265625,188611.90677083333,67.2618944507453,1224.961727448348,0.02852818301047722,0.026889773048117592,1,1,1,1.0,False,Trend,Trend,False
2019-04-26 00:00:00+09:00,216462.09375,206284.06953125,189352.5609375,65.8536483241902,511.7409969187938,0.028619590658268045,0.026873634578944667,1,1,1,1.0,False,Trend,Trend,False
2019-04-29 00:00:00+09:00,211205.84375,207526.45703125,190053.39479166668,58.64197331509718,-377.8501898236518,0.02894689125329369,0.026993313380432864,1,1,-1,0.5,False,Trend,Trend,False
2019-04-30 00:00:00+09:00,198781.9375,208267.11015625,190523.271875,53.67230427687761,-1787.9150015772739,0.03237349629825253,0.02823192554781004,1,1,-1,0.5,False,Trend,Trend,False
2019-05-02 00:00:00+09:00,203082.515625,209103.33125,191017.040625,54.44441921364062,-2378.8921294703014,0.0325536068961717,0.028278657183604554,1,1,-1,0.5,False,Trend,Trend,False
2019-05-03 00:00:00+09:00,206905.265625,209987.3375,191558.59375,49.06833988533789,-2450.572866177721,0.03262228460093183,0.028352150694566026,1,1,-1,0.5,False,Trend,Trend,False
2019-05-07 00:00:00+09:00,202604.6875,210656.31484375,192108.11119791667,33.5766670748086,-2705.8375347678175,0.03310811259178009,0.02824137557944239,1,1,-1,0.5,False,Trend,Trend,False
2019-05-08 00:00:00+09:00,200215.484375,211086.371875,192737.26875,36.22049068706952,-2934.641021261931,0.03320356351156561,0.027657751820526537,1,1,-1,0.5,False,Trend,Trend,False
2019-05-09 00:00:00+09:00,193047.875,210847.4515625,193223.07421875,27.272754296772533,-3433.1229777571352,0.033501535202368274,0.028123499602233544,1,1,-1,0.5,False,Trend,Trend,False
2019-05-10 00:00:00+09:00,194481.375,210943.01953125,193756.66328125,31.707327447668774,-3517.775438578596,0.032990633717519584,0.028088794395610968,1,1,-1,0.5,False,Trend,Trend,False
2019-05-13 00:00:00+09:00,187791.609375,210560.7453125,194178.75625,20.32522075900262,-3849.0000798041006,0.03372594269440431,0.028512421748090298,1,1,-1,0.5,False,Trend,Trend,False
2019-05-14 00:00:00+09:00,188747.296875,209581.171875,194576.95729166668,21.60002322945998,-3820.720436774544,0.030037212728275753,0.028469921103319324,1,1,-1,0.5,False,Trend,Trend,False
2019-05-15 00:00:00+09:00,191136.515625,207932.6203125,194903.48229166667,21.60002322945998,-3468.4001286345074,0.024277797551614844,0.028076156268194583,1,1,-1,0.5,False,Trend,Trend,False
2019-05-16 00:00:00+09:00,191136.515625,206642.44921875,195142.40364583334,22.68910541761467,-3076.0157955444934,0.02362721979391814,0.027828383408988182,1,1,-1,0.5,False,Trend,Trend,False
2019-05-17 00:00:00+09:00,188747.296875,204993.89609375,195325.57630208333,23.893822211148887,-2824.5530396722297,0.0227063183128926,0.027880251827953877,1,1,-1,0.5,False,Trend,Trend,False
2019-05-20 00:00:00+09:00,186358.09375,203512.5890625,195214.07994791667,23.07694242551449,-2668.1605666039727,0.022336386796697933,0.025793508178116497,1,1,-1,0.5,False,Trend,Trend,False
2019-05-21 00:00:00+09:00,182057.515625,201481.7640625,195046.83541666667,23.478275704701417,-2695.452866379221,0.02071678952683369,0.025955053768039082,1,1,-1,0.5,False,Trend,Trend,False
2019-05-22 00:00:00+09:00,182057.515625,199450.9390625,194879.59088541666,30.337113328201895,-2555.8481844353882,0.02071678952683369,0.025955053768039082,1,1,-1,0.5,False,Trend,Trend,False
2019-05-23 00:00:00+09:00,178234.78125,197109.51640625,194568.99427083333,20.454569945113775,-2557.0866979958428,0.020258589540722908,0.0258666621233895,1,1,-1,0.5,False,Trend,Trend,False
2019-05-24 00:00:00+09:00,171067.171875,194553.06640625,194154.86536458333,10.526304919949041,-2854.172063416852,0.021299734662689845,0.026359724230117426,1,1,-1,0.5,False,Trend,Trend,False
2019-05-27 00:00:00+09:00,174412.078125,192426.6734375,193820.37708333333,18.279595979200536,-2643.7253748060375,0.02231404788337493,0.026497576299373726,-1,1,-1,-0.19999999999999996,False,MeanReversion,Trend,False
2019-05-28 00:00:00+09:00,173456.390625,190276.38828125,193525.70833333334,18.888912303087594,-2394.627651675539,0.02225856256115975,0.02642388671793147,-1,1,-1,-0.19999999999999996,False,MeanReversion,Trend,False
2019-05-29 00:00:00+09:00,172022.84375,188317.23828125,193286.7875,21.794879319321907,-2159.400351308397,0.022035157473253422,0.026255975758469507,-1,1,-1,-0.19999999999999996,False,MeanReversion,Trend,False
2019-05-30 00:00:00+09:00,168200.109375,186788.146875,192944.334375,16.867529686242392,-2092.74842146446,0.018869638669184455,0.02632950733112335,-1,1,-1,-0.19999999999999996,False,MeanReversion,Trend,False
2019-05-31 00:00:00+09:00,171067.171875,185187.3796875,192705.41380208332,26.66673642465875,-1703.5532673671332,0.018519584871048652,0.026355060205073916,-1,1,-1,-0.19999999999999996,False,MeanReversion,Trend,False
2019-06-03 00:00:00+09:00,172022.84375,183443.25859375,192442.60104166667,26.66670445226218,-1250.694263941451,0.01772135518817718,0.026305755955125416,-1,1,-1,-0.19999999999999996,False,MeanReversion,Trend,False
2019-06-04 00:00:00+09:00,169633.640625,181794.70625,192124.04010416666,20.000026159269837,-992.283133449233,0.017544575648373785,0.026340545621266403,-1,1,-1,-0.19999999999999996,False,MeanReversion,Trend,False
2019-06-05 00:00:00+09:00,171545.015625,180361.1828125,191980.68776041668,24.05067115899618,-592.5800381127247,0.018088030381571665,0.025722092886941775,-1,1,-1,-0.19999999999999996,False,MeanReversion,Trend,False
2019-06-07 00:00:00+09:00,172022.84375,179309.93125,191940.8671875,26.66668410618749,-215.40597598978002,0.016896728054136095,0.02538984796765668,-1,1,-1,-0.19999999999999996,False,MeanReversion,MeanReversion,False
2019-06-10 00:00:00+09:00,169155.8125,178043.653125,191821.40703125,26.31581664746311,-85.09492033195056,0.016770627076232145,0.025435918097085026,-1,1,-1,-0.19999999999999996,False,MeanReversion,MeanReversion,False
2019-06-11 00:00:00+09:00,169633.640625,177135.7546875,191678.0546875,30.88235718414323,97.31112418578414,0.015530465796913136,0.025395786353734864,-1,1,-1,-0.19999999999999996,False,MeanReversion,MeanReversion,False
2019-06-12 00:00:00+09:00,166766.609375,176036.7203125,191335.60208333333,28.37839629244702,89.12436936084487,0.015556470105220615,0.024594921210589208,-1,1,-1,-0.19999999999999996,False,MeanReversion,MeanReversion,True
2019-06-13 00:00:00+09:00,167244.4375,174842.11640625,190873.68880208334,32.83581798180755,175.16488216523157,0.015083958294580247,0.023981136758900564,-1,1,-1,-0.19999999999999996,False,MeanReversion,MeanReversion,False
2019-06-14 00:00:00+09:00,161510.34375,173360.8078125,190379.91927083334,34.374988823530316,-81.07474310128237,0.01624386497075228,0.02424265976147826,-1,1,-1,-0.19999999999999996,False,MeanReversion,MeanReversion,True
2019-06-17 00:00:00+09:00,162466.03125,172046.74453125,189933.93411458333,28.813513293322117,-111.30542670457726,0.016518125313799575,0.024249335713325416,-1,1,-1,-0.19999999999999996,False,MeanReversion,MeanReversion,True
2019-06-18 00:00:00+09:00,162943.875,170876.03359375,189575.553125,31.034449709512927,-28.53452601846857,0.01662784828484476,0.024068969766405747,-1,1,-1,-0.19999999999999996,False,MeanReversion,MeanReversion,False
2019-06-19 00:00:00+09:00,163899.546875,169968.13515625,189233.1,35.08769413725983,151.28350170994054,0.01637020489123445,0.024089308973896422,-1,1,-1,-0.19999999999999996,False,MeanReversion,MeanReversion,False
2019-06-20 00:00:00+09:00,163421.6875,169036.34375,188962.32317708334,39.999960760949826,290.6730093179849,0.016333867614286613,0.023878120671294127,-1,1,-1,-0.19999999999999996,False,MeanReversion,MeanReversion,False
2019-06-21 00:00:00+09:00,163899.546875,168319.58203125,188627.834375,33.33328489005798,457.74491073247555,0.015991542746636115,0.023655739195467915,-1,1,-1,-0.19999999999999996,False,MeanReversion,MeanReversion,False
2019-06-24 00:00:00+09:00,161988.171875,167865.63203125,188301.309375,27.659538941590228,479.89076577321157,0.0136006388884218,0.023645655794196706,-1,1,-1,-0.19999999999999996,False,MeanReversion,MeanReversion,False
2019-06-25 00:00:00+09:00,160076.8125,167148.86875,188014.60494791667,28.260837113287735,408.94608933931977,0.012693485896993538,0.023505452376063076,-1,1,-1,-0.19999999999999996,False,MeanReversion,MeanReversion,False
2019-06-26 00:00:00+09:00,156254.109375,166288.7546875,187616.40416666667,17.999945065293815,160.4635446732118,0.013451199887502187,0.023564159878243226,-1,1,-1,-0.19999999999999996,False,MeanReversion,MeanReversion,True
2019-06-27 00:00:00+09:00,158643.296875,165619.77734375,187154.49088541666,24.07402136955278,209.79218797014255,0.014173313249811952,0.02319672687204227,-1,1,-1,-0.19999999999999996,False,MeanReversion,MeanReversion,False
2019-06-28 00:00:00+09:00,157209.75,165070.259375,186708.50546875,25.490103047307386,198.7610892865432,0.013560064534479515,0.023173403090630273,-1,1,-1,-0.19999999999999996,False,MeanReversion,MeanReversion,False
2019-07-01 00:00:00+09:00,156731.9375,164353.49765625,186214.73619791667,23.52938536396458,211.015660428101,0.012695938277106677,0.02308362120878256,-1,1,-1,-0.19999999999999996,False,MeanReversion,MeanReversion,False
2019-07-02 00:00:00+09:00,152909.203125,163397.815625,185609.47057291667,22.6414640346093,23.2767863394065,0.013239854345960915,0.02312741566294856,-1,1,-1,-0.19999999999999996,False,MeanReversion,MeanReversion,True
2019-07-03 00:00:00+09:00,150042.140625,162418.240625,184956.42057291666,18.965500716844062,-219.03682876490439,0.01344347204796793,0.023207106476345454,-1,1,-1,-0.19999999999999996,False,MeanReversion,MeanReversion,True
2019-07-04 00:00:00+09:00,154342.734375,161558.1265625,184335.22708333333,36.36366879250513,-24.932047978940318,0.015046642951037317,0.023482481348206095,-1,1,-1,-0.19999999999999996,False,MeanReversion,MeanReversion,False
2019-07-05 00:00:00+09:00,161510.34375,161032.5015625,183729.96145833333,48.52940469309462,615.5590996668025,0.01879803075320634,0.023889252318198894,-1,1,1,0.30000000000000004,False,Trend,MeanReversion,False
2019-07-08 00:00:00+09:00,154820.5625,160315.7390625,183100.80390625,39.50616237339179,616.5116897989992,0.020555061928402948,0.024226163523758514,-1,1,-1,-0.19999999999999996,False,MeanReversion,MeanReversion,False
2019-07-09 00:00:00+09:00,151953.515625,159431.7328125,182376.07760416667,35.294126698719495,459.1167880130515,0.020718025311505947,0.024180251221189403,-1,1,-1,-0.19999999999999996,False,MeanReversion,MeanReversion,False
2019-07-10 00:00:00+09:00,151953.515625,158691.078125,181436.3234375,35.71431073913678,392.6454604164701,0.020568275707484852,0.022476112426557088,-1,1,-1,-0.19999999999999996,False,MeanReversion,MeanReversion,False
2019-07-11 00:00:00+09:00,157687.609375,158213.23671875,180329.32447916668,43.15789147598471,751.6893532788808,0.022549858146046972,0.02077106905984413,-1,1,-1,-0.19999999999999996,False,MeanReversion,MeanReversion,False
2019-07-12 00:00:00+09:00,154820.5625,157878.74765625,179294.0015625,42.26804749266544,807.9983156275812,0.021599990340761332,0.02054239650671305,-1,1,-1,-0.19999999999999996,False,MeanReversion,MeanReversion,False
2019-07-15 00:00:00+09:00,154342.734375,157472.5828125,178171.07447916668,43.61703570922927,822.2398469998361,0.02151780738041308,0.020228441132014705,-1,1,-1,-0.19999999999999996,False,MeanReversion,MeanReversion,False
2019-07-16 00:00:00+09:00,157687.609375,157209.76953125,177199.4640625,51.61287713906986,1051.4496949826998,0.02215514019484788,0.020358124199969817,-1,1,1,0.30000000000000004,False,Trend,MeanReversion,False
2019-07-17 00:00:00+09:00,152431.375,156636.3609375,176028.75338541667,43.43435611231467,852.0827871122392,0.023206084780009024,0.020138116949427423,-1,1,-1,-0.19999999999999996,False,MeanReversion,MeanReversion,False
2019-07-18 00:00:00+09:00,151475.671875,156039.06015625,174842.11432291666,43.87756634175492,667.0512028525536,0.02321291178359783,0.020121042131076742,-1,1,-1,-0.19999999999999996,False,MeanReversion,MeanReversion,False
2019-07-19 00:00:00+09:00,152431.375,155465.6515625,173631.58333333334,45.45455746524314,621.165519967406,0.02327635920662644,0.020065810285653168,-1,1,1,0.30000000000000004,False,Trend,MeanReversion,False
2019-07-22 00:00:00+09:00,152431.375,154987.81171875,172468.83671875,49.450564850451805,602.4926930694783,0.02320911577643986,0.02006556370984787,-1,1,1,0.30000000000000004,False,Trend,MeanReversion,False
2019-07-23 00:00:00+09:00,151475.671875,154557.7546875,171377.765625,51.72414570728198,539.4912740850823,0.02313080007278311,0.01993121177994868,-1,1,1,0.30000000000000004,False,Trend,MeanReversion,False
2019-07-24 00:00:00+09:00,149564.296875,154223.2640625,170262.80234375,43.90240984610673,389.7898346762504,0.02271039414201414,0.01994350311093699,-1,1,-1,-0.19999999999999996,False,MeanReversion,MeanReversion,False
2019-07-25 00:00:00+09:00,146697.265625,153625.9625,169187.659375,28.767130650959146,131.71793978027836,0.02263337820398092,0.01987296703885935,-1,1,-1,-0.19999999999999996,False,MeanReversion,MeanReversion,False
2019-07-26 00:00:00+09:00,148130.796875,153172.01484375,168343.47369791666,38.70970293896602,93.40173806688654,0.02279752448605079,0.0186368186929778,-1,1,-1,-0.19999999999999996,False,MeanReversion,MeanReversion,False
2019-07-29 00:00:00+09:00,144308.046875,152550.8203125,167363.89921875,37.5,-140.82372512445545,0.02337906057817352,0.018509795275582417,-1,1,-1,-0.19999999999999996,False,MeanReversion,MeanReversion,True
2019-07-30 00:00:00+09:00,142396.6875,152025.19453125,166288.75625,35.29412613298827,-363.2613821116138,0.022987919595347177,0.01825565358919681,-1,1,-1,-0.19999999999999996,False,MeanReversion,MeanReversion,True
2019-07-31 00:00:00+09:00,133795.546875,151212.86484375,165141.93723958332,16.216243684430538,-992.7483856538338,0.02631881032061094,0.019554638843780038,-1,-1,-1,-1.0,True,Defensive,MeanReversion,True
2019-08-01 00:00:00+09:00,127583.6171875,149874.908984375,163931.40611979167,14.814843222833844,-1689.6307500747052,0.026622577918507383,0.020238144689564985,-1,-1,-1,-1.0,True,Defensive,MeanReversion,True
2019-08-02 00:00:00+09:00,124716.5703125,148035.2203125,162792.55104166668,13.953511362277496,-2174.9098788485508,0.023388460434525325,0.019981330829026957,-1,1,-1,-0.19999999999999996,False,MeanReversion,MeanReversion,True
2019-08-05 00:00:00+09:00,118504.625,146219.4234375,161526.271875,5.4348393994312545,-2710.6276095743933,0.024042905113730452,0.020667988159726314,-1,1,-1,-0.19999999999999996,False,MeanReversion,MeanReversion,True
2019-08-06 00:00:00+09:00,117548.953125,144499.1953125,160355.5609375,6.024157141579565,-2908.25491037549,0.02403609090868132,0.02036752571965607,-1,1,-1,-0.19999999999999996,False,MeanReversion,MeanReversion,True
2019-08-07 00:00:00+09:00,117548.953125,142778.9671875,159168.921875,6.172904794738429,-2815.996482269259,0.02403609090868132,0.0203235956166716,-1,1,-1,-0.19999999999999996,False,MeanReversion,MeanReversion,True
2019-08-08 00:00:00+09:00,119460.3046875,140867.601953125,157974.318359375,8.433717377442747,-2418.4834175012547,0.02213156810736492,0.020389272478542594,-1,1,-1,-0.19999999999999996,False,MeanReversion,MeanReversion,True
2019-08-09 00:00:00+09:00,119460.3046875,139099.5890625,156779.71484375,8.433717377442747,-1966.9467304886239,0.022316178746518787,0.020389272478542594,-1,1,-1,-0.19999999999999996,False,MeanReversion,MeanReversion,True
2019-08-12 00:00:00+09:00,119460.3046875,137355.467578125,155624.931640625,8.641961852201035,-1500.736313455578,0.022398706735867486,0.020404315415725276,-1,1,-1,-0.19999999999999996,False,MeanReversion,MeanReversion,True
2019-08-13 00:00:00+09:00,123283.0546875,135635.23984375,154573.68098958334,17.647092767276547,-802.3887511750909,0.02330288591883407,0.021006707208704345,-1,1,-1,-0.19999999999999996,False,MeanReversion,MeanReversion,True
2019-08-14 00:00:00+09:00,120415.984375,134034.4703125,153546.32213541667,17.647075795386655,-420.25055410993264,0.022909125185997282,0.021009154660113213,-1,1,-1,-0.19999999999999996,False,MeanReversion,MeanReversion,True
2019-08-16 00:00:00+09:00,118504.625,132385.91796875,152487.10729166667,13.95349500387826,-194.38950157494583,0.022889350199833097,0.021021766181679898,-1,1,-1,-0.19999999999999996,False,MeanReversion,MeanReversion,True
2019-08-19 00:00:00+09:00,118026.78125,130665.68828125,151483.640625,15.189886778207963,13.606725997035028,0.022562644955650243,0.020943804651722985,-1,1,-1,-0.19999999999999996,False,MeanReversion,MeanReversion,True
2019-08-20 00:00:00+09:00,122327.359375,129160.4875,150671.31041666667,25.000019463765483,504.4188297514047,0.02492589499558214,0.02116655675830201,-1,1,-1,-0.19999999999999996,False,MeanReversion,MeanReversion,True
2019-08-21 00:00:00+09:00,120415.984375,127607.503125,149771.37552083333,30.000009342603065,749.183255406726,0.02492153632888179,0.020949226857900884,-1,1,-1,-0.19999999999999996,False,MeanReversion,MeanReversion,True
2019-08-22 00:00:00+09:00,120415.984375,126150.0875,148887.36875,36.84209922454382,947.17075451458,0.025050115448376816,0.02096425323949795,-1,1,-1,-0.19999999999999996,False,MeanReversion,MeanReversion,False
2019-08-23 00:00:00+09:00,118504.625,124740.45546875,147995.3984375,38.181817100856215,981.3232666490749,0.0250012669401203,0.021001594101534907,-1,1,-1,-0.19999999999999996,False,MeanReversion,MeanReversion,False
2019-08-26 00:00:00+09:00,115159.7421875,123091.902734375,147111.39231770832,42.85716192368226,817.2761008042798,0.024824918702390245,0.021097255325164897,-1,1,-1,-0.19999999999999996,False,MeanReversion,MeanReversion,True
2019-08-27 00:00:00+09:00,116593.2734375,121706.1640625,146203.49401041667,48.000009155745445,840.6853247471336,0.025208920078920602,0.021020724267254064,-1,1,1,0.30000000000000004,False,Trend,MeanReversion,False
2019-08-28 00:00:00+09:00,118026.78125,120487.66875,145303.55963541666,50.94336945248726,978.4438443393483,0.025709050186817222,0.021102213516798918,-1,1,1,0.30000000000000004,False,Trend,MeanReversion,False
2019-08-29 00:00:00+09:00,118504.625,119723.12265625,144451.409375,48.000009155745445,1117.4344385950862,0.022615715571725335,0.021118936903916623,-1,1,1,0.30000000000000004,False,Trend,MeanReversion,False
2019-08-30 00:00:00+09:00,124238.71875,119555.877734375,143662.97109375,58.064508473154966,1582.8058930810112,0.02338664879499047,0.02210575343981552,-1,1,1,0.30000000000000004,False,Trend,Trend,False
2019-09-02 00:00:00+09:00,125672.25,119603.66171875,142890.46119791668,60.0,1950.2916204262792,0.0229864865146311,0.02218843991805051,-1,1,1,0.30000000000000004,False,Trend,Trend,False
2019-09-03 00:00:00+09:00,135229.078125,120439.884375,142325.015625,66.23374307028166,2751.124981246091,0.025060083179497178,0.024336710087405834,-1,1,1,0.30000000000000004,False,Trend,Trend,False
2019-09-04 00:00:00+09:00,132839.875,121204.43046875,141711.78619791666,67.10528693497173,3012.9530587049694,0.02545175562397938,0.02438841430361402,-1,1,1,0.30000000000000004,False,Trend,Trend,False
2019-09-05 00:00:00+09:00,134751.234375,122064.54453125,141178.19661458334,72.36842897832392,3190.80232872338,0.025471580193456855,0.02444135419619768,-1,1,-1,-0.19999999999999996,False,MeanReversion,Trend,False
2019-09-06 00:00:00+09:00,130450.6640625,122614.0625,140564.96705729168,65.47620368375334,2902.9888321656495,0.026817577450047755,0.02470768278827778,-1,1,1,0.30000000000000004,False,Trend,Trend,False
2019-09-09 00:00:00+09:00,133317.703125,123306.932421875,140095.08971354167,64.19753036581074,2789.1981806910385,0.02706923347981552,0.024594595836567413,-1,1,1,0.30000000000000004,False,Trend,Trend,False
2019-09-10 00:00:00+09:00,133317.703125,123999.80234375,139609.28424479166,67.53248683540004,2601.1218892189368,0.02706923347981552,0.024569390323237968,-1,1,1,0.30000000000000004,False,Trend,Trend,False
2019-09-11 00:00:00+09:00,135706.9375,124620.996484375,139155.33528645834,69.51223645786935,2522.890940915643,0.026543689932581795,0.024707297979518723,-1,1,1,0.30000000000000004,False,Trend,Trend,False
2019-09-16 00:00:00+09:00,137140.421875,125457.218359375,138709.34986979168,74.0740785595571,2450.86601025676,0.025709665813027572,0.02474303390600004,-1,1,-1,-0.19999999999999996,False,MeanReversion,Trend,False
2019-09-17 00:00:00+09:00,132362.015625,126150.087890625,138191.688671875,71.42857420911314,1984.4921901325993,0.026945052894068598,0.025096100551581752,-1,1,-1,-0.19999999999999996,False,MeanReversion,MeanReversion,False
2019-09-18 00:00:00+09:00,132362.015625,126866.849609375,137666.06315104166,70.3703666324671,1595.8198767201723,0.02688460495597865,0.025086243823219185,-1,1,-1,-0.19999999999999996,False,MeanReversion,MeanReversion,False
2019-09-19 00:00:00+09:00,132362.015625,127368.582421875,137172.29388020834,69.23077729269357,1272.5870110057442,0.02595360052664423,0.02506720697747565,-1,1,1,0.30000000000000004,False,Trend,MeanReversion,False
2019-09-20 00:00:00+09:00,133317.703125,128013.668359375,136726.30872395833,69.620263381408,1065.4039846471396,0.025541239998193254,0.025078417446346594,-1,1,1,0.30000000000000004,False,Trend,MeanReversion,False
2019-09-23 00:00:00+09:00,131406.359375,128563.187109375,136312.17955729167,60.56342536388205,756.4241182759149,0.025894345800190254,0.024970752975629146,-1,1,1,0.30000000000000004,False,Trend,MeanReversion,False
2019-09-24 00:00:00+09:00,134273.40625,129351.626171875,135906.01471354166,62.16219858748337,703.0588827987672,0.025701498480830778,0.02506285823019685,-1,1,1,0.30000000000000004,False,Trend,Trend,False
2019-09-25 00:00:00+09:00,132839.875,130235.6328125,135499.85013020833,45.61403357806102,536.6501773023865,0.024715852862004735,0.025070822865455488,-1,1,1,0.30000000000000004,False,Trend,Trend,False
2019-09-26 00:00:00+09:00,131884.1875,131000.178515625,135085.72096354168,48.14813581306236,337.38317162099554,0.024885316777375006,0.02507728776743974,-1,1,1,0.30000000000000004,False,Trend,Trend,False
2019-09-27 00:00:00+09:00,138573.953125,132027.537109375,134846.80013020834,56.24999042015905,615.1131184368267,0.026691868074675558,0.025801383080700725,-1,1,1,0.30000000000000004,False,Trend,Trend,False
2019-09-30 00:00:00+09:00,134273.40625,132815.976171875,134583.987890625,56.250033529469015,474.47841577469273,0.02811798084941981,0.025994982390867904,-1,1,1,0.30000000000000004,False,Trend,Trend,False
2019-10-01 00:00:00+09:00,137140.421875,133461.061328125,134297.28268229167,56.25,535.3288211217282,0.026682908200078244,0.02587097265624041,-1,1,1,0.30000000000000004,False,Trend,Trend,False
2019-10-02 00:00:00+09:00,137618.265625,134058.362109375,133899.08138020834,56.923082340701896,565.5848197642817,0.02663974359728329,0.025125538361825673,1,1,1,1.0,False,Trend,Trend,True
2019-10-04 00:00:00+09:00,138096.109375,134201.713671875,133620.34049479166,54.09831759569227,573.7896853418126,0.021168860361913636,0.024590926543828284,1,1,1,1.0,False,Trend,Trend,False
2019-10-07 00:00:00+09:00,139529.640625,134536.201953125,133413.27591145833,54.09839141286355,627.4251761352812,0.020780167343699005,0.024540490820423623,1,1,1,1.0,False,Trend,Trend,False
2019-10-08 00:00:00+09:00,143352.375,134966.258984375,133269.92356770832,69.49158272484169,857.7673745527065,0.021349507129366046,0.024813586397088007,1,1,1,1.0,False,Trend,Trend,False
2019-10-10 00:00:00+09:00,138573.953125,135372.4234375,132951.36263020834,59.42030496496922,635.9302719067143,0.021480059799270333,0.024661340431588474,1,1,1,1.0,False,Trend,Trend,False
2019-10-11 00:00:00+09:00,142874.546875,135850.265625,132752.26236979166,64.10260494964749,720.2571642385519,0.021969760479620803,0.02492392128183843,1,1,1,1.0,False,Trend,Trend,False
2019-10-14 00:00:00+09:00,145741.578125,136471.459375,132608.909765625,65.85367993402741,898.9329407436599,0.0222523688504506,0.02507235762705085,1,1,1,1.0,False,Trend,Trend,False
2019-10-15 00:00:00+09:00,143352.375,136853.73125,132369.98919270834,65.06023147070213,789.8888422568325,0.02249285237049012,0.024976495973156588,1,1,1,1.0,False,Trend,Trend,False
2019-10-16 00:00:00+09:00,147652.953125,137379.3578125,132290.348828125,66.27906755684427,931.3496663914339,0.023230414160708188,0.0249285787073916,1,1,1,1.0,False,Trend,Trend,False
2019-10-17 00:00:00+09:00,146219.4375,138072.22890625,132202.744921875,66.27909275766567,854.3473112654578,0.021603973972066492,0.02494616302367822,1,1,1,1.0,False,Trend,Trend,False
2019-10-18 00:00:00+09:00,148608.609375,138884.55859375,132139.03216145834,69.66293001746284,886.4608138259823,0.02171111548030336,0.02502524705629691,1,1,1,1.0,False,Trend,Trend,False
2019-10-21 00:00:00+09:00,146219.4375,139577.4296875,132035.49986979167,60.000057223647595,678.3194206397075,0.022234720664986374,0.02510793727081157,1,1,1,1.0,False,Trend,Trend,False
2019-10-22 00:00:00+09:00,150997.8125,140461.43515625,132027.535546875,71.60495122969317,786.3720987748279,0.023051288114685698,0.025450947573835248,1,1,-1,0.5,False,Trend,Trend,False
2019-10-23 00:00:00+09:00,151475.671875,141464.90078125,132059.391796875,69.7368919239864,810.7036337019672,0.0225513057172344,0.025399686326515937,1,1,1,1.0,False,Trend,Trend,False
2019-10-24 00:00:00+09:00,151475.671875,142325.0140625,132139.03190104166,69.33338100150242,748.9412522320517,0.02233747379549418,0.02526954159192614,1,1,1,1.0,False,Trend,Trend,False
2019-10-25 00:00:00+09:00,150042.140625,143185.12734375,132170.88763020834,66.23379160335621,543.2629539812351,0.022290734812693485,0.025272973845968855,1,1,1,1.0,False,Trend,Trend,False
2019-10-28 00:00:00+09:00,148608.609375,144021.3484375,132242.563671875,62.337661234636684,256.9247373054286,0.022371724076671658,0.025069941378130258,1,1,1,1.0,False,Trend,Trend,False
2019-10-29 00:00:00+09:00,153864.890625,144785.8953125,132433.700390625,63.75002299160653,361.38339055410233,0.02106908134997539,0.02538730012684044,1,1,1,1.0,False,Trend,Trend,False
2019-10-30 00:00:00+09:00,175845.578125,146864.50390625,133134.53424479166,83.62072902249196,1771.798925430041,0.03416760135816107,0.029351870002406806,1,1,-1,0.5,False,Trend,Trend,False
2019-10-31 00:00:00+09:00,183491.03125,149182.034375,134066.32447916668,84.55287578747227,3007.947163941123,0.03475097375918074,0.028943395418705328,1,1,-1,0.5,False,Trend,Trend,False
2019-11-01 00:00:00+09:00,187313.765625,151666.809375,135109.61106770832,84.80003536743152,3819.25440381967,0.03467462388176138,0.028753092599725694,1,1,-1,0.5,False,Trend,Trend,False
2019-11-04 00:00:00+09:00,187313.765625,154127.6921875,136256.430078125,88.3333692115983,4069.086639607085,0.03474607897912129,0.027749211024916894,1,1,-1,0.5,False,Trend,Trend,False
2019-11-05 00:00:00+09:00,193047.875,156803.60390625,137514.74544270834,88.61792292193431,4310.563794624661,0.03488103986797132,0.027821046012032998,1,1,-1,0.5,False,Trend,Trend,False
2019-11-06 00:00:00+09:00,198304.109375,159551.190625,138860.66471354166,91.6030759192525,4493.824002470159,0.034878368946998,0.02790177364457891,1,1,-1,0.5,False,Trend,Trend,False
2019-11-07 00:00:00+09:00,195437.09375,162394.34765625,140126.94453125,87.12128099516474,4102.33898124388,0.033662454651777904,0.02804454090075054,1,1,-1,0.5,False,Trend,Trend,False
2019-11-08 00:00:00+09:00,183013.203125,164401.28046875,141186.15950520834,75.16339422285132,2751.8895805583415,0.03822089443825303,0.029608459469711197,1,1,-1,0.5,False,Trend,Trend,False
2019-11-11 00:00:00+09:00,179668.296875,166097.61640625,142189.62604166666,69.99999346017542,1444.300133796196,0.038781869415883324,0.02977880568114394,1,-1,1,0.19999999999999996,True,Defensive,Trend,False
2019-11-12 00:00:00+09:00,180624.0,167961.19765625,143145.30846354167,70.19866990366319,503.28346645437887,0.038286165968938864,0.029602089331146022,1,1,-1,0.5,False,Trend,Trend,False
2019-11-13 00:00:00+09:00,173934.234375,169275.26171875,144037.279296875,64.24243252980673,-647.7058750230462,0.039556943737374915,0.02990065780162207,1,-1,-1,-0.30000000000000004,True,Defensive,Trend,False
2019-11-14 00:00:00+09:00,177279.078125,170828.24375,145016.853515625,66.8638999444695,-1228.1036772601165,0.03939315708260263,0.029803210134585173,1,-1,-1,-0.30000000000000004,True,Defensive,Trend,False
2019-11-15 00:00:00+09:00,180624.0,172429.01328125,146060.14049479167,69.3641756159299,-1417.6362625859292,0.039418900040882304,0.029808686230275112,1,-1,-1,-0.30000000000000004,True,Defensive,Trend,False
2019-11-18 00:00:00+09:00,175367.75,173886.42890625,146944.14700520833,63.00578548184091,-1897.922106314727,0.039989279421813406,0.029935404191010397,1,-1,-1,-0.30000000000000004,True,Defensive,Trend,False
2019-11-19 00:00:00+09:00,173934.234375,175033.25,147836.11783854166,48.46155510134474,-2286.9853564224795,0.03978182970528257,0.02985826794557843,1,-1,-1,-0.30000000000000004,True,Defensive,Trend,False
2019-11-20 00:00:00+09:00,172978.53125,176108.39296875,148712.16028645833,40.517249641577976,-2562.7713339269303,0.03987381280303619,0.029885896403974314,1,-1,-1,-0.30000000000000004,True,Defensive,Trend,False
2019-11-21 00:00:00+09:00,175845.578125,177326.88828125,149667.84283854166,39.47368722983768,-2503.3001062292315,0.03989921934383647,0.0297736836088842,1,-1,-1,-0.30000000000000004,True,Defensive,Trend,False
2019-11-22 00:00:00+09:00,176323.421875,178640.95234375,150687.2375,40.000005686807064,-2383.5815718654076,0.03971884448423116,0.029418292037014248,1,-1,-1,-0.30000000000000004,True,Defensive,Trend,False
2019-11-25 00:00:00+09:00,178234.78125,180122.2609375,151714.59596354168,35.51400012712942,-2135.4607534794977,0.03950248967629926,0.02941417979007582,1,-1,-1,-0.30000000000000004,True,Defensive,Defensive,False
2019-11-26 00:00:00+09:00,172500.6875,181054.05078125,152622.49440104168,25.00000756924574,-2302.9145845826642,0.04007125650942259,0.02984942297570734,1,-1,-1,-0.30000000000000004,True,Defensive,Defensive,False
2019-11-27 00:00:00+09:00,177279.078125,181125.72578125,153602.06861979168,33.035673881010766,-2045.9333465337695,0.027217080689785653,0.02997032590620107,1,1,-1,0.5,False,Trend,Defensive,False
2019-11-28 00:00:00+09:00,183013.203125,181101.834375,154581.643359375,50.0,-1470.739979964681,0.02643721898414641,0.029681523361081194,1,1,-1,0.5,False,Trend,Trend,False
2019-11-29 00:00:00+09:00,180624.0,180767.34609375,155497.505859375,51.04168901959463,-1241.3097122174686,0.02611849344664941,0.02978093560623644,1,1,-1,0.5,False,Trend,Trend,False
2019-12-02 00:00:00+09:00,183968.875,180600.1015625,156309.83580729167,53.46533435380624,-871.8595040074924,0.026505136654948778,0.02849508278756803,1,1,-1,0.5,False,Trend,Trend,False
2019-12-03 00:00:00+09:00,185402.40625,180217.828125,157185.87799479166,63.33331516713808,-554.0050488631869,0.02558119051283775,0.028336736182102897,1,1,-1,0.5,False,Trend,Trend,False
2019-12-04 00:00:00+09:00,182057.515625,179405.4984375,157974.316015625,55.55557977712283,-588.8372991605238,0.02487830305790753,0.028477203866285508,1,1,-1,0.5,False,Trend,Trend,False
2019-12-05 00:00:00+09:00,177756.9375,178521.490625,158762.75390625,46.73911420884085,-902.5484439090442,0.025167686691243665,0.028307866500773257,1,1,-1,0.5,False,Trend,Trend,False
2019-12-06 00:00:00+09:00,180146.15625,178378.13828125,159543.228125,55.813941993277666,-945.6259218790874,0.020946410127244915,0.028245223302496757,1,1,-1,0.5,False,Trend,Trend,False
2019-12-09 00:00:00+09:00,177756.9375,178282.5703125,160283.88203125,54.545417387378514,-1119.610713172733,0.020750451443478472,0.02833786131996289,1,1,-1,0.5,False,Trend,Trend,False
2019-12-10 00:00:00+09:00,183968.875,178449.8140625,161088.24765625,61.616149271833436,-815.0675848106857,0.02214981410836684,0.028546649498256582,1,1,-1,0.5,False,Trend,Trend,False
2019-12-11 00:00:00+09:00,184446.734375,178975.4390625,161876.68619791666,59.57447326604274,-590.6348472456411,0.020194736800677935,0.028539385971856544,1,1,-1,0.5,False,Trend,Trend,False
2019-12-12 00:00:00+09:00,185880.25,179405.49765625,162768.65677083333,60.41666169935273,-365.84496001896696,0.01987565327322843,0.028043417028221006,1,1,-1,0.5,False,Trend,Trend,False
2019-12-13 00:00:00+09:00,186835.9375,179716.09453125,163676.55546875,59.57447326604274,-182.27511561673873,0.01951753634066642,0.02803368930767914,1,1,-1,0.5,False,Trend,Trend,False
2019-12-16 00:00:00+09:00,183968.875,180146.15078125,164536.66979166667,63.636339990324046,-277.70776257030866,0.018563224344053043,0.028158213807631297,1,1,-1,0.5,False,Trend,Trend,False
2019-12-17 00:00:00+09:00,185402.40625,180719.559375,165404.74817708333,60.4938366298163,-267.9242305616963,0.018426144705718822,0.028158892600464783,1,1,-1,0.5,False,Trend,Trend,False
2019-12-18 00:00:00+09:00,189225.140625,181531.88984375,166368.39453125,58.441544653784646,-39.62208952982019,0.01869142163879329,0.02810003914179387,1,1,-1,0.5,False,Trend,Trend,False
2019-12-19 00:00:00+09:00,191136.515625,182296.43671875,167316.11302083332,64.47366326409878,191.78712347287,0.018530347606495846,0.028031533697514776,1,1,1,1.0,False,Trend,Trend,False
2019-12-20 00:00:00+09:00,192570.015625,183108.76640625,168311.61536458333,62.49997161538437,382.0789479158848,0.018541220500852454,0.027947000693559168,1,1,1,1.0,False,Trend,Trend,False
2019-12-23 00:00:00+09:00,187791.609375,183586.6078125,169243.40572916667,53.1645480550454,139.32359796800847,0.019599816299134168,0.028187199569582686,1,1,1,1.0,False,Trend,Trend,False
2019-12-24 00:00:00+09:00,189225.140625,184422.83046875,170087.5921875,59.99999128024338,33.98209757754012,0.01776405380471485,0.02760195763298883,1,1,1,1.0,False,Trend,Trend,False
2019-12-26 00:00:00+09:00,187791.609375,184948.45703125,170979.56223958332,65.21737070001151,-162.7555713833981,0.017120497466045142,0.02723289539807541,1,1,-1,0.5,False,Trend,Trend,False
2019-12-27 00:00:00+09:00,187311.328125,185163.36328125,171815.74401041667,61.53359768890919,-345.26013356232806,0.015730154154562345,0.027175488567219106,1,1,-1,0.5,False,Trend,Trend,False
2019-12-30 00:00:00+09:00,192114.1875,185737.87265625,172724.009375,71.44421438613327,-171.3318594364996,0.01623252044843415,0.02729807432436361,1,1,-1,0.5,False,Trend,Trend,False
2020-01-02 00:00:00+09:00,199318.453125,186505.3515625,173744.38177083334,72.26632746453814,370.52664041784374,0.017612868507405358,0.027592613616660468,1,1,-1,0.5,False,Trend,Trend,False
2020-01-03 00:00:00+09:00,198357.890625,187153.12578125,174724.85260416666,69.90103064393116,592.6867982510739,0.01769645349391369,0.0276227783321499,1,1,1,1.0,False,Trend,Trend,False
2020-01-06 00:00:00+09:00,198838.171875,187992.15859375,175649.61588541666,69.0571074161005,693.4206552656251,0.016958062880074787,0.027485543858907533,1,1,1,1.0,False,Trend,Trend,False
2020-01-07 00:00:00+09:00,213727.03125,189790.66328125,176902.1671875,78.05200859312095,1630.7075730397128,0.0215176742550653,0.02831172392762856,1,1,-1,0.5,False,Trend,Trend,False
2020-01-08 00:00:00+09:00,205562.171875,191061.4640625,177946.9609375,70.2835559727813,1568.2444281973585,0.02402103458592348,0.02875915159693822,1,1,-1,0.5,False,Trend,Trend,False
2020-01-09 00:00:00+09:00,203641.03125,192355.66875,178911.95182291666,66.97684240900381,1277.3169316368403,0.02386367890544564,0.028769151400704362,1,1,1,1.0,False,Trend,Trend,False
2020-01-10 00:00:00+09:00,211805.875,193747.51875,180052.84348958332,69.44660418098081,1499.1960020660745,0.024188776827964005,0.02894463165392443,1,1,1,1.0,False,Trend,Trend,False
2020-01-13 00:00:00+09:00,222852.453125,195667.8046875,181306.16848958333,73.60045056441471,2211.3496110713786,0.0260552157154042,0.029359318575296833,1,1,-1,0.5,False,Trend,Trend,False
2020-01-14 00:00:00+09:00,225253.875,197636.4859375,182623.40911458334,73.97533566343316,2636.711745410531,0.02605340118462564,0.029281792325280703,1,1,-1,0.5,False,Trend,Trend,False
2020-01-15 00:00:00+09:00,225253.875,199557.3828125,183900.83020833333,79.5522903538088,2700.757620220572,0.0261249299491757,0.029272063509329597,1,1,-1,0.5,False,Trend,Trend,False
2020-01-16 00:00:00+09:00,227175.015625,201717.68984375,185250.08984375,79.70839489984637,2651.427206457689,0.025468269856784614,0.02911438637387389,1,1,-1,0.5,False,Trend,Trend,False
2020-01-17 00:00:00+09:00,227175.015625,203806.3203125,186519.70989583334,81.53846846851356,2404.974867800305,0.0255718846018909,0.028945358893727964,1,1,-1,0.5,False,Trend,Trend,False
2020-01-20 00:00:00+09:00,216128.453125,205151.4859375,187597.25625,69.73684435822317,1337.4425281750246,0.02872147922787382,0.029853282344411723,1,1,1,1.0,False,Trend,Trend,False
2020-01-21 00:00:00+09:00,210365.0,206112.91015625,188578.74505208334,62.33763737157493,145.342356109928,0.029671233938910243,0.03014667933805003,1,1,1,1.0,False,Trend,Trend,False
2020-01-22 00:00:00+09:00,214687.578125,207218.78828125,189656.16901041666,60.81079892888216,-419.00697223905445,0.029871224049369722,0.030141527901475743,1,1,-1,0.5,False,Trend,Trend,False
2020-01-23 00:00:00+09:00,204121.3125,208035.2734375,190581.38072916667,53.57142511344335,-1509.5263323915824,0.03171644609890833,0.030950320239680158,1,1,-1,0.5,False,Trend,Trend,False
2020-01-28 00:00:00+09:00,186831.046875,207915.56875,191130.81666666668,43.84237171607742,-3298.3415036668166,0.037855955076251606,0.032985395825376754,1,1,-1,0.5,False,Trend,Trend,False
2020-01-29 00:00:00+09:00,194515.59375,208251.76796875,191441.98359375,39.36169034577111,-3829.710538453668,0.038893575040317444,0.028655356487582384,1,-1,-1,-0.30000000000000004,True,Defensive,Trend,False
2020-01-30 00:00:00+09:00,186350.765625,208203.73984375,191489.64583333334,39.36170396858029,-4547.82285330243,0.04015386541074874,0.02871244531604752,1,-1,-1,-0.30000000000000004,True,Defensive,Trend,False
2020-01-31 00:00:00+09:00,180587.328125,207627.396875,191377.53854166667,37.75509780654602,-5181.721056292945,0.04025589670338669,0.02887242183316563,1,-1,-1,-0.30000000000000004,True,Defensive,Trend,False
2020-02-03 00:00:00+09:00,183469.03125,206834.92578125,191313.45963541666,34.05404797050177,-5166.082625696906,0.039425969942716486,0.028950320699217616,1,-1,-1,-0.30000000000000004,True,Defensive,Trend,False
2020-02-04 00:00:00+09:00,189232.4375,206378.653125,191249.86901041667,29.88502287109081,-4548.468900609067,0.04019651797755554,0.02896436656359749,1,-1,-1,-0.30000000000000004,True,Defensive,Defensive,False
2020-02-05 00:00:00+09:00,174823.90625,205177.93984375,190858.53229166666,23.618068599995752,-4862.8841004013575,0.04367843177451485,0.030473544611080667,1,-1,-1,-0.30000000000000004,True,Defensive,Defensive,False
2020-02-06 00:00:00+09:00,175784.46875,203280.81171875,190530.98854166668,24.37808191330228,-4753.091654943342,0.03972455161321858,0.030444451910285133,1,-1,-1,-0.30000000000000004,True,Defensive,Defensive,False
2020-02-07 00:00:00+09:00,170981.609375,201551.78359375,190330.46197916666,21.739101052112773,-4740.144439449426,0.03936771410130866,0.029472388069562178,1,-1,-1,-0.30000000000000004,True,Defensive,Defensive,False
2020-02-10 00:00:00+09:00,174823.90625,200110.92734375,190249.72213541667,24.6511466738733,-4226.059229099757,0.03998982992018224,0.029535074377179872,1,-1,-1,-0.30000000000000004,True,Defensive,Defensive,False
2020-02-11 00:00:00+09:00,175304.203125,198285.84375,190161.05885416668,27.979267362294564,-3629.7425703708413,0.03854039262848336,0.029528456686438775,1,-1,-1,-0.30000000000000004,True,Defensive,Defensive,False
2020-02-12 00:00:00+09:00,182028.171875,196244.6296875,190295.9578125,34.87178332169661,-2606.4152672569953,0.03755379340740797,0.029520637618435933,1,1,-1,0.5,False,Trend,Defensive,False
2020-02-13 00:00:00+09:00,181547.90625,194059.33125,190367.10494791667,31.550785858222795,-1822.907332800658,0.0372815013996856,0.02942552055913861,1,1,-1,0.5,False,Trend,Trend,False
2020-02-14 00:00:00+09:00,182988.734375,191946.07421875,190406.5171875,36.904724788967656,-1104.0318235078894,0.03744341672893481,0.029344683762452573,1,1,-1,0.5,False,Trend,Trend,False
2020-02-17 00:00:00+09:00,186831.046875,189928.87578125,190597.57213541667,50.0,-307.5778738965746,0.0378679550849591,0.029198667803512712,-1,1,-1,-0.19999999999999996,False,MeanReversion,Trend,False
2020-02-18 00:00:00+09:00,182508.484375,187695.54921875,190740.47630208332,40.601509276859666,-24.61290862606802,0.03791162414774512,0.029345969069450428,-1,1,-1,-0.19999999999999996,False,MeanReversion,MeanReversion,False
2020-02-19 00:00:00+09:00,180587.328125,185918.49296875,190867.28958333333,44.99998373361297,74.98185268698307,0.03679119105824177,0.029371755274030104,-1,1,-1,-0.19999999999999996,False,MeanReversion,MeanReversion,False
2020-02-20 00:00:00+09:00,176264.765625,184213.48125,190874.27604166666,46.15384615384615,-99.00023489155228,0.036724139879969205,0.029471853409336488,-1,1,-1,-0.19999999999999996,False,MeanReversion,MeanReversion,False
2020-02-21 00:00:00+09:00,174823.90625,182220.29765625,190849.28411458334,42.10526465986979,-251.20535995383398,0.03607931198082244,0.02948878102123775,-1,1,-1,-0.19999999999999996,False,MeanReversion,MeanReversion,False
2020-02-24 00:00:00+09:00,166178.78125,180323.17109375,190648.35078125,30.00001626638702,-840.9691165184367,0.036093756350111646,0.030163658768209103,-1,1,-1,-0.19999999999999996,False,MeanReversion,MeanReversion,True
2020-02-25 00:00:00+09:00,168099.90625,179386.6140625,190575.00442708333,42.55317897109221,-997.8396266913178,0.03129411435780396,0.029919200321893418,-1,1,-1,-0.19999999999999996,False,MeanReversion,MeanReversion,True
2020-02-26 00:00:00+09:00,164737.921875,177897.73046875,190365.98515625,38.383844026703166,-1210.039044856454,0.029529833157865344,0.02980083990424883,-1,1,-1,-0.19999999999999996,False,MeanReversion,MeanReversion,True
2020-02-27 00:00:00+09:00,161856.1875,176673.0015625,190013.36822916666,39.999993150996886,-1412.3873497115292,0.02849585259015277,0.029554198706525096,-1,1,-1,-0.19999999999999996,False,MeanReversion,MeanReversion,True
2020-02-28 00:00:00+09:00,154651.921875,175376.23125,189580.50026041668,29.411740315676425,-1870.588464773703,0.029294782011346988,0.030051899117227204,-1,1,-1,-0.19999999999999996,False,MeanReversion,MeanReversion,True
2020-03-02 00:00:00+09:00,159935.0625,174199.5328125,189179.93671875,35.71425874195141,-1663.9529614786206,0.030299199490432905,0.030295310779858954,-1,1,-1,-0.19999999999999996,False,MeanReversion,MeanReversion,True
2020-03-03 00:00:00+09:00,157533.625,172614.5921875,188715.45703125,25.24270863372182,-1538.062258334112,0.02899785190672347,0.030310154970903638,-1,1,-1,-0.19999999999999996,False,MeanReversion,MeanReversion,True
2020-03-04 00:00:00+09:00,160415.34375,171894.1640625,188354.75416666668,29.629620704321923,-1128.7159858571667,0.02443445274652278,0.030358325039292672,-1,1,-1,-0.19999999999999996,False,MeanReversion,MeanReversion,True
2020-03-05 00:00:00+09:00,165698.46875,171389.8640625,188153.7796875,34.48276732445433,-407.339153185776,0.02571001706452437,0.030542896461493073,-1,1,-1,-0.19999999999999996,False,MeanReversion,MeanReversion,False
2020-03-06 00:00:00+09:00,162336.484375,170957.6078125,187856.95182291666,27.82606457102864,-78.98565144266286,0.025393553391655308,0.03058270529925646,-1,1,-1,-0.19999999999999996,False,MeanReversion,MeanReversion,True
2020-03-09 00:00:00+09:00,162336.484375,170333.23671875,187599.94427083334,30.188653186645354,200.54962034276832,0.024727939777233695,0.03054530037486542,-1,1,-1,-0.19999999999999996,False,MeanReversion,MeanReversion,False
2020-03-10 00:00:00+09:00,160415.34375,169588.79375,187207.38541666666,30.188662451933595,311.7730707953742,0.024743806293055927,0.030206682220086486,-1,1,-1,-0.19999999999999996,False,MeanReversion,MeanReversion,True
2020-03-11 00:00:00+09:00,152730.765625,168123.9234375,186678.7859375,28.318557318978222,-56.84829538497161,0.02458083086050419,0.030796406123255085,-1,1,-1,-0.19999999999999996,False,MeanReversion,MeanReversion,True
2020-03-12 00:00:00+09:00,152730.765625,166683.06640625,186126.29453125,29.090883817524343,-216.36196323266267,0.024622583115697243,0.030766223532307905,-1,1,-1,-0.19999999999999996,False,MeanReversion,MeanReversion,True
2020-03-13 00:00:00+09:00,145046.203125,164785.93984375,185429.79895833333,29.629599506707024,-726.3667003334285,0.026072402274788496,0.03137000969391011,-1,1,-1,-0.19999999999999996,False,MeanReversion,MeanReversion,True
2020-03-16 00:00:00+09:00,141684.203125,162528.59765625,184725.05442708332,25.225215983718385,-1151.805781345187,0.02503487413405796,0.03143541624320642,-1,1,-1,-0.19999999999999996,False,MeanReversion,MeanReversion,True
2020-03-17 00:00:00+09:00,148888.5,160847.5984375,184116.48932291666,36.13445584912469,-824.996947669526,0.028629159553008942,0.03216419267385369,-1,1,-1,-0.19999999999999996,False,MeanReversion,MeanReversion,True
2020-03-18 00:00:00+09:00,153691.34375,159502.79921875,183524.259375,43.08943648523621,-195.2003469006504,0.03012360098462421,0.032340821762690715,-1,1,-1,-0.19999999999999996,False,MeanReversion,MeanReversion,False
2020-03-19 00:00:00+09:00,153211.0625,158350.1140625,182892.16848958333,48.62385019897202,254.77634385083365,0.02989632096574932,0.03229217977590063,-1,1,1,0.30000000000000004,False,Trend,MeanReversion,False
2020-03-20 00:00:00+09:00,158974.46875,157557.6421875,182332.24270833333,49.0908870439204,966.333740047512,0.031463476817824944,0.032686178119390605,-1,1,1,0.30000000000000004,False,Trend,Trend,False
2020-03-23 00:00:00+09:00,153211.0625,156909.25625,181755.90026041667,46.15384829275265,1066.727125178335,0.03054090230969914,0.03285543838057074,-1,1,1,0.30000000000000004,False,Trend,Trend,False
2020-03-24 00:00:00+09:00,164257.609375,156717.14140625,181339.77473958334,52.9850642995754,1849.1326116737073,0.03459561424043553,0.03415690644416748,-1,1,1,0.30000000000000004,False,Trend,Trend,False
2020-03-25 00:00:00+09:00,170501.328125,157005.31171875,181051.60338541667,53.676477447976886,2707.275264150141,0.03531181123629286,0.03453005785046698,-1,1,1,0.30000000000000004,False,Trend,Trend,False
2020-03-26 00:00:00+09:00,170981.609375,157461.5828125,180779.44140625,56.92307153303376,3193.923704372858,0.03501634149545508,0.03453451819813249,-1,1,1,0.30000000000000004,False,Trend,Trend,False
2020-03-27 00:00:00+09:00,165218.1875,157989.89609375,180331.17473958334,52.112670570750616,3016.4777088137525,0.03428318617614953,0.03460666077142335,-1,1,1,0.30000000000000004,False,Trend,Trend,False
2020-03-30 00:00:00+09:00,162336.484375,158109.9671875,179714.80859375,51.388889202669404,2609.1215943921034,0.03381057629598635,0.0342698916184037,-1,1,1,0.30000000000000004,False,Trend,Trend,False
2020-03-31 00:00:00+09:00,161856.1875,158326.0953125,179106.446875,57.364346559205984,2226.3219730761066,0.03361884584135707,0.03426943712234038,-1,1,1,0.30000000000000004,False,Trend,Trend,False
2020-04-01 00:00:00+09:00,151770.1875,157893.8375,178321.98046875,49.33332783891166,1260.893103717327,0.03639593969457993,0.035150119106549305,-1,1,1,0.30000000000000004,False,Trend,Trend,False
2020-04-02 00:00:00+09:00,155132.203125,157365.52421875,177345.4,57.44681587432114,836.2399954520597,0.03593493396313704,0.033865956237444504,-1,1,1,0.30000000000000004,False,Trend,Trend,False
2020-04-03 00:00:00+09:00,154651.921875,156981.29609375,176496.89583333334,60.000014459001974,525.6833049540473,0.035706406373072125,0.0335779358882801,-1,1,1,0.30000000000000004,False,Trend,Trend,False
2020-04-06 00:00:00+09:00,160415.34375,156885.2390625,175776.46770833334,59.090911331457605,700.1803420058136,0.03675902053564003,0.033992202112107926,-1,1,1,0.30000000000000004,False,Trend,Trend,False
2020-04-07 00:00:00+09:00,163297.046875,157029.32421875,174967.98723958334,57.81250198564238,984.0518243727165,0.03687803400831402,0.033639560570833775,-1,1,1,0.30000000000000004,False,Trend,Trend,False
2020-04-08 00:00:00+09:00,164737.921875,157629.68203125,173999.41171875,59.23078058835733,1227.4029398857065,0.03497116110836857,0.03290046307878708,-1,1,1,0.30000000000000004,False,Trend,Trend,False
2020-04-09 00:00:00+09:00,164737.921875,158230.03984375,172990.8125,55.084771230027165,1337.8490309393942,0.03497116110836857,0.03284252152017855,-1,1,1,0.30000000000000004,False,Trend,Trend,False
2020-04-10 00:00:00+09:00,165218.1875,159238.6390625,171990.21770833334,61.682234750200216,1386.803262502512,0.032459397457876474,0.032852504263745,-1,1,1,0.30000000000000004,False,Trend,Trend,False
2020-04-13 00:00:00+09:00,164737.921875,160391.325,170949.59947916667,50.58826861485513,1330.1896605651395,0.03177931003329257,0.03280509834288666,-1,1,1,0.30000000000000004,False,Trend,Trend,False
2020-04-14 00:00:00+09:00,165218.1875,161207.809375,169916.98567708334,42.46574365688886,1268.643053434252,0.03020283198460526,0.03281530529413112,-1,1,-1,-0.19999999999999996,False,MeanReversion,Trend,False
2020-04-16 00:00:00+09:00,165698.46875,161808.165625,169076.4859375,42.46574365688886,1204.3404120751316,0.029550183440653584,0.03230443411043064,-1,1,-1,-0.19999999999999996,False,MeanReversion,Trend,False
2020-04-17 00:00:00+09:00,173383.046875,162816.76484375,168460.12005208334,61.03897804883717,1598.6976531693672,0.030911077455500764,0.03279345134803501,-1,1,1,0.30000000000000004,False,Trend,Trend,False
2020-04-20 00:00:00+09:00,170021.046875,163369.09375,167715.67786458333,60.25640811750496,1551.2506001926042,0.030533394964010068,0.03271217349779956,-1,1,1,0.30000000000000004,False,Trend,Trend,False
2020-04-21 00:00:00+09:00,165218.1875,163969.45,167067.29244791667,54.02299280390453,1133.8885346773513,0.030010521327119562,0.03230436357812657,-1,1,1,0.30000000000000004,False,Trend,Trend,False
2020-04-22 00:00:00+09:00,168099.90625,164161.56484375,166755.10677083334,73.61114499939904,994.3771769093275,0.025977745809660866,0.030419359652767184,-1,1,-1,-0.19999999999999996,False,MeanReversion,Trend,False
2020-04-23 00:00:00+09:00,169540.75,164113.5359375,166338.859375,72.05883267574045,942.1110127190814,0.02463222344177183,0.029947506040868196,-1,1,-1,-0.19999999999999996,False,MeanReversion,MeanReversion,False
2020-04-24 00:00:00+09:00,164257.609375,163777.3359375,165970.64010416667,62.820499987070306,516.0120884092561,0.02559149861985438,0.029723871395764236,-1,1,1,0.30000000000000004,False,Trend,MeanReversion,False
2020-04-27 00:00:00+09:00,164737.921875,163753.32265625,165706.48333333334,56.716435303766076,244.5728601401048,0.024448027283795075,0.029479476535208927,-1,1,1,0.30000000000000004,False,Trend,MeanReversion,False
2020-04-28 00:00:00+09:00,169060.46875,164089.521875,165466.340625,58.57143056323045,328.94561660304794,0.02474683662464804,0.029608370733152267,-1,1,1,0.30000000000000004,False,Trend,Trend,False
2020-04-29 00:00:00+09:00,170021.046875,164497.76484375,165146.15078125,57.97100150970938,416.60874750726293,0.024730431890882903,0.029319568351419804,-1,1,1,0.30000000000000004,False,Trend,Trend,False
2020-05-04 00:00:00+09:00,167619.625,165290.23671875,165026.07942708334,54.05404573668937,286.2342538258231,0.01961563250344663,0.02755896217896129,1,1,1,1.0,False,Trend,Trend,True
2020-05-06 00:00:00+09:00,170981.609375,166082.70703125,164946.03177083333,57.50000304994715,393.187184280599,0.01952753240484986,0.02767589560869848,1,1,1,1.0,False,Trend,Trend,False
2020-05-07 00:00:00+09:00,172422.484375,166971.23515625,164970.04635416667,59.756091755014204,519.7888316646913,0.0194497623124089,0.027465219759530736,1,1,1,1.0,False,Trend,Trend,False
2020-05-08 00:00:00+09:00,174343.625,167667.64921875,164962.04166666666,61.17648274579236,681.5339729155921,0.01808821945081615,0.027350800789016916,1,1,1,1.0,False,Trend,Trend,False
2020-05-11 00:00:00+09:00,168580.1875,167931.80625,164849.97473958333,53.12500423603026,364.86225055782916,0.019635499942194774,0.02768867400625354,1,1,1,1.0,False,Trend,Trend,False
2020-05-12 00:00:00+09:00,165218.1875,167955.81953125,164569.80833333332,40.22988290839498,-82.64890229279035,0.020136900666308476,0.027336958576232345,1,1,-1,0.5,False,Trend,Trend,False
2020-05-13 00:00:00+09:00,168099.90625,168123.91875,164345.675,47.674421683734366,-190.06048355974917,0.020498285121259174,0.02744517661274068,1,1,-1,0.5,False,Trend,Trend,False
2020-05-14 00:00:00+09:00,169060.46875,168316.0328125,164113.53723958333,55.12819978094634,-200.8440670188179,0.020521347078009275,0.02743413060630195,1,1,-1,0.5,False,Trend,Trend,False
2020-05-15 00:00:00+09:00,163777.34375,168268.00390625,163729.30885416668,44.578320808881514,-548.4975857855668,0.021795223592035468,0.027554818238898666,1,1,-1,0.5,False,Trend,Trend,False
2020-05-18 00:00:00+09:00,165218.1875,168268.00390625,163441.13723958333,44.578320808881514,-658.7119676684661,0.021879527886508248,0.027447812549511914,1,1,-1,0.5,False,Trend,Trend,False
2020-05-19 00:00:00+09:00,170021.046875,168484.1328125,163265.03255208334,57.31708865329545,-398.2691577700425,0.022797854129951636,0.02769789257185599,1,1,-1,0.5,False,Trend,Trend,False
2020-05-20 00:00:00+09:00,168099.90625,168219.97578125,163128.9515625,54.11763310013086,-347.3606788802747,0.02043523845057842,0.02756455941911806,1,1,-1,0.5,False,Trend,Trend,False
2020-05-21 00:00:00+09:00,168099.90625,168123.91875,163016.88489583333,48.684221791115824,-307.05855409412413,0.019989977744865804,0.027547485548680316,1,1,-1,0.5,False,Trend,Trend,False
2020-05-22 00:00:00+09:00,163297.046875,168027.86171875,162968.85598958333,41.666660211757176,-581.3244069591743,0.02001467293049284,0.027015933042034264,1,1,-1,0.5,False,Trend,Trend,False
2020-05-25 00:00:00+09:00,161856.1875,167715.67578125,162864.79401041666,42.68291134670456,-822.4979631432795,0.019636048532675015,0.026993228793784033,1,1,-1,0.5,False,Trend,Trend,False
2020-05-26 00:00:00+09:00,160895.625,167283.41953125,162800.75572916667,36.36365172738246,-997.7611288028768,0.019497871019525114,0.026880560925713996,1,1,-1,0.5,False,Trend,Trend,False
2020-05-27 00:00:00+09:00,162816.765625,167211.37734375,162816.76536458332,37.17946899879212,-936.3476931331958,0.01848890416722413,0.02682948511340037,1,1,-1,0.5,False,Trend,Trend,False
2020-05-28 00:00:00+09:00,159935.0625,166971.234375,162904.81770833334,31.249989833513624,-1034.181484726699,0.018869953167426165,0.026263665476998058,1,1,-1,0.5,False,Trend,Trend,False
2020-05-29 00:00:00+09:00,156573.046875,166346.86328125,162848.78411458334,33.33331887433205,-1254.9950570745898,0.018202536926287195,0.026047973390262106,1,1,-1,0.5,False,Trend,Trend,False
2020-06-01 00:00:00+09:00,159454.765625,165818.54921875,162880.803125,41.891893674182754,-1139.9936322404567,0.01875659968921147,0.026083346864445335,1,1,-1,0.5,False,Trend,Trend,False
2020-06-02 00:00:00+09:00,160415.34375,165458.33515625,162880.803125,38.571431227163174,-940.542868178736,0.01867654808358,0.02598892731617381,1,1,-1,0.5,False,Trend,Trend,False
2020-06-03 00:00:00+09:00,163297.046875,165074.10703125,162840.77942708333,41.891893674182754,-573.8710361230346,0.01855412268574065,0.025747637946875034,1,1,-1,0.5,False,Trend,Trend,False
2020-06-04 00:00:00+09:00,166178.78125,164761.921875,162904.81770833334,53.62320138881686,-120.29985911649533,0.018937791303530262,0.02570819676265903,1,1,-1,0.5,False,Trend,Trend,False
2020-06-05 00:00:00+09:00,168099.90625,164449.7359375,163000.87473958332,54.285720925044615,302.93153475487975,0.0189528764566481,0.025748037637689247,1,1,1,1.0,False,Trend,Trend,False
2020-06-08 00:00:00+09:00,171942.1875,164617.8359375,163192.98880208333,52.94117365633865,806.8733127721904,0.01814081587990923,0.025849558771170164,1,1,1,1.0,False,Trend,Trend,False
2020-06-09 00:00:00+09:00,169060.46875,164809.95,163465.15052083333,51.428558149910764,904.0363362207519,0.017955550544139262,0.02511260644736321,1,1,1,1.0,False,Trend,Trend,False
2020-06-10 00:00:00+09:00,167619.625,164785.9359375,163713.29817708334,49.31507459799794,831.0376653515342,0.017660412242713724,0.025146673809730426,1,1,1,1.0,False,Trend,Trend,False
2020-06-11 00:00:00+09:00,165218.1875,164593.821875,164049.49791666667,52.94117365633865,592.0147000714264,0.01788216393933732,0.02425630645642024,1,1,1,1.0,False,Trend,Trend,False
2020-06-12 00:00:00+09:00,161375.90625,164473.75,164377.69296875,49.31507459799794,168.1602989814059,0.01722435492179031,0.024257719502610908,1,1,1,1.0,False,Trend,Trend,False
2020-06-15 00:00:00+09:00,154171.640625,163921.42265625,164465.7453125,41.86047919209863,-564.2609771436834,0.019758256619518667,0.024218513704295046,-1,1,-1,-0.19999999999999996,False,MeanReversion,Trend,False
2020-06-16 00:00:00+09:00,160895.625,163465.1515625,164585.81666666668,47.91666737267243,-561.5368180702205,0.02115843427712999,0.024496744999448313,-1,1,-1,-0.19999999999999996,False,MeanReversion,Trend,False
2020-06-17 00:00:00+09:00,155132.203125,162816.76640625,164617.83567708332,45.09803358718439,-893.8177852896738,0.022404589192280267,0.024960507657653896,-1,1,-1,-0.19999999999999996,False,MeanReversion,Trend,False
2020-06-18 00:00:00+09:00,154651.921875,162144.3671875,164545.79322916668,47.91668361081064,-1079.4598743306797,0.022386071288288217,0.024492998800697694,-1,1,-1,-0.19999999999999996,False,MeanReversion,Trend,False
2020-06-19 00:00:00+09:00,155612.484375,161760.1390625,164585.81692708333,45.65217237557808,-1069.0483008729134,0.021705081330891756,0.02403312398171854,-1,1,-1,-0.19999999999999996,False,MeanReversion,Trend,False
2020-06-22 00:00:00+09:00,150809.625,161207.8109375,164361.68385416668,39.9999804803398,-1301.6714241706823,0.022620123142804684,0.02258553618806123,-1,1,-1,-0.19999999999999996,False,MeanReversion,Trend,False
2020-06-23 00:00:00+09:00,148408.203125,160583.43984375,163993.46510416668,34.343426377039634,-1518.2085949846912,0.022789036317143005,0.022079493448688297,-1,1,-1,-0.19999999999999996,False,MeanReversion,Trend,False
2020-06-24 00:00:00+09:00,148888.5,159887.0265625,163625.24661458333,30.851036584141866,-1525.9473032192527,0.0225522737337269,0.02208120485130533,-1,1,-1,-0.19999999999999996,False,MeanReversion,Trend,False
2020-06-25 00:00:00+09:00,144085.625,159094.5546875,163273.03723958333,24.999983733627076,-1736.0912483723996,0.023254993021877557,0.022045221448107086,-1,1,-1,-0.19999999999999996,False,MeanReversion,Trend,False
2020-06-26 00:00:00+09:00,151770.1875,158854.41171875,163096.93229166666,30.555538820603587,-1261.2067904844453,0.02617710039805505,0.02303291518479072,-1,1,-1,-0.19999999999999996,False,MeanReversion,Trend,False
2020-06-29 00:00:00+09:00,146967.375,158230.0421875,162848.78541666668,29.464295569558843,-1175.8945830913613,0.026593466496389315,0.023378237772049757,-1,1,-1,-0.19999999999999996,False,MeanReversion,Trend,False
2020-06-30 00:00:00+09:00,160895.625,158254.05625,163000.87604166666,44.92752734874852,-141.17817073656715,0.033974816322541505,0.02483950575996542,-1,-1,-1,-1.0,True,Defensive,Trend,False
2020-07-01 00:00:00+09:00,156092.78125,157893.84296875,163016.88567708334,43.35664622030473,239.31198988272172,0.03435996512016412,0.02500765946265999,-1,-1,-1,-1.0,True,Defensive,Defensive,False
2020-07-02 00:00:00+09:00,161375.90625,157653.69921875,163128.95208333334,50.0,832.9174099632255,0.03501297362978459,0.025367261942819658,-1,-1,1,-0.5,True,Defensive,Defensive,False
2020-07-03 00:00:00+09:00,160415.34375,157269.47109375,163128.95208333334,54.887220068181875,1128.6256318215428,0.034890288643833735,0.024938373411490848,-1,-1,1,-0.5,True,Defensive,Defensive,False
2020-07-06 00:00:00+09:00,156573.046875,156501.0140625,163016.88541666666,46.45668081116771,1035.638225769529,0.03469977328431408,0.025020233257651982,-1,-1,1,-0.5,True,Defensive,Defensive,False
2020-07-07 00:00:00+09:00,157053.34375,155900.6578125,162888.80911458333,51.72413889812053,977.395889661851,0.034616797806323624,0.024994356089564317,-1,-1,1,-0.5,True,Defensive,Defensive,False
2020-07-08 00:00:00+09:00,155612.484375,155300.30078125,162736.71848958332,50.84745108505059,819.1528631280362,0.03462198359788817,0.02501769120606804,-1,-1,1,-0.5,True,Defensive,Defensive,False
2020-07-09 00:00:00+09:00,156092.78125,154844.03046875,162584.62838541667,50.427360884223695,727.263390736525,0.034558148427999306,0.025018147269120945,-1,-1,1,-0.5,True,Defensive,Defensive,False
2020-07-10 00:00:00+09:00,150809.625,154315.71640625,162352.49010416667,50.0,312.31234424453146,0.03498500727439787,0.02538830830907843,-1,-1,1,-0.5,True,Defensive,Defensive,False
2020-07-13 00:00:00+09:00,153691.34375,154291.7015625,162160.37604166666,54.62185057737421,236.97640623671123,0.033838931976698614,0.02551904903689787,-1,-1,1,-0.5,True,Defensive,Defensive,False
2020-07-14 00:00:00+09:00,157533.625,154123.6015625,162024.2953125,57.142849765815825,439.21461068152666,0.032864898021947246,0.025732655412458404,-1,1,1,0.30000000000000004,False,Trend,Defensive,False
2020-07-15 00:00:00+09:00,155612.484375,154147.615625,161728.11927083333,60.00001626638262,436.02007065127236,0.031923959270540314,0.02504609120430214,-1,1,1,0.30000000000000004,False,Trend,Defensive,False
2020-07-16 00:00:00+09:00,158494.203125,154339.7296875,161536.00520833334,56.36365948609476,609.7452163632399,0.03216821451857387,0.025068418033956104,-1,1,1,0.30000000000000004,False,Trend,Trend,False
2020-07-17 00:00:00+09:00,158494.203125,154483.815625,161423.93880208334,61.99997592577591,699.9589432977252,0.0321477062329484,0.024807515248268294,-1,1,1,0.30000000000000004,False,Trend,Trend,False
2020-07-20 00:00:00+09:00,158494.203125,154868.04453125,161263.84375,46.47888421059384,731.504830171554,0.03124310361385828,0.024695236406261506,-1,1,1,0.30000000000000004,False,Trend,Trend,False
2020-07-21 00:00:00+09:00,164257.609375,155660.51484375,161175.79140625,61.64379349301104,1090.765038994231,0.03176668001081005,0.025118484425272775,-1,1,1,0.30000000000000004,False,Trend,Trend,False
2020-07-22 00:00:00+09:00,160895.625,156260.87109375,161119.75833333333,49.27536915200887,1051.7500368631001,0.032285391012660876,0.024927152760750325,-1,1,1,0.30000000000000004,False,Trend,Trend,False
2020-07-23 00:00:00+09:00,158974.46875,157005.31328125,161023.70078125,47.88729941991001,854.7022130792141,0.03136454720517215,0.024968513308444355,-1,1,1,0.30000000000000004,False,Trend,Trend,False
2020-07-24 00:00:00+09:00,157053.34375,157269.47109375,160823.58203125,50.74628605001785,566.9860058866763,0.029526012409613302,0.024766650517325323,-1,1,1,0.30000000000000004,False,Trend,Trend,False
2020-07-27 00:00:00+09:00,158013.890625,157821.796875,160623.46276041667,51.47055235357748,420.13246267625374,0.028435496413951985,0.024768749495139127,-1,1,1,0.30000000000000004,False,Trend,Trend,False
2020-07-28 00:00:00+09:00,156573.046875,157605.66796875,160439.353125,51.470576978279595,215.05850721796983,0.019833480044779257,0.024732283338397144,-1,1,1,0.30000000000000004,False,Trend,Trend,False
2020-07-29 00:00:00+09:00,157053.34375,157653.69609375,160207.21536458333,51.470576978279595,106.3559856061843,0.018638024627424497,0.024585239643444296,-1,1,1,0.30000000000000004,False,Trend,Trend,False
2020-07-30 00:00:00+09:00,159454.765625,157557.6390625,159991.08671875,64.5161611926734,186.1148801066742,0.01734658644913846,0.02464662221828338,-1,1,1,0.30000000000000004,False,Trend,Trend,False
2020-07-31 00:00:00+09:00,159454.765625,157509.61015625,159742.9390625,60.71430438745651,226.13931871487324,0.017300597346461517,0.02459371645116307,-1,1,1,0.30000000000000004,False,Trend,Trend,False
2020-08-03 00:00:00+09:00,154171.640625,157389.53984375,159502.79661458332,44.06780502141377,-98.51128946231188,0.018099540170832953,0.02459542486215462,-1,1,-1,-0.19999999999999996,False,MeanReversion,Trend,False
2020-08-04 00:00:00+09:00,156573.046875,157365.525,159358.7109375,51.66665762976539,-144.08107163026816,0.018446594145583237,0.024567150990466448,-1,1,-1,-0.19999999999999996,False,MeanReversion,Trend,False
2020-08-05 00:00:00+09:00,158494.203125,157509.6109375,159198.61588541666,50.0,-42.659598609504314,0.018514111485035553,0.024511953786986233,-1,1,-1,-0.19999999999999996,False,MeanReversion,MeanReversion,False
2020-08-06 00:00:00+09:00,160895.625,157749.753125,159062.53515625,53.968257246947466,176.3231243167197,0.018778806486508946,0.02458463470379036,-1,1,1,0.30000000000000004,False,Trend,MeanReversion,False
2020-08-07 00:00:00+09:00,162816.765625,158350.11015625,159046.52552083333,56.71642733185139,426.45922153896714,0.016871057157556275,0.02429794780988717,-1,1,1,0.30000000000000004,False,Trend,Trend,False
2020-08-10 00:00:00+09:00,161375.90625,158734.33828125,158982.4875,44.82759007524617,467.48213009738504,0.016706712146383813,0.02429572965093158,-1,1,-1,-0.19999999999999996,False,MeanReversion,Trend,False
2020-08-11 00:00:00+09:00,167139.328125,159214.6234375,158934.45885416667,60.31746851418559,833.9813670672356,0.01757495716000757,0.024439929093835685,1,1,1,1.0,False,Trend,Trend,True
2020-08-12 00:00:00+09:00,174823.90625,160175.19453125,159046.52552083333,72.00006419804924,1505.9732570189094,0.01951568669117575,0.025080220016206894,1,1,-1,0.5,False,Trend,Trend,False
2020-08-13 00:00:00+09:00,180107.046875,161255.83671875,159246.64453125,79.26832993789017,2177.5285494642226,0.020061180378588058,0.02536002273796029,1,1,-1,0.5,False,Trend,Trend,False
2020-08-14 00:00:00+09:00,188752.171875,162768.73515625,159670.89661458333,82.65309984105423,3023.1971134994,0.021927393724165918,0.025720819758018893,1,1,-1,0.5,False,Trend,Trend,False
2020-08-18 00:00:00+09:00,169540.75,163321.0625,159798.97265625,60.0,2149.034938163408,0.033994538845324176,0.0293400985321881,1,1,1,1.0,False,Trend,Trend,False
2020-08-19 00:00:00+09:00,174823.90625,163849.37734375,160031.11067708334,62.758624093794815,1801.0298665709965,0.03376032718760797,0.029578053674071705,1,1,1,1.0,False,Trend,Trend,False
2020-08-20 00:00:00+09:00,165698.46875,164089.51953125,160079.1390625,54.088045038399876,877.4251717524457,0.03572764236626549,0.030381657337195198,1,1,1,1.0,False,Trend,Trend,False
2020-08-21 00:00:00+09:00,167139.328125,164497.7625,160199.21015625,54.93826813398666,313.77922091543405,0.03561588201303503,0.030305927848399625,1,1,1,1.0,False,Trend,Trend,False
2020-08-24 00:00:00+09:00,169060.46875,165098.11875,160407.33385416667,59.99998320891489,35.230950404893974,0.03549512665457652,0.030197648935428416,1,1,1,1.0,False,Trend,Trend,False
2020-08-25 00:00:00+09:00,170981.609375,165746.5046875,160599.44791666666,59.7402537045049,-50.10195517998318,0.035532786840799586,0.03014484657933553,1,1,-1,0.5,False,Trend,Trend,False
2020-08-26 00:00:00+09:00,166178.78125,166226.79140625,160695.50520833334,55.00000711653612,-438.8517060339568,0.036165307395533974,0.030378998530701126,1,1,-1,0.5,False,Trend,Trend,False
2020-08-27 00:00:00+09:00,164737.921875,166611.0203125,160719.51979166668,52.53165404032865,-781.8451297615939,0.03625949850483926,0.030317093031617472,1,1,-1,0.5,False,Trend,Trend,False
2020-08-28 00:00:00+09:00,163777.34375,166827.14921875,160679.49583333332,50.64103031987806,-1045.7466815000953,0.036173942256454254,0.03024038734401764,1,1,-1,0.5,False,Trend,Trend,False
2020-08-31 00:00:00+09:00,161375.90625,166923.20625,160567.42916666667,50.0,-1335.8096357035802,0.036353036293621716,0.030257710412530215,1,1,-1,0.5,False,Trend,Trend,False
2020-09-01 00:00:00+09:00,162336.484375,167331.4484375,160407.33411458333,46.621630830116324,-1409.4639075035793,0.03545441378812902,0.03011654698648173,1,1,-1,0.5,False,Trend,Trend,False
2020-09-02 00:00:00+09:00,164737.921875,167739.6921875,160335.29166666666,42.33577803661475,-1248.4515985175954,0.0354400839191356,0.030109191645079157,1,1,-1,0.5,False,Trend,Trend,False
2020-09-03 00:00:00+09:00,165218.1875,168075.89140625,160295.26770833333,37.79526974115475,-1068.5545813652677,0.03536771051146427,0.030093122949642028,1,1,-1,0.5,False,Trend,Trend,False
2020-09-04 00:00:00+09:00,162816.765625,168171.9484375,160255.24401041667,26.315805995381496,-1067.7186059619619,0.03541790554822645,0.03009482309970873,1,1,-1,0.5,False,Trend,Trend,False
2020-09-07 00:00:00+09:00,163297.046875,168195.9625,160287.26302083334,41.333347213962526,-992.8213378163216,0.03532446028873727,0.029941308446252122,1,1,-1,0.5,False,Trend,Trend,False
2020-09-08 00:00:00+09:00,163297.046875,168292.01953125,160439.353125,31.249984114873115,-903.8177114379489,0.035260645843316674,0.029329777187301204,1,1,-1,0.5,False,Trend,Trend,False
2020-09-09 00:00:00+09:00,160415.34375,167955.8203125,160431.3484375,39.21570503620069,-992.4817880368197,0.03451258635405993,0.028907655753249918,1,1,-1,0.5,False,Trend,Trend,False
2020-09-10 00:00:00+09:00,159454.765625,167187.36328125,160503.39114583333,33.999994794757285,-1062.9928453056132,0.032692845872829175,0.028521914454658053,1,1,-1,0.5,False,Trend,Trend,False
2020-09-11 00:00:00+09:00,160895.625,166226.7921875,160607.45286458332,32.65306664435849,-962.7527288347894,0.03186269303981212,0.02853907891923249,1,1,-1,0.5,False,Trend,Trend,False
2020-09-14 00:00:00+09:00,161375.90625,164857.97890625,160703.50989583333,28.260861877890378,-819.8513808462399,0.02947669411319282,0.028531538148286163,1,1,-1,0.5,False,Trend,Trend,False
2020-09-15 00:00:00+09:00,162816.765625,164521.7796875,160903.62890625,41.025598247570684,-594.5314652349177,0.018080623480772103,0.0282390701525102,1,1,-1,0.5,False,Trend,Trend,False
2020-09-16 00:00:00+09:00,163297.046875,163945.43671875,161151.77630208334,45.94589366543686,-389.3116248317636,0.016427808315532724,0.02814784035652556,1,1,-1,0.5,False,Trend,Trend,False
2020-09-17 00:00:00+09:00,160415.34375,163681.28046875,161343.89036458332,41.46340302221432,-421.11475397088486,0.01203224849658558,0.02825788575605335,1,1,-1,0.5,False,Trend,Trend,False
2020-09-18 00:00:00+09:00,161856.1875,163417.1234375,161640.06640625,51.2820427264158,-322.9974669275407,0.012045167313191966,0.027917553636639225,1,1,-1,0.5,False,Trend,Trend,False
2020-09-21 00:00:00+09:00,159935.0625,162960.853125,161776.14765625,43.902433218410415,-362.4088652059211,0.011845998435931102,0.027186245541038597,1,1,-1,0.5,False,Trend,Trend,False
2020-09-22 00:00:00+09:00,156573.046875,162240.425,161936.2421875,30.232450811126526,-577.0828388412535,0.012044568624779454,0.02699738815079023,1,1,-1,0.5,False,Trend,Trend,False
2020-09-23 00:00:00+09:00,156092.78125,161736.125,161856.19479166667,27.906959149365008,-705.1325936520049,0.010626397859956947,0.024309158608914545,-1,1,-1,-0.19999999999999996,False,MeanReversion,Trend,False
2020-09-24 00:00:00+09:00,153211.0625,161159.78203125,161808.16614583333,27.272693664458146,-923.8233749446492,0.011120882350696516,0.02411255960459585,-1,1,-1,-0.19999999999999996,False,MeanReversion,Trend,False
2020-09-25 00:00:00+09:00,153211.0625,160631.46796875,161672.08541666667,25.58137247558716,-1001.8519247565864,0.011136281084723502,0.02370597628105667,-1,1,-1,-0.19999999999999996,False,MeanReversion,Trend,False
2020-09-28 00:00:00+09:00,155132.203125,160319.2828125,161584.03307291667,31.914880362373808,-862.7395976964972,0.011327525231006302,0.023758067856903695,-1,1,-1,-0.19999999999999996,False,MeanReversion,Trend,False
2020-09-29 00:00:00+09:00,157533.625,160079.13984375,161600.04270833332,43.47823627010137,-562.2032883796892,0.01185758236553737,0.023638728917749926,-1,1,-1,-0.19999999999999996,False,MeanReversion,Trend,False
2020-10-05 00:00:00+09:00,162336.484375,159959.06796875,161688.09505208334,55.55557563752211,-21.70865816325795,0.013361492716496188,0.023950343692792687,-1,1,-1,-0.19999999999999996,False,MeanReversion,MeanReversion,False
2020-10-06 00:00:00+09:00,160415.34375,159718.92578125,161768.14270833333,49.0909155436939,211.79308410003114,0.013558023401889345,0.023971431632751287,-1,1,1,0.30000000000000004,False,Trend,MeanReversion,False
2020-10-07 00:00:00+09:00,162336.484375,159694.91171875,161872.20442708334,51.72415340441559,485.3597782874922,0.013500507524402865,0.024014520469725333,-1,1,1,0.30000000000000004,False,Trend,Trend,False
2020-10-08 00:00:00+09:00,162816.765625,159670.89765625,162072.3234375,50.0,676.6390776819253,0.013500612593884433,0.02356962456733634,-1,1,1,0.30000000000000004,False,Trend,Trend,False
2020-10-12 00:00:00+09:00,166659.0625,159838.9984375,162288.45208333334,55.55558998176616,1019.3288408214642,0.014485521650927294,0.023632184480175296,-1,1,1,0.30000000000000004,False,Trend,Trend,False
2020-10-13 00:00:00+09:00,161856.1875,159911.040625,162360.49479166666,52.23878640267565,884.9174566945813,0.015460705366452103,0.02375469448769186,-1,1,1,0.30000000000000004,False,Trend,Trend,False
2020-10-14 00:00:00+09:00,158974.46875,159887.02578125,162416.52786458333,45.71427907495538,579.1011811260316,0.015947003346461434,0.023817674145848775,-1,1,1,0.30000000000000004,False,Trend,Trend,False
2020-10-15 00:00:00+09:00,156573.046875,159670.896875,162384.50859375,45.07040123825901,211.21457053865834,0.016134241446792694,0.02378210969913919,-1,1,1,0.30000000000000004,False,Trend,Trend,False
2020-10-16 00:00:00+09:00,161375.90625,159670.896875,162432.53697916667,56.75676032133536,282.9876986243013,0.01760238312655571,0.024104179898871623,-1,1,1,0.30000000000000004,False,Trend,Trend,False
2020-10-19 00:00:00+09:00,163297.046875,159694.9109375,162512.584375,59.74022846408875,442.019022699665,0.017692758931725172,0.024150056977581442,-1,1,1,0.30000000000000004,False,Trend,Trend,False
2020-10-20 00:00:00+09:00,161856.1875,159622.86796875,162472.56067708333,62.16213245735358,431.8429722354408,0.01779121420216616,0.023730229074294184,-1,1,1,0.30000000000000004,False,Trend,Trend,False
2020-10-21 00:00:00+09:00,160415.34375,159622.86796875,162464.55598958334,59.7402537045049,315.1612025462146,0.017442990482736762,0.02360697187200321,-1,1,1,0.30000000000000004,False,Trend,Trend,False
2020-10-22 00:00:00+09:00,160415.34375,159550.82578125,162488.57057291668,57.534242912435744,229.0733285001756,0.017315866973457616,0.023554680766054416,-1,1,1,0.30000000000000004,False,Trend,Trend,False
2020-10-23 00:00:00+09:00,160895.625,159598.85390625,162552.60859375,55.07246308479911,196.80230704999883,0.017114961653289074,0.023501638624644425,-1,1,1,0.30000000000000004,False,Trend,Trend,False
2020-10-26 00:00:00+09:00,158013.890625,159670.89609375,162552.60859375,43.07689227673812,-15.050188701791626,0.01691835600484411,0.02360927804415082,-1,1,-1,-0.19999999999999996,False,MeanReversion,Trend,False
2020-10-27 00:00:00+09:00,154651.921875,159598.853125,162520.58984375,41.17647903098407,-358.96834905062775,0.017608836493874184,0.023743880637040415,-1,1,-1,-0.19999999999999996,False,MeanReversion,Trend,False
2020-10-28 00:00:00+09:00,154651.921875,159670.89609375,162480.56614583332,37.50001270809505,-552.2627982362283,0.017081908104770845,0.023740026371059795,-1,1,-1,-0.19999999999999996,False,MeanReversion,Trend,False
2020-10-29 00:00:00+09:00,158494.203125,159935.053125,162464.55677083333,43.66198409287313,-394.55227716675427,0.017907981889314778,0.02387363720401401,-1,1,-1,-0.19999999999999996,False,MeanReversion,Trend,False
2020-10-30 00:00:00+09:00,151770.1875,159766.95234375,162336.48046875,29.870105727110484,-698.5232042734581,0.02032715735981956,0.024517825380779814,-1,1,-1,-0.19999999999999996,False,MeanReversion,Trend,False
2020-11-02 00:00:00+09:00,152250.484375,159502.7953125,162304.46119791668,35.29413171830679,-814.5779917122804,0.01998750990167866,0.024139094350368265,-1,1,-1,-0.19999999999999996,False,MeanReversion,Trend,False
2020-11-03 00:00:00+09:00,155612.484375,159166.5953125,162288.45182291666,44.927558098032904,-621.0066503500061,0.019377603502798324,0.024223261214868678,-1,1,-1,-0.19999999999999996,False,MeanReversion,Trend,False
2020-11-04 00:00:00+09:00,157533.625,159022.509375,162272.4421875,51.470598788730086,-334.0518589152316,0.019488474044702782,0.024223906089258375,-1,1,-1,-0.19999999999999996,False,MeanReversion,MeanReversion,False
2020-11-05 00:00:00+09:00,158013.890625,158806.3796875,162224.41328125,44.0677629652666,-94.80067904543603,0.01928151973039191,0.02414622170379292,-1,1,-1,-0.19999999999999996,False,MeanReversion,MeanReversion,False
2020-11-06 00:00:00+09:00,157533.625,158542.22265625,162136.3609375,39.285708061331256,40.92606860019919,0.01925769132817217,0.024095519451116397,-1,1,-1,-0.19999999999999996,False,MeanReversion,MeanReversion,False
2020-11-09 00:00:00+09:00,158494.203125,158133.9796875,162088.33255208333,43.63638299470662,196.5086906023712,0.018449744061157087,0.024085200153243384,-1,1,-1,-0.19999999999999996,False,MeanReversion,MeanReversion,False
2020-11-10 00:00:00+09:00,163297.046875,158206.02265625,162024.29453125,54.83869782885771,601.1372247444403,0.018674224526565645,0.023963923313919312,-1,1,1,0.30000000000000004,False,Trend,MeanReversion,False
2020-11-11 00:00:00+09:00,167619.625,158638.28046875,161904.22317708333,60.56338479923168,1108.632071885876,0.018986684358728738,0.02347857337300039,-1,1,1,0.30000000000000004,False,Trend,Trend,False
2020-11-12 00:00:00+09:00,170501.328125,159334.69453125,161744.12786458334,63.15789473684211,1559.5177395826781,0.018757945527751233,0.023255029753318477,-1,1,1,0.30000000000000004,False,Trend,Trend,False
2020-11-13 00:00:00+09:00,168099.90625,159670.89453125,161399.9234375,64.00004858228647,1610.5745470085317,0.01814195886245885,0.02245009675836058,-1,1,1,0.30000000000000004,False,Trend,Trend,False
2020-11-16 00:00:00+09:00,167619.625,159887.0234375,161367.9046875,69.5652255911179,1527.281769950531,0.018021635476895836,0.01768078497154969,-1,1,1,0.30000000000000004,False,Trend,Trend,False
2020-11-17 00:00:00+09:00,177705.59375,160679.49375,161415.9328125,76.66666305191399,2034.980027352488,0.021889914728344752,0.01882761161266687,-1,1,-1,-0.19999999999999996,False,MeanReversion,Trend,False
2020-11-18 00:00:00+09:00,180587.328125,161688.09296875,161664.08046875,76.13637287862399,2422.090095646492,0.02178589215156226,0.01755384159525563,1,1,-1,0.5,False,Trend,Trend,True
2020-11-19 00:00:00+09:00,180587.328125,162696.6921875,161888.21380208334,90.54061123814037,2523.8988849180882,0.02178589215156226,0.01752901949510348,1,1,-1,0.5,False,Trend,Trend,False
2020-11-20 00:00:00+09:00,189232.4375,164113.5328125,162224.41328125,92.30774455817419,2987.507582407688,0.023598969715177474,0.01844497467821753,1,1,-1,0.5,False,Trend,Trend,False
2020-11-23 00:00:00+09:00,189232.4375,165674.46015625,162528.59375,91.66672153350356,3095.0625012883065,0.02287859822549505,0.018404796994020034,1,1,-1,0.5,False,Trend,Trend,False
2020-11-24 00:00:00+09:00,185870.484375,167235.38828125,162856.78880208332,83.90817363262049,2752.2053352617395,0.022639997421454918,0.01816003923269875,1,1,-1,0.5,False,Trend,Trend,False
2020-11-25 00:00:00+09:00,180107.046875,168508.14453125,163112.94088541667,73.46946431084896,1985.4817843551064,0.02434462977534395,0.01861755413272766,1,-1,-1,-0.30000000000000004,True,Defensive,Trend,False
2020-11-26 00:00:00+09:00,180587.328125,169612.80078125,163393.10729166667,74.48984097107072,1387.2141401025992,0.02403376820955764,0.018593130859304783,1,1,-1,0.5,False,Trend,Trend,False
2020-11-27 00:00:00+09:00,176264.765625,170837.5296875,163641.25494791666,67.61908243873299,616.2255636736136,0.02226002934779501,0.01877369204480214,1,1,1,1.0,False,Trend,Trend,False
2020-11-30 00:00:00+09:00,171942.1875,171822.11484375,163801.35,58.653862095393,-224.01015156866742,0.02339675747369995,0.019067505632192824,1,1,-1,0.5,False,Trend,Trend,False
2020-12-01 00:00:00+09:00,180107.046875,173046.84296875,164057.50208333333,61.60716023355053,-266.17243449530633,0.024865166172938238,0.01987664428667739,1,1,-1,0.5,False,Trend,Trend,False
2020-12-02 00:00:00+09:00,183949.328125,174367.628125,164369.68776041668,62.2807247846701,-81.15771154480444,0.025035943659838182,0.02003694328282975,1,1,-1,0.5,False,Trend,Trend,False
2020-12-03 00:00:00+09:00,187791.609375,175856.5140625,164785.93515625,67.52138891043839,236.73335488131033,0.025171455488761752,0.020064745186082256,1,1,1,1.0,False,Trend,Trend,False
2020-12-04 00:00:00+09:00,186350.765625,177297.37109375,165170.16380208332,66.38658402793556,283.5481058045225,0.025306371314348524,0.020106687315736463,1,1,1,1.0,False,Trend,Trend,False
2020-12-07 00:00:00+09:00,186350.765625,178690.19921875,165554.39244791667,59.18371953828692,249.30838575259259,0.025372132235516275,0.020106687315736463,1,1,1,1.0,False,Trend,Trend,False
2020-12-08 00:00:00+09:00,188271.890625,179938.94140625,166018.66822916668,58.33334462944463,288.09368144375003,0.02486092498318501,0.019959279360956404,1,1,1,1.0,False,Trend,Trend,False
2020-12-09 00:00:00+09:00,208443.859375,181980.153125,166835.153125,71.01450915326575,1534.6860400340565,0.032490851274964795,0.023671006069289905,1,-1,-1,-0.30000000000000004,True,Defensive,Trend,False
2020-12-10 00:00:00+09:00,205562.171875,183733.1953125,167579.59557291667,63.49211144289397,1998.2316909540941,0.03291755384834982,0.023781297392343408,1,-1,1,0.19999999999999996,True,Defensive,Defensive,False
2020-12-11 00:00:00+09:00,207483.3125,185702.365625,168348.05234375,64.61543235581466,2248.6299030787977,0.03244937081609524,0.02379033210648463,1,-1,1,0.19999999999999996,True,Defensive,Defensive,False
2020-12-14 00:00:00+09:00,203160.734375,187479.42109375,169020.45182291666,63.63635467416958,1948.720515315972,0.03309294583547466,0.02400315587650028,1,-1,1,0.19999999999999996,True,Defensive,Defensive,False
2020-12-15 00:00:00+09:00,202680.453125,188728.1640625,169676.84192708333,69.42150271312599,1560.375612873163,0.031105482371747577,0.02401574123277143,1,1,1,1.0,False,Trend,Defensive,False
2020-12-16 00:00:00+09:00,204601.59375,189928.87734375,170413.27942708333,70.16130746068322,1286.6554468549912,0.031033910652396347,0.023861199744948554,1,-1,-1,-0.30000000000000004,True,Defensive,Defensive,False
2020-12-17 00:00:00+09:00,200759.3125,190937.4765625,171061.66484375,70.73172021922328,728.3880406962617,0.031520327868437156,0.02403556396675601,1,-1,-1,-0.30000000000000004,True,Defensive,Defensive,False
2020-12-18 00:00:00+09:00,200279.046875,191489.80703125,171734.06458333333,75.6522329517567,233.9330761610454,0.029996395241809373,0.023962507419981016,1,1,-1,0.5,False,Trend,Defensive,False
2020-12-21 00:00:00+09:00,198838.171875,191970.09375,172438.48333333334,69.30695493081146,-256.44236688216006,0.030075678651580274,0.02378228915208556,1,1,-1,0.5,False,Trend,Defensive,False
2020-12-22 00:00:00+09:00,194515.59375,192402.34921875,173078.86354166668,60.784314350880095,-901.8736310828172,0.030233619586040785,0.024001597180606224,1,1,-1,0.5,False,Trend,Defensive,False
2020-12-23 00:00:00+09:00,191633.890625,192978.69140625,173719.24401041667,54.000003903934584,-1516.647477871733,0.029476920700612464,0.02394790743241728,1,1,-1,0.5,False,Trend,Defensive,False
2020-12-24 00:00:00+09:00,194515.59375,193675.1046875,174407.65286458333,58.252414611705426,-1708.7145195501116,0.029594612222312865,0.023986000309825055,1,1,-1,0.5,False,Trend,Defensive,False
2020-12-28 00:00:00+09:00,193074.75,194515.60390625,175040.02864583334,56.603773005824294,-1897.7289905537536,0.028992227276809467,0.02400426059397023,1,1,-1,0.5,False,Trend,Defensive,False
2020-12-29 00:00:00+09:00,199150.53125,195876.02109375,175733.64375,59.87803012869207,-1590.9029629609258,0.028699709290296336,0.02421726297145499,1,1,-1,0.5,False,Trend,Defensive,False
2020-12-30 00:00:00+09:00,198668.3125,196804.084375,176339.17421875,36.18300312941005,-1404.2682939040342,0.027242899846068896,0.02398519036271197,1,1,-1,0.5,False,Trend,Trend,False
2021-01-04 00:00:00+09:00,195775.09375,197395.37265625,176928.50338541667,36.171212362727246,-1453.4147136033826,0.02729747882582614,0.0240176655791688,1,1,-1,0.5,False,Trend,Trend,False
2021-01-05 00:00:00+09:00,195775.09375,197794.546875,177485.81354166666,32.507015160216454,-1459.8167276988006,0.026987302173694525,0.023994705372385777,1,1,-1,0.5,False,Trend,Trend,False
2021-01-06 00:00:00+09:00,192881.875,198121.10234375,177986.89869791668,33.95738500159244,-1620.4030162261724,0.02717163643895232,0.024107119272039745,1,1,-1,0.5,False,Trend,Trend,False
2021-01-07 00:00:00+09:00,192881.875,198447.6578125,178423.94557291668,34.474218064907774,-1680.8791345345635,0.02717163643895232,0.02395853594574892,1,1,-1,0.5,False,Trend,Trend,False
2021-01-08 00:00:00+09:00,196257.296875,198846.928125,178997.29739583333,37.360997838256935,-1456.1952775362151,0.027334663328714634,0.023667698919320895,1,1,-1,0.5,False,Trend,Trend,False
2021-01-11 00:00:00+09:00,189024.25,197875.94765625,179498.12708333333,33.880796134708305,-1738.245700250834,0.01598515380632073,0.024095936646027678,1,1,-1,0.5,False,Trend,Trend,False
2021-01-12 00:00:00+09:00,195775.09375,197386.59375,180151.49453125,44.72252197293785,-1426.7407588592173,0.018139479264682207,0.024329450571457294,1,1,-1,0.5,False,Trend,Trend,False
2021-01-13 00:00:00+09:00,203972.578125,197211.05703125,180861.4390625,55.19381702448887,-663.9633622286956,0.020458203801642167,0.0245676757205436,1,1,-1,0.5,False,Trend,Trend,False
2021-01-14 00:00:00+09:00,205901.40625,197348.090625,181571.51171875,62.103730122556804,-56.8608751584452,0.02000413489044573,0.024556409753905162,1,1,-1,0.5,False,Trend,Trend,False
2021-01-15 00:00:00+09:00,212652.265625,197846.68125,182418.11302083332,70.64532684720037,728.702645629116,0.02119079659978365,0.024768166444143886,1,1,-1,0.5,False,Trend,Trend,False
2021-01-18 00:00:00+09:00,203008.15625,197767.009375,183127.99322916666,57.36359458691991,536.9920824246674,0.0237412672632001,0.025573392779560503,1,1,1,1.0,False,Trend,Trend,False
2021-01-19 00:00:00+09:00,215063.28125,198482.2078125,184038.7921875,66.10169956955832,1126.3653716954186,0.02660016521997543,0.02649123314938266,1,1,1,1.0,False,Trend,Trend,False
2021-01-20 00:00:00+09:00,221331.953125,199534.853125,185046.06432291667,66.1971920977118,1802.565831121724,0.02714569507315216,0.02666785456372925,1,1,1,1.0,False,Trend,Trend,False
2021-01-21 00:00:00+09:00,223260.75,200755.98203125,186133.51197916668,67.58621953421519,2216.6712373168884,0.027001470352113893,0.026493257058457675,1,1,1,1.0,False,Trend,Trend,False
2021-01-22 00:00:00+09:00,229529.4375,202506.67421875,187381.47057291667,73.02633233892276,2716.7018908776136,0.02659387092034415,0.026396187380770233,1,1,-1,0.5,False,Trend,Trend,False
2021-01-25 00:00:00+09:00,237244.6875,204787.2140625,188758.01666666666,75.59524613176326,3330.5007178919077,0.026555092437892985,0.026600758566356148,1,1,-1,0.5,False,Trend,Trend,False
2021-01-26 00:00:00+09:00,229529.4375,206537.90625,189941.93723958332,71.34833301536861,2991.1015368389926,0.028263725558448905,0.026998271512726973,1,1,-1,0.5,False,Trend,Trend,False
2021-01-27 00:00:00+09:00,223742.953125,208071.31640625,191141.48333333334,66.84209906973643,2188.3201675442633,0.029071409640453936,0.02653841342490123,1,1,1,1.0,False,Trend,Trend,False
2021-01-28 00:00:00+09:00,224707.359375,209349.1578125,192349.09791666668,65.94594225353643,1563.0213898386528,0.028538123472005635,0.026536410076401264,1,1,1,1.0,False,Trend,Trend,False
2021-01-29 00:00:00+09:00,215063.28125,210168.90625,193339.94453125,64.21051680125957,401.1733259436405,0.03061386040928853,0.027238604911729587,1,1,1,1.0,False,Trend,Trend,False
2021-02-01 00:00:00+09:00,215063.28125,211133.315625,194298.77213541666,61.363635526775575,-421.51926002190794,0.030318188839931707,0.02723215584099843,1,1,-1,0.5,False,Trend,Trend,False
2021-02-02 00:00:00+09:00,221814.15625,212435.26875,195362.10989583333,60.69364302596887,-556.723059280117,0.030849164457373453,0.02743181887097277,1,1,-1,0.5,False,Trend,Trend,False
2021-02-03 00:00:00+09:00,219403.125,213761.33125,196393.26822916666,58.04596866345167,-837.3571678563349,0.030718841338780344,0.027493007538134155,1,1,-1,0.5,False,Trend,Trend,False
2021-02-04 00:00:00+09:00,223260.75,215280.275,197472.71067708332,56.54760722245314,-792.4733696458661,0.030773662328774862,0.027535928282598217,1,1,-1,0.5,False,Trend,Trend,False
2021-02-05 00:00:00+09:00,218920.9375,216413.45703125,198399.77552083333,60.50957753978688,-1067.2492400914734,0.031246207445972077,0.027541605984359754,1,1,-1,0.5,False,Trend,Trend,False
2021-02-08 00:00:00+09:00,217474.296875,217835.959375,199230.68671875,51.851846517981286,-1340.9094458534819,0.029734190954251657,0.027437887755065008,1,1,-1,0.5,False,Trend,Trend,False
2021-02-09 00:00:00+09:00,216992.09375,218896.809375,200005.5328125,46.34144670860476,-1534.920302404429,0.029042046552776566,0.027399375031719218,1,1,-1,0.5,False,Trend,Trend,False
2021-02-10 00:00:00+09:00,221331.953125,219764.778125,200892.73359375,48.437517799637035,-1357.606962861625,0.02803264230389811,0.027367971632674598,1,1,-1,0.5,False,Trend,Trend,False
2021-02-15 00:00:00+09:00,224225.15625,220680.965625,201836.15911458334,45.45451624046982,-1046.0778305458498,0.02807976593504284,0.02737136526840609,1,1,-1,0.5,False,Trend,Trend,False
2021-02-16 00:00:00+09:00,224707.359375,221283.7203125,202619.521875,37.7358369443107,-818.23587589421,0.027295870887865302,0.026452966310989916,1,1,-1,0.5,False,Trend,Trend,False
2021-02-17 00:00:00+09:00,218920.9375,222079.359375,203258.41536458334,39.215681914207565,-1052.9753524419248,0.02570072757247965,0.026683295206603633,1,1,-1,0.5,False,Trend,Trend,False
2021-02-18 00:00:00+09:00,227600.609375,222706.22578125,204041.97005208334,53.703727039412605,-639.7542256091292,0.023905893252482525,0.027073347552056055,1,1,-1,0.5,False,Trend,Trend,False
2021-02-19 00:00:00+09:00,230011.625,223140.209375,204721.62317708333,54.95497546836635,-240.65854780632344,0.023204387889570095,0.02649813067958208,1,1,-1,0.5,False,Trend,Trend,False
2021-02-22 00:00:00+09:00,228565.0,223405.421875,205377.16588541667,64.8936206884665,-116.97478572977889,0.02321678773580299,0.026523762891663815,1,1,-1,0.5,False,Trend,Trend,False
2021-02-23 00:00:00+09:00,232904.875,223574.19375,206161.07239583333,67.96119284284228,197.1499368783534,0.02276341092295622,0.02645296786431481,1,1,1,1.0,False,Trend,Trend,False
2021-02-24 00:00:00+09:00,223742.953125,222899.10703125,206888.3375,51.851830738623086,-247.9300514210263,0.02317196652076713,0.02667059387750023,1,1,-1,0.5,False,Trend,Trend,False
2021-02-25 00:00:00+09:00,230493.8125,222947.32578125,207720.11223958334,59.82904373276673,-129.4514088765318,0.023128105874725066,0.02688221379031543,1,1,-1,0.5,False,Trend,Trend,False
2021-02-26 00:00:00+09:00,226154.0,223067.878125,208551.59947916667,52.542393360295776,-371.4417039675318,0.022789370878400536,0.026797413997034985,1,1,-1,0.5,False,Trend,Trend,False
2021-03-02 00:00:00+09:00,227118.390625,223188.4296875,209471.20286458332,57.657635303325186,-487.33297195587147,0.02278897470173706,0.026525937400609285,1,1,-1,0.5,False,Trend,Trend,False
2021-03-03 00:00:00+09:00,231458.234375,224008.17734375,210327.05598958334,62.393173045126964,-301.5883377473019,0.02056725061518959,0.026025434821256875,1,1,-1,0.5,False,Trend,Trend,False
2021-03-04 00:00:00+09:00,236280.296875,225069.028125,211199.23880208333,65.8730352627249,94.94025054701342,0.020887719360520373,0.026020113479134827,1,1,1,1.0,False,Trend,Trend,False
2021-03-05 00:00:00+09:00,228565.0,225406.5703125,211878.7953125,55.63908125788002,-197.52391992272442,0.021562821640629982,0.02636821865320667,1,1,-1,0.5,False,Trend,Trend,False
2021-03-08 00:00:00+09:00,221814.15625,225527.121875,212469.85182291668,48.226967142174935,-844.50460622014,0.022539461798850358,0.026680424841552607,1,1,-1,0.5,False,Trend,Trend,False
2021-03-09 00:00:00+09:00,216027.6875,225165.46875,212964.4671875,44.07895564314382,-1616.3046234840967,0.022940644073511436,0.02694609541809588,1,1,-1,0.5,False,Trend,Trend,False
2021-03-10 00:00:00+09:00,218438.703125,225141.35703125,213467.24739583334,49.65515129967166,-1899.0517598254446,0.022700611035422254,0.026950444329645155,1,1,-1,0.5,False,Trend,Trend,False
2021-03-11 00:00:00+09:00,217474.296875,225141.35703125,213617.7546875,41.8604581063851,-2071.531168191048,0.02267261529370533,0.02359664100434855,1,1,-1,0.5,False,Trend,Trend,False
2021-03-12 00:00:00+09:00,217956.515625,225189.578125,213824.32708333334,40.000015553546845,-2068.8135788268833,0.022671449014837995,0.02351892165318031,1,1,-1,0.5,False,Trend,Trend,False
2021-03-15 00:00:00+09:00,218438.703125,225044.915625,214006.91692708334,41.46341977445766,-1951.7151156184837,0.02220829640859819,0.023494172777250674,1,1,-1,0.5,False,Trend,Trend,False
2021-03-16 00:00:00+09:00,219403.125,224803.8140625,214277.6234375,37.931019070987695,-1733.8400067828125,0.022012829530586232,0.023321003881189063,1,1,-1,0.5,False,Trend,Trend,False
2021-03-17 00:00:00+09:00,229529.4375,225044.91796875,214725.10651041666,55.0847715940948,-875.5791941270415,0.02432138289972184,0.023991245006306325,1,1,-1,0.5,False,Trend,Trend,False
2021-03-18 00:00:00+09:00,228565.0,225527.12109375,215124.49661458333,48.113214468473785,-366.7186115485483,0.023514622472185626,0.02398495871791706,1,1,-1,0.5,False,Trend,Trend,False
2021-03-19 00:00:00+09:00,231940.4375,225744.1125,215644.18203125,55.76920560401152,174.26587288972587,0.02210503983551832,0.023883183348196932,1,1,1,1.0,False,Trend,Trend,False
2021-03-22 00:00:00+09:00,238209.078125,226153.98515625,216276.34921875,59.999971823286934,891.2659732743195,0.022758107421541364,0.024078083060820512,1,1,1,1.0,False,Trend,Trend,False
2021-03-23 00:00:00+09:00,242548.953125,226853.1828125,217004.86223958334,59.99999436466056,1555.882230019348,0.022955181168719814,0.02411925327717518,1,1,1,1.0,False,Trend,Trend,False
2021-03-24 00:00:00+09:00,246888.78125,227552.378125,217877.74869791666,59.649095879134855,2149.2758642321032,0.02291736342820289,0.023957823801904064,1,1,1,1.0,False,Trend,Trend,False
2021-03-25 00:00:00+09:00,250264.21875,228878.44140625,218854.92083333334,71.4285626113668,2600.4780724675893,0.020641397161133553,0.02385912038829826,1,1,-1,0.5,False,Trend,Trend,False
2021-03-26 00:00:00+09:00,248817.625,229794.63203125,219759.9546875,79.78721423976869,2625.246899493721,0.019973763383329,0.02385487844586355,1,1,-1,0.5,False,Trend,Trend,False
2021-03-29 00:00:00+09:00,253157.4375,231144.80390625,220761.3328125,92.3076813513937,2744.728581782115,0.019431675825359204,0.023865745759715954,1,1,-1,0.5,False,Trend,Trend,False
2021-03-30 00:00:00+09:00,262319.3125,232904.85,221814.14583333334,93.33332304658508,3218.7879915297062,0.020542638962962073,0.0239587028837033,1,1,-1,0.5,False,Trend,Trend,False
2021-03-31 00:00:00+09:00,249299.8125,233796.92890625,222658.00416666668,75.38463302426432,2467.3390722414924,0.02407618123927927,0.024994498380472102,1,1,-1,0.5,False,Trend,Trend,False
2021-04-01 00:00:00+09:00,251710.84375,234568.45625,223590.26666666666,76.1194181436553,1966.274359418324,0.023793700912034508,0.024887036338637807,1,1,-1,0.5,False,Trend,Trend,False
2021-04-02 00:00:00+09:00,249299.8125,235605.196875,224482.3453125,73.18841719711348,1336.1979561413964,0.02244322133224186,0.024945442092284404,1,1,-1,0.5,False,Trend,Trend,False
2021-04-05 00:00:00+09:00,250746.421875,237051.81015625,225446.75442708333,73.38129949220118,901.4293179800197,0.020938950347020344,0.024822199280072565,1,1,-1,0.5,False,Trend,Trend,False
2021-04-06 00:00:00+09:00,249299.8125,238715.41640625,226387.05338541666,66.94214809637431,425.1740923918578,0.019722619146420033,0.02485069741309664,1,1,1,1.0,False,Trend,Trend,False
2021-04-07 00:00:00+09:00,248817.625,240234.3625,227263.05885416668,67.50005265536979,8.4600566698482,0.019800910471189606,0.02480342480923225,1,1,1,1.0,False,Trend,Trend,False
2021-04-08 00:00:00+09:00,247853.203125,241753.3078125,228243.54140625,64.34785818398933,-379.8842298142745,0.019785542647693867,0.024222546772128765,1,1,-1,0.5,False,Trend,Trend,False
2021-04-09 00:00:00+09:00,243513.34375,243031.14921875,229039.17890625,54.95497257543908,-944.6359604935551,0.02050058983466409,0.02405077240602103,1,1,-1,0.5,False,Trend,Trend,False
2021-04-12 00:00:00+09:00,246406.578125,244429.54296875,229746.41223958333,53.7036970363583,-1126.5990789507505,0.02053080496168545,0.023572142040731797,1,1,-1,0.5,False,Trend,Trend,False
2021-04-13 00:00:00+09:00,258461.734375,246382.4734375,230622.41770833332,59.67745686642146,-471.838706434648,0.02254170677174376,0.0242549513388754,1,1,-1,0.5,False,Trend,Trend,False
2021-04-14 00:00:00+09:00,256050.6875,247708.5359375,231345.72473958333,54.918043672149196,-249.08375236583106,0.021089708876988997,0.024021020316667835,1,1,-1,0.5,False,Trend,Trend,False
2021-04-15 00:00:00+09:00,257497.296875,249155.15078125,232253.87708333333,57.377036988835485,-62.024286078770274,0.02096646653757296,0.02312598883923401,1,1,-1,0.5,False,Trend,Trend,False
2021-04-16 00:00:00+09:00,253639.65625,250240.11171875,232896.81666666668,50.41323487037102,-245.50750373132905,0.021368409063686082,0.022148405770304833,1,1,-1,0.5,False,Trend,Trend,False
2021-04-19 00:00:00+09:00,254604.0625,251059.8609375,233451.35182291668,42.30772586131798,-343.3298759676818,0.020720172041845033,0.021885002298073778,1,1,-1,0.5,False,Trend,Trend,False
2021-04-20 00:00:00+09:00,255568.5,251710.83828125,233989.81432291667,58.22785900442734,-381.54916688929006,0.02043001622838407,0.02187007497742648,1,1,-1,0.5,False,Trend,Trend,False
2021-04-21 00:00:00+09:00,247853.203125,251759.059375,234295.21041666667,45.555564756452455,-933.4576254014482,0.02138790859389645,0.022016437963885676,1,1,-1,0.5,False,Trend,Trend,False
2021-04-22 00:00:00+09:00,249299.8125,251710.8390625,234496.12916666668,50.0,-1191.5855572269375,0.021201905966970767,0.021627398337912104,1,1,-1,0.5,False,Trend,Trend,False
2021-04-23 00:00:00+09:00,254121.859375,251976.05078125,234906.00286458334,53.684206217861174,-1033.9176535469269,0.021585575734189438,0.021288654522096568,1,1,-1,0.5,False,Trend,Trend,False
2021-04-26 00:00:00+09:00,251710.84375,251903.72109375,235372.134375,52.57732165393812,-1083.1428310454103,0.021355751996739884,0.021040546025826213,1,1,-1,0.5,False,Trend,Trend,False
2021-04-27 00:00:00+09:00,249299.8125,251252.74609375,235782.00859375,50.495030446136965,-1256.9964140380762,0.019689873284254318,0.02109106511124023,1,1,-1,0.5,False,Trend,Trend,False
2021-04-28 00:00:00+09:00,260390.5,251807.28046875,236537.46223958334,60.65569721181144,-635.3378778011893,0.018784172409737603,0.020905582799419543,1,1,-1,0.5,False,Trend,Trend,False
2021-04-29 00:00:00+09:00,267141.34375,252578.80546875,237405.42994791668,69.29129317919949,176.83324950686165,0.01944531081647398,0.021099681953075728,1,1,1,1.0,False,Trend,Trend,False
2021-04-30 00:00:00+09:00,260872.703125,253157.45,238056.40572916667,61.19401072208425,234.56250984505823,0.02016971538058815,0.021081126420550066,1,1,1,1.0,False,Trend,Trend,False
2021-05-03 00:00:00+09:00,260390.5,253639.65390625,238739.52864583334,51.81813174042875,185.13826838423483,0.020171907541837973,0.0210140948087718,1,1,1,1.0,False,Trend,Trend,False
2021-05-04 00:00:00+09:00,260390.5,254194.18828125,239358.3578125,54.285686952346204,101.49429767091897,0.020097426273177208,0.020929498952286917,1,1,1,1.0,False,Trend,Trend,False
2021-05-06 00:00:00+09:00,266659.1875,255086.26640625,240153.9953125,58.2608698102325,400.60848418678324,0.02063636411834818,0.02089972296545981,1,1,1,1.0,False,Trend,Trend,False
2021-05-07 00:00:00+09:00,267141.34375,256050.6734375,240981.77942708333,62.962931848703086,553.7520347231284,0.02056886930929893,0.02086021046376997,1,1,1,1.0,False,Trend,Trend,False
2021-05-10 00:00:00+09:00,275821.03125,257666.0578125,241962.26171875,67.7419152528997,1129.2611611194288,0.020842255168666453,0.021168109613532347,1,1,1,1.0,False,Trend,Trend,False
2021-05-11 00:00:00+09:00,281125.3125,259401.99453125,242958.81770833334,69.92479517722396,1721.3473525716327,0.021006448897236792,0.021158784975951694,1,1,1,1.0,False,Trend,Trend,False
2021-05-12 00:00:00+09:00,282089.71875,260583.39375,243923.22708333333,79.83194947701368,2011.9016081477457,0.01863864738081902,0.021125821999095754,1,1,-1,0.5,False,Trend,Trend,False
2021-05-13 00:00:00+09:00,279678.6875,261764.79375,244839.41588541667,76.033062056296,1878.2320874223487,0.018608852546925816,0.021185617939796977,1,1,-1,0.5,False,Trend,Trend,False
2021-05-14 00:00:00+09:00,281125.3125,262946.19453125,245876.15546875,74.56141173675012,1727.5802382783131,0.01860751663888449,0.020823225632497493,1,1,-1,0.5,False,Trend,Trend,False
2021-05-17 00:00:00+09:00,284018.53125,264465.13828125,246816.45416666666,79.13043135239434,1662.5623423580055,0.01806573601794203,0.020336552328122003,1,1,-1,0.5,False,Trend,Trend,False
2021-05-18 00:00:00+09:00,283536.375,265911.75390625,247708.53333333333,81.98206666557682,1435.428631965543,0.01813715703968974,0.02032808197877615,1,1,-1,0.5,False,Trend,Trend,False
2021-05-20 00:00:00+09:00,279678.6875,267117.26328125,248560.428125,70.83334458446858,899.9004434585149,0.01863274019059604,0.020410659025079284,1,1,-1,0.5,False,Trend,Trend,False
2021-05-21 00:00:00+09:00,273410.03125,268395.1046875,249235.5140625,56.84213542242251,43.23639491879658,0.017911248863970105,0.020580370619314232,1,1,1,1.0,False,Trend,Trend,False
2021-05-24 00:00:00+09:00,275821.03125,269721.165625,250103.48203125,67.81607611414142,-415.98480413361995,0.017931406186100514,0.01981043102047785,1,1,-1,0.5,False,Trend,Trend,False
2021-05-25 00:00:00+09:00,280643.125,271047.22890625,250939.30390625,71.87501265751006,-447.20490690951556,0.01786032635304108,0.01959564618640889,1,1,-1,0.5,False,Trend,Trend,False
2021-05-26 00:00:00+09:00,286429.5625,272783.16484375,251943.89661458333,75.0,-145.96416923689594,0.017836124969351896,0.019496217321389984,1,1,-1,0.5,False,Trend,Trend,False
2021-05-27 00:00:00+09:00,278714.28125,274253.88828125,252803.828125,61.26123969591152,-513.4504211343883,0.01907077985779047,0.019908900986228117,1,1,-1,0.5,False,Trend,Trend,False
2021-05-28 00:00:00+09:00,276785.46875,275073.63671875,253559.28203125,58.77195176580538,-910.3683833839605,0.017013050738873322,0.01984723228974352,1,1,-1,0.5,False,Trend,Trend,False
2021-05-31 00:00:00+09:00,276785.46875,275555.84296875,254234.36822916666,51.0416962008568,-1179.7592546517499,0.01616988153107101,0.019714712089687145,1,1,-1,0.5,False,Trend,Trend,False
2021-06-01 00:00:00+09:00,274856.65625,276255.040625,255005.89583333334,42.69663494060739,-1475.5000989934151,0.015182146334628248,0.01919068099917527,1,1,-1,0.5,False,Trend,Trend,False
2021-06-02 00:00:00+09:00,274856.65625,276978.3484375,255889.9375,41.37932061934153,-1645.7981013441886,0.015159153505953931,0.01869945890558111,1,1,-1,0.5,False,Trend,Trend,False
2021-06-03 00:00:00+09:00,270034.59375,277460.553125,256790.05260416667,39.13043784529706,-2032.525314628414,0.015827207002752797,0.018494791836081683,1,1,-1,0.5,False,Trend,Trend,False
2021-06-04 00:00:00+09:00,270034.59375,277629.3234375,257649.98411458332,37.07863941298416,-2222.267984975995,0.014959266534281522,0.01847522346888372,1,1,-1,0.5,False,Trend,Trend,False
2021-06-07 00:00:00+09:00,264248.15625,277484.6640625,258429.5484375,28.42106771121125,-2642.809860541759,0.015760960847658476,0.018733282973691916,1,1,-1,0.5,False,Trend,Trend,False
2021-06-08 00:00:00+09:00,265212.59375,276954.2421875,259217.14973958334,30.208359351530888,-2749.118137102235,0.013840598631923428,0.01873285693924502,1,1,-1,0.5,False,Trend,Trend,False
2021-06-09 00:00:00+09:00,270999.0625,276447.9296875,260093.15572916667,41.00006739872046,-2338.901460444563,0.01405312866873706,0.018880651661976573,1,1,-1,0.5,False,Trend,Trend,False
2021-06-10 00:00:00+09:00,271481.21875,275917.5046875,260961.12395833334,47.72727942216147,-1959.6191882717026,0.014025487786144484,0.01888178421100647,1,1,-1,0.5,False,Trend,Trend,False
2021-06-11 00:00:00+09:00,267141.34375,275290.6375,261587.9890625,40.217397429720236,-1922.8730056829804,0.014312087091340313,0.018240790685070785,1,1,-1,0.5,False,Trend,Trend,False
2021-06-14 00:00:00+09:00,268588.0,274663.771875,262255.0390625,35.29412213193372,-1729.0825811101354,0.014318808269567988,0.018222793632288452,1,1,-1,0.5,False,Trend,Trend,False
2021-06-15 00:00:00+09:00,271963.4375,274061.0171875,262922.0890625,31.25005062999921,-1319.9874400437436,0.014430757845487915,0.018200764307143524,1,1,-1,0.5,False,Trend,Trend,False
2021-06-16 00:00:00+09:00,273892.28125,273578.8125,263516.80911458336,42.64714852089052,-886.6986323533374,0.014578150083938264,0.01793640384300937,1,1,-1,0.5,False,Trend,Trend,False
2021-06-17 00:00:00+09:00,274374.46875,273313.6015625,264047.234375,46.153892170195455,-551.2606750856642,0.014317643016012203,0.017817186213237492,1,1,-1,0.5,False,Trend,Trend,False
2021-06-18 00:00:00+09:00,271481.21875,273217.1609375,264457.10833333334,42.25354426728686,-508.8940482072642,0.013590308975259976,0.017770005501312962,1,1,-1,0.5,False,Trend,Trend,False
2021-06-21 00:00:00+09:00,268105.84375,272831.4015625,264754.46875,40.540625749871694,-682.0480007637286,0.013670833900454557,0.017790675172797733,1,1,-1,0.5,False,Trend,Trend,False
2021-06-22 00:00:00+09:00,265212.59375,272059.875,265027.71822916664,37.500060755999044,-948.8864443402082,0.013075929136199593,0.017836010001804743,1,1,-1,0.5,False,Trend,Trend,False
2021-06-23 00:00:00+09:00,250746.421875,270275.71796875,264987.53463541664,30.000048604799233,-1996.850533236129,0.01662738123247371,0.019170360674582367,1,1,-1,0.5,False,Trend,Trend,False
2021-06-24 00:00:00+09:00,250746.421875,268877.325,264794.653125,30.000048604799233,-2551.724514747427,0.01594952333239285,0.01858849084949795,1,1,-1,0.5,False,Trend,Trend,False
2021-06-25 00:00:00+09:00,246888.78125,267382.490625,264754.46927083336,31.250033753314582,-3008.821474902037,0.01611036748871415,0.01749947979220386,1,1,-1,0.5,False,Trend,Trend,False
2021-06-28 00:00:00+09:00,244959.96875,265791.215625,264641.9546875,28.57142857142857,-3250.7208967510815,0.016059303236183032,0.017479193956203634,1,1,-1,0.5,False,Trend,Trend,False
2021-06-29 00:00:00+09:00,246406.578125,264368.71171875,264593.73411458335,21.348294152748764,-3122.2373143076547,0.016278715816501893,0.017455945704585085,-1,1,-1,-0.19999999999999996,False,MeanReversion,Trend,False
2021-06-30 00:00:00+09:00,243031.15625,262777.43671875,264465.1463541667,18.947442023869215,-3068.954720813432,0.01632718473408407,0.0175251211954799,-1,1,-1,-0.19999999999999996,False,MeanReversion,Trend,False
2021-07-01 00:00:00+09:00,239173.53125,261234.38359375,264296.375,19.149029316643606,-3089.3781202322098,0.01626824836927807,0.017626451231987365,-1,1,-1,-0.19999999999999996,False,MeanReversion,Trend,False
2021-07-02 00:00:00+09:00,240620.140625,259763.6609375,264159.75026041665,19.148945704896647,-2809.38321593414,0.01644158573136685,0.017646905466540415,-1,1,-1,-0.19999999999999996,False,MeanReversion,Trend,False
2021-07-05 00:00:00+09:00,239173.53125,258509.9296875,264015.0890625,12.222223022302813,-2534.0050433985307,0.016012156384526674,0.017655934775706015,-1,1,-1,-0.19999999999999996,False,MeanReversion,Trend,False
2021-07-06 00:00:00+09:00,237244.6875,257111.534375,263910.6114583333,7.777719371895145,-2300.9558888904985,0.01589396658593939,0.017541983770463548,-1,1,-1,-0.19999999999999996,False,MeanReversion,Trend,False
2021-07-07 00:00:00+09:00,235315.875,255327.375,263725.76640625,6.451592672265107,-2101.4082263992495,0.014554416107969082,0.017495118747839204,-1,1,-1,-0.19999999999999996,False,MeanReversion,Trend,False
2021-07-08 00:00:00+09:00,238691.3125,253687.8796875,263396.259375,13.829783566855184,-1590.0248905530925,0.015205076029227105,0.016421284944809753,-1,1,-1,-0.19999999999999996,False,MeanReversion,Trend,False
2021-07-09 00:00:00+09:00,230976.046875,251879.61484375,262978.34869791666,12.621343035428055,-1614.1553305731404,0.016194648394287695,0.016889532485367145,-1,1,-1,-0.19999999999999996,False,MeanReversion,Trend,False
2021-07-12 00:00:00+09:00,232904.875,250095.45859375,262568.475,16.83168793303244,-1353.5279538687928,0.01632730877279144,0.016912854757888045,-1,1,-1,-0.19999999999999996,False,MeanReversion,Trend,False
2021-07-13 00:00:00+09:00,234351.484375,248214.8609375,262247.00546875,27.02704359553711,-955.7715221470698,0.01598627212624306,0.01684968397060056,-1,1,-1,-0.19999999999999996,False,MeanReversion,Trend,False
2021-07-14 00:00:00+09:00,232422.65625,246141.3796875,261877.31536458334,25.641034162593755,-706.1504437647618,0.015617219351415593,0.01685958028344041,-1,1,-1,-0.19999999999999996,False,MeanReversion,Trend,False
2021-07-15 00:00:00+09:00,236280.296875,244236.67109375,261555.8453125,35.89745613616017,-191.57490732521546,0.01643568748551307,0.017005985604944745,-1,1,-1,-0.19999999999999996,False,MeanReversion,Trend,False
2021-07-16 00:00:00+09:00,235798.09375,242452.51484375,261354.92682291666,37.333350039013524,185.57199899463012,0.01646137092737483,0.016564573536633768,-1,1,-1,-0.19999999999999996,False,MeanReversion,MeanReversion,False
2021-07-19 00:00:00+09:00,231940.4375,240644.24453125,261065.60390625,31.2500075945091,240.9741494688269,0.016554832583449912,0.016662940125055,-1,1,-1,-0.19999999999999996,False,MeanReversion,MeanReversion,False
2021-07-20 00:00:00+09:00,231458.234375,238956.5265625,260687.87682291667,33.78378200858862,306.6729518679722,0.016570443013153233,0.016447275742716486,-1,1,-1,-0.19999999999999996,False,MeanReversion,MeanReversion,False
2021-07-21 00:00:00+09:00,231458.234375,237992.1171875,260350.33333333334,37.878767794151216,405.4555636627083,0.011870415578274712,0.016414933414454717,-1,1,-1,-0.19999999999999996,False,MeanReversion,MeanReversion,False
2021-07-22 00:00:00+09:00,232422.65625,237075.92890625,260069.04739583333,36.923092261867666,580.4191542582039,0.011980105989908884,0.01639428250379479,-1,1,-1,-0.19999999999999996,False,MeanReversion,MeanReversion,False
2021-07-23 00:00:00+09:00,226154.0,236039.18984375,259498.4390625,32.00002073804991,331.0385851551482,0.012849886770644778,0.015655887617211532,-1,1,-1,-0.19999999999999996,False,MeanReversion,MeanReversion,False
2021-07-26 00:00:00+09:00,225671.78125,235074.78046875,258807.2796875,33.33336333630663,197.28267835892711,0.012832444487154303,0.015220199975089527,-1,1,-1,-0.19999999999999996,False,MeanReversion,MeanReversion,False
2021-07-27 00:00:00+09:00,228565.0,234182.7015625,258268.81796875,40.54053817361467,357.97266401245815,0.013199306419015447,0.01509800155792249,-1,1,-1,-0.19999999999999996,False,MeanReversion,MeanReversion,False
2021-07-28 00:00:00+09:00,228082.8125,233435.284375,257730.35651041666,33.82354342700408,478.56556269079556,0.01298864886475379,0.015097935532598111,-1,1,-1,-0.19999999999999996,False,MeanReversion,MeanReversion,False
2021-07-29 00:00:00+09:00,220849.734375,232519.09453125,257071.34375,34.328353877939506,135.78788894639456,0.014275021367429029,0.015583470846783059,-1,1,-1,-0.19999999999999996,False,MeanReversion,MeanReversion,True
2021-07-30 00:00:00+09:00,213616.671875,231168.92109375,256187.30182291666,24.35896637001089,-479.76100145685086,0.015480736167263478,0.0156784588869562,-1,1,-1,-0.19999999999999996,False,MeanReversion,MeanReversion,True
2021-08-02 00:00:00+09:00,212652.265625,229842.8578125,255279.15052083333,20.779226244431484,-832.8650465050032,0.015483994073495072,0.01566209162898116,-1,1,-1,-0.19999999999999996,False,MeanReversion,MeanReversion,True
2021-08-03 00:00:00+09:00,213134.46875,228637.346875,254234.37447916667,22.972980073756787,-908.745950686467,0.015578851408130045,0.014966017229996707,-1,1,-1,-0.19999999999999996,False,MeanReversion,MeanReversion,True
2021-08-04 00:00:00+09:00,219403.125,227841.709375,253205.67135416667,27.84809192022894,-435.54182242302704,0.01734188713188982,0.01528050209440649,-1,1,-1,-0.19999999999999996,False,MeanReversion,MeanReversion,False
2021-08-05 00:00:00+09:00,223742.953125,227094.29140625,252233.22526041666,35.632152228282834,234.9114073667879,0.01766781516340725,0.015555941830255679,-1,1,-1,-0.19999999999999996,False,MeanReversion,MeanReversion,False
2021-08-06 00:00:00+09:00,220367.546875,226563.86640625,251244.70625,36.04651907593336,500.94664223297696,0.01651309520300769,0.015613336094893737,-1,1,-1,-0.19999999999999996,False,MeanReversion,MeanReversion,False
2021-08-09 00:00:00+09:00,218438.703125,225840.5578125,250199.92942708332,34.83144472001388,590.7289867329464,0.016373963625228333,0.015578882689032944,-1,1,-1,-0.19999999999999996,False,MeanReversion,MeanReversion,False
2021-08-10 00:00:00+09:00,219403.125,225093.13984375,249123.00598958333,36.26373978540493,748.6279574188129,0.016324791896405892,0.015505240968859014,-1,1,-1,-0.19999999999999996,False,MeanReversion,MeanReversion,False
2021-08-11 00:00:00+09:00,215545.484375,224249.28125,247989.82447916668,31.958744289758727,631.5047467210261,0.016611516404118384,0.015597597697601101,-1,1,-1,-0.19999999999999996,False,MeanReversion,MeanReversion,False
2021-08-12 00:00:00+09:00,216509.890625,223260.7609375,246937.01119791667,38.37206717424257,654.4351923624426,0.016049637174098002,0.015593664411237154,-1,1,-1,-0.19999999999999996,False,MeanReversion,MeanReversion,False
2021-08-13 00:00:00+09:00,212652.265625,222103.46953125,245924.38177083334,35.483866471968184,454.724145242998,0.016321311059562343,0.015511382012793859,-1,1,-1,-0.19999999999999996,False,MeanReversion,MeanReversion,False
2021-08-17 00:00:00+09:00,209276.828125,220970.2890625,244815.31171875,28.723403888600288,155.6705783042098,0.016303594588257198,0.0154901204528837,-1,1,-1,-0.19999999999999996,False,MeanReversion,MeanReversion,True
2021-08-18 00:00:00+09:00,214581.078125,220126.43125,243714.27760416668,36.53845255086922,363.59050084911087,0.01764340491645231,0.015705255476536978,-1,1,-1,-0.19999999999999996,False,MeanReversion,MeanReversion,False
2021-08-19 00:00:00+09:00,206383.59375,218872.69921875,242380.178125,35.84904968246326,15.894237385214183,0.019277651017669963,0.015978547619352544,-1,1,-1,-0.19999999999999996,False,MeanReversion,MeanReversion,True
2021-08-20 00:00:00+09:00,207830.21875,217643.07734375,241198.77708333332,43.61702384362602,-46.39637099069478,0.019364159843343578,0.01579624403159221,-1,1,-1,-0.19999999999999996,False,MeanReversion,MeanReversion,False
2021-08-23 00:00:00+09:00,210241.234375,216847.4390625,240089.70651041667,47.42267145834043,135.1160360472768,0.019014029821800938,0.01593505810508964,-1,1,1,0.30000000000000004,False,Trend,MeanReversion,False
2021-08-24 00:00:00+09:00,217474.296875,216437.56484375,239101.18697916667,54.05404221940746,767.3480791898373,0.020782609750502064,0.01668082882157873,-1,1,1,0.30000000000000004,False,Trend,Trend,False
2021-08-25 00:00:00+09:00,212652.265625,215641.928125,238064.44713541667,43.51852101877079,877.8629482179922,0.020969885366362857,0.016845566710224913,-1,1,-1,-0.19999999999999996,False,MeanReversion,Trend,False
2021-08-26 00:00:00+09:00,212652.265625,214870.40078125,237027.70729166668,38.38385623687505,961.3121697992174,0.020983129159654626,0.016845566710224913,-1,1,-1,-0.19999999999999996,False,MeanReversion,MeanReversion,False
2021-08-27 00:00:00+09:00,217474.296875,214701.62890625,236151.70234375,47.058801105014496,1328.9623661632068,0.02060054717712384,0.017098139716901915,-1,1,1,0.30000000000000004,False,Trend,MeanReversion,False
2021-08-30 00:00:00+09:00,214581.078125,214749.84921875,235227.47708333333,46.15385574061426,1360.0731920034868,0.019391586428681176,0.017137618723550373,-1,1,1,0.30000000000000004,False,Trend,Trend,False
2021-08-31 00:00:00+09:00,219403.125,215087.3921875,234480.05989583334,50.0,1667.8871253529433,0.019960765074440626,0.017299446656658245,-1,1,1,0.30000000000000004,False,Trend,Trend,False
2021-09-01 00:00:00+09:00,219403.125,215400.825,233716.56875,53.846161036232175,1821.463872315193,0.019962995588352402,0.017281763948684522,-1,1,1,0.30000000000000004,False,Trend,Trend,False
2021-09-02 00:00:00+09:00,216509.890625,215256.16328125,232808.41588541667,50.0,1681.52604877281,0.019113296072902027,0.01701977137041142,-1,1,1,0.30000000000000004,False,Trend,Trend,False
2021-09-03 00:00:00+09:00,216509.890625,214894.51015625,231892.22708333333,53.99998963095264,1545.7616713932384,0.018513446962003015,0.017011546813178652,-1,1,1,0.30000000000000004,False,Trend,Trend,False
2021-09-06 00:00:00+09:00,217956.515625,214773.95859375,231072.47994791667,59.37500843835143,1508.5272466133133,0.018315114234050734,0.016985507196162174,-1,1,1,0.30000000000000004,False,Trend,Trend,False
2021-09-07 00:00:00+09:00,218920.9375,214798.0703125,230244.69557291668,55.172435626453726,1500.7900616926113,0.018240264219187164,0.016977334605419434,-1,1,1,0.30000000000000004,False,Trend,Trend,False
2021-09-08 00:00:00+09:00,198668.3125,213761.3296875,229023.11015625,42.85713872407596,154.50380247623434,0.02831483215295702,0.020718509413270816,-1,-1,-1,-1.0,True,Defensive,Trend,False
2021-09-09 00:00:00+09:00,187095.40625,212338.82578125,227576.49557291667,33.83457675746237,-1406.6173063624983,0.030788974132542467,0.021824072414503463,-1,-1,-1,-1.0,True,Defensive,Trend,False
2021-09-10 00:00:00+09:00,187577.640625,210892.21328125,226129.88177083334,31.782976696799167,-2248.019311694692,0.03075456347511845,0.02182946062227739,-1,-1,-1,-1.0,True,Defensive,Trend,False
2021-09-13 00:00:00+09:00,184202.1875,209469.709375,224675.23125,21.487645134951364,-2835.272556004372,0.030757934957926,0.02187623062601334,-1,-1,-1,-1.0,True,Defensive,Trend,False
2021-09-14 00:00:00+09:00,184684.375,208240.08671875,223284.8734375,24.10715396475051,-2979.7977229206554,0.030758661486228085,0.021892511979926994,-1,-1,-1,-1.0,True,Defensive,Trend,False
2021-09-15 00:00:00+09:00,185166.578125,206769.36171875,221950.77317708332,24.778769182418074,-2832.460701016077,0.029956709664163444,0.021913119274968827,-1,-1,-1,-1.0,True,Defensive,Trend,False
2021-09-16 00:00:00+09:00,184202.1875,205660.29140625,220841.70260416667,17.142906519187804,-2595.7762463526396,0.029020098996118772,0.020902594303513777,-1,-1,-1,-1.0,True,Defensive,Trend,False
2021-09-17 00:00:00+09:00,183237.765625,204430.66875,219716.55833333332,17.821824742955997,-2309.5836371643654,0.02886751207965151,0.020891698189167127,-1,-1,-1,-1.0,True,Defensive,Trend,False
2021-09-23 00:00:00+09:00,182755.578125,203056.3859375,218647.67161458332,8.695718021643216,-1971.3238858218401,0.028579307882463014,0.020850425281403785,-1,-1,-1,-1.0,True,Defensive,Trend,False
2021-09-24 00:00:00+09:00,177933.515625,201079.346875,217530.5640625,7.843195184502875,-1890.6292314653638,0.027200698426549236,0.02103578661186158,-1,1,-1,-0.19999999999999996,False,MeanReversion,Trend,False
2021-09-27 00:00:00+09:00,177451.328125,199319.3,216381.30989583334,8.247487080470208,-1694.3317269434647,0.02708501004507116,0.020987306025904057,-1,1,-1,-0.19999999999999996,False,MeanReversion,Trend,False
2021-09-28 00:00:00+09:00,171664.859375,197269.9296875,215191.87161458333,7.339505996675257,-1770.5119479635741,0.02751320025781266,0.02126439031754551,-1,1,-1,-0.19999999999999996,False,MeanReversion,Trend,False
2021-09-29 00:00:00+09:00,173593.671875,195075.8984375,214098.87395833334,8.181843354570205,-1517.0758555765824,0.026908655265057927,0.0213325968138795,-1,1,-1,-0.19999999999999996,False,MeanReversion,Trend,False
2021-09-30 00:00:00+09:00,172147.046875,192954.196875,212957.65572916667,6.306309725200208,-1282.2829952861211,0.026911228935657706,0.021283439128353048,-1,1,-1,-0.19999999999999996,False,MeanReversion,Trend,False
2021-10-01 00:00:00+09:00,167325.015625,190350.29140625,211760.18046875,8.860771435263018,-1283.971540392713,0.025985348823161596,0.0214865938299696,-1,1,-1,-0.19999999999999996,False,MeanReversion,Trend,False
2021-10-05 00:00:00+09:00,171664.859375,187963.378125,210667.18333333332,25.000012657516464,-846.1776431206035,0.02728626249828259,0.021866802989917528,-1,1,-1,-0.19999999999999996,False,MeanReversion,Trend,False
2021-10-06 00:00:00+09:00,171182.671875,185697.0171875,209598.29661458332,23.437452534241174,-461.6767038883354,0.027366117933912287,0.021866221614706492,-1,1,-1,-0.19999999999999996,False,MeanReversion,Trend,False
2021-10-07 00:00:00+09:00,175522.5,183647.64765625,208545.48307291666,36.363600657492924,178.0470937839982,0.02848152951227587,0.022073169840228446,-1,1,-1,-0.19999999999999996,False,MeanReversion,MeanReversion,False
2021-10-08 00:00:00+09:00,175040.296875,181501.83671875,207613.22057291667,34.84848261685198,636.0676814979852,0.02826011887369838,0.021772174364070737,-1,1,-1,-0.19999999999999996,False,MeanReversion,MeanReversion,False
2021-10-12 00:00:00+09:00,168289.4375,178970.26171875,206536.29661458332,27.848096593018198,554.6892972747119,0.028696720100861845,0.022157807202141395,-1,1,-1,-0.19999999999999996,False,MeanReversion,MeanReversion,True
2021-10-13 00:00:00+09:00,169253.828125,177499.5375,205451.33567708332,30.379696992194084,630.597058366795,0.021065243398772627,0.022153650598498068,-1,1,-1,-0.19999999999999996,False,MeanReversion,MeanReversion,False
2021-10-14 00:00:00+09:00,176486.90625,176969.1125,204519.07317708334,42.39130013662218,1199.7252511358001,0.02012278631846528,0.022974149550072716,-1,1,-1,-0.19999999999999996,False,MeanReversion,MeanReversion,False
2021-10-15 00:00:00+09:00,179862.328125,176583.346875,203578.77369791668,46.93874851870662,1799.2387886941706,0.020683137684432525,0.02301492210987372,-1,1,1,0.30000000000000004,False,Trend,MeanReversion,False
2021-10-18 00:00:00+09:00,181791.15625,176462.7953125,202678.65807291667,54.34783604071123,2289.9507186503142,0.020508809483127968,0.023096706148044648,-1,1,1,0.30000000000000004,False,Trend,Trend,False
2021-10-19 00:00:00+09:00,183237.765625,176390.46484375,201866.946875,56.38296552152062,2650.7506435962023,0.020587668025858638,0.023093966698314414,-1,1,1,0.30000000000000004,False,Trend,Trend,False
2021-10-20 00:00:00+09:00,185648.796875,176414.57578125,201103.45625,66.66669149677904,2966.7160664448547,0.02079982818304189,0.023197136387638324,-1,1,1,0.30000000000000004,False,Trend,Trend,False
2021-10-21 00:00:00+09:00,179380.140625,176173.4734375,200235.48802083332,56.25002109589282,2677.3375374559855,0.022168964109728646,0.023526409232867494,-1,1,1,0.30000000000000004,False,Trend,Trend,False
2021-10-22 00:00:00+09:00,179862.328125,176004.7015625,199359.48255208333,58.51066103446541,2448.4317306870144,0.022166054014373958,0.02351825269668441,-1,1,1,0.30000000000000004,False,Trend,Trend,False
2021-10-25 00:00:00+09:00,185648.796875,176149.3625,198684.39583333334,69.79169409132733,2602.3550417196293,0.023323832958066674,0.023769628297938175,-1,1,1,0.30000000000000004,False,Trend,Trend,False
2021-10-26 00:00:00+09:00,183237.765625,176414.575,197977.16223958333,63.04348591760126,2459.0827201596276,0.022665863949340535,0.023802540216561717,-1,1,1,0.30000000000000004,False,Trend,Trend,False
2021-10-27 00:00:00+09:00,176969.09375,176390.46328125,197117.23046875,55.76919901307129,1885.2541460930506,0.024070286307139886,0.02404398888238718,-1,1,1,0.30000000000000004,False,Trend,Trend,False
2021-10-28 00:00:00+09:00,178897.921875,176752.11640625,196297.48229166667,53.53534196394467,1590.4907198740748,0.02287475861413472,0.024121656463607068,-1,1,1,0.30000000000000004,False,Trend,Trend,False
2021-10-29 00:00:00+09:00,175040.296875,176824.44765625,195533.99166666667,50.0,1113.1889375098094,0.02336655385556863,0.023952172445693084,-1,1,1,0.30000000000000004,False,Trend,Trend,False
2021-11-01 00:00:00+09:00,184202.1875,177427.2046875,195043.75026041668,64.86486091998381,1374.8344864661099,0.025834582498377414,0.024659555366412445,-1,1,1,0.30000000000000004,False,Trend,Trend,False
2021-11-02 00:00:00+09:00,183719.96875,178246.95234375,194561.5453125,63.63635560250424,1467.3239590707744,0.024786421032225787,0.02465809019955583,-1,1,1,0.30000000000000004,False,Trend,Trend,False
2021-11-03 00:00:00+09:00,182273.375,178777.378125,194047.19375,56.12246180053618,1384.0527414744197,0.024426996468129757,0.02466017230616974,-1,1,1,0.30000000000000004,False,Trend,Trend,False
2021-11-04 00:00:00+09:00,180344.546875,179235.471875,193396.21744791666,50.5263308690957,1161.0537357480775,0.02458713038051093,0.024328071251367992,-1,1,1,0.30000000000000004,False,Trend,Trend,False
2021-11-05 00:00:00+09:00,181308.953125,179524.79453125,192688.98411458332,49.4623674646343,1044.1592181361734,0.024029556092462684,0.024170197598021127,-1,1,1,0.30000000000000004,False,Trend,Trend,False
2021-11-08 00:00:00+09:00,179862.328125,179765.89609375,192013.89713541666,46.236556142607675,843.6505100249396,0.024108584635467206,0.024129014316709406,-1,1,1,0.30000000000000004,False,Trend,Trend,False
2021-11-09 00:00:00+09:00,179862.328125,180344.540625,191370.95755208333,43.1818064657715,691.6424227438097,0.022138447020644936,0.024122320075111923,-1,1,-1,-0.19999999999999996,False,MeanReversion,Trend,False
2021-11-10 00:00:00+09:00,173593.671875,180561.5328125,190607.46666666667,43.1818064657715,176.3747099652178,0.02376085880314826,0.024455252908510982,-1,1,-1,-0.19999999999999996,False,MeanReversion,Trend,False
2021-11-11 00:00:00+09:00,176486.90625,180561.5328125,189956.49036458333,46.23657487496015,44.722548576159625,0.022101528631126084,0.024526705564311135,-1,1,1,0.30000000000000004,False,Trend,Trend,False
2021-11-12 00:00:00+09:00,178415.703125,180489.2015625,189321.58723958334,41.17644367896541,98.76452689191842,0.021809035088399847,0.024575107034546996,-1,1,-1,-0.19999999999999996,False,MeanReversion,Trend,False
2021-11-15 00:00:00+09:00,177933.515625,180296.31953125,188742.94140625,43.20987555545599,112.2745300297538,0.02165622270435317,0.024498688922205306,-1,1,-1,-0.19999999999999996,False,MeanReversion,Trend,False
2021-11-16 00:00:00+09:00,178415.703125,180055.21640625,188228.58932291667,52.17390895988707,160.959922851564,0.021573364969546826,0.024449043238976127,-1,1,1,0.30000000000000004,False,Trend,Trend,False
2021-11-17 00:00:00+09:00,175522.5,179548.9015625,187577.61302083332,45.070427034780636,13.363995343684337,0.02154244205434011,0.02423745451342654,-1,1,1,0.30000000000000004,False,Trend,Trend,False
2021-11-18 00:00:00+09:00,169253.828125,179042.5859375,186958.78359375,42.1052339859472,-464.9650278982667,0.021702122973639836,0.0241753516038141,-1,1,-1,-0.19999999999999996,False,MeanReversion,Trend,False
2021-11-19 00:00:00+09:00,171664.859375,178632.7125,186356.02760416668,29.032212544783192,-570.53822496222,0.022006635343369062,0.0242445759478101,-1,1,-1,-0.19999999999999996,False,MeanReversion,Trend,False
2021-11-22 00:00:00+09:00,172147.046875,177957.625,185721.12447916667,30.64509301065182,-558.7349001882599,0.020558612138811903,0.024180852121616435,-1,1,-1,-0.19999999999999996,False,MeanReversion,Trend,False
2021-11-23 00:00:00+09:00,170700.4375,177330.75859375,184941.56015625,30.645076994476796,-595.7988359594765,0.020474270390599722,0.02369072758865958,-1,1,-1,-0.19999999999999996,False,MeanReversion,Trend,False
2021-11-24 00:00:00+09:00,167807.234375,176872.665625,184194.14296875,29.687449369754702,-752.5091587192273,0.019405775808441113,0.02363055045967763,-1,1,-1,-0.19999999999999996,False,MeanReversion,Trend,False
2021-11-25 00:00:00+09:00,167325.015625,176294.0203125,183438.68880208334,26.984061671271704,-820.4179939340434,0.019144238462938157,0.023625322606601495,-1,1,-1,-0.19999999999999996,False,MeanReversion,Trend,False
2021-11-26 00:00:00+09:00,163467.375,175715.37421875,182538.5734375,24.99994043503392,-1042.6495236702526,0.019224511112801997,0.023496138876951365,-1,1,-1,-0.19999999999999996,False,MeanReversion,Trend,False
2021-11-29 00:00:00+09:00,160574.171875,174533.9734375,181638.45833333334,22.972929184652727,-1286.0332272771907,0.014563497175501221,0.023530991520604595,-1,1,-1,-0.19999999999999996,False,MeanReversion,Trend,False
2021-11-30 00:00:00+09:00,151412.25,172918.5875,180505.27708333332,21.249933674459257,-1927.039983657257,0.018562032359772742,0.024263586999160106,-1,1,-1,-0.19999999999999996,False,MeanReversion,Trend,False
2021-12-01 00:00:00+09:00,154787.703125,171544.30390625,179428.35338541667,22.222186663039636,-1979.1684360651843,0.019873977686611952,0.024524354976929365,-1,1,-1,-0.19999999999999996,False,MeanReversion,Trend,False
2021-12-02 00:00:00+09:00,158163.125,170435.2328125,178455.90729166666,24.999990356162357,-1654.9577854900963,0.02094018664640322,0.02475621183441103,-1,1,-1,-0.19999999999999996,False,MeanReversion,Trend,False
2021-12-03 00:00:00+09:00,161056.359375,169422.603125,177531.68177083333,30.337074151798788,-1138.8608303165147,0.021510369812030923,0.024931158631797436,-1,1,-1,-0.19999999999999996,False,MeanReversion,Trend,False
2021-12-06 00:00:00+09:00,166360.59375,168747.51640625,176671.74973958332,37.37373770434927,-373.0878304114958,0.023140371814504082,0.025351991871040234,-1,1,-1,-0.19999999999999996,False,MeanReversion,MeanReversion,False
2021-12-07 00:00:00+09:00,170700.4375,168289.421875,175868.07473958333,45.09802302028825,448.3393772057316,0.02406684624845529,0.02562735949035163,-1,1,1,0.30000000000000004,False,Trend,MeanReversion,False
2021-12-08 00:00:00+09:00,164913.984375,167855.4375,175305.50260416666,45.54455127896643,614.3305266313955,0.023996744386917214,0.022910527406353912,-1,1,1,0.30000000000000004,False,Trend,Trend,False
2021-12-09 00:00:00+09:00,171182.671875,167590.22578125,175040.29036458334,49.54130076757059,1128.7362504933126,0.025282228720401603,0.022248423935265764,-1,1,1,0.30000000000000004,False,Trend,Trend,False
2021-12-10 00:00:00+09:00,172629.28125,167300.9046875,174791.15104166666,50.450478064609726,1524.249102721376,0.02522478709416524,0.022279228082901375,-1,1,1,0.30000000000000004,False,Trend,Trend,False
2021-12-13 00:00:00+09:00,172147.046875,167011.58125,174590.23203125,51.37614106163063,1697.9403950559267,0.025224996408226598,0.02217119404320146,-1,1,1,0.30000000000000004,False,Trend,Trend,False
2021-12-14 00:00:00+09:00,175040.296875,166842.8109375,174429.49739583334,56.88071403557693,1935.0386239387376,0.025543142229569712,0.022285331314885463,-1,1,1,0.30000000000000004,False,Trend,Trend,False
2021-12-15 00:00:00+09:00,182755.578125,167204.46484375,174389.3140625,62.90321737689787,2502.7704360979087,0.027073481749002586,0.02299605419358524,-1,1,1,0.30000000000000004,False,Trend,Trend,False
2021-12-16 00:00:00+09:00,173593.671875,167421.45703125,174212.50546875,57.77776444312698,2165.208534947117,0.028375907486672514,0.023921667641027183,-1,1,1,0.30000000000000004,False,Trend,Trend,False
2021-12-17 00:00:00+09:00,173111.484375,167493.78828125,174043.73411458332,59.99997507446504,1826.9060503918802,0.028223588033079457,0.023916338416652676,-1,1,1,0.30000000000000004,False,Trend,Trend,False
2021-12-20 00:00:00+09:00,170218.25,167397.3484375,173834.77864583334,66.6666574349845,1347.8424904135575,0.02847734334147058,0.024003634974004453,-1,1,1,0.30000000000000004,False,Trend,Trend,False
2021-12-21 00:00:00+09:00,170218.25,167373.2390625,173706.19088541667,64.54543446081789,987.2333717976786,0.0284169671098904,0.02376820052411078,-1,1,1,0.30000000000000004,False,Trend,Trend,False
2021-12-22 00:00:00+09:00,169736.046875,167469.6796875,173577.60286458334,61.53845434840113,686.7497465857936,0.028146850777897872,0.02376837943363581,-1,1,1,0.30000000000000004,False,Trend,Trend,False
2021-12-23 00:00:00+09:00,170700.4375,167638.45078125,173561.52916666667,59.99997407742361,530.456456005065,0.02815657649314784,0.02339659731428035,-1,1,1,0.30000000000000004,False,Trend,Trend,False
2021-12-24 00:00:00+09:00,169253.828125,167927.7734375,173489.1984375,53.260872245066885,317.65862126684596,0.02767375139430632,0.023373924530803135,-1,1,1,0.30000000000000004,False,Trend,Trend,False
2021-12-27 00:00:00+09:00,168289.4375,168313.53671875,173424.90494791666,47.058854923536025,110.65011287486249,0.02735251563717079,0.023361139071797852,-1,1,1,0.30000000000000004,False,Trend,Trend,False
2021-12-28 00:00:00+09:00,170218.25,169253.83671875,173473.12552083333,57.142869166315634,102.50724055205808,0.023303684240432103,0.02311547279838484,-1,1,1,0.30000000000000004,False,Trend,Trend,False
2021-12-29 00:00:00+09:00,169713.953125,170000.14921875,173440.61041666666,47.658696434068986,63.92736821077665,0.023058767440155333,0.02287809954592725,-1,1,1,0.30000000000000004,False,Trend,Trend,False
2021-12-30 00:00:00+09:00,161955.59375,170189.77265625,173286.82578125,35.83533291475521,-454.79043076168546,0.02536288992425754,0.023654879195865806,-1,1,-1,-0.19999999999999996,False,MeanReversion,Trend,False
2022-01-04 00:00:00+09:00,161470.703125,170210.48984375,173052.62916666668,35.83280669191228,-782.044993304427,0.025058224758000475,0.023409022344757367,-1,1,-1,-0.19999999999999996,False,MeanReversion,Trend,False
2022-01-05 00:00:00+09:00,157106.625,169747.79140625,172753.73463541668,27.09657927851596,-1217.9171286107603,0.02456747706227857,0.023648346124583174,-1,1,-1,-0.19999999999999996,False,MeanReversion,Trend,False
2022-01-06 00:00:00+09:00,158561.328125,169140.8359375,172591.59947916667,13.219513492867335,-1324.9026115395252,0.023820715586167558,0.023168169579019827,-1,1,-1,-0.19999999999999996,False,MeanReversion,Trend,False
2022-01-07 00:00:00+09:00,155651.9375,168677.73359375,172364.90130208334,16.32247244989597,-1495.626503305324,0.022987187249986614,0.023260317664732653,-1,1,-1,-0.19999999999999996,False,MeanReversion,Trend,False
2022-01-10 00:00:00+09:00,147408.6875,167489.034375,171880.26432291666,12.63977331932476,-2034.3363755071214,0.023684331207540116,0.023545083730413374,-1,1,-1,-0.19999999999999996,False,MeanReversion,Trend,False
2022-01-11 00:00:00+09:00,148378.46875,166276.49375,171355.53333333333,16.374632531598678,-2182.861874338544,0.02362228541014126,0.02340327081141915,-1,1,-1,-0.19999999999999996,False,MeanReversion,Trend,False
2022-01-12 00:00:00+09:00,150318.0625,165185.04453125,170830.98177083334,21.08770585286831,-2012.1750631429832,0.024049912997163272,0.023428489476124345,-1,1,-1,-0.19999999999999996,False,MeanReversion,Trend,False
2022-01-13 00:00:00+09:00,148863.40625,163876.2,170258.07578125,20.508208078396976,-1862.3867963051598,0.023411257838077685,0.02339761453594389,-1,1,-1,-0.19999999999999996,False,MeanReversion,Trend,False
2022-01-14 00:00:00+09:00,147408.6875,162108.85546875,169620.740625,17.539920963764757,-1729.3087130327476,0.0200677985941382,0.023309902626221804,-1,1,-1,-0.19999999999999996,False,MeanReversion,Trend,False
2022-01-17 00:00:00+09:00,144984.203125,160678.38203125,169047.475,17.074538759154223,-1671.6271543933544,0.017725505995692222,0.02302696080312242,-1,1,-1,-0.19999999999999996,False,MeanReversion,Trend,False
2022-01-18 00:00:00+09:00,145469.109375,159296.26328125,168474.2546875,18.632646337571344,-1474.745950097893,0.01789066526510128,0.02303011809337671,-1,1,-1,-0.19999999999999996,False,MeanReversion,Trend,False
2022-01-19 00:00:00+09:00,145469.109375,158058.80625,167804.59322916667,14.076607480217632,-1228.522282425225,0.017883229208907742,0.02256794074671739,-1,1,-1,-0.19999999999999996,False,MeanReversion,Trend,False
2022-01-20 00:00:00+09:00,152257.65625,157160.7765625,167288.25807291668,28.57142857142857,-528.2499130894876,0.021483536717347994,0.023426233935584472,-1,1,-1,-0.19999999999999996,False,MeanReversion,MeanReversion,False
2022-01-21 00:00:00+09:00,154682.140625,156408.08125,166916.80885416668,39.726031025333285,142.6016662193806,0.022006300091261415,0.02317441184241362,-1,1,-1,-0.19999999999999996,False,MeanReversion,MeanReversion,False
2022-01-24 00:00:00+09:00,149833.1875,155364.71875,166432.39661458333,35.365866597713946,295.34690878130004,0.022670162471492457,0.02341994214662632,-1,1,-1,-0.19999999999999996,False,MeanReversion,MeanReversion,False
2022-01-25 00:00:00+09:00,145953.984375,154199.7265625,165947.62473958332,35.8024622599213,176.5600029828738,0.02309440426344269,0.023487277604121646,-1,1,-1,-0.19999999999999996,False,MeanReversion,MeanReversion,True
2022-01-26 00:00:00+09:00,145953.984375,153082.95390625,165310.1546875,33.33330579202068,140.96827788254814,0.023151703238726257,0.022395613178219857,-1,1,-1,-0.19999999999999996,False,MeanReversion,MeanReversion,False
2022-01-27 00:00:00+09:00,144984.203125,151821.2515625,164664.55859375,35.135126896877864,97.1769883181405,0.022740045203667333,0.022397851648308157,-1,1,-1,-0.19999999999999996,False,MeanReversion,MeanReversion,False
2022-01-28 00:00:00+09:00,150318.0625,150851.45703125,164131.97005208334,54.4117577371616,452.60411458065573,0.0247858768861458,0.022979796483359804,-1,1,1,0.30000000000000004,False,Trend,MeanReversion,False
2022-02-03 00:00:00+09:00,149348.28125,150221.09140625,163615.365625,51.47061750392129,636.3063379001724,0.022864447550646396,0.022963266709381383,-1,1,1,0.30000000000000004,False,Trend,MeanReversion,False
2022-02-04 00:00:00+09:00,155167.046875,149905.90859375,163179.6671875,56.57897247318994,1134.5236762429158,0.024744848737602642,0.02355394752365845,-1,1,1,0.30000000000000004,False,Trend,Trend,False
2022-02-07 00:00:00+09:00,154682.140625,149784.684375,162759.99739583334,58.10806397462544,1398.8841978865476,0.024017677552977297,0.02354335223655681,-1,1,1,0.30000000000000004,False,Trend,Trend,False
2022-02-08 00:00:00+09:00,154682.140625,149590.725,162340.32760416667,60.56338219936633,1530.5668259963936,0.023903972446758775,0.02354335223655681,-1,1,1,0.30000000000000004,False,Trend,Trend,False
2022-02-09 00:00:00+09:00,154682.140625,149542.23515625,162025.13541666666,65.15151811050072,1568.698028478172,0.023555492488632927,0.023143624140490624,-1,1,1,0.30000000000000004,False,Trend,Trend,False
2022-02-10 00:00:00+09:00,173108.25,150827.21328125,161968.82447916668,77.66991475832026,2718.5299825650036,0.031588201029414474,0.027373946405798905,-1,1,-1,-0.19999999999999996,False,MeanReversion,Trend,False
2022-02-11 00:00:00+09:00,169713.953125,151893.9875,161823.7953125,72.72725941184811,3106.1549093351964,0.0321971796247652,0.027447701279618826,-1,1,-1,-0.19999999999999996,False,MeanReversion,MeanReversion,False
2022-02-14 00:00:00+09:00,167289.46875,152742.5578125,161646.39453125,65.34653149462605,3050.5349113484403,0.0324971216827057,0.027502593910681772,-1,1,1,0.30000000000000004,False,Trend,MeanReversion,False
2022-02-15 00:00:00+09:00,174562.90625,154027.5328125,161582.18125,68.46845408422017,3331.9592056332967,0.033313482118275686,0.02806971604888188,-1,1,1,0.30000000000000004,False,Trend,Trend,False
2022-02-16 00:00:00+09:00,175532.71875,155433.734375,161582.3515625,75.72812162515595,3400.006776044708,0.0330580102076918,0.028000598300922035,-1,1,-1,-0.19999999999999996,False,MeanReversion,Trend,False
2022-02-17 00:00:00+09:00,181836.390625,157276.34375,161792.0609375,84.25926644209798,3663.3919248932352,0.03300192655116817,0.02795107012422977,-1,1,-1,-0.19999999999999996,False,MeanReversion,MeanReversion,False
2022-02-18 00:00:00+09:00,184260.859375,159215.93125,162001.99427083333,84.9557542312369,3779.492506725934,0.03295007133748847,0.027944247930157696,-1,1,-1,-0.19999999999999996,False,MeanReversion,MeanReversion,False
2022-02-21 00:00:00+09:00,184260.859375,161155.51875,162203.89114583333,86.48646765620327,3633.853631423054,0.03295007133748847,0.027943829899802448,-1,1,-1,-0.19999999999999996,False,MeanReversion,MeanReversion,False
2022-02-22 00:00:00+09:00,184260.859375,162755.67890625,162429.89817708332,84.99998227717658,3323.513878144692,0.03205446731292574,0.02791605763729823,1,1,-1,0.5,False,Trend,MeanReversion,False
2022-02-23 00:00:00+09:00,184260.859375,164234.61484375,162704.12526041668,86.73465126655678,2918.6363676105075,0.032086743369210094,0.02781245537043813,1,1,-1,0.5,False,Trend,Trend,False
2022-02-24 00:00:00+09:00,178442.109375,165665.0609375,162889.41015625,74.48978652381435,2097.7375764593453,0.03210266783636316,0.028145100730781147,1,1,-1,0.5,False,Trend,Trend,False
2022-02-25 00:00:00+09:00,174078.03125,167071.26328125,163066.25442708333,68.8679248150883,1147.1701698104498,0.03201993538160461,0.02816679868752381,1,1,1,1.0,False,Trend,Trend,False
2022-02-28 00:00:00+09:00,174078.03125,168477.465625,163291.31875,68.8679248150883,441.0499390503892,0.03201993538160461,0.028057780941372647,1,1,1,1.0,False,Trend,Trend,False
2022-03-02 00:00:00+09:00,179896.78125,170223.09453125,163766.0609375,72.03389020528174,295.4942410262238,0.03223419688675644,0.0272123112321216,1,1,-1,0.5,False,Trend,Trend,False
2022-03-03 00:00:00+09:00,180866.578125,171750.5203125,164200.70885416667,59.75606928647692,198.79745084454225,0.031690669027725965,0.02709807195122818,1,1,1,1.0,False,Trend,Trend,False
2022-03-04 00:00:00+09:00,180866.578125,173326.43515625,164579.09973958333,65.33333562477229,75.45021252617698,0.03155441471765477,0.02698488714380215,1,1,1,1.0,False,Trend,Trend,False
2022-03-07 00:00:00+09:00,174078.03125,174271.984375,164796.12760416666,58.33334612038343,-491.5361129005569,0.03251925286378465,0.02740063400061495,1,1,-1,0.5,False,Trend,Trend,False
2022-03-08 00:00:00+09:00,168744.171875,174975.0859375,164835.85390625,42.50003323033942,-1212.9093952665535,0.03350875741908596,0.02740553469506273,1,1,-1,0.5,False,Trend,Trend,False
2022-03-10 00:00:00+09:00,168744.171875,175678.1875,164803.24947916667,41.0256452627713,-1650.0749414925904,0.03350875741908596,0.027200044743653336,1,1,-1,0.5,False,Trend,Trend,False
2022-03-11 00:00:00+09:00,162440.5,176066.10546875,164762.02473958334,24.358930398747745,-2284.712402378077,0.03482450288225367,0.027280493518420462,1,1,-1,0.5,False,Trend,Trend,False
2022-03-14 00:00:00+09:00,149348.28125,174878.10703125,164398.11822916666,13.999985177255851,-3437.874569881439,0.029439444929156563,0.028898456821602695,1,1,-1,0.5,False,Trend,Trend,False
2022-03-15 00:00:00+09:00,148863.40625,173835.5796875,164002.0203125,13.861377609734134,-4043.1804750428487,0.029304227940326562,0.028864544222044267,1,1,-1,0.5,False,Trend,Trend,False
2022-03-16 00:00:00+09:00,150318.0625,172987.009375,163638.20390625,16.34609038847468,-4140.377973508421,0.02946055254012466,0.028907362066965123,1,1,-1,0.5,False,Trend,Trend,False
2022-03-17 00:00:00+09:00,149348.28125,171726.278125,163210.00364583332,16.037677057699653,-4059.2928912798034,0.027218827782717326,0.028804744527230548,1,1,-1,0.5,False,Trend,Trend,False
2022-03-18 00:00:00+09:00,146438.90625,170271.5875,162604.72578125,16.999937164373165,-3985.242747647392,0.027152231763949368,0.028248758387633646,1,1,-1,0.5,False,Trend,Trend,False
2022-03-21 00:00:00+09:00,146438.90625,168501.71328125,162152.14635416667,18.68125525400899,-3724.731108105808,0.02519524914433191,0.02754718432650047,1,1,-1,0.5,False,Trend,Trend,False
2022-03-22 00:00:00+09:00,150318.0625,166804.5734375,161772.25598958333,25.252449305080887,-3104.9573608179408,0.025996264349369885,0.027800104666371728,1,1,-1,0.5,False,Trend,Trend,False
2022-03-23 00:00:00+09:00,151772.765625,165180.16875,161464.83125,17.777723674284402,-2440.1407569980997,0.02628238650405877,0.027776206173275957,1,1,-1,0.5,False,Trend,Trend,False
2022-03-24 00:00:00+09:00,150802.96875,163507.27421875,161141.24322916666,15.555490313107654,-1931.1072998097206,0.026196836902487836,0.027781056561657393,1,1,-1,0.5,False,Trend,Trend,False
2022-03-25 00:00:00+09:00,150802.96875,161834.3796875,160825.69192708333,15.555490313107654,-1480.1085207733076,0.026196836902487836,0.027782054121048356,1,1,-1,0.5,False,Trend,Trend,False
2022-03-28 00:00:00+09:00,148378.46875,160331.19765625,160453.65911458334,17.283870562222575,-1240.4793141331602,0.025729207802962405,0.02782362704660215,-1,1,-1,-0.19999999999999996,False,MeanReversion,Trend,False
2022-03-29 00:00:00+09:00,154197.265625,159337.159375,160202.71640625,31.70731132242298,-616.9989675444194,0.027540476931066073,0.028303743066226808,-1,1,-1,-0.19999999999999996,False,MeanReversion,MeanReversion,False
2022-03-30 00:00:00+09:00,155167.046875,158391.61015625,159984.00989583333,33.333307759233136,-93.65861643858625,0.027648595995810293,0.02831615940623921,-1,1,-1,-0.19999999999999996,False,MeanReversion,MeanReversion,False
2022-03-31 00:00:00+09:00,155167.046875,157155.1234375,159733.15651041668,39.43660821224225,277.80585269160383,0.026168694919264067,0.028267371605457534,-1,1,-1,-0.19999999999999996,False,MeanReversion,MeanReversion,False
2022-04-01 00:00:00+09:00,160500.921875,156136.840625,159579.60598958333,70.90913884470379,874.3669458993631,0.027629577579122003,0.028632091565320292,-1,1,-1,-0.19999999999999996,False,MeanReversion,MeanReversion,False
2022-04-04 00:00:00+09:00,161955.59375,155191.29140625,159579.60598958333,73.68418374788428,1331.1869839085575,0.027805334121267903,0.028016889475306415,-1,1,-1,-0.19999999999999996,False,MeanReversion,MeanReversion,False
2022-04-05 00:00:00+09:00,161955.59375,154585.16953125,159587.6875,72.22222885253885,1580.6049694101575,0.026730024099804774,0.02801412447202001,-1,1,-1,-0.19999999999999996,False,MeanReversion,MeanReversion,False
2022-04-06 00:00:00+09:00,157106.625,154003.2921875,159587.6875,62.90320736438138,1373.9000875031034,0.026691353015497472,0.028066546074055808,-1,1,1,0.30000000000000004,False,Trend,MeanReversion,False
2022-04-07 00:00:00+09:00,151287.875,153130.47734375,159466.46328125,57.352938388984924,827.1214703458581,0.027738970402414662,0.028457151108991198,-1,1,1,0.30000000000000004,False,Trend,MeanReversion,False
2022-04-08 00:00:00+09:00,149348.28125,152475.86640625,159361.40234375,54.16665547801072,341.5277751954077,0.026734312750615795,0.02840701853053858,-1,1,1,0.30000000000000004,False,Trend,MeanReversion,False
2022-04-11 00:00:00+09:00,151287.875,152572.84609375,159426.05546875,51.4706147163828,166.52150059222095,0.01923512720621539,0.027566093338332556,-1,1,1,0.30000000000000004,False,Trend,MeanReversion,False
2022-04-12 00:00:00+09:00,153227.46875,152791.04921875,159506.87213541666,52.173929287112955,194.97998602505504,0.01939628537198651,0.02760090165875192,-1,1,1,0.30000000000000004,False,Trend,MeanReversion,False
2022-04-13 00:00:00+09:00,156621.734375,153106.2328125,159611.93333333332,58.10810751966167,441.8637623044242,0.019856000197039845,0.027693010191439268,-1,1,1,0.30000000000000004,False,Trend,MeanReversion,False
2022-04-14 00:00:00+09:00,158076.421875,153542.63984375,159765.48359375,59.740254848878855,687.9237821531519,0.019811762907867056,0.027680440882782546,-1,1,1,0.30000000000000004,False,Trend,Trend,False
2022-04-15 00:00:00+09:00,156621.734375,154051.78125,159919.034375,61.3333591120105,733.3311814728736,0.01931920835116833,0.02767672904362058,-1,1,1,0.30000000000000004,False,Trend,Trend,False
2022-04-18 00:00:00+09:00,162925.390625,154876.10546875,160218.05416666667,61.84209187394214,1144.041037746921,0.020907426511861407,0.02801647311292288,-1,1,1,0.30000000000000004,False,Trend,Trend,False
2022-04-19 00:00:00+09:00,160985.8125,155409.49296875,160476.66588541667,57.69231881477466,1233.513846568866,0.02064637066611642,0.028073261341541512,-1,1,1,0.30000000000000004,False,Trend,Trend,False
2022-04-20 00:00:00+09:00,161470.703125,155894.38984375,160743.35911458332,58.22785274812411,1268.8636890117436,0.020594695374266173,0.028072879067900253,-1,1,1,0.30000000000000004,False,Trend,Trend,False
2022-04-21 00:00:00+09:00,162440.5,156476.26640625,160913.07317708334,52.857132992839496,1296.490794544244,0.020479736487618565,0.027483220860600687,-1,1,1,0.30000000000000004,False,Trend,Trend,False
2022-04-22 00:00:00+09:00,163410.296875,157106.6328125,161058.54244791667,52.17393334805957,1314.8742148980652,0.020466125238854996,0.027423174592060638,-1,1,1,0.30000000000000004,False,Trend,Trend,False
2022-04-25 00:00:00+09:00,153712.359375,157373.32734375,161123.1953125,40.449447152051924,642.7134328423517,0.024813811148925443,0.028265645662989905,-1,1,-1,-0.19999999999999996,False,MeanReversion,Trend,False
2022-04-26 00:00:00+09:00,156136.84375,157470.30625,161292.90963541667,48.80953842329534,345.12847162269395,0.02352890084120028,0.028112901774931462,-1,1,1,0.30000000000000004,False,Trend,Trend,False
2022-04-27 00:00:00+09:00,158076.421875,157615.775,161494.95026041666,59.21051906330069,266.18807192180486,0.02364456543320581,0.028149691704406402,-1,1,1,0.30000000000000004,False,Trend,Trend,False
2022-04-28 00:00:00+09:00,172623.328125,158488.5890625,161955.60234375,73.52942198549633,1132.3915651869397,0.030625998395753504,0.03026885104393472,-1,1,-1,-0.19999999999999996,False,MeanReversion,Trend,False
2022-04-29 00:00:00+09:00,175532.71875,159240.17890625,162375.84661458334,74.03847345538551,1800.325112367474,0.03002253331684129,0.030010365146422698,-1,1,-1,-0.19999999999999996,False,MeanReversion,MeanReversion,False
2022-05-02 00:00:00+09:00,173593.140625,159822.05625,162779.92760416667,70.19232705731515,1995.4195555689885,0.030199102621280744,0.03004005348530227,-1,1,-1,-0.19999999999999996,False,MeanReversion,MeanReversion,False
2022-05-03 00:00:00+09:00,167289.46875,160088.75,162981.96796875,60.00000585879198,1600.8662031159802,0.03152622381593755,0.03009365074103198,-1,1,1,0.30000000000000004,False,Trend,MeanReversion,False
2022-05-04 00:00:00+09:00,163410.296875,160403.93359375,163127.43723958332,54.782618441846644,1008.4934024539689,0.031191856602054327,0.030257867807974872,-1,1,1,0.30000000000000004,False,Trend,Trend,False
2022-05-06 00:00:00+09:00,161470.703125,160913.075,163240.57994791667,54.31034530653017,444.66514938235036,0.029972952428689543,0.03030321956351771,-1,1,1,0.30000000000000004,False,Trend,Trend,False
2022-05-10 00:00:00+09:00,162440.5,161567.6859375,163369.8859375,49.5238156615898,112.94190544726325,0.029733584984628473,0.03031068164719647,-1,1,1,0.30000000000000004,False,Trend,Trend,False
2022-05-11 00:00:00+09:00,163410.296875,162173.80703125,163208.25338541667,52.42718385854768,-56.17035223691846,0.029667066650271207,0.026540382989758693,-1,1,-1,-0.19999999999999996,False,MeanReversion,Trend,False
2022-05-12 00:00:00+09:00,158561.328125,162440.5,163022.37630208334,47.32143525037244,-485.7080549399352,0.030527105544538184,0.026697536255439396,-1,1,-1,-0.19999999999999996,False,MeanReversion,Trend,False
2022-05-13 00:00:00+09:00,160016.015625,162610.2140625,162901.15208333332,47.78761112418105,-652.5666628579456,0.030214227136704987,0.026672269291324144,-1,1,-1,-0.19999999999999996,False,MeanReversion,Trend,False
2022-05-16 00:00:00+09:00,157106.625,162561.72421875,162610.2140625,44.44443526400689,-923.0540383865796,0.030450480945606834,0.026150310814719784,-1,1,-1,-0.19999999999999996,False,MeanReversion,Trend,False
2022-05-17 00:00:00+09:00,152257.65625,162343.5203125,162222.29635416667,48.59811930162698,-1365.99004050751,0.03118430144918757,0.026408269052583058,1,1,-1,0.5,False,Trend,Trend,True
2022-05-18 00:00:00+09:00,151287.875,161761.64453125,161713.15442708333,45.19230828815353,-1643.1200123688152,0.029670039929674204,0.025945145889022317,1,1,-1,0.5,False,Trend,Trend,False
2022-05-19 00:00:00+09:00,148378.46875,161131.27734375,161115.11458333334,40.56602999261599,-1921.835698904619,0.02982548677034326,0.025939789068211996,1,1,-1,0.5,False,Trend,Trend,False
2022-05-20 00:00:00+09:00,148863.40625,160500.9125,160525.15703125,18.181920900644755,-1965.9352032096388,0.02982873488588066,0.025950903030597702,-1,1,-1,-0.19999999999999996,False,MeanReversion,Trend,False
2022-05-23 00:00:00+09:00,153227.46875,160040.2609375,160007.93385416668,21.250054376809544,-1608.632601723892,0.030663131616439392,0.0262839596136764,1,1,-1,0.5,False,Trend,Trend,True
2022-05-24 00:00:00+09:00,150318.0625,159385.64921875,159442.22057291667,20.731743259147777,-1478.9787139475366,0.030794858524789904,0.026362358187429658,-1,1,-1,-0.19999999999999996,False,MeanReversion,Trend,False
2022-05-25 00:00:00+09:00,152257.65625,159312.9140625,159005.81302083333,28.767164405741212,-1185.9845571683363,0.02789412652038151,0.026170673534604963,1,1,-1,0.5,False,Trend,Trend,True
2022-05-26 00:00:00+09:00,149833.1875,158997.73125,158601.73229166667,30.000050636570748,-1081.7722968517423,0.02783022688462129,0.02606989179450672,1,1,-1,0.5,False,Trend,Trend,False
2022-05-27 00:00:00+09:00,151287.875,158658.30390625,158221.89635416667,34.782649304700996,-851.3235834699424,0.027763495987079556,0.026115394433085918,1,1,-1,0.5,False,Trend,Trend,False
2022-05-30 00:00:00+09:00,156621.734375,157858.22421875,157833.97890625,42.30770025229188,-304.3327840058232,0.020156356444605193,0.026156805934080436,1,1,-1,0.5,False,Trend,Trend,False
2022-05-31 00:00:00+09:00,158561.328125,157009.6546875,157462.22473958333,43.75001006977955,196.46583441893722,0.019930945786954098,0.026206585117031493,-1,1,-1,-0.19999999999999996,False,MeanReversion,Trend,False
2022-06-02 00:00:00+09:00,157106.625,156185.32890625,157066.22552083334,47.945192176541184,424.99551530744657,0.019905280216318953,0.026220517627365394,-1,1,1,0.30000000000000004,False,Trend,Trend,False
2022-06-03 00:00:00+09:00,161470.703125,155894.390625,156856.10338541667,51.89872591616075,841.2647722684128,0.01966290020370605,0.026066075672454392,-1,1,1,0.30000000000000004,False,Trend,Trend,False
2022-06-07 00:00:00+09:00,155167.046875,155482.228125,156629.81796875,47.67443385363957,670.6767374631429,0.020913319799948326,0.02625856202761725,-1,1,1,0.30000000000000004,False,Trend,Trend,False
2022-06-08 00:00:00+09:00,150318.0625,154924.59609375,156322.71614583334,47.67441599053985,232.50558089682409,0.02182855766983144,0.026548206081036026,-1,1,1,0.30000000000000004,False,Trend,Trend,False
2022-06-09 00:00:00+09:00,152257.65625,154415.45390625,156153.00208333333,51.136346159902104,82.2894329592059,0.022038619401093452,0.026184324072552376,-1,1,1,0.30000000000000004,False,Trend,Trend,False
2022-06-10 00:00:00+09:00,148378.46875,153663.8625,156136.83854166666,50.0,-251.09609539440385,0.02248144110261593,0.024049926019408478,-1,1,-1,-0.19999999999999996,False,MeanReversion,Trend,False
2022-06-13 00:00:00+09:00,144984.203125,152985.00625,156072.18515625,45.833306760284366,-650.2931425328618,0.02211925344569682,0.02423038311709828,-1,1,-1,-0.19999999999999996,False,MeanReversion,Trend,False
2022-06-14 00:00:00+09:00,141589.921875,152063.7015625,155926.71614583334,37.2340334361394,-1068.3318533502206,0.02227352861835404,0.02437635785903128,-1,1,-1,-0.19999999999999996,False,MeanReversion,Trend,False
2022-06-15 00:00:00+09:00,137710.75,151093.9078125,155732.75729166667,36.45834731915328,-1504.7755164400933,0.022642862002677167,0.02461154507385645,-1,1,-1,-0.19999999999999996,False,MeanReversion,Trend,False
2022-06-16 00:00:00+09:00,130922.1875,150027.134375,155474.1453125,29.24528703387888,-2112.1167740767746,0.02410777325420031,0.0253139891612446,-1,1,-1,-0.19999999999999996,False,MeanReversion,Trend,False
2022-06-17 00:00:00+09:00,135286.25,149227.053125,155288.26770833333,36.363615058956974,-2078.1870865297997,0.025743260472416887,0.025705883206569777,-1,1,-1,-0.19999999999999996,False,MeanReversion,Trend,False
2022-06-20 00:00:00+09:00,135286.25,148572.4421875,155037.7375,34.579422365276386,-1917.867509071787,0.025559787103205722,0.025452766268678654,-1,1,-1,-0.19999999999999996,False,MeanReversion,Trend,False
2022-06-21 00:00:00+09:00,136740.96875,147966.3203125,154787.20755208333,29.292965458249512,-1589.5254542278462,0.025733853974348672,0.025461207775614312,-1,1,-1,-0.19999999999999996,False,MeanReversion,Trend,False
2022-06-22 00:00:00+09:00,122678.9375,146438.89375,154318.47369791666,20.161314003856916,-2159.702283773784,0.03357027954312353,0.02895185099932702,-1,1,-1,-0.19999999999999996,False,MeanReversion,Trend,False
2022-06-23 00:00:00+09:00,124133.640625,145129.67265625,153873.98489583333,22.580686236778376,-2267.999595015177,0.03389163745794329,0.029015517856724276,-1,1,-1,-0.19999999999999996,False,MeanReversion,Trend,False
2022-06-24 00:00:00+09:00,125588.328125,143796.20625,153494.14921875,18.64410343571423,-2075.95441557326,0.03385193735215248,0.02902744006329527,-1,1,-1,-0.19999999999999996,False,MeanReversion,Trend,False
2022-06-27 00:00:00+09:00,129467.5078125,142777.922265625,153081.98658854168,26.548703732299117,-1546.2707598320103,0.03496448459687491,0.028851720515808164,-1,1,-1,-0.19999999999999996,False,MeanReversion,Trend,False
2022-06-28 00:00:00+09:00,128497.703125,141638.413671875,152637.49752604167,28.571461452343897,-1138.6553316461013,0.03473600636434722,0.02883224456230305,-1,1,-1,-0.19999999999999996,False,MeanReversion,Trend,False
2022-06-29 00:00:00+09:00,134801.375,140547.395703125,152298.06966145834,34.210556069526575,-362.14627005698367,0.0357076434850533,0.029574101467238816,-1,1,-1,-0.19999999999999996,False,MeanReversion,MeanReversion,False
2022-06-30 00:00:00+09:00,126073.21875,138922.990234375,151724.274609375,31.45164412897948,-353.5984630789608,0.037733228684323016,0.030337109150686922,-1,1,-1,-0.19999999999999996,False,MeanReversion,MeanReversion,True
2022-07-01 00:00:00+09:00,126558.125,137395.565234375,151134.316796875,33.89833771533621,-238.07993499655186,0.03788676838182468,0.030306691459727905,-1,1,-1,-0.19999999999999996,False,MeanReversion,MeanReversion,True
2022-07-04 00:00:00+09:00,124133.640625,135528.712109375,150503.95091145832,34.48279262564513,-246.69778391065665,0.03683267438185572,0.03036504990961568,-1,1,-1,-0.19999999999999996,False,MeanReversion,MeanReversion,True
2022-07-05 00:00:00+09:00,126073.21875,134074.020703125,149986.72747395834,39.2857276435828,-53.60359946882909,0.03680154703585224,0.030277902780485477,-1,1,-1,-0.19999999999999996,False,MeanReversion,MeanReversion,True
2022-07-06 00:00:00+09:00,126558.125,132886.023828125,149574.56497395833,45.45456468790778,163.08587620988237,0.03657371077412726,0.029958991499389298,-1,1,1,0.30000000000000004,False,Trend,MeanReversion,False
2022-07-07 00:00:00+09:00,130922.1875,131819.250390625,149267.46341145833,45.45456468790778,630.3921866995779,0.03751526475360275,0.0303034625306691,-1,1,1,0.30000000000000004,False,Trend,Trend,False
2022-07-08 00:00:00+09:00,128982.609375,130849.457421875,148895.708984375,43.68935061002126,826.5628954686208,0.03731487623825939,0.030281422436391668,-1,1,-1,-0.19999999999999996,False,MeanReversion,Trend,False
2022-07-11 00:00:00+09:00,127043.015625,129952.398046875,148459.30143229166,40.384613001235024,840.6225679519666,0.03717553351362262,0.030255114382437824,-1,1,-1,-0.19999999999999996,False,MeanReversion,MeanReversion,False
2022-07-12 00:00:00+09:00,126073.21875,129176.562890625,147950.15950520834,54.54545264325245,799.7757617717816,0.036959985597364735,0.030080769741990955,-1,1,1,0.30000000000000004,False,Trend,MeanReversion,False
2022-07-13 00:00:00+09:00,131892.0,128885.625390625,147513.75247395833,59.3023242743387,1158.0642413987853,0.03825081986058427,0.030691112385948485,-1,1,1,0.30000000000000004,False,Trend,Trend,False
2022-07-14 00:00:00+09:00,130437.296875,128861.380859375,147077.34518229167,55.81394346760828,1280.9246682033563,0.03660554399636417,0.030698383563169222,-1,1,1,0.30000000000000004,False,Trend,Trend,False
2022-07-15 00:00:00+09:00,129467.5078125,128570.44375,146519.71380208334,50.0,1277.8094021056204,0.035794682559022295,0.030190616506794162,-1,1,1,0.30000000000000004,False,Trend,Trend,False
2022-07-18 00:00:00+09:00,129952.3828125,128303.750390625,146002.48997395832,51.89871842955768,1285.8191956546534,0.0358165176616741,0.030186920710031727,-1,1,1,0.30000000000000004,False,Trend,Trend,False
2022-07-19 00:00:00+09:00,129467.5078125,127940.07734375,145469.10338541667,41.791041186973594,1235.5642529200786,0.03569220794830829,0.0301745709014325,-1,1,-1,-0.19999999999999996,False,MeanReversion,Trend,False
2022-07-20 00:00:00+09:00,133831.578125,128497.709375,144992.28802083334,63.7931293112644,1458.0568103609676,0.026456061153583274,0.030523873470068602,-1,1,1,0.30000000000000004,False,Trend,Trend,False
2022-07-21 00:00:00+09:00,131407.09375,128861.38203125,144458.90130208334,58.064523673527304,1403.2858821420336,0.026862465232700347,0.030560642607025946,-1,1,1,0.30000000000000004,False,Trend,Trend,False
2022-07-22 00:00:00+09:00,135286.25,129346.278125,144151.79947916666,67.69230426023017,1576.6880010124496,0.027440245466079635,0.029894316551830103,-1,1,1,0.30000000000000004,False,Trend,Trend,False
2022-07-25 00:00:00+09:00,133831.578125,129564.481640625,143780.04505208333,62.50003776180258,1540.0284987194045,0.026871551514637357,0.02982269720667744,-1,1,1,0.30000000000000004,False,Trend,Trend,False
2022-07-26 00:00:00+09:00,133346.6875,129806.930859375,143367.8828125,60.93753540170774,1432.007330862958,0.02681566342755241,0.029758524839226773,-1,1,1,0.30000000000000004,False,Trend,Trend,False
2022-07-27 00:00:00+09:00,137225.859375,129928.155078125,142777.925,60.317502941026035,1560.1611407840915,0.025385395684532935,0.02759443565556296,-1,1,1,0.30000000000000004,False,Trend,Trend,False
2022-07-28 00:00:00+09:00,123648.734375,129806.930859375,141913.19192708333,43.67814325181312,712.0508085282704,0.031300128543937676,0.030346073125861836,-1,1,-1,-0.19999999999999996,False,MeanReversion,Trend,False
2022-07-29 00:00:00+09:00,125103.4296875,129734.19609375,141105.030078125,47.67441795112125,254.1691178330043,0.03141278209760603,0.030421672026311422,-1,1,1,0.30000000000000004,False,Trend,Trend,False
2022-08-01 00:00:00+09:00,124133.640625,129734.19609375,140385.76627604166,47.67442688269825,-90.42613708490035,0.03115461315088268,0.030140997560618388,-1,1,-1,-0.19999999999999996,False,MeanReversion,Trend,False
2022-08-02 00:00:00+09:00,123163.84375,129588.72734375,139714.99205729167,38.15785568492971,-345.7457952188345,0.030980020815615728,0.030045910310872895,-1,1,-1,-0.19999999999999996,False,MeanReversion,Trend,False
2022-08-03 00:00:00+09:00,123648.734375,129443.2578125,139084.62591145834,40.54050876433616,-438.10217802995476,0.03098079605309312,0.030051053875122163,-1,1,-1,-0.19999999999999996,False,MeanReversion,Trend,False
2022-08-04 00:00:00+09:00,123648.734375,129079.58515625,138438.096484375,41.666631235819736,-453.4209262052482,0.029868805448535058,0.030025740499733007,-1,1,-1,-0.19999999999999996,False,MeanReversion,Trend,False
2022-08-05 00:00:00+09:00,125103.4296875,128885.626171875,137799.64869791668,43.24325442374986,-325.7822489467462,0.029895889621936605,0.030068909379247832,-1,1,-1,-0.19999999999999996,False,MeanReversion,Trend,False
2022-08-08 00:00:00+09:00,121709.1484375,128618.9328125,137185.445703125,39.99997986039224,-423.93948982772054,0.030316921142066855,0.03003292986176023,-1,1,-1,-0.19999999999999996,False,MeanReversion,Trend,False
2022-08-09 00:00:00+09:00,121224.25,128376.484375,136538.91627604168,31.944416472767003,-471.839414944066,0.03029285650243359,0.029980383932233363,-1,1,-1,-0.19999999999999996,False,MeanReversion,Trend,False
2022-08-10 00:00:00+09:00,121224.25,127843.096875,135940.87669270832,34.32833021359768,-453.70753201962907,0.02821054404743247,0.029931585274419824,-1,1,-1,-0.19999999999999996,False,MeanReversion,Trend,False
2022-08-11 00:00:00+09:00,123648.734375,127503.66875,135464.061328125,31.250009440436386,-239.37967431234256,0.028656622593592165,0.02987711267993698,-1,1,-1,-0.19999999999999996,False,MeanReversion,Trend,False
2022-08-12 00:00:00+09:00,122678.9375,127164.240234375,134987.245703125,31.74601875602589,-129.38490603565288,0.028660389461948835,0.029880186684861844,-1,1,-1,-0.19999999999999996,False,MeanReversion,Trend,False
2022-08-16 00:00:00+09:00,124133.640625,126873.303125,134583.165234375,35.38461996070738,64.47061584161611,0.028811584947713915,0.029869890035333014,-1,1,-1,-0.19999999999999996,False,MeanReversion,MeanReversion,False
2022-08-17 00:00:00+09:00,124133.640625,126606.609765625,134171.00247395833,26.315813276680615,207.7435100747566,0.028813824242901687,0.029861312518335556,-1,1,-1,-0.19999999999999996,False,MeanReversion,MeanReversion,False
2022-08-18 00:00:00+09:00,124133.640625,126121.712890625,133686.10533854167,51.72416858339722,311.32810190432065,0.027607204323395227,0.02956933972517259,-1,1,1,0.30000000000000004,False,Trend,MeanReversion,False
2022-08-19 00:00:00+09:00,123163.84375,125709.550390625,133233.53502604167,42.85715929760114,322.0070085488028,0.027416241572810758,0.029503746482081022,-1,1,-1,-0.19999999999999996,False,MeanReversion,MeanReversion,False
2022-08-22 00:00:00+09:00,123163.84375,125103.430078125,132748.63815104167,46.15384138708838,335.0508775014714,0.026362021969074126,0.029431199846842882,-1,1,1,0.30000000000000004,False,Trend,MeanReversion,False
2022-08-23 00:00:00+09:00,119284.6640625,124376.084375,132239.49609375,37.500006293611584,100.56944393866888,0.027038054927214325,0.02961763828456874,-1,1,-1,-0.19999999999999996,False,MeanReversion,MeanReversion,False
2022-08-24 00:00:00+09:00,117829.9765625,123600.248828125,131681.864453125,32.352987169918606,-122.26794042468737,0.027071343167633398,0.029583997306282615,-1,1,-1,-0.19999999999999996,False,MeanReversion,MeanReversion,False
2022-08-25 00:00:00+09:00,120739.359375,122775.923828125,131083.82486979166,42.500028195382725,-47.342110974643674,0.0267965233498476,0.029384860384284707,-1,1,-1,-0.19999999999999996,False,MeanReversion,MeanReversion,False
2022-08-26 00:00:00+09:00,120254.453125,122606.209765625,130445.376953125,36.84210972621657,-6.219499570621792,0.013737029816052689,0.029303595669156215,-1,1,-1,-0.19999999999999996,False,MeanReversion,MeanReversion,False
2022-08-29 00:00:00+09:00,117345.078125,122218.2921875,129782.68450520834,37.83786019878292,-143.14956172871052,0.014294315690323089,0.029410455757853164,-1,1,-1,-0.19999999999999996,False,MeanReversion,MeanReversion,False
2022-08-30 00:00:00+09:00,119769.5625,122000.08828125,129087.66549479167,46.34147587456803,-43.7807788457103,0.015184452967397764,0.02929471822821246,-1,1,-1,-0.19999999999999996,False,MeanReversion,MeanReversion,False
2022-08-31 00:00:00+09:00,119284.6640625,121806.129296875,128489.62578125,45.23810528504389,12.916237447751428,0.01512850374744697,0.02893540497331243,-1,1,1,0.30000000000000004,False,Trend,MeanReversion,False
2022-09-01 00:00:00+09:00,116375.2890625,121442.45703125,127923.912890625,32.5581752611119,-114.85860306635232,0.01591140982506981,0.028836466346308837,-1,1,-1,-0.19999999999999996,False,MeanReversion,MeanReversion,False
2022-09-02 00:00:00+09:00,115890.3828125,121054.539453125,127317.79166666667,33.33335890738448,-196.57294372220804,0.015896930325941354,0.028749124765035935,-1,1,-1,-0.19999999999999996,False,MeanReversion,MeanReversion,False
2022-09-05 00:00:00+09:00,113950.7890625,120496.907421875,126743.99700520834,25.58137792140883,-337.52058297674284,0.015767425630614326,0.028660179982483994,-1,1,-1,-0.19999999999999996,False,MeanReversion,MeanReversion,True
2022-09-06 00:00:00+09:00,116860.1875,120254.459375,126275.26341145833,34.69390170842652,-197.98516714023935,0.016150476923468087,0.02880371460564283,-1,1,-1,-0.19999999999999996,False,MeanReversion,MeanReversion,False
2022-09-07 00:00:00+09:00,114435.6953125,119915.031640625,125822.69296875,31.481498609773865,-229.90827380414976,0.016695591423134003,0.028773628158336426,-1,1,-1,-0.19999999999999996,False,MeanReversion,MeanReversion,False
2022-09-08 00:00:00+09:00,113950.7890625,119551.35859375,125426.69361979167,32.07548030169502,-243.3209478995318,0.016684015869003282,0.028597588546288688,-1,1,-1,-0.19999999999999996,False,MeanReversion,MeanReversion,False
2022-09-13 00:00:00+09:00,117829.9765625,119260.420703125,125208.49010416666,40.98362344407135,34.63231853717798,0.01790696524965619,0.02829307829607655,-1,1,-1,-0.19999999999999996,False,MeanReversion,MeanReversion,False
2022-09-14 00:00:00+09:00,115890.3828125,118920.99296875,124885.22565104166,43.85965804892058,109.21738258012738,0.018151646421666907,0.027987775779487488,-1,1,-1,-0.19999999999999996,False,MeanReversion,MeanReversion,False
2022-09-15 00:00:00+09:00,116860.1875,118557.3203125,124578.124609375,48.21429958590244,237.8474078450804,0.018021024896583002,0.02802144930020087,-1,1,1,0.30000000000000004,False,Trend,MeanReversion,False
2022-09-16 00:00:00+09:00,120254.453125,118363.3609375,124303.34934895833,49.12279214068793,547.7900999980152,0.01936091356122989,0.028258627571776877,-1,1,1,0.30000000000000004,False,Trend,Trend,False
2022-09-19 00:00:00+09:00,115405.484375,117926.953125,124182.12513020834,42.42425573965144,427.8158665092051,0.02127596796620188,0.025125176854473637,-1,1,-1,-0.19999999999999996,False,MeanReversion,Trend,False
2022-09-20 00:00:00+09:00,115890.3828125,117563.280078125,124044.7375,47.540981008604405,384.0871445924745,0.021321155748205076,0.02507865028616067,-1,1,1,0.30000000000000004,False,Trend,Trend,False
2022-09-21 00:00:00+09:00,116375.2890625,117223.85234375,123891.18684895833,43.85967391755989,389.56505034941074,0.02137290577669634,0.025032530918803985,-1,1,-1,-0.19999999999999996,False,MeanReversion,Trend,False
2022-09-22 00:00:00+09:00,113950.7890625,116957.15859375,123632.57486979167,40.98361738217251,239.0381486476399,0.020716607168452434,0.02480909493522056,-1,1,-1,-0.19999999999999996,False,MeanReversion,Trend,False
2022-09-23 00:00:00+09:00,107162.2421875,116423.771875,123276.98385416667,36.23190943861468,-280.42676777925817,0.024528093729920035,0.025957065038519377,-1,1,-1,-0.19999999999999996,False,MeanReversion,Trend,False
2022-09-26 00:00:00+09:00,105707.546875,115672.18125,122792.08671875,35.211299566823925,-662.8705798273722,0.023607738612355975,0.02511326142344239,-1,1,-1,-0.19999999999999996,False,MeanReversion,Trend,False
2022-09-27 00:00:00+09:00,108132.03125,115066.06015625,122493.06692708333,41.6666909087166,-690.3128802832557,0.024501968214880758,0.023947549853902166,-1,1,-1,-0.19999999999999996,False,MeanReversion,Trend,False
2022-09-28 00:00:00+09:00,104737.7578125,114435.694140625,122129.394140625,32.87672623636496,-863.5747072835375,0.024860202529703876,0.024228414794278844,-1,1,-1,-0.19999999999999996,False,MeanReversion,Trend,False
2022-09-29 00:00:00+09:00,102313.2734375,113562.8796875,121765.72135416667,32.87673349250764,-1055.2927834494626,0.024363453524121968,0.02428025312969305,-1,1,-1,-0.19999999999999996,False,MeanReversion,Trend,False
2022-09-30 00:00:00+09:00,98918.9921875,112544.59609375,121313.15091145833,30.37977420021936,-1308.0136459066534,0.025013854392443077,0.024468058579479507,-1,1,-1,-0.19999999999999996,False,MeanReversion,Trend,False
2022-10-04 00:00:00+09:00,99888.796875,111720.271484375,120868.662109375,24.657566596871547,-1304.2348308656456,0.025088489661530322,0.024512251152110105,-1,1,-1,-0.19999999999999996,False,MeanReversion,Trend,False
2022-10-05 00:00:00+09:00,100858.578125,110968.68125,120367.601953125,28.169022714044033,-1136.913959649317,0.025378127201987365,0.024073763289156024,-1,1,-1,-0.19999999999999996,False,MeanReversion,Trend,False
2022-10-06 00:00:00+09:00,102798.1640625,110411.05,119931.19453125,30.136969068019283,-811.3774061084587,0.02590414817069704,0.02421985527663797,-1,1,-1,-0.19999999999999996,False,MeanReversion,Trend,False
2022-10-07 00:00:00+09:00,102313.2734375,109683.704296875,119519.03216145834,22.38807621155533,-556.6146290601027,0.0249029800597624,0.02417425764121907,-1,1,-1,-0.19999999999999996,False,MeanReversion,Trend,False
2022-10-11 00:00:00+09:00,95330.75,108728.45703125,119006.65768229167,21.00841416996046,-772.9616788573094,0.02861312978840804,0.02567602065288311,-1,1,-1,-0.19999999999999996,False,MeanReversion,Trend,False
2022-10-12 00:00:00+09:00,96591.484375,107860.491796875,118418.31575520833,22.739737697696185,-745.4227794997087,0.029030408882166143,0.024946703003288453,-1,1,-1,-0.19999999999999996,False,MeanReversion,Trend,False
2022-10-13 00:00:00+09:00,92033.453125,106570.665625,117778.25169270833,19.164611967090238,-936.1055858701193,0.02860034169397033,0.025552097919619095,-1,1,-1,-0.19999999999999996,False,MeanReversion,Trend,False
2022-10-14 00:00:00+09:00,94554.921875,105503.892578125,117196.37526041667,25.490206531506317,-799.6388969534928,0.029894094344237114,0.025899956387819268,-1,1,-1,-0.19999999999999996,False,MeanReversion,Trend,False
2022-10-17 00:00:00+09:00,93973.0390625,104359.53515625,116596.71953125,30.23255596110532,-661.501159590578,0.02959593164648102,0.0258733330873033,-1,1,-1,-0.19999999999999996,False,MeanReversion,Trend,False
2022-10-18 00:00:00+09:00,95136.796875,103103.65234375,116024.541015625,34.017606600396235,-416.6470483861485,0.028658645043040398,0.025973563790496933,-1,1,-1,-0.19999999999999996,False,MeanReversion,Trend,False
2022-10-19 00:00:00+09:00,95136.796875,102090.21796875,115379.62799479166,28.797483521234767,-191.05952055011858,0.02790082487662755,0.02549345586888157,-1,1,-1,-0.19999999999999996,False,MeanReversion,Trend,False
2022-10-20 00:00:00+09:00,95427.7265625,101067.08515625,114779.971875,33.09857956382773,29.628331397611873,0.027872202285662256,0.0254635885585319,-1,1,-1,-0.19999999999999996,False,MeanReversion,MeanReversion,True
2022-10-21 00:00:00+09:00,96106.59375,100053.650390625,114126.97760416666,37.9699372220777,260.36607554938746,0.027956096837574586,0.025115460812965652,-1,1,-1,-0.19999999999999996,False,MeanReversion,MeanReversion,False
2022-10-24 00:00:00+09:00,95330.75,99122.6484375,113485.29713541667,42.25941309769425,391.8775630973132,0.02782574095167707,0.025108555680313806,-1,1,-1,-0.19999999999999996,False,MeanReversion,MeanReversion,False
2022-10-25 00:00:00+09:00,93682.1015625,98448.64140625,112824.220703125,36.991848220300106,397.70838148797884,0.02505853435464705,0.02515298765432905,-1,1,-1,-0.19999999999999996,False,MeanReversion,MeanReversion,False
2022-10-26 00:00:00+09:00,86990.53125,97512.790625,111986.965234375,26.557403201941426,1.7253794279922658,0.02923647229310509,0.026236125175131308,-1,1,-1,-0.19999999999999996,False,MeanReversion,MeanReversion,True
2022-10-27 00:00:00+09:00,89899.8984375,96601.183984375,111424.48463541667,28.88888320576133,-12.643188343630754,0.02991446329396611,0.023509625480339507,-1,1,-1,-0.19999999999999996,False,MeanReversion,MeanReversion,True
2022-10-28 00:00:00+09:00,88736.15625,95801.10390625,110818.36341145834,28.26086793360092,-46.977506140572586,0.0294562569608933,0.023422978048820906,-1,1,-1,-0.19999999999999996,False,MeanReversion,MeanReversion,True
2022-10-31 00:00:00+09:00,89899.8984375,95180.43515625,110247.80104166667,39.312959847787674,56.615579044849255,0.02959808348635393,0.023545763669988555,-1,1,-1,-0.19999999999999996,False,MeanReversion,MeanReversion,True
2022-11-01 00:00:00+09:00,93779.078125,94923.439453125,109758.05494791667,44.98268970246358,414.392206752972,0.030766841636351513,0.02433167793094843,-1,1,-1,-0.19999999999999996,False,MeanReversion,MeanReversion,False
2022-11-02 00:00:00+09:00,99403.890625,94899.194140625,109353.97421875,62.66667525955906,1023.1886368535879,0.03357972896959525,0.025628284420151717,-1,-1,1,-0.5,True,Defensive,MeanReversion,False
2022-11-03 00:00:00+09:00,94166.9921875,94564.61484375,108862.61184895833,49.39022488304917,1061.9042302106473,0.03555995821200482,0.02643774582409566,-1,-1,1,-0.5,True,Defensive,Defensive,False
2022-11-04 00:00:00+09:00,106192.4453125,94734.32890625,108547.42877604166,64.12556264404772,1840.497318195873,0.04489153940645142,0.030900151129647807,-1,-1,1,-0.5,True,Defensive,Defensive,False
2022-11-07 00:00:00+09:00,102798.1640625,94758.5734375,108232.245703125,58.422169383120576,2053.769859584825,0.04552290048845351,0.030974406779244096,-1,-1,1,-0.5,True,Defensive,Defensive,False
2022-11-08 00:00:00+09:00,108616.9375,95422.8828125,108022.123828125,63.1379984071074,2484.8050052461144,0.04386535930449263,0.03186181731478079,-1,-1,1,-0.5,True,Defensive,Defensive,False
2022-11-09 00:00:00+09:00,109101.828125,96048.4,107820.08346354167,63.276839843816965,2683.674644512971,0.043839412029134626,0.031871341914164006,-1,-1,1,-0.5,True,Defensive,Defensive,False
2022-11-10 00:00:00+09:00,108132.03125,96853.32890625,107561.47174479166,61.6104789812115,2627.6509718570414,0.042116048437511946,0.031757576950555776,-1,-1,1,-0.5,True,Defensive,Defensive,False
2022-11-11 00:00:00+09:00,117829.9765625,98017.081640625,107480.65572916667,68.53035704978853,3089.6033994186873,0.045436992709834666,0.033721614853255935,-1,-1,1,-0.5,True,Defensive,Defensive,False
2022-11-14 00:00:00+09:00,117345.078125,99185.68359375,107367.51302083333,69.86970934050399,3195.1097718840583,0.045398516643392506,0.0336845105254405,-1,-1,1,-0.5,True,Defensive,Defensive,False
2022-11-15 00:00:00+09:00,123163.84375,100587.0359375,107351.34973958334,80.82643793959217,3466.6746566227616,0.046159639708529425,0.03428149792390249,-1,-1,-1,-1.0,True,Defensive,Defensive,False
2022-11-16 00:00:00+09:00,118799.765625,101770.184375,107262.45182291667,74.0322511277838,3170.3393678447655,0.04737944747519045,0.034594112995980336,-1,-1,-1,-1.0,True,Defensive,Defensive,False
2022-11-17 00:00:00+09:00,116860.1875,102841.807421875,107157.39088541667,73.08916470273729,2681.089719082663,0.047753478736960474,0.03464199647899903,-1,-1,-1,-1.0,True,Defensive,Defensive,False
2022-11-18 00:00:00+09:00,114920.5859375,103782.50703125,107020.00325520833,70.2830027361947,2090.460120364556,0.04812905896506524,0.03470215942850026,-1,-1,-1,-1.0,True,Defensive,Defensive,False
2022-11-21 00:00:00+09:00,112011.21875,104616.53046875,106898.77916666666,65.01597653771762,1400.5965544948922,0.04861324282932336,0.034615935399613454,-1,-1,1,-0.5,True,Defensive,Defensive,False
2022-11-22 00:00:00+09:00,112011.21875,105532.986328125,106801.79986979166,61.44366152237606,867.1756227992064,0.04828688758039865,0.03458474832937065,-1,-1,1,-0.5,True,Defensive,Defensive,False
2022-11-23 00:00:00+09:00,113950.7890625,106880.99921875,106688.65703125,69.10112274798695,581.5750875799727,0.044162389936424795,0.03450789755621704,1,1,1,1.0,False,Trend,Defensive,False
2022-11-24 00:00:00+09:00,116860.1875,108229.013671875,106632.0859375,62.50000686576658,526.8418657590059,0.0440178997952302,0.03466998919999403,1,1,1,1.0,False,Trend,Defensive,False
2022-11-25 00:00:00+09:00,118314.8671875,109707.94921875,106648.24908854166,69.04761996097906,525.6434779452138,0.043588232847739244,0.034563685781214694,1,1,1,1.0,False,Trend,Trend,False
2022-11-28 00:00:00+09:00,120739.359375,111249.922265625,106664.41236979167,66.23376487504876,618.7556286926529,0.04360655249266983,0.03456204007629689,1,1,1,1.0,False,Trend,Trend,False
2022-11-29 00:00:00+09:00,126073.21875,112864.629296875,106777.55494791667,70.11494103868802,950.357452963628,0.04363974289972621,0.03500116851272648,1,1,-1,0.5,False,Trend,Trend,False
2022-11-30 00:00:00+09:00,126558.125,114222.341015625,106947.26888020833,72.09303327659278,1102.441951440359,0.042468533894440094,0.034840710852663846,1,1,-1,0.5,False,Trend,Trend,False
2022-12-01 00:00:00+09:00,124133.640625,115720.6734375,107084.65651041667,59.15493596971732,945.852746191018,0.04027049592843671,0.03493672810673864,1,1,1,1.0,False,Trend,Trend,False
2022-12-02 00:00:00+09:00,127527.9140625,116787.446875,107310.94192708333,63.63636744077338,973.1852485197287,0.031819464770557006,0.035011931602527926,1,1,1,1.0,False,Trend,Trend,False
2022-12-05 00:00:00+09:00,135286.25,118411.851171875,107618.04296875,65.43208746932814,1390.6496865336412,0.03209737370161313,0.03566092053515766,1,1,1,1.0,False,Trend,Trend,False
2022-12-06 00:00:00+09:00,130922.1875,119527.113671875,107892.81783854167,65.4321134994866,1253.9643679722358,0.03215493839020437,0.03582475744098347,1,1,1,1.0,False,Trend,Trend,False
2022-12-07 00:00:00+09:00,130922.1875,120618.131640625,108175.67447916667,68.83117046163117,1052.760222973744,0.03220593589667908,0.03581591319444235,1,1,1,1.0,False,Trend,Trend,False
2022-12-08 00:00:00+09:00,131407.09375,121781.884765625,108401.959765625,72.97301357583892,850.2105118026993,0.03195639158311744,0.035582336056372316,1,1,-1,0.5,False,Trend,Trend,False
2022-12-09 00:00:00+09:00,135286.25,122654.6984375,108725.22421875,81.57895406302893,872.1107200565657,0.026968111172867956,0.03567035151988027,1,1,-1,0.5,False,Trend,Trend,False
2022-12-12 00:00:00+09:00,128012.8125,123188.08515625,108911.10130208333,68.13188642071134,319.82354901004965,0.03028893338389021,0.03643317658472357,1,1,1,1.0,False,Trend,Trend,False
2022-12-13 00:00:00+09:00,130437.296875,123551.7578125,109080.81536458334,68.47829151679441,54.7684339805046,0.02870421680573208,0.036330828651230135,1,1,1,1.0,False,Trend,Trend,False
2022-12-14 00:00:00+09:00,129467.5078125,124085.144921875,109315.182421875,64.77274911838819,-233.09999531370886,0.02734170146459245,0.03592065290933491,1,1,-1,0.5,False,Trend,Trend,False
2022-12-15 00:00:00+09:00,126558.125,124570.041796875,109492.978125,59.34068132617974,-643.4258891178079,0.02762658320834241,0.03605960160734309,1,1,-1,0.5,False,Trend,Trend,False
2022-12-16 00:00:00+09:00,128497.703125,125248.89765625,109695.018359375,58.88889445836415,-798.0799311694382,0.027286799554072042,0.036101756084690156,1,1,-1,0.5,False,Trend,Trend,False
2022-12-19 00:00:00+09:00,128012.8125,126048.97734375,109929.38541666667,52.50001208377439,-937.2815353172682,0.026393340973220155,0.03598631742191306,1,1,-1,0.5,False,Trend,Trend,False
2022-12-20 00:00:00+09:00,128982.609375,126897.546875,110293.058203125,53.086425155577366,-964.5296605949916,0.026346770490777466,0.03501653309298686,1,1,-1,0.5,False,Trend,Trend,False
2022-12-21 00:00:00+09:00,128497.703125,127624.892578125,110672.894140625,55.84415258322843,-1010.8165192487713,0.026339661379866784,0.03495951129744325,1,1,-1,0.5,False,Trend,Trend,False
2022-12-22 00:00:00+09:00,130922.1875,128327.992578125,111052.730078125,54.66666723952702,-878.6356853900179,0.026128984174945743,0.03492575842647991,1,1,-1,0.5,False,Trend,Trend,False
2022-12-23 00:00:00+09:00,129467.5078125,128885.624609375,111464.892578125,40.32259782985784,-887.0804966649594,0.026341235318179976,0.034674544668056584,1,1,-1,0.5,False,Trend,Trend,False
2022-12-26 00:00:00+09:00,128982.609375,129297.787109375,111909.38151041667,46.296308451898526,-919.3130372978048,0.026130845898314086,0.03450798875575372,1,1,-1,0.5,False,Trend,Trend,False
2022-12-27 00:00:00+09:00,137225.859375,129855.419140625,112547.829296875,59.154957703407824,-405.6602397006127,0.027911125333729768,0.03494922319874332,1,1,-1,0.5,False,Trend,Trend,False
2022-12-28 00:00:00+09:00,137401.234375,130397.574609375,113173.03658854167,58.784397398925336,-90.73196880833075,0.02791893131223917,0.03494868063024274,1,1,-1,0.5,False,Trend,Trend,False
2022-12-29 00:00:00+09:00,133990.59375,130890.422265625,113725.23684895833,48.07478173492065,-145.51378476630816,0.028203644320762618,0.035163376340201315,1,1,-1,0.5,False,Trend,Trend,False
2023-01-02 00:00:00+09:00,131554.390625,131091.74609375,114204.50729166667,56.14593563634529,-366.6329872360411,0.028065752071053586,0.0352367205162685,1,1,-1,0.5,False,Trend,Trend,False
2023-01-03 00:00:00+09:00,129605.4375,130807.70546875,114659.37669270833,48.53219391505202,-648.4870196697457,0.024769798204998736,0.0353046044916677,1,1,-1,0.5,False,Trend,Trend,False
2023-01-04 00:00:00+09:00,128143.7265625,130668.782421875,115206.25963541666,47.704060616571994,-921.0605215608966,0.023819275975454562,0.03398505250983051,1,1,-1,0.5,False,Trend,Trend,False
2023-01-05 00:00:00+09:00,133990.59375,130822.202734375,115829.578125,61.69869343382001,-705.0127483197848,0.025921600973718022,0.034354882883107965,1,1,-1,0.5,False,Trend,Trend,False
2023-01-06 00:00:00+09:00,133990.59375,130951.377734375,116528.86380208333,59.20802281516219,-565.5587451638526,0.025915726120779668,0.03363118322489041,1,1,-1,0.5,False,Trend,Trend,False
2023-01-09 00:00:00+09:00,141299.171875,131252.023828125,117307.93463541666,68.125831868903,-13.717237964246124,0.02777686798845815,0.034069855220324886,1,1,-1,0.5,False,Trend,Trend,False
2023-01-10 00:00:00+09:00,136426.78125,131672.722265625,118015.49700520834,59.17833865302606,-9.657380486852162,0.025883266825964164,0.034457324141454956,1,1,-1,0.5,False,Trend,Trend,False
2023-01-11 00:00:00+09:00,140324.6875,132167.091796875,118768.628515625,63.45016738810585,210.57259547465992,0.026264026101938436,0.03456556777313013,1,1,1,1.0,False,Trend,Trend,False
2023-01-12 00:00:00+09:00,136426.78125,132515.05546875,119456.794921875,56.05707675648761,56.75851568809048,0.027119573262712443,0.0348452384938718,1,1,1,1.0,False,Trend,Trend,False
2023-01-13 00:00:00+09:00,135939.546875,132984.1265625,120131.99192708333,57.27654655633251,-105.90419660285579,0.02650876273846368,0.03486527847280383,1,1,-1,0.5,False,Trend,Trend,False
2023-01-16 00:00:00+09:00,138862.96875,133502.38984375,120844.59817708333,60.5310884970962,-47.684521109013986,0.02668307561973039,0.03492156829989993,1,1,-1,0.5,False,Trend,Trend,False
2023-01-17 00:00:00+09:00,140811.921875,134142.3453125,121602.61770833333,54.4145781022246,83.84834783340102,0.026709505708125372,0.034885157972142256,1,1,1,1.0,False,Trend,Trend,False
2023-01-18 00:00:00+09:00,139837.453125,134685.0875,122371.87356770833,52.94121086933967,67.68027401761447,0.0268263595832138,0.034789194101397414,1,1,1,1.0,False,Trend,Trend,False
2023-01-19 00:00:00+09:00,143248.109375,135422.6078125,123309.49986979166,61.17645749452195,239.47784388334912,0.027121508562249923,0.03319783627801265,1,1,1,1.0,False,Trend,Trend,False
2023-01-20 00:00:00+09:00,144709.828125,136111.98984375,124222.99869791667,66.26506978377712,395.16026859035765,0.026968574536331683,0.0330418441624646,1,1,1,1.0,False,Trend,Trend,False
2023-01-25 00:00:00+09:00,141883.859375,136732.807421875,125108.79375,64.85852035556726,258.05005294294733,0.02730415616970573,0.033125000070637435,1,1,1,1.0,False,Trend,Trend,False
2023-01-26 00:00:00+09:00,139740.0,137270.676953125,125939.462109375,63.805110536829396,-12.446894762613738,0.027607242692159535,0.03325032103399804,1,1,-1,0.5,False,Trend,Trend,False
2023-01-27 00:00:00+09:00,143637.90625,137591.279296875,126770.442578125,62.04379419661353,33.23157149419512,0.024726553162687112,0.03304201763281725,1,1,1,1.0,False,Trend,Trend,False
2023-01-30 00:00:00+09:00,141006.828125,137771.558984375,127463.82486979167,58.21918685805764,-142.0521501823091,0.02516003713825095,0.032509691933940835,1,1,-1,0.5,False,Trend,Trend,False
2023-01-31 00:00:00+09:00,141786.40625,138161.349609375,128257.48177083333,50.673849671211144,-228.6581486290088,0.02438696176141015,0.031543064255222866,1,1,-1,0.5,False,Trend,Trend,False
2023-02-01 00:00:00+09:00,137791.03125,138473.181640625,128784.12486979166,51.93367840947244,-559.3478336828762,0.02495544995154047,0.028145056299115113,1,1,-1,0.5,False,Trend,Trend,False
2023-02-02 00:00:00+09:00,147048.578125,139345.338671875,129521.63177083334,58.27338433788355,-178.64376540808507,0.02823607137784608,0.028790381989725333,1,1,-1,0.5,False,Trend,Trend,False
2023-02-03 00:00:00+09:00,145781.765625,140227.240625,130141.04557291667,62.30770717179221,-43.241874089492285,0.028153831087575985,0.028116038855584325,1,1,-1,0.5,False,Trend,Trend,False
2023-02-06 00:00:00+09:00,144027.6875,140729.0953125,130723.14322916667,60.297743548405705,-99.68622274624568,0.026937144643966845,0.02820168009988673,1,1,-1,0.5,False,Trend,Trend,False
2023-02-07 00:00:00+09:00,144417.484375,141250.43984375,131327.90078125,57.55967436465935,-136.37287283065234,0.026924848158762848,0.02814683131377412,1,1,-1,0.5,False,Trend,Trend,False
2023-02-08 00:00:00+09:00,145391.96875,141455.0796875,131787.26731770832,56.4032727309268,-121.12839372492772,0.02432087896445503,0.026060455087987558,1,1,-1,0.5,False,Trend,Trend,False
2023-02-09 00:00:00+09:00,145391.96875,141903.3390625,132254.71549479166,57.983181577076344,-136.04686982926523,0.02276357285393689,0.026045433242820073,1,1,-1,0.5,False,Trend,Trend,False
2023-02-10 00:00:00+09:00,149679.65625,142371.0875,132696.645703125,59.016383388014724,104.85142702926123,0.02281599384925836,0.025597233277498518,1,1,1,1.0,False,Trend,Trend,False
2023-02-13 00:00:00+09:00,145294.53125,142814.475,133138.22513020833,50.75759753655787,-60.25517569054273,0.022931627166041843,0.025444738550177672,1,1,-1,0.5,False,Trend,Trend,False
2023-02-14 00:00:00+09:00,148023.046875,143418.65,133657.60611979166,57.97466021616592,-17.069363244039323,0.02312480810608183,0.025384504004887204,1,1,-1,0.5,False,Trend,Trend,False
2023-02-15 00:00:00+09:00,145099.625,143730.4828125,134160.59010416668,56.823826177602186,-206.24831467742433,0.023363983709739237,0.02543216647345324,1,1,-1,0.5,False,Trend,Trend,False
2023-02-16 00:00:00+09:00,145684.3125,143974.10234375,134721.80833333332,52.84553587413159,-306.8024988614079,0.0232064020966282,0.025134999446165582,1,1,-1,0.5,False,Trend,Trend,False
2023-02-17 00:00:00+09:00,142760.875,144120.2734375,135234.30260416667,52.41933850135882,-569.7182563133447,0.023654694535640862,0.02533035694961603,1,1,-1,0.5,False,Trend,Trend,False
2023-02-20 00:00:00+09:00,146074.109375,144261.5734375,135769.69127604167,55.52764112644122,-521.3082917618026,0.023596794397443343,0.025391975804943717,1,1,-1,0.5,False,Trend,Trend,False
2023-02-21 00:00:00+09:00,142955.78125,144173.87109375,136204.61783854166,56.812368047260215,-689.5622527760352,0.0240105047469239,0.025452270129238005,1,1,-1,0.5,False,Trend,Trend,False
2023-02-22 00:00:00+09:00,141006.828125,144130.01953125,136582.8171875,40.12739569056553,-908.5983817092902,0.023795821977434392,0.0255185679885781,1,1,-1,0.5,False,Trend,Trend,False
2023-02-23 00:00:00+09:00,142371.078125,144261.5734375,136943.34583333333,44.44441050951264,-934.4697911680537,0.023624259158063172,0.025432633415275595,1,1,-1,0.5,False,Trend,Trend,False
2023-02-24 00:00:00+09:00,141104.265625,144134.89140625,137193.86328125,45.16129699657436,-1003.6914910787464,0.022859456203867385,0.02491160455246469,1,1,-1,0.5,False,Trend,Trend,False
2023-02-27 00:00:00+09:00,137011.484375,143935.12421875,137368.0859375,39.08047089179164,-1274.514705029934,0.02342700545237112,0.025235437773107872,1,1,-1,0.5,False,Trend,Trend,False
2023-02-28 00:00:00+09:00,134867.609375,143589.184375,137546.98541666666,34.99996214130556,-1530.2213212266618,0.0235776059706594,0.025190033188712053,1,1,-1,0.5,False,Trend,Trend,False
2023-03-02 00:00:00+09:00,140909.375,143745.1015625,137770.009765625,44.549756370389964,-1237.1724379903494,0.02488471949814843,0.025571162127223438,1,1,-1,0.5,False,Trend,Trend,False
2023-03-03 00:00:00+09:00,141981.3125,143491.73828125,137881.594140625,39.845782620021964,-929.8793998420498,0.019945331105081114,0.024451910503091603,1,1,-1,0.5,False,Trend,Trend,False
2023-03-06 00:00:00+09:00,140324.6875,143218.884375,138038.30247395832,42.93627344729932,-801.7783112704682,0.020013286860480425,0.024110323133224455,1,1,-1,0.5,False,Trend,Trend,False
2023-03-07 00:00:00+09:00,137888.484375,142911.92421875,138154.407421875,35.47487284590483,-840.6299756549334,0.020194054760671987,0.024230271885723405,1,1,-1,0.5,False,Trend,Trend,False
2023-03-08 00:00:00+09:00,132236.53125,142302.8765625,138168.23138020834,32.90157226826177,-1185.3934093987505,0.022003854854829287,0.0248457624075083,1,1,-1,0.5,False,Trend,Trend,False
2023-03-09 00:00:00+09:00,130287.578125,141547.65703125,138084.92018229168,30.2500177378668,-1464.8047843125084,0.02195821231065079,0.02462343938357885,1,1,-1,0.5,False,Trend,Trend,False
2023-03-10 00:00:00+09:00,124148.3671875,140485.476953125,138020.51276041666,27.944591178025334,-1952.6814268374458,0.023891049641732248,0.024375664971680845,1,1,-1,0.5,False,Trend,Trend,False
2023-03-13 00:00:00+09:00,127461.59375,139374.573828125,137970.91770833332,27.944577836763358,-1937.9617260875546,0.023675863844277334,0.024496505052635967,1,1,-1,0.5,False,Trend,Trend,False
2023-03-14 00:00:00+09:00,123953.46875,138307.520703125,137879.01705729167,27.68878840281073,-2039.9017193332559,0.023591164537892256,0.02473766203873307,1,1,-1,0.5,False,Trend,Trend,False
2023-03-15 00:00:00+09:00,122979.0,137055.318359375,137819.36497395832,28.33724238204887,-2043.2765143677366,0.02275085162391092,0.024587697982163124,-1,1,-1,-0.19999999999999996,False,MeanReversion,Trend,False
2023-03-16 00:00:00+09:00,121030.046875,135851.839453125,137694.90403645832,24.711356121686833,-2042.2279161070574,0.022669900586185638,0.024580059460461653,-1,1,-1,-0.19999999999999996,False,MeanReversion,Trend,False
2023-03-17 00:00:00+09:00,123173.8984375,134726.31875,137614.25546875,29.185553889052244,-1772.613905738593,0.023275306478725465,0.024693229490794364,-1,1,-1,-0.19999999999999996,False,MeanReversion,Trend,False
2023-03-20 00:00:00+09:00,124538.1640625,133815.183203125,137540.18138020832,34.54106995856084,-1394.513117599421,0.0234853310869944,0.02471676973400833,-1,1,-1,-0.19999999999999996,False,MeanReversion,Trend,False
2023-03-21 00:00:00+09:00,127656.4921875,132894.30234375,137526.16119791666,41.27360912075152,-853.1170385716973,0.023607688305036113,0.02492748905665461,-1,1,-1,-0.19999999999999996,False,MeanReversion,MeanReversion,False
2023-03-22 00:00:00+09:00,123758.5703125,131934.441796875,137406.767578125,28.10946747037208,-683.5677693097377,0.024010499158767355,0.02511721506820889,-1,1,-1,-0.19999999999999996,False,MeanReversion,MeanReversion,True
2023-03-23 00:00:00+09:00,126682.0078125,131218.20078125,137360.342578125,31.353918968507983,-319.0917208096821,0.024895725094440237,0.025273669824187068,-1,1,-1,-0.19999999999999996,False,MeanReversion,MeanReversion,False
2023-03-24 00:00:00+09:00,125220.296875,130360.66171875,137297.63736979166,31.503593925972353,-130.6684343705433,0.024674835876102322,0.025311828507341153,-1,1,-1,-0.19999999999999996,False,MeanReversion,MeanReversion,False
2023-03-27 00:00:00+09:00,127169.25,129663.9109375,137130.02721354167,36.71499530398241,155.4893638167987,0.025141699261502073,0.0240477434389885,-1,1,-1,-0.19999999999999996,False,MeanReversion,MeanReversion,False
2023-03-28 00:00:00+09:00,128923.3046875,129259.501953125,136988.72838541667,45.454541557065475,475.1120412260757,0.0248010493639773,0.024123380587138137,-1,1,1,0.30000000000000004,False,Trend,MeanReversion,False
2023-03-29 00:00:00+09:00,132431.421875,129137.692578125,136962.7421875,52.82050375447725,909.8120022009339,0.025471655488720893,0.02417752106644048,-1,1,1,0.30000000000000004,False,Trend,Trend,False
2023-03-30 00:00:00+09:00,132236.53125,128704.050390625,136974.11119791667,62.61398502187893,1155.4615315539372,0.023196902012316275,0.02406062666190656,-1,1,1,0.30000000000000004,False,Trend,Trend,False
2023-03-31 00:00:00+09:00,133308.453125,128270.407421875,137035.828125,59.80391591770348,1347.9520423253266,0.023209239577929492,0.024000542338208912,-1,1,1,0.30000000000000004,False,Trend,Trend,False
2023-04-03 00:00:00+09:00,132918.65625,127900.105859375,137115.41028645833,66.78831817785485,1400.677108310384,0.023121162789798675,0.023954895331706205,-1,1,1,0.30000000000000004,False,Trend,Trend,False
2023-04-04 00:00:00+09:00,134185.484375,127714.955859375,137118.65846354168,70.75810654833364,1465.5654769912271,0.022999281980830354,0.023280874832864874,-1,1,-1,-0.19999999999999996,False,MeanReversion,Trend,False
2023-04-05 00:00:00+09:00,132431.421875,127724.700390625,137092.672265625,71.27269790756239,1338.5495101386377,0.021161999824727794,0.023342997606287004,-1,1,-1,-0.19999999999999996,False,MeanReversion,Trend,False
2023-04-06 00:00:00+09:00,131067.1640625,127763.6796875,136922.13880208333,65.16853662681729,1119.7356098518978,0.021018619638845507,0.022301295440905988,-1,1,1,0.30000000000000004,False,Trend,Trend,False
2023-04-07 00:00:00+09:00,132821.203125,128197.321484375,136862.04583333334,65.68263139132583,1051.3054472343563,0.017792222563030223,0.02192864523012787,-1,1,1,0.30000000000000004,False,Trend,Trend,False
2023-04-10 00:00:00+09:00,130579.921875,128353.237890625,136699.63307291668,55.72519364272309,823.3519738520895,0.017485982494608168,0.02170398409750652,-1,1,1,0.30000000000000004,False,Trend,Trend,False
2023-04-11 00:00:00+09:00,133503.34375,128830.731640625,136650.90911458334,69.84131478490373,835.0847795664839,0.016661541587444678,0.02161600841947727,-1,1,1,0.30000000000000004,False,Trend,Trend,False
2023-04-12 00:00:00+09:00,132431.421875,129303.352734375,136592.44036458334,62.66097507013278,739.5564170542718,0.016667775990786178,0.021635059948581843,-1,1,1,0.30000000000000004,False,Trend,Trend,False
2023-04-13 00:00:00+09:00,130969.71875,129800.336328125,136460.88619791667,62.660996630735184,555.2460594615264,0.016398289928644758,0.02148757836205592,-1,1,1,0.30000000000000004,False,Trend,Trend,False
2023-04-14 00:00:00+09:00,132528.859375,130268.084375,136322.83515625,62.008748148002915,516.4683936477644,0.01619692927693201,0.021464541228992814,-1,1,1,0.30000000000000004,False,Trend,Trend,False
2023-04-17 00:00:00+09:00,129897.78125,130536.065234375,136157.17395833333,52.100847695994965,302.35348147338766,0.016927725866197438,0.02159229050510508,-1,1,1,0.30000000000000004,False,Trend,Trend,False
2023-04-18 00:00:00+09:00,136621.6875,130984.325,136046.73359375,57.933629878920414,585.8889607505532,0.019518194058889146,0.022370884877094283,-1,1,1,0.30000000000000004,False,Trend,Trend,False
2023-04-19 00:00:00+09:00,138278.28125,131710.310546875,135939.54114583333,60.8391822061954,841.7592609167432,0.017824966777785993,0.022387974896730514,-1,1,1,0.30000000000000004,False,Trend,Trend,False
2023-04-20 00:00:00+09:00,133698.25,132061.12265625,135803.11432291666,50.621129610854716,666.9510416065656,0.019325921067446825,0.022659320146544603,-1,1,1,0.30000000000000004,False,Trend,Trend,False
2023-04-21 00:00:00+09:00,122296.859375,131914.95078125,135512.3953125,37.471239667106296,-205.47773007623212,0.028119956913921048,0.0253011925772059,-1,1,-1,-0.19999999999999996,False,MeanReversion,Trend,False
2023-04-24 00:00:00+09:00,121127.484375,131612.8625,135137.22161458334,34.56216626808798,-815.9757323543042,0.027897489713150196,0.025014005327076146,-1,1,-1,-0.19999999999999996,False,MeanReversion,Trend,False
2023-04-25 00:00:00+09:00,117521.921875,131042.793359375,134745.80651041667,33.11254047062913,-1383.9093098550707,0.0282865354007011,0.025183653852698027,-1,1,-1,-0.19999999999999996,False,MeanReversion,Trend,False
2023-04-26 00:00:00+09:00,117619.375,130302.191015625,134343.02265625,34.31814152543902,-1655.9202983959851,0.02734534191585463,0.025163951922628613,-1,1,-1,-0.19999999999999996,False,MeanReversion,Trend,False
2023-04-27 00:00:00+09:00,117132.140625,129546.971484375,133998.7078125,31.147528056218334,-1761.7326886490462,0.027328915017705516,0.02494152460381952,-1,1,-1,-0.19999999999999996,False,MeanReversion,Trend,False
2023-04-28 00:00:00+09:00,120153.015625,128889.199609375,133550.4484375,37.7011286648433,-1529.9334670647845,0.028069018323724073,0.023607875817704207,-1,1,-1,-0.19999999999999996,False,MeanReversion,Trend,False
2023-05-02 00:00:00+09:00,120250.46875,128255.790234375,133124.92682291666,33.251226857940395,-1281.756052600991,0.028097347605135624,0.02360357492567017,-1,1,-1,-0.19999999999999996,False,MeanReversion,Trend,False
2023-05-03 00:00:00+09:00,112552.09375,127174.120703125,132600.33359375,28.480997885440317,-1530.9131314436322,0.03098659509414479,0.024942535193836903,-1,1,-1,-0.19999999999999996,False,MeanReversion,Trend,False
2023-05-04 00:00:00+09:00,112746.9921875,126189.89921875,132072.49205729167,29.71798675904853,-1571.5090785813004,0.03105490251485247,0.024938348335593146,-1,1,-1,-0.19999999999999996,False,MeanReversion,Trend,False
2023-05-08 00:00:00+09:00,113234.2265625,125298.25234375,131536.5296875,28.000011402128663,-1457.0168585813772,0.031170470872661803,0.02492249431952478,-1,1,-1,-0.19999999999999996,False,MeanReversion,Trend,False
2023-05-09 00:00:00+09:00,112844.4375,124299.4140625,130994.07083333333,29.508203184993448,-1303.9690020882026,0.030810673233545884,0.024916699311344048,-1,1,-1,-0.19999999999999996,False,MeanReversion,Trend,False
2023-05-10 00:00:00+09:00,114013.8046875,123471.108203125,130399.63997395833,18.648611813211403,-1032.3045226015306,0.031002032480339132,0.024607751062418356,-1,1,-1,-0.19999999999999996,False,MeanReversion,Trend,False
2023-05-11 00:00:00+09:00,112941.8828125,122443.03515625,129860.42916666667,14.285717432151259,-841.2155438154641,0.030246338918731613,0.02439409583329407,-1,1,-1,-0.19999999999999996,False,MeanReversion,Trend,False
2023-05-12 00:00:00+09:00,111869.953125,121414.96171875,129257.87760416667,15.853654363487308,-708.7301260799322,0.03024736388536796,0.024218130651462805,-1,1,-1,-0.19999999999999996,False,MeanReversion,Trend,False
2023-05-15 00:00:00+09:00,113234.2265625,120528.187109375,128726.78763020833,29.333349961428752,-462.83325824920576,0.030583564085785872,0.02422905689013304,-1,1,-1,-0.19999999999999996,False,MeanReversion,Trend,False
2023-05-16 00:00:00+09:00,113039.328125,119553.710546875,128182.70455729167,30.69769054822912,-257.1904267163409,0.030286523769037822,0.024207630316513695,-1,1,-1,-0.19999999999999996,False,MeanReversion,Trend,False
2023-05-17 00:00:00+09:00,112649.546875,118691.298828125,127680.84908854167,36.263766759964795,-99.40895912751421,0.030164696072532478,0.024115918686944297,-1,1,-1,-0.19999999999999996,False,MeanReversion,Trend,False
2023-05-18 00:00:00+09:00,112357.1953125,117478.07421875,127118.90052083334,35.326081036508825,26.54707568633421,0.0270001917845765,0.02385723254739522,-1,1,-1,-0.19999999999999996,False,MeanReversion,Trend,False
2023-05-19 00:00:00+09:00,113526.5703125,116240.488671875,126628.413671875,40.3141282142442,219.1761905240346,0.026930494594679683,0.02382307246701621,-1,1,-1,-0.19999999999999996,False,MeanReversion,MeanReversion,False
2023-05-22 00:00:00+09:00,114793.390625,115295.245703125,126191.523046875,34.104057493359235,449.2159490649419,0.02670632521408193,0.023864007133989115,-1,1,-1,-0.19999999999999996,False,MeanReversion,MeanReversion,False
2023-05-23 00:00:00+09:00,115183.1796875,114939.56171875,125738.39140625,35.22725564534828,633.6509705639501,0.018638457946308435,0.023819704390939073,-1,1,-1,-0.19999999999999996,False,MeanReversion,MeanReversion,False
2023-05-24 00:00:00+09:00,112552.09375,114510.7921875,125262.521875,50.0,585.6040338827556,0.019128494556725446,0.02394412901070629,-1,1,1,0.30000000000000004,False,Trend,MeanReversion,False
2023-05-25 00:00:00+09:00,110603.140625,114164.853125,124822.3828125,42.25351158446011,436.55802201122015,0.01839555895371186,0.023775964358825705,-1,1,-1,-0.19999999999999996,False,MeanReversion,MeanReversion,False
2023-05-26 00:00:00+09:00,110992.9375,113833.53125,124424.47161458334,41.8440051013881,380.2795419315371,0.018435064671046473,0.023738551528926913,-1,1,-1,-0.19999999999999996,False,MeanReversion,MeanReversion,False
2023-05-30 00:00:00+09:00,106997.578125,113326.803125,123859.275,33.146087152347704,104.37900314569742,0.01992430025702071,0.023303622088137337,-1,1,-1,-0.19999999999999996,False,MeanReversion,MeanReversion,True
2023-05-31 00:00:00+09:00,101832.84375,112410.79453125,123190.13385416666,21.461222986634127,-369.5779065923225,0.021004879440127043,0.023953644539906845,-1,1,-1,-0.19999999999999996,False,MeanReversion,MeanReversion,True
2023-06-01 00:00:00+09:00,102222.640625,111509.403125,122555.09973958334,24.056656752428296,-587.5075574842595,0.02108400700971273,0.02396961967791787,-1,1,-1,-0.19999999999999996,False,MeanReversion,MeanReversion,True
2023-06-02 00:00:00+09:00,101832.84375,110973.440625,121954.17239583333,24.878100860685365,-681.9528534800829,0.016062008853900717,0.023916295652597314,-1,1,-1,-0.19999999999999996,False,MeanReversion,MeanReversion,True
2023-06-05 00:00:00+09:00,103879.25,110530.053515625,121481.55104166667,27.358533020464435,-537.0224691162157,0.01695189101348168,0.023632750474789552,-1,1,-1,-0.19999999999999996,False,MeanReversion,MeanReversion,True
2023-06-07 00:00:00+09:00,104463.9296875,110091.538671875,121051.15690104167,29.629650249773874,-341.71352753831343,0.0169882956727776,0.023621514839128766,-1,1,-1,-0.19999999999999996,False,MeanReversion,MeanReversion,True
2023-06-08 00:00:00+09:00,102417.5390625,109570.19375,120688.97643229166,27.46783434373046,-292.19662617666836,0.017347709759058624,0.022988025825702408,-1,1,-1,-0.19999999999999996,False,MeanReversion,MeanReversion,True
2023-06-09 00:00:00+09:00,104463.9296875,109092.7,120305.68203125,33.86453941484605,-74.79739584549316,0.017903845770081684,0.022860477073171417,-1,1,-1,-0.19999999999999996,False,MeanReversion,MeanReversion,False
2023-06-12 00:00:00+09:00,101053.2734375,108498.26953125,119924.012109375,26.64234025146854,-111.6547055374449,0.019011187095643086,0.022966778600963397,-1,1,-1,-0.19999999999999996,False,MeanReversion,MeanReversion,True
2023-06-13 00:00:00+09:00,101345.6015625,107972.051953125,119563.45546875,23.863594607751295,-69.37267204513046,0.019077350339653316,0.022973241996234264,-1,1,-1,-0.19999999999999996,False,MeanReversion,MeanReversion,True
2023-06-14 00:00:00+09:00,100078.7890625,107314.280078125,119214.26783854167,21.61169009352733,-79.0467233906902,0.018710695609426745,0.022945462730586473,-1,1,-1,-0.19999999999999996,False,MeanReversion,MeanReversion,True
2023-06-15 00:00:00+09:00,100663.4765625,106695.4875,118839.094140625,25.7936244082196,-2.440144368325491,0.018880577330783705,0.022815458899680556,-1,1,-1,-0.19999999999999996,False,MeanReversion,MeanReversion,True
2023-06-16 00:00:00+09:00,102027.7421875,106164.397265625,118463.92044270833,32.11379503974183,173.98603505981555,0.01936379068801558,0.02284376221031627,-1,1,-1,-0.19999999999999996,False,MeanReversion,MeanReversion,False
2023-06-19 00:00:00+09:00,101248.15625,105608.9453125,118023.78151041667,29.999948690353335,266.5165066809732,0.019364559841499047,0.02255043709851166,-1,1,-1,-0.19999999999999996,False,MeanReversion,MeanReversion,False
2023-06-20 00:00:00+09:00,101443.046875,105004.769140625,117651.85611979167,36.49283283090071,363.19354639124504,0.019097956134633533,0.022277609359400524,-1,1,-1,-0.19999999999999996,False,MeanReversion,MeanReversion,False
2023-06-21 00:00:00+09:00,100078.7890625,104269.0390625,117208.469140625,44.76743508556209,357.07260208966363,0.018753917848083387,0.022037058204617217,-1,1,-1,-0.19999999999999996,False,MeanReversion,MeanReversion,False
2023-06-22 00:00:00+09:00,99883.890625,103504.074609375,116786.195703125,42.94113430425749,360.6526857392473,0.018637995111418726,0.022015293074340463,-1,1,-1,-0.19999999999999996,False,MeanReversion,MeanReversion,False
2023-06-23 00:00:00+09:00,98519.625,102802.451171875,116308.701953125,40.55552635728176,294.6772293931472,0.01833065390407544,0.02190584651642725,-1,1,-1,-0.19999999999999996,False,MeanReversion,MeanReversion,False
2023-06-26 00:00:00+09:00,98811.9609375,102212.8921875,115806.84622395833,33.95050639269745,293.6130631159913,0.018265710267711805,0.021800307620485973,-1,1,-1,-0.19999999999999996,False,MeanReversion,MeanReversion,False
2023-06-27 00:00:00+09:00,99299.203125,101628.20546875,115254.642578125,33.54030215223338,345.0590792439075,0.01830530383790647,0.021447976837002534,-1,1,-1,-0.19999999999999996,False,MeanReversion,MeanReversion,False
2023-06-28 00:00:00+09:00,96863.0078125,101121.476953125,114665.08385416666,32.72717201596822,239.36716422926747,0.017417844377714986,0.02159818264536801,-1,1,-1,-0.19999999999999996,False,MeanReversion,MeanReversion,False
2023-06-29 00:00:00+09:00,95498.7421875,100804.771875,114034.92200520834,20.885986027838783,108.5872653215365,0.014154613062359999,0.021557653958189385,-1,1,-1,-0.19999999999999996,False,MeanReversion,MeanReversion,True
2023-06-30 00:00:00+09:00,95108.9609375,100449.087890625,113404.76041666667,25.98415255564028,30.880226445619428,0.014057982082733234,0.021555772744351387,-1,1,-1,-0.19999999999999996,False,MeanReversion,MeanReversion,True
2023-07-03 00:00:00+09:00,94914.0625,100103.148828125,112750.23671875,23.80950260016175,2.878342957622408,0.014062130268358411,0.02147040505199308,-1,1,-1,-0.19999999999999996,False,MeanReversion,MeanReversion,True
2023-07-04 00:00:00+09:00,95303.8515625,99674.37890625,112131.44388020833,29.059788649105712,44.80542290880794,0.013087593529356489,0.021485346092427925,-1,1,-1,-0.19999999999999996,False,MeanReversion,MeanReversion,False
2023-07-05 00:00:00+09:00,93744.6796875,99138.41640625,111509.40247395834,22.04717102621791,3.8844810571226844,0.013139117881722237,0.021523534021459696,-1,1,-1,-0.19999999999999996,False,MeanReversion,MeanReversion,True
2023-07-06 00:00:00+09:00,92575.3125,98646.305078125,110838.63763020834,11.199933810555805,-61.9512814538507,0.012818431915053179,0.021397549713698828,-1,1,-1,-0.19999999999999996,False,MeanReversion,MeanReversion,True
2023-07-07 00:00:00+09:00,92282.96875,98037.25703125,110200.355078125,11.666602084187929,-83.84116501802646,0.011430253057153558,0.021351517289245024,-1,1,-1,-0.19999999999999996,False,MeanReversion,MeanReversion,True
2023-07-10 00:00:00+09:00,92575.3125,97613.358984375,109518.22122395833,12.396671764060471,-39.53463787597593,0.009665987153033547,0.021069510132089277,-1,1,-1,-0.19999999999999996,False,MeanReversion,MeanReversion,True
2023-07-11 00:00:00+09:00,96278.328125,97359.9953125,108915.66966145833,36.5517195621656,261.69111424119546,0.013683408572863778,0.021864202219519638,-1,1,-1,-0.19999999999999996,False,MeanReversion,MeanReversion,False
2023-07-12 00:00:00+09:00,101443.046875,97428.208203125,108423.55846354166,54.08161762720849,800.844139190749,0.01814002113438985,0.023076243402787782,-1,1,1,0.30000000000000004,False,Trend,MeanReversion,False
2023-07-13 00:00:00+09:00,100858.375,97437.953125,107895.71705729167,56.383002313880986,1092.1241130084109,0.018152284645433357,0.0229798948768412,-1,1,1,0.30000000000000004,False,Trend,Trend,False
2023-07-14 00:00:00+09:00,103002.21875,97486.676953125,107447.45768229167,60.38650317916042,1384.411004040695,0.018520900023526066,0.02312186196117033,-1,1,1,0.30000000000000004,False,Trend,Trend,False
2023-07-17 00:00:00+09:00,104366.484375,97642.593359375,106909.87096354166,62.03705696989493,1609.1006420501735,0.01862406880917101,0.022115648808587525,-1,1,1,0.30000000000000004,False,Trend,Trend,False
2023-07-18 00:00:00+09:00,102904.7734375,97715.6796875,106320.3125,65.04859318714642,1595.6283412618163,0.018947680787666146,0.0220417466901205,-1,1,1,0.30000000000000004,False,Trend,Trend,False
2023-07-19 00:00:00+09:00,103099.6640625,97866.7234375,105810.33606770834,70.10314007346014,1535.6706733109854,0.018648476395624516,0.02173133495125483,-1,1,-1,-0.19999999999999996,False,MeanReversion,Trend,False
2023-07-20 00:00:00+09:00,99396.65625,97842.36171875,105428.666015625,59.64913082661928,1197.4650816447768,0.020499930524863444,0.01916260128000649,-1,1,1,0.30000000000000004,False,Trend,Trend,False
2023-07-21 00:00:00+09:00,100566.03125,97944.68203125,105085.97513020833,62.18489801060552,1010.803201100982,0.02040694005184085,0.01924387164685445,-1,1,1,0.30000000000000004,False,Trend,Trend,False
2023-07-24 00:00:00+09:00,99006.859375,97954.426953125,104777.39075520834,57.59999846071109,752.4777948821111,0.02073483517093242,0.018985809154210987,-1,1,1,0.30000000000000004,False,Trend,Trend,False
2023-07-25 00:00:00+09:00,97252.8046875,97852.10703125,104437.94791666667,57.1428844120196,448.62490886269154,0.021079521754888007,0.019077593263000105,-1,1,1,0.30000000000000004,False,Trend,Trend,False
2023-07-26 00:00:00+09:00,95108.9609375,97764.4046875,104070.894921875,54.961855886825006,106.26681663115573,0.020935258299862106,0.019236488797709526,-1,1,1,0.30000000000000004,False,Trend,Trend,False
2023-07-27 00:00:00+09:00,108459.296875,98412.432421875,103875.999609375,70.95963011071737,746.2815308870455,0.03597251709807888,0.02570553109099633,-1,-1,-1,-1.0,True,Defensive,Trend,False
2023-07-28 00:00:00+09:00,107972.0546875,99055.587109375,103671.359375,69.84927194200434,1083.6950242318887,0.03597894558182824,0.025705864222361135,-1,-1,1,-0.5,True,Defensive,Defensive,False
2023-07-31 00:00:00+09:00,109823.5625,99801.062109375,103625.88385416666,68.3377550938385,1360.5397628833684,0.03599724960170645,0.02438457968520158,-1,-1,1,-0.5,True,Defensive,Defensive,False
2023-08-01 00:00:00+09:00,110408.2421875,100556.281640625,103586.9046875,63.85544728942538,1500.9615641159771,0.03599260649372795,0.02439427896968123,-1,-1,1,-0.5,True,Defensive,Defensive,False
2023-08-02 00:00:00+09:00,116547.4453125,101696.419921875,103642.125,70.69408729763714,1899.5706826530636,0.03697939485999922,0.025382806040210117,-1,-1,-1,-1.0,True,Defensive,Defensive,False
2023-08-03 00:00:00+09:00,114403.6015625,102787.834375,103668.11106770833,65.03857185518967,1906.1766544088935,0.03720376729713751,0.025497241226261604,-1,-1,1,-0.5,True,Defensive,Defensive,False
2023-08-04 00:00:00+09:00,118204.0625,104083.8890625,103737.94869791667,67.14977267384283,2041.7434281712544,0.037369558957737234,0.025808805025573568,1,-1,1,0.19999999999999996,True,Defensive,Defensive,False
2023-08-07 00:00:00+09:00,120250.46875,105467.646875,103859.75846354167,71.1904874162664,2134.440481311588,0.03731896206343716,0.02586180286056654,1,-1,-1,-0.30000000000000004,True,Defensive,Defensive,False
2023-08-08 00:00:00+09:00,115378.078125,106422.634375,103918.22721354167,63.46154274418858,1749.0020167890157,0.038673384812478694,0.02640322474791381,1,-1,1,0.19999999999999996,True,Defensive,Defensive,False
2023-08-09 00:00:00+09:00,118009.1640625,107250.940234375,103997.80950520834,70.89715086975232,1558.950809383111,0.037478666145128424,0.026514985455959525,1,-1,-1,-0.30000000000000004,True,Defensive,Defensive,False
2023-08-10 00:00:00+09:00,127169.25,108566.483984375,104233.308203125,75.32467107494267,1914.4397106223046,0.04019750457497917,0.028182944286392727,1,-1,-1,-0.30000000000000004,True,Defensive,Defensive,False
2023-08-11 00:00:00+09:00,127071.796875,109769.962890625,104473.67903645833,77.48091649770534,1998.069356450148,0.040223521166761124,0.02817632352106006,1,-1,-1,-0.30000000000000004,True,Defensive,Defensive,False
2023-08-14 00:00:00+09:00,128241.171875,110963.697265625,104738.41197916666,80.69497597417683,1983.2108907142238,0.04021955031208828,0.028184634056488127,1,-1,-1,-0.30000000000000004,True,Defensive,Defensive,False
2023-08-16 00:00:00+09:00,123856.0234375,112011.259765625,104910.56953125,77.26431003873707,1548.4040418242676,0.04113586186718105,0.02856345987779538,1,-1,-1,-0.30000000000000004,True,Defensive,Defensive,False
2023-08-17 00:00:00+09:00,120055.5703125,112859.055078125,104998.27252604166,63.43114642102549,906.9597384962381,0.0421005485359323,0.028841304522976348,1,-1,1,0.19999999999999996,True,Defensive,Defensive,False
2023-08-18 00:00:00+09:00,118886.1875,113833.531640625,105059.98932291666,62.44443023137939,335.46626825668864,0.04103321569793391,0.028870998797734727,1,-1,1,0.19999999999999996,True,Defensive,Defensive,False
2023-08-21 00:00:00+09:00,116937.2421875,114652.0921875,105133.07513020834,58.093123390243036,-212.73919595075768,0.041417466306013145,0.028792105811426886,1,-1,-1,-0.30000000000000004,True,Defensive,Defensive,False
2023-08-22 00:00:00+09:00,115670.421875,115485.2703125,105217.52981770833,55.89519979344539,-673.5938532486844,0.04129146202848102,0.028734483996573724,1,-1,-1,-0.30000000000000004,True,Defensive,Defensive,False
2023-08-23 00:00:00+09:00,118983.6328125,116571.81171875,105350.70807291666,52.91374698937479,-761.7178031478143,0.041070566319300256,0.028951343300168,1,-1,-1,-0.30000000000000004,True,Defensive,Defensive,False
2023-08-24 00:00:00+09:00,120932.6015625,117862.99375,105582.95846354167,57.84543448644637,-696.9284039062131,0.0403697902941665,0.028583322965065838,1,-1,-1,-0.30000000000000004,True,Defensive,Defensive,False
2023-08-25 00:00:00+09:00,124050.921875,118642.575,105953.259765625,57.14285168903506,-463.4785215078118,0.029328029286239905,0.027923783087775874,1,1,-1,0.5,False,Trend,Defensive,False
2023-08-28 00:00:00+09:00,128143.7265625,119651.15859375,106385.27786458333,59.18366456518763,-73.30766681432488,0.02974554117473266,0.028176657701726514,1,1,-1,0.5,False,Trend,Trend,False
2023-08-29 00:00:00+09:00,127851.3828125,120552.549609375,106818.92018229167,66.24365167200702,114.95661042050415,0.029770186651524796,0.02817034267452384,1,1,1,1.0,False,Trend,Trend,False
2023-08-30 00:00:00+09:00,129800.328125,121522.15390625,107250.93815104167,65.6330656747257,309.57245452039933,0.029811371437836683,0.028130843434877525,1,1,1,1.0,False,Trend,Trend,False
2023-08-31 00:00:00+09:00,130482.46875,122218.905078125,107684.58046875,55.66666096560335,416.4171596324186,0.02777372220516416,0.028130459406344205,1,1,1,1.0,False,Trend,Trend,False
2023-09-01 00:00:00+09:00,129897.78125,122993.6140625,108142.58450520833,54.75410042903428,380.85252890654556,0.027302230028898453,0.027982907318900213,1,1,1,1.0,False,Trend,Trend,False
2023-09-04 00:00:00+09:00,130287.578125,123597.78984375,108572.97864583334,53.53536116992732,319.214118402615,0.026593228256132476,0.027905843602922382,1,1,1,1.0,False,Trend,Trend,False
2023-09-05 00:00:00+09:00,128338.625,124002.19765625,109027.73450520834,58.455896548481924,94.48324039831368,0.026784858821191956,0.027596313742293318,1,1,1,1.0,False,Trend,Trend,False
2023-09-06 00:00:00+09:00,128143.7265625,124640.480078125,109474.369921875,67.65956111227104,-108.96574668609719,0.024691649730802505,0.02760514597980343,1,1,-1,0.5,False,Trend,Trend,False
2023-09-07 00:00:00+09:00,127169.25,125098.484375,109925.87760416667,68.24036225002409,-337.9130244768239,0.024500172650165842,0.027562430988119543,1,1,-1,0.5,False,Trend,Trend,False
2023-09-08 00:00:00+09:00,126779.453125,125078.99453125,110361.14388020833,73.27185892535917,-532.7572784056247,0.017924906080733334,0.02757632593304925,1,1,-1,0.5,False,Trend,Trend,False
2023-09-11 00:00:00+09:00,126779.453125,125064.37734375,110773.67239583333,77.94114179448202,-669.922172378202,0.01792434562326684,0.02755150446762388,1,1,-1,0.5,False,Trend,Trend,False
2023-09-12 00:00:00+09:00,123953.46875,124849.9921875,111152.09427083333,62.81406225387168,-942.5651832243593,0.018454876978596872,0.027721182392745326,1,1,-1,0.5,False,Trend,Trend,False
2023-09-13 00:00:00+09:00,124050.921875,124859.737109375,111528.8921875,58.888863649826725,-1097.1156076489824,0.016731376321760524,0.02772257861682013,1,1,-1,0.5,False,Trend,Trend,False
2023-09-14 00:00:00+09:00,123661.125,125040.01484375,111921.93111979167,48.684192482275336,-1198.140706408999,0.015067965122816841,0.027647607670186827,1,1,-1,0.5,False,Trend,Trend,False
2023-09-15 00:00:00+09:00,125220.296875,125356.7203125,112344.20455729167,38.09527748385287,-1133.211827879793,0.015015902819242073,0.02766218756115584,1,1,-1,0.5,False,Trend,Trend,False
2023-09-18 00:00:00+09:00,125025.3984375,125761.128125,112785.96744791667,38.40003129874395,-1077.0277410856388,0.014371680080752361,0.027575940459392042,1,1,-1,0.5,False,Trend,Trend,False
2023-09-19 00:00:00+09:00,122784.1015625,126116.812109375,113185.503125,21.87513505354228,-1157.4115864449086,0.014829702027569511,0.027722527872533473,1,1,-1,0.5,False,Trend,Trend,False
2023-09-20 00:00:00+09:00,120542.8046875,126194.770703125,113539.56315104167,14.583436562758024,-1316.541736789918,0.014308530394795287,0.027867389137940752,1,1,-1,0.5,False,Trend,Trend,False
2023-09-21 00:00:00+09:00,119470.875,126121.684375,113916.3609375,14.09405723239037,-1439.0597331208974,0.013967695993288782,0.027670777181664122,1,1,-1,0.5,False,Trend,Trend,False
2023-09-22 00:00:00+09:00,118691.296875,125853.703125,114302.903515625,11.111180976933795,-1510.2702428363018,0.012589481139369686,0.027605550010691777,1,1,-1,0.5,False,Trend,Trend,False
2023-09-25 00:00:00+09:00,121712.1796875,125532.12578125,114746.29049479167,29.268336798448587,-1299.6104915019512,0.011594820374671154,0.027724689979706906,1,1,-1,0.5,False,Trend,Trend,False
2023-09-26 00:00:00+09:00,119373.4296875,125108.228125,115153.94661458333,25.806494715608352,-1262.400223359627,0.012188852200593089,0.027880107507157643,1,1,-1,0.5,False,Trend,Trend,False
2023-09-27 00:00:00+09:00,118886.1875,124562.52109375,115546.985546875,26.51937347907625,-1214.8191861500045,0.011379365606741701,0.027898763659996172,1,1,-1,0.5,False,Trend,Trend,False
2023-10-04 00:00:00+09:00,118593.8515625,123968.090234375,115961.13841145833,26.666723083343612,-1148.0249482023144,0.011164485409205279,0.02778530879117441,1,1,-1,0.5,False,Trend,Trend,False
2023-10-05 00:00:00+09:00,118009.1640625,123373.659375,116385.0359375,25.806505838910468,-1088.7303252326737,0.011164333714494183,0.027726152806635644,1,1,-1,0.5,False,Trend,Trend,False
2023-10-06 00:00:00+09:00,113039.328125,122511.246875,116730.97526041667,23.07697348033419,-1314.6131298916116,0.01388457729409,0.028371916286893537,1,1,-1,0.5,False,Trend,Trend,False
2023-10-10 00:00:00+09:00,112746.9921875,121731.665234375,117067.169921875,22.380990739471713,-1405.895079760367,0.013787603460753129,0.028382383896108743,1,1,-1,0.5,False,Trend,Trend,False
2023-10-11 00:00:00+09:00,110992.9375,120874.12578125,117312.41341145833,20.98218983243511,-1498.1058273635035,0.013882918330981238,0.02808767010511836,1,1,-1,0.5,False,Trend,Trend,False
2023-10-12 00:00:00+09:00,109921.0078125,120011.713671875,117453.71276041666,14.155264848599117,-1539.1187774845084,0.013894164775445236,0.027351923729848286,1,1,-1,0.5,False,Trend,Trend,False
2023-10-13 00:00:00+09:00,111187.828125,119232.132421875,117625.8703125,19.1304493316337,-1393.1304491146752,0.014493200155697692,0.027366426262978753,1,1,-1,0.5,False,Trend,Trend,False
2023-10-16 00:00:00+09:00,107387.359375,118262.527734375,117698.95598958334,17.886186280628394,-1457.7936153737146,0.015700613795742138,0.027642689308339213,1,1,-1,0.5,False,Trend,Trend,False
2023-10-17 00:00:00+09:00,108264.3984375,117478.07421875,117763.92122395833,22.844865419637088,-1349.2690798289996,0.015734408101651606,0.027611887988954507,-1,1,-1,-0.19999999999999996,False,MeanReversion,Trend,False
2023-10-18 00:00:00+09:00,108069.5,116679.003125,117850.0,23.766856608725348,-1203.2161733251305,0.015679579086650252,0.027546359478938548,-1,1,-1,-0.19999999999999996,False,MeanReversion,Trend,False
2023-10-19 00:00:00+09:00,105925.6484375,115792.229296875,117897.09973958334,22.362903168517988,-1162.932807932366,0.015920048180323117,0.027677011444219003,-1,1,-1,-0.19999999999999996,False,MeanReversion,Trend,False
2023-10-20 00:00:00+09:00,104366.484375,114749.538671875,117979.93020833333,9.909944721652735,-1151.0915129707123,0.015247882883955228,0.02732400766615169,-1,1,-1,-0.19999999999999996,False,MeanReversion,Trend,False
2023-10-23 00:00:00+09:00,107484.8125,113872.509375,118095.24322916666,23.478290876908375,-856.5677026579724,0.017469444826610583,0.02753898549036927,-1,1,-1,-0.19999999999999996,False,MeanReversion,Trend,False
2023-10-24 00:00:00+09:00,109043.96875,113185.502734375,118262.52838541666,29.04565033126329,-497.8538085001692,0.017942898817586518,0.027502535820994847,-1,1,-1,-0.19999999999999996,False,MeanReversion,Trend,False
2023-10-25 00:00:00+09:00,115767.875,112946.75625,118571.112890625,45.276889381347914,213.02580030210856,0.022919163929075816,0.02838506641820095,-1,1,1,0.30000000000000004,False,Trend,Trend,False
2023-10-26 00:00:00+09:00,115475.53125,112746.9890625,118910.55572916666,45.723701300328145,659.1243600433409,0.02286218785219878,0.02820182073625283,-1,1,1,0.30000000000000004,False,Trend,Trend,False
2023-10-27 00:00:00+09:00,114013.8046875,112513.114453125,119003.130859375,51.865667958278735,839.7485073039575,0.022972935278415832,0.022706729794046667,-1,1,1,0.30000000000000004,False,Trend,Trend,False
2023-10-30 00:00:00+09:00,110895.484375,111972.2796875,119051.8546875,46.80134870998767,736.8759199173542,0.022725401295505966,0.022995420898490132,-1,1,1,0.30000000000000004,False,Trend,Trend,False
2023-10-31 00:00:00+09:00,123173.8984375,112162.303125,119274.36028645834,65.43207774816176,1442.60995147544,0.03312406125708269,0.026594543220152502,-1,1,1,0.30000000000000004,False,Trend,Trend,False
2023-11-01 00:00:00+09:00,131262.0625,112781.096875,119621.92395833334,72.95595983241714,2347.46723666881,0.03586061917944228,0.027759860112944682,-1,1,-1,-0.19999999999999996,False,MeanReversion,Trend,False
2023-11-02 00:00:00+09:00,127461.59375,113224.483984375,119803.82643229167,66.60037806339733,2565.6418807307546,0.036649982994349364,0.027236019462970714,-1,-1,1,-0.5,True,Defensive,Trend,False
2023-11-03 00:00:00+09:00,129897.78125,113818.91484375,120062.06276041667,73.61961369644355,2734.141288313402,0.03674561223552282,0.027198166060016175,-1,-1,-1,-1.0,True,Defensive,Defensive,False
2023-11-06 00:00:00+09:00,139642.5625,115149.0765625,120419.37109375,77.75860274409246,3322.857920523918,0.037880220209096975,0.02840845870984899,-1,-1,-1,-1.0,True,Defensive,Defensive,False
2023-11-07 00:00:00+09:00,139934.90625,116508.472265625,120747.44505208333,78.14112219739047,3533.291125523703,0.03780904514935646,0.028345658850534305,-1,-1,-1,-1.0,True,Defensive,Defensive,False
2023-11-08 00:00:00+09:00,139155.3125,117916.591015625,121143.73229166666,80.07051666265811,3419.1307183902286,0.037503106485517766,0.02777736766807406,-1,-1,-1,-1.0,True,Defensive,Defensive,False
2023-11-09 00:00:00+09:00,141299.171875,119485.49921875,121531.89908854167,83.07152495266686,3286.2808589696683,0.037181171976502954,0.027707046950749086,-1,-1,-1,-1.0,True,Defensive,Defensive,False
2023-11-10 00:00:00+09:00,134672.71875,120659.74375,121656.95690104166,72.9063754072403,2581.4900685605035,0.03957608811365313,0.026838370129480447,-1,-1,-1,-1.0,True,Defensive,Defensive,False
2023-11-13 00:00:00+09:00,133503.34375,121965.54296875,121764.14934895834,70.7437758071441,1897.5383199495677,0.038451818916813915,0.026866652104051866,1,-1,-1,-0.30000000000000004,True,Defensive,Defensive,False
2023-11-14 00:00:00+09:00,130482.46875,123076.446484375,121801.504296875,63.31567400583566,1140.018681635228,0.0391872440966878,0.027016241600419082,1,-1,1,0.19999999999999996,True,Defensive,Defensive,False
2023-11-15 00:00:00+09:00,132528.859375,124299.414453125,121946.0515625,64.95723520568352,696.8812674374713,0.0391198519911549,0.026688104084283393,1,-1,1,0.19999999999999996,True,Defensive,Defensive,False
2023-11-16 00:00:00+09:00,130579.921875,125532.128125,122121.457421875,64.40678150350314,217.46169572670988,0.03892434045555083,0.02643505602789648,1,-1,1,0.19999999999999996,True,Defensive,Defensive,False
2023-11-17 00:00:00+09:00,132236.53125,126925.63046875,122343.96315104167,69.04347006492053,-29.964924103594967,0.03846686736933747,0.026432502844391234,1,-1,-1,-0.30000000000000004,True,Defensive,Defensive,False
2023-11-20 00:00:00+09:00,132236.53125,128163.21640625,122598.95130208334,60.356338530889204,-224.66498792860693,0.03832067485380777,0.026324425867347373,1,-1,-1,-0.30000000000000004,True,Defensive,Defensive,False
2023-11-21 00:00:00+09:00,131067.1640625,129264.376171875,122855.563671875,49.735445695581525,-450.22479395906703,0.038544528565412337,0.02630895094471749,1,-1,-1,-0.30000000000000004,True,Defensive,Defensive,False
2023-11-22 00:00:00+09:00,129020.7578125,129927.0203125,123022.84908854167,52.222222964548074,-738.2471014683433,0.036992102514043,0.026180124004981712,1,-1,-1,-0.30000000000000004,True,Defensive,Defensive,False
2023-11-23 00:00:00+09:00,128728.4140625,130589.664453125,123152.779296875,48.224860702579406,-936.6983040944474,0.03698920786778177,0.026110577264886293,1,-1,-1,-0.30000000000000004,True,Defensive,Defensive,False
2023-11-24 00:00:00+09:00,126682.0078125,131223.074609375,123196.63072916666,24.32431010215791,-1178.4101795242523,0.037081343855440915,0.02600206027799131,1,-1,-1,-0.30000000000000004,True,Defensive,Defensive,False
2023-11-27 00:00:00+09:00,130969.71875,132226.786328125,123243.73059895834,34.66667771247094,-1027.6516742283766,0.03673188071210468,0.026019555860659363,1,-1,-1,-0.30000000000000004,True,Defensive,Defensive,False
2023-11-28 00:00:00+09:00,129800.328125,132558.1078125,123276.21302083334,34.2105304798032,-984.7205945690093,0.028960712293807835,0.026045383737097385,1,1,-1,0.5,False,Trend,Defensive,False
2023-11-29 00:00:00+09:00,129507.984375,132470.40390625,123271.340625,28.77191274901587,-953.4087144256237,0.025156636826767092,0.02597368024269985,1,1,-1,0.5,False,Trend,Defensive,False
2023-11-30 00:00:00+09:00,125999.8828125,132397.318359375,123196.630859375,32.411078841921636,-1134.0700836173064,0.025044780961738598,0.026203141341674896,1,1,-1,0.5,False,Trend,Defensive,False
2023-12-01 00:00:00+09:00,124733.0625,132139.082421875,123110.55221354167,32.283479230280236,-1292.5035029334726,0.024693479205338046,0.02622734612112721,1,1,-1,0.5,False,Trend,Defensive,False
2023-12-04 00:00:00+09:00,123953.46875,131354.627734375,123004.98372395833,35.49782843641174,-1394.6599943568383,0.017417774894943602,0.026232634778731757,1,1,-1,0.5,False,Trend,Defensive,False
2023-12-05 00:00:00+09:00,127948.828125,130755.323828125,122998.487109375,40.63747883130265,-1148.2829200420488,0.019297539701864732,0.026496376598544036,1,1,-1,0.5,False,Trend,Defensive,False
2023-12-06 00:00:00+09:00,124830.5,130039.083203125,122943.26666666666,38.78327100513218,-1147.729000624592,0.019820175357977823,0.026686063735116214,1,1,-1,0.5,False,Trend,Defensive,False
2023-12-07 00:00:00+09:00,122394.3125,129093.840234375,122863.684375,31.365334721782588,-1255.1327820452882,0.01943573429192019,0.026786604536641497,1,1,-1,0.5,False,Trend,Defensive,False
2023-12-08 00:00:00+09:00,122199.4140625,128470.175,122787.350390625,31.135548777067655,-1278.677541758343,0.016908201140381128,0.02678501073094295,1,1,-1,0.5,False,Trend,Defensive,False
2023-12-11 00:00:00+09:00,124148.3671875,128002.426171875,122743.49895833334,37.36654794117211,-1108.6968730161097,0.01749376501950868,0.02686891468311997,1,1,-1,0.5,False,Trend,Defensive,False
2023-12-12 00:00:00+09:00,123758.5703125,127666.23125,122740.25065104167,39.77272106112499,-973.0554992775374,0.01689688689948931,0.026713603068249527,1,1,-1,0.5,False,Trend,Defensive,False
2023-12-13 00:00:00+09:00,128630.9609375,127471.336328125,122816.58463541667,49.83921959247309,-528.0095722004143,0.018874839766178875,0.027175513644401367,1,1,-1,0.5,False,Trend,Trend,False
2023-12-14 00:00:00+09:00,133308.453125,127607.762890625,122977.3734375,60.059160580106706,76.40056950357187,0.020324224637650896,0.027545259434463648,1,1,1,1.0,False,Trend,Trend,False
2023-12-15 00:00:00+09:00,131067.1640625,127549.29453125,123074.82122395834,50.15772471757375,307.29834697663154,0.020512401559321325,0.027603606479972977,1,1,1,1.0,False,Trend,Trend,False
2023-12-18 00:00:00+09:00,131554.390625,127515.1875,123183.63776041666,52.90323281413413,465.4088654357578,0.020533398791419556,0.027604486075752548,1,1,1,1.0,False,Trend,Trend,False
2023-12-19 00:00:00+09:00,131944.1875,127559.038671875,123336.305859375,54.019310177000506,562.330829436026,0.020442165048146,0.027493260305199864,1,1,1,1.0,False,Trend,Trend,False
2023-12-20 00:00:00+09:00,132528.859375,127734.44375,123536.0734375,61.92167244555562,626.9749849402878,0.02010224905054815,0.027374846770345275,1,1,1,1.0,False,Trend,Trend,False
2023-12-21 00:00:00+09:00,133016.109375,127948.828515625,123761.82734375,65.5677440536777,660.3530426714575,0.02008997641634952,0.027341148547875404,1,1,1,1.0,False,Trend,Trend,False
2023-12-22 00:00:00+09:00,131651.84375,128197.3203125,123977.83645833333,64.15771948235256,552.7199032332053,0.01986489149807462,0.027364899068641473,1,1,1,1.0,False,Trend,Trend,False
2023-12-26 00:00:00+09:00,134185.484375,128358.10859375,124185.72486979167,62.12122132360265,609.8414944667418,0.01891488793772033,0.02728800434344678,1,1,1,1.0,False,Trend,Trend,False
2023-12-27 00:00:00+09:00,135176.25,128626.9046875,124449.10520833333,71.92023899697546,667.3811206675687,0.018804308796584738,0.027156851716094253,1,1,-1,0.5,False,Trend,Trend,False
2023-12-28 00:00:00+09:00,142239.171875,129263.4640625,124838.32161458333,85.15430771198108,1108.1561704415662,0.021703742190602112,0.027864959179457263,1,1,-1,0.5,False,Trend,Trend,False
2024-01-02 00:00:00+09:00,138511.515625,129889.045703125,125170.28268229167,75.68178312680395,1074.874403503049,0.0216340108142029,0.028117323890926627,1,1,-1,0.5,False,Trend,Trend,False
2024-01-03 00:00:00+09:00,132135.28125,130259.156640625,125405.71796875,61.03610075801034,574.7317685078322,0.024380111404007254,0.02882725964373369,1,1,1,1.0,False,Trend,Trend,False
2024-01-04 00:00:00+09:00,127917.1484375,130457.340625,125653.681640625,55.19643841040518,-55.39684057100567,0.02557066178522727,0.02857911758613527,1,1,-1,0.5,False,Trend,Trend,False
2024-01-05 00:00:00+09:00,129192.390625,130519.51875,125927.77161458334,50.77084338502181,-383.26513745297143,0.024666362646117147,0.02859024504265183,1,1,-1,0.5,False,Trend,Trend,False
2024-01-08 00:00:00+09:00,126739.9921875,130614.993359375,126190.22252604166,40.39459743160705,-741.5109059705551,0.02439998488406453,0.02863084269034654,1,1,-1,0.5,False,Trend,Trend,False
2024-01-09 00:00:00+09:00,130173.34375,131003.944921875,126527.76145833333,48.736955175371676,-722.7119818793942,0.024558755778526935,0.02875990986864369,1,1,-1,0.5,False,Trend,Trend,False
2024-01-10 00:00:00+09:00,128800.0078125,131333.974609375,126821.29778645834,46.202911050191084,-773.6785798504773,0.02473112204993151,0.028788609295407656,1,1,-1,0.5,False,Trend,Trend,False
2024-01-11 00:00:00+09:00,124581.8828125,131355.650390625,127107.87317708334,40.81960930478322,-1045.4855242236913,0.025769289837554422,0.028756770488985943,1,1,-1,0.5,False,Trend,Trend,False
2024-01-12 00:00:00+09:00,124581.8828125,131396.816015625,127379.83125,39.94392713691289,-1169.888593989002,0.025757563886968614,0.028748814159139612,1,1,-1,0.5,False,Trend,Trend,False
2024-01-15 00:00:00+09:00,119775.1796875,130954.026953125,127574.92591145834,34.89608499633283,-1499.4665077069772,0.025557403427688218,0.029244811658740977,1,1,-1,0.5,False,Trend,Trend,False
2024-01-16 00:00:00+09:00,120461.8515625,130311.696875,127817.19596354167,37.035169047458275,-1586.3750734221398,0.02396085134389646,0.029108835934803557,1,1,-1,0.5,False,Trend,Trend,False
2024-01-17 00:00:00+09:00,118990.4140625,129707.859375,128060.928125,31.950587065352536,-1650.737131363736,0.02386151470120235,0.029085584001885607,1,1,-1,0.5,False,Trend,Trend,False
2024-01-18 00:00:00+09:00,128113.3359375,129535.806640625,128404.73684895833,42.96874526059771,-1017.7238808113221,0.0296412982867841,0.030330255379670403,1,1,-1,0.5,False,Trend,Trend,False
2024-01-19 00:00:00+09:00,128996.203125,129388.407421875,128737.27408854167,34.96657366299087,-504.334339195761,0.029683889755031553,0.03029751940518928,1,1,-1,0.5,False,Trend,Trend,False
2024-01-22 00:00:00+09:00,129486.6875,129236.298828125,128965.92096354166,38.94230437882365,-116.72682339351195,0.0296780549609768,0.02935869670322628,1,1,-1,0.5,False,Trend,Trend,False
2024-01-23 00:00:00+09:00,136255.3125,129398.258984375,129312.25065104167,55.0000018962242,572.6462408104956,0.0318843678605886,0.030027243102191625,1,1,1,1.0,False,Trend,Trend,False
2024-01-24 00:00:00+09:00,135862.921875,129608.812890625,129676.40260416667,60.62992389332398,956.7175650555025,0.03178634057273461,0.029967931848295208,-1,1,1,0.30000000000000004,False,Trend,Trend,False
2024-01-25 00:00:00+09:00,136843.875,129741.732421875,130108.87578125,60.31746165518468,1214.761056795858,0.03155260668073529,0.02970043226150759,-1,1,1,0.30000000000000004,False,Trend,Trend,False
2024-01-26 00:00:00+09:00,137334.359375,129849.637890625,130344.88346354167,65.08380478600375,1346.2164224835433,0.03152372170360952,0.02654389981755129,-1,1,1,0.30000000000000004,False,Trend,Trend,False
2024-01-29 00:00:00+09:00,133802.90625,129427.824609375,130387.230859375,55.15321984175542,1131.6987408828338,0.029728159800351543,0.025510127913317845,-1,1,1,0.30000000000000004,False,Trend,Trend,False
2024-01-30 00:00:00+09:00,133116.234375,129158.060546875,130481.47486979167,56.25000424226093,890.5451502943922,0.02921852630090752,0.025222131884626454,-1,1,1,0.30000000000000004,False,Trend,Trend,False
2024-01-31 00:00:00+09:00,115753.25,128338.958984375,130245.73268229167,40.740746810043014,-420.93467969779033,0.041508425804752266,0.030950488185936924,-1,-1,-1,-1.0,True,Defensive,Trend,False
2024-02-01 00:00:00+09:00,117322.78125,127809.240625,129873.736328125,42.62948270377765,-1125.336008417058,0.04127390487945349,0.029453386209200315,-1,-1,-1,-1.0,True,Defensive,Trend,False
2024-02-02 00:00:00+09:00,120756.140625,127387.428125,129554.090234375,51.02459140130824,-1290.796386893584,0.04183077014752697,0.02973145559200382,-1,-1,-1,-1.0,True,Defensive,Trend,False
2024-02-05 00:00:00+09:00,117715.171875,126936.187109375,129196.75455729167,47.265632230626565,-1520.0198219886456,0.04198047637780386,0.02987783937929195,-1,-1,-1,-1.0,True,Defensive,Trend,False
2024-02-06 00:00:00+09:00,122521.875,126553.613671875,128883.799609375,53.29670898697747,-1272.907916322276,0.0425882879682739,0.030299122007576316,-1,-1,-1,-1.0,True,Defensive,Trend,False
2024-02-07 00:00:00+09:00,125268.5546875,126377.041015625,128727.06354166666,46.985448637751155,-868.7569302105912,0.04291077126897486,0.029858468559627413,-1,-1,-1,-1.0,True,Defensive,Defensive,False
2024-02-08 00:00:00+09:00,126936.1796875,126494.755859375,128617.61080729167,47.852751643683305,-454.2458298604877,0.042347326814895433,0.029899243217488332,-1,-1,-1,-1.0,True,Defensive,Defensive,False
2024-02-13 00:00:00+09:00,123110.4453125,126421.183984375,128494.74375,43.785843406655744,-404.5086111345886,0.042931774575366406,0.030012039449241325,-1,-1,-1,-1.0,True,Defensive,Defensive,False
2024-02-14 00:00:00+09:00,121148.5234375,126489.851171875,128305.071484375,33.75525377309749,-466.1457852661847,0.0421339193254293,0.029994507628885152,-1,-1,-1,-1.0,True,Defensive,Defensive,False
2024-02-15 00:00:00+09:00,121933.2890625,126563.423046875,128160.9609375,35.14642615612159,-418.00952861832957,0.042139002684723134,0.02996011089317453,-1,-1,-1,-1.0,True,Defensive,Defensive,False
2024-02-16 00:00:00+09:00,122619.96875,126744.90078125,128000.68489583333,34.73684457613318,-308.8996814518075,0.04204066530469704,0.02991930206623395,-1,-1,-1,-1.0,True,Defensive,Defensive,False
2024-02-19 00:00:00+09:00,125072.3671875,126592.85234375,127881.28216145834,37.3737341233979,-53.9043970448231,0.038751730461238615,0.030042388045168435,-1,1,-1,-0.19999999999999996,False,MeanReversion,Defensive,False
2024-02-20 00:00:00+09:00,124483.78125,126367.23125,127771.55911458333,39.78493389761709,85.21611949167186,0.03871133491573589,0.030028505947220428,-1,1,-1,-0.19999999999999996,False,MeanReversion,MeanReversion,False
2024-02-21 00:00:00+09:00,124581.8828125,126121.991015625,127697.57786458333,40.522871053954375,188.04421628064188,0.03869437512775554,0.029965453037705952,-1,1,-1,-0.19999999999999996,False,MeanReversion,MeanReversion,False
2024-02-22 00:00:00+09:00,124581.8828125,125538.31953125,127628.46901041667,65.95744380408098,256.0453053818776,0.036652807764214354,0.029964722160217963,-1,1,1,0.30000000000000004,False,Trend,MeanReversion,False
2024-02-23 00:00:00+09:00,122325.6796875,124861.457421875,127555.86354166667,58.82353913797118,154.08357973932243,0.03677894867686616,0.02998583665491733,-1,1,1,0.30000000000000004,False,Trend,MeanReversion,False
2024-02-26 00:00:00+09:00,120854.234375,124061.975390625,127387.27213541667,50.18586942362122,0.6676792945013403,0.036688360832372334,0.029687950342286076,-1,1,1,0.30000000000000004,False,Trend,MeanReversion,False
2024-02-27 00:00:00+09:00,119971.375,123193.826171875,127223.45625,54.65586209075767,-139.39572836331104,0.03661616375751245,0.029681572391400287,-1,1,-1,-0.19999999999999996,False,MeanReversion,MeanReversion,False
2024-02-28 00:00:00+09:00,120952.3359375,122551.29765625,127080.862109375,46.15383731789209,-144.48532776830643,0.03646593681327927,0.02970632252322543,-1,1,-1,-0.19999999999999996,False,MeanReversion,MeanReversion,False
2024-02-29 00:00:00+09:00,117322.78125,121761.625,126936.24375,31.336415001201956,-358.6121787206207,0.03690641301007942,0.029753965349240557,-1,1,-1,-0.19999999999999996,False,MeanReversion,MeanReversion,False
2024-03-04 00:00:00+09:00,115851.34375,121766.5296875,126788.21510416667,23.72096934252926,-553.9912990174134,0.019605250175035716,0.029768513601933912,-1,1,-1,-0.19999999999999996,False,MeanReversion,MeanReversion,False
2024-03-05 00:00:00+09:00,111535.1171875,121477.146484375,126581.242578125,23.181843522230423,-907.6627423999896,0.02107034118276063,0.030138434597225584,-1,1,-1,-0.19999999999999996,False,MeanReversion,MeanReversion,True
2024-03-06 00:00:00+09:00,112319.8828125,121055.33359375,126320.76015625,28.365400446450792,-1014.4065542347498,0.01989196349576283,0.029840475976452403,-1,1,-1,-0.19999999999999996,False,MeanReversion,MeanReversion,True
2024-03-07 00:00:00+09:00,110554.15625,120697.2828125,126082.82109375,23.394524404398098,-1121.2396386573537,0.01944488375289265,0.02974926742516865,-1,1,-1,-0.19999999999999996,False,MeanReversion,MeanReversion,True
2024-03-08 00:00:00+09:00,109867.484375,120064.56328125,125874.040625,20.183489254995493,-1151.110029362073,0.016581216720454803,0.029664231729796698,-1,1,-1,-0.19999999999999996,False,MeanReversion,MeanReversion,True
2024-03-11 00:00:00+09:00,112614.171875,119431.844140625,125714.28658854167,21.266974685227538,-909.4432524588337,0.016810367990820415,0.029860781006633367,-1,1,-1,-0.19999999999999996,False,MeanReversion,MeanReversion,True
2024-03-12 00:00:00+09:00,112712.265625,118720.6484375,125523.68489583333,22.222230415779606,-677.2050716219819,0.01631250658926803,0.02977721104977024,-1,1,-1,-0.19999999999999996,False,MeanReversion,MeanReversion,True
2024-03-13 00:00:00+09:00,110652.2578125,118097.7390625,125305.24635416667,19.915249375523487,-599.2323739894427,0.015554114621460235,0.029855988152466394,-1,1,-1,-0.19999999999999996,False,MeanReversion,MeanReversion,True
2024-03-14 00:00:00+09:00,112025.6015625,117641.59296875,125028.49036458334,24.39999745147449,-401.563502687909,0.015817087572550115,0.029441954921674226,-1,1,-1,-0.19999999999999996,False,MeanReversion,MeanReversion,False
2024-03-15 00:00:00+09:00,110946.546875,117092.255859375,124655.79192708334,25.630246336244028,-294.824612077633,0.01567107811642817,0.029028707226167065,-1,1,-1,-0.19999999999999996,False,MeanReversion,MeanReversion,True
2024-03-18 00:00:00+09:00,110750.3515625,116498.775,124317.17838541667,27.1111082794161,-193.6603130617541,0.015500761898887879,0.02897164670620181,-1,1,-1,-0.19999999999999996,False,MeanReversion,MeanReversion,False
2024-03-19 00:00:00+09:00,109573.203125,115723.816796875,123950.82526041666,26.75438167520832,-163.4540055051757,0.014382659609537843,0.02897636666007488,-1,1,-1,-0.19999999999999996,False,MeanReversion,MeanReversion,True
2024-03-20 00:00:00+09:00,111044.640625,115051.859765625,123602.49947916667,28.32616617440516,-9.907145172775472,0.015058888132981965,0.02904374669961404,-1,1,-1,-0.19999999999999996,False,MeanReversion,MeanReversion,False
2024-03-21 00:00:00+09:00,112123.6953125,114428.950390625,123262.41341145833,37.198059826504746,187.8796299650603,0.015388069760118401,0.029073983611653174,-1,1,-1,-0.19999999999999996,False,MeanReversion,MeanReversion,False
2024-03-22 00:00:00+09:00,113889.421875,113894.32734375,122943.63528645833,45.23808620845276,446.4203962444476,0.016051943607306215,0.029159824475554725,-1,1,1,0.30000000000000004,False,Trend,MeanReversion,False
2024-03-25 00:00:00+09:00,115851.34375,113570.610546875,122680.29361979167,61.827977017016295,740.9906970953593,0.016396566902582888,0.029251131926555447,-1,1,1,0.30000000000000004,False,Trend,Trend,False
2024-03-26 00:00:00+09:00,120069.46875,113531.372265625,122445.02669270833,67.8733246916957,1184.9984951326273,0.018333668079462056,0.029534300440711342,-1,1,1,0.30000000000000004,False,Trend,Trend,False
2024-03-27 00:00:00+09:00,119971.375,113531.372265625,122191.612109375,73.5294439152365,1421.2433504376982,0.01826036337308259,0.02950994440697227,-1,1,-1,-0.19999999999999996,False,MeanReversion,Trend,False
2024-03-28 00:00:00+09:00,118892.3203125,113428.371484375,121802.49791666666,72.11541885473282,1449.0401361728213,0.018261172052822596,0.028691416171187305,-1,1,-1,-0.19999999999999996,False,MeanReversion,MeanReversion,False
2024-03-29 00:00:00+09:00,119088.5078125,113516.6578125,121478.78111979166,68.13189506052097,1422.808878398401,0.01688035142164301,0.02852932559382347,-1,1,1,0.30000000000000004,False,Trend,MeanReversion,False
2024-04-01 00:00:00+09:00,126641.8984375,114056.185546875,121387.22473958334,77.5194095172771,1830.3656219579884,0.021338265531212406,0.02909151534792267,-1,1,-1,-0.19999999999999996,False,MeanReversion,MeanReversion,False
2024-04-02 00:00:00+09:00,131644.796875,115061.66953125,121449.35221354167,87.15278901191829,2321.5092564418346,0.020174506213449423,0.029226605690324092,-1,1,-1,-0.19999999999999996,False,MeanReversion,MeanReversion,False
2024-04-03 00:00:00+09:00,133116.234375,116101.487109375,121514.749609375,87.19724203689134,2608.6361978307523,0.02018170361498346,0.02923355735288976,-1,1,-1,-0.19999999999999996,False,MeanReversion,MeanReversion,False
2024-04-04 00:00:00+09:00,129879.0703125,117067.7328125,121567.067578125,81.02895183435199,2446.4001985908935,0.020823726565096894,0.02930412935390044,-1,1,-1,-0.19999999999999996,False,MeanReversion,MeanReversion,False
2024-04-05 00:00:00+09:00,131252.40625,118136.97890625,121585.051953125,82.35295858126769,2299.6723910570227,0.020554026633663472,0.029131557553924096,-1,1,-1,-0.19999999999999996,False,MeanReversion,MeanReversion,False
2024-04-08 00:00:00+09:00,131742.890625,119093.41484375,121634.1,85.75950706994131,2108.7735889963637,0.020237956477618457,0.029100720532677392,-1,1,-1,-0.19999999999999996,False,MeanReversion,MeanReversion,False
2024-04-09 00:00:00+09:00,126739.9921875,119794.801171875,121670.06848958334,72.72727272727272,1544.8153148298134,0.022737243291988823,0.029215138438184417,-1,1,-1,-0.19999999999999996,False,MeanReversion,MeanReversion,False
2024-04-11 00:00:00+09:00,124974.2734375,120510.901953125,121676.60833333334,68.24514209451198,979.6625139666703,0.02250903432545756,0.029273555036363013,-1,1,1,0.30000000000000004,False,Trend,MeanReversion,False
2024-04-12 00:00:00+09:00,132429.5625,121531.1,121887.51471354166,72.66188410624358,1029.6175782074206,0.02531131501736067,0.029744902616792964,-1,1,-1,-0.19999999999999996,False,MeanReversion,MeanReversion,False
2024-04-15 00:00:00+09:00,132037.171875,122585.63125,122080.43671875,70.573565242813,959.3243178848002,0.02510311764518539,0.029746025509414013,1,1,-1,0.5,False,Trend,MeanReversion,False
2024-04-16 00:00:00+09:00,134783.859375,123787.306640625,122343.66080729167,69.43005213418382,1015.4887644900659,0.025110091697822065,0.029789948196157535,1,1,1,1.0,False,Trend,Trend,False
2024-04-17 00:00:00+09:00,139394.375,125278.365234375,122531.678125,72.91666743481295,1264.6008711950558,0.025160834138969985,0.028574422706846087,1,1,-1,0.5,False,Trend,Trend,False
2024-04-18 00:00:00+09:00,143710.59375,126911.662890625,122776.91796875,77.2042987179788,1599.9263447422409,0.02549777227665972,0.02881276049068886,1,1,-1,0.5,False,Trend,Trend,False
2024-04-19 00:00:00+09:00,140081.046875,128309.53046875,122953.490625,71.40000519261991,1460.9836157715517,0.02691145979244362,0.02902706924603775,1,1,-1,0.5,False,Trend,Trend,False
2024-04-22 00:00:00+09:00,139001.984375,129565.15859375,122999.26848958334,64.51612252077146,1191.498450238214,0.02721132948192622,0.028305767346386547,1,1,1,1.0,False,Trend,Trend,False
2024-04-23 00:00:00+09:00,139492.46875,130747.21484375,123059.7609375,60.309271367397685,951.767821006395,0.027193569583913814,0.02830551109099159,1,1,1,1.0,False,Trend,Trend,False
2024-04-24 00:00:00+09:00,142631.546875,131875.31875,123156.22213541667,61.97531077836964,910.1116285478038,0.02666391857885849,0.028432909074099826,1,1,1,1.0,False,Trend,Trend,False
2024-04-25 00:00:00+09:00,143318.203125,133042.66015625,123255.95286458333,68.07386099653465,836.2061789054642,0.026588850428114222,0.02843545678436058,1,1,1,1.0,False,Trend,Trend,False
2024-04-26 00:00:00+09:00,147732.53125,134484.670703125,123488.11328125,70.48780146687754,981.9471929379679,0.026649224396403284,0.02846777083745084,1,1,-1,0.5,False,Trend,Trend,False
2024-04-29 00:00:00+09:00,152931.609375,136176.82578125,123818.36953125,73.58077463605794,1305.5612257622552,0.027064626464019546,0.028767556026950636,1,1,-1,0.5,False,Trend,Trend,False
2024-04-30 00:00:00+09:00,166272.671875,138158.364453125,124660.35989583333,87.10865534683384,2240.325021975801,0.029515914770206153,0.02415471591615329,1,1,-1,0.5,False,Trend,Trend,False
2024-05-02 00:00:00+09:00,170098.421875,140081.045703125,125539.95390625,90.78012812375252,2896.7926189805457,0.029011520006439206,0.02423269591610647,1,1,-1,0.5,False,Trend,Trend,False
2024-05-03 00:00:00+09:00,165487.90625,141699.629296875,126285.48333333334,81.49531024101407,2799.431293745969,0.030381634544354847,0.024430393770663236,1,1,-1,0.5,False,Trend,Trend,False
2024-05-07 00:00:00+09:00,163918.375,143401.59453125,127055.53671875,79.70749633460439,2422.37649402896,0.02963169468694537,0.024175219784770368,1,1,-1,0.5,False,Trend,Trend,False
2024-05-08 00:00:00+09:00,161564.0625,144917.17734375,127706.23984375,75.1381110127124,1834.1770867149153,0.0302025774786344,0.023878746948959723,1,1,-1,0.5,False,Trend,Trend,False
2024-05-09 00:00:00+09:00,165684.09375,146614.2375,128379.83216145834,74.9070505399921,1553.4677470756433,0.030334258796856386,0.023919404479938695,1,1,-1,0.5,False,Trend,Trend,False
2024-05-10 00:00:00+09:00,167547.921875,148654.633984375,129056.69453125,73.68420235545872,1332.6761924510938,0.02794836322493963,0.023908480964002634,1,1,-1,0.5,False,Trend,Trend,False
2024-05-13 00:00:00+09:00,165586.0,150685.2203125,129764.62044270833,76.20965708947543,913.8263368417975,0.02783402387341437,0.023559320886105867,1,1,-1,0.5,False,Trend,Trend,False
2024-05-14 00:00:00+09:00,165782.203125,152352.85234375,130508.51510416667,78.02874152318691,528.437877406599,0.02595537983316148,0.023403390502399875,1,1,-1,0.5,False,Trend,Trend,False
2024-05-16 00:00:00+09:00,173041.296875,154403.05859375,131360.315234375,80.75538388420033,633.757835378754,0.026649236978413933,0.023902222566430226,1,1,-1,0.5,False,Trend,Trend,False
2024-05-17 00:00:00+09:00,170588.890625,156193.31015625,132159.797265625,75.95626195708246,419.91357208203954,0.027295045238393628,0.02404281152470055,1,1,-1,0.5,False,Trend,Trend,False
2024-05-20 00:00:00+09:00,176278.453125,158037.5140625,133013.23203125,77.99998300984792,535.8777843062562,0.027260824912095034,0.02423180432381267,1,1,-1,0.5,False,Trend,Trend,False
2024-05-21 00:00:00+09:00,181281.359375,159916.05234375,133959.85833333334,78.21780564728036,807.438352320285,0.02717560959482471,0.024360520640657208,1,1,-1,0.5,False,Trend,Trend,False
2024-05-22 00:00:00+09:00,185009.0,162162.45,134966.976953125,77.66495929667676,1079.0632597658077,0.025771645701650008,0.024416861129747405,1,1,-1,0.5,False,Trend,Trend,False
2024-05-23 00:00:00+09:00,184420.4375,164433.37265625,135964.28619791666,70.06507787058712,1058.5800639922581,0.025590107068283432,0.024434896946758784,1,1,-1,0.5,False,Trend,Trend,False
2024-05-24 00:00:00+09:00,180987.0625,166508.10234375,136941.97591145834,62.14439793762044,672.1209253208399,0.02654587450481263,0.024443874276109476,1,1,1,1.0,False,Trend,Trend,False
2024-05-27 00:00:00+09:00,178338.46875,168293.4484375,137900.046484375,64.98853674983141,125.084988853896,0.02715073010371555,0.024480334404556475,1,1,1,1.0,False,Trend,Trend,False
2024-05-28 00:00:00+09:00,175003.21875,169877.69921875,138817.24388020832,62.41757557002208,-538.0267375706208,0.02794776742894893,0.02463568954336616,1,1,-1,0.5,False,Trend,Trend,False
2024-05-29 00:00:00+09:00,182654.703125,171623.8078125,139845.61666666667,71.11984541123272,-536.7571153752069,0.02855731020657719,0.02508189094202927,1,1,-1,0.5,False,Trend,Trend,False
2024-05-30 00:00:00+09:00,184420.4375,173198.24921875,140963.9109375,69.69072875956518,-493.52412753793215,0.02799413512889993,0.024599730556175828,1,1,-1,0.5,False,Trend,Trend,False
2024-05-31 00:00:00+09:00,190502.375,174409.734375,142208.09479166666,72.15908730959598,-149.68081842707034,0.022681553638044864,0.02466172420210113,1,1,-1,0.5,False,Trend,Trend,False
2024-06-03 00:00:00+09:00,183635.65625,175086.59609375,143409.77044270834,65.91695358697694,-461.4574567597665,0.024319051565101217,0.024622253748004613,1,1,-1,0.5,False,Trend,Trend,False
2024-06-04 00:00:00+09:00,175689.875,175596.69453125,144465.93697916667,57.68643785703774,-1235.6316230892498,0.025703425120443588,0.025539745193356476,1,1,-1,0.5,False,Trend,Trend,False
2024-06-05 00:00:00+09:00,174414.625,176121.50703125,145530.278125,51.174483326487206,-1830.5301375679155,0.02565072622295216,0.025431048204537548,1,1,-1,0.5,False,Trend,Trend,False
2024-06-07 00:00:00+09:00,176867.03125,176886.65546875,146646.93723958332,55.369125812816534,-2039.8141216088243,0.02541242981213373,0.025378493243223072,1,1,-1,0.5,False,Trend,Trend,False
2024-06-10 00:00:00+09:00,172747.015625,177239.8015625,147649.15130208334,46.89656668649464,-2411.2188369889263,0.025663655812396328,0.025602228567061135,1,1,-1,0.5,False,Trend,Trend,False
2024-06-11 00:00:00+09:00,174708.921875,177597.8515625,148682.42890625,43.89798584036084,-2471.1383360215405,0.02566565630283485,0.02559438933563066,1,1,-1,0.5,False,Trend,Trend,False
2024-06-12 00:00:00+09:00,188049.984375,178721.05078125,149972.391015625,52.39568021030257,-1600.8604645485993,0.029974022984997267,0.026756376180139683,1,1,-1,0.5,False,Trend,Trend,False
2024-06-13 00:00:00+09:00,186186.15625,179741.2484375,151208.40026041667,51.363629562305384,-1159.8662197201702,0.030178230899614158,0.026861611222256287,1,1,-1,0.5,False,Trend,Trend,False
2024-06-14 00:00:00+09:00,183047.078125,180241.5375,152410.07578125,51.59817384809075,-1089.7961885409495,0.029264643747923823,0.026961934380231617,1,1,-1,0.5,False,Trend,Trend,False
2024-06-17 00:00:00+09:00,181477.546875,180785.9703125,153588.86236979166,52.47678625453346,-1153.2387745289288,0.029117684919183078,0.027019840778397516,1,1,-1,0.5,False,Trend,Trend,False
2024-06-18 00:00:00+09:00,178142.28125,180879.16171875,154731.68033854166,52.47677331544895,-1407.095295488345,0.02861959263681089,0.027131990345313307,1,1,-1,0.5,False,Trend,Trend,False
2024-06-19 00:00:00+09:00,175003.21875,180565.2546875,155797.656640625,43.50000066367834,-1751.2637237744912,0.028133925795986166,0.02732684448370924,1,1,-1,0.5,False,Trend,Trend,False
2024-06-20 00:00:00+09:00,169509.828125,179790.29609375,156754.0921875,38.087757820272614,-2280.252264745509,0.02839671553318927,0.027795780925124476,1,1,-1,0.5,False,Trend,Trend,False
2024-06-21 00:00:00+09:00,169509.828125,179044.765625,157681.09895833334,31.423608854682428,-2541.5795060727087,0.028412667321415376,0.027785732922047997,1,1,-1,0.5,False,Trend,Trend,False
2024-06-24 00:00:00+09:00,169509.828125,178470.90390625,158575.40703125,35.77074744211127,-2615.649850628035,0.028215271467766038,0.027764322618271768,1,1,-1,0.5,False,Trend,Trend,False
2024-06-25 00:00:00+09:00,170981.28125,178103.04453125,159423.93723958332,44.5454723166656,-2468.602014242778,0.028199630080994034,0.02749672960365034,1,1,-1,0.5,False,Trend,Trend,False
2024-06-26 00:00:00+09:00,174218.4375,178063.80546875,160328.05494791668,49.78261366382889,-2072.3605846130445,0.028277073796761636,0.0275318735932922,1,1,-1,0.5,False,Trend,Trend,False
2024-06-27 00:00:00+09:00,172648.90625,177563.515625,161223.998046875,45.23281776564733,-1842.7293069026837,0.026442814733588303,0.027532013103012055,1,1,-1,0.5,False,Trend,Trend,False
2024-06-28 00:00:00+09:00,164114.5625,176548.221875,161974.43229166666,41.12902578357647,-2169.84180550748,0.028322376465628553,0.028491810661737886,1,1,-1,0.5,False,Trend,Trend,False
2024-07-01 00:00:00+09:00,163918.375,175219.021875,162595.70690104167,38.4937384890733,-2291.6955786723584,0.026892174899788287,0.027531032238558628,1,1,-1,0.5,False,Trend,Trend,False
2024-07-02 00:00:00+09:00,155285.921875,173801.53515625,162989.72565104166,11.162793626616079,-2811.668908857312,0.028138083839223334,0.028164194210537154,1,1,-1,0.5,False,Trend,Trend,False
2024-07-03 00:00:00+09:00,148615.390625,172447.8109375,163248.044921875,10.020879673028105,-3422.3043705007826,0.02811624870895969,0.028776392580711192,1,1,-1,0.5,False,Trend,Trend,False
2024-07-04 00:00:00+09:00,145868.71875,171020.515625,163514.5390625,10.1052708528874,-3799.5429174155424,0.028207992584496976,0.028693642607030376,1,1,-1,0.5,False,Trend,Trend,False
2024-07-05 00:00:00+09:00,146653.484375,169509.83828125,163771.22369791666,11.991437610935193,-3776.6893137961497,0.027904536120807653,0.028675222107617856,1,1,-1,0.5,False,Trend,Trend,False
2024-07-08 00:00:00+09:00,148517.296875,168298.35234375,164050.79713541668,16.592904371433534,-3426.79363535643,0.028107989240410716,0.02870810966456199,1,1,-1,0.5,False,Trend,Trend,False
2024-07-09 00:00:00+09:00,150871.59375,167106.4859375,164452.99049479168,22.29726772506058,-2851.144507100515,0.028281463885571134,0.02825634097878062,1,1,-1,0.5,False,Trend,Trend,False
2024-07-10 00:00:00+09:00,151067.796875,165257.3765625,164887.88255208332,25.897436525770757,-2295.400134954788,0.021103796587069828,0.028169795677141236,1,1,-1,0.5,False,Trend,Trend,False
2024-07-11 00:00:00+09:00,150086.828125,163452.41015625,165182.1703125,25.249994425100425,-1851.1573943867443,0.021126344725248828,0.027259558384768217,-1,1,-1,-0.19999999999999996,False,MeanReversion,Trend,False
2024-07-12 00:00:00+09:00,151852.5625,161892.684375,165512.42682291666,28.468907270345994,-1320.582316092241,0.021649348206400493,0.027279209040850842,-1,1,-1,-0.19999999999999996,False,MeanReversion,MeanReversion,True
2024-07-15 00:00:00+09:00,147340.15625,160185.81484375,165721.6984375,23.16257071947622,-1161.3558169656635,0.022141990960789407,0.02748956062377398,-1,1,-1,-0.19999999999999996,False,MeanReversion,MeanReversion,True
2024-07-16 00:00:00+09:00,146947.765625,158626.0890625,165847.58828125,16.9047628980222,-977.6535923328029,0.022119867581426568,0.02716756444639247,-1,1,-1,-0.19999999999999996,False,MeanReversion,MeanReversion,True
2024-07-17 00:00:00+09:00,159307.859375,157841.32109375,166107.54270833332,37.16981500654412,27.821599684692956,0.029836619445339035,0.02882103635754275,-1,1,-1,-0.19999999999999996,False,MeanReversion,MeanReversion,False
2024-07-18 00:00:00+09:00,163820.265625,157556.84296875,166503.19635416666,49.69324214147767,994.7750025618661,0.029965259045001667,0.028789936619120923,-1,1,1,0.30000000000000004,False,Trend,MeanReversion,False
2024-07-19 00:00:00+09:00,160092.625,157085.9828125,166854.70703125,46.2857066574758,1358.766564339754,0.030335963018813993,0.028950170627114302,-1,1,1,0.30000000000000004,False,Trend,Trend,False
2024-07-22 00:00:00+09:00,174316.546875,157326.31875,167435.10833333334,66.66667578939418,2468.282163069076,0.03616837292136259,0.030859576319530013,-1,1,1,0.30000000000000004,False,Trend,Trend,False
2024-07-23 00:00:00+09:00,171864.140625,157370.46171875,167922.31822916667,71.98516630722139,2917.045127559816,0.03628736535734787,0.03084693278229887,-1,1,-1,-0.19999999999999996,False,MeanReversion,Trend,False
2024-07-24 00:00:00+09:00,175591.796875,157439.1296875,168460.21145833333,77.59561969547111,3315.8848607651535,0.03636480349175718,0.03093725215794425,-1,1,-1,-0.19999999999999996,False,MeanReversion,MeanReversion,False
2024-07-25 00:00:00+09:00,173826.0625,157497.9875,168895.10364583333,74.77637019469819,3304.3929134508776,0.036380013518958164,0.03078027710884941,-1,1,-1,-0.19999999999999996,False,MeanReversion,MeanReversion,False
2024-07-26 00:00:00+09:00,167646.0,157674.559375,169140.34348958332,66.16913070501988,2747.071956978562,0.035442101519416125,0.030894179713439298,-1,1,1,0.30000000000000004,False,Trend,MeanReversion,False
2024-07-29 00:00:00+09:00,178828.953125,158420.08828125,169349.61484375,70.56275494126655,2978.657598850181,0.03816784980235535,0.030123893159398858,-1,1,-1,-0.19999999999999996,False,MeanReversion,MeanReversion,False
2024-07-30 00:00:00+09:00,175493.6875,159430.4765625,169439.5359375,67.17239458069885,2759.266744272069,0.03608263865165754,0.030098294949040986,-1,1,1,0.30000000000000004,False,Trend,MeanReversion,False
2024-07-31 00:00:00+09:00,178240.390625,160911.7265625,169652.07734375,69.3135882884598,2650.561499693651,0.034141225488946776,0.02993184909541248,-1,1,1,0.30000000000000004,False,Trend,Trend,False
2024-08-01 00:00:00+09:00,174414.625,162339.021875,169827.01484375,65.05233184322088,2191.4495927232447,0.034277882611737,0.030047037765352985,-1,1,1,0.30000000000000004,False,Trend,Trend,False
2024-08-02 00:00:00+09:00,174708.921875,163741.79375,170046.09583333333,69.34809248639195,1794.714989706847,0.034307919115704036,0.029978079500091896,-1,1,1,0.30000000000000004,False,Trend,Trend,False
2024-08-05 00:00:00+09:00,156659.265625,164148.8921875,169895.68203125,55.49388927506429,283.11600370924157,0.043216293874621954,0.033020157419969914,-1,-1,1,-0.5,True,Defensive,Trend,False
2024-08-06 00:00:00+09:00,162643.125,164737.46875,169813.93541666667,52.033492025295445,-314.90032051193407,0.04383179671630294,0.033356597606817646,-1,-1,-1,-1.0,True,Defensive,Trend,False
2024-08-07 00:00:00+09:00,122129.484375,163290.553125,169089.66015625,32.33584619466748,-3275.595829311744,0.07833521561446545,0.04975319960042456,-1,-1,-1,-1.0,True,Defensive,Trend,False
2024-08-08 00:00:00+09:00,118205.6484375,161696.494140625,168296.717578125,32.282175869579106,-5219.426727233886,0.07848084915972713,0.04987272254838931,-1,-1,-1,-1.0,True,Defensive,Trend,False
2024-08-09 00:00:00+09:00,116734.203125,159940.576171875,167358.266015625,22.697699366277433,-6255.605789553043,0.07828356076975683,0.04947089508735786,-1,-1,-1,-1.0,True,Defensive,Trend,False
2024-08-12 00:00:00+09:00,118303.7421875,158488.75546875,166486.846875,24.390271417741616,-6460.241737311046,0.07839050291910825,0.049526442350375656,-1,-1,-1,-1.0,True,Defensive,Trend,False
2024-08-13 00:00:00+09:00,114674.1875,156875.0765625,165460.10911458332,20.845093825696637,-6450.025035405073,0.07849043215066778,0.04936292522135666,-1,-1,-1,-1.0,True,Defensive,Trend,False
2024-08-14 00:00:00+09:00,115655.15625,154692.44140625,164366.3390625,21.94894275967023,-5996.744684954016,0.07558609858407961,0.04919164310308093,-1,-1,-1,-1.0,True,Defensive,Trend,False
2024-08-16 00:00:00+09:00,120559.953125,152529.42578125,163292.18828125,27.01152327616957,-5025.444989831758,0.07606201901190893,0.04947005093619348,-1,-1,-1,-1.0,True,Defensive,Defensive,False
2024-08-19 00:00:00+09:00,120559.953125,150552.7921875,162227.846875,18.064546129200167,-4081.9366125748165,0.07611371694576836,0.04947607437609869,-1,-1,-1,-1.0,True,Defensive,Defensive,False
2024-08-20 00:00:00+09:00,119186.6015625,147796.294921875,161197.83919270834,18.461567679065425,-3283.648092246214,0.07245801384067951,0.04945571130203696,-1,-1,-1,-1.0,True,Defensive,Defensive,False
2024-08-21 00:00:00+09:00,118794.21875,145142.798828125,160205.43502604167,15.80137162877142,-2548.140936089905,0.07253696841125327,0.049447265698834134,-1,-1,-1,-1.0,True,Defensive,Defensive,False
2024-08-22 00:00:00+09:00,119578.984375,142342.158203125,159281.69778645833,17.309960814588578,-1809.609831336169,0.07218149508169952,0.049450862023316736,-1,-1,-1,-1.0,True,Defensive,Defensive,False
2024-08-23 00:00:00+09:00,119480.890625,139624.899609375,158228.80091145833,16.998838711195376,-1160.115951001153,0.07227293674430922,0.04903508804804399,-1,-1,-1,-1.0,True,Defensive,Defensive,False
2024-08-26 00:00:00+09:00,118696.125,137177.405859375,157133.395703125,21.418032686603127,-641.654076391158,0.07219978849291889,0.048986178463424325,-1,-1,-1,-1.0,True,Defensive,Defensive,False
2024-08-27 00:00:00+09:00,119971.375,134234.526953125,155957.87903645833,15.42131547273415,-99.57130859376412,0.06995551959999681,0.048766654504928175,-1,-1,-1,-1.0,True,Defensive,Defensive,False
2024-08-28 00:00:00+09:00,123110.4453125,131615.36484375,154949.12552083333,52.01612993868581,548.0713042766765,0.0707022040502837,0.0488045594294197,-1,-1,1,-0.5,True,Defensive,Defensive,False
2024-08-29 00:00:00+09:00,121246.6171875,128765.676171875,154041.737890625,56.828171267384256,907.4038310953674,0.07027389239687437,0.048569295054851636,-1,-1,1,-0.5,True,Defensive,Defensive,False
2024-08-30 00:00:00+09:00,122031.3828125,126146.5140625,153168.68385416668,62.27270999516722,1234.1512852937394,0.07050412605473019,0.048596373523831934,-1,-1,1,-0.5,True,Defensive,Defensive,False
2024-09-02 00:00:00+09:00,122914.2578125,123556.780859375,152269.47096354168,61.032861567729505,1526.7946364666059,0.0705954582242603,0.04855726652688058,-1,-1,1,-0.5,True,Defensive,Defensive,False
2024-09-03 00:00:00+09:00,125759.0390625,122011.76953125,151486.33802083333,77.56096348115668,1904.4457482196103,0.06770349280082774,0.048643664844697204,-1,-1,-1,-1.0,True,Defensive,Defensive,False
2024-09-04 00:00:00+09:00,123110.4453125,120035.135546875,150626.36341145833,67.11709465516913,1960.6660060490085,0.06675781303135868,0.048637237744710606,-1,-1,1,-0.5,True,Defensive,Defensive,False
2024-09-05 00:00:00+09:00,126936.1796875,120275.4703125,149607.8,65.40280979264182,2221.1802142712622,0.019663159281513975,0.04775617525428901,-1,1,1,0.30000000000000004,False,Trend,Defensive,False
2024-09-06 00:00:00+09:00,128407.625,120785.569140625,148644.82447916668,67.6990910314682,2440.7775805668152,0.01798307596019796,0.04781069503576146,-1,1,1,0.30000000000000004,False,Trend,Trend,False
2024-09-09 00:00:00+09:00,136647.6875,121781.243359375,147871.50130208334,80.06756602229797,3049.61171658268,0.0217136087897938,0.048594037689411396,-1,1,-1,-0.19999999999999996,False,MeanReversion,Trend,False
2024-09-10 00:00:00+09:00,135961.015625,122664.10703125,147112.89244791667,79.26420959265701,3293.8618123208234,0.02185831374971138,0.04859156701928866,-1,1,-1,-0.19999999999999996,False,MeanReversion,MeanReversion,False
2024-09-11 00:00:00+09:00,138805.796875,123870.6875,146457.284375,80.62499564461231,3514.655412125793,0.020104591816751956,0.048667705888512734,-1,1,-1,-0.19999999999999996,False,MeanReversion,MeanReversion,False
2024-09-12 00:00:00+09:00,147045.859375,125440.22265625,145991.32838541668,84.86351484451949,4045.476203750097,0.0227958284616408,0.04928065893877023,-1,1,-1,-0.19999999999999996,False,MeanReversion,MeanReversion,False
2024-09-13 00:00:00+09:00,137922.9375,126308.371875,145464.88020833334,70.08196534033307,3625.503971646125,0.02736554021003126,0.04977368245917317,-1,1,-1,-0.19999999999999996,False,MeanReversion,MeanReversion,False
2024-09-19 00:00:00+09:00,138021.03125,127181.42578125,144940.06692708333,69.32772631204165,3211.8091488674227,0.02735680161241373,0.049774599168042256,-1,1,1,0.30000000000000004,False,Trend,MeanReversion,False
2024-09-20 00:00:00+09:00,135078.140625,127976.002734375,144366.20546875,62.869179312533724,2622.346569597544,0.027800240180628093,0.04982720447423152,-1,1,1,0.30000000000000004,False,Trend,MeanReversion,False
2024-09-23 00:00:00+09:00,136353.390625,128853.961328125,143789.07395833332,66.45297934446646,2216.8317902559397,0.027715370669072707,0.04983048401573985,-1,1,1,0.30000000000000004,False,Trend,MeanReversion,False
2024-09-24 00:00:00+09:00,135568.625,129653.443359375,143144.91041666668,64.74358287118366,1811.3516903784393,0.027859953688245724,0.049743074594422176,-1,1,1,0.30000000000000004,False,Trend,MeanReversion,False
2024-09-25 00:00:00+09:00,147830.625,131070.930078125,142731.27239583334,71.74656420384322,2255.634929439838,0.0330592430327888,0.05109828121458769,-1,1,-1,-0.19999999999999996,False,MeanReversion,MeanReversion,False
2024-09-26 00:00:00+09:00,144004.890625,132336.368359375,142396.11119791667,65.65656619828857,2177.4206329578296,0.03387911677723938,0.050804564360233485,-1,1,1,0.30000000000000004,False,Trend,MeanReversion,False
2024-09-27 00:00:00+09:00,149302.0625,133802.902734375,142152.50598958333,71.49758299218553,2353.05490835437,0.034393114915432475,0.05104468859286583,-1,1,-1,-0.19999999999999996,False,MeanReversion,MeanReversion,False
2024-09-30 00:00:00+09:00,144887.75,134891.76796875,141979.203125,64.59330994390933,2053.462178677655,0.03537311237934414,0.05071810474398158,-1,1,1,0.30000000000000004,False,Trend,MeanReversion,False
2024-10-02 00:00:00+09:00,134685.765625,135563.725390625,141747.04270833332,54.46927343231558,1097.6755611576257,0.03950103467727689,0.051270184565614316,-1,1,1,0.30000000000000004,False,Trend,MeanReversion,False
2024-10-04 00:00:00+09:00,129094.296875,135916.87109375,141467.46901041668,44.41218973659152,72.43375271995546,0.04090859448820966,0.05149491481956712,-1,1,-1,-0.19999999999999996,False,MeanReversion,MeanReversion,True
2024-10-07 00:00:00+09:00,127819.0546875,136162.1109375,141153.56184895834,44.028778627222586,-667.3099495319632,0.04099105938895615,0.051495506145782334,-1,1,-1,-0.19999999999999996,False,MeanReversion,MeanReversion,True
2024-10-08 00:00:00+09:00,122816.15625,136014.966796875,140725.20950520833,38.633193429550225,-1425.6997616359158,0.04170335990721575,0.05168406010490563,-1,1,-1,-0.19999999999999996,False,MeanReversion,MeanReversion,True
2024-10-10 00:00:00+09:00,127622.859375,136240.5875,140337.73059895833,35.483869460951425,-1526.7452341827106,0.04231974527471606,0.05190682153836176,-1,1,-1,-0.19999999999999996,False,MeanReversion,MeanReversion,True
2024-10-11 00:00:00+09:00,122914.2578125,136039.49140625,139868.50494791666,37.99058080846915,-1814.2477933825187,0.04262312937446146,0.052097384756102955,-1,1,-1,-0.19999999999999996,False,MeanReversion,MeanReversion,True
2024-10-14 00:00:00+09:00,122914.2578125,135764.823046875,139415.62877604167,37.89308390711256,-1898.9196937210313,0.04251396572195337,0.05209765117733893,-1,1,-1,-0.19999999999999996,False,MeanReversion,MeanReversion,True
2024-10-15 00:00:00+09:00,121639.0,135014.388671875,138912.06940104166,38.93376741979054,-1929.0785779037471,0.039736267521520825,0.05206779529428577,-1,1,-1,-0.19999999999999996,False,MeanReversion,MeanReversion,True
2024-10-16 00:00:00+09:00,119873.2734375,134210.0015625,138454.28802083334,36.538462274791236,-1950.3925906176155,0.0397841390696898,0.051972450862182704,-1,1,-1,-0.19999999999999996,False,MeanReversion,MeanReversion,True
2024-10-17 00:00:00+09:00,120559.953125,133297.709375,138014.49114583334,37.72071407789058,-1804.0933166375266,0.039387756145974936,0.051985814478614945,-1,1,-1,-0.19999999999999996,False,MeanReversion,MeanReversion,True
2024-10-18 00:00:00+09:00,122718.0625,132081.31953125,137404.66119791666,25.384614442113403,-1462.3914327293933,0.03686621868071499,0.05088361520810236,-1,1,-1,-0.19999999999999996,False,MeanReversion,MeanReversion,True
2024-10-21 00:00:00+09:00,124091.3984375,131389.742578125,136742.51341145832,29.49493343827767,-1062.8768774069058,0.03473343283310467,0.05074900489104094,-1,1,-1,-0.19999999999999996,False,MeanReversion,MeanReversion,True
2024-10-22 00:00:00+09:00,121933.2890625,130585.35546875,136106.52447916666,19.870409847048947,-871.0157511580524,0.03480739045573744,0.05072030404379105,-1,1,-1,-0.19999999999999996,False,MeanReversion,MeanReversion,True
2024-10-23 00:00:00+09:00,121344.71875,129898.684375,135223.66067708333,21.69811249874151,-717.215911285979,0.03461943644255735,0.04933575861268066,-1,1,-1,-0.19999999999999996,False,MeanReversion,MeanReversion,True
2024-10-24 00:00:00+09:00,121442.8125,129153.15546875,134383.30520833333,28.971960761838417,-549.8786136575377,0.0344797331705856,0.04933180807597682,-1,1,-1,-0.19999999999999996,False,MeanReversion,MeanReversion,True
2024-10-25 00:00:00+09:00,115066.5703125,128128.052734375,133374.55143229166,28.26747021375124,-794.7521071374426,0.036121066738384396,0.04958555508313768,-1,1,-1,-0.19999999999999996,False,MeanReversion,MeanReversion,True
2024-10-28 00:00:00+09:00,118107.5546875,126641.89921875,132445.90963541667,35.73487640210125,-682.3578657971166,0.029733475982487646,0.0497674647436682,-1,1,-1,-0.19999999999999996,False,MeanReversion,MeanReversion,True
2024-10-29 00:00:00+09:00,118205.6484375,125351.937109375,131621.90377604167,42.087548136780455,-538.1801945068587,0.029630469415234135,0.04962155369265026,-1,1,-1,-0.19999999999999996,False,MeanReversion,MeanReversion,True
2024-10-30 00:00:00+09:00,117911.359375,123782.401953125,130606.610546875,30.27889078279543,-405.4536497326799,0.027668750892105687,0.048756699378412156,-1,1,-1,-0.19999999999999996,False,MeanReversion,MeanReversion,False
2024-10-31 00:00:00+09:00,114379.8984375,122257.009375,129588.04739583333,31.799154535524366,-492.5268295670644,0.02768259178458916,0.04882741996812298,-1,1,-1,-0.19999999999999996,False,MeanReversion,MeanReversion,True
2024-11-01 00:00:00+09:00,118009.453125,121423.19375,128584.1984375,40.94202428079688,-254.6798425674633,0.025263237779215283,0.04899285011438491,-1,1,-1,-0.19999999999999996,False,MeanReversion,MeanReversion,False
2024-11-04 00:00:00+09:00,123208.5390625,121128.905859375,127730.763671875,52.53165051450595,275.09676271343005,0.026109084744985075,0.049373450187408824,-1,1,1,0.30000000000000004,False,Trend,MeanReversion,False
2024-11-05 00:00:00+09:00,124581.8828125,120967.047265625,126895.31302083333,57.69230965585229,715.3005021098479,0.02620997989866997,0.04941247439739308,-1,1,1,0.30000000000000004,False,Trend,Trend,False
2024-11-06 00:00:00+09:00,120363.7578125,120844.42734375,126290.387890625,49.71263874595013,717.8207095940925,0.025810164833005217,0.04767422545715743,-1,1,1,0.30000000000000004,False,Trend,Trend,False
2024-11-07 00:00:00+09:00,120363.7578125,120481.472265625,125585.73177083333,46.31901653145139,713.4320697676308,0.024096446467899067,0.04736071468110366,-1,1,1,0.30000000000000004,False,Trend,Trend,False
2024-11-08 00:00:00+09:00,120756.140625,120373.56640625,125562.84270833334,44.62026313408457,728.3580564615086,0.022693976402919685,0.02962742171738253,-1,1,-1,-0.19999999999999996,False,MeanReversion,Trend,False
2024-11-11 00:00:00+09:00,114379.8984375,119946.8484375,125499.08020833334,39.275769415410224,320.989721885112,0.025633964860252954,0.030154901377075945,-1,1,-1,-0.19999999999999996,False,MeanReversion,Trend,False
2024-11-12 00:00:00+09:00,109082.71875,119319.034375,125371.55546875,34.64373699957538,-261.57794346269156,0.027424620527639783,0.03072095557642725,-1,1,-1,-0.19999999999999996,False,MeanReversion,Trend,False
2024-11-13 00:00:00+09:00,109769.390625,118813.840234375,125229.31627604166,35.59322589528068,-540.9463791026169,0.027454742379704206,0.030677937224087837,-1,1,-1,-0.19999999999999996,False,MeanReversion,Trend,False
2024-11-14 00:00:00+09:00,104962.6875,118033.976953125,125067.45794270834,37.02771619670573,-964.9718892303376,0.028765659890642944,0.030952102850379026,-1,1,-1,-0.19999999999999996,False,MeanReversion,Trend,False
2024-11-15 00:00:00+09:00,106041.75,117200.161328125,124907.23450520834,33.687008592183616,-1079.6223551688036,0.028474078274693698,0.03096224519700353,-1,1,-1,-0.19999999999999996,False,MeanReversion,Trend,False
2024-11-18 00:00:00+09:00,107905.5625,116390.86953125,124696.32799479166,36.70885106113575,-941.8107807111824,0.02872224122691046,0.030548664892046624,-1,1,-1,-0.19999999999999996,False,MeanReversion,Trend,False
2024-11-19 00:00:00+09:00,107905.5625,115689.483203125,124485.421484375,36.989787211218704,-769.7827830578562,0.02865069650840432,0.030548664892046624,-1,1,-1,-0.19999999999999996,False,MeanReversion,Trend,False
2024-11-20 00:00:00+09:00,107905.5625,115017.525390625,124297.40416666666,40.730333999472485,-583.5720954538629,0.028682416707010362,0.03052338275950304,-1,1,-1,-0.19999999999999996,False,MeanReversion,Trend,False
2024-11-21 00:00:00+09:00,106728.421875,114281.805859375,124096.30755208334,32.62839835539232,-472.02573031826705,0.028659004242705954,0.030546428364800732,-1,1,-1,-0.19999999999999996,False,MeanReversion,MeanReversion,True
2024-11-22 00:00:00+09:00,107022.703125,113879.6125,123887.03619791666,20.640544078714115,-318.1464121265053,0.026433385486238727,0.030532638614523017,-1,1,-1,-0.19999999999999996,False,MeanReversion,MeanReversion,True
2024-11-25 00:00:00+09:00,106336.0390625,113291.03671875,123667.95533854167,16.058368488945234,-207.67674536685536,0.02549323867651523,0.0305380407618468,-1,1,-1,-0.19999999999999996,False,MeanReversion,MeanReversion,True
2024-11-26 00:00:00+09:00,107316.9921875,112746.60390625,123478.303125,22.406594713918423,-23.309639254338435,0.025665909043621496,0.030565232448350046,-1,1,-1,-0.19999999999999996,False,MeanReversion,MeanReversion,False
2024-11-27 00:00:00+09:00,106728.421875,112187.45703125,123257.58723958333,21.86230914649107,97.5999301532047,0.02566029144304809,0.030525642189468044,-1,1,-1,-0.19999999999999996,False,MeanReversion,MeanReversion,False
2024-11-28 00:00:00+09:00,107120.8046875,111824.50234375,122991.09322916667,21.86230914649107,234.77695227782715,0.025006206522043096,0.03031720473071055,-1,1,-1,-0.19999999999999996,False,MeanReversion,MeanReversion,False
2024-11-29 00:00:00+09:00,102216.0,111034.8296875,122673.91627604167,23.27582093425694,36.369817219641845,0.02542741206293162,0.030816448242117888,-1,1,-1,-0.19999999999999996,False,MeanReversion,MeanReversion,True
2024-12-02 00:00:00+09:00,101333.140625,109941.059765625,122328.94557291667,28.876968679994206,-105.38587666738567,0.022504736147514352,0.030800968803590012,-1,1,-1,-0.19999999999999996,False,MeanReversion,MeanReversion,True
2024-12-03 00:00:00+09:00,107415.0859375,109082.719921875,122070.62604166666,45.04130993890309,240.51528279748345,0.026860802436468854,0.031780944061369366,-1,1,1,0.30000000000000004,False,Trend,MeanReversion,False
2024-12-04 00:00:00+09:00,106728.421875,108400.953125,121753.44908854166,54.50002986560477,441.43257951883334,0.026096537331944426,0.03161295694337266,-1,1,1,0.30000000000000004,False,Trend,MeanReversion,False
2024-12-05 00:00:00+09:00,103098.8671875,107537.70859375,121419.92278645834,43.362806598130256,352.12986448273296,0.026813988841001668,0.03179158997653006,-1,1,-1,-0.19999999999999996,False,MeanReversion,MeanReversion,False
2024-12-06 00:00:00+09:00,100842.65625,106542.034375,120985.03072916667,34.34780500979937,172.44527901483252,0.02686675118857499,0.03157626134495224,-1,1,-1,-0.19999999999999996,False,MeanReversion,MeanReversion,True
2024-12-09 00:00:00+09:00,97605.4921875,105703.3140625,120471.66184895833,30.038000821852194,-117.46472339208867,0.025342511180999897,0.03172634836699566,-1,1,-1,-0.19999999999999996,False,MeanReversion,MeanReversion,True
2024-12-10 00:00:00+09:00,104668.3984375,105482.598046875,119938.67369791666,45.07462409800043,196.32983003124446,0.02902559035506907,0.03201397060623374,-1,1,1,0.30000000000000004,False,Trend,MeanReversion,False
2024-12-11 00:00:00+09:00,108984.625,105443.359765625,119489.0671875,53.133512089010964,696.330918029043,0.030507563227775866,0.03253310786842905,-1,1,1,0.30000000000000004,False,Trend,Trend,False
2024-12-12 00:00:00+09:00,109573.203125,105673.885546875,119001.85729166666,53.513522472449445,1047.354877402323,0.028670305096230392,0.03239824313363148,-1,1,1,0.30000000000000004,False,Trend,Trend,False
2024-12-13 00:00:00+09:00,109475.1015625,105845.553125,118375.67799479167,54.39559381650004,1240.3921756594336,0.028613177163654423,0.03137672531808498,-1,1,1,0.30000000000000004,False,Trend,Trend,False
2024-12-16 00:00:00+09:00,109769.390625,105938.74453125,117906.45221354166,53.50139974786915,1346.5015096031116,0.0283727948282565,0.030413092301542814,-1,1,1,0.30000000000000004,False,Trend,Trend,False
2024-12-17 00:00:00+09:00,108297.9453125,105958.363671875,117411.06744791666,52.18577504879122,1276.8096609222812,0.028554130240903284,0.030432631132312007,-1,1,1,0.30000000000000004,False,Trend,Trend,False
2024-12-18 00:00:00+09:00,107905.5625,105958.363671875,116958.19114583333,51.09288208441072,1166.5355390493964,0.02856687686759391,0.030345678114684218,-1,1,1,0.30000000000000004,False,Trend,Trend,False
2024-12-19 00:00:00+09:00,107513.1796875,105997.6015625,116477.52096354167,58.43749556683642,1033.9472157775917,0.028465614593366554,0.030296632851295174,-1,1,1,0.30000000000000004,False,Trend,Trend,False
2024-12-20 00:00:00+09:00,107316.9921875,106012.316015625,116006.66041666667,59.744404555894896,904.4874340095462,0.02846382160878189,0.03029691649859341,-1,1,1,0.30000000000000004,False,Trend,Trend,False
2024-12-23 00:00:00+09:00,108199.8515625,106105.506640625,115346.14752604166,51.53845729720391,850.5757980197011,0.02847396647073257,0.027926235044358615,-1,1,1,0.30000000000000004,False,Trend,Trend,False
2024-12-24 00:00:00+09:00,107022.703125,106090.7921875,114729.777734375,50.5660248072378,713.4388928987842,0.028520192711371507,0.027800698967365426,-1,1,1,0.30000000000000004,False,Trend,Trend,False
2024-12-26 00:00:00+09:00,106041.75,106056.45859375,114008.77252604166,56.302530287997406,542.2215995473275,0.02856890567556202,0.027276653000346828,-1,1,1,0.30000000000000004,False,Trend,Trend,False
2024-12-27 00:00:00+09:00,103098.8671875,105855.36171875,113312.29114583334,54.69388604256622,232.1772706041379,0.02921334234213076,0.027249491861020454,-1,1,1,0.30000000000000004,False,Trend,Trend,False
2024-12-30 00:00:00+09:00,102804.578125,105884.790625,112780.93802083333,62.32558070618584,19.86976788855418,0.027239689986920796,0.025776173502761634,-1,1,1,0.30000000000000004,False,Trend,Trend,False
2025-01-02 00:00:00+09:00,101431.234375,105889.6953125,112319.88697916667,39.490457491540006,-188.95671201868413,0.027343078556914296,0.025321649438045688,-1,1,-1,-0.19999999999999996,False,MeanReversion,Trend,False
2025-01-03 00:00:00+09:00,106041.75,105821.028515625,111956.93190104167,40.62501555495603,-2.34772862746604,0.0259306535704554,0.02606875972861094,-1,1,-1,-0.19999999999999996,False,MeanReversion,Trend,False
2025-01-06 00:00:00+09:00,113595.1328125,106164.3640625,111803.24817708334,58.874449620944795,610.1424508154673,0.030159961098947446,0.027220229466325654,-1,1,1,0.30000000000000004,False,Trend,Trend,False
2025-01-07 00:00:00+09:00,113693.234375,106694.082421875,111571.08776041666,59.30737482938293,980.2896954121711,0.028839384823374465,0.026719284648149856,-1,1,1,0.30000000000000004,False,Trend,Trend,False
2025-01-08 00:00:00+09:00,112908.4609375,107297.37265625,111404.32447916667,56.779659587018855,1120.5600547579493,0.028284856576390044,0.02631572952660024,-1,1,1,0.30000000000000004,False,Trend,Trend,False
2025-01-09 00:00:00+09:00,113202.7578125,108077.2359375,111242.46614583333,61.160744760734524,1175.7045952690391,0.02683538041805164,0.026320247587549927,-1,1,1,0.30000000000000004,False,Trend,Trend,False
2025-01-10 00:00:00+09:00,113497.0390625,108518.66796875,111106.766796875,62.78028507337903,1171.9224880158904,0.02245395413485282,0.026297981997498884,-1,1,1,0.30000000000000004,False,Trend,Trend,False
2025-01-13 00:00:00+09:00,115360.8671875,108837.480078125,111031.56002604167,66.80674181065694,1228.8983302639124,0.020998798183780393,0.026332426000956914,-1,1,1,0.30000000000000004,False,Trend,Trend,False
2025-01-14 00:00:00+09:00,113104.65625,109014.052734375,110907.305078125,61.3899600839955,1055.237134701912,0.021582756863478676,0.026433327754058048,-1,1,1,0.30000000000000004,False,Trend,Trend,False
2025-01-15 00:00:00+09:00,111927.5,109136.67265625,110727.46236979167,57.25190584448844,812.5783692606531,0.021746043538384746,0.026343854695712824,-1,1,1,0.30000000000000004,False,Trend,Trend,False
2025-01-16 00:00:00+09:00,120559.953125,109676.20078125,110668.60494791667,70.41419142380776,1163.5681599882346,0.027224720711146243,0.02806446343636179,-1,1,-1,-0.19999999999999996,False,MeanReversion,Trend,False
2025-01-17 00:00:00+09:00,122227.578125,110372.682421875,110673.509765625,73.91301136077703,1421.1148329943862,0.02694700379850047,0.028032652150704912,-1,1,-1,-0.19999999999999996,False,MeanReversion,MeanReversion,False
2025-01-20 00:00:00+09:00,120952.3359375,111025.02109375,110666.97005208333,77.74388704138242,1415.5462309337831,0.02711975304347385,0.028058793050448706,1,1,-1,0.5,False,Trend,MeanReversion,False
2025-01-21 00:00:00+09:00,120559.953125,111677.359765625,110652.25572916666,77.50758892476918,1298.4696937691488,0.027112752891684935,0.028061569499354358,1,1,-1,0.5,False,Trend,Trend,False
2025-01-22 00:00:00+09:00,123110.4453125,112467.032421875,110786.3203125,82.40467852100629,1302.4874210088637,0.027256343458814197,0.02728194654205085,1,1,-1,0.5,False,Trend,Trend,False
2025-01-23 00:00:00+09:00,122227.578125,113168.41875,110854.98736979166,77.22769752896264,1160.1164646330203,0.027433544111242707,0.027103647050083425,1,1,-1,0.5,False,Trend,Trend,False
2025-01-24 00:00:00+09:00,123600.921875,113997.3296875,110944.90859375,71.24998050446806,1074.7972091978813,0.027155072474195574,0.027138190597780974,1,1,-1,0.5,False,Trend,Trend,False
2025-01-31 00:00:00+09:00,127230.4765625,115056.766015625,111100.22721354167,74.99997835833234,1171.2458618527803,0.027281400972576492,0.027377029756256957,1,1,-1,0.5,False,Trend,Trend,False
2025-02-03 00:00:00+09:00,120167.5703125,115910.201171875,111196.68841145834,60.882360795083216,691.5297363922282,0.029997159335616037,0.028108052534353802,1,1,1,1.0,False,Trend,Trend,False
2025-02-04 00:00:00+09:00,124385.6875,116989.256640625,111302.958984375,64.99998847295346,594.184627267729,0.030467175150354107,0.028170936689608118,1,1,1,1.0,False,Trend,Trend,False
2025-02-05 00:00:00+09:00,120559.953125,117945.692578125,111258.81588541667,58.653853333060205,226.9111731290177,0.031418221066408424,0.02791571150471434,1,1,1,1.0,False,Trend,Trend,False
2025-02-06 00:00:00+09:00,123895.2109375,118838.365625,111247.37135416667,60.092805366686896,166.1855586328311,0.03061260465260255,0.02810606603131069,1,1,1,1.0,False,Trend,Trend,False
2025-02-07 00:00:00+09:00,116439.921875,118980.605078125,111181.97408854167,53.51240152187556,-388.22473511926364,0.030866901612890345,0.028893256952989662,1,1,-1,0.5,False,Trend,Trend,False
2025-02-10 00:00:00+09:00,115262.765625,119059.081640625,111096.95755208333,53.51240152187556,-821.4633059174175,0.030972176921454736,0.02891973031831177,1,1,-1,0.5,False,Trend,Trend,False
2025-02-11 00:00:00+09:00,114379.8984375,119132.653515625,110990.68684895833,42.222205179605254,-1135.3895849853943,0.03098250909845203,0.028928735769900047,1,1,-1,0.5,False,Trend,Trend,False
2025-02-12 00:00:00+09:00,114085.6171875,119176.796484375,110985.78216145834,39.3861863410614,-1317.9267347557297,0.030986946945121423,0.028070185411387942,1,1,-1,0.5,False,Trend,Trend,False
2025-02-13 00:00:00+09:00,114478.0,119225.84453125,111075.703515625,41.3612475938169,-1361.7177067794469,0.03099065191147789,0.027374580038907727,1,1,-1,0.5,False,Trend,Trend,False
2025-02-14 00:00:00+09:00,116832.296875,119299.416015625,111193.41861979167,45.273615972035934,-1187.9412652564058,0.031113332762764078,0.027482428661030248,1,1,-1,0.5,False,Trend,Trend,False
2025-02-17 00:00:00+09:00,116145.6328125,119451.46484375,111379.80104166667,40.73106300368555,-1078.2668964727548,0.030788075767787738,0.02683455869709399,1,1,-1,0.5,False,Trend,Trend,False
2025-02-18 00:00:00+09:00,112810.3671875,119495.608203125,111492.611328125,38.2352855058961,-1181.0897523931158,0.0314406710280025,0.027102087699893977,1,1,-1,0.5,False,Trend,Trend,False
2025-02-19 00:00:00+09:00,115655.15625,119250.368359375,111621.77122395833,40.42553391784767,-1014.623013111317,0.026949278009004873,0.027195827612102826,1,1,-1,0.5,False,Trend,Trend,False
2025-02-20 00:00:00+09:00,121639.0,119220.939453125,111850.66184895833,43.62414708338463,-485.4575662734147,0.029235920861165103,0.02792932989268977,1,1,-1,0.5,False,Trend,Trend,False
2025-02-21 00:00:00+09:00,116930.3984375,119019.842578125,112001.07578125,46.09928036477685,-437.9597476590553,0.030463608538031463,0.028437576927709894,1,1,-1,0.5,False,Trend,Trend,False
2025-02-24 00:00:00+09:00,116439.921875,118813.841015625,112162.93411458333,39.48051824472649,-424.66269905482056,0.030466924157928493,0.028401338463561784,1,1,-1,0.5,False,Trend,Trend,False
2025-02-25 00:00:00+09:00,116832.296875,118499.93359375,112326.42734375,44.57140815720049,-376.1896673659994,0.030028896881214618,0.028401922300727328,1,1,-1,0.5,False,Trend,Trend,False
2025-02-26 00:00:00+09:00,116243.7265625,118200.741015625,112491.55546875,37.88818431715325,-369.95427320014426,0.03001549784802947,0.02839595145616146,1,1,-1,0.5,False,Trend,Trend,False
2025-02-27 00:00:00+09:00,118205.6484375,117930.97734375,112673.03307291666,53.38346157312332,-226.90982800622123,0.03017434349252879,0.02844736109870702,1,1,-1,0.5,False,Trend,Trend,False
2025-02-28 00:00:00+09:00,114968.4765625,117317.87734375,112810.36731770834,49.47734920909333,-336.89158994332286,0.029752331443104206,0.028685958882267746,1,1,-1,0.5,False,Trend,Trend,False
2025-03-04 00:00:00+09:00,113497.0390625,116984.35078125,112916.637890625,48.464169203144564,-486.2469640662571,0.027215788261624248,0.02874171762615771,1,1,-1,0.5,False,Trend,Trend,False
2025-03-05 00:00:00+09:00,114183.7109375,116474.251953125,113116.09973958334,50.16834655685974,-513.6177462398049,0.025870444722261274,0.028052667305312473,1,1,-1,0.5,False,Trend,Trend,False
2025-03-06 00:00:00+09:00,115949.4375,116243.726171875,113359.7046875,52.41157490396926,-393.06273975851974,0.025408277683716823,0.028071381383312926,1,1,-1,0.5,False,Trend,Trend,False
2025-03-07 00:00:00+09:00,114870.3828125,115792.484765625,113483.95963541667,46.64430113136327,-366.76183134954215,0.02449358320303131,0.02712485588537829,1,1,-1,0.5,False,Trend,Trend,False
2025-03-10 00:00:00+09:00,112221.7890625,115581.578125,113575.51575520834,43.71068016797833,-500.24469452336916,0.020912525438454357,0.027291833470902544,1,1,-1,0.5,False,Trend,Trend,False
2025-03-11 00:00:00+09:00,110652.2578125,115351.052734375,113701.40559895833,46.33333351031436,-656.8761312305123,0.021012810504003932,0.02696694574939542,1,1,-1,0.5,False,Trend,Trend,False
2025-03-12 00:00:00+09:00,111338.9296875,115199.004296875,113876.34348958333,42.086314756335724,-674.3230005215024,0.021045555658389826,0.026799422560167697,1,1,-1,0.5,False,Trend,Trend,False
2025-03-13 00:00:00+09:00,110456.0625,115017.5265625,114090.51966145834,24.778748275903382,-702.2444834109989,0.021096489713608512,0.026451616803787357,1,1,-1,0.5,False,Trend,Trend,False
2025-03-14 00:00:00+09:00,110456.0625,114816.4296875,114186.98072916667,31.460655556534917,-677.3244823112557,0.021067181573773536,0.024909113806603798,1,1,-1,0.5,False,Trend,Trend,False
2025-03-17 00:00:00+09:00,109671.296875,114458.3796875,114198.42526041667,30.939205855978344,-669.128959720798,0.020433523983820926,0.024381466386980775,1,1,-1,0.5,False,Trend,Trend,False
2025-03-18 00:00:00+09:00,109769.390625,114139.567578125,114201.69505208333,29.77528592610888,-613.9785360474984,0.02044213488727579,0.024371869174186957,-1,1,-1,-0.19999999999999996,False,MeanReversion,Trend,False
2025-03-19 00:00:00+09:00,108592.2421875,113928.661328125,114186.98072916667,28.80434876702985,-612.27236231304,0.01959300711858566,0.02441161739659574,-1,1,-1,-0.19999999999999996,False,MeanReversion,Trend,False
2025-03-20 00:00:00+09:00,107611.28125,113526.467578125,114151.01223958333,18.965503825762895,-630.2377290156287,0.018593596862389587,0.02443578844148364,-1,1,-1,-0.19999999999999996,False,MeanReversion,Trend,False
2025-03-21 00:00:00+09:00,106826.515625,112785.843359375,114126.48841145834,22.147646701961904,-645.6338961900324,0.013561522265569798,0.024392362209712252,-1,1,-1,-0.19999999999999996,False,MeanReversion,Trend,False
2025-03-24 00:00:00+09:00,106630.3203125,112270.839453125,114105.234375,24.26469296473408,-619.5799337657047,0.011138165630920814,0.024389223873253343,-1,1,-1,-0.19999999999999996,False,MeanReversion,Trend,False
2025-03-25 00:00:00+09:00,106728.421875,111785.264453125,114092.155078125,20.7692500905155,-548.7181378652197,0.01120671881539455,0.024385413703405866,-1,1,-1,-0.19999999999999996,False,MeanReversion,Trend,False
2025-03-26 00:00:00+09:00,104668.3984375,111177.06953125,114048.01184895834,6.766938904314827,-589.9622085445817,0.011538546885774737,0.024512631152647214,-1,1,-1,-0.19999999999999996,False,MeanReversion,Trend,False
2025-03-27 00:00:00+09:00,102115.515625,110470.658984375,113946.60625,6.080100632883131,-729.4184728998057,0.012308743980641088,0.024683919103195798,-1,1,-1,-0.19999999999999996,False,MeanReversion,Trend,False
2025-03-28 00:00:00+09:00,103602.6328125,109740.508203125,113889.605078125,17.740565905326875,-663.6358556773375,0.012091154735351443,0.02472769494801434,-1,1,-1,-0.19999999999999996,False,MeanReversion,Trend,False
2025-03-31 00:00:00+09:00,100529.25,109018.546875,113797.730078125,15.945556834016571,-762.1898126009182,0.012316675518345414,0.024997702371680728,-1,1,-1,-0.19999999999999996,False,MeanReversion,Trend,False
2025-04-01 00:00:00+09:00,104990.609375,108593.225390625,113829.25911458333,32.96910951068925,-475.99356056342367,0.016541828024190023,0.025379687626825943,-1,1,-1,-0.19999999999999996,False,MeanReversion,Trend,False
2025-04-02 00:00:00+09:00,107667.421875,108267.4109375,113910.30651041666,43.17567066348634,-76.44693877549162,0.017662453697260414,0.025577784484103926,-1,1,-1,-0.19999999999999996,False,MeanReversion,MeanReversion,False
2025-04-03 00:00:00+09:00,106676.015625,107803.73984375,113997.71953125,41.1776032348387,139.277691716773,0.0171718740983673,0.02554394822557932,-1,1,-1,-0.19999999999999996,False,MeanReversion,MeanReversion,False
2025-04-04 00:00:00+09:00,109352.828125,107527.862109375,114052.90416666666,49.317032176087885,462.2573266549566,0.018289564770192068,0.025097084856378068,-1,1,1,0.30000000000000004,False,Trend,MeanReversion,False
2025-04-07 00:00:00+09:00,103106.9296875,107072.119140625,113878.10078125,38.69346134050621,265.0510494390601,0.021803942516817186,0.024614231307725918,-1,1,-1,-0.19999999999999996,False,MeanReversion,MeanReversion,False
2025-04-08 00:00:00+09:00,103206.0703125,106699.809765625,113703.31471354167,40.512244919303924,156.46166392493615,0.021705572830904234,0.024614401474483485,-1,1,-1,-0.19999999999999996,False,MeanReversion,MeanReversion,False
2025-04-09 00:00:00+09:00,100330.96875,106149.41171875,113493.68984375,37.977950890055816,-81.05773145609419,0.02225717071844559,0.024845334973185848,-1,1,-1,-0.19999999999999996,False,MeanReversion,MeanReversion,True
2025-04-10 00:00:00+09:00,107667.421875,106009.9796875,113401.43424479167,51.141583699734085,264.92551102456673,0.02794596638695995,0.026548469719318568,-1,1,1,0.30000000000000004,False,Trend,MeanReversion,False
2025-04-11 00:00:00+09:00,107766.5703125,105875.505078125,113305.92643229167,51.5466068441181,496.0281929898615,0.027948940522541182,0.026545679556784454,-1,1,1,0.30000000000000004,False,Trend,MeanReversion,False
2025-04-14 00:00:00+09:00,109055.40625,105844.710546875,113200.83541666667,53.06792712470542,717.8037090977878,0.02806104018816118,0.02650353881474926,-1,1,1,0.30000000000000004,False,Trend,Trend,False
2025-04-15 00:00:00+09:00,108956.265625,105804.054296875,113131.69557291667,55.961416601514514,831.8938578202849,0.02805996129121354,0.026388204474247962,-1,1,1,0.30000000000000004,False,Trend,Trend,False
2025-04-16 00:00:00+09:00,110542.5234375,105901.568359375,113108.61263020833,62.03966024637473,978.1702468631831,0.028134500462243535,0.026426759111108703,-1,1,1,0.30000000000000004,False,Trend,Trend,False
2025-04-17 00:00:00+09:00,114706.453125,106256.326953125,113011.054296875,64.736840686396,1299.22384705881,0.029142415757687175,0.025046633105058703,-1,1,1,0.30000000000000004,False,Trend,Trend,False
2025-04-18 00:00:00+09:00,114409.03125,106635.452734375,112880.74518229166,69.88637330341257,1425.3200288280764,0.029071801554472816,0.024974282313670347,-1,1,1,0.30000000000000004,False,Trend,Trend,False
2025-04-21 00:00:00+09:00,114409.03125,107024.38828125,112771.69010416667,65.4723200612754,1438.3426840406128,0.029057175371959156,0.024944157191967915,-1,1,1,0.30000000000000004,False,Trend,Trend,False
2025-04-22 00:00:00+09:00,113615.8984375,107368.762109375,112655.955859375,60.41666951684428,1325.9162171858559,0.029147513820228916,0.02495459651813182,-1,1,1,0.30000000000000004,False,Trend,Trend,False
2025-04-23 00:00:00+09:00,113516.7578125,107811.180078125,112496.06106770833,62.36558167936862,1182.0211809908453,0.028680738795117025,0.024788129696737,-1,1,1,0.30000000000000004,False,Trend,Trend,False
2025-04-24 00:00:00+09:00,116391.859375,108524.997265625,112398.79908854167,62.63345105911135,1213.060593417888,0.028207965485214634,0.025007203561503596,-1,1,1,0.30000000000000004,False,Trend,Trend,False
2025-04-25 00:00:00+09:00,118771.25,109283.428125,112318.30455729166,82.64461652731471,1317.718467478709,0.028322670725445417,0.025108020566991122,-1,1,-1,-0.19999999999999996,False,MeanReversion,Trend,False
2025-04-28 00:00:00+09:00,119167.8125,110215.35625,112183.92682291666,82.8571299915634,1333.4898227439112,0.026982068003730656,0.02481212577550927,-1,1,-1,-0.19999999999999996,False,MeanReversion,MeanReversion,False
2025-04-29 00:00:00+09:00,122042.9140625,111067.971484375,112215.18255208334,94.69388122690026,1447.857349148369,0.02598517554389119,0.023898351078331305,-1,1,-1,-0.19999999999999996,False,MeanReversion,MeanReversion,False
2025-04-30 00:00:00+09:00,123331.75,111851.187890625,112197.61692708333,92.93478819482513,1513.4959846282723,0.025665784088485542,0.023513300375585203,-1,1,-1,-0.19999999999999996,False,MeanReversion,MeanReversion,False
2025-05-02 00:00:00+09:00,124521.4453125,112743.459375,112263.641796875,93.33333602740845,1535.3749230029407,0.025390304585787973,0.023186661273919013,1,1,-1,0.5,False,Trend,MeanReversion,False
2025-05-07 00:00:00+09:00,122241.1953125,113387.877734375,112236.07486979167,82.43902382770952,1303.735967452677,0.02570243761092745,0.023044156589501687,1,1,-1,0.5,False,Trend,Trend,False
2025-05-08 00:00:00+09:00,124124.875,114438.775,112364.157421875,84.30492655539724,1188.1005912319952,0.02080781302375801,0.021647485006482094,1,1,-1,0.5,False,Trend,Trend,False
2025-05-09 00:00:00+09:00,124422.3046875,115499.58671875,112516.81640625,83.33333333333333,1047.2971178659577,0.02078013555423032,0.02159775251765736,1,1,-1,0.5,False,Trend,Trend,False
2025-05-12 00:00:00+09:00,122142.0546875,116590.141015625,112646.18567708334,69.63351454963205,731.2114218323086,0.019948863784127094,0.021718506905760923,1,1,1,1.0,False,Trend,Trend,False
2025-05-13 00:00:00+09:00,121646.34375,117289.087109375,112772.19778645833,68.91190059725918,434.05049412536664,0.014117754499956081,0.021723628502041858,1,1,1,1.0,False,Trend,Trend,False
2025-05-14 00:00:00+09:00,122439.4765625,118022.732421875,112904.8890625,70.14924085813004,245.5906197129798,0.014064970873276569,0.02173288487659264,1,1,-1,0.5,False,Trend,Trend,False
2025-05-15 00:00:00+09:00,120258.3671875,118582.88046875,112961.990234375,65.581391086986,-55.22710108626734,0.015003495149827777,0.021721219431862438,1,1,-1,0.5,False,Trend,Trend,False
2025-05-16 00:00:00+09:00,122042.9140625,119237.212890625,113060.27825520834,68.53448012331094,-157.4943901519814,0.015092661069106826,0.021781715016603337,1,1,-1,0.5,False,Trend,Trend,False
2025-05-19 00:00:00+09:00,120258.3671875,119723.005078125,113184.41158854167,58.823516826997654,-357.36535838490363,0.015601092816458162,0.021523711132032153,1,1,-1,0.5,False,Trend,Trend,False
2025-05-20 00:00:00+09:00,120952.359375,120035.300390625,113272.69830729166,55.392153833079675,-448.9457748075565,0.013581436880316712,0.021305089794007703,1,1,-1,0.5,False,Trend,Trend,False
2025-05-21 00:00:00+09:00,125116.2890625,120570.66328125,113330.653125,62.39668277758114,-245.38443145732617,0.01518984267258399,0.020749366348338016,1,1,-1,0.5,False,Trend,Trend,False
2025-05-22 00:00:00+09:00,123926.59375,121046.54140625,113447.25638020833,54.22220868001672,-208.60153261548066,0.015485289026174813,0.020123056197317246,1,1,-1,0.5,False,Trend,Trend,False
2025-05-23 00:00:00+09:00,134138.140625,122072.653515625,113742.22669270834,67.30156617662878,449.79573401996777,0.022615770856687176,0.022498900940395358,1,1,1,1.0,False,Trend,Trend,False
2025-05-26 00:00:00+09:00,134237.28125,123108.6796875,114032.309765625,66.11839896811307,816.9192531377216,0.02258420415289057,0.022499464398945228,1,1,1,1.0,False,Trend,Trend,False
2025-05-27 00:00:00+09:00,135129.5625,124045.56484375,114347.07369791667,72.41377811146191,1030.9872662492926,0.022243313518869018,0.022485171888635684,1,1,-1,0.5,False,Trend,Trend,False
2025-05-28 00:00:00+09:00,134633.859375,124838.6953125,114620.87721354167,69.20289875761821,1046.9735056411646,0.022163105011430692,0.02242058150725944,1,1,1,1.0,False,Trend,Trend,False
2025-05-29 00:00:00+09:00,133146.734375,125537.64140625,114923.84817708333,65.27776067673084,872.3114093416993,0.02249645340729534,0.022145007791576896,1,1,1,1.0,False,Trend,Trend,False
2025-05-30 00:00:00+09:00,132551.890625,126063.090234375,115241.42903645833,69.3726837481081,642.2658360973501,0.02217326632474635,0.022072878756652634,1,1,1,1.0,False,Trend,Trend,False
2025-06-02 00:00:00+09:00,133146.734375,126553.839453125,115557.47942708334,71.32352600338848,464.025564707541,0.0221229622907052,0.02206967862757663,1,1,-1,0.5,False,Trend,Trend,False
2025-06-04 00:00:00+09:00,132948.453125,126975.18984375,115840.79635416667,69.92480957991305,275.92650969893566,0.02210967503011,0.022011324758751675,1,1,1,1.0,False,Trend,Trend,False
2025-06-05 00:00:00+09:00,136120.96875,127669.178515625,116194.97278645834,78.98550248782071,305.9961128335408,0.02193117125096037,0.022126702181234678,1,1,-1,0.5,False,Trend,Trend,False
2025-06-09 00:00:00+09:00,138698.640625,128397.866796875,116636.25364583333,79.57745638644799,432.5743404797149,0.022027173066148042,0.021949858191098282,1,1,-1,0.5,False,Trend,Trend,False
2025-06-10 00:00:00+09:00,139392.640625,129146.38359375,117115.26002604167,85.34799602700964,491.8094015489014,0.02201523049090161,0.021828202857810584,1,1,-1,0.5,False,Trend,Trend,False
2025-06-11 00:00:00+09:00,138500.359375,129964.298828125,117567.95052083333,82.1817974459091,403.37617403730746,0.021476266771905665,0.021865969108829625,1,1,-1,0.5,False,Trend,Trend,False
2025-06-12 00:00:00+09:00,134435.5625,130603.759765625,117967.60885416667,67.15326199963475,23.64122846078135,0.022854642210492816,0.02224057136693935,1,1,1,1.0,False,Trend,Trend,False
2025-06-13 00:00:00+09:00,131163.90625,131039.98125,118312.73958333333,62.37287556069384,-468.20715859277243,0.023788435835178146,0.02252763389093468,1,1,-1,0.5,False,Trend,Trend,False
2025-06-16 00:00:00+09:00,131163.90625,131585.258203125,118670.94973958333,42.18751667352077,-794.6859760631305,0.023270665622783144,0.022492800305366017,1,1,-1,0.5,False,Trend,Trend,False
2025-06-17 00:00:00+09:00,131560.46875,132061.1359375,119034.134375,43.07693302426929,-973.2808495716044,0.023142453751668856,0.022491128775550154,1,1,-1,0.5,False,Trend,Trend,False
2025-06-18 00:00:00+09:00,130668.203125,132581.627734375,119402.06705729167,38.461532244442054,-1129.8543896788874,0.022875601482841436,0.022455606333011927,1,1,-1,0.5,False,Trend,Trend,False
2025-06-19 00:00:00+09:00,132155.328125,133141.776171875,119811.13450520833,43.902442774618024,-1109.9952232392016,0.022929869587597893,0.02242275040414307,1,1,-1,0.5,False,Trend,Trend,False
2025-06-20 00:00:00+09:00,144250.5625,134098.48984375,120434.86861979167,67.94872636770182,-301.0778432484535,0.028921961856627383,0.02486562670923789,1,1,-1,0.5,False,Trend,Trend,False
2025-06-23 00:00:00+09:00,140879.75,134946.14765625,121005.69244791666,62.35292481626466,-26.319610083862244,0.029514959245488148,0.02512537053619809,1,1,-1,0.5,False,Trend,Trend,False
2025-06-24 00:00:00+09:00,144448.84375,135461.6828125,121634.36614583334,65.40540033999712,342.1833293373397,0.02455460257066326,0.025257128808648444,1,1,1,1.0,False,Trend,Trend,False
2025-06-25 00:00:00+09:00,137608.09375,135630.2234375,122183.36106770833,55.37757164727883,85.01428764069351,0.02719551233015712,0.026001987239394658,1,1,1,1.0,False,Trend,Trend,False
2025-06-26 00:00:00+09:00,131758.75,135461.6828125,122677.41497395834,45.258622153716146,-487.7571384115349,0.028922822085705523,0.026467845026664816,1,1,-1,0.5,False,Trend,Trend,False
2025-06-27 00:00:00+09:00,130073.3515625,135233.657421875,123118.59361979166,40.439571021301894,-961.4714408402497,0.02903612028061118,0.026524283831244173,1,1,-1,0.5,False,Trend,Trend,False
