Date,Close,High,Low,Volume,MA20,MA60,Vol20,Vol60,RSI14,MACD,MACD_signal,MACD_hist,Return,sig_trend,sig_vol,sig_mom,composite,strategy
2018-01-02 00:00:00+09:00,296888.75,298313.816,294513.64,96717,,,,,,0.0,0.0,0.0,,-1,-1,-1,-1.0,Defensive
2018-01-03 00:00:00+09:00,295938.6875,299738.86326243985,291188.46779695025,110395,,,,,,-75.78846153843915,-15.157692307687832,-60.63076923075132,-0.0032000623129033734,-1,-1,-1,-1.0,Defensive
2018-01-04 00:00:00+09:00,284063.15625,298313.8162625418,284063.15625,199790,,,,,,-1081.6390258601168,-228.45395901817363,-853.1850668419431,-0.04012835006575477,-1,-1,-1,-1.0,Defensive
2018-01-05 00:00:00+09:00,285013.125,288338.278125,284063.08125,118881,,,,,,-1781.5912312305882,-539.0814134606566,-1242.5098177699315,0.0033442166965291786,-1,-1,-1,-1.0,Defensive
2018-01-08 00:00:00+09:00,285013.125,286438.190625,280737.928125,116247,,,,,,-2309.6837997546536,-893.2018907194561,-1416.4819090351975,0.0,-1,-1,-1,-1.0,Defensive
2018-01-09 00:00:00+09:00,283113.125,285963.25713087246,282163.0809563758,185727,,,,,,-2848.677307290549,-1284.2969740336748,-1564.380333256874,-0.006666359663261123,-1,-1,-1,-1.0,Defensive
2018-01-10 00:00:00+09:00,290238.40625,292138.49401595746,284063.1210106383,311863,,,,,,-2670.1036045647343,-1561.458300139887,-1108.6453044248474,0.025167611886591335,-1,-1,-1,-1.0,Defensive
2018-01-11 00:00:00+09:00,292138.5,297363.7414634146,291188.456097561,203999,,,,,,-2348.192471607821,-1718.8051344334738,-629.3873371743473,0.0065466654621970655,-1,-1,-1,-1.0,Defensive
2018-01-12 00:00:00+09:00,285013.125,294038.54062499997,284538.10312499997,171967,,,,,,-2637.6288492443273,-1902.5698773956447,-735.0589718486826,-0.02439040044362517,-1,-1,-1,-1.0,Defensive
2018-01-15 00:00:00+09:00,284063.15625,286913.2882525084,283113.11224916385,138348,,,,,,-2910.117776461004,-2104.0794572087166,-806.0383192522872,-0.00333307018755713,-1,-1,-1,-1.0,Defensive
2018-01-16 00:00:00+09:00,289763.4375,292138.54764344264,284063.1731557377,142557,,,,,,-2635.719226257992,-2210.407411018572,-425.31181523941996,0.020066950340378753,-1,-1,-1,-1.0,Defensive
2018-01-17 00:00:00+09:00,288813.34375,291663.4754317434,286438.2340152138,139237,,,,,,-2466.4888752299594,-2261.6237038608497,-204.8651713691097,-0.003278860018355534,-1,-1,-1,-1.0,Defensive
2018-01-18 00:00:00+09:00,292138.5,292613.52195121953,286913.2585365854,123510,,,,,,-2040.5382284104708,-2217.406608770774,176.86838036030304,0.011513166970838817,-1,-1,-1,-1.0,Defensive
2018-01-19 00:00:00+09:00,294038.5625,296413.6720516963,288813.3214862682,229427,,,,,,-1531.990277444711,-2080.3233425055614,548.3330650608505,0.00650397842119399,-1,-1,-1,-1.0,Defensive
2018-01-22 00:00:00+09:00,297363.71875,301638.91598442494,295463.63109025557,173946,,,,,50.49499597789307,-850.842064836761,-1834.4270869718014,983.5850221350404,0.011308571983649207,-1,-1,1,-0.5,Defensive
2018-01-23 00:00:00+09:00,297363.71875,299263.80640974443,293563.5434305112,180452,,,,,51.515121310046155,-307.48272943357006,-1529.0382154641552,1221.5554860305851,0.0,-1,-1,1,-0.5,Defensive
2018-01-24 00:00:00+09:00,290238.40625,296888.71343085106,287388.27460106387,213350,,,,,57.303364142229476,-446.67076888197334,-1312.5647261477188,865.8939572657455,-0.023961606782266553,-1,-1,1,-0.5,Defensive
2018-01-25 00:00:00+09:00,294513.625,294988.64697580645,287388.2953629032,118147,,,,,60.41675803692821,-209.587870798714,-1091.969355077918,882.381484279204,0.014730024207469938,-1,-1,1,-0.5,Defensive
2018-01-26 00:00:00+09:00,296413.71875,298313.8066907051,292613.54286858975,116354,,,,,62.000096048397864,130.1237344892579,-847.5507371644828,977.6744716537407,0.006451632755530401,-1,-1,1,-0.5,Defensive
2018-01-29 00:00:00+09:00,295938.6875,298313.7973515249,293563.5776484751,128833,290903.44375,,,,63.91749430981208,356.90242826769827,-606.6601040780467,963.562532345745,-0.0016025953589572373,-1,-1,1,-0.5,Defensive
2018-01-30 00:00:00+09:00,294038.5625,297363.7158723748,293563.54058966076,112114,290760.934375,,0.015581170520637415,,54.65112987975641,378.9338558346499,-409.54131209550746,788.4751679301573,-0.006420671173653192,-1,-1,1,-0.5,Defensive
2018-01-31 00:00:00+09:00,284538.1875,293088.5837854758,280738.0113731219,319497,290190.909375,,0.01718106617341555,,42.15690447812022,-365.98806109529687,-400.83066189546537,34.8426008001685,-0.03230996274510767,-1,-1,-1,-1.0,Defensive
2018-02-01 00:00:00+09:00,285013.125,287388.234375,283588.059375,234176,290238.4078125,,0.0145287576075215,,50.0,-907.5587873384939,-502.1762869840711,-405.38250035442275,0.0016691520536238347,-1,-1,-1,-1.0,Defensive
2018-02-02 00:00:00+09:00,286913.25,290238.4035596026,285013.1622516556,193361,290333.4140625,,0.014585439894986408,,53.333289475703964,-1169.946863029385,-635.7304021931338,-534.2164608362511,0.006666798239554739,-1,-1,-1,-1.0,Defensive
2018-02-05 00:00:00+09:00,284538.1875,285488.23153171956,281213.03338898165,164903,290309.6671875,,0.014713279274989333,,43.37347105708688,-1551.6525136359269,-818.9148244816924,-732.7376891542344,-0.008277981236488707,-1,-1,-1,-1.0,Defensive
2018-02-06 00:00:00+09:00,281213.03125,283588.1413112331,271237.5689928209,228586,290214.6625,,0.014875702129653692,,40.90911129750654,-2098.281627203629,-1074.7881850260799,-1023.493442177549,-0.011686151090000929,-1,-1,-1,-1.0,Defensive
2018-02-07 00:00:00+09:00,267437.375,283588.1223357016,266012.30905861454,208904,289074.6109375,,0.017437014624704983,,26.363605916962996,-3601.553008178831,-1580.1411496566302,-2021.4118585222009,-0.04898655012097697,-1,-1,-1,-1.0,Defensive
2018-02-08 00:00:00+09:00,273612.65625,273612.65625,264587.23876953125,192545,288148.31875,,0.018318201649115556,,31.93278054222472,-4245.671363550529,-2113.2471924354104,-2132.424171115119,0.02309056933422271,-1,-1,-1,-1.0,Defensive
2018-02-09 00:00:00+09:00,266962.375,269337.48509786476,265537.30894128117,136733,287245.78125,,0.01831285390244175,,24.603179161325855,-5232.445543815498,-2737.086862711428,-2495.3586811040705,-0.024305459188713963,-1,-1,-1,-1.0,Defensive
2018-02-12 00:00:00+09:00,260787.0625,269812.47996357013,259361.99658469943,216137,286081.9765625,,0.018858224623703346,,22.302149420581713,-6438.547730133461,-3477.3790361958345,-2961.168693937627,-0.023131770909664673,-1,-1,-1,-1.0,Defensive
2018-02-13 00:00:00+09:00,257936.96875,262212.1671270718,255561.85854051565,155474,284490.653125,,0.018022815185211222,,23.84615462469283,-7537.483728187333,-4289.399974594135,-3248.0837535931987,-0.010928815726815477,-1,-1,-1,-1.0,Defensive
2018-02-14 00:00:00+09:00,265537.3125,266012.3345259392,257936.96008497317,113634,283326.8515625,,0.019638854152748443,,27.73720139140991,-7706.280991868407,-4972.776178048989,-2733.504813819418,0.02946589543496758,-1,-1,-1,-1.0,Defensive
2018-02-19 00:00:00+09:00,263637.21875,271712.593018018,261262.10867117115,119729,281901.7875,,0.01929638135637188,,24.817478290432817,-7902.283124474809,-5558.677567334153,-2343.605557140656,-0.00715565632607662,-1,-1,-1,-1.0,Defensive
2018-02-20 00:00:00+09:00,261737.09375,264587.2254423775,258886.9620576225,77326,280286.7140625,,0.019104614914853334,,24.28566393887492,-8117.368463417399,-6070.4157465508015,-2046.9527168665973,-0.0072073473123756004,-1,-1,-1,-1.0,Defensive
2018-02-21 00:00:00+09:00,279787.9375,282638.0692911715,265062.25657894736,273540,279407.925,,0.024865477677245545,,41.379316863509565,-6753.423646766518,-6207.017326593945,-546.406320172573,0.06896555429488105,-1,-1,-1,-1.0,Defensive
2018-02-22 00:00:00+09:00,279312.875,284063.09396258503,273612.61224489793,161104,278505.3828125,,0.024857422698370442,,46.45156334089948,-5645.740543729335,-6094.761970021023,449.02142629168884,-0.0016979377461546763,-1,-1,1,-0.5,Defensive
2018-02-23 00:00:00+09:00,277887.84375,284063.12916666665,269812.4705128205,127679,277887.8546875,,0.02436500163517862,,45.222963564802335,-4827.236439711822,-5841.256863959184,1014.0204242473619,-0.005101917518123722,-1,-1,1,-0.5,Defensive
2018-02-26 00:00:00+09:00,283113.125,286913.30117449665,276462.8166946309,166552,277317.8296875,,0.024526301624937765,,47.561008874747486,-3714.11550135375,-5415.828591438097,1701.7130900843467,0.018803561823671933,-1,-1,1,-0.5,Defensive
2018-02-27 00:00:00+09:00,278837.9375,285963.26810051105,278362.91545996594,87509,276439.040625,,0.024613353999852056,,46.42858261673167,-3140.7266977814725,-4960.808212706773,1820.0815149253003,-0.015100633359898086,-1,-1,1,-0.5,Defensive
2018-02-28 00:00:00+09:00,267437.375,278837.9025310835,267437.375,191531,275013.975,,0.026081544958263068,,42.162159471120326,-3565.145279623335,-4681.675626090086,1116.5303464667504,-0.04088598058863491,-1,-1,-1,-1.0,Defensive
2018-03-02 00:00:00+09:00,261737.09375,267437.357134755,260312.02790381125,156038,273398.9015625,,0.02634091197387326,,46.42856443597402,-4311.761814916856,-4607.69286385544,295.93104893858435,-0.021314452589134225,-1,-1,1,-0.5,Defensive
2018-03-05 00:00:00+09:00,262687.15625,265537.2881442134,260312.04633815552,125875,272306.35,,0.025624144037142454,,42.675173914756,-4771.792441543832,-4640.512779393119,-131.2796621507132,0.003629835138719173,-1,-1,-1,-1.0,Defensive
2018-03-06 00:00:00+09:00,264112.21875,265062.26270233816,261737.1088691547,120242,271261.3046875,,0.02568127709727324,,47.94519189999401,-4964.1556966897915,-4705.241362852454,-258.91433383733784,0.00542494166956442,-1,-1,-1,-1.0,Defensive
2018-03-07 00:00:00+09:00,268387.4375,273612.6796460177,259837.04126106197,200737,270335.0140625,,0.025967574091510497,,55.63380934202577,-4717.252982668055,-4707.643686815574,-9.6092958524805,0.016187129736874306,-1,-1,-1,-1.0,Defensive
2018-03-08 00:00:00+09:00,274562.6875,279312.90700692043,270762.5118944637,178430,269836.2390625,,0.026576051761180358,,61.744908956607084,-3977.4402809967287,-4561.603005651806,584.162724655077,0.023008714780102135,-1,-1,1,-0.5,Defensive
2018-03-09 00:00:00+09:00,285963.21875,286913.262666113,277412.8235049834,563866,270073.7484375,,0.028084525845047968,,63.694215205016526,-2443.043901841156,-4137.891184889676,1694.8472830485198,0.041522507496580374,-1,-1,1,-0.5,Defensive
2018-03-12 00:00:00+09:00,292613.53125,294988.64108157466,288813.3555194805,254144,271332.55625,,0.025753032068590517,,68.26342257423808,-682.5312811142649,-3446.819204134594,2764.2879230203293,0.023255831743221433,-1,-1,1,-0.5,Defensive
2018-03-13 00:00:00+09:00,292138.5,294988.6317073171,288813.3463414634,190453,272258.8484375,,0.02541526052700848,,69.51216625971401,666.6716272172634,-2624.121037864223,3290.7926650814866,-0.0016234083501563967,-1,-1,1,-0.5,Defensive
2018-03-14 00:00:00+09:00,286438.25,294038.60157545604,285013.184079602,109281,273232.6421875,,0.025154588702307395,,55.072460313676885,1261.4212377081276,-1847.0125827497532,3108.4338204578808,-0.01951214920320332,-1,-1,1,-0.5,Defensive
2018-03-15 00:00:00+09:00,293563.59375,295463.6817354369,284063.15382281557,171316,274871.46875,,0.024735913879663125,,59.86845322827135,2281.42147398775,-1021.3257714022525,3302.7472453900023,0.024875671283426604,-1,-1,1,-0.5,Defensive
2018-03-16 00:00:00+09:00,294038.5625,296413.6720516963,290713.40912762523,138752,276676.5484375,,0.024441246721018287,,61.33330584924304,3092.4570981499855,-198.56919749180486,3291.0262956417905,0.0016179415980459577,-1,-1,1,-0.5,Defensive
2018-03-19 00:00:00+09:00,289288.40625,294988.67041256157,289288.40625,83613,277864.103125,,0.02434735871273786,,54.36241640370471,3313.7123495802516,503.88711192260644,2809.825237657645,-0.01615487509397684,-1,-1,1,-0.5,Defensive
2018-03-20 00:00:00+09:00,285488.21875,286913.28473377705,272662.62489600666,232860,278956.653125,,0.024533869965750122,,54.729713211032745,3146.1485169449006,1032.3393929270653,2113.8091240178355,-0.013136328376450401,-1,-1,1,-0.5,Defensive
2018-03-21 00:00:00+09:00,284538.1875,287863.34161101835,282163.07742070116,79681,280096.7078125,,0.024455412274843373,,64.28575157965965,2903.226798875141,1406.5168741166804,1496.7099247584606,-0.0033277423991773247,-1,-1,1,-0.5,Defensive
2018-03-22 00:00:00+09:00,282163.03125,288813.33838383836,280262.9434974747,210316,280215.4625,,0.019642947793832938,,68.06723711109956,2490.3471559557947,1623.2829304845031,867.0642254712916,-0.008347407674409224,-1,-1,1,-0.5,Defensive
2018-03-23 00:00:00+09:00,274087.6875,279787.95136481803,273612.66551126516,164137,279954.203125,,0.020720013785610628,,58.9552411002847,1494.2989638571162,1597.486137159026,-103.18717330190975,-0.028619425139522092,-1,-1,-1,-1.0,Defensive
2018-03-26 00:00:00+09:00,281688.03125,282163.05322512647,269812.4818718381,178811,280144.2125,,0.021628005603011948,,62.5850525844708,1303.1855060720118,1538.626010941623,-235.44050486961123,0.02772960660627999,-1,-1,-1,-1.0,Defensive
2018-03-27 00:00:00+09:00,289288.40625,290238.45027709357,282638.0980603448,200141,280452.9765625,,0.022047058727418863,,64.28573564497492,1744.8993439205224,1579.8806775374028,165.01866638311958,0.026981533316389417,-1,-1,1,-0.5,Defensive
2018-03-28 00:00:00+09:00,289288.40625,292613.5603448276,285488.2301416256,171783,280975.5,,0.021715207201210115,,60.99294684777705,2071.086546292703,1678.121851288463,392.9646950042402,0.0,-1,-1,1,-0.5,Defensive
2018-03-29 00:00:00+09:00,291663.5,292613.54397394136,289288.39006514655,141493,282186.80625,282701.4083333333,0.019160471943734568,,54.91805532862798,2492.5103624385665,1840.9995535184837,651.5108089200828,0.00821012421751699,-1,-1,1,-0.5,Defensive
2018-03-30 00:00:00+09:00,301163.9375,302589.00345031545,292138.51981466875,223979,284158.1484375,282772.6614583333,0.01909836218673194,0.021148654007846223,57.03126967492716,3552.150698593352,2183.2297825334576,1368.9209160598944,0.03257328222420708,1,1,1,1.0,Trend
2018-04-02 00:00:00+09:00,316364.59375,326340.0539132883,310664.3307995496,489376,286842.0203125,283113.09322916664,0.021272151504412265,0.022067766035434703,66.03774990100985,5554.46085428627,2857.4759968840203,2696.9848574022494,0.05047302932808817,1,1,1,1.0,Trend
2018-04-03 00:00:00+09:00,327765.21875,329190.2849184783,315889.66734601447,367905,290024.6703125,283841.4609375,0.02202750690044129,0.02180074859525573,75.43864373707113,7969.375240036752,3879.8558455145667,4089.5193945221854,0.03603634927936694,1,1,-1,0.5,Trend
2018-04-04 00:00:00+09:00,320639.84375,330140.28356481483,317314.68981481483,245338,292637.290625,284435.2395833333,0.023162133747362527,0.0220258325548656,66.66666666666666,9202.177106479008,4944.320097707455,4257.857008771553,-0.021739265158072896,1,1,1,1.0,Trend
2018-04-05 00:00:00+09:00,316364.59375,321589.8347879129,310189.308887012,152898,294727.3859375,284957.7640625,0.023434045042458822,0.022114103345132113,63.128475605206894,9722.133815441106,5899.882841254185,3822.2509741869208,-0.013333495768958037,1,1,1,1.0,Trend
2018-04-06 00:00:00+09:00,313514.53125,319689.8174715909,309239.3330965909,123217,296104.9515625,285464.45416666666,0.022292084846297876,0.02213144766521479,64.57141503823503,9791.358344508975,6678.177941905144,3113.1804026038317,-0.009008790984531556,1,1,1,1.0,Trend
2018-04-09 00:00:00+09:00,320639.84375,322539.931712963,313514.5138888889,135521,297506.2671875,285971.14479166665,0.02226993679436691,0.022091284437955,70.32965483837154,10302.41265253065,7403.024884030245,2899.3877685004045,0.02272721609295414,1,1,-1,0.5,Trend
2018-04-10 00:00:00+09:00,324915.0625,325865.10654239764,316839.6881396199,170717,299145.0953125,286517.42083333334,0.022300323279482902,0.022133362117009427,72.48675222838239,10926.448006080056,8107.709508440208,2818.738497639848,0.013333398307583177,1,1,-1,0.5,Trend
2018-04-11 00:00:00+09:00,318264.6875,322539.8847947761,316839.6217350746,110145,300736.4171875,287071.61354166665,0.022358914211630214,0.022057979718630445,69.1918878123481,10760.332422609325,8638.234091274031,2122.0983313352936,-0.020468041551628624,1,1,1,1.0,Trend
2018-04-12 00:00:00+09:00,307339.15625,318264.65948608966,307339.15625,169466,301425.1953125,287459.546875,0.023580607063088208,0.022555148721252048,67.15679619368134,9636.007664361794,8837.788805891583,798.2188584702108,-0.034328443208139436,1,1,1,1.0,Trend
2018-04-13 00:00:00+09:00,318264.6875,318264.6875,304014.0298507463,155129,302636.5015625,287934.5677083333,0.024681320601267154,0.022847128730036692,68.24638993812658,9516.866740784782,8973.604392870224,543.2623479145586,0.03554877739402906,1,1,1,1.0,Trend
2018-04-16 00:00:00+09:00,321114.875,326340.1170488166,319214.78698224854,246753,304227.825,288472.9265625,0.024232558162991833,0.02285753739933991,66.66662302735301,9542.433775124315,9087.370269321043,455.06350580327125,0.008955399740978143,1,1,1,1.0,Trend
2018-04-17 00:00:00+09:00,321589.84375,324439.9753046529,318739.7121953471,144298,306032.90625,288963.78229166666,0.023863863283906807,0.022822183072275577,66.83162093541608,9491.608488351922,9168.21791312722,323.390575224701,0.0014791240985021492,1,1,1,1.0,Trend
2018-04-18 00:00:00+09:00,328240.1875,329190.23145803186,319214.76989869756,223747,308218.00625,289533.809375,0.02396960740944124,0.022943988939007537,68.24639983837153,9874.133380614512,9309.40100662468,564.7323739898329,0.02067958263996017,1,1,1,1.0,Trend
2018-04-19 00:00:00+09:00,323965.0,329665.26392961876,321114.8680351906,188602,310308.1046875,289977.1640625,0.02415339206187962,0.022990063683680714,61.99997500121704,9720.266035457142,9391.574012391173,328.6920230659689,-0.013024570612640174,1,1,1,1.0,Trend
2018-04-20 00:00:00+09:00,321114.875,328240.20506656804,319214.78698224854,75343,312659.4640625,290373.01666666666,0.02296428476301123,0.023027639655698887,52.87359103129723,9261.582035285886,9365.575616970116,-103.99358168422987,-0.008797632460296634,1,1,-1,0.5,Trend
2018-04-23 00:00:00+09:00,316364.59375,319214.72522522527,314464.5060998499,84623,314393.2921875,290808.453125,0.02302588267913644,0.022883102110600025,42.49995888360771,8417.729319649865,9176.006357506067,-758.2770378562018,-0.014793090011790966,1,1,-1,0.5,Trend
2018-04-24 00:00:00+09:00,321589.84375,325865.04108197935,316839.6244922452,175632,316008.3640625,291259.7234375,0.02264929463488721,0.022901401616286503,50.64099428334309,8077.491672702541,8956.303420545362,-878.8117478428212,0.016516544844866976,1,1,-1,0.5,Trend
2018-04-25 00:00:00+09:00,317789.71875,323014.96076233184,314939.58674327354,115297,317433.4296875,291615.9901041667,0.022949469867420674,0.02295612386422716,50.967780818568905,7415.728653895319,8648.188467215354,-1232.4598133200343,-0.011816682254910282,1,1,-1,0.5,Trend
2018-04-26 00:00:00+09:00,316839.65625,320639.83203710645,313989.5244096702,114758,318692.2375,291964.33958333335,0.022996246499554104,0.02295966263229636,52.317854827579005,6736.955164472107,8265.941806666706,-1528.986642194599,-0.002989594829363895,1,1,-1,0.5,Trend
2018-04-27 00:00:00+09:00,317789.71875,320639.85075672646,315414.6087443946,93220,319523.5265625,292360.1921875,0.02203776915190542,0.02293917756681633,47.82609939247863,6204.166616753326,7853.58676868403,-1649.4201519307044,0.00299855930676296,1,1,-1,0.5,Trend
2018-04-30 00:00:00+09:00,331565.34375,332040.36573244986,318739.75022385386,202938,320283.5640625,293143.978125,0.02132203234980002,0.023098469182372367,54.430351286184006,6814.947194845474,7645.858853916319,-830.9116590708454,0.04334824000658455,1,1,-1,0.5,Trend
2018-05-02 00:00:00+09:00,333940.375,337740.54996443813,329665.1781650071,160226,320592.321875,293959.4322916667,0.019905407054936288,0.023105723794913522,61.07379290796174,7405.276953238586,7597.742473780773,-192.46552054218682,0.00716308653714659,1,1,-1,0.5,Trend
2018-05-03 00:00:00+09:00,322539.9375,333940.465482327,321589.8935014728,149860,320687.3265625,294553.21041666664,0.020859718055966703,0.023596531942173475,60.66673303793732,6873.958792968246,7452.985737618268,-579.0269446500224,-0.034139140857106565,1,1,-1,0.5,Trend
2018-05-04 00:00:00+09:00,332515.34375,333465.3875892857,321589.83959821425,199236,321494.8640625,295352.8296875,0.021634268660601346,0.023840329048221774,60.1351558586282,7175.107071469072,7397.41000438843,-222.30293291935777,0.0309276622526784,1,1,-1,0.5,Trend
2018-05-08 00:00:00+09:00,330140.28125,334890.5011241007,324915.0393884892,210137,322326.1515625,296168.2838541667,0.021585491912513133,0.023800850503059263,56.46260116939174,7139.818177742185,7345.891639059181,-206.07346131699614,-0.007142715500628727,1,1,-1,0.5,Trend
2018-05-09 00:00:00+09:00,332990.4375,336790.61367689015,325390.08514621964,205478,322943.68125,297260.83489583334,0.02113076779396809,0.022774240317583076,57.89480290205457,7258.167626500421,7328.34683654743,-70.17921004700929,0.00863316720761409,1,1,-1,0.5,Trend
2018-05-10 00:00:00+09:00,325390.0,338215.5912408759,324439.95620437956,255540,322967.428125,298123.790625,0.02165844134222202,0.02289019448448902,48.05190644298101,6661.874686051684,7195.052406448281,-533.1777203965967,-0.022824792078301015,1,1,-1,0.5,Trend
2018-05-11 00:00:00+09:00,324915.0625,331090.3487755848,323014.97441520466,127105,323299.946875,299089.66875,0.021108554287174165,0.022612338653548173,50.68494693812812,6080.888055374729,6972.219536233571,-891.3314808588411,-0.0014595946402777837,1,1,-1,0.5,Trend
2018-05-14 00:00:00+09:00,312089.4375,329665.25057077623,309714.32762557076,263272,323537.4609375,299944.7083333333,0.021615365270798482,0.023050334645340627,44.31135247735682,4533.274449512421,6484.430518889341,-1951.1560693769206,-0.039473777858482606,1,1,-1,0.5,Trend
2018-05-15 00:00:00+09:00,307339.15625,315414.5282071098,306864.13437017,160051,322991.184375,300768.078125,0.020317286134062227,0.023101827089640568,44.31135247735682,2890.1556050390354,5765.5755361192805,-2875.419931080245,-0.01522089721476072,1,1,-1,0.5,Trend
2018-05-16 00:00:00+09:00,312089.4375,313039.4814497717,304489.0859018265,127741,322539.9125,301543.946875,0.020544159509819353,0.02290614684353978,43.975915790074396,1948.815349624958,5002.223498820415,-3053.4081491954576,0.015456153742206435,1,1,-1,0.5,Trend
2018-05-17 00:00:00+09:00,305914.15625,311614.42003105587,304489.090304736,96730,321756.128125,302248.5625,0.020941259172825955,0.023058823579421725,42.6900440807935,696.4743050740799,4141.073660071148,-3444.599354997068,-0.019786896023996303,1,1,-1,0.5,Trend
2018-05-18 00:00:00+09:00,312089.4375,313514.5034246575,306389.17380136985,108365,320948.590625,303087.7682291667,0.020913617164206373,0.023132137174620513,47.252744869466206,199.97342338802991,3352.8536127345246,-3152.8801893464947,0.02018632065184134,1,1,-1,0.5,Trend
2018-05-21 00:00:00+09:00,313039.4375,316839.6127655539,309714.28414264036,90138,320402.3125,303641.95989583334,0.020794753634509937,0.02156501225250497,47.2527067369402,-115.51841751573374,2659.1792066844732,-2774.697624200207,0.0030439992061570553,1,1,-1,0.5,Trend
2018-05-23 00:00:00+09:00,312089.4375,314939.5693493151,305439.1298515982,102401,319951.040625,304188.2359375,0.020730570402878252,0.021569466554489075,36.77415630810708,-437.16566132899607,2039.9102330817793,-2477.0758944107756,-0.0030347613948801255,1,1,-1,0.5,Trend
2018-05-24 00:00:00+09:00,319214.8125,320164.8565848214,311614.4598214286,110437,320093.5515625,304877.01875,0.021137992740463088,0.02171367019448234,40.606128748533756,-115.78055991407018,1608.7720744826095,-1724.5526343966797,0.02283119562481195,1,1,-1,0.5,Trend
2018-05-25 00:00:00+09:00,318264.6875,319214.73134328355,313039.4463619403,85396,319927.29375,305462.878125,0.02081071161237445,0.0216174209541886,46.853113395384106,61.54287350125378,1299.3262342863384,-1237.7833607850846,-0.002976443958094821,1,1,-1,0.5,Trend
2018-05-28 00:00:00+09:00,313039.4375,319689.7442147193,312089.39368361153,76739,319689.7796875,306032.903125,0.02097044081572808,0.021636117353721545,34.58650372780518,-217.05891369190067,996.0492046906905,-1213.1081183825913,-0.01641793829232152,1,1,-1,0.5,Trend
2018-05-29 00:00:00+09:00,314939.59375,321589.90191365004,313989.5497266214,67994,319594.7765625,306824.6067708333,0.021017059391959577,0.020867099107756085,37.87885583966525,-281.28364538232563,740.5826346760873,-1021.8662800584129,0.00607002192814754,1,1,-1,0.5,Trend
2018-05-30 00:00:00+09:00,313514.53125,318739.7734375,311614.4431818182,84665,319381.0171875,307687.5640625,0.02102236744092715,0.020646162044160435,34.10858998857158,-442.07685516390484,504.05073670808895,-946.1275918719938,-0.004524875653237892,1,1,-1,0.5,Trend
2018-05-31 00:00:00+09:00,315889.65625,320639.87664473685,313989.56809210527,239358,318597.2328125,308574.27239583334,0.01855997369472085,0.020654355952642558,41.525537593194805,-373.5478673270554,328.5310159010601,-702.0788832281155,0.007575805148585024,1,1,-1,0.5,Trend
2018-06-01 00:00:00+09:00,319689.78125,321114.84713967313,314464.539654532,76460,317884.703125,309500.5651041667,0.01872124756554108,0.020684187073783545,45.599983158736805,-12.45623449399136,260.33356582204976,-272.7898003160411,0.012029912739505821,1,1,-1,0.5,Trend
2018-06-04 00:00:00+09:00,313039.4375,321589.8318474962,312564.41559180577,112667,317409.678125,310244.76510416664,0.01768881156192004,0.020846292297328144,50.89281204074512,-259.91948530002264,156.2829555976353,-416.20244089765794,-0.02080249085221586,1,1,-1,0.5,Trend
2018-06-05 00:00:00+09:00,320639.84375,321114.86574074073,313039.49189814815,89241,316815.903125,311012.71770833334,0.017123830778178688,0.02086726772195969,61.86442473337087,155.46130948502105,156.11862637511246,-0.6573168900914084,0.024279388918848177,1,1,-1,0.5,Trend
2018-06-07 00:00:00+09:00,323014.96875,323014.96875,317314.70459558826,95430,316459.6375,311630.246875,0.017193471547631976,0.02027111893942237,60.176982391998536,668.5991252340609,258.61472614690217,409.98439908715875,0.007407454333254515,1,1,1,1.0,Trend
2018-06-08 00:00:00+09:00,321114.875,323489.9850221894,318739.7649778107,93611,315865.859375,312105.26927083335,0.017068704161923444,0.02010728870274177,65.384574024957,911.4363840091391,389.17905771934954,522.2573262897896,-0.005882370582864782,1,1,1,1.0,Trend
2018-06-11 00:00:00+09:00,312089.4375,319214.76712328766,310664.3715753425,195437,315200.83125,312437.78489583335,0.017462705455687916,0.020475391542882772,50.0,371.32883593824226,385.6090133631281,-14.280177424885835,-0.028106569339087728,1,1,-1,0.5,Trend
2018-06-12 00:00:00+09:00,307814.28125,314939.61183449073,304014.10493827163,205253,314345.7921875,312794.0520833333,0.017656100931522832,0.020387608893739535,45.29923997280838,-397.10212150693405,229.06678638911566,-626.1689078960497,-0.013698497085470884,1,1,-1,0.5,Trend
2018-06-14 00:00:00+09:00,304964.125,309714.34501557634,303064.03699376946,156580,313989.5265625,312984.0609375,0.015401732331843044,0.020197562935288894,43.80169782536125,-1221.9866793740657,-61.14390676352062,-1160.8427726105451,-0.009259337280992375,1,1,-1,0.5,Trend
2018-06-15 00:00:00+09:00,292613.53125,307339.212205763,290713.44338474027,254526,313253.2453125,312960.3104166667,0.01760240502965727,0.020910969608828826,28.78792485027418,-2839.5705303597497,-616.8292314827664,-2222.7412988769834,-0.04049851355466816,1,1,-1,0.5,Trend
2018-06-18 00:00:00+09:00,292613.53125,295938.68501420453,284063.13585633115,215751,312279.45,313015.7291666667,0.017113746676163936,0.020802463748282676,29.23085253406083,-4074.548527224746,-1308.3730906311625,-2766.1754365935835,0.0,-1,1,-1,-0.19999999999999996,MeanReversion
2018-06-19 00:00:00+09:00,285963.21875,293088.54812084715,285488.1967919435,170878,311281.903125,313023.6458333333,0.017280996193297055,0.02094690598599251,28.571513365738426,-5526.199538703309,-2151.9383802455923,-3374.261158457717,-0.0227272897175701,-1,1,-1,-0.19999999999999996,MeanReversion
2018-06-20 00:00:00+09:00,296413.71875,301163.9386017628,285013.1911057692,213105,310498.1171875,313221.57135416666,0.018718903140710723,0.02144641562022509,37.086101659470835,-5766.898199677118,-2874.9303441318975,-2891.9678555452206,0.03654490967643009,-1,1,-1,-0.19999999999999996,MeanReversion
2018-06-21 00:00:00+09:00,291188.5,300213.9184339315,288813.3898858075,155393,309405.5703125,313371.99583333335,0.01896760325779056,0.02154788576025627,35.22014634358263,-6306.586701013555,-3561.2616155082296,-2745.3250855053257,-0.017628127240652547,-1,1,-1,-0.19999999999999996,MeanReversion
2018-06-22 00:00:00+09:00,295938.6875,297838.7753812199,286438.2480939005,169792,308598.0328125,313736.17916666664,0.019478515265358258,0.02128560064911409,37.19510116060824,-6278.617302333936,-4104.732752873371,-2173.884549460565,0.01631310130722885,-1,1,-1,-0.19999999999999996,MeanReversion
2018-06-25 00:00:00+09:00,293088.59375,294513.6598460292,289763.43952593196,86939,307291.721875,313926.18854166666,0.01859470259855417,0.021052343521239917,32.7160919969657,-6412.510667444381,-4566.2883357875735,-1846.222331656808,-0.009630689971888207,-1,1,-1,-0.19999999999999996,MeanReversion
2018-06-26 00:00:00+09:00,295463.65625,296413.70016077167,290713.4366961415,106792,306151.6703125,314029.109375,0.018798115272762844,0.020799271935678397,37.908515561074545,-6254.872156719619,-4904.005099973983,-1350.8670567456356,0.008103565101635679,-1,1,-1,-0.19999999999999996,MeanReversion
2018-06-27 00:00:00+09:00,293563.59375,298313.81371359224,291663.5057645631,150414,305177.878125,314100.3625,0.018569346349730453,0.020817790673744126,29.78720624682731,-6211.657543966896,-5165.5355887725655,-1046.1219551943304,-0.006430782466159912,-1,1,-1,-0.19999999999999996,MeanReversion
2018-06-28 00:00:00+09:00,304014.0625,310189.34814453125,297363.7548828125,366189,304631.6015625,314306.2052083333,0.02036834949550446,0.021273475266757495,37.34173235952595,-5273.356194443128,-5187.099709906678,-86.25648453644953,0.035598653826603766,-1,1,-1,-0.19999999999999996,MeanReversion
2018-06-29 00:00:00+09:00,306389.1875,309714.3414728682,300213.9015503876,153973,304275.334375,314393.29270833335,0.020466174092296237,0.020894376125547186,40.25155281045037,-4288.655921232828,-5007.410952171908,718.7550309390799,0.007812549789534717,-1,1,-1,-0.19999999999999996,MeanReversion
2018-07-02 00:00:00+09:00,298788.84375,307339.2399145469,295938.71169515105,124177,303420.29375,314100.36354166665,0.02103127178400682,0.020132920630211194,41.02563778172778,-4074.5887593587977,-4820.846513609286,746.2577542504887,-0.024806174826257577,-1,1,-1,-0.19999999999999996,MeanReversion
2018-07-03 00:00:00+09:00,294038.5625,302588.95688610664,285013.1462035541,190712,302137.7328125,313538.2526041667,0.020929594056728156,0.01964782710360217,40.76427115925396,-4239.3780768722645,-4704.552826261883,465.1747493896182,-0.01589845588068417,-1,1,-1,-0.19999999999999996,MeanReversion
2018-07-04 00:00:00+09:00,282163.03125,293563.5577651515,281212.9873737374,155684,300593.9125,312896.97239583335,0.022232228139627955,0.020133809346785544,36.36359898494423,-5267.510341854359,-4817.144329380379,-450.36601247397994,-0.04038766598853849,-1,1,-1,-0.19999999999999996,MeanReversion
2018-07-05 00:00:00+09:00,276462.78125,284538.1545854811,271237.5396799828,167545,298385.059375,312231.9421875,0.021364740811687745,0.020220230137803993,39.50615428972877,-6467.719263514271,-5147.259316207157,-1320.459947307114,-0.020201973216503744,-1,1,-1,-0.19999999999999996,MeanReversion
2018-07-06 00:00:00+09:00,277412.84375,280737.9976990582,272662.623822774,116087,296104.953125,311630.2473958333,0.021238698782555614,0.02021325626193307,40.24389950387338,-7258.55922477477,-5569.51929792068,-1689.0399268540896,0.0034364933164037215,-1,1,-1,-0.19999999999999996,MeanReversion
2018-07-09 00:00:00+09:00,277887.84375,281212.9974358974,273612.6461538461,111722,293943.6015625,310917.7140625,0.021338887210677237,0.01996268422441016,44.370849674683335,-7757.5528214914375,-6007.126002634832,-1750.4268188566057,0.0017122494891694817,-1,1,-1,-0.19999999999999996,MeanReversion
2018-07-10 00:00:00+09:00,279312.875,281212.962585034,276937.76551870746,127445,292304.7734375,310157.6776041667,0.02089399283116454,0.01988222041724155,36.36355480997385,-7946.419353716832,-6394.984672851232,-1551.4346808656,0.005128080562178283,-1,1,-1,-0.19999999999999996,MeanReversion
2018-07-11 00:00:00+09:00,280262.96875,282163.0566737288,274562.70497881353,132221,290927.2078125,309524.315625,0.020890503878515893,0.01975202984346409,40.65036693385991,-7928.043268096109,-6701.596391900208,-1226.4468761959015,0.0034015394027218093,-1,1,-1,-0.19999999999999996,MeanReversion
2018-07-12 00:00:00+09:00,281688.03125,285013.1850758853,281213.00927487353,163042,289763.403125,309096.796875,0.020970520744343895,0.019295566804224375,37.06894938350652,-7709.617779155669,-6903.2006693513,-806.4171098043689,0.005084733478546655,-1,1,-1,-0.19999999999999996,MeanReversion
2018-07-13 00:00:00+09:00,278837.9375,282163.0917802385,277887.8934199319,119621,289074.6234375,308439.684375,0.01912383346918502,0.018724179989425188,37.06894938350652,-7677.98571198975,-7058.15767787899,-619.8280341107593,-0.010117908586149804,-1,1,-1,-0.19999999999999996,MeanReversion
2018-07-16 00:00:00+09:00,276937.8125,279787.9443610635,274087.6806389365,126564,288290.8375,307703.4,0.019139575083309362,0.018675999725364763,33.04349169174655,-7717.28126378858,-7189.982395060909,-527.2988687276711,-0.006814442170373636,-1,1,-1,-0.19999999999999996,MeanReversion
2018-07-17 00:00:00+09:00,269337.4375,276937.7884700176,268387.3936287478,207908,287459.5484375,306832.5265625,0.019437091056515116,0.018952259457810573,29.921248014106254,-8266.41987259069,-7405.269890566866,-861.1499820238241,-0.0274443382483206,-1,1,-1,-0.19999999999999996,MeanReversion
2018-07-18 00:00:00+09:00,266487.34375,271712.58578431373,265537.29974376113,158456,285963.2296875,305803.3125,0.017192569784532118,0.018724734337499122,14.414450722139023,-8829.810365269368,-7690.177985507366,-1139.6323797620016,-0.010581870000898053,-1,1,-1,-0.19999999999999996,MeanReversion
2018-07-19 00:00:00+09:00,259361.984375,267437.35751488095,257936.9185267857,165352,284371.90390625,304726.5955729167,0.017667707044834058,0.018932753959854644,9.090916504851194,-9738.993289843667,-8099.941046374626,-1639.052243469041,-0.026738077969228113,-1,1,-1,-0.19999999999999996,MeanReversion
2018-07-20 00:00:00+09:00,261737.09375,264112.2034936479,256511.8523139746,123962,282661.82421875,303736.96588541666,0.017271500279085545,0.018992075429623265,14.545455089143516,-10150.86300095066,-8510.125437289833,-1640.7375636608267,0.00915750772312851,-1,1,-1,-0.19999999999999996,MeanReversion
2018-07-23 00:00:00+09:00,265537.3125,267912.42262969585,262212.15831842576,131798,281284.26015625,302889.84453125,0.01784256338515217,0.019068295576770426,22.222306824058563,-10054.72224183561,-8819.04479819899,-1235.6774436366213,0.014519221160260276,-1,1,-1,-0.19999999999999996,MeanReversion
2018-07-24 00:00:00+09:00,265537.3125,266962.3785778175,261262.1142665474,135868,279787.94296875,301955.63567708334,0.017622820316622496,0.01890382774517841,28.915753848104885,-9864.81455601228,-9028.198749761646,-836.6158062506329,0.0,-1,1,-1,-0.19999999999999996,MeanReversion
2018-07-25 00:00:00+09:00,265537.3125,267437.4006037567,256986.9160330948,209132,278386.62890625,301084.76223958336,0.017660400110513653,0.01887342225711939,33.80290238053763,-9603.606943973864,-9143.28038860409,-460.3265553697747,0.0,-1,1,-1,-0.19999999999999996,MeanReversion
2018-07-26 00:00:00+09:00,254611.78125,270762.528568097,252711.69333022388,403475,275916.51484375,300047.6309895833,0.01685643690737309,0.019534175923423255,23.913077677199396,-10161.066641733341,-9346.83763922994,-814.2290025034017,-0.04114499445346309,-1,1,-1,-0.19999999999999996,MeanReversion
2018-07-27 00:00:00+09:00,250811.609375,254136.76328716855,243211.25757575757,508111,273137.6359375,298931.32916666666,0.01643729681282309,0.01956899357719849,21.2121957175774,-10785.174797906831,-9634.505070965319,-1150.6697269415126,-0.014925357563358999,-1,1,-1,-0.19999999999999996,MeanReversion
2018-07-30 00:00:00+09:00,251761.671875,254136.7819870283,247961.4956957547,123746,270786.27734375,297601.26796875,0.016308732249048757,0.018629974726502744,20.408331087315446,-11075.451988095127,-9922.694454391281,-1152.7575337038452,0.003787952648473869,-1,1,-1,-0.19999999999999996,MeanReversion
2018-07-31 00:00:00+09:00,254136.765625,255086.80960864486,249861.56769859814,153242,268791.1875,296271.2078125,0.01668249404123897,0.01865625195437067,22.772326885079437,-10987.194991939585,-10135.594561900942,-851.600430038643,0.0094338972740029,-1,1,-1,-0.19999999999999996,MeanReversion
2018-08-01 00:00:00+09:00,262687.15625,264587.2441794756,254611.78254972876,230676,267817.39375,295273.6614583333,0.016999905499661284,0.018850219547105303,32.75864806803669,-10110.755130371137,-10130.626675594982,19.871545223844805,0.03364483924225592,-1,1,-1,-0.19999999999999996,MeanReversion
2018-08-02 00:00:00+09:00,256511.84375,264587.21660879627,255561.79988425926,131840,266819.846875,294006.93645833334,0.01719177789883219,0.01849528553426835,30.894302855391615,-9801.480963838927,-10064.79753324377,263.3165694048439,-0.023508239185180968,-1,1,-1,-0.19999999999999996,MeanReversion
2018-08-03 00:00:00+09:00,261737.09375,262212.1156987296,255561.80841651544,108529,266036.059375,292866.88333333336,0.01794995803990904,0.01875882943052715,37.69231742401048,-9030.64529531551,-9857.96708565812,827.3217903426103,0.020370404436734768,-1,1,-1,-0.19999999999999996,MeanReversion
2018-08-06 00:00:00+09:00,258886.96875,266012.29816513765,257936.92482798165,136486,265086.015625,291631.8255208333,0.01800163994476952,0.018708324685771587,40.833359373757936,-8551.161278149695,-9596.605924156434,1045.4446460067393,-0.010889266626924132,-1,1,-1,-0.19999999999999996,MeanReversion
2018-08-07 00:00:00+09:00,263162.15625,264112.20013537904,256986.8709950361,106024,264278.4796875,290594.69479166664,0.01845714732738719,0.018726596145967406,47.154448063582734,-7737.0074324710295,-9224.686225819354,1487.6787933483247,0.016513722265134367,-1,1,1,0.30000000000000004,Trend
2018-08-08 00:00:00+09:00,256986.890625,261737.11041474124,256511.8686460259,97830,263114.67578125,289462.55859375,0.01895490323633118,0.018904847461086536,47.93390047338996,-7503.580367537943,-8880.465054163073,1376.8846866251297,-0.023465629378464303,-1,1,1,0.30000000000000004,Trend
2018-08-09 00:00:00+09:00,255561.828125,258411.96003717472,252711.69621282528,143607,261808.365625,288520.4317708333,0.01882584488364176,0.018294406076812587,44.53783835405834,-7348.86522700591,-8574.14508873164,1225.2798617257304,-0.005545273132548489,-1,1,-1,-0.19999999999999996,MeanReversion
2018-08-10 00:00:00+09:00,251286.625,255086.80080340264,249861.559073724,119245,260430.8,287586.22291666665,0.018984139917553836,0.018312511838727837,37.49997944174751,-7484.943753916683,-8356.30482176865,871.3610678519672,-0.016728645104655104,-1,1,-1,-0.19999999999999996,MeanReversion
2018-08-13 00:00:00+09:00,244161.3125,251286.64263132296,241311.18044747083,199891,258791.975,286454.0875,0.01970314536017708,0.01843416235974919,33.33332521155209,-8074.660477235186,-8299.975952861958,225.31547562677224,-0.02835531934897051,-1,1,-1,-0.19999999999999996,MeanReversion
2018-08-14 00:00:00+09:00,247486.453125,249386.5410568618,245111.34321017275,104266,257699.42578125,285480.29244791664,0.0194936565081369,0.018452100805065947,36.619698081931446,-8179.416943057498,-8275.864150901067,96.44720784356832,0.013618622012445236,-1,1,-1,-0.19999999999999996,MeanReversion
2018-08-16 00:00:00+09:00,244636.296875,249386.51623179612,243211.23106796117,114666,256606.8734375,284356.0734375,0.019511142731101813,0.018218747019159612,41.5999789483379,-8395.641260233882,-8299.81957276763,-95.82168746625211,-0.011516413177413143,-1,1,-1,-0.19999999999999996,MeanReversion
2018-08-17 00:00:00+09:00,247486.453125,247486.453125,241786.1893294146,126370,256013.096875,283263.52369791665,0.019041230809217352,0.018308334431252515,47.15447024020598,-8242.008061323868,-8288.257270478878,46.24920915501025,0.01165058614117398,-1,1,1,0.30000000000000004,Trend
2018-08-20 00:00:00+09:00,242261.21875,250336.5927083333,242261.21875,110059,255039.303125,282099.7200520833,0.019292693282701386,0.018445395498761466,42.42423034225146,-8444.541966037359,-8319.514209590576,-125.02775644678331,-0.021113213709361478,-1,1,-1,-0.19999999999999996,MeanReversion
2018-08-21 00:00:00+09:00,245586.359375,246061.3813467118,242261.2055730174,92698,254041.75546875,280872.57916666666,0.019254413043569996,0.01826041548868176,43.28357293015738,-8241.734896043257,-8303.958346881112,62.223450837855125,0.013725435057896584,-1,1,-1,-0.19999999999999996,MeanReversion
2018-08-22 00:00:00+09:00,244161.3125,248911.53258754866,243211.2684824903,100813,252972.95546875,279637.52291666664,0.0192362530025543,0.018260432064438375,33.61345095288087,-8102.596516178426,-8263.685980740576,161.08946456215017,-0.005802630401080311,-1,1,-1,-0.19999999999999996,MeanReversion
2018-08-23 00:00:00+09:00,257461.90625,259837.01608625462,249386.53280673432,320901,252569.18515625,278711.23072916665,0.023111456069591203,0.019635150770305008,50.74628404451488,-6840.231657125609,-7978.995116017583,1138.7634588919746,0.05447461603893533,-1,1,1,0.30000000000000004,Trend
2018-08-24 00:00:00+09:00,256036.859375,256986.90338010204,251286.6393494898,113729,252640.4390625,277729.51848958334,0.021101624643210408,0.01959901405385083,45.23811202037503,-5886.926955222385,-7560.581483858544,1673.6545286361588,-0.005534981449318743,-1,1,1,0.30000000000000004,Trend
2018-08-27 00:00:00+09:00,256036.859375,258411.9693877551,253661.74936224488,112660,252901.7015625,276771.5572916667,0.02079278116941692,0.019603506654953175,47.500015761357155,-5072.948320338386,-7063.054851154513,1990.106530816127,0.0,-1,1,1,0.30000000000000004,Trend
2018-08-28 00:00:00+09:00,247011.421875,256511.86117788462,246061.37794471154,232684,252664.1890625,275623.58671875,0.022350252385095817,0.01999143789059193,36.923074587461755,-5097.3823149981035,-6669.9203439232315,1572.538028925128,-0.03525053979349535,-1,1,-1,-0.19999999999999996,MeanReversion
2018-08-29 00:00:00+09:00,248436.484375,248911.506333652,246536.39654039196,93685,252379.175,274436.03177083336,0.022276349679067144,0.019922891847755215,42.49998492393164,-4944.755731725803,-6324.887421483746,1380.1316897579427,0.005769217023175344,-1,1,-1,-0.19999999999999996,MeanReversion
2018-08-30 00:00:00+09:00,251286.625,258411.95463137995,250811.60302457467,199334,251809.1484375,273406.8182291667,0.021014866304899404,0.01989873827599399,46.34145689208158,-4541.464361848921,-5968.202809556781,1426.7384477078604,0.011472311050328088,-1,1,1,0.30000000000000004,Trend
2018-08-31 00:00:00+09:00,249861.546875,251286.61273170152,247486.4371138308,112315,251476.63359375,272227.17994791665,0.020418297424234746,0.019565812376872292,48.71793718405279,-4287.422206112358,-5632.0466888678975,1344.6244827555392,-0.005671126049784814,-1,1,1,0.30000000000000004,Trend
2018-09-03 00:00:00+09:00,246536.390625,251761.6320447977,245111.324783237,129389,250716.5984375,270952.5369791667,0.01993354321410147,0.019542014088648085,52.29354752753147,-4304.7814464200055,-5366.59364037832,1061.8121939583143,-0.013307995134055228,-1,1,1,0.30000000000000004,Trend
2018-09-04 00:00:00+09:00,247486.453125,248436.4970909309,245586.3651931382,78221,250146.57265625,269725.3966145833,0.019897191256712674,0.01957069205377516,50.0,-4193.5361908613995,-5131.982150474936,938.4459596135366,0.003853640014731541,-1,1,1,0.30000000000000004,Trend
2018-09-05 00:00:00+09:00,247961.46875,255086.7983117816,246536.4028376437,151782,249386.53828125,268656.59713541664,0.019442076017529824,0.01932651269793119,53.5353730007818,-4020.695656553551,-4909.724851690659,889.0291951371082,0.0019193601063896004,-1,1,1,0.30000000000000004,Trend
2018-09-06 00:00:00+09:00,247961.46875,249861.55663314176,247011.42480842912,77846,248935.2671875,267659.05026041664,0.01882207125964052,0.019288032619222843,50.537627562975516,-3839.4593899983447,-4695.671759352197,856.2123693538524,0.0,-1,1,1,0.30000000000000004,Trend
2018-09-07 00:00:00+09:00,249861.546875,251761.63468393535,247011.41516159696,125643,248650.253125,266740.6739583333,0.018913869224131026,0.01932710608151206,59.302303788956976,-3502.1374573411595,-4456.964898949989,954.8274416088298,0.007662795895582164,-1,1,1,0.30000000000000004,Trend
2018-09-10 00:00:00+09:00,244636.296875,247961.4504247573,240836.1213895631,176595,248317.73671875,265941.0533854167,0.01912353897943241,0.018822840908625064,48.88886696007421,-3614.772553323797,-4288.526429824751,673.753876500954,-0.020912581649124573,-1,1,1,0.30000000000000004,Trend
2018-09-11 00:00:00+09:00,243686.265625,247961.46326754388,242261.19974415205,107627,248293.984375,265125.5989583333,0.018023339511885728,0.01881908601851799,49.438172763307435,-3737.611402844952,-4178.343424428791,440.732021583839,-0.003883443553290178,-1,1,1,0.30000000000000004,Trend
2018-09-12 00:00:00+09:00,244636.296875,246536.38461771846,242261.18719660194,111683,248151.4765625,264436.81692708336,0.017766946464185463,0.018655596596298448,28.571406195096415,-3715.472835913155,-4085.769306725664,370.29647081250914,0.003898583482180973,-1,1,-1,-0.19999999999999996,MeanReversion
2018-09-13 00:00:00+09:00,246061.390625,247486.45659387065,244636.32465612935,130262,248222.73125,263597.6114583333,0.017625059462230093,0.017996074375846275,33.33335073711997,-3542.103541753895,-3977.0361537313106,434.9326119774155,0.005825356940912796,-1,1,-1,-0.19999999999999996,MeanReversion
2018-09-14 00:00:00+09:00,255086.796875,255086.796875,247011.4234171322,202783,248602.7484375,262995.91640625,0.01922391961913419,0.018583141667392347,48.780465302107814,-2645.9316185037605,-3710.815246685801,1064.8836281820404,0.0366794897284588,-1,1,1,0.30000000000000004,Trend
2018-09-17 00:00:00+09:00,250336.5625,255086.78190227706,248436.4747390892,127800,249006.515625,262235.8809895833,0.019072709049550936,0.018545152381300202,54.79449647524788,-2292.585627427383,-3427.169322834118,1134.583695406735,-0.018622031532771754,-1,1,1,0.30000000000000004,Trend
2018-09-18 00:00:00+09:00,246061.390625,248911.52256274133,244636.32465612935,152483,249030.2671875,261452.09427083333,0.019298270299552115,0.01861812552371136,46.83546570113319,-2330.660620146169,-3207.867582296528,877.2069621503588,-0.017077696650883767,-1,1,1,0.30000000000000004,Trend
2018-09-19 00:00:00+09:00,242736.234375,247961.47621086106,242736.234375,165816,248959.01328125,260573.30390625,0.019501365654675185,0.018611648696925633,38.750008737258504,-2599.1858495395572,-3086.1312357451343,486.94538620557705,-0.01351352295276409,-1,1,-1,-0.19999999999999996,MeanReversion
2018-09-20 00:00:00+09:00,239411.0625,244636.30394345237,238461.01860119047,227567,248056.47109375,259670.76171875,0.01511364038123674,0.018656959061924164,36.904765167976585,-3045.2043885282183,-3077.9458663017513,32.741477773533006,-0.013698704206900558,-1,1,-1,-0.19999999999999996,MeanReversion
2018-09-21 00:00:00+09:00,236560.921875,242736.20698418675,234185.81221762046,275925,247082.67421875,258546.54270833332,0.015224408856084629,0.01799283640565265,37.34939472551616,-3587.3075741913635,-3179.818207879674,-407.48936631168954,-0.011904799198658611,-1,1,-1,-0.19999999999999996,MeanReversion
2018-09-27 00:00:00+09:00,242261.21875,243686.28474264705,238936.06476715684,194442,246393.8921875,257477.74322916666,0.016433048199668992,0.01829000480339304,44.086034435986136,-3516.4267572700046,-3247.1399177577405,-269.2868395122641,0.02409652798872708,-1,1,-1,-0.19999999999999996,MeanReversion
2018-09-28 00:00:00+09:00,247961.46875,248911.51269157088,242736.22707136016,225215,246441.39453125,256630.6203125,0.015451221715809801,0.018405289947148788,50.0,-2966.0993165792606,-3190.9317975220447,224.83248094278406,0.023529354097249655,-1,1,1,0.30000000000000004,Trend
2018-10-01 00:00:00+09:00,256036.859375,258411.9693877551,250336.59534438775,306889,246821.41328125,255997.25859375,0.016991302361804014,0.01887382297331628,57.02480282435608,-1856.9386870742019,-2924.1331754324765,1067.1944883582746,0.03256711885805852,-1,1,1,0.30000000000000004,Trend
2018-10-02 00:00:00+09:00,251286.625,257936.93265595462,250336.58104914933,117956,246821.41328125,255482.65182291667,0.017398388336291277,0.018302326192911535,51.18111113154344,-1345.7125749312108,-2608.4490553322235,1262.7364804010126,-0.018552931740357992,-1,1,1,0.30000000000000004,Trend
2018-10-04 00:00:00+09:00,216135.015625,251761.6665521978,213284.88355082416,994561,245135.08671875,254477.1890625,0.03795806838947518,0.026447452719664907,34.210554562027056,-3733.960527526535,-2833.551349771086,-900.409177755449,-0.1398865115682142,-1,-1,-1,-1.0,Defensive
2018-10-05 00:00:00+09:00,213759.90625,217085.06034722223,206634.57604166665,357435,243496.2625,253416.30677083333,0.03794168546572984,0.0264436111264332,33.678780054452716,-5752.010121126572,-3417.2431040421834,-2334.7670170843885,-0.010989007811306628,-1,-1,-1,-1.0,Defensive
2018-10-08 00:00:00+09:00,211859.8125,213284.87850336323,207584.6144899103,232645,241714.93046875,252315.83958333332,0.03785455840502679,0.026437991696057445,32.3077237086851,-7419.1275648744195,-4217.619996208631,-3201.5075686657883,-0.008888915528330044,-1,-1,-1,-1.0,Defensive
2018-10-10 00:00:00+09:00,201409.328125,212809.85613207548,198084.17412293633,349662,239387.3234375,251017.44713541667,0.03895186755173896,0.027064390552271084,28.037394956949882,-9474.382121202478,-5268.972421207401,-4205.409699995077,-0.049327355913712956,-1,-1,-1,-1.0,Defensive
2018-10-11 00:00:00+09:00,187633.671875,194283.97923259495,187158.6499208861,464105,236370.93359375,249473.62552083333,0.041117919895987246,0.028321149838544096,18.303592406371877,-12075.566877628182,-6630.291312491558,-5445.275565136624,-0.06839631698413917,-1,-1,-1,-1.0,Defensive
2018-10-12 00:00:00+09:00,197134.140625,199034.22872740965,187633.7001129518,248467,233734.56328125,248064.39401041667,0.043274736127322404,0.029197496713140283,26.06841361356267,-13218.046693886194,-7947.842388770486,-5270.204305115708,0.050633069507530326,-1,-1,-1,-1.0,Defensive
2018-10-15 00:00:00+09:00,188108.71875,195709.07102272726,187633.69673295456,267688,230908.184375,246552.24036458333,0.04394254464255124,0.02966792898839207,25.00003033182614,-14682.495626066811,-9294.773036229752,-5387.72258983706,-0.045783149719198946,-1,-1,-1,-1.0,Defensive
2018-10-16 00:00:00+09:00,187633.671875,193808.95727848102,185733.5840585443,205087,228105.5546875,245063.83802083333,0.04395868659203955,0.029672461085490803,25.63027741936196,-15700.429490298731,-10575.904327043549,-5124.525163255183,-0.0025253846719957007,-1,-1,-1,-1.0,Defensive
2018-10-17 00:00:00+09:00,188108.71875,193333.9609375,187158.6747159091,173204,225279.17578125,243710.02604166666,0.04393206775409465,0.029561028319470835,26.724183398703786,-16281.138271502656,-11716.951115935371,-4564.187155567284,0.002531778386325456,-1,-1,-1,-1.0,Defensive
2018-10-18 00:00:00+09:00,180983.359375,190958.82012795276,179558.29355314962,264196,222025.27421875,242284.95963541666,0.044046611233570475,0.029854895657661158,25.72618145835466,-17118.97423801283,-12797.355740350864,-4321.618497661966,-0.03787894267925851,-1,-1,-1,-1.0,Defensive
2018-10-19 00:00:00+09:00,180983.359375,180983.359375,174333.05220636484,318957,218320.10234375,240978.64921875,0.042545898708699736,0.0297419283259272,21.83408597413562,-17580.31040279416,-13753.946672839524,-3826.3637299546353,0.0,-1,-1,-1,-1.0,Defensive
2018-10-22 00:00:00+09:00,186683.640625,189533.77254293894,182408.44274809162,252716,215137.45625,239727.75833333333,0.043881759816686634,0.03006307239005354,21.834108429368683,-17286.687407647987,-14460.494819801217,-2826.19258784677,0.031496162242125925,-1,-1,-1,-1.0,Defensive
2018-10-23 00:00:00+09:00,179558.3125,186208.62037037036,177183.2025462963,227594,211812.30234375,238294.775,0.04421501017283826,0.03024812920365511,14.537490894605796,-17428.0438583722,-15054.004627515415,-2374.0392308567843,-0.038167929986500426,-1,-1,-1,-1.0,Defensive
2018-10-24 00:00:00+09:00,180983.359375,186683.62266240158,179558.29355314962,193984,208724.65859375,236885.54244791667,0.044530520846469766,0.030294194594193923,16.363668169436338,-17226.50407494107,-15488.504517000545,-1737.999557940524,0.007936401579848873,-1,-1,-1,-1.0,Defensive
2018-10-25 00:00:00+09:00,181933.40625,181933.40625,173383.01117819845,244870,205850.77578125,235492.14401041667,0.04475316103500095,0.030320439205682368,25.675704207900708,-16796.50188336463,-15750.103990273365,-1046.3978930912672,0.005249360373687617,-1,-1,-1,-1.0,Defensive
2018-10-26 00:00:00+09:00,174333.046875,182883.44154461854,171007.89339237058,272386,202739.38203125,234154.16510416666,0.045213971141544206,0.030333687052663847,23.899398262207242,-16874.48892690605,-15974.980977599902,-899.5079493061494,-0.04177550199085556,-1,-1,-1,-1.0,Defensive
2018-10-29 00:00:00+09:00,152007.03125,175283.10791015625,150581.96533203125,765730,198226.67265625,232507.42213541668,0.051733889002051565,0.03470295169616014,18.811914884193243,-18524.28071826289,-16484.8409257325,-2039.4397925303892,-0.12806530961974272,-1,-1,-1,-1.0,Defensive
2018-10-30 00:00:00+09:00,148681.859375,151531.99086461661,139656.44299121405,894144,193262.6921875,230789.42526041667,0.050566277810320005,0.03471062237044976,20.320885997573995,-19871.005596468254,-17162.073859879652,-2708.931736588602,-0.02187511885243798,-1,-1,-1,-1.0,Defensive
2018-10-31 00:00:00+09:00,145356.71875,151532.0041870915,144406.6748366013,346956,187728.68515625,228976.42447916666,0.04873187850743772,0.0346726150143761,23.030342055073532,-20964.93510250986,-17922.646108405694,-3042.288994104165,-0.022364131300062984,-1,-1,-1,-1.0,Defensive
2018-11-01 00:00:00+09:00,156757.265625,156757.265625,148206.86931818182,474875,183002.2171875,227210.92630208333,0.05397988866532389,0.03596031884845686,24.852097494591106,-20673.640405220416,-18472.84496776864,-2200.795437451776,0.07843150955139455,-1,-1,-1,-1.0,Defensive
2018-11-02 00:00:00+09:00,166257.671875,167207.7157142857,159607.365,474916,180508.35,225706.69010416666,0.04801846312673043,0.03693786662609334,36.4705761706638,-19451.95385714213,-18668.66674564334,-783.2871114987902,0.060605843130277615,-1,1,-1,-0.19999999999999996,MeanReversion
2018-11-05 00:00:00+09:00,164832.640625,167207.7507204611,161982.5085104467,212608,178061.98671875,224091.61588541666,0.04802710173328745,0.036762565387817525,36.04652630443587,-18386.7950504467,-18612.292406604014,225.49735615731333,-0.00857122100850416,-1,-1,-1,-1.0,Defensive
2018-11-06 00:00:00+09:00,165307.640625,168157.7723599138,163882.5747575431,150207,175734.378125,222531.96041666667,0.04815212096226187,0.03678522600664307,36.046489613100995,-17304.841056022065,-18350.802136487626,1045.9610804655604,0.002881710795864967,-1,-1,-1,-1.0,Defensive
2018-11-07 00:00:00+09:00,159607.40625,167207.75892857142,158182.34012276784,299771,173644.28203125,220806.04791666666,0.047627303418398506,0.036819616959028835,36.68639548478726,-16714.66968795698,-18023.575646781497,1308.9059588245182,-0.03448258261655901,-1,1,-1,-0.19999999999999996,MeanReversion
2018-11-08 00:00:00+09:00,153907.140625,164357.6254822531,153432.11858603396,421435,171957.95546875,219088.05208333334,0.04596605051685648,0.036945007890772444,34.2541445500421,-16516.52619089224,-17722.165755603648,1205.6395647114077,-0.03571429270688997,-1,1,-1,-0.19999999999999996,MeanReversion
2018-11-09 00:00:00+09:00,149156.90625,154857.17018312102,147256.818272293,363497,169559.09375,217314.63671875,0.04398686153791625,0.037059551009896594,27.932934510262612,-16551.999114093458,-17488.13242730161,936.1333132081527,-0.030864288399549356,-1,1,-1,-0.19999999999999996,MeanReversion
2018-11-12 00:00:00+09:00,149156.90625,154382.14818869426,147731.84026671975,344268,167611.503125,215612.47473958333,0.043385018008657295,0.03706262758591838,30.487778950881534,-16391.16451985971,-17268.738845813234,877.5743259535229,0.0,-1,1,-1,-0.19999999999999996,MeanReversion
2018-11-13 00:00:00+09:00,145356.71875,148681.87244689543,142506.58700980392,305109,165497.65546875,213965.73151041666,0.043441046256080584,0.03703744146576324,27.810635339840744,-16381.509472869046,-17091.292971224397,709.7834983553512,-0.02547778440530646,-1,1,-1,-0.19999999999999996,MeanReversion
2018-11-14 00:00:00+09:00,145356.71875,147256.8065767974,143456.6309232026,255421,163360.05546875,212263.56927083334,0.04339785182426846,0.036941245428103515,26.946088559650022,-16187.261108726845,-16910.48659872489,723.2254899980435,0.0,-1,1,-1,-0.19999999999999996,MeanReversion
2018-11-15 00:00:00+09:00,153432.109375,153432.109375,147731.845249613,1820365,161982.49296875,210743.49947916667,0.045408309417216186,0.037821283062971965,36.90476936354709,-15206.41130224819,-16569.67153942955,1363.2602371813591,0.05555567499352354,-1,1,-1,-0.19999999999999996,MeanReversion
2018-11-16 00:00:00+09:00,152957.078125,159132.36388781056,152007.03416149068,451022,160581.17890625,209168.00989583333,0.04538391888522054,0.03774131918316284,50.819675225109734,-14302.541025921615,-16116.245436727964,1813.7044108063492,-0.00309603545134729,-1,1,1,0.30000000000000004,Trend
2018-11-19 00:00:00+09:00,150106.9375,154382.13508702532,148681.87163765825,455582,158752.34375,207632.10520833332,0.044464147795286686,0.03772759724206658,51.2396811040821,-13658.750277792045,-15624.746404940783,1965.9961271487373,-0.01863359747674309,-1,1,1,0.30000000000000004,Trend
2018-11-20 00:00:00+09:00,142506.5625,148206.82499999998,141556.51875,532991,156899.75625,205914.10859375,0.044989241522241624,0.038039822042073505,47.69228745032491,-13604.998263983463,-15220.79677674932,1615.7985127658558,-0.050633069507530215,-1,1,1,0.30000000000000004,Trend
2018-11-21 00:00:00+09:00,147256.8125,149156.9004032258,138231.39495967742,692204,155213.42890625,204299.03359375,0.04589086571456425,0.038420418653876166,41.37929763341815,-13028.904825655016,-14782.41838653046,1753.5135608754445,0.03333355262148019,-1,1,-1,-0.19999999999999996,MeanReversion
2018-11-22 00:00:00+09:00,149631.921875,152482.0537202381,147256.81200396825,1137112,153598.3546875,202501.8671875,0.04614522952101857,0.0377069106511249,32.67329828199824,-12239.604605304718,-14273.855630285314,2034.2510249805964,0.016129028835253356,-1,1,-1,-0.19999999999999996,MeanReversion
2018-11-23 00:00:00+09:00,145356.71875,151056.98223039214,144406.6748366013,338372,152149.53828125,200657.19817708334,0.045731296289501115,0.03779139876047124,30.841127528662398,-11822.766167932801,-13783.637737814814,1960.8715698820124,-0.0285714643735675,-1,1,-1,-0.19999999999999996,MeanReversion
2018-11-26 00:00:00+09:00,147256.8125,148681.87842741935,143931.65866935483,303010,151912.02734375,198844.19739583333,0.03458469150769069,0.03788343829387451,32.727311872843444,-11209.876538448443,-13268.885497941541,2059.008959493098,0.013071936174261056,-1,1,-1,-0.19999999999999996,MeanReversion
2018-11-27 00:00:00+09:00,153432.109375,154857.17540634674,147731.845249613,735347,152149.53984375,197284.5421875,0.035485530491492244,0.038266292947420705,44.14414894956831,-10109.328200095217,-12636.974038372276,2527.6458382770597,0.04193555985737496,-1,1,-1,-0.19999999999999996,MeanReversion
2018-11-28 00:00:00+09:00,161032.4375,161507.45943952803,154857.15228613568,664561,152933.32578125,195827.80807291667,0.036473614245228506,0.03891418077997386,56.52169560453171,-8525.575227595138,-11814.69427621685,3289.119048621711,0.04953544701926904,-1,1,1,0.30000000000000004,Trend
2018-11-29 00:00:00+09:00,158182.296875,165307.62556306308,157232.25304992494,388729,153004.57734375,194276.06927083334,0.03277836221757599,0.03886003646538641,58.55851557668356,-7414.947219481459,-10934.744864869772,3519.797645388313,-0.017699170858045288,-1,1,1,0.30000000000000004,Trend
2018-11-30 00:00:00+09:00,163882.609375,165782.69759963767,156757.2785326087,511618,152885.82421875,192843.08697916666,0.03094892269164288,0.03925639630760771,62.60161101443742,-6005.570464184624,-9948.909984732742,3943.3395205481174,0.03603634927936694,-1,1,1,0.30000000000000004,Trend
2018-12-03 00:00:00+09:00,166732.734375,168632.82251602563,164357.62419871794,476682,152980.82890625,191513.02604166666,0.031141309056267125,0.03937126621231217,68.59501997918218,-4605.557958306075,-8880.239579447409,4274.681621141333,0.017391259578240392,-1,1,1,0.30000000000000004,Trend
2018-12-04 00:00:00+09:00,165307.640625,167682.7504040948,163407.55280172414,241516,152980.82890625,190143.37916666668,0.03120206882091382,0.039348499328343806,66.93543530997125,-3569.8797647168394,-7818.167616501295,4248.287851784456,-0.008547174346669184,-1,1,1,0.30000000000000004,Trend
2018-12-05 00:00:00+09:00,161507.484375,162457.5284007353,158657.35229779413,244077,153075.8328125,188702.47942708334,0.03060813303395038,0.039388969149457324,57.391288181066706,-3020.91495760603,-6858.717084722242,3837.8021271162124,-0.02298838841103934,-1,1,1,0.30000000000000004,Trend
2018-12-06 00:00:00+09:00,152957.078125,163407.56172360247,152957.078125,315289,153028.3296875,187119.07291666666,0.0319880734570782,0.03984504750143029,50.0,-3238.471633429668,-6134.667994463728,2896.19636103406,-0.05294123850104082,-1,1,1,0.30000000000000004,Trend
2018-12-07 00:00:00+09:00,161032.4375,161982.48137905603,154857.15228613568,329600,153622.10625,185638.58776041667,0.033097995823515046,0.040532955400970974,58.04194131307667,-2727.82814858004,-5453.300025286991,2725.4718767069508,0.05279493746867092,-1,1,1,0.30000000000000004,Trend
2018-12-10 00:00:00+09:00,165307.640625,166732.7064924569,157707.28933189655,343276,154429.64296875,184316.44348958333,0.03345505881126395,0.04071980256731486,67.64705242131217,-1955.6231388137385,-4753.7646479923405,2798.141509178602,0.026548707771997693,-1,1,1,0.30000000000000004,Trend
2018-12-11 00:00:00+09:00,165782.671875,166732.7158398997,161982.49601540115,306163,155450.940625,183018.05026041667,0.032664007350111976,0.04073658633747778,65.35431520936507,-1290.438679437706,-4061.099454281414,2770.660774843708,0.00287361944193254,-1,1,1,0.30000000000000004,Trend
2018-12-12 00:00:00+09:00,179083.28125,179558.30321618036,167207.7320954907,673079,157137.26875,181925.5,0.03621209863017624,0.04212586361070675,70.66664619979541,306.4403620043304,-3187.5914910242655,3494.031853028596,0.08022918936322032,-1,1,-1,-0.19999999999999996,MeanReversion
2018-12-13 00:00:00+09:00,183833.515625,183833.515625,175758.14155361758,671015,158657.3390625,180888.36875,0.034958712070095536,0.04229782168422807,76.8211767612066,1933.0002977551776,-2163.4731332683773,4096.473431023554,0.026525281097394382,-1,1,-1,-0.19999999999999996,MeanReversion
2018-12-14 00:00:00+09:00,178133.234375,185258.56375,177658.21241666668,334943,159916.146875,179605.809375,0.03603778005770887,0.042089408987059734,70.44022450938996,2730.6188337678614,-1184.6547398611297,3915.273573628991,-0.03100784549879332,-1,1,-1,-0.19999999999999996,MeanReversion
2018-12-17 00:00:00+09:00,180508.34375,181933.4096217105,173383.01439144736,349909,161436.2171875,178442.00572916667,0.03550948558895257,0.042127345095846785,68.8741404477873,3513.882892367372,-244.94721341542936,3758.830105782801,0.013333330994260262,-1,1,1,0.30000000000000004,Trend
2018-12-18 00:00:00+09:00,190483.8125,190483.8125,178608.26309226934,434394,163835.0796875,177515.71276041667,0.033749549253409006,0.04278342044703728,69.87177567870627,4883.270953750296,780.6964200177157,4102.574533732581,0.05526320026411513,-1,1,1,0.30000000000000004,Trend
2018-12-19 00:00:00+09:00,195709.046875,196184.0688334345,189533.76141535194,310745,166257.69140625,176731.92630208333,0.03361026395797769,0.04295475718805976,74.53414270980944,6317.331339976168,1888.0234040094062,4429.307935966762,0.027431382784823155,-1,1,-1,-0.19999999999999996,MeanReversion
2018-12-20 00:00:00+09:00,195709.046875,198084.15666717233,188583.71749848302,335722,168561.54765625,176003.559375,0.033755831391184,0.042936125572196164,72.48318473261142,7368.890544683323,2984.19683214419,4384.693712539133,0.0,-1,1,-1,-0.19999999999999996,MeanReversion
2018-12-21 00:00:00+09:00,193808.96875,196184.07866115196,190008.79289215687,267214,170984.16015625,175291.02682291667,0.032742863800852604,0.042929529809694465,69.38773226905562,7957.212572078599,3978.799980131072,3978.412591947527,-0.009708688256059972,-1,1,1,0.30000000000000004,Trend
2018-12-24 00:00:00+09:00,190483.8125,192383.9004052369,189058.74657107232,163942,173145.51015625,174428.07005208332,0.03350272615863724,0.04281709046112777,67.5496714708907,8062.213518646662,4795.48268783419,3266.730830812472,-0.017156874996271276,-1,1,1,0.30000000000000004,Trend
2018-12-26 00:00:00+09:00,190008.78125,191433.847109375,184308.5178125,162311,174974.34375,173462.19192708333,0.032984492488469803,0.04266796850948309,70.83330573198212,8014.7079096199595,5439.327732191345,2575.380177428615,-0.0024938142709632904,1,1,-1,0.5,Trend
2018-12-27 00:00:00+09:00,200215.515625,201171.19827714795,192092.21308174223,243557,176933.49765625,172531.83619791668,0.03323446338975795,0.04304049614437203,83.72734348690065,8700.365141469461,6091.535214046968,2608.8299274224937,0.05371717195307246,1,1,-1,0.5,Trend
2018-12-28 00:00:00+09:00,200215.515625,205949.61153788783,199259.83297285202,206844,179035.15859375,171680.65104166666,0.03265634502417672,0.04300050032364058,81.60732566050758,9138.411518086941,6700.910474854963,2437.5010432319787,0.0,1,1,-1,0.5,Trend
2019-01-02 00:00:00+09:00,184924.578125,201649.02317506462,183491.0542635659,404377,180087.25703125,171160.47708333333,0.03795256848506137,0.03973481140001401,63.43627581713504,8157.678918364603,6992.264163556892,1165.4147548077117,-0.07637239028287723,1,1,1,1.0,Trend
2019-01-03 00:00:00+09:00,185880.234375,190658.64656973007,183491.02827763496,250816,181044.63203125,170695.81588541667,0.03786092859175459,0.03973146965733231,63.67543358636237,7372.5683611079,7068.325003067094,304.243358040806,0.005167816304839867,1,1,1,1.0,Trend
2019-01-04 00:00:00+09:00,177756.953125,184446.73093077957,172022.8578629032,553488,181667.09765625,170127.43489583334,0.03939405699808223,0.040098602322109926,49.02908790194457,6025.424339199031,6859.744870293482,-834.3205310944504,-0.04370169468159735,1,1,-1,0.5,Trend
2019-01-07 00:00:00+09:00,177756.953125,185402.41347446237,174889.9054939516,353003,182479.57109375,169733.22864583333,0.03889876075127681,0.03960833111022988,45.219292961825644,4901.303816743952,6468.056659583576,-1566.7528428396245,0.0,1,1,-1,0.5,Trend
2019-01-08 00:00:00+09:00,179668.3125,183968.88380984042,177279.10621675532,214280,183815.1328125,169600.47265625,0.03632384238539404,0.0385948277631873,51.284282277780406,4117.200408076897,5997.88540928224,-1880.6850012053437,0.010752656036222108,1,1,-1,0.5,Trend
2019-01-09 00:00:00+09:00,175845.59375,179668.32404891305,172022.86345108697,375595,184555.790625,169245.66354166667,0.035387107836380584,0.038116823613328375,46.19128913865976,3151.0084878041525,5428.510024986623,-2277.50153718247,-0.021276532833245154,1,1,-1,0.5,Trend
2019-01-10 00:00:00+09:00,176323.40625,178712.61229674798,174889.88262195123,207021,185106.57890625,169049.24166666667,0.03501324156708533,0.0376603081741565,36.30892384073945,2396.2276843106083,4822.05355685142,-2425.8258725408114,0.0027172275961564463,1,1,-1,0.5,Trend
2019-01-11 00:00:00+09:00,173934.21875,175845.5837912088,172022.85370879123,248033,185514.15625,168820.91744791667,0.03521616936967556,0.03769487903580405,27.725306878836278,1586.9773091027164,4175.038307301679,-2588.060998198963,-0.01355003031538815,1,1,-1,0.5,Trend
2019-01-14 00:00:00+09:00,177279.09375,181579.6647574124,171544.99907345013,334776,185423.946875,168640.42369791667,0.03084817421813982,0.03778327279504308,32.35450492944746,1201.6916611865163,3580.3689780786467,-2378.6773168921304,0.01923068976328146,1,1,-1,0.5,Trend
2019-01-15 00:00:00+09:00,181101.828125,182535.35183047495,178234.78071405014,187333,185287.3625,168642.39817708332,0.030645926149575408,0.03756341213616807,38.26574295928995,1191.082665968017,3102.511715656521,-1911.4290496885042,0.02156336821301008,1,1,-1,0.5,Trend
2019-01-16 00:00:00+09:00,174889.90625,182057.52535860657,174889.90625,259797,185125.19609375,168540.840625,0.03083456716833058,0.03783287258543734,36.328869849953314,673.6592561419529,2616.7412237536078,-1943.0819676116548,-0.03430071324687245,1,1,-1,0.5,Trend
2019-01-17 00:00:00+09:00,166766.59375,174889.8948782235,166288.75250716333,446966,184438.10859375,168208.88984375,0.03232620938244198,0.0380802255442032,32.03308858877067,-387.42001658381196,2015.908975686124,-2403.328992269936,-0.04644814943400999,1,1,-1,0.5,Trend
2019-01-18 00:00:00+09:00,164855.25,170111.5043478261,163421.7260869565,291240,183156.68046875,167963.83880208334,0.029346989229093255,0.0377918200970525,18.64398560236809,-1366.8067542853823,1339.3658296918227,-2706.1725839772052,-0.011461190799791132,1,1,-1,0.5,Trend
2019-01-21 00:00:00+09:00,165810.921875,167244.44569524497,164377.39805475506,209565,181661.77421875,167710.96484375,0.028409202619864224,0.03778392490836148,19.999907352202243,-2042.3204675355228,663.0285702463536,-2705.349037781876,0.005797036339455275,1,1,-1,0.5,Trend
2019-01-22 00:00:00+09:00,167244.421875,170589.3103125,165333.05705357142,272796,180238.54296875,167466.1484375,0.028605922992915662,0.037796560090633535,29.670211603860096,-2433.941519597167,43.63455227764956,-2477.5760718748165,0.008645389482127452,1,1,-1,0.5,Trend
2019-01-23 00:00:00+09:00,170111.46875,172022.8335674157,166288.73911516854,211497,179053.66796875,167395.78880208332,0.029133197354251666,0.03747592117280627,32.63151554161152,-2484.31961286944,-461.9562807517683,-2022.3633321176717,0.017142855007402646,1,1,-1,0.5,Trend
2019-01-24 00:00:00+09:00,170589.328125,172978.53440126052,169155.80435924372,226410,178058.94375,167705.49375,0.029088397397480505,0.03290413887389491,40.50629191401506,-2457.3584581640025,-861.0367162342152,-1596.3217419297873,0.002809095580159182,1,1,-1,0.5,Trend
2019-01-25 00:00:00+09:00,172978.53125,173456.37249654694,170111.48377071822,262170,177207.43125,168110.43828125,0.029407552884514573,0.03278651245733148,44.047589851868544,-2217.639259085263,-1132.3572248044247,-1085.2820342808382,0.014005583768108343,1,1,-1,0.5,Trend
2019-01-28 00:00:00+09:00,172022.859375,174412.0657552083,169633.65299479166,201988,175797.7984375,168554.87395833334,0.02617088467097876,0.032638353173487705,40.24388055523321,-2080.788762552518,-1322.0435323540435,-758.7452301984747,-0.005524800494570048,1,1,-1,0.5,Trend
2019-01-29 00:00:00+09:00,169155.8125,172500.7014477401,168677.97122175142,157747,174244.81328125,168761.51640625,0.026184233394897935,0.031301650353734625,41.24996934446198,-2178.567312134517,-1493.3482883101383,-685.2190238243788,-0.016666662125119136,1,1,-1,0.5,Trend
2019-01-30 00:00:00+09:00,170589.328125,171545.0106355042,168200.1218487395,173990,173528.05078125,168833.71067708332,0.020367015629708368,0.030393573340165396,42.68293120602304,-2115.9929371672915,-1617.877218081569,-498.1157190857225,0.008474527737555526,1,1,-1,0.5,Trend
2019-01-31 00:00:00+09:00,173456.375,176323.42252066117,168677.96246556475,404998,172906.8578125,168977.43958333333,0.020798506164944004,0.03044131947650504,49.39758608952175,-1814.1432580657129,-1657.1304260783977,-157.01283198731517,0.01680671884057805,1,1,-1,0.5,Trend
2019-02-01 00:00:00+09:00,174412.0625,178712.6339041096,173456.3799657534,371918,172739.61328125,169129.17994791668,0.018458505126514018,0.030446148349038308,46.15386227770837,-1480.7401675095898,-1621.8523743646363,141.11220685504645,0.00550967065926522,1,1,1,1.0,Trend
2019-02-07 00:00:00+09:00,169633.640625,174889.894278169,167722.27566021125,316755,172333.44765625,169296.28385416666,0.019404234581047,0.030314026238024056,34.99998365040645,-1583.837039096572,-1614.2493073110236,30.412268214451615,-0.027397313044216776,1,1,-1,0.5,Trend
2019-02-08 00:00:00+09:00,162466.015625,169155.7927389706,161510.33318014705,352057,171473.3328125,169438.93177083333,0.021158993343661257,0.03046858670053308,34.14630644943253,-2218.3378696664877,-1735.0670197821164,-483.2708498843713,-0.042253558749264175,1,1,-1,0.5,Trend
2019-02-11 00:00:00+09:00,163899.546875,164377.38811953354,161988.1818968659,199315,170876.03046875,169684.64244791667,0.021001252264346765,0.030187777555040814,45.58823175830691,-2575.8179321395874,-1903.2172022536106,-672.6007298859768,0.008823576084421525,1,1,-1,0.5,Trend
2019-02-12 00:00:00+09:00,162466.015625,164855.22173713235,161988.17440257352,163002,170183.1609375,169906.4609375,0.02097906857117071,0.030216815754645673,46.26861228228834,-2940.8966228847275,-2110.7530863798343,-830.1435365048933,-0.008746401544925009,1,1,-1,0.5,Trend
2019-02-13 00:00:00+09:00,162466.015625,164855.22173713235,162466.015625,184111,169609.75078125,170191.61588541666,0.0208737345645876,0.03000554258650964,44.61535752734151,-3193.4124447177164,-2327.284958047411,-866.1274866703056,0.0,-1,1,-1,-0.19999999999999996,MeanReversion
2019-02-14 00:00:00+09:00,164855.25,166766.61521739129,162466.04347826086,254451,168988.55859375,170516.59140625,0.02064423668788965,0.030049408149987994,46.26871717585324,-3164.2661162994627,-2494.6811896978215,-669.5849266016412,0.01470605631466193,-1,1,-1,-0.19999999999999996,MeanReversion
2019-02-15 00:00:00+09:00,171545.0,172022.84122562676,164377.3816155989,297262,168510.7171875,170818.47291666668,0.022173515832973317,0.029684956063029427,52.00000871976422,-2571.7153904299194,-2510.088029844241,-61.62736058567816,0.04057953871654063,-1,1,-1,-0.19999999999999996,MeanReversion
2019-02-18 00:00:00+09:00,176801.25,178712.61486486488,172978.52027027027,268841,168606.284375,171215.87578125,0.021975278695915063,0.02990085303872055,57.64703936245146,-1658.8569540314784,-2339.841814681689,680.9848606502105,0.030640648226412992,-1,1,1,0.30000000000000004,Trend
2019-02-19 00:00:00+09:00,177756.953125,178712.6356686828,173456.38167842742,203307,169155.80234375,171676.709375,0.018840826477407247,0.029772654249054637,56.097567783873195,-848.5116966933128,-2041.5757910840139,1193.064094390701,0.005405522443987287,-1,1,1,0.30000000000000004,Trend
2019-02-20 00:00:00+09:00,193047.859375,195437.06555538366,175845.57487623763,808568,170565.4328125,172519.06432291667,0.025524905450250195,0.030628671788190013,69.64283211801582,1015.8312308131426,-1430.0943867045826,2445.925617517725,0.08602142409162084,-1,1,1,0.30000000000000004,Trend
2019-02-21 00:00:00+09:00,192092.203125,197348.45743936565,190180.83791977612,389787,171879.496875,173266.32083333333,0.02568425690477835,0.030436512996797324,72.22223063249525,2388.6876557163196,-666.3379782204021,3055.0256339367215,-0.004950359217107958,-1,1,-1,-0.19999999999999996,MeanReversion
2019-02-22 00:00:00+09:00,192092.203125,196870.6161380597,186835.94881063432,288846,173121.8859375,173973.9921875,0.025734253142993477,0.030403496125812175,71.42858477515762,3437.0659070710535,154.34279883788906,3282.7231082331646,0.0,-1,1,-1,-0.19999999999999996,MeanReversion
2019-02-25 00:00:00+09:00,196870.578125,197348.41933404127,190180.80119842233,215961,174459.84140625,174832.55651041667,0.02594511259187048,0.030199245544853925,72.47705733962637,4600.456948365289,1043.565628743369,3556.8913196219196,0.02487542400089282,-1,1,-1,-0.19999999999999996,MeanReversion
2019-02-26 00:00:00+09:00,195914.90625,200693.31859756098,194959.2237804878,265797,175726.1203125,175643.52473958334,0.02607152949417565,0.030207727374574778,70.64220568797552,5383.282863073109,1911.509075609317,3471.7737874637924,-0.004854315378670759,1,1,-1,0.5,Trend
2019-02-27 00:00:00+09:00,194481.390625,196392.75564342752,189225.13682432432,178961,176801.26328125,176327.67942708332,0.026204511929912806,0.029865806452991774,75.49023127939721,5820.9055342763895,2693.3883673427317,3127.517166933658,-0.007317031932071227,1,1,-1,0.5,Trend
2019-02-28 00:00:00+09:00,191136.5,195914.9125,191136.5,195931,177756.9453125,176829.41380208332,0.02660482980875357,0.029411383081880443,81.91494801698549,5830.60831189403,3320.8323562529913,2509.7759556410383,-0.017199026674226348,1,1,-1,0.5,Trend
2019-03-04 00:00:00+09:00,186358.109375,195914.93549679487,186358.109375,297559,178617.06015625,177299.01067708334,0.02704097780784845,0.029516015852974312,73.26739533016486,5390.58236630226,3734.7823582628453,1655.800008039415,-0.024999885552994816,1,1,-1,0.5,Trend
2019-03-05 00:00:00+09:00,188747.296875,189702.9793908228,185880.24932753167,131176,179524.95859375,177713.42213541668,0.027088131646532822,0.029234514098930704,76.69910556515367,5174.9920115930145,4022.8242889288795,1152.167722664135,0.012820410702881535,1,1,-1,0.5,Trend
2019-03-06 00:00:00+09:00,185402.390625,190658.64396746134,184924.54941204897,130417,180122.259375,178024.58307291666,0.027408474482175652,0.029282957579234454,71.818218571009,4680.277793383866,4154.314989819877,525.9628035639889,-0.017721611410494553,1,1,-1,0.5,Trend
2019-03-07 00:00:00+09:00,187791.609375,190180.81560114503,183491.0381679389,152402,180791.23671875,178399.31588541667,0.027487479848342516,0.029284975873323696,71.81821019353477,4429.9376333238615,4209.439518520674,220.4981148031875,0.012886666358215892,1,1,-1,0.5,Trend
2019-03-08 00:00:00+09:00,188747.296875,194003.55071202532,186358.09058544305,257567,181746.91953125,178853.31276041668,0.026470351018464,0.029096581720576126,68.36739222192747,4259.555740019627,4219.462762820464,40.092977199162306,0.005089085200242316,1,1,1,1.0,Trend
2019-03-11 00:00:00+09:00,180146.171875,189702.99796916445,178234.80665616711,285609,182630.92734375,179306.46432291667,0.02681401171351628,0.028855390745618784,53.3333727799963,3391.3940772881324,4053.8490257139983,-662.454948425866,-0.04556952678213022,1,1,-1,0.5,Trend
2019-03-12 00:00:00+09:00,174412.0625,182535.3640410959,172978.53869863015,327847,183156.553125,179529.45807291666,0.028069792706583264,0.028482761201761606,46.956514321541235,2215.140242358495,3686.1072690428978,-1470.9670266844028,-0.031830314878846244,1,1,-1,0.5,Trend
2019-03-13 00:00:00+09:00,176323.40625,177756.92987804877,172978.51778455285,217726,183849.42265625,179713.05416666667,0.02797576681339551,0.028324341293473727,29.884992668982676,1420.801950121764,3233.046205258671,-1812.2442551369068,0.01095878187897692,1,1,-1,0.5,Trend
2019-03-14 00:00:00+09:00,178234.796875,180146.16198894102,174412.06664711796,218710,184637.86171875,179920.58958333332,0.027996628807615977,0.028351243611554732,33.70783090477555,934.7412644648284,2773.3852170999025,-1838.6439526350741,0.010840254652805026,1,1,-1,0.5,Trend
2019-03-15 00:00:00+09:00,187313.765625,188269.44810267855,177279.099609375,280392,185760.7875,180057.76432291666,0.029701297990954764,0.027305640957134048,45.3703395326559,1267.520385224052,2472.2122507247327,-1204.6918655006807,0.050938250606402447,1,1,-1,0.5,Trend
2019-03-18 00:00:00+09:00,194959.234375,196870.59941789217,191136.5042892157,355270,186931.49921875,180243.19296875,0.02971480439150545,0.027580836259035395,48.24563265418515,2123.6950338505267,2402.508807349892,-278.8137734993652,0.04081637419700446,1,1,-1,0.5,Trend
2019-03-19 00:00:00+09:00,191136.5,197826.2775,191136.5,224220,187648.26171875,180459.9140625,0.029711146745336207,0.027388056679971278,45.83333787488215,2465.3380131578597,2415.0746485114855,50.26336464637416,-0.01960786513783208,1,1,1,1.0,Trend
2019-03-20 00:00:00+09:00,189225.15625,192570.0453756313,183491.0606060606,235195,188221.671875,180605.19427083334,0.02987050785194194,0.02737915508080114,45.45456019496265,2552.44012784987,2442.5477443791624,109.8923834707075,-0.009999888822909253,1,1,1,1.0,Trend
2019-03-21 00:00:00+09:00,184446.703125,191136.4799222798,183968.8619251943,186882,187791.6140625,180504.57578125,0.023939343153401613,0.026683343844751267,44.35482361057015,2210.407744741329,2396.1197444515956,-185.71199971026635,-0.02525273710799225,1,1,-1,0.5,Trend
2019-03-22 00:00:00+09:00,184446.703125,188269.4327234456,182535.3383257772,101623,187409.3390625,180316.87005208334,0.023935780434586603,0.02643650714789374,48.24557730015386,1917.2438235623413,2300.3445602737447,-383.10073671140344,0.0,1,1,-1,0.5,Trend
2019-03-25 00:00:00+09:00,179668.3125,183491.04255319148,179190.47124335106,117489,186788.14453125,180049.52447916666,0.024530773990244316,0.026636304353092877,42.01681064815438,1284.5259001479135,2097.1808282485786,-812.6549281006651,-0.025906619874694448,1,1,-1,0.5,Trend
2019-03-26 00:00:00+09:00,183968.875,186835.9224025974,181101.8275974026,116153,186143.059375,179885.52291666667,0.024476655710639634,0.02680786631688136,48.76033772537748,1117.2330723998602,1901.1912770788351,-783.9582046789749,0.02393612117885291,1,1,-1,0.5,Trend
2019-03-27 00:00:00+09:00,181579.671875,187791.6080180921,180146.14814967106,114165,185426.29765625,179737.12057291667,0.024571313827606994,0.026769412198543126,44.62809716349737,782.8394900058047,1677.5209196642293,-894.6814296584246,-0.012986996441653464,1,1,-1,0.5,Trend
2019-03-28 00:00:00+09:00,177279.09375,181101.8235343666,175845.57008086253,166344,184566.1828125,179524.95911458333,0.02497544223638229,0.026935524002937455,40.624988025214115,168.8629070474417,1375.7893171408718,-1206.9264100934301,-0.023684248796090657,1,1,-1,0.5,Trend
2019-03-29 00:00:00+09:00,180146.171875,180624.01317970824,173456.3936090849,239779,184016.66640625,179190.47005208334,0.025195643942797892,0.026109158679996778,50.0,-85.3844560344296,1083.5545625058116,-1168.9390185402412,0.016172680401013162,1,1,-1,0.5,Trend
2019-04-01 00:00:00+09:00,186358.109375,186835.95068108974,179190.48978365384,151378,184016.66640625,178959.51328125,0.02589987288595928,0.026511629874849223,60.68376952200861,211.93110800153227,909.2298716049559,-697.2987636034236,0.034482761611555945,1,1,-1,0.5,Trend
2019-04-02 00:00:00+09:00,183968.875,188269.4461038961,183491.03376623377,96460,183777.7453125,178943.58489583334,0.025870741049067017,0.024498081000593305,56.779659607910084,251.8612879954744,777.7561548830596,-525.8948668875852,-0.012820662234731328,1,1,-1,0.5,Trend
2019-04-03 00:00:00+09:00,186358.109375,187313.7919871795,182535.37892628205,144406,183825.53125,178951.54947916666,0.02574669466564168,0.024546556517817935,57.14285714285714,470.86959809905966,716.3788435262596,-245.50924542719997,0.0129871663073442,1,1,-1,0.5,Trend
2019-04-04 00:00:00+09:00,189225.15625,190658.68016098483,185402.42582070705,179906,183897.20859375,179142.68619791666,0.02581567055765401,0.023906863178135358,51.886814279381596,865.8015621619998,746.2633872534077,119.53817490859205,0.015384610224987716,1,1,1,1.0,Trend
2019-04-05 00:00:00+09:00,189225.15625,191136.52146464644,188269.47364267675,110413,183921.1015625,179333.82291666666,0.025792014670758867,0.023906863178135358,43.333366032413515,1165.354507656768,830.0816113340798,335.2728963226882,0.0,1,1,-1,0.5,Trend
2019-04-08 00:00:00+09:00,191614.34375,194959.23254364092,189225.13746882795,201015,184494.51015625,179532.9234375,0.023431090225718675,0.023920728358599288,50.57471480374529,1577.3570489115664,979.5366988495771,597.8203500619893,0.012626162120027207,1,1,1,1.0,Trend
2019-04-09 00:00:00+09:00,197826.28125,198304.12250905798,189225.13858695654,264193,185665.22109375,179899.26822916666,0.022710832623560443,0.024059639595127236,59.374963809606854,2377.7146575993684,1259.1722905995355,1118.542366999833,0.032418958719002466,1,1,1,1.0,Trend
2019-04-10 00:00:00+09:00,192570.015625,196870.5866935484,191614.33316532258,163084,186477.5515625,180170.04505208333,0.023853977808585548,0.024346606861423162,58.76288833558856,2558.3757580516394,1519.0129840899563,1039.3627739616832,-0.02657010783292979,1,1,1,1.0,Trend
2019-04-11 00:00:00+09:00,195437.078125,195437.078125,192570.03052414424,209044,187337.665625,180528.42604166668,0.02392682502918975,0.024324083282770057,61.165059331401864,2899.4756144395797,1795.105510159881,1104.3701042796986,0.014888415990904624,1,1,1,1.0,Trend
2019-04-12 00:00:00+09:00,208338.796875,209294.47942947247,192570.03472620412,506191,188388.9171875,181046.08776041667,0.02549945899168806,0.025519651657074573,74.99996593844887,4162.8735718439275,2268.6591224966905,1894.214449347237,0.06601469318809694,1,1,-1,0.5,Trend
2019-04-15 00:00:00+09:00,224107.546875,225063.22937766527,211205.8330890192,827285,189846.3328125,181762.84973958333,0.028720198166904937,0.026987049032062876,79.16663165895021,6363.1811046040675,3087.563518918166,3275.6175856859013,0.07568801508180445,1,1,-1,0.5,Trend
2019-04-16 00:00:00+09:00,216939.9375,222196.19149229076,215984.25495594714,247963,191136.5046875,182463.68359375,0.029473929911557808,0.026930869106594688,74.02595417156711,7442.77878150047,3958.606571434627,3484.1722100658435,-0.03198290050891439,1,1,-1,0.5,Trend
2019-04-17 00:00:00+09:00,221718.328125,224107.53424703662,218851.280778556,314838,192761.16328125,183379.54583333334,0.029402262702508484,0.026175870556027752,79.99997468455372,8584.98158355322,4883.881573858346,3701.1000096948746,0.022026329868376493,1,1,-1,0.5,Trend
2019-04-18 00:00:00+09:00,215984.234375,221240.487866427,215506.39314850664,192380,194338.03984375,184231.69557291668,0.029440069235599012,0.02639812876489895,73.29189682997142,8924.614686773391,5692.028196441355,3232.586490332036,-0.025862064712878552,1,1,-1,0.5,Trend
2019-04-19 00:00:00+09:00,222674.015625,229841.6341537017,216939.92080203863,359142,196249.40546875,185179.41380208332,0.0297976446873022,0.026610515223359204,73.45676246301163,9622.66175127044,6478.154907407172,3144.506843863268,0.030973470213501608,1,1,-1,0.5,Trend
2019-04-22 00:00:00+09:00,222674.015625,225063.2218012339,218851.28574302574,182927,198399.690625,186103.24036458333,0.028702010683702896,0.02661346756213386,75.79617728267618,10059.904759052792,7194.504877736296,2865.3998813164953,0.0,1,1,-1,0.5,Trend
2019-04-23 00:00:00+09:00,225063.234375,229363.8057324841,223151.8693272293,187454,200454.40859375,187019.103125,0.028540683809815007,0.02657671757605703,75.79617224162881,10478.424226585339,7851.288747506105,2627.135479079234,0.010729670201051311,1,1,-1,0.5,Trend
2019-04-24 00:00:00+09:00,222196.171875,227452.42540322582,220284.80695564518,197175,202485.23359375,187879.2171875,0.028530007274976656,0.026671647669287896,71.97450133285457,10458.200313950336,8372.671060794952,2085.529253155384,-0.012738919832738671,1,1,-1,0.5,Trend
2019-04-25 00:00:00+09:00,216939.9375,224107.5565803965,215028.57241189427,179762,204468.27578125,188611.90729166666,0.028528178745030826,0.026889758719866954,67.26190151794133,9903.872850330896,8678.91141870214,1224.9614316287552,-0.02365582777887365,1,1,1,1.0,Trend
2019-04-26 00:00:00+09:00,216462.109375,221718.36368653423,214550.74417080576,233210,206284.07265625,189352.56145833334,0.028619584764623424,0.026873620504123355,65.85367409834588,9318.588715297665,8806.846878021246,511.74183727641866,-0.0022025825696571077,1,1,1,1.0,Trend
2019-04-29 00:00:00+09:00,211205.8125,213117.17731900452,208816.60647624434,363153,207526.4578125,190053.39479166668,0.02894689783867797,0.02699330210636235,58.641956619152,8334.532292234042,8712.383960863806,-377.8516686297644,-0.02428275733880969,1,1,-1,0.5,Trend
2019-04-30 00:00:00+09:00,198781.9375,210250.12620192306,196870.57271634616,536054,208267.1109375,190523.27161458333,0.03237348348615769,0.02823190873061959,53.67230699057655,6477.489142628823,8265.40499721681,-1787.9158545879873,-0.05882354681881685,1,1,-1,0.5,Trend
2019-05-02 00:00:00+09:00,203082.53125,204993.89625,195914.9125,265520,209103.33203125,191017.04088541667,0.03255359511628228,0.028278642793073093,54.44443899458884,5291.790573648905,7670.682112503229,-2378.8915388543246,0.02163473102278224,1,1,-1,0.5,Trend
2019-05-03 00:00:00+09:00,206905.265625,210727.9957058314,201171.1705037529,219904,209987.3375,191558.59427083333,0.03262227110938431,0.0283521355918882,49.06831843999547,4607.466624178574,7058.0390148382985,-2450.572390659724,0.018823550954730317,1,1,-1,0.5,Trend
2019-05-07 00:00:00+09:00,202604.6875,204993.89372051888,197348.4338148585,161305,210656.3140625,192108.11171875,0.03310809916034953,0.028241362064209435,33.57665139514263,3675.742578306672,6381.579727531974,-2705.837149225302,-0.020785252187803027,1,1,-1,0.5,Trend
2019-05-08 00:00:00+09:00,200215.515625,203560.4049075179,197826.30899463006,96783,211086.37265625,192737.27005208333,0.033203547835874384,0.027657733802732978,36.2204951472684,2713.281337771041,5647.920049579788,-2934.638711808747,-0.011792283310325669,1,1,-1,0.5,Trend
2019-05-09 00:00:00+09:00,193047.859375,203560.36656868813,193047.859375,203000,210847.4515625,193223.07526041666,0.03350153362392661,0.028123487243660726,27.272761052792205,1356.516832077643,4789.639406079358,-3433.1225740017153,-0.03579970427179524,1,1,-1,0.5,Trend
2019-05-10 00:00:00+09:00,194481.390625,200215.48568028255,191614.3430973587,179188,210943.0203125,193756.66484375,0.03299063411276279,0.028088781779412996,31.70735532910176,392.4215859408723,3910.195842051661,-3517.774256110789,0.0074257816410971955,1,1,-1,0.5,Trend
2019-05-13 00:00:00+09:00,187791.609375,194959.2280534351,185402.40314885497,197844,210560.746875,194178.75807291668,0.033725949624470564,0.028512411167601875,20.32525231472374,-901.0534967695712,2947.945974287415,-3848.9994710569863,-0.034398053348452584,1,1,-1,0.5,Trend
2019-05-14 00:00:00+09:00,188747.296875,190180.8206487342,182057.51926424052,229813,209581.171875,194576.95885416667,0.030037193175094304,0.028469909112927846,21.60005294637139,-1827.9543051977525,1992.7659183903816,-3820.720223588134,0.005089085200242316,1,1,-1,0.5,Trend
2019-05-15 00:00:00+09:00,191136.5,195914.9125,186835.92875,174553,207932.61953125,194903.48385416667,0.0242777950510935,0.028076147812867963,21.600032437508744,-2342.735551912774,1125.6656243297505,-3468.4011762425243,0.012658211081996384,1,1,-1,0.5,Trend
2019-05-16 00:00:00+09:00,191136.5,194003.5475,190180.8175,111840,206642.44765625,195142.4046875,0.023627217520507695,0.027828371724473118,22.68911419215479,-2719.3563514540438,356.6612291729916,-3076.0175806270354,0.0,1,1,-1,0.5,Trend
2019-05-17 00:00:00+09:00,188747.296875,194003.55071202532,187791.6143591772,121093,204993.89609375,195325.57708333334,0.022706324511339995,0.027880239460654647,23.8938373199705,-3174.031513756083,-349.47731941282336,-2824.5541943432595,-0.012499983650427815,1,1,-1,0.5,Trend
2019-05-20 00:00:00+09:00,186358.109375,194481.41157852564,184924.58545673077,148114,203512.58984375,195214.08125,0.022336398067054793,0.025793503269700292,23.076957474399677,-3684.677649306046,-1016.517385391468,-2668.160263914578,-0.012658128299353977,1,1,-1,0.5,Trend
2019-05-21 00:00:00+09:00,182057.515625,188269.45185367455,181101.83312828082,158056,201481.76484375,195046.83645833333,0.02071680508016204,0.025955050583646447,23.47830413871249,-4385.8332096451195,-1690.3805502421983,-2695.452659402921,-0.02307704110340647,1,1,-1,0.5,Trend
2019-05-22 00:00:00+09:00,182057.515625,185880.24561187663,181101.83312828082,113957,199450.93984375,194879.59166666667,0.02071680508016204,0.025955050583646447,30.33712777671434,-4885.190606382064,-2329.3425614701714,-2555.848044911893,0.0,1,1,-1,0.5,Trend
2019-05-23 00:00:00+09:00,178234.796875,182057.52710288204,172022.86025469168,268622,197109.51796875,194568.9953125,0.020258603269203306,0.025866659161605392,20.454569945113775,-5525.699571274192,-2968.6139634309757,-2557.085607843216,-0.020997313606508805,1,1,-1,0.5,Trend
2019-05-24 00:00:00+09:00,171067.171875,176801.26702164806,169633.648088338,254547,194553.06796875,194154.86640625,0.021299754084733617,0.02635972354396784,10.526332093749446,-6536.328252357489,-3682.1568212162783,-2854.1714311412106,-0.04021450988062003,1,1,-1,0.5,Trend
2019-05-27 00:00:00+09:00,174412.0625,174412.0625,169633.6498287671,138266,192426.67421875,193820.37760416666,0.022314060025409727,0.026497574687235907,18.279589552028895,-6986.814397053997,-4343.088336383822,-2643.726060670175,0.019553083086240264,-1,1,-1,-0.19999999999999996,MeanReversion
2019-05-28 00:00:00+09:00,173456.375,178234.78753443528,173456.375,253244,190276.3875,193525.70885416667,0.022258573178259966,0.02642388348852535,18.888891714737383,-7336.374745211593,-4941.745618149376,-2394.629127062217,-0.005479480526182079,-1,1,-1,-0.19999999999999996,MeanReversion
2019-05-29 00:00:00+09:00,172022.859375,176801.27213541666,171545.01809895833,109653,188317.23984375,193286.78802083334,0.02203516183031302,0.026255974260303874,21.794897593008073,-7640.995925446652,-5481.595679608832,-2159.40024583782,-0.008264415908611045,-1,1,-1,-0.19999999999999996,MeanReversion
2019-05-30 00:00:00+09:00,168200.109375,173456.36279296875,164377.37961647726,278621,186788.1484375,192944.33489583334,0.018869667636229374,0.02632950783271289,16.867470828832282,-8097.531084600079,-6004.782760607082,-2092.748323992997,-0.02222233727476086,-1,1,-1,-0.19999999999999996,MeanReversion
2019-05-31 00:00:00+09:00,171067.171875,172978.5369238827,167244.44177723464,156383,185187.38046875,192705.41458333333,0.018519607829915106,0.026355059809770518,26.66669573254738,-8134.224231120868,-6430.67105470984,-1703.5531764110283,0.01704554480168574,-1,1,-1,-0.19999999999999996,MeanReversion
2019-06-03 00:00:00+09:00,172022.859375,173934.22447916667,167722.28789062498,153750,183443.26015625,192442.60208333333,0.017721389395795692,0.02630575520256081,26.66669573254738,-7994.037531316688,-6743.3443500312105,-1250.6931812854773,0.0055866212641799695,-1,1,-1,-0.19999999999999996,MeanReversion
2019-06-04 00:00:00+09:00,169633.640625,172978.52931338028,169155.7993838028,116299,181794.7078125,192124.04114583333,0.017544611496203122,0.026340545601707184,20.000034879041664,-7983.6974527656275,-6991.414970578095,-992.2824821875329,-0.013888960796725525,-1,1,-1,-0.19999999999999996,MeanReversion
2019-06-05 00:00:00+09:00,171545.0,172500.6824512535,169155.7938718663,164310,180361.18203125,191980.68828125,0.018088062012728733,0.025722094764522974,24.05064967747917,-7732.140831932018,-7139.56014284888,-592.5806890831382,0.011267572681678883,-1,1,-1,-0.19999999999999996,MeanReversion
2019-06-07 00:00:00+09:00,172022.859375,172978.54192708334,169155.81171875,162563,179309.93203125,191940.86822916666,0.016896745610493452,0.025389846524592443,26.66671607862081,-7408.8169101172825,-7193.411496302561,-215.40541381472121,0.002785621119822723,-1,1,-1,-0.19999999999999996,MeanReversion
2019-06-10 00:00:00+09:00,169155.8125,172500.7014477401,168200.12994350283,156067,178043.653125,191821.40833333333,0.016770640944055,0.025435917680032796,26.315825705342633,-7299.779777241143,-7214.685152490278,-85.09462475086548,-0.016666662125119136,-1,1,-1,-0.19999999999999996,MeanReversion
2019-06-11 00:00:00+09:00,169633.640625,171067.16434859153,168200.11690140844,138598,177135.7546875,191678.05572916666,0.01553047314094775,0.025395784578405654,30.882375570310757,-7093.0461072984035,-7190.357343451904,97.31123615350043,0.002824780998879284,-1,1,-1,-0.19999999999999996,MeanReversion
2019-06-12 00:00:00+09:00,166766.59375,170111.48244985673,166288.75250716333,171774,176036.71953125,191335.60286458334,0.01555648087794891,0.02459492340434233,28.378402860906405,-7078.953141020786,-7168.076502965681,89.1233619448958,-0.016901405077652143,-1,1,-1,-0.19999999999999996,MeanReversion
2019-06-13 00:00:00+09:00,167244.421875,167722.26308035714,164855.21584821428,200398,174842.115625,190873.68932291667,0.015083974747194749,0.023981138968831604,32.8358026848402,-6949.122469253169,-7124.28569622318,175.16322697001124,0.0028652508530353504,-1,1,-1,-0.19999999999999996,MeanReversion
2019-06-14 00:00:00+09:00,161510.34375,167244.4387943787,160076.8199889053,258720,173360.8078125,190379.92005208333,0.016243872170977364,0.024242658864353225,34.375004789910676,-7225.630340725795,-7144.554625123703,-81.0757156020918,-0.03428561658866991,-1,1,-1,-0.19999999999999996,MeanReversion
2019-06-17 00:00:00+09:00,162466.015625,163899.53929227943,161988.17440257352,197354,172046.74375,189933.934375,0.01651812937222103,0.024249335096304808,28.813536777383717,-7283.6882632103225,-7172.3813527410275,-111.30691046929496,0.005917093932257922,-1,1,-1,-0.19999999999999996,MeanReversion
2019-06-18 00:00:00+09:00,162943.875,164855.2401026393,161988.19244868035,150515,170876.03203125,189575.55390625,0.016627857091907606,0.02406896537123402,31.034509975486927,-7208.050408880983,-7179.515163969019,-28.535244911963673,0.0029412882021000453,-1,1,-1,-0.19999999999999996,MeanReversion
2019-06-19 00:00:00+09:00,163899.546875,167244.4355867347,162943.86438593295,228879,169968.13359375,189233.10130208332,0.016370209352898193,0.024089304570817097,35.08770822744363,-6990.411024048808,-7141.694335984977,151.2833119361694,0.00586503711784192,-1,1,-1,-0.19999999999999996,MeanReversion
2019-06-20 00:00:00+09:00,163421.703125,164855.2268366228,162466.0206505848,121656,169036.34296875,188962.32447916668,0.016333872849817483,0.023878120581040316,40.00001307965773,-6778.35162255296,-7069.025793298574,290.674170745614,-0.0029154671816417066,-1,1,-1,-0.19999999999999996,MeanReversion
2019-06-21 00:00:00+09:00,163899.546875,164377.38811953354,161988.1818968659,151251,168319.58046875,188627.83567708332,0.015991550389529232,0.023655740368461606,33.33330911173087,-6496.843454742222,-6954.589325587303,457.7458708450813,0.0029239919843113693,-1,1,-1,-0.19999999999999996,MeanReversion
2019-06-24 00:00:00+09:00,161988.1875,163899.5525442478,161032.50497787612,122663,167865.63125,188301.3109375,0.013600632011829093,0.02364565628821104,27.659538941590228,-6354.723632899142,-6834.616187049671,479.89255415052867,-0.01166177339378327,-1,1,-1,-0.19999999999999996,MeanReversion
2019-06-25 00:00:00+09:00,160076.8125,164855.22481343284,159598.97126865672,138968,167148.86875,188014.60625,0.01269349097164501,0.023505454981463177,28.260837113287735,-6323.432050168514,-6732.3793596734395,408.9473095049252,-0.011799471489240543,-1,1,-1,-0.19999999999999996,MeanReversion
2019-06-26 00:00:00+09:00,156254.09375,161510.34766819573,155298.41121941898,239907,166288.7546875,187616.40494791666,0.013451212416869137,0.023564164021139943,17.999986920325156,-6531.800174238044,-6692.263522586361,160.4633483483176,-0.023880527668552864,-1,1,-1,-0.19999999999999996,MeanReversion
2019-06-27 00:00:00+09:00,158643.296875,159598.97938629516,154342.72557417167,320374,165619.7765625,187154.49140625,0.014173335177653783,0.023196732420077686,24.07400679174721,-6430.023381993524,-6639.815494467794,209.79211247427065,0.015290499388916023,-1,1,-1,-0.19999999999999996,MeanReversion
2019-06-28 00:00:00+09:00,157209.78125,159598.98765197568,156254.09868920973,130697,165070.26015625,186708.50651041666,0.013560076561834838,0.023173407078676444,25.49013573384113,-6391.36163300433,-6590.124722175102,198.76308917077222,-0.009036093255988642,-1,1,-1,-0.19999999999999996,MeanReversion
2019-07-01 00:00:00+09:00,156731.9375,162466.03277439025,156254.09622713414,230858,164353.4984375,186214.73697916666,0.012695950847346467,0.023083624302254555,23.52938536396458,-6326.353648662276,-6537.370507472537,211.0168588102606,-0.003039529386788753,-1,1,-1,-0.19999999999999996,MeanReversion
2019-07-02 00:00:00+09:00,152909.21875,157687.6318359375,152431.37744140625,212482,163397.81640625,185609.47135416666,0.013239854623692135,0.02312741714396859,22.64149197265111,-6508.2724939936015,-6531.55090477675,23.2784107831485,-0.02439017095670115,-1,1,-1,-0.19999999999999996,MeanReversion
2019-07-03 00:00:00+09:00,150042.125,154342.69546178344,148608.60151273885,289630,162418.240625,184956.42083333334,0.013443479873766774,0.02320711022630896,18.965500716844062,-6805.347187697713,-6586.310161360942,-219.0370263367704,-0.0187503001678897,-1,1,-1,-0.19999999999999996,MeanReversion
2019-07-04 00:00:00+09:00,154342.734375,154820.57565789472,148608.63898026315,182021,161558.12734375,184335.22734375,0.015046667725220914,0.0234824884472424,36.36368500688167,-6617.475647862477,-6592.54325866125,-24.932389201227124,0.02866267973077563,-1,1,-1,-0.19999999999999996,MeanReversion
2019-07-05 00:00:00+09:00,161510.34375,162466.02625739644,153864.8836908284,421907,161032.5015625,183729.96171875,0.018798047017374305,0.023889259296357365,48.52943085802875,-5823.09491126379,-6438.653589181758,615.5586779179685,0.04643956454461384,-1,1,1,0.30000000000000004,Trend
2019-07-08 00:00:00+09:00,154820.578125,161032.51490162036,154342.73683449076,237813,160315.73984375,183100.80442708332,0.020555063839308902,0.0242261676747529,39.50618679431972,-5668.013302404288,-6284.525531826264,616.5122294219764,-0.041420044497924025,-1,1,-1,-0.19999999999999996,MeanReversion
2019-07-09 00:00:00+09:00,151953.515625,156254.08682193398,150997.83313679247,205161,159431.73359375,182376.07838541668,0.02071803086455948,0.024180257508391565,35.29413801327968,-5710.629411674978,-6169.746307796007,459.11689612102964,-0.01851861383494624,-1,1,-1,-0.19999999999999996,MeanReversion
2019-07-10 00:00:00+09:00,151953.515625,153864.8806014151,151475.67438089623,150813,158691.0796875,181436.32369791667,0.020568278329312423,0.022476107257641705,35.714307958571794,-5678.939703420678,-6071.584986920942,392.64528350026467,0.0,-1,1,-1,-0.19999999999999996,MeanReversion
2019-07-11 00:00:00+09:00,157687.609375,159598.9743371212,151953.51448863637,219312,158213.2390625,180329.32473958333,0.02254986016012499,0.020771073040529418,43.15790089623093,-5131.973738795001,-5883.662737295754,751.6889985007529,0.0377358412960378,-1,1,-1,-0.19999999999999996,MeanReversion
2019-07-12 00:00:00+09:00,154820.578125,158165.46715856483,153387.05425347222,168817,157878.75078125,179294.00208333333,0.02159999572345259,0.020542399471973664,42.268057918563024,-4873.664165498019,-5681.663022936207,807.9988574381878,-0.018181715490288464,-1,1,-1,-0.19999999999999996,MeanReversion
2019-07-15 00:00:00+09:00,154342.734375,157209.78207236843,152909.2105263158,107389,157472.58671875,178171.07552083334,0.02151781501573401,0.020228447215191774,43.617044590817464,-4653.863127553079,-5476.103043859583,822.2399163065038,-0.0030864356391576697,-1,1,-1,-0.19999999999999996,MeanReversion
2019-07-16 00:00:00+09:00,157687.609375,158165.4506155303,152909.19696969696,168541,157209.7734375,177199.46510416668,0.02215514635357801,0.020358132610652748,51.61289301796377,-4161.791224575689,-5213.240680002805,1051.449455427116,0.02167173604604611,-1,1,1,0.30000000000000004,Trend
2019-07-17 00:00:00+09:00,152431.359375,156731.93064263323,150042.15311520375,248282,156636.3640625,176028.75416666668,0.02320609769811653,0.020138127831826974,43.43434610338737,-4148.138978942967,-5000.220339790837,852.0813608478702,-0.033333310212725786,-1,1,-1,-0.19999999999999996,MeanReversion
2019-07-18 00:00:00+09:00,151475.671875,153864.8780559937,150519.98940260254,152094,156039.0625,174842.11510416667,0.02321292388928402,0.02012105302505639,43.87754114666454,-4166.407715510548,-4833.45781493478,667.050099424232,-0.006269625252431799,-1,1,-1,-0.19999999999999996,MeanReversion
2019-07-19 00:00:00+09:00,152431.359375,154342.72438283698,150519.99436716302,148986,155465.653125,173631.58385416667,0.023276370432674963,0.02006582010274321,45.45454245187202,-4057.003218912403,-4678.1668957303045,621.1636768179014,0.006309181455809165,-1,1,1,0.30000000000000004,Trend
2019-07-22 00:00:00+09:00,152431.359375,152909.20062695924,150997.83561912226,77981,154987.81171875,172468.83697916666,0.02320912907216372,0.020065573545559944,49.450529312230074,-3925.0537903080403,-4527.544274645852,602.4904843378117,0.0,-1,1,1,0.30000000000000004,Trend
2019-07-23 00:00:00+09:00,151475.671875,154342.71929219243,150519.98940260254,190831,154557.7546875,171377.76588541668,0.02313081071792925,0.0199312216812077,51.72416514791095,-3853.1818301158783,-4392.671785739857,539.4899556239789,-0.006269625252431799,-1,1,1,0.30000000000000004,Trend
2019-07-24 00:00:00+09:00,149564.296875,153387.02650758784,149086.45567092652,118250,154223.26484375,170262.80234375,0.02271039988991425,0.019943512763383183,43.902404983032326,-3905.435344721889,-4295.224497536264,389.7891528143746,-0.012618362911618553,-1,1,-1,-0.19999999999999996,MeanReversion
2019-07-25 00:00:00+09:00,146697.265625,150042.15441775243,145741.583112785,258551,153625.96328125,169187.65989583332,0.02263337993405674,0.01987297325597021,28.767111629121615,-4130.577367906371,-4262.295071610286,131.7177037039146,-0.019169222266970265,-1,1,-1,-0.19999999999999996,MeanReversion
2019-07-26 00:00:00+09:00,148130.796875,149086.47943548387,146219.43175403227,220662,153172.0140625,168343.47421875,0.02279752900440709,0.018636832662822924,38.7096706141216,-4145.542814926623,-4238.9446202735535,93.40180534693081,0.009772037971481407,-1,1,-1,-0.19999999999999996,MeanReversion
2019-07-29 00:00:00+09:00,144308.046875,150519.98266763246,143830.2056601821,204746,152550.81953125,167363.89947916666,0.02337906495290796,0.018509807432161376,37.49998722689831,-4414.97394504305,-4274.150485227453,-140.82345981559683,-0.025806584995460624,-1,1,-1,-0.19999999999999996,MeanReversion
2019-07-30 00:00:00+09:00,142396.6875,145263.73489932888,141918.84626677854,208577,152025.19296875,166288.75651041666,0.022987928988277156,0.018255667653898723,35.29411198976709,-4728.2267299485975,-4364.965734171682,-363.2609957769155,-0.013244995108662394,-1,1,-1,-0.19999999999999996,MeanReversion
2019-07-31 00:00:00+09:00,133795.53125,144308.0372767857,132839.84888392856,695519,151212.86328125,165141.93723958332,0.026318825848269875,0.01955465758070673,16.21620666205048,-5605.9018978381355,-4613.152966904973,-992.7489309331622,-0.06040278324592352,-1,-1,-1,-1.0,Defensive
2019-08-01 00:00:00+09:00,127583.6171875,131406.34729049625,125194.41087312734,710909,149874.907421875,163931.40559895834,0.026622576618387142,0.020238159389287188,14.81480883417683,-6725.191519856016,-5035.560677495182,-1689.6308423608343,-0.046428412103636685,-1,-1,-1,-1.0,Defensive
2019-08-02 00:00:00+09:00,124716.5625,128061.45114942528,124238.7212643678,386411,148035.218359375,162792.55065104167,0.023388460336363808,0.01998134070314339,13.953481298186077,-7754.1983894442965,-5579.288219885005,-2174.9101695592917,-0.02247196584249922,-1,1,-1,-0.19999999999999996,MeanReversion
2019-08-05 00:00:00+09:00,118504.625,124716.56098790323,118504.625,452317,146219.420703125,161526.27122395832,0.024042906177609853,0.020667993449440827,5.434807720263251,-8967.572593373072,-6256.945094582619,-2710.6274987904526,-0.04980844063914924,-1,1,-1,-0.19999999999999996,MeanReversion
2019-08-06 00:00:00+09:00,117548.9453125,118982.46903582317,112770.53290142276,450070,144499.1921875,160355.56015625,0.02403609010612431,0.02036752931514528,6.0241236783202226,-9892.263895244658,-6984.008854715028,-2908.2550405296297,-0.008064492736043039,-1,1,-1,-0.19999999999999996,MeanReversion
2019-08-07 00:00:00+09:00,117548.9453125,120415.99275914635,117071.10407139227,352748,142778.963671875,159168.92096354166,0.02403609010612431,0.020323599215243314,6.172868163385004,-10504.004785369209,-7688.008040845865,-2815.9967445233433,0.0,-1,1,-1,-0.19999999999999996,MeanReversion
2019-08-08 00:00:00+09:00,119460.3046875,123283.0344375,117548.9398125,563433,140867.5984375,157974.31770833334,0.022131571813824306,0.020389278779800606,8.433737075716422,-10711.112087770249,-8292.628850230743,-2418.4832375395054,0.016260115051808466,-1,1,-1,-0.19999999999999996,MeanReversion
2019-08-09 00:00:00+09:00,119460.3046875,122327.352,118982.46346875001,222568,139099.584765625,156779.714453125,0.02231618370405518,0.020389278779800606,8.433737075716422,-10751.311688366288,-8784.365417857853,-1966.9462705084352,0.0,-1,1,-1,-0.19999999999999996,MeanReversion
2019-08-12 00:00:00+09:00,119460.3046875,121849.51078125,118026.78103125001,186686,137355.46328125,155624.93125,0.02239871401646886,0.020404322034575192,8.641978548154214,-10660.285031415959,-9159.549340569474,-1500.7356908464844,0.0,-1,1,-1,-0.19999999999999996,MeanReversion
2019-08-13 00:00:00+09:00,123283.046875,125194.41194282945,118026.79293846899,285432,135635.23515625,154573.68020833333,0.02330288664717258,0.021006712071026695,17.647089372895948,-10162.535025612538,-9360.146477578088,-802.3885480344507,0.03200010411408227,-1,1,-1,-0.19999999999999996,MeanReversion
2019-08-14 00:00:00+09:00,120415.984375,125194.39645337302,119938.1431671627,176198,134034.46640625,153546.32135416666,0.022909119085166938,0.021009157557508217,17.647075795386655,-9885.459123337932,-9465.209006730056,-420.2501166078764,-0.023255934799429445,-1,1,-1,-0.19999999999999996,MeanReversion
2019-08-16 00:00:00+09:00,118504.625,119938.14868951614,116593.26008064517,137137,132385.9140625,152487.10651041666,0.022889342797692152,0.021021769077336674,13.95349500387826,-9708.195171432337,-9513.806239670512,-194.388931761825,-0.01587297056051662,-1,1,-1,-0.19999999999999996,MeanReversion
2019-08-19 00:00:00+09:00,118026.7890625,121371.67782135628,117071.10655996963,136112,130665.685546875,151483.63971354166,0.022562643359504427,0.02094380872785902,15.189889921855254,-9496.796421546955,-9510.4042760458,13.607854498844972,-0.004032213405173013,-1,1,-1,-0.19999999999999996,MeanReversion
2019-08-20 00:00:00+09:00,122327.359375,122327.359375,116593.26440429688,283364,129160.485546875,150671.30950520834,0.024925886373667116,0.02116655613139236,25.000009731886536,-8879.879582074951,-9384.29933725163,504.41975517667925,0.03643723892397577,-1,1,-1,-0.19999999999999996,MeanReversion
2019-08-21 00:00:00+09:00,120415.984375,121849.50799851191,119460.3019593254,161763,127607.501171875,149771.37486979167,0.024921526685563317,0.020949228075569315,30.000014013917692,-8447.819327992038,-9197.003335399713,749.1840074076754,-0.015625081827693177,-1,1,-1,-0.19999999999999996,MeanReversion
2019-08-22 00:00:00+09:00,120415.984375,123283.03162202382,119938.1431671627,196614,126150.085546875,148887.368359375,0.025050105854556318,0.020964254449895654,36.84209167626845,-8013.039136582433,-8960.210495636256,947.1713590538238,0.0,-1,1,-1,-0.19999999999999996,MeanReversion
2019-08-23 00:00:00+09:00,118504.625,120415.98991935485,118504.625,226745,124740.453515625,147995.39778645834,0.02500125732755499,0.021001595623905998,38.18182142470698,-7733.555812696475,-8714.8795590483,981.3237463518253,-0.01587297056051662,-1,1,-1,-0.19999999999999996,MeanReversion
2019-08-26 00:00:00+09:00,115159.75,117071.11514522822,114681.90871369296,151020,123091.901171875,147111.391796875,0.02482490671408893,0.021097254437624155,42.85717145698061,-7693.283341700968,-8510.560315578834,817.2769738778661,-0.028225691613302017,-1,1,-1,-0.19999999999999996,MeanReversion
2019-08-27 00:00:00+09:00,116593.265625,117548.94813012295,115637.58311987705,187623,121706.162109375,146203.493359375,0.025208901515502754,0.02102072134079801,48.000005231864805,-7459.70356850847,-8300.388966164763,840.6853976562925,0.01244806128009146,-1,1,1,0.30000000000000004,Trend
2019-08-28 00:00:00+09:00,118026.7890625,118026.7890625,115637.58280617409,135151,120487.6671875,145303.55885416668,0.025709038051236144,0.02110221172218954,50.94340146479875,-7077.333459813395,-8055.7778648944895,978.4444050810944,0.012295079221047445,-1,1,1,0.30000000000000004,Trend
2019-08-29 00:00:00+09:00,118504.625,121371.67237903226,118026.78377016129,257442,119723.121875,144451.40859375,0.022615684424416162,0.021118934000682283,48.000005231864805,-6658.984400040179,-7776.419171923628,1117.4347718834488,0.004048537974264077,-1,1,1,0.30000000000000004,Trend
2019-08-30 00:00:00+09:00,124238.7265625,127105.7740985577,119938.15525841346,517046,119555.87734375,143662.970703125,0.023386636449418633,0.02210575436174544,58.06453229146119,-5797.9109732943325,-7380.717532197769,1582.8065589034368,0.048387154193348936,-1,1,1,0.30000000000000004,Trend
2019-09-02 00:00:00+09:00,125672.2421875,128061.44831273764,123760.87728730988,244664,119603.661328125,142890.46041666667,0.022986467217760688,0.022188438110188873,60.00000503063911,-4942.853213327704,-6893.144668423756,1950.2914550960522,0.011538395995059236,-1,1,1,0.30000000000000004,Trend
2019-09-03 00:00:00+09:00,135229.0625,137618.26855123675,126150.07950530035,838557,120439.883203125,142325.01458333334,0.025060065586605722,0.02433670490855848,66.23375658229999,-3454.239921036715,-6205.363718946348,2751.123797909633,0.0760455940480591,-1,1,1,0.30000000000000004,Trend
2019-09-04 00:00:00+09:00,132839.875,134751.24010791368,132362.0337230216,422264,121204.4296875,141711.78515625,0.02545173051227114,0.024388408003930915,67.10531637334913,-2439.1733539023408,-5452.125645937547,3012.9522920352065,-0.01766770733916756,-1,1,1,0.30000000000000004,Trend
2019-09-05 00:00:00+09:00,134751.234375,135229.07563164894,132362.02809175532,591337,122064.544140625,141178.19583333333,0.02547155500319961,0.02444134703347273,72.3684674746237,-1463.623320063125,-4654.425180762663,3190.8018606995383,0.014388446052060688,-1,1,-1,-0.19999999999999996,MeanReversion
2019-09-06 00:00:00+09:00,130450.6640625,135229.07666552198,129494.98154189561,286999,122614.062109375,140564.96653645832,0.02681755231098606,0.024707675739285322,65.47621503765663,-1025.689462980401,-3928.6780372062112,2902.98857422581,-0.03191488621567595,-1,1,1,0.30000000000000004,Trend
2019-09-09 00:00:00+09:00,133317.703125,134751.22681451612,130928.49697580645,332627,123306.93203125,140095.08919270834,0.027069208574465736,0.024594590734720242,64.19754756017561,-442.18045357962546,-3231.3785204808946,2789.198066901269,0.021977956824553724,-1,1,1,0.30000000000000004,Trend
2019-09-10 00:00:00+09:00,133317.703125,134751.22681451612,132362.02066532258,227670,123999.801953125,139609.283984375,0.027069208574465736,0.02456938582622117,67.53250917170354,20.023818213900086,-2581.098052741936,2601.121870955836,0.0,-1,1,1,0.30000000000000004,Trend
2019-09-11 00:00:00+09:00,135706.921875,137618.286971831,132839.8742297535,392989,124620.995703125,139155.334765625,0.02654366492963337,0.024707291452664974,69.51224764296626,572.5144292405894,-1950.375556345431,2522.8899855860204,0.017921241470533422,-1,1,1,0.30000000000000004,Trend
2019-09-16 00:00:00+09:00,137140.4375,139051.80248257838,135706.9137630662,306013,125457.218359375,138709.349609375,0.025709645953729664,0.024743029509708386,74.07411818135944,1113.2075854097493,-1337.658927994395,2450.8665134041444,0.010563319874872912,-1,1,-1,-0.19999999999999996,MeanReversion
2019-09-17 00:00:00+09:00,132362.015625,137618.2689530686,131406.33320171482,315479,126150.087890625,138191.68815104166,0.026945043285010666,0.025096098679155143,71.42856864802917,1142.9568022327585,-841.5357819489644,1984.492584181723,-0.03484327425308087,-1,1,-1,-0.19999999999999996,MeanReversion
2019-09-18 00:00:00+09:00,132362.015625,133317.6980482852,131406.33320171482,141334,126866.84921875,137666.06263020833,0.02688459659159418,0.025086242365618877,70.37037261311188,1153.239444447565,-442.5807366696587,1595.8201811172235,0.0,-1,1,-1,-0.19999999999999996,MeanReversion
2019-09-19 00:00:00+09:00,132362.015625,133317.6980482852,131406.33320171482,181118,127368.58203125,137172.29309895833,0.02595359589693684,0.02506720606426435,69.23077084315443,1148.1533157617523,-124.43392618337649,1272.5872419451289,0.0,-1,1,1,0.30000000000000004,Trend
2019-09-20 00:00:00+09:00,133317.703125,133795.54435483873,127105.76713709677,512387,128013.66796875,136726.30794270834,0.02554123529373973,0.025078415979214532,69.620263381408,1207.321268321175,141.91711271753383,1065.4041556036411,0.007220254961269212,-1,1,1,0.30000000000000004,Trend
2019-09-23 00:00:00+09:00,131406.34375,133317.70875,131406.34375,114319,128563.1859375,136312.17877604166,0.025894345705377783,0.02497075099006821,60.56338838999617,1087.4461668412841,331.02292354228393,756.4232432990002,-0.014336875975187513,-1,1,1,0.30000000000000004,Trend
2019-09-24 00:00:00+09:00,134273.40625,135229.08885676155,132362.04103647688,198588,129351.625,135906.01393229168,0.025701502577457343,0.025062856998238226,62.16219619890011,1209.8459173417505,506.7875223021773,703.0583950395732,0.021818295967922063,-1,1,1,0.30000000000000004,Trend
2019-09-25 00:00:00+09:00,132839.875,135229.08138489208,132362.0337230216,212045,130235.63125,135499.848828125,0.024715862289907183,0.025070822476479137,45.61406980979999,1177.5999706701405,640.9500119757699,536.6499586943705,-0.010676211247154566,-1,1,1,0.30000000000000004,Trend
2019-09-26 00:00:00+09:00,131884.171875,134273.37788722824,130928.48947010869,151541,131000.1765625,135085.71940104166,0.024885331124629158,0.02507728769455299,48.148111143002815,1062.6776837260404,725.295546325824,337.3821374002164,-0.007194399460252465,-1,1,1,0.30000000000000004,Trend
2019-09-27 00:00:00+09:00,138573.96875,141918.85765086208,132362.03221982758,547888,132027.535546875,134846.79856770832,0.026691899439476068,0.02580139241857141,56.2499936134622,1494.1875779011752,879.0739526408943,615.113625260281,0.05072478963844573,-1,1,1,0.30000000000000004,Trend
2019-09-30 00:00:00+09:00,134273.40625,140963.18449733095,133795.5649466192,295326,132815.974609375,134583.98658854168,0.0281180184772602,0.02599499154497139,56.25000798317427,1472.172536837228,997.6936694801611,474.478867357067,-0.031034418215722837,-1,1,1,0.30000000000000004,Trend
2019-10-01 00:00:00+09:00,137140.4375,137618.2787456446,133317.7075348432,194949,133461.06015625,134297.281640625,0.02668294624117078,0.02587098152398641,56.24999680672947,1666.8564358687727,1131.5262227578835,535.3302131108892,0.021352189760211804,-1,1,1,0.30000000000000004,Trend
2019-10-02 00:00:00+09:00,137618.28125,138573.96375868056,134751.23372395834,283990,134058.362109375,133899.08059895833,0.026639783453767513,0.02512554754471481,56.923076149134,1838.5096309975488,1272.9229044058166,565.5867265917323,0.0034843388187382196,1,1,1,1.0,Trend
2019-10-04 00:00:00+09:00,138096.09375,141440.98183391005,136662.57028546714,356898,134201.713671875,133620.33919270834,0.021168920269593158,0.02459093783747967,54.09830002042355,1990.1601726967492,1416.370358064003,573.7898146327461,0.003472013279485653,1,1,1,1.0,Trend
2019-10-07 00:00:00+09:00,139529.65625,141918.862692637,138573.9736729452,185641,134536.202734375,133413.27486979167,0.020780238786835947,0.024540502831784407,54.09837383730654,2200.653073769383,1573.2269012050792,627.4261725643037,0.010380905506242932,1,1,1,1.0,Trend
2019-10-08 00:00:00+09:00,143352.375,146219.4225,139529.645,341789,134966.259765625,133269.92252604166,0.02134956988382981,0.02481359610005603,69.49151790885375,2645.436721917242,1787.6688653475117,857.7678565697302,0.027397177436965015,1,1,1,1.0,Trend
2019-10-10 00:00:00+09:00,138573.96875,142874.5401939655,137618.28620689653,386566,135372.425,132951.36184895833,0.02148011197153815,0.02466134773416689,59.42030633855714,2582.5831075382885,1946.6517137856672,635.9313937526213,-0.03333328973447425,1,1,1,1.0,Trend
2019-10-11 00:00:00+09:00,142874.515625,145263.72157190635,141440.9920568562,274888,135850.265625,132752.26080729166,0.021969789848819362,0.024923922421407858,64.10255120349595,2846.9712446198682,2126.7156199525075,720.2556246673607,0.0310343054600577,1,1,1,1.0,Trend
2019-10-14 00:00:00+09:00,145741.59375,146697.2763319672,142396.70471311474,229765,136471.46015625,132608.90846354168,0.022252410242667157,0.02507236328509103,65.853668262676,3250.3816156140238,2351.4488190848106,898.9327965292132,0.020067106526717282,1,1,1,1.0,Trend
2019-10-15 00:00:00+09:00,143352.375,145263.74,143352.375,170489,136853.7328125,132369.987890625,0.022492902631545457,0.02497650278594828,65.06022150292952,3338.8095374400727,2548.920962755863,789.8885746842097,-0.016393526985154172,1,1,1,1.0,Trend
2019-10-16 00:00:00+09:00,147652.96875,148130.81007281554,143352.3968446602,197612,137379.359375,132290.348046875,0.02323046524212464,0.02492858537248473,66.2790556196441,3713.1088689283933,2781.758543990369,931.3503249380242,0.030000156955892754,1,1,1,1.0,Trend
2019-10-17 00:00:00+09:00,146219.421875,149564.3106107026,145741.58062704248,129029,138072.2296875,132202.74388020832,0.021604025333397996,0.024946171414028186,66.27903041889428,3849.691684266203,2995.3451720455364,854.3465122206667,-0.009708893001855068,1,1,1,1.0,Trend
2019-10-18 00:00:00+09:00,148608.625,151953.51366559486,147175.10128617362,317277,138884.56015625,132139.031640625,0.021711172152680414,0.025025258286086555,69.66290896385352,4103.421584496507,3216.9604545357306,886.4611299607768,0.01633984797889898,1,1,1,1.0,Trend
2019-10-21 00:00:00+09:00,146219.421875,149564.3106107026,143830.2156352124,186612,139577.43046875,132035.49934895834,0.022234786836201267,0.0251079507217592,59.999983650439866,4064.8584754519397,3386.540058718973,678.3184167329669,-0.01607714979530961,1,1,1,1.0,Trend
2019-10-22 00:00:00+09:00,150997.828125,151475.66935324366,147652.9395272943,189512,140461.43671875,132027.53528645833,0.02305136469950803,0.02545096578288005,71.6048929184609,4369.505444428971,3583.1331358609727,786.3723085679981,0.03267969595779796,1,1,-1,0.5,Trend
2019-10-23 00:00:00+09:00,151475.671875,151953.51311119876,150042.1481664038,115283,141464.903125,132059.39153645834,0.0225513787611521,0.025399704350498806,69.73681096865491,4596.512623035698,3785.809033295918,810.70358973978,0.00316457366263867,1,1,1,1.0,Trend
2019-10-24 00:00:00+09:00,151475.671875,151953.51311119876,149564.30693020506,152654,142325.01640625,132139.031640625,0.022337543482661513,0.02526955970873716,69.33330019824376,4721.985339915205,3973.0442946197754,748.9410452954298,0.0,1,1,1,1.0,Trend
2019-10-25 00:00:00+09:00,150042.125,152431.33081210192,149564.28383757963,119034,143185.12890625,132170.887109375,0.0222908084811239,0.025272992639333882,66.23372266443803,4652.121360662219,4108.859707828265,543.261652833954,-0.009463875335591787,1,1,1,1.0,Trend
2019-10-28 00:00:00+09:00,148608.625,151475.67242765272,144785.89509646303,210407,144021.3515625,132242.56341145834,0.02237178610724959,0.025069958915570262,62.337629798488535,4430.015720385243,4173.090910339661,256.9248100455825,-0.009553983589608572,1,1,1,1.0,Trend
2019-10-29 00:00:00+09:00,153864.890625,153864.890625,149564.31914790373,298958,144785.89765625,132433.70013020834,0.02106911431422887,0.025387315039508893,63.74998927060993,4624.82006096156,4263.436740464041,361.383320497519,0.03536985572001616,1,1,1,1.0,Trend
2019-10-30 00:00:00+09:00,175845.59375,177279.1176120924,152431.37066915762,1310133,146864.50703125,133134.53450520834,0.03416763173150912,0.029351885009899895,83.62065320403282,6478.186445333762,4706.386681437985,1771.7997638957768,0.1428571718714664,1,1,-1,0.5,Trend
2019-10-31 00:00:00+09:00,183491.046875,190180.82462565103,175845.58658854166,1116590,149182.0375,134066.325,0.03475100218782836,0.028943414043413655,84.55281462112117,8466.322335422155,5458.3738122348195,3007.948523187336,0.04347821837304355,1,1,-1,0.5,Trend
2019-11-01 00:00:00+09:00,187313.765625,188269.44810267855,181579.67075892858,387009,151666.81171875,135109.61171875,0.03467465173062139,0.028753109527135213,84.79995856367682,10232.4425788199,6413.187565551836,3819.2550132680644,0.020833271241861517,1,1,-1,0.5,Trend
2019-11-04 00:00:00+09:00,187313.765625,189225.13058035713,184924.55943080355,227870,154127.6953125,136256.43072916666,0.034746102697501204,0.027749230778933636,88.33330653821724,11499.54598799115,7430.459250039699,4069.086737951451,0.0,1,1,-1,0.5,Trend
2019-11-05 00:00:00+09:00,193047.859375,194003.54184715348,185402.39959777228,386055,156803.60546875,137514.74596354167,0.03488106363149149,0.027821063973284366,88.61785527148659,12818.662451153912,8508.099890262543,4310.562560891369,0.03061223893966014,1,1,-1,0.5,Trend
2019-11-06 00:00:00+09:00,198304.140625,199259.82323042167,193047.8862951807,394839,159551.19375,138860.66588541667,0.03487839836489456,0.027901794187312548,91.60306143793329,14125.381119430647,9631.556136096166,4493.824983334482,0.027227866017356606,1,1,-1,0.5,Trend
2019-11-07 00:00:00+09:00,195437.078125,200693.3320599022,193525.71305776283,395396,162394.34921875,140126.94544270833,0.03366250569494116,0.028044564358311357,87.12120104884927,14759.47900916962,10657.140710710857,4102.338298458762,-0.014457905371838442,1,1,-1,0.5,Trend
2019-11-08 00:00:00+09:00,183013.203125,198781.96475195824,182057.52060215405,731956,164401.28359375,141186.16041666668,0.038220937822781804,0.029608478306833403,75.16338877509497,14097.0018115672,11345.112930882126,2751.8888806850737,-0.06356969270720358,1,1,-1,0.5,Trend
2019-11-11 00:00:00+09:00,179668.3125,185402.40757978725,177279.10621675532,364946,166097.61953125,142189.62721354168,0.03878190516965276,0.02977882316077941,69.99999346017542,13150.488495080208,11706.188043721742,1444.3004513584656,-0.0182767722103383,1,-1,1,0.19999999999999996,Defensive
2019-11-12 00:00:00+09:00,180623.984375,181579.66683201058,175845.5720899471,346179,167961.2,143145.30950520834,0.038286199567383265,0.02960210795412786,70.19866345016956,12335.291049170686,11832.008644811533,503.2824043591536,0.005319089725407178,1,1,-1,0.5,Trend
2019-11-13 00:00:00+09:00,173934.21875,179668.31387362638,173456.3774896978,260107,169275.2625,144037.280078125,0.03955697306384664,0.029900677383685563,64.24242544349441,11022.373957085743,11670.081707266376,-647.7077501806325,-0.03703697295875796,1,-1,-1,-0.30000000000000004,Defensive
2019-11-14 00:00:00+09:00,177279.09375,178234.77619609164,171544.99907345013,290685,170828.24609375,145016.85455729166,0.03939318363774672,0.029803231058986034,66.86391929307919,10134.951745827333,11363.055714978567,-1228.1039691512342,0.01923068976328146,1,-1,-1,-0.30000000000000004,Defensive
2019-11-15 00:00:00+09:00,180623.984375,182057.50806051586,176323.41331845237,218392,172429.0140625,146060.14114583333,0.039418922635869776,0.029808706398877203,69.36415671469283,9591.00878976076,11008.646329935007,-1417.637540174248,0.018867936169151278,1,-1,-1,-0.30000000000000004,Defensive
2019-11-18 00:00:00+09:00,175367.71875,181101.81309604907,174889.8775544959,220422,173886.42890625,146944.14713541666,0.03998929912888397,0.029935427141237668,63.00576166409516,8636.24016988228,10534.165097924462,-1897.9249280421827,-0.02910059615387106,1,-1,-1,-0.30000000000000004,Defensive
2019-11-19 00:00:00+09:00,173934.21875,175845.5837912088,172500.6949690934,273350,175033.2484375,147836.11770833333,0.03978184055748929,0.029858290248679607,48.461529948149206,7675.430109636945,9962.41810026696,-2286.987990630014,-0.008174252423523654,1,-1,-1,-0.30000000000000004,Defensive
2019-11-20 00:00:00+09:00,172978.53125,174889.89623618784,168677.96003107735,335271,176108.39140625,148712.16015625,0.039873821604310924,0.0298859180935146,40.51723287403246,6758.952226428897,9321.724925499348,-2562.7726990704505,-0.0054945341225445254,1,-1,-1,-0.30000000000000004,Defensive
2019-11-21 00:00:00+09:00,175845.59375,177279.1176120924,172978.54602581522,284521,177326.8875,149667.84296875,0.039899229192032204,0.02977370587897705,39.47370459087218,6192.600440708309,8695.90002854114,-2503.299587832831,0.016574672471096008,1,-1,-1,-0.30000000000000004,Defensive
2019-11-22 00:00:00+09:00,176323.40625,177756.92987804877,172978.51778455285,148962,178640.9515625,150687.23723958334,0.039718853139101506,0.029418316394505425,39.99998862638264,5716.422683340788,8100.004559501071,-2383.5818761602823,0.0027172275961564463,1,-1,-1,-0.30000000000000004,Defensive
2019-11-25 00:00:00+09:00,178234.796875,182535.3683813673,176801.27303954423,238255,180122.26015625,151714.59609375,0.03950250396626808,0.029414204936913994,35.51403954089194,5430.680129182874,7566.139673437432,-2135.459544254558,0.010840254652805026,1,-1,-1,-0.30000000000000004,Defensive
2019-11-26 00:00:00+09:00,172500.6875,180146.14733379503,172500.6875,437215,181054.05,152622.49440104168,0.04007127895331758,0.029849449318361882,24.999977292262813,4687.497834567039,6990.411305663354,-2302.9134710963153,-0.03217166050365272,1,-1,-1,-0.30000000000000004,Defensive
2019-11-27 00:00:00+09:00,177279.09375,179668.2998652291,173456.3639656334,295615,181125.725,153602.06888020833,0.027217095446790494,0.029970353084427127,33.03569317098592,4432.9971298444725,6478.928470499579,-2045.9313406551064,0.02770079539538073,1,1,-1,0.5,Trend
2019-11-28 00:00:00+09:00,183013.203125,185402.4094321149,175367.74294223238,389658,181101.8328125,154581.64348958334,0.026437228881854652,0.02968154807451293,50.0,4640.505335490976,6111.2438434978585,-1470.7385080068825,0.032345096388445516,1,1,-1,0.5,Trend
2019-11-29 00:00:00+09:00,180623.984375,190658.6501736111,180146.1431464947,437398,180767.34375,155497.505859375,0.026118508999370574,0.029780961553306506,51.04165495799011,4559.606789083045,5800.916432614896,-1241.3096435318503,-0.01305489827620876,1,1,-1,0.5,Trend
2019-12-02 00:00:00+09:00,183968.875,185880.23993506495,180623.98636363636,151242,180600.09921875,156309.83606770833,0.026505155445070826,0.02849511273663047,53.46534717575006,4711.0922878907295,5582.9516036700625,-871.859315779333,0.01851852973221746,1,1,-1,0.5,Trend
2019-12-03 00:00:00+09:00,185402.390625,186358.07305090205,178712.61364368556,224897,180217.82578125,157185.87799479166,0.02558121364312789,0.028336767773829936,63.333305478520856,4890.444369145844,5444.450156765219,-554.005787619375,0.007792163891853887,1,1,-1,0.5,Trend
2019-12-04 00:00:00+09:00,182057.515625,183491.03937007874,179668.30938320208,163372,179405.49453125,157974.316015625,0.02487830862937633,0.028477234110270856,55.555563629414245,4708.403186435229,5297.240762699221,-588.8375762639917,-0.01804116434919889,1,1,-1,0.5,Trend
2019-12-05 00:00:00+09:00,177756.953125,183968.88965893816,174412.0642221102,281644,178521.48828125,158762.75416666668,0.02516768364274763,0.028307895396113964,46.73914975137994,4169.0564970017585,5071.603909559728,-902.5474125579694,-0.023621999263453874,1,1,-1,0.5,Trend
2019-12-06 00:00:00+09:00,180146.171875,180624.01317970824,177279.12404675066,129620,178378.13671875,159543.22864583333,0.020946417792023588,0.028245252263466625,55.81400123724401,3889.5737603002926,4835.197879707841,-945.6241194075483,0.013440929921429756,1,1,-1,0.5,Trend
2019-12-09 00:00:00+09:00,177756.953125,180624.0007560484,174889.9054939516,138776,178282.56875,160283.8828125,0.02075046303755194,0.028337890185148873,54.54545454545455,3435.6872285791906,4555.295749482111,-1119.6085209029206,-0.013262667339152934,1,1,-1,0.5,Trend
2019-12-10 00:00:00+09:00,183968.875,184446.71623376623,177756.93896103898,184479,178449.81328125,161088.24869791666,0.022149819792460897,0.028546677477472686,61.616149271833436,3536.462919070298,4351.529183399749,-815.0662643294509,0.03494615409295254,1,1,-1,0.5,Trend
2019-12-11 00:00:00+09:00,184446.703125,185880.2267244171,181579.6559261658,167907,178975.4375,161876.68645833334,0.02019474237787272,0.028539413445625217,59.574431078379504,3613.234003710677,4203.870147461935,-590.6361437512578,0.002597331342054421,1,1,-1,0.5,Trend
2019-12-12 00:00:00+09:00,185880.234375,186835.916813946,182535.34583868895,222499,179405.49453125,162768.65677083333,0.01987565217496772,0.02804344238682857,60.41666169935273,3746.5616027456126,4112.408438518671,-365.84683577305805,0.007772062203944552,1,1,-1,0.5,Trend
2019-12-13 00:00:00+09:00,186835.921875,191136.49296675192,186358.08064258314,183187,179716.09140625,163676.55520833333,0.01951754291818533,0.02803371467926969,59.5744451409437,3884.561868624907,4066.8391245399184,-182.2772559150112,0.005141415402306615,1,1,-1,0.5,Trend
2019-12-16 00:00:00+09:00,183968.875,187791.60487012987,183491.03376623377,102410,180146.14921875,164536.66953125,0.018563218719683187,0.02815823799938189,63.63636025835296,3719.702931708365,3997.411885973608,-277.70895426524294,-0.01534526576167805,1,1,-1,0.5,Trend
2019-12-17 00:00:00+09:00,185402.390625,186358.07305090205,183491.02577319587,107457,180719.5578125,165404.74765625,0.01842614041058032,0.028158916676713663,60.49382167824122,3662.504692737217,3930.43044732633,-267.92575458911324,0.007792163891853887,1,1,-1,0.5,Trend
2019-12-18 00:00:00+09:00,189225.15625,190180.83885732322,184924.58451704544,144815,181531.8890625,166368.39453125,0.0186914273931389,0.02810006326874811,58.44157664144304,3880.903276816942,3920.5250132244523,-39.621736407510525,0.020618750449297174,1,1,-1,0.5,Trend
2019-12-19 00:00:00+09:00,191136.5,191614.34125,187313.77,213728,182296.434375,167316.11276041667,0.0185303476442892,0.02803155636436081,64.47370062803893,4160.258326716197,3968.4716759228018,191.78665079339544,0.010100896666586756,1,1,1,1.0,Trend
2019-12-20 00:00:00+09:00,192570.015625,194481.38054435485,190658.65070564518,295415,183108.76484375,168311.61510416667,0.01854122051198763,0.02794702350763571,62.5000056769386,4446.070414794376,4063.9914236971167,382.0789910972594,0.007499957491112319,1,1,1,1.0,Trend
2019-12-23 00:00:00+09:00,187791.609375,194003.5455629771,187791.609375,224884,183586.60546875,169243.40572916667,0.019599812869358853,0.028187221255258386,53.16457529996308,4238.146390755428,4098.822417108779,139.3239736466494,-0.02481386437286892,1,1,1,1.0,Trend
2019-12-24 00:00:00+09:00,189225.15625,190180.83885732322,186358.1084280303,95794,184422.82890625,170087.5921875,0.017764041577225897,0.027601973663188176,60.000026159304056,4141.302004220575,4107.318334531138,33.98366968943719,0.007633711004293886,1,1,1,1.0,Trend
2019-12-26 00:00:00+09:00,187791.609375,190658.65684637404,184924.56190362596,158943,184948.4546875,170979.56223958332,0.017120481260789924,0.027232909726405696,65.2173542165249,3903.875432100962,4066.6297540451033,-162.75432194414134,-0.007575878933908875,1,1,-1,0.5,Trend
2019-12-27 00:00:00+09:00,187311.328125,191153.61177884616,185870.4717548077,133224,185163.3609375,171815.74375,0.015730145055141788,0.027175501793742785,61.533578339398126,3635.055819390749,3980.314967114233,-345.2591477234837,-0.0025575224132667884,1,1,-1,0.5,Trend
2019-12-30 00:00:00+09:00,192114.171875,192114.171875,187791.6030078125,138099,185737.8703125,172724.00859375,0.016232501216652748,0.027298086519000658,71.44418772900184,3766.1498599238694,3937.48194567616,-171.33208575229082,0.02564096789060666,1,1,-1,0.5,Trend
2020-01-02 00:00:00+09:00,199318.484375,201239.62639307228,189232.48878012047,244784,186505.35078125,173744.38177083334,0.01761287040501825,0.02759262986878069,72.26635260881528,4400.642770769773,4030.114110694883,370.52866007489,0.0375001616470414,1,1,-1,0.5,Trend
2020-01-03 00:00:00+09:00,198357.890625,204121.31601846247,196917.03427663437,235872,187153.12578125,174724.85234375,0.01769646060265516,0.027622795020519997,69.90102196829484,4770.97426478556,4178.286141513018,592.6881232725418,-0.004819391202035894,1,1,1,1.0,Trend
2020-01-06 00:00:00+09:00,198838.171875,201719.88451086957,195476.17379981882,185010,187992.15859375,175649.615625,0.016958075943676796,0.027485562092183672,69.05708660331678,5045.062979301816,4351.641509070778,693.4214702310383,0.0024212863349508673,1,1,1,1.0,Trend
2020-01-07 00:00:00+09:00,213727.015625,213727.015625,200759.30905898876,487251,189790.66171875,176902.16640625,0.021517680406797364,0.02831174156050205,78.05197201436705,6390.025285782642,4759.31826441315,1630.7070213694915,0.07487920256760305,1,1,-1,0.5,Trend
2020-01-08 00:00:00+09:00,205562.15625,211325.58119158878,202680.4437792056,418040,191061.4609375,177946.96041666667,0.024021039481045385,0.02875917369176987,70.2835115248659,6719.622068230208,5151.379025176562,1568.243043053646,-0.03820228037678608,1,1,-1,0.5,Trend
2020-01-09 00:00:00+09:00,203641.03125,210365.0275648585,201719.88944575473,275845,192355.66484375,178911.95104166667,0.023863681242149107,0.028769170114161698,66.97683226187598,6748.024139170826,5470.708047975415,1277.316091195411,-0.009345713408763667,1,1,1,1.0,Trend
2020-01-10 00:00:00+09:00,211805.890625,212286.17609126982,205081.89409722222,309458,193747.515625,180052.84296875,0.024188789582146368,0.028944650283329428,69.44658324665241,7344.703727353102,5845.507183850953,1499.1965435021493,0.040094372557838875,1,1,1,1.0,Trend
2020-01-13 00:00:00+09:00,222852.421875,226694.70501077588,212286.1432516164,561971,195667.8015625,181306.1671875,0.026055206959046118,0.029359330106613256,73.60042247360528,8609.692179890728,6398.344183058909,2211.347996831819,0.05215403224812931,1,1,-1,0.5,Trend
2020-01-14 00:00:00+09:00,225253.890625,228615.8889925373,219490.46485207888,329888,197636.484375,182623.40833333333,0.02605339321122164,0.02928180227464992,73.97531964525429,9694.234005327453,7057.522147512618,2636.7118578148347,0.010776049592797321,1,1,-1,0.5,Trend
2020-01-15 00:00:00+09:00,225253.890625,228615.8889925373,222372.17773853944,199803,199557.3828125,183900.82942708334,0.02612492208051465,0.029272072350929185,79.5522662539646,10433.470660523453,7732.711850114785,2700.758810408668,0.0,1,1,-1,0.5,Trend
2020-01-16 00:00:00+09:00,227175.015625,227175.015625,222852.44661733616,216855,201717.68984375,185250.08932291667,0.025468266196636037,0.029114392318876418,79.70836086496077,11046.996864332003,8395.56885295823,2651.428011373773,0.008528709513827115,1,1,-1,0.5,Trend
2020-01-17 00:00:00+09:00,227175.015625,231017.29918736787,222852.44661733616,249011,203806.32109375,186519.70911458333,0.025571880540695254,0.028945361784826686,81.5384526833995,11401.788085386215,8996.812699443828,2404.975385942387,0.0,1,1,-1,0.5,Trend
2020-01-20 00:00:00+09:00,216128.46875,227655.32041666665,213727.04131944446,567605,205151.48671875,187597.25572916667,0.028721464462396772,0.029853282644090963,69.73685083548132,10668.6174897975,9331.173657514562,1337.4438322829374,-0.04862571196312648,1,1,1,1.0,Trend
2020-01-21 00:00:00+09:00,210365.03125,218049.59860159818,208443.88941210046,445999,206112.91328125,188578.74505208334,0.029671216840342223,0.03014667825964456,62.33766645295061,9512.855000492389,9367.509926110128,145.34507438226137,-0.026666720646906894,1,1,1,1.0,Trend
2020-01-22 00:00:00+09:00,214687.578125,215648.14894435124,206522.72616051455,423623,207218.79140625,189656.16927083334,0.029871202610159516,0.030141524674594963,60.81078645283564,8843.753028809006,9262.758546649904,-419.0055178408984,0.020547839388111333,1,1,-1,0.5,Trend
2020-01-23 00:00:00+09:00,204121.328125,210365.0393382353,202680.47169117647,467540,208035.27734375,190581.38098958333,0.031716418966486935,0.030950316505065956,53.57143963699627,7375.852589127608,8885.377355145445,-1509.5247660178375,-0.04921686709720996,1,1,-1,0.5,Trend
2020-01-28 00:00:00+09:00,186831.03125,190193.02924164524,183469.03325835476,836404,207915.57109375,191130.81666666668,0.03785595147881075,0.032985401545276405,43.84235876897977,4762.449900327367,8060.7918641818305,-3298.3419638544638,-0.08470597871287489,1,1,-1,0.5,Trend
2020-01-29 00:00:00+09:00,194515.59375,194995.87916666668,182988.74375,639606,208251.7703125,191441.98333333334,0.03889357539399523,0.028655357976018564,39.36169347533074,3273.6527806083323,7103.364047467131,-3829.711266858799,0.041131082179368894,1,-1,-1,-0.30000000000000004,Defensive
2020-01-30 00:00:00+09:00,186350.75,194035.31701030929,183469.037371134,501382,208203.74140625,191489.64505208333,0.04015387043787598,0.02871244895449238,39.36170028673823,1418.5831394539855,5966.407865864502,-4547.824726410517,-0.04197526580050859,1,-1,-1,-0.30000000000000004,Defensive
2020-01-31 00:00:00+09:00,180587.34375,189232.48254654257,179626.7727726064,412907,207627.4,191377.53802083334,0.04025589811923169,0.028872423345518462,37.75510000836557,-510.74409380884026,4670.977473929834,-5181.721567738674,-0.030927733051785422,1,-1,-1,-0.30000000000000004,Defensive
2020-02-03 00:00:00+09:00,183469.03125,185390.17293848167,172422.46654123036,407737,206834.92734375,191313.45911458333,0.0394259562972731,0.02895032137467868,34.05402515715528,-1786.6266088289267,3379.4566573780817,-5166.083266207008,0.015957305978149483,1,-1,-1,-0.30000000000000004,Defensive
2020-02-04 00:00:00+09:00,189232.453125,190193.0239530457,181547.88650063451,418341,206378.65546875,191249.86901041667,0.04019650805102692,0.028964370193188614,29.88504715568274,-2306.129095140059,2242.339506874454,-4548.468602014513,0.03141359517588893,1,-1,-1,-0.30000000000000004,Defensive
2020-02-05 00:00:00+09:00,174823.90625,193555.0390625,172902.7644230769,1075027,205177.9421875,190858.53177083333,0.04367843028474692,0.03047354791980428,23.618047487071493,-3836.265789883648,1026.6184475228335,-4862.884237406482,-0.07614204982843109,1,-1,-1,-0.30000000000000004,Defensive
2020-02-06 00:00:00+09:00,175784.484375,177225.34080430327,169060.48770491802,836381,203280.815625,190530.98854166668,0.03972455971199055,0.030444453917746514,24.3780736192506,-4914.745392148441,-161.6543204114214,-4753.09107173702,0.0054945467448048735,1,-1,-1,-0.30000000000000004,Defensive
2020-02-07 00:00:00+09:00,170981.59375,177225.3036341292,169540.73762289324,677226,201551.7875,190330.46171875,0.039367726493221115,0.02947239580396524,21.739097635528424,-6086.836123072135,-1346.690680943564,-4740.145442128571,-0.02732260837511702,1,-1,-1,-0.30000000000000004,Defensive
2020-02-10 00:00:00+09:00,174823.90625,174823.90625,168099.90985576922,398642,200110.93125,190249.72161458334,0.03998984591785031,0.029535084217876782,24.65115434520274,-6629.265913703886,-2403.2057274956287,-4226.060186208258,0.0224720826126934,1,-1,-1,-0.30000000000000004,Defensive
2020-02-11 00:00:00+09:00,175304.1875,179626.7565068493,174343.61660958905,422297,198285.84609375,190161.05833333332,0.03854040282963566,0.029528466939206337,27.979257929730622,-6940.386294811877,-3310.6418409588787,-3629.744453852998,0.002747228684578218,1,-1,-1,-0.30000000000000004,Defensive
2020-02-12 00:00:00+09:00,182028.1875,183949.32932058047,173863.334762533,550848,196244.634375,190295.9578125,0.03755383371865498,0.029520651507225017,34.87178759951685,-6568.661393459915,-3962.245751459086,-2606.4156420008294,0.03835618587262779,1,1,-1,0.5,Trend
2020-02-13 00:00:00+09:00,181547.890625,187311.31572420636,180107.03435019843,483640,194059.334375,190367.10442708334,0.03728153387953677,0.029425532918283655,31.55080604642683,-6240.881675666082,-4417.972936300485,-1822.9087393655964,-0.0026385851641795854,1,1,-1,0.5,Trend
2020-02-14 00:00:00+09:00,182988.734375,183949.30515912073,179626.73663057742,200811,191946.0765625,190406.51692708334,0.03744345136797535,0.029344698383397896,36.90474300110572,-5798.013943198952,-4693.981137680179,-1104.0328055187729,0.007936438947540037,1,1,-1,0.5,Trend
2020-02-17 00:00:00+09:00,186831.03125,190673.31466902315,183469.03325835476,402462,189928.87734375,190597.57213541667,0.037867987604416176,0.029198679869884194,50.0,-5078.455553736683,-4770.87602089148,-307.5795328452032,0.02099745040656953,-1,1,-1,-0.19999999999999996,MeanReversion
2020-02-18 00:00:00+09:00,182508.46875,186831.03774671053,181547.8978618421,200139,187695.55,190740.47630208332,0.037911656528124296,0.02934598157661517,40.60151313906643,-4801.644644001441,-4777.029745513472,-24.614898487968276,-0.02313621281796574,-1,1,-1,-0.19999999999999996,MeanReversion
2020-02-19 00:00:00+09:00,180587.34375,184909.9131482713,177705.63081781915,272526,185918.49375,190867.28984375,0.03679122849767647,0.029371766970822066,45.000016266369386,-4683.3025392914715,-4758.284304269073,74.98176497760142,-0.010526223868721152,-1,1,1,0.30000000000000004,Trend
2020-02-20 00:00:00+09:00,176264.75,182508.4604904632,175304.17915531335,418611,184213.4796875,190874.27578125,0.036724183234581625,0.02947186670674406,46.15382690371985,-4882.035690424207,-4783.0345815001,-99.00110892410703,-0.023936305060137997,-1,1,-1,-0.19999999999999996,MeanReversion
2020-02-21 00:00:00+09:00,174823.90625,179146.4753605769,171461.90805288462,284559,182220.29609375,190849.28411458334,0.036079362516314634,0.029488794172820753,42.105282683525836,-5097.041669910861,-4845.835999182253,-251.2056707286083,-0.008174315908314078,-1,1,-1,-0.19999999999999996,MeanReversion
2020-02-24 00:00:00+09:00,166178.765625,170981.62012283236,165698.48017521677,495760,180323.16796875,190648.35026041666,0.03609381689463033,0.030163673110751434,30.0000325327035,-5897.048550763226,-5056.078509498448,-840.970041264778,-0.04945056320064922,-1,1,-1,-0.19999999999999996,MeanReversion
2020-02-25 00:00:00+09:00,168099.890625,169060.46142857143,164257.6074107143,449887,179386.6109375,190575.00364583332,0.031294163231818516,0.029919213262110077,42.55317970748954,-6303.379599285574,-5305.5387274558725,-997.8408718297014,0.011560592550887261,-1,1,-1,-0.19999999999999996,MeanReversion
2020-02-26 00:00:00+09:00,164737.90625,167139.3334548105,163777.33536807582,315053,177897.7265625,190365.98385416667,0.0295298776953184,0.029800851443460737,38.383834068715,-6818.089235885302,-5608.048829141759,-1210.040406743543,-0.019999920062410803,-1,1,-1,-0.19999999999999996,MeanReversion
2020-02-27 00:00:00+09:00,161856.1875,166659.04172848666,158494.18954005936,363108,176672.9984375,190013.36692708332,0.028495891557830225,0.029554211119477352,40.000020546988225,-7373.533447057329,-5961.145752724873,-1412.3876943324558,-0.017492748424438598,-1,1,-1,-0.19999999999999996,MeanReversion
2020-02-28 00:00:00+09:00,154651.921875,160895.63300659938,151770.20904503105,597683,175376.22734375,189580.49921875,0.02929482726602944,0.030051910809712264,29.411753448871423,-8299.380916527647,-6428.792785485428,-1870.5881310422192,-0.044510288647445106,-1,1,-1,-0.19999999999999996,MeanReversion
2020-03-02 00:00:00+09:00,159935.046875,161856.1885792042,153691.33633633633,379836,174199.528125,189179.93541666667,0.030299239924069344,0.030295319401618052,35.71426704114204,-8508.734279599536,-6844.78108430825,-1663.9531952912857,0.03416139247380423,-1,1,-1,-0.19999999999999996,MeanReversion
2020-03-03 00:00:00+09:00,157533.625,164737.90663109758,157053.33955792684,334135,172614.58671875,188715.45598958334,0.028997886680158392,0.030310163383145166,25.24268502146846,-8767.358354318538,-7229.296538310308,-1538.0618160082295,-0.015014982156330459,-1,1,-1,-0.19999999999999996,MeanReversion
2020-03-04 00:00:00+09:00,160415.34375,162816.7710516467,157053.34552769462,251076,171894.15859375,188354.753125,0.024434481559025896,0.030358334167068193,29.62961735732044,-8640.190440160251,-7511.475318680297,-1128.7151214799542,0.018292721633238695,-1,1,-1,-0.19999999999999996,MeanReversion
2020-03-05 00:00:00+09:00,165698.5,167619.64202898552,160415.35942028987,352295,171389.859375,188153.77890625,0.025710056563774366,0.03054291015686514,34.48278666616933,-8020.6453884389775,-7613.309332632034,-407.3360558069435,0.032934232639451055,-1,1,-1,-0.19999999999999996,MeanReversion
2020-03-06 00:00:00+09:00,162336.484375,163777.3407451923,159935.05709134616,209291,170957.60390625,187856.95078125,0.02539359092587509,0.030582720979219442,27.826084988566862,-7712.0384560255625,-7633.05515731074,-78.98329871482292,-0.02028995811669987,-1,1,-1,-0.19999999999999996,MeanReversion
2020-03-09 00:00:00+09:00,162336.484375,162336.484375,162336.484375,0,170333.2328125,187599.94296875,0.024727973494676776,0.030545316092397714,30.188674612637755,-7382.365919735574,-7582.917309795707,200.5513900601336,0.0,-1,1,-1,-0.19999999999999996,MeanReversion
2020-03-10 00:00:00+09:00,160415.34375,162336.48559131738,152730.77638473053,390471,169588.790625,187207.38411458334,0.024743841350359383,0.03020669988258209,30.188665347351474,-7193.1993281153555,-7504.973713459637,311.77438534428165,-0.011834312122727342,-1,1,-1,-0.19999999999999996,MeanReversion
2020-03-11 00:00:00+09:00,152730.78125,162336.4907625786,151770.21029874214,310982,168123.9203125,186678.78541666668,0.024580840758696376,0.030796421395750784,28.31858610903022,-7576.031635784806,-7519.185297924671,-56.846337860134554,-0.04790416128756392,-1,1,-1,-0.19999999999999996,MeanReversion
2020-03-12 00:00:00+09:00,152730.78125,152730.78125,152730.78125,0,166683.06484375,186126.29453125,0.024622595197211303,0.030766238321050868,29.090904789057646,-7789.634935118054,-7573.275225363349,-216.35970975470536,0.0,-1,1,-1,-0.19999999999999996,MeanReversion
2020-03-13 00:00:00+09:00,145046.203125,149368.77209230134,138322.2069536424,629423,164785.93828125,185429.79921875,0.026072419686229555,0.03137002691136544,29.629620704321923,-8481.231958127086,-7754.866571916097,-726.3653862109886,-0.05031453425502597,-1,1,-1,-0.19999999999999996,MeanReversion
2020-03-16 00:00:00+09:00,141684.1875,151289.89512711865,141203.90211864407,263134,162528.59609375,184725.05442708332,0.025034900583023937,0.03143543506749751,25.22523050608318,-9194.624240164063,-8042.8181055656905,-1151.8061345983724,-0.02317892886932471,-1,1,-1,-0.19999999999999996,MeanReversion
2020-03-17 00:00:00+09:00,148888.5,149849.07096774195,135920.79193548387,412149,160847.59765625,184116.48958333334,0.028629194931169326,0.03216421471386626,36.13448089018218,-9074.064783182606,-8249.067441089075,-824.9973420935312,0.05084768192639699,-1,1,-1,-0.19999999999999996,MeanReversion
2020-03-18 00:00:00+09:00,153691.34375,170981.619921875,148888.4892578125,895111,159502.79765625,183524.259375,0.030123635048575997,0.0323408415862532,43.089443796435155,-8493.06838773354,-8297.867630417968,-195.20075731557154,0.03225799003952612,-1,1,-1,-0.19999999999999996,MeanReversion
2020-03-19 00:00:00+09:00,153211.046875,164737.89679663008,145046.19484717867,932490,158350.1125,182892.16848958333,0.029896349443075815,0.03229220077476002,48.623837329382454,-7979.398958105536,-8234.173895955482,254.77493784994658,-0.0031250743423862914,-1,1,1,0.30000000000000004,Trend
2020-03-20 00:00:00+09:00,158974.46875,162336.46657854985,152250.4730929003,380927,157557.640625,182332.24270833333,0.031463511549854474,0.03268620053988661,49.09090371360591,-7026.257928247622,-7992.590702413911,966.3327741662888,0.037617534717990564,-1,1,1,0.30000000000000004,Trend
2020-03-23 00:00:00+09:00,153211.046875,157053.33018221002,147447.62191418494,316855,156909.2546875,181755.9,0.030540936307519532,0.03285546244986227,46.153844014945015,-6659.183847267821,-7725.909331384693,1066.7254841168724,-0.03625375772799999,-1,1,1,0.30000000000000004,Trend
2020-03-24 00:00:00+09:00,164257.625,166178.7668128655,154651.91593567253,433417,156717.14140625,181339.77447916666,0.034595665491496355,0.034156936280456386,52.98506846674406,-5414.493547670892,-7263.626174641933,1849.1326269710407,0.07210040235553339,-1,1,1,0.30000000000000004,Trend
2020-03-25 00:00:00+09:00,170501.34375,175304.19850352113,167619.63089788734,479162,157005.31328125,181051.60338541667,0.035311860395059534,0.03453008705019459,53.67645757234338,-3879.5307796371635,-6586.807095640979,2707.2763160038157,0.03801174374705596,-1,1,1,0.30000000000000004,Trend
2020-03-26 00:00:00+09:00,170981.59375,174823.87675561797,167139.310744382,414298,157461.58359375,180779.44114583332,0.03501639366971379,0.03453454700083252,56.92305035789745,-2594.4029040593014,-5788.326257324644,3193.9233532653425,0.0028166933435092023,-1,1,1,0.30000000000000004,Trend
2020-03-27 00:00:00+09:00,165218.171875,177705.59184229653,160895.603424782,432871,157989.89609375,180331.17447916666,0.034283239729007695,0.03460669062785337,52.11265669546347,-2017.7306393865438,-5034.207133737024,3016.4764943504806,-0.03370784976672381,-1,1,1,0.30000000000000004,Trend
2020-03-30 00:00:00+09:00,162336.484375,163297.05528846153,156573.05889423078,284889,158109.96796875,179714.8078125,0.03381063251572279,0.034269916360974616,51.3888879475482,-1772.8060087809572,-4381.9269087458115,2609.1208999648543,-0.01744171035968256,-1,1,1,0.30000000000000004,Trend
2020-03-31 00:00:00+09:00,161856.1875,166178.756305638,158013.90411721068,302409,158326.09609375,179106.44609375,0.03361890480959911,0.034269461755871145,57.36432466348804,-1599.0248550725228,-3825.346498011154,2226.321642938631,-0.002958650218705672,-1,1,1,0.30000000000000004,Trend
2020-04-01 00:00:00+09:00,151770.1875,160895.61016613923,151289.90209651898,422750,157893.83828125,178321.9796875,0.03639599416341657,0.03515014312289036,49.33331771762549,-2249.2302206277673,-3510.1232425344765,1260.8930219067092,-0.06231457787179129,-1,1,1,0.30000000000000004,Trend
2020-04-02 00:00:00+09:00,155132.203125,157053.34495936532,149849.06308049534,266576,157365.5234375,177345.39947916666,0.035934979270116955,0.03386598400185237,57.44680900155004,-2464.8231469673337,-3301.063223421048,836.2400764537142,0.022152016020932974,-1,1,1,0.30000000000000004,Trend
2020-04-03 00:00:00+09:00,154651.921875,156573.06376164596,152250.49451669253,192112,156981.2953125,176496.89557291666,0.03570644718748245,0.03357796381865147,60.00001927865537,-2643.9588653590763,-3169.642351808654,525.6834864495777,-0.003095948103135071,-1,1,1,0.30000000000000004,Trend
2020-04-06 00:00:00+09:00,160415.34375,160895.62921032935,155612.4891467066,330947,156885.23828125,175776.46744791666,0.036759060181309214,0.033992229878207006,59.090906850361684,-2294.4166277416807,-2994.5972069952595,700.1805792535788,0.037267056271427235,-1,1,1,0.30000000000000004,Trend
2020-04-07 00:00:00+09:00,163297.046875,165698.47403492648,158974.47798713236,324276,157029.3234375,174967.98671875,0.03687807352603811,0.03363958700571562,57.81249801435863,-1764.5320996626397,-2748.584185528736,984.0520858660961,0.017964011781136158,-1,1,1,0.30000000000000004,Trend
2020-04-08 00:00:00+09:00,164737.90625,169540.76065962098,159935.05184037902,466827,157629.6796875,173999.41145833334,0.03497121020782931,0.032900495565506484,59.23078058835733,-1214.3314269549737,-2441.7336338139835,1227.4022068590098,0.008823548267244297,-1,1,1,0.30000000000000004,Trend
2020-04-09 00:00:00+09:00,164737.90625,168099.9043367347,161856.19360422742,366516,158230.0359375,172990.81171875,0.03497121020782931,0.03284255234501174,55.08475884684076,-769.4239890563185,-2107.2717048624504,1337.8477158061319,0.0,-1,1,1,0.30000000000000004,Trend
2020-04-10 00:00:00+09:00,165218.171875,165698.45725835758,160895.603424782,213747,159238.634375,171990.21640625,0.03245944158324023,0.03285253508447099,61.68224185403917,-373.7696332775522,-1760.571290545471,1386.8016572679187,0.002915331607233007,-1,1,1,0.30000000000000004,Trend
2020-04-13 00:00:00+09:00,164737.90625,168580.1897776968,162336.4790451895,310311,160391.3203125,170949.59791666668,0.031779349608609266,0.032805129688024404,50.58823124158932,-97.83633164712228,-1428.0242987658012,1330.187967118679,-0.0029068571546921884,-1,1,1,0.30000000000000004,Trend
2020-04-14 00:00:00+09:00,165218.171875,167139.31340843023,164257.6011082849,179886,161207.80390625,169916.98385416667,0.0302028651559364,0.03281533663306642,42.465685660641554,157.77745973452693,-1110.8639470657356,1268.6414068002625,0.002915331607233007,-1,1,-1,-0.19999999999999996,MeanReversion
2020-04-16 00:00:00+09:00,165698.5,166178.7855072464,162336.50144927535,198097,161808.16171875,169076.484375,0.029550216668790222,0.0323044688005905,42.46581386269927,394.56341497960966,-809.7784746566666,1204.3418896362764,0.0029072354423786972,-1,1,-1,-0.19999999999999996,MeanReversion
2020-04-17 00:00:00+09:00,173383.03125,177705.5998961219,168580.17719875346,658064,162816.7609375,168460.11770833333,0.030911088246649922,0.0327934793921154,61.038987376856,1188.5940674937738,-410.10396622657856,1598.6980337203522,0.046376589106117416,-1,1,1,0.30000000000000004,Trend
2020-04-20 00:00:00+09:00,170021.046875,175304.18674964688,170021.046875,294843,163369.08984375,167715.67552083332,0.030533396481863817,0.03271220266126365,60.25641667313151,1528.9601377827057,-22.29114542472172,1551.2512832074274,-0.019390504080831206,-1,1,1,0.30000000000000004,Trend
2020-04-21 00:00:00+09:00,165218.171875,171461.88185864827,157533.60574127908,489241,163969.44609375,167067.28958333333,0.030010520970443457,0.032304396242161165,54.0229756112701,1395.069336581364,261.1809509764954,1133.8883856048687,-0.02824870854683703,-1,1,1,0.30000000000000004,Trend
2020-04-22 00:00:00+09:00,168099.890625,168099.890625,161375.895,217773,164161.559375,166755.10390625,0.02597771814920783,0.03041938678395798,73.61113307575211,1504.1516081576992,509.7750824127362,994.376525744963,0.017441899503525704,-1,1,-1,-0.19999999999999996,MeanReversion
2020-04-23 00:00:00+09:00,169540.75,171461.8916430595,164737.89589235128,384962,164113.5296875,166338.85651041666,0.024632195723236047,0.02994753214995924,72.05883267574045,1687.413946479268,745.3028552260425,942.1110912532254,0.008571447427139,-1,1,-1,-0.19999999999999996,MeanReversion
2020-04-24 00:00:00+09:00,164257.625,169060.47953216374,163297.05409356725,334396,163777.33125,165970.63776041666,0.025591467628538676,0.029723894148548494,62.82052618868768,1390.3198930676153,874.3062627943572,516.0136302732582,-0.031161387454048617,-1,1,1,0.30000000000000004,Trend
2020-04-27 00:00:00+09:00,164737.90625,166178.7625728863,163777.33536807582,231835,163753.31796875,165706.48046875,0.024447992608014304,0.029479501858980097,56.71642080933837,1180.022829647467,935.4495761649792,244.57325348248776,0.0029239510190166573,-1,1,1,0.30000000000000004,Trend
2020-04-28 00:00:00+09:00,169060.46875,173863.32297585226,164257.61452414774,599392,164089.5171875,165466.33776041667,0.024746811131502493,0.029608398296032554,58.57143853044721,1346.6324200772797,1017.6861449474393,328.9462751298404,0.02623902778902787,-1,1,1,0.30000000000000004,Trend
2020-04-29 00:00:00+09:00,170021.046875,171942.18864759887,166178.76332980226,445182,164497.76015625,165146.14765625,0.02473040638082667,0.02931959462425399,57.971028842440866,1538.4480758832651,1121.8385311346044,416.6095447486607,0.005681861242325503,-1,1,1,0.30000000000000004,Trend
2020-05-04 00:00:00+09:00,167619.609375,174343.6051665473,166659.0385476361,405793,165290.23125,165026.07604166667,0.019615605141685956,0.027558986974377492,54.05404573668937,1479.6311614761362,1193.3970572029107,286.2341042732255,-0.014124354273418516,1,1,1,1.0,Trend
2020-05-06 00:00:00+09:00,170981.59375,173863.30600421346,170021.0229985955,288720,166082.70078125,164946.02786458333,0.019527504967949694,0.027675920012429498,57.50000304994715,1684.8801255563449,1291.6936708735975,393.18645468274735,0.02005722592682191,1,1,1,1.0,Trend
2020-05-07 00:00:00+09:00,172422.484375,172902.76984679664,169540.77154422004,272948,166971.22890625,164970.04270833332,0.019449735638209283,0.027465241785315345,59.75610772140403,1941.429647265235,1421.640866151925,519.78878111331,0.008427168055918255,1,1,1,1.0,Trend
2020-05-08 00:00:00+09:00,174343.609375,176745.0365013774,173383.03852444902,337541,167667.6421875,164962.03776041666,0.01808818896492682,0.027350821038424945,61.17648274579236,2273.5575671537954,1592.0242063522992,681.5333608014962,0.01114196334059181,1,1,1,1.0,Trend
2020-05-11 00:00:00+09:00,168580.203125,173863.34339387465,168580.203125,303382,167931.8,164849.97135416666,0.019635454035782634,0.02768869048182191,53.124992586934496,2048.103358324006,1683.2400367466407,364.86332157736524,-0.03305774310088616,1,1,1,1.0,Trend
2020-05-12 00:00:00+09:00,165218.171875,169060.45494186046,164737.88649164245,318411,167955.81328125,164569.80442708332,0.020136868325811966,0.027336973265336264,40.22988290839498,1579.9290111402515,1662.577831625363,-82.6488204851114,-0.019943215085030497,1,1,-1,0.5,Trend
2020-05-13 00:00:00+09:00,168099.890625,168099.890625,162336.46580357142,196618,168123.9125,164345.67109375,0.02049825341808868,0.027445191155230666,47.67440364910985,1425.0015566670336,1615.062576633697,-190.06101996666348,0.017441899503525704,1,1,-1,0.5,Trend
2020-05-14 00:00:00+09:00,169060.46875,169540.75417258524,164737.89994673294,278082,168316.02734375,164113.53333333333,0.020521316492884197,0.027434145066987797,55.128218496346534,1364.0076287274424,1564.8515870524463,-200.843958325004,0.00571432926832105,1,1,-1,0.5,Trend
2020-05-15 00:00:00+09:00,163777.34375,168580.1984054252,163297.05828445748,279262,168267.99921875,163729.30520833333,0.02179519512208155,0.027554833818138707,44.578342531994764,879.2302478206402,1427.7273192060852,-548.497071385445,-0.031249913353857295,1,1,-1,0.5,Trend
2020-05-18 00:00:00+09:00,165218.171875,165218.171875,161856.1741914971,198110,168267.99921875,163441.13359375,0.021879497464970112,0.027447827526809587,44.57829908575124,604.3370477047865,1263.0492649058256,-658.712217201039,0.008797481336608959,1,1,-1,0.5,Trend
2020-05-19 00:00:00+09:00,170021.046875,171942.18864759887,167619.61965925142,413902,168484.1265625,163265.02864583334,0.02279782985311432,0.027697910142801683,57.317065913282825,765.2131781245116,1163.4820475495628,-398.2688694250512,0.029069895553824,1,1,-1,0.5,Trend
2020-05-20 00:00:00+09:00,168099.890625,170501.31763392856,168099.890625,211116,168219.96953125,163128.94765625,0.020435245992735537,0.02756457516641129,54.11762679623616,729.2807227197336,1076.641782583597,-347.3610598638634,-0.011299520178889577,1,1,-1,0.5,Trend
2020-05-21 00:00:00+09:00,168099.890625,170021.03223214284,167139.31982142857,206479,168123.91171875,163016.88072916667,0.019989989973537632,0.02754750171811106,48.68420207772662,692.8176226422656,999.8769505953308,-307.0593279530651,0.0,1,1,-1,0.5,Trend
2020-05-22 00:00:00+09:00,163297.046875,170021.04292279412,162816.7614430147,348683,168027.85546875,162968.85208333333,0.020014671216717943,0.027015944902877877,41.66666666666667,273.22147446029703,854.545855368324,-581.324380908027,-0.028571367489549804,1,1,-1,0.5,Trend
2020-05-25 00:00:00+09:00,161856.1875,164737.90003709198,159454.76038575667,305625,167715.6703125,162864.79036458334,0.019636047033977984,0.02699324067645367,42.68293408671717,-173.57593051940785,648.9214981907777,-822.4974287101855,-0.008823548267244186,1,1,-1,0.5,Trend
2020-05-26 00:00:00+09:00,160895.625,162816.76679104476,159935.0541044776,315733,167283.4140625,162800.75234375,0.019497866893908603,0.02688057282057538,36.36367861392029,-598.2788725346327,399.48142404569563,-997.7602965803283,-0.0059346665384664155,1,1,-1,0.5,Trend
2020-05-27 00:00:00+09:00,162816.765625,162816.765625,160895.62384771387,221775,167211.37109375,162816.76197916668,0.018488908269593905,0.026829498064758504,37.17946899879212,-770.9519667341956,165.3947458897174,-936.3467126239129,0.011940291260250202,1,1,-1,0.5,Trend
2020-05-28 00:00:00+09:00,159935.046875,164257.61570945947,158974.4760228979,312398,166971.228125,162904.8140625,0.0188699637052093,0.02626367986855469,31.25000508323906,-1127.3320751044084,-93.15061830910778,-1034.1814567953006,-0.017699152411841834,1,1,-1,0.5,Trend
2020-05-29 00:00:00+09:00,156573.0625,159454.7753067485,155612.4915644172,380315,166346.8578125,162848.78098958332,0.018202529734950467,0.02604798731617309,33.33333333333333,-1661.8926563049608,-406.8990259082784,-1254.9936303966824,-0.021020935940498475,1,1,-1,0.5,Trend
2020-06-01 00:00:00+09:00,159454.765625,160415.33650225904,155612.48211596385,220312,165818.54375,162880.8,0.018756586528976556,0.026083360503820326,41.89191209119725,-1831.8895272591908,-691.8971261784609,-1139.99240108073,0.018404846140120723,1,1,-1,0.5,Trend
2020-06-02 00:00:00+09:00,160415.34375,160895.62921032935,157533.63098802394,164223,165458.33046875,162880.8,0.018676531707167994,0.02598894100510156,38.571449153381295,-1867.5744101747987,-927.0325829777286,-940.5418271970701,0.006024141838814945,1,1,-1,0.5,Trend
2020-06-03 00:00:00+09:00,163297.046875,164257.61773897058,161375.90514705883,406145,165074.103125,162840.77578125,0.018554106113224073,0.025747647711038237,41.89188654501459,-1644.3703009471355,-1070.50012657161,-573.8701743755255,0.017964011781136158,1,1,-1,0.5,Trend
2020-06-04 00:00:00+09:00,166178.765625,171942.19102239885,163297.0529263006,807378,164761.9171875,162904.81380208334,0.01893776729838657,0.02570820296305166,53.62318293925473,-1220.8753259004152,-1100.575166437371,-120.30015946304411,0.01764709653448837,1,1,-1,0.5,Trend
2020-06-05 00:00:00+09:00,168099.890625,170021.03223214284,166178.74901785713,277550,164449.73125,163000.87057291667,0.018952855727241237,0.025748043848064114,54.28572490865268,-721.9120226484374,-1024.8425376795844,302.930515031147,0.011560592550887261,1,1,1,1.0,Trend
2020-06-08 00:00:00+09:00,171942.1875,172902.75837988828,167139.33310055867,440502,164617.83046875,163192.98463541668,0.01814081838100701,0.02584956629909514,52.94117647058823,-16.25142724989564,-823.1243155936468,806.8728883437511,0.02285722412259905,1,1,1,1.0,Trend
2020-06-09 00:00:00+09:00,169060.46875,174823.89382102274,167619.61248224432,306346,164809.9453125,163465.14609375,0.01795554142688698,0.02511261770262775,51.428583379382694,306.92106404239894,-597.1152396664377,904.0363037088366,-0.01675981207346222,1,1,1,1.0,Trend
2020-06-10 00:00:00+09:00,167619.609375,170021.03644340974,166178.75313395416,219943,164785.93125,163713.29322916668,0.017660405591208763,0.025146685675087696,49.31507398751812,441.68085990910186,-389.35601975132977,831.0368796604316,-0.008522745652212116,1,1,1,1.0,Trend
2020-06-11 00:00:00+09:00,165218.171875,168580.1695585029,163777.31572492732,342147,164593.81640625,164049.49270833333,0.01788215554917337,0.024256315012198472,52.94115114232979,350.66083262622124,-241.3526492758196,592.0134819020409,-0.014326709798180515,1,1,1,1.0,Trend
2020-06-12 00:00:00+09:00,161375.921875,162336.4928385417,158013.9235026042,217273,164473.7453125,164377.68828125,0.017224333000420512,0.02425772264684659,49.31509596500008,-31.151562910235953,-199.31243200270288,168.16086909246692,-0.02325561381291008,1,1,1,1.0,Trend
2020-06-15 00:00:00+09:00,154171.625,160895.621105919,153691.33956386292,321454,163921.41796875,164465.74036458333,0.01975826357162664,0.02421851971528403,41.860457198627564,-904.6390700922348,-340.37775962060925,-564.2613104716255,-0.04464294791499546,-1,1,-1,-0.19999999999999996,MeanReversion
2020-06-16 00:00:00+09:00,160895.625,161375.91044776118,156573.05597014926,193585,163465.146875,164585.81171875,0.021158444848531202,0.02449675389488389,47.91666737267243,-1042.2986375984328,-480.761935216174,-561.5367023822589,0.043613732423200435,-1,1,-1,-0.19999999999999996,MeanReversion
2020-06-17 00:00:00+09:00,155132.203125,159935.0577109133,152250.49037345202,545328,162816.7625,164617.83098958334,0.02240459757084291,0.024960516156682083,45.09804797113643,-1598.0336775238393,-704.216283677707,-893.8173938461323,-0.03582087378075072,-1,1,-1,-0.19999999999999996,MeanReversion
2020-06-18 00:00:00+09:00,154651.921875,156092.77828998448,153211.06546001552,169116,162144.3640625,164545.78854166667,0.022386079707662775,0.024493004870560758,47.91666737267243,-2053.540447522071,-974.0811164465799,-1079.4593310754913,-0.003095948103135071,-1,1,-1,-0.19999999999999996,MeanReversion
2020-06-19 00:00:00+09:00,155612.484375,156092.76982060185,153691.3425925926,170979,161760.1359375,164585.8125,0.02170509560828526,0.02403312749317174,45.6521754505078,-2310.3907323067833,-1241.3430396186207,-1069.0476926881627,0.006211125528568617,-1,1,-1,-0.19999999999999996,MeanReversion
2020-06-22 00:00:00+09:00,150809.609375,155132.17779657643,150809.609375,293461,161207.80703125,164361.67890625,0.022620143548255815,0.02258553187161521,39.9999739738118,-2868.4327989351877,-1566.760991481934,-1301.6718074532537,-0.030864329551001046,-1,1,-1,-0.19999999999999996,MeanReversion
2020-06-23 00:00:00+09:00,148408.21875,153691.35922330097,147447.64775485438,321870,160583.43671875,163993.46015625,0.022789050655433817,0.02207948680054718,34.34344795268753,-3464.5204759353655,-1946.3128883726206,-1518.207587562745,-0.015923326338103228,-1,1,-1,-0.19999999999999996,MeanReversion
2020-06-24 00:00:00+09:00,148888.5,149849.07096774195,147927.92903225808,163429,159887.0234375,163625.24192708332,0.022552286436131132,0.02208119847526336,30.85106051612881,-3853.745986679831,-2327.799508034063,-1525.946478645768,0.0032362173338194022,-1,1,-1,-0.19999999999999996,MeanReversion
2020-06-25 00:00:00+09:00,144085.625,148408.19375,143125.05416666667,301932,159094.55234375,163273.0328125,0.023255002545711438,0.022045214981453565,25.00000813318381,-4497.9127431129455,-2761.8221550498397,-1736.0905880631058,-0.03225819992813417,-1,1,-1,-0.19999999999999996,MeanReversion
2020-06-26 00:00:00+09:00,151770.1875,152250.47290348102,144085.6210443038,374777,158854.40859375,163096.92786458333,0.026177115957080076,0.02303291006122286,30.555538820603587,-4338.329999656125,-3077.1237239710968,-1261.2062756850287,0.05333330441534323,-1,1,-1,-0.19999999999999996,MeanReversion
2020-06-29 00:00:00+09:00,146967.359375,148888.5013276144,145526.50291053922,230664,158230.03828125,162848.78072916667,0.02659349162969235,0.02337823507881371,29.4642870110318,-4546.992714900407,-3371.097522156959,-1175.8951927434482,-0.03164539890286422,-1,1,-1,-0.19999999999999996,MeanReversion
2020-06-30 00:00:00+09:00,160895.625,172902.76119402985,147927.91791044775,3896837,158254.05234375,163000.87135416668,0.033974851579572786,0.0248395099103985,44.9275403317918,-3547.5706018877972,-3406.392138103127,-141.17846378467038,0.09477114975891232,-1,-1,-1,-1.0,Defensive
2020-07-01 00:00:00+09:00,156092.75,160415.31846153847,152730.7523076923,661902,157893.8375,163016.88046875,0.034360008583673524,0.025007667711227387,43.3566393793386,-3107.2547515002952,-3346.5646607825606,239.30990928226538,-0.029850873819595725,-1,-1,-1,-1.0,Defensive
2020-07-02 00:00:00+09:00,161375.921875,164737.92024739584,156573.0670572917,509576,157653.6953125,163128.94713541667,0.03501303471658472,0.025367276620666304,50.0,-2305.418026820611,-3138.335333990171,832.91730716956,0.03384636297970278,-1,-1,1,-0.5,Defensive
2020-07-03 00:00:00+09:00,160415.34375,165218.1983532934,157533.63098802394,386468,157269.46796875,163128.94713541667,0.034890350704672037,0.024938388781311858,54.88722393039463,-1727.5531154411437,-2856.178890280366,1128.6257748392222,-0.005952425329870836,-1,-1,1,-0.5,Defensive
2020-07-06 00:00:00+09:00,156573.0625,160895.63171012272,156092.7770322086,315204,156501.01171875,163016.88072916667,0.03469982920885127,0.025020246985644232,46.45669815767363,-1561.6295026459266,-2597.269012753478,1035.6395101075514,-0.02395208064378196,-1,-1,1,-0.5,Defensive
2020-07-07 00:00:00+09:00,157053.328125,158494.1843463303,154651.90108944956,237400,155900.6546875,162888.80442708332,0.03461685166939174,0.024994369932973097,51.724123424755966,-1375.5242347563035,-2352.920057154043,977.3958223977397,0.0030673579307423093,-1,-1,1,-0.5,Defensive
2020-07-08 00:00:00+09:00,155612.484375,158494.19704861112,155612.484375,184342,155300.2984375,162736.7140625,0.03462203592981042,0.025017704478879042,50.84745061776386,-1328.9788768968137,-2148.1318211025973,819.1529442057836,-0.009174232518353365,-1,-1,1,-0.5,Defensive
2020-07-09 00:00:00+09:00,156092.75,156573.0353846154,152730.7523076923,305135,154844.02734375,162584.62369791666,0.03455819890258661,0.025018159994385256,50.42733307844704,-1239.0548700052314,-1966.3164308831242,727.2615608778929,0.0030862923815460075,-1,-1,1,-0.5,Defensive
2020-07-10 00:00:00+09:00,150809.609375,155132.17779657643,149849.03861464967,278371,154315.71171875,162352.48541666666,0.03498505833529408,0.02538831868604699,50.0,-1575.928420218319,-1888.2388287501633,312.31040853184436,-0.033846162778219946,-1,-1,1,-0.5,Defensive
2020-07-13 00:00:00+09:00,153691.34375,155612.485546875,150809.6310546875,182566,154291.69765625,162160.37161458333,0.03383897482052248,0.025519060746956763,54.621835644615665,-1592.0194462232466,-1828.99495224478,236.97550602153342,0.019108426757040053,-1,-1,1,-0.5,Defensive
2020-07-14 00:00:00+09:00,157533.625,158013.9104420732,152730.7705792683,287892,154123.59765625,162024.29036458334,0.03286493518157736,0.02573266630419287,57.142846077300874,-1279.9769372958108,-1719.1913492549863,439.21441195917555,0.024999984750279758,-1,1,1,0.30000000000000004,Trend
2020-07-15 00:00:00+09:00,155612.484375,159935.0533854167,154651.9134837963,216995,154147.61171875,161728.11458333334,0.031923997525426004,0.025046111162374488,60.0000108442492,-1174.165939562954,-1610.18626731658,436.0203277536259,-0.012195114693767772,-1,1,1,0.30000000000000004,Trend
2020-07-16 00:00:00+09:00,158494.203125,158974.48858901515,154651.9194128788,275129,154339.72578125,161536.00052083333,0.032168252482988186,0.02506843905752095,56.36365572196218,-848.0040787800681,-1457.7498296092776,609.7457508292096,0.018518557566727933,-1,1,1,0.30000000000000004,Trend
2020-07-17 00:00:00+09:00,158494.203125,158974.48858901515,157053.34673295455,115773,154483.81171875,161423.934375,0.03214774422158169,0.024807534686148196,61.99998828821913,-582.8002952176321,-1282.7599227309486,699.9596275133165,0.0,-1,1,1,0.30000000000000004,Trend
2020-07-20 00:00:00+09:00,158494.203125,159935.05951704548,156573.0612689394,206010,154868.04140625,161263.83958333332,0.031243136796901043,0.0246952559308915,46.47888421059384,-368.3779543043929,-1099.8835290456375,731.5055747412446,0.0,-1,1,1,0.30000000000000004,Trend
2020-07-21 00:00:00+09:00,164257.625,164257.625,158974.4850146199,446891,155660.51171875,161175.7875,0.03176672434357296,0.02511850535060288,61.64386553018993,263.574946175213,-827.1918340014674,1090.7667801766804,0.03636361306195246,-1,1,1,0.30000000000000004,Trend
2020-07-22 00:00:00+09:00,160895.625,163777.33768656716,159454.76865671642,183774,156260.86796875,161119.75416666668,0.032285438310609954,0.024927177175457314,49.27534455257789,487.49730471422663,-564.2540062583287,1051.7513109725553,-0.020467847383036197,-1,1,1,0.30000000000000004,Trend
2020-07-23 00:00:00+09:00,158974.46875,160895.6103663142,156573.04172960724,181610,157005.31015625,161023.696875,0.03136459589175778,0.024968538119705834,47.8872955476866,504.1248955386982,-350.57822589892334,854.7031214376216,-0.011940388372897015,-1,1,1,0.30000000000000004,Trend
2020-07-24 00:00:00+09:00,157053.328125,159935.04056766056,157053.328125,182640,157269.4671875,160823.57786458332,0.02952606658740173,0.024766674555287367,50.74623821840937,358.153814041696,-208.83181791079943,566.9856319524954,-0.012084585909333367,-1,1,1,0.30000000000000004,Trend
2020-07-27 00:00:00+09:00,158013.921875,159454.77830547112,157053.35092135257,104358,157821.7953125,160623.45911458333,0.028435547341915838,0.024768775020160814,51.47062200627307,316.33604290825315,-103.79824574698893,420.1342886552421,0.006116353989235046,-1,1,1,0.30000000000000004,Trend
2020-07-28 00:00:00+09:00,156573.0625,159454.7753067485,155612.4915644172,167352,157605.6671875,160439.35,0.019833533181649897,0.024732308592229402,51.470597381596534,165.02751375347725,-50.0330938468957,215.06060760037295,-0.009118559668051418,-1,1,1,0.30000000000000004,Trend
2020-07-29 00:00:00+09:00,157053.328125,158494.1843463303,155132.18649655965,184972,157653.69609375,160207.21223958334,0.018638061845034234,0.024585264443342105,51.470597381596534,82.91207764923456,-23.444059547669653,106.35613719690421,0.0030673579307423093,-1,1,1,0.30000000000000004,Trend
2020-07-30 00:00:00+09:00,159454.765625,162816.7636954066,156573.0529932229,314375,157557.63828125,159991.08359375,0.017346600938416265,0.02464664747515112,64.51613411019973,209.199418847973,23.084636131458875,186.11478271651413,0.015290586507588522,-1,1,1,0.30000000000000004,Trend
2020-07-31 00:00:00+09:00,159454.765625,161375.90737951806,157053.3384318524,251624,157509.609375,159742.93619791666,0.01730061029209725,0.024593742538628338,60.71426704118001,305.7584534754569,79.61939960025849,226.13905387519844,0.0,-1,1,1,0.30000000000000004,Trend
2020-08-03 00:00:00+09:00,154171.625,158974.4793613707,153211.05412772586,367015,157389.5375,159502.79322916668,0.018099569058135884,0.024595457233311312,44.06780034848585,-43.521423422935186,54.991234995619756,-98.51265841855493,-0.033132535138051034,-1,1,-1,-0.19999999999999996,MeanReversion
2020-08-04 00:00:00+09:00,156573.0625,158013.91890337423,154171.63516104294,188454,157365.52421875,159358.70807291666,0.018446633631669974,0.024567183260674925,51.66667660720957,-125.11011417326517,18.97096516184277,-144.08107933510794,0.01557639092148122,-1,1,-1,-0.19999999999999996,MeanReversion
2020-08-05 00:00:00+09:00,158494.203125,159454.7740530303,156573.0612689394,193685,157509.61015625,159198.61328125,0.01851414988734594,0.024511985211601642,50.0,-34.35373810387682,8.306024508698851,-42.659762612575676,0.012269930691302555,-1,1,-1,-0.19999999999999996,MeanReversion
2020-08-06 00:00:00+09:00,160895.625,161856.1958955224,158013.91231343284,219583,157749.75390625,159062.53255208334,0.018778845226423736,0.024584665607519453,53.96824085353416,228.70959771232447,52.38673914942398,176.32285856290048,0.01515148079646833,-1,1,1,0.30000000000000004,Trend
2020-08-07 00:00:00+09:00,162816.765625,167619.62006821533,159935.0529590708,496387,158350.11171875,159046.52291666667,0.0168711103621592,0.02429797907824306,56.716401241875325,585.4603568536695,159.0014626902731,426.4588941633964,0.011940291260250202,-1,1,1,0.30000000000000004,Trend
2020-08-10 00:00:00+09:00,161375.921875,164737.92024739584,158494.208984375,295625,158734.340625,158982.48541666666,0.016706757491063075,0.02429576095197495,44.82760748274786,743.3549219147826,275.872154535175,467.4827673796076,-0.008849480239145335,-1,1,-1,-0.19999999999999996,MeanReversion
2020-08-11 00:00:00+09:00,167139.34375,169060.4856321839,160895.6326329023,689627,159214.6265625,158934.45703125,0.01757499979252843,0.024439958215981217,60.31746769449402,1318.350358393829,484.36779530690586,833.9825630869232,0.035714261508382084,1,1,1,1.0,Trend
2020-08-12 00:00:00+09:00,174823.90625,174823.90625,167139.3389423077,894705,160175.19765625,159046.52395833333,0.019515714497218763,0.025080244782100948,72.00002602619102,2366.8349555395544,860.8612273534357,1505.9737281861187,0.045976981407167994,1,1,-1,0.5,Trend
2020-08-13 00:00:00+09:00,180107.03125,184909.8854166667,176745.03333333335,1022663,161255.8390625,159246.64296875,0.02006120210707368,0.025360045540229664,79.26830671400579,3582.7706375706766,1405.243109396884,2177.5275281737927,0.030219694281656606,1,1,-1,0.5,Trend
2020-08-14 00:00:00+09:00,188752.1875,189712.75842875318,180107.04914122136,795049,162768.73828125,159670.8953125,0.021927429614866052,0.02572084912665886,82.65307240296526,5184.239597708249,2161.042407059157,3023.1971906490917,0.048000104104764185,1,1,-1,0.5,Trend
2020-08-18 00:00:00+09:00,169540.75,186350.73937677054,168099.8937677054,867824,163321.065625,159798.97135416666,0.03399457687271774,0.029340129526619216,59.99998554100499,4847.335767642711,2698.301079175868,2149.0346884668434,-0.10178127074686216,1,1,1,1.0,Trend
2020-08-19 00:00:00+09:00,174823.90625,177225.33353365384,169060.48076923078,489881,163849.3796875,160031.109375,0.0337603606441909,0.029578084419153192,62.75862672426229,4949.587843601155,3148.5584320609255,1801.0294115402298,0.03116157177551715,1,1,1,1.0,Trend
2020-08-20 00:00:00+09:00,165698.5,173383.06811594203,163777.35797101448,475380,164089.5234375,160079.13828125,0.03572765534312314,0.030381681597909514,54.08806549923937,4245.34167412587,3367.9150804739147,877.426593651955,-0.05219770250957878,1,1,1,1.0,Trend
2020-08-21 00:00:00+09:00,167139.34375,170981.62751436784,164737.91639727014,294186,164497.7671875,160199.20989583334,0.03561589387765275,0.030305950685814174,54.93827916665579,3760.1409952021495,3446.360263419562,313.7807317825873,0.008695575095731156,1,1,1,1.0,Trend
2020-08-24 00:00:00+09:00,169060.46875,169540.75417258524,161856.1874112216,371220,165098.12421875,160407.33333333334,0.03549513498550842,0.03019767376042262,60.0,3490.39954025959,3455.1681187875683,35.23142147202179,0.011494151866920932,1,1,1,1.0,Trend
2020-08-25 00:00:00+09:00,170981.59375,171942.16450140448,167619.59612008426,278665,165746.5078125,160599.44713541667,0.03553279318051715,0.030144871878545896,59.74024492520634,3392.5391463273263,3442.64232429552,-50.103177968193904,0.01136353763954645,1,1,-1,0.5,Trend
2020-08-26 00:00:00+09:00,166178.765625,169540.76377348267,164257.62382586705,310399,166226.79296875,160695.50416666668,0.03616531160801721,0.03037902364844953,55.0000020332981,2894.074894427933,3332.9288383220032,-438.8539438940702,-0.028089737729444897,1,1,-1,0.5,Trend
2020-08-27 00:00:00+09:00,164737.90625,165698.4771319242,161856.19360422742,270982,166611.021875,160719.51848958334,0.036259502749080415,0.030317118181497755,52.53164635153261,2355.6189646557323,3137.466863588749,-781.847898933017,-0.008670538438415476,1,1,-1,0.5,Trend
2020-08-28 00:00:00+09:00,163777.34375,167139.34200879766,162816.77281891496,210366,166827.15078125,160679.49479166666,0.03617394352326744,0.030240413173695233,50.64103112197391,1830.2810542683292,2876.0297017246658,-1045.7486474563366,-0.00583085290972607,1,1,-1,0.5,Trend
2020-08-31 00:00:00+09:00,161375.921875,165218.2057291667,160895.6363932292,264276,166923.20859375,160567.42864583334,0.03635303539960242,0.030257735478901218,50.0,1206.267202206771,2542.077201821087,-1335.809999614316,-0.01466272330479168,1,1,-1,0.5,Trend
2020-09-01 00:00:00+09:00,162336.484375,164257.62620192306,161375.91346153847,222471,167331.4515625,160407.33359375,0.03545440664707769,0.03011657059206449,46.621614640977796,780.246894156182,2189.711140288106,-1409.464246131924,0.005952328506256599,1,1,-1,0.5,Trend
2020-09-02 00:00:00+09:00,164737.90625,167619.61889577258,162816.7644861516,264065,167739.69375,160335.29088541667,0.035440071212842233,0.030109214449344182,42.335753423421416,629.1450144110713,1877.5979151126992,-1248.4529007016279,0.014792866090734602,1,1,-1,0.5,Trend
2020-09-03 00:00:00+09:00,165218.171875,166659.02802507268,164257.6011082849,214555,168075.8921875,160295.26692708334,0.03536769914761248,0.030093145340036445,37.79525098270768,541.9023947883979,1610.458811047839,-1068.556416259441,0.002915331607233007,1,1,-1,0.5,Trend
2020-09-04 00:00:00+09:00,162816.765625,163777.33651364307,159454.76751474926,235920,168171.94921875,160255.24348958334,0.0354178918508797,0.030094844711172596,26.315730896607022,275.8092182203254,1343.5288924823365,-1067.719674262011,-0.014534758633068745,1,1,-1,0.5,Trend
2020-09-07 00:00:00+09:00,163297.046875,164737.9031709559,161856.1905790441,133506,168195.96328125,160287.26223958333,0.03532444655515634,0.02994133271566749,41.33330962048894,102.5015674252063,1095.3234274709105,-992.8218600457042,0.0029498267463818895,1,1,-1,0.5,Trend
2020-09-08 00:00:00+09:00,163297.046875,165218.18860294117,162336.47601102942,135229,168292.01953125,160439.35260416666,0.03526063345505307,0.02932979666544804,31.249888803546497,-34.44888909434667,869.3689641578591,-903.8178532522057,0.0,1,1,-1,0.5,Trend
2020-09-09 00:00:00+09:00,160415.34375,162336.48559131738,159935.05828967068,188396,167955.81953125,160431.34791666668,0.03451257349588533,0.0289076730360686,39.21558621164781,-371.23312694762717,621.2485459367618,-992.481672884389,-0.01764700084996562,1,1,-1,0.5,Trend
2020-09-10 00:00:00+09:00,159454.765625,161856.1928181476,159454.765625,191392,167187.3625,160503.390625,0.03269283937309822,0.028521931971216056,33.999889388088405,-707.4921594315674,355.50040486309604,-1062.9925642946635,-0.005988068862645801,1,1,-1,0.5,Trend
2020-09-11 00:00:00+09:00,160895.625,162336.48134328358,158974.48320895524,136652,166226.7921875,160607.45234375,0.03186269144534406,0.028539096425255393,32.65299754077898,-847.9400306433963,114.81231776179757,-962.7523484051939,0.009036163763136207,1,1,-1,0.5,Trend
2020-09-14 00:00:00+09:00,161375.921875,161856.20735677084,159935.0654296875,122143,164857.97890625,160703.50963541667,0.02947667803570221,0.028531555795513645,28.260871102687148,-910.0001216994424,-90.15017013045042,-819.849951568992,0.0029851456495475492,1,1,-1,0.5,Trend
2020-09-15 00:00:00+09:00,162816.765625,164257.6219579646,160415.33840339232,187317,164521.7796875,160903.62890625,0.018080568578095677,0.028239085472216156,41.02560252521714,-833.3132258408295,-238.78278127252625,-594.5304445683033,0.008928492759384898,1,1,-1,0.5,Trend
2020-09-16 00:00:00+09:00,163297.046875,167619.61576286764,162336.47601102942,282521,163945.43671875,161151.77604166666,0.016427747889033954,0.028147857925575268,45.945919805576494,-725.4214188195183,-336.1105087819247,-389.3109100375936,0.0029498267463818895,1,1,-1,0.5,Trend
2020-09-17 00:00:00+09:00,160415.34375,162816.7710516467,159935.05828967068,222429,163681.27890625,161343.89010416667,0.012032208884361307,0.02825790336009973,41.463375927583435,-862.5033415940416,-441.3890753443481,-421.11426624969346,-0.01764700084996562,1,1,-1,0.5,Trend
2020-09-18 00:00:00+09:00,161856.1875,161856.1875,159454.76038575667,123183,163417.12109375,161640.06614583332,0.012045132020761287,0.027917571455289603,51.28200422593839,-845.135507966188,-522.1383618687162,-322.99714609747184,0.008981957188867629,1,1,-1,0.5,Trend
2020-09-21 00:00:00+09:00,159935.046875,162336.47400525527,159454.76144894896,131252,162960.85,161776.14713541666,0.011845971942685177,0.027186264619468284,43.902388705858456,-975.1504402182763,-612.7407775386282,-362.40966267964814,-0.011869429613248439,1,1,-1,0.5,Trend
2020-09-22 00:00:00+09:00,156573.0625,159454.7753067485,155612.4915644172,220308,162240.4234375,161936.2421875,0.012044533607951049,0.026997402392150524,30.232496557568055,-1334.0936513534398,-757.0113523015906,-577.0822990518492,-0.021020935940498475,1,1,-1,0.5,Trend
2020-09-23 00:00:00+09:00,156092.75,158013.89153846152,154171.60846153848,185128,161736.12265625,161856.19427083334,0.010626356547758467,0.024309168437037773,27.906938035609045,-1638.4291455322527,-933.2949109477231,-705.1342345845296,-0.003067657311742189,-1,1,-1,-0.19999999999999996,MeanReversion
2020-09-24 00:00:00+09:00,153211.046875,155612.47394200627,152250.47604819748,176132,161159.7796875,161808.16588541667,0.011120835630430493,0.024112564054161414,27.27267349953641,-2088.0765296263853,-1164.2512346834556,-923.8252949429298,-0.01846147963310274,-1,1,-1,-0.19999999999999996,MeanReversion
2020-09-25 00:00:00+09:00,153211.046875,155612.47394200627,152250.47604819748,498818,160631.46484375,161672.08463541666,0.011136235565587457,0.023705973593334612,25.581353121330608,-2416.568622240011,-1414.7147121947667,-1001.8539100452442,0.0,-1,1,-1,-0.19999999999999996,MeanReversion
2020-09-28 00:00:00+09:00,155132.203125,158494.2013351393,154651.91766640867,127905,160319.27890625,161584.03229166666,0.011327493722973536,0.023758065792046448,31.914905398913817,-2493.1403486781346,-1630.3998394914404,-862.7405091866942,0.012539280222838123,-1,1,-1,-0.19999999999999996,MeanReversion
2020-09-29 00:00:00+09:00,157533.625,158013.9104420732,155612.48323170733,138205,160079.1359375,161600.04166666666,0.011857555664432518,0.023638728584464017,43.478245494922064,-2333.1541688370635,-1770.950705360565,-562.2034634764984,0.015479841236219816,-1,1,-1,-0.19999999999999996,MeanReversion
2020-10-05 00:00:00+09:00,162336.484375,162336.484375,157533.6298076923,209158,159959.06484375,161688.09427083333,0.013361474781371662,0.023950343749754875,55.55556894351714,-1798.0861385474564,-1776.3777919979434,-21.708346549512953,0.030487836327006468,-1,1,-1,-0.19999999999999996,MeanReversion
2020-10-06 00:00:00+09:00,160415.34375,162336.48559131738,159935.05828967068,105945,159718.9234375,161768.14192708334,0.013558005994807873,0.02397143237678708,49.09091661914913,-1511.6356673684495,-1723.4293670720447,211.79369970359517,-0.011834312122727342,-1,1,1,0.30000000000000004,Trend
2020-10-07 00:00:00+09:00,162336.484375,162336.484375,159454.77163461538,74236,159694.909375,161872.20416666666,0.013500494897471559,0.024014521555496222,51.724124391833605,-1116.728659551649,-1602.0892255679655,485.3605660163166,0.011976040321890924,-1,1,1,0.30000000000000004,Trend
2020-10-08 00:00:00+09:00,162816.765625,163297.05106932152,160415.33840339232,180811,159670.8953125,162072.3234375,0.0135005999670514,0.023569628064306347,50.0,-756.2892954837298,-1432.9292395511184,676.6399440673886,0.0029585539680072603,-1,1,1,0.30000000000000004,Trend
2020-10-12 00:00:00+09:00,166659.0625,167619.63346541786,163777.3496037464,322389,159838.99609375,162288.45208333334,0.014485509882626868,0.02363218665625564,55.55558424403476,-158.76708807458635,-1178.0968092558119,1019.3297211812255,0.023598901871380917,-1,1,1,0.30000000000000004,Trend
2020-10-13 00:00:00+09:00,161856.1875,166659.04172848666,160415.331231454,252221,159911.03828125,162360.49479166666,0.015460694340437564,0.02375469665254951,52.23878422853303,-71.94892457086826,-956.8672323188232,884.9183077479549,-0.028818564847021166,-1,1,1,0.30000000000000004,Trend
2020-10-14 00:00:00+09:00,158974.46875,161856.1811744713,158494.18334592145,148349,159887.0234375,162416.52786458333,0.015946992656681366,0.02381767630498202,45.71428305855605,-232.98976314120227,-812.0917384832991,579.1019753420968,-0.017804192688030573,-1,1,1,0.30000000000000004,Trend
2020-10-15 00:00:00+09:00,156573.0625,158974.48983895706,156573.0625,127508,159670.8953125,162384.50885416666,0.01613422636935932,0.02378211079342385,45.070447058974466,-548.071377255983,-759.2876662378359,211.21628898185293,-0.01510560952888862,-1,1,1,0.30000000000000004,Trend
2020-10-16 00:00:00+09:00,161375.921875,162336.4928385417,157053.3525390625,248325,159670.8953125,162432.5375,0.01760236776914068,0.024104180880727043,56.75675438037312,-405.5502828757453,-688.5401895654178,282.98990668967247,0.030674876625089942,-1,1,1,0.30000000000000004,Trend
2020-10-19 00:00:00+09:00,163297.046875,165218.18860294117,160415.33428308825,276585,159694.909375,162512.58489583334,0.017692742804379148,0.02415005717379086,59.74027894494237,-136.01466439690557,-578.0350845317154,442.0204201348098,0.011904657012513198,-1,1,1,0.30000000000000004,Trend
2020-10-20 00:00:00+09:00,161856.1875,163297.043768546,159454.76038575667,162828,159622.86640625,162472.5609375,0.01779119816406776,0.02373022683053168,62.16215978577644,-38.23035887192236,-470.0741393997568,431.84378052783444,-0.008823548267244186,-1,1,1,0.30000000000000004,Trend
2020-10-21 00:00:00+09:00,160415.34375,165218.1983532934,159454.77282934132,253417,159622.86640625,162464.55625,0.01744297412446096,0.023606968220894396,59.74027894494237,-76.12215244784602,-391.2837420093747,315.1615895615287,-0.008901999807699679,-1,1,1,0.30000000000000004,Trend
2020-10-22 00:00:00+09:00,160415.34375,161375.91467065868,158494.20190868265,127573,159550.82421875,162488.57083333333,0.01731585049508829,0.023554677106840182,57.53424962776745,-104.94196619023569,-334.0153868455469,229.07342065531122,0.0,-1,1,1,0.30000000000000004,Trend
2020-10-23 00:00:00+09:00,160895.625,161375.91044776118,159454.76865671642,145378,159598.853125,162552.60911458332,0.017114941304253894,0.023501634055918777,55.07246786802078,-88.01263831104734,-284.814837138647,196.80219882759968,0.002993985729622617,-1,1,1,0.30000000000000004,Trend
2020-10-26 00:00:00+09:00,158013.921875,160895.63473594224,156573.06544452888,173079,159670.89609375,162552.60911458332,0.016918337304092236,0.02360926965786257,43.07692846696624,-303.62537842497113,-288.5769453959119,-15.048433029059254,-0.017910388334052008,-1,1,-1,-0.19999999999999996,MeanReversion
2020-10-27 00:00:00+09:00,154651.921875,157533.63470496895,153211.06546001552,322030,159598.8546875,162520.59010416668,0.017608828895802082,0.023743874679070014,41.17647058823529,-737.2863528341113,-378.31882688355176,-358.96752595055955,-0.021276606264222564,-1,1,-1,-0.19999999999999996,MeanReversion
2020-10-28 00:00:00+09:00,154651.921875,156573.06376164596,153211.06546001552,158087,159670.8984375,162480.56666666668,0.017081905478322792,0.023740020880784602,37.5,-1068.647100843169,-516.3844816754753,-552.2626191676937,0.0,-1,1,-1,-0.19999999999999996,MeanReversion
2020-10-29 00:00:00+09:00,158494.203125,160895.63044507577,153211.06302083333,456095,159935.05625,162464.55729166666,0.01790797901623696,0.02387363065449706,43.66197828461668,-1009.5751415814157,-615.0226136566635,-394.5525279247522,0.024844704180951416,-1,1,-1,-0.19999999999999996,MeanReversion
2020-10-30 00:00:00+09:00,151770.1875,159454.75395569621,151770.1875,362898,159766.95546875,162336.48098958333,0.02032715198577288,0.02451781900334674,29.87008871722115,-1488.1772730249795,-789.6535455303267,-698.5237274946528,-0.042424363115015296,-1,1,-1,-0.19999999999999996,MeanReversion
2020-11-02 00:00:00+09:00,152250.5,154171.64195583595,152250.5,100019,159502.79921875,162304.46223958334,0.019987505751101628,0.0241390857328035,35.29414860381915,-1807.8756407026958,-993.2979645648006,-814.5776761378952,0.003164735498531357,-1,1,-1,-0.19999999999999996,MeanReversion
2020-11-03 00:00:00+09:00,155612.484375,156092.76982060185,153211.05714699076,120594,159166.59921875,162288.45260416667,0.01937759265788147,0.024223248846523795,44.92755331482895,-1769.5565126358997,-1148.5496741790205,-621.0068384568792,0.022081926660339368,-1,1,-1,-0.19999999999999996,MeanReversion
2020-11-04 00:00:00+09:00,157533.625,158494.19588414635,155612.48323170733,159594,159022.51328125,162272.44296875,0.019488463261483034,0.024223894579934454,51.47057557116489,-1566.115134376916,-1232.0627662185998,-334.0523681583163,0.012345671574591544,-1,1,-1,-0.19999999999999996,MeanReversion
2020-11-05 00:00:00+09:00,158013.921875,158494.20735182372,156573.06544452888,150658,158806.38515625,162224.41458333333,0.019281511203206356,0.024146210621841066,44.06779380642913,-1350.5619946084917,-1255.7626118965782,-94.7993827119135,0.0030488530623224985,-1,1,-1,-0.19999999999999996,MeanReversion
2020-11-06 00:00:00+09:00,157533.625,158494.19588414635,157053.33955792684,143442,158542.228125,162136.36223958334,0.019257683706426904,0.024095508727418058,39.28573295881999,-1204.6045902929327,-1245.5310075758491,40.92641728291642,-0.0030395858118118513,-1,1,-1,-0.19999999999999996,MeanReversion
2020-11-09 00:00:00+09:00,158494.203125,159454.7740530303,157053.34673295455,245975,158133.98515625,162088.33359375,0.018449736105641837,0.024085190010147473,43.636398051114185,-999.8954961392155,-1196.4039052885223,196.50840914930677,0.006097606939470923,-1,1,-1,-0.19999999999999996,MeanReversion
2020-11-10 00:00:00+09:00,163297.046875,167139.33033088234,162816.7614430147,562162,158206.028125,162024.2953125,0.018674216666682668,0.02396391319729287,54.83868767299393,-444.983222985873,-1046.1197688279924,601.1365458421194,0.030302961592936883,-1,1,1,0.30000000000000004,Trend
2020-11-11 00:00:00+09:00,167619.609375,167619.609375,159935.04275608883,441360,158638.28515625,161904.22369791666,0.018986670561313014,0.02347856430169849,60.56334736821847,339.6679394332459,-768.9622271757447,1108.6301666089907,0.02647054911720992,-1,1,1,0.30000000000000004,Trend
2020-11-12 00:00:00+09:00,170501.34375,172422.48565140847,163297.06161971833,567624,159334.69921875,161744.12890625,0.018757944070359526,0.02325502494034649,63.15788797797366,1180.4342084005766,-379.0829400604805,1559.517148461057,0.017192107688026814,-1,1,1,0.30000000000000004,Trend
2020-11-13 00:00:00+09:00,168099.890625,170981.60303571427,167139.31982142857,297593,159670.89765625,161399.92395833333,0.018141966235060997,0.022450087369574035,63.99992886192968,1634.1330677521764,23.560261502050878,1610.5728062501255,-0.01408465805713044,-1,1,1,0.30000000000000004,Trend
2020-11-16 00:00:00+09:00,167619.609375,169540.7510297278,164257.61147922635,273110,159887.02578125,161367.90494791666,0.01802164547175356,0.01768076484117231,69.5651374433861,1932.6595037939842,405.38010996043755,1527.2793938335467,-0.0028571181588179506,-1,1,1,0.30000000000000004,Trend
2020-11-17 00:00:00+09:00,177705.609375,180107.0365287162,169540.75705236488,1072147,160679.496875,161415.93333333332,0.02188994712552176,0.018827602231219848,76.66659437184839,2949.1043240114523,914.1249527706404,2034.9793712408118,0.06017195743151693,-1,1,-1,-0.19999999999999996,MeanReversion
2020-11-18 00:00:00+09:00,180587.34375,180587.34375,175784.48886303193,424190,161688.096875,161664.08072916666,0.021785924403156135,0.017553841437956567,76.13630440207396,3941.7381438511948,1519.6475909867513,2422.0905528644435,0.016216338837784727,1,1,-1,0.5,Trend
2020-11-19 00:00:00+09:00,180587.34375,180587.34375,175784.48886303193,284036,162696.696875,161888.2140625,0.021785924403156135,0.017529020000956963,90.54047281369607,4674.5226107472845,2150.622594938858,2523.9000158084264,0.0,1,1,-1,0.5,Trend
2020-11-20 00:00:00+09:00,189232.453125,189232.453125,181067.60108661168,894303,164113.53828125,162224.41380208332,0.02359899872586149,0.01844497582006889,92.30762355725489,5885.008936825441,2897.499863316175,2987.5090735092663,0.04787217750413375,1,1,-1,0.5,Trend
2020-11-23 00:00:00+09:00,189232.453125,190193.0239530457,186350.74064086293,232445,165674.46484375,162528.59479166666,0.022878640301635972,0.01840479896135796,91.6665956627723,6766.330030626559,3671.2658967782518,3095.0641338483074,0.0,1,1,-1,0.5,Trend
2020-11-24 00:00:00+09:00,185870.484375,189712.76828972867,184429.62790697673,333529,167235.39296875,162856.79010416666,0.02264003108036233,0.018160042648427292,83.90804683664201,7111.52335163168,4359.317387748938,2752.2059638827423,-0.017766343428308295,1,1,-1,0.5,Trend
2020-11-25 00:00:00+09:00,180107.03125,187311.3125,178666.17500000002,380987,168508.1484375,163112.9421875,0.02434466841416576,0.018617560094567158,73.46934439622447,6841.168315648421,4855.687573328834,1985.480742319587,-0.031007898561086433,1,-1,-1,-0.30000000000000004,Defensive
2020-11-26 00:00:00+09:00,180587.34375,183469.05668218088,177225.34532912236,272724,169612.80546875,163393.10885416667,0.024033805674989552,0.018593137637792176,74.48978440116932,6589.705186993204,5202.491096061709,1387.2140909314949,0.002666817040214875,1,1,-1,0.5,Trend
2020-11-27 00:00:00+09:00,176264.75,183949.3167574932,175784.46457765668,325194,170837.53359375,163641.25598958333,0.02226008273549845,0.018773704254217365,67.61900689785944,5972.771266400145,5356.5471301293965,616.2241362707482,-0.023936305060137997,1,1,1,1.0,Trend
2020-11-30 00:00:00+09:00,171942.1875,176264.7564594972,171942.1875,402546,171822.11796875,163801.35104166667,0.023396802499251954,0.01906751596533148,58.65383502487655,5076.532909623231,5300.544286028164,-224.0113764049329,-0.024523125015069702,1,1,-1,0.5,Trend
2020-12-01 00:00:00+09:00,180107.03125,180107.03125,172422.46458333335,340875,173046.8453125,164057.503125,0.02486520478608226,0.019876651944578782,61.60712651818012,4967.826200927695,5234.00066900807,-266.17446808037494,0.047485982752196954,1,1,-1,0.5,Trend
2020-12-02 00:00:00+09:00,183949.34375,184909.91473563967,179626.7743146214,322531,174367.63125,164369.68932291667,0.025035986911687545,0.020036953682975592,62.280689738619834,5132.5529824234545,5213.711131691147,-81.15814926769235,0.021333495274077574,1,1,-1,0.5,Trend
2020-12-03 00:00:00+09:00,187791.59375,189712.73537404093,180587.31265984656,342906,175856.51484375,164785.93645833334,0.0251714964290882,0.020064754243820086,67.5213596787213,5509.626067841251,5272.894118921167,236.7319489200836,0.020887543938302278,1,1,1,1.0,Trend
2020-12-04 00:00:00+09:00,186350.75,187311.32087628866,181067.61018041236,298749,177297.37109375,165170.16484375,0.025306407214931975,0.020106696347503825,66.38655714893018,5627.3268348455895,5343.780662106052,283.5461727395377,-0.007672567878188152,1,1,1,1.0,Trend
2020-12-07 00:00:00+09:00,186350.75,186350.75,182508.46649484537,193182,178690.1984375,165554.39322916666,0.025372167990183495,0.020106696347503825,59.18367414687067,5655.413454751018,5406.107220635045,249.30623411597298,0.0,1,1,1,1.0,Trend
2020-12-08 00:00:00+09:00,188271.875,188271.875,184909.87723214287,303232,179938.93984375,166018.66875,0.024860961304825072,0.019959288498240017,58.3332994450454,5766.221621859266,5478.13010087989,288.0915209793757,0.010309188452421125,1,1,1,1.0,Trend
2020-12-09 00:00:00+09:00,208443.875,208443.875,190193.02880184332,909898,181980.153125,166835.15390625,0.03249090512902044,0.0236710248870012,71.01447942893246,7396.48760324766,5861.801601353444,1534.6860018942161,0.10714292827858651,1,-1,-1,-0.30000000000000004,Defensive
2020-12-10 00:00:00+09:00,205562.15625,211805.86660338784,203641.01460280374,467822,183733.19375,167579.59609375,0.032917610763507854,0.023781318080447467,63.492057754369135,8359.590365267126,6361.359354136181,1998.2310111309453,-0.013824914500366159,1,-1,1,0.19999999999999996,Defensive
2020-12-11 00:00:00+09:00,207483.3125,216128.45052083334,205081.88527199076,402440,185702.36484375,168348.05260416667,0.03244942132310005,0.02379035315269267,64.61538692540023,9172.146698869037,6923.516823082752,2248.629875786285,0.009345865430909095,1,-1,1,0.19999999999999996,Defensive
2020-12-14 00:00:00+09:00,203160.734375,207003.017767435,199798.7364066194,267573,187479.42109375,169020.45208333334,0.03309299548942948,0.024003177057461314,63.63632778765808,9359.417973641277,7410.697053194457,1948.72092044682,-0.020833377262568953,1,-1,1,0.19999999999999996,Defensive
2020-12-15 00:00:00+09:00,202680.453125,204601.59486078197,198838.16965343602,183566,188728.16328125,169676.8421875,0.03110551978391113,0.02401576240263267,69.42147960400428,9361.167414290278,7800.791125413622,1560.376288876656,-0.00236404564827708,1,1,1,1.0,Trend
2020-12-16 00:00:00+09:00,204601.59375,209404.44806338026,203641.02288732392,229608,189928.87578125,170413.2796875,0.031033948124666838,0.023861221051920206,70.16126789496965,9409.111471331067,8122.455194597111,1286.6562767339565,0.009478667505322669,1,-1,-1,-0.30000000000000004,Defensive
2020-12-17 00:00:00+09:00,200759.3125,205081.88142942585,198357.88531698566,238225,190937.47421875,171061.66510416666,0.03152036462549594,0.024035585119157953,70.73171699367806,9032.941371048655,8304.552429887419,728.3889411612363,-0.018779331966958357,1,-1,-1,-0.30000000000000004,Defensive
2020-12-18 00:00:00+09:00,200279.03125,202200.17303657075,199318.46035671464,131657,191489.803125,171734.06484375,0.0299964345139602,0.023962527891748988,75.65218252284365,8596.968670017784,8363.035677913493,233.93299210429177,-0.002392323643766181,1,1,-1,0.5,Trend
2020-12-21 00:00:00+09:00,198838.171875,200759.31363224637,193074.74660326086,140010,191970.0890625,172438.48333333334,0.03007571639498871,0.02378231270355543,69.30693994166654,8042.483114566014,8298.925165243998,-256.4420506779843,-0.0071942597585337165,1,1,-1,0.5,Trend
2020-12-22 00:00:00+09:00,194515.59375,200759.30416666667,194035.30833333335,124874,192402.34453125,173078.8640625,0.030233654199708956,0.024001619066845347,60.784288084529024,7171.583833348093,8073.456898864818,-901.8730655167246,-0.021739176558701168,1,1,-1,0.5,Trend
2020-12-23 00:00:00+09:00,191633.890625,195956.45958646617,191633.890625,175024,192978.6875,173719.24479166666,0.02947695084319769,0.023947930913542873,54.0000136637488,6177.648434008122,7694.29520589348,-1516.6467718853573,-0.01481476661816472,1,1,-1,0.5,Trend
2020-12-24 00:00:00+09:00,194515.59375,198838.1625,192114.1666666667,175821,193675.1,174407.65390625,0.0295946424745262,0.02398602373573291,58.2524173715952,5558.403017898381,7267.116768294461,-1708.7137503960794,0.015037544327892727,1,1,-1,0.5,Trend
2020-12-28 00:00:00+09:00,193074.765625,194995.9075715174,189712.76721859453,214570,194515.60078125,175040.02994791666,0.028992247375595352,0.024004282757983487,56.6037955899707,4894.95775008708,6792.6849646529845,-1897.7272145659044,-0.007407262817457294,1,1,-1,0.5,Trend
2020-12-29 00:00:00+09:00,199150.515625,199632.7202633172,191917.44605024214,201795,195876.0171875,175733.64479166668,0.028699727047142812,0.024217281905389357,59.87802452278577,4804.056668467529,6394.959305415894,-1590.9026369483654,0.03146837951781145,1,1,-1,0.5,Trend
2020-12-30 00:00:00+09:00,198668.3125,202043.74499393205,197703.90321601942,160101,196804.08125,176339.17526041667,0.027242924025294928,0.023985209128820777,36.18297494174038,4639.624441632099,6043.892332659136,-1404.267891027037,-0.002421299907191754,1,1,-1,0.5,Trend
2021-01-04 00:00:00+09:00,195775.09375,199632.73106527093,192881.8657635468,228609,197395.36875,176928.50442708333,0.02729749729926114,0.02401768431990324,36.17121612193894,4227.124483950407,5680.53876291739,-1453.4142789669831,-0.014563060981353071,1,1,-1,0.5,Trend
2021-01-05 00:00:00+09:00,195775.09375,196739.50307881774,191917.45643472907,259094,197794.54375,177485.81458333333,0.02698732678458402,0.023994724131052955,32.50698249031416,3855.7683976305416,5315.58468986002,-1459.8162922294787,0.0,1,1,-1,0.5,Trend
2021-01-06 00:00:00+09:00,192881.859375,199150.5198046875,192881.859375,257627,198121.09921875,177986.89947916666,0.027171663535522472,0.02410713895206463,33.95733714154166,3290.0801929909794,4910.4837904862125,-1620.403597495233,-0.014778357755223959,1,1,-1,0.5,Trend
2021-01-07 00:00:00+09:00,192881.859375,196257.2919140625,192881.859375,205586,198447.6546875,178423.94609375,0.027171663535522472,0.023958555725544763,34.47417024416089,2809.383392284886,4490.263710845948,-1680.8803185610614,0.0,1,1,-1,0.5,Trend
2021-01-08 00:00:00+09:00,196257.296875,196739.50153562654,190470.84094748157,384513,198846.92578125,178997.29791666666,0.027334692630292916,0.023667719807324634,37.36098587315901,2670.018994098791,4126.214767496516,-1456.1957733977251,0.017500025720083245,1,1,-1,0.5,Trend
2021-01-11 00:00:00+09:00,189024.21875,194810.6744260204,188542.01411033163,397580,197875.94296875,179498.12708333333,0.015985168118290087,0.024095961865139622,33.880753209915966,1953.4051109717984,3691.652836191573,-1738.2477252197746,-0.03685507871642035,1,1,-1,0.5,Trend
2021-01-12 00:00:00+09:00,195775.09375,197703.91240763548,188059.81911945812,518390,197386.58984375,180151.49427083333,0.018139506558405256,0.024329480574805808,44.72254221387681,1908.2257995649416,3334.967428866247,-1426.7416293013052,0.03571433885373487,1,1,-1,0.5,Trend
2021-01-13 00:00:00+09:00,203972.5625,203972.5625,196257.2882683215,553390,197211.05234375,180861.43828125,0.020458217453979934,0.024567703537806986,55.1937995768473,2505.0118712596595,3168.9763173449296,-663.9644460852701,0.041871867319690725,1,1,-1,0.5,Trend
2021-01-14 00:00:00+09:00,205901.40625,205901.40625,200597.15456674475,349290,197348.0859375,181571.5109375,0.02000415092158362,0.024556438405110233,62.103722080740205,3097.900040009001,3154.761061877744,-56.86102186874314,0.009456388282615302,1,1,-1,0.5,Trend
2021-01-15 00:00:00+09:00,212652.265625,221814.15462018142,208312.42346938775,830538,197846.6765625,182418.11223958334,0.021190811733195807,0.024768194850394307,70.64531417289578,4065.639950966346,3336.9368396954646,728.7031112708814,0.032786854145149924,1,1,-1,0.5,Trend
2021-01-18 00:00:00+09:00,203008.1875,213616.6913598575,202043.7780581948,366406,197767.00625,183127.99296875,0.02374126506593158,0.02557341515591394,57.363621682667606,4008.180487175501,3471.1855691914725,536.9949179840287,-0.045351400779368056,1,1,1,1.0,Trend
2021-01-19 00:00:00+09:00,215063.28125,215545.4859164798,203972.57392096412,311506,198482.2046875,184038.79192708334,0.02660014556987607,0.026491249455625903,66.10169181238413,4879.145018539624,3752.7774590611034,1126.367559478521,0.05938230323838534,1,1,1,1.0,Trend
2021-01-20 00:00:00+09:00,221331.9375,224225.16544117648,211687.8443627451,425304,199534.85,185046.06380208334,0.02714567145117686,0.02666786971134334,66.1971920977118,6005.985591334436,4203.41908551577,1802.566505818666,0.029147961537483447,1,1,1,1.0,Trend
2021-01-21 00:00:00+09:00,223260.78125,223742.9859611231,219403.1435610151,201908,200755.98046875,186133.51145833332,0.027001449755185102,0.026493275734338923,67.58622616126539,6974.261489206896,4757.587566253996,2216.6739229529003,0.008714710456099395,1,1,1,1.0,Trend
2021-01-22 00:00:00+09:00,229529.421875,239173.51523109243,221814.14719012604,566419,202506.671875,187381.46979166666,0.026593841325901958,0.026396199769051183,73.02631677122045,8153.465943503485,5436.763241703894,2716.7027017995906,0.02807766142312551,1,1,-1,0.5,Trend
2021-01-25 00:00:00+09:00,237244.703125,244959.978023374,225671.79077743905,615575,204787.2125,188758.01614583333,0.02655506906631144,0.02660077309600306,75.595240965424,9599.891117741528,6269.388816911422,3330.502300830107,0.03361347398069814,1,1,-1,0.5,Trend
2021-01-26 00:00:00+09:00,229529.421875,239173.51523109243,226636.19386817227,423762,206537.90390625,189941.93645833334,0.028263714203706276,0.026998289166907954,71.3483174703037,10008.265714449459,7017.164196419029,2991.1015180304294,-0.03252035197571912,1,1,-1,0.5,Trend
2021-01-27 00:00:00+09:00,223742.953125,236280.2737742457,222296.3392039332,258536,208071.31328125,191141.48255208333,0.02907139660366451,0.026538430006559897,66.84209897997991,9752.56436469697,7564.244230074618,2188.3201346223514,-0.025210139522554353,1,1,1,1.0,Trend
2021-01-28 00:00:00+09:00,224707.375,227600.60300429186,216992.10032188843,203178,209349.15625,192349.09713541667,0.028538117102867674,0.026536426780350626,65.94594263224683,9518.02215346985,7954.999814753665,1563.022338716185,0.004310401116683238,1,1,1,1.0,Trend
2021-01-29 00:00:00+09:00,215063.28125,230493.83057735427,214581.0765835202,283625,210168.9046875,193339.94375,0.030613861579011872,0.027238624344279636,64.21052900858004,8456.467105887714,8055.293272980475,401.17383290723865,-0.04291845672622008,1,1,1,1.0,Trend
2021-02-01 00:00:00+09:00,215063.28125,217956.50924887892,208312.4159192825,257535,211133.3140625,194298.77135416667,0.03031819002106252,0.02723217527815046,61.363635526775575,7528.394437771931,7949.913505938766,-421.5190681668355,0.0,1,1,-1,0.5,Trend
2021-02-02 00:00:00+09:00,221814.15625,225189.58906250002,215545.49531250002,213017,212435.2671875,195362.10859375,0.03084916561817465,0.02743183848539252,60.69365038812715,7254.009647222294,7810.7327341954715,-556.7230869731775,0.03139017948932188,1,1,-1,0.5,Trend
2021-02-03 00:00:00+09:00,219403.125,223260.76236263738,216509.89697802198,218202,213761.33046875,196393.26692708334,0.030718839543998983,0.027493026048581906,58.04596866345167,6764.036054658034,7601.393398287984,-837.3573436299503,-0.010869600438317417,1,1,-1,0.5,Trend
2021-02-04 00:00:00+09:00,223260.78125,235798.10373920086,220849.75769438443,666488,215280.2765625,197472.70989583334,0.03077366283823786,0.027535947773879486,56.547623984336894,6610.803840487701,7403.275486727928,-792.4716462402275,0.01758250366762093,1,1,-1,0.5,Trend
2021-02-05 00:00:00+09:00,218920.9375,227600.62224669603,216992.11866740088,312363,216413.45859375,198399.77473958334,0.031246212930678096,0.027541627654380296,60.50954388635671,6069.2149537105,7136.463380124444,-1067.248426413944,-0.01943845097066277,1,1,-1,0.5,Trend
2021-02-08 00:00:00+09:00,217474.28125,221331.91816796007,215545.46279101996,451309,217835.96171875,199230.6859375,0.029734185412393945,0.027437911248392975,51.851830516415696,5460.325555765856,6801.235815252727,-1340.910259486871,-0.0066081219389990675,1,1,-1,0.5,Trend
2021-02-09 00:00:00+09:00,216992.109375,220367.54218750002,216509.9046875,180477,218896.8125,200005.53203125,0.029042030302757697,0.027399396517475697,46.341480763166565,4882.5856721252785,6417.505786627237,-1534.9201145019588,-0.0022171443548568703,1,1,-1,0.5,Trend
2021-02-10 00:00:00+09:00,221331.9375,222778.55147058825,214098.86764705883,252177,219764.78125,200892.7328125,0.028032626715809524,0.027367989660298932,48.43748101373492,4720.49557756781,6078.103744815353,-1357.608167247543,0.019999935193496077,1,1,-1,0.5,Trend
2021-02-15 00:00:00+09:00,224225.15625,228564.99798387097,221814.13306451612,200730,220680.96875,201836.15859375,0.028079750786188025,0.027371383644612512,45.45453815104023,4770.505169267039,5816.58402970569,-1046.0788604386516,0.01307185389817489,1,1,-1,0.5,Trend
2021-02-16 00:00:00+09:00,224707.375,226153.9890021459,221814.14699570817,127732,221283.72421875,202619.52135416667,0.027295855222335883,0.02645297897490224,37.73585943855022,4793.7893346238125,5612.025090689314,-818.2357560655018,0.0021506005751752433,1,1,-1,0.5,Trend
2021-02-17 00:00:00+09:00,218920.9375,223260.77987334802,216992.11866740088,186063,222079.36171875,203258.41458333333,0.025700730862437845,0.026683309058448988,39.215714927879,4295.80568258572,5348.781209068596,-1052.9755264828755,-0.025750990593877976,1,1,-1,0.5,Trend
2021-02-18 00:00:00+09:00,227600.609375,229529.42809851695,217474.31107653602,449780,222706.228125,204041.96901041668,0.023905915060774507,0.027073361239436662,53.703720372037196,4549.087977341202,5188.842562723117,-639.7545853819156,0.039647518296416884,1,1,-1,0.5,Trend
2021-02-19 00:00:00+09:00,230011.625,230493.82966457022,219885.32704402515,296020,223140.2125,204721.621875,0.023204414649712173,0.026498144740679956,54.954953639994606,4888.018794003263,5128.677808979147,-240.65901497588402,0.010593186158950774,1,1,-1,0.5,Trend
2021-02-22 00:00:00+09:00,228565.015625,232904.8576938291,223742.96888185653,238388,223405.42421875,205377.16458333333,0.023216809860437202,0.026523776520522697,64.89362252205576,4982.459924789728,5099.434232141263,-116.97430735153557,-0.006289288095764678,1,1,-1,0.5,Trend
2021-02-23 00:00:00+09:00,232904.84375,236280.27626811594,222296.34155020706,322883,223574.1953125,206161.07057291668,0.022763437917166587,0.02645297843492923,67.96116138336146,5345.8692090265395,5148.721227518319,197.14798150822025,0.01898728076618794,1,1,1,1.0,Trend
2021-02-24 00:00:00+09:00,223742.953125,235315.8644935345,222296.3392039332,269980,222899.1078125,206888.3359375,0.023171970203117478,0.026670598683347296,51.85183184983365,4838.80692648812,5086.7383673122795,-247.93144082415984,-0.03933748425959904,1,1,-1,0.5,Trend
2021-02-25 00:00:00+09:00,230493.828125,230976.0327863494,224707.37218880752,260081,222947.328125,207720.11067708334,0.023128104447490277,0.02688221978371213,59.82906030248034,4924.92414755933,5054.37552336169,-129.45137580236042,0.03017245864377438,1,1,-1,0.5,Trend
2021-02-26 00:00:00+09:00,226154.0,228565.02345415778,223742.97654584222,246238,223067.88046875,208551.59817708333,0.02278937648580966,0.02679741785909118,52.54236729618745,4590.073297714174,4961.515078232187,-371.4417805180128,-0.01882839189362784,1,1,-1,0.5,Trend
2021-03-02 00:00:00+09:00,227118.390625,230976.02783306796,225671.77667197454,200323,223188.43125,209471.2015625,0.02278897970421605,0.02652594294380257,57.65764424504251,4352.348684043856,4839.681799394521,-487.33311535066423,0.004264309386524223,1,1,-1,0.5,Trend
2021-03-03 00:00:00+09:00,231458.25,231940.4546875,225189.58906250002,218278,224008.1796875,210327.05520833333,0.020567250892722735,0.026025443504341432,62.39321446949131,4462.697399156314,4764.284919346879,-301.58752019056556,0.01910835737721306,1,1,-1,0.5,Trend
2021-03-04 00:00:00+09:00,236280.28125,239655.71383928572,227600.5974489796,377909,225069.0296875,211199.2375,0.020887714099424127,0.026020118838985785,65.87302587403397,4882.95945630534,4788.019826738571,94.93962956676842,0.020833265826558423,1,1,1,1.0,Trend
2021-03-05 00:00:00+09:00,228565.015625,236280.29041402953,228565.015625,270513,225406.57265625,211878.79453125,0.02156280463682592,0.02636822258245344,55.63911111674176,4541.115554284712,4738.6389722478,-197.52341796308792,-0.032653023706353035,1,1,-1,0.5,Trend
2021-03-08 00:00:00+09:00,221814.15625,230976.0453125,220849.746875,171881,225527.12421875,212469.85130208332,0.022539450556934775,0.026680430184320647,48.226965512328185,3683.0084381228953,4527.512865422819,-844.5044272999239,-0.02953583844202967,1,1,-1,0.5,Trend
2021-03-09 00:00:00+09:00,216027.671875,226636.1736188616,214581.05800083705,274839,225165.46875,212964.46666666667,0.022940631015341006,0.02694610204605609,44.07892927621516,2507.1307936869853,4123.436451075652,-1616.305657388667,-0.02608708331707299,1,1,-1,0.5,Trend
2021-03-10 00:00:00+09:00,218438.71875,222778.56084437086,216992.10471854307,144976,225141.3578125,213467.24739583334,0.02270059599958236,0.02695045173230281,49.65516224201975,1749.6220674914657,3648.673574358815,-1899.0515068673494,0.011160824231791544,1,1,-1,0.5,Trend
2021-03-11 00:00:00+09:00,217474.28125,220367.50893847007,215063.25817627495,189899,225141.3578125,213617.75416666668,0.022672600587940826,0.023596638716580607,41.86044350243389,1059.2584265406767,3130.790544795188,-2071.5321182545113,-0.0044151398869162195,1,1,-1,0.5,Trend
2021-03-12 00:00:00+09:00,217956.5,221331.9325221239,216509.88606194692,168172,225189.57734375,213824.3265625,0.02267143512437972,0.023518917765659803,39.99999999999999,544.7715035559959,2613.58673654735,-2068.815232991354,0.0022173598975856468,1,1,-1,0.5,Trend
2021-03-15 00:00:00+09:00,218438.71875,219885.33278145696,215545.4906870861,93504,225044.91640625,214006.91666666666,0.02220828981702899,0.0234941685626504,41.46342427222499,173.9428288123163,2125.6579550003435,-1951.7151261880272,0.0022124540906098833,1,1,-1,0.5,Trend
2021-03-16 00:00:00+09:00,219403.125,223742.96703296705,217956.510989011,201809,224803.81484375,214277.62317708333,0.022012819711402405,0.02332099945085867,37.931060490093,-41.642019819439156,1692.197960036387,-1733.8399798558262,0.004414996826197948,1,1,-1,0.5,Trend
2021-03-17 00:00:00+09:00,229529.421875,230011.62654280462,220849.7378545168,263349,225044.9171875,214725.10598958333,0.024321367358625768,0.02399123862950399,55.08475088243839,597.7227870339702,1473.3029254359037,-875.5801384019335,0.046153840675696944,1,1,-1,0.5,Trend
2021-03-18 00:00:00+09:00,228565.015625,232904.8576938291,225671.78757911394,219067,225527.12109375,215124.49635416668,0.0235146003949893,0.023984951744575843,48.11321562201952,1014.9052820098877,1381.6233967507007,-366.718114740813,-0.004201667229071893,1,1,-1,0.5,Trend
2021-03-19 00:00:00+09:00,231940.4375,233387.05145530147,225671.77702702704,171192,225744.1125,215644.18177083333,0.02210501431520639,0.023883175723482412,55.76920560401152,1599.4562150307756,1425.1899604067157,174.2662546240599,0.0147678850403683,1,1,1,1.0,Trend
2021-03-22 00:00:00+09:00,238209.09375,239173.50303643727,230011.61481528342,263574,226153.9859375,216276.34947916667,0.022758086413394107,0.024078076305424426,59.99998309397692,2539.2740404456854,1648.0067764145097,891.2672640311757,0.02702700881988296,1,1,1,1.0,Trend
2021-03-23 00:00:00+09:00,242548.953125,243031.15780318092,235315.88295228628,322574,226853.1828125,217004.8625,0.0229551593432244,0.024119246388650626,59.99998309397692,3592.8605598967115,2036.9775331109504,1555.883026785761,0.018218697307814224,1,1,1,1.0,Trend
2021-03-24 00:00:00+09:00,246888.796875,247371.00155639648,235798.08920288086,242956,227552.38046875,217877.74921875,0.022917351105072422,0.02395781748307512,59.64911881770386,4723.574165621627,2574.296859613086,2149.277306008541,0.017892650922980646,1,1,1,1.0,Trend
2021-03-25 00:00:00+09:00,250264.21875,251710.8327312139,243995.5581647399,280293,228878.44375,218854.92135416667,0.020641396485840798,0.02385911361148005,71.42852734258912,5824.895411809266,3224.416570052322,2600.478841756944,0.013671830871730295,1,1,-1,0.5,Trend
2021-03-26 00:00:00+09:00,248817.625,252675.2625968992,246406.60150193798,230184,229794.63359375,219759.95520833333,0.019973758058775826,0.02385487166784027,79.78719370357553,6505.975571508345,3880.728370343527,2625.247201164818,-0.00578026598139092,1,1,-1,0.5,Trend
2021-03-29 00:00:00+09:00,253157.4375,253639.64214285716,242548.93535714285,156464,231144.80546875,220761.33307291666,0.0194316661599517,0.02386573967161275,92.30768409047127,7311.6390804291295,4566.910512360648,2744.7285680684818,0.01744174071270077,1,1,-1,0.5,Trend
2021-03-30 00:00:00+09:00,262319.3125,266659.1540670956,248817.58318014705,256488,232904.8515625,221814.14635416667,0.02054262982026815,0.02395869979936882,93.33332098923162,8590.395230376453,5371.607455963809,3218.7877744126436,0.03619042399257966,1,1,-1,0.5,Trend
2021-03-31 00:00:00+09:00,249299.8125,261354.92915860735,248335.4031673114,264737,233796.9296875,222658.0046875,0.0240761711930621,0.024994495797231123,75.3846644688926,8455.780872296717,5988.442139230391,2467.3387330663254,-0.04963225877621957,1,1,-1,0.5,Trend
2021-04-01 00:00:00+09:00,251710.84375,255568.48120210727,249782.02502394636,159777,234568.4578125,223590.2671875,0.023793695824543305,0.02488703374424241,76.11944918268736,8446.284584658191,6480.010628315951,1966.2739563422401,0.009671211646017586,1,1,-1,0.5,Trend
2021-04-02 00:00:00+09:00,249299.8125,251710.83583172146,243995.56117021275,165071,235605.19765625,224482.34583333333,0.022443227595657804,0.024945439503963367,73.18843268074347,8150.257540671795,6814.0600107871205,1336.1975298846746,-0.009578575217818797,1,1,-1,0.5,Trend
2021-04-05 00:00:00+09:00,250746.421875,254121.85447716346,246888.78461538462,88731,237051.8109375,225446.75520833334,0.020938951162724585,0.024822195613475255,73.38132129453734,7940.846131102153,7039.417234850127,901.4288962520259,0.0058026893822873404,1,1,-1,0.5,Trend
2021-04-06 00:00:00+09:00,249299.8125,252193.04049806576,249299.8125,63044,238715.41796875,226387.05442708332,0.01972261352790876,0.02485069375603203,66.94217509728355,7570.884351455257,7145.710658171153,425.17369328410405,-0.005769212434549309,1,1,1,1.0,Trend
2021-04-07 00:00:00+09:00,248817.625,252193.0578972868,246888.80620155038,80952,240234.36328125,227263.05989583334,0.019800903245746463,0.024803420421565907,67.50004387948668,7156.285272228124,7147.825580982548,8.459691245576323,-0.0019341671185573173,1,1,1,1.0,Trend
2021-04-08 00:00:00+09:00,247853.203125,248817.61247568091,244959.9750729572,149972,241753.309375,228243.54296875,0.01978553124063317,0.024222537412864825,64.34785818398933,6672.969886540464,7052.854442094132,-379.88455555366727,-0.0038760191324871407,1,1,-1,0.5,Trend
2021-04-09 00:00:00+09:00,243513.375,247371.0126237624,241102.35148514854,202308,243031.153125,229039.18098958334,0.02050057136376972,0.024050757491228113,54.954991510916706,5872.061629816046,6816.695879638515,-944.6342498224694,-0.01750967133078074,1,1,-1,0.5,Trend
2021-04-12 00:00:00+09:00,246406.59375,248817.61717221135,239173.52348336595,160885,244429.546875,229746.41484375,0.020530786708976106,0.02357212854956672,53.70371537156866,5408.449401558231,6535.046584022459,-1126.5971824642274,0.011881149238722521,1,1,-1,0.5,Trend
2021-04-13 00:00:00+09:00,258461.703125,259908.317135028,247370.99571478544,300061,246382.47578125,230622.41979166667,0.022541672525531603,0.024254932199907934,59.67743537104941,5945.246843503759,6417.086635918719,-471.83979241496036,0.04892364766517132,1,1,-1,0.5,Trend
2021-04-14 00:00:00+09:00,256050.671875,264248.1510122411,255568.46721986818,189099,247708.53828125,231345.7265625,0.02108967596965693,0.024021000405310775,54.91803953576144,6105.729561911168,6354.815221117209,-249.08565920604087,-0.009328388774231477,1,1,-1,0.5,Trend
2021-04-15 00:00:00+09:00,257497.296875,258943.91090238764,252675.2501170412,114933,249155.15234375,232253.87838541667,0.02096643686135521,0.023125973954052588,57.37704874491673,6277.283206681546,6339.308818230077,-62.02561154853083,0.005649760609518051,1,1,-1,0.5,Trend
2021-04-16 00:00:00+09:00,253639.640625,256532.8684648289,252193.02670508556,151405,250240.1125,232896.81770833334,0.021368384379502857,0.02214839739791195,50.4132220339024,6032.422079858545,6277.931470555772,-245.509390697227,-0.014981346588165079,1,1,-1,0.5,Trend
2021-04-19 00:00:00+09:00,254604.0625,255568.4718276515,251710.83451704544,153294,251059.8609375,233451.353125,0.020720142590702713,0.02188499531801499,42.30771627459765,5848.767704656959,6192.0987173760095,-343.3310127190507,0.003802331026110606,1,1,-1,0.5,Trend
2021-04-20 00:00:00+09:00,255568.5,257015.1141509434,252193.06698113208,148292,251710.83828125,233989.81510416666,0.020429988847510835,0.02187006694869518,58.22787250361972,5715.161510927428,6096.711276086294,-381.54976515886574,0.0037879894394849956,1,1,-1,0.5,Trend
2021-04-21 00:00:00+09:00,247853.203125,253639.65922908558,244477.77039761672,258676,251759.05859375,234295.21145833333,0.02138787970773863,0.022016434113727622,45.55555835583256,4929.8889701316075,5863.346814895356,-933.4578447637487,-0.030188762993091922,1,1,-1,0.5,Trend
2021-04-22 00:00:00+09:00,249299.8125,249782.01716634427,245442.17516924563,149590,251710.83828125,234496.12994791666,0.021201878930142668,0.021627391059265286,50.0,4373.864918566425,5565.450435629571,-1191.5855170631457,0.005836557110260321,1,1,-1,0.5,Trend
2021-04-23 00:00:00+09:00,254121.859375,257497.2920422201,243995.56137333965,176542,251976.05,234906.00390625,0.021585549177924216,0.02128864346700049,53.684211244392536,4273.053632655588,5306.971075034775,-1033.9174423791865,0.019342360616496634,1,1,-1,0.5,Trend
2021-04-26 00:00:00+09:00,251710.84375,255086.27652059388,248817.61566091955,154020,251903.7203125,235372.13541666666,0.02135572515468432,0.021040536333565264,52.577325097794244,3953.0429327806633,5036.185446583952,-1083.1425138032891,-0.0094876356993836,1,1,-1,0.5,Trend
2021-04-27 00:00:00+09:00,249299.8125,252193.04049806576,245924.37983558993,113195,251252.7453125,235782.009375,0.019689844171200264,0.021091055298576432,50.495031081407106,3464.940399456682,4721.936437158498,-1256.996037701816,-0.009578575217818797,1,1,-1,0.5,Trend
2021-04-28 00:00:00+09:00,260390.5,267141.3648148148,251228.61203703703,635279,251807.2796875,236537.46302083333,0.018784141892961317,0.02090557032911665,60.655708532433906,3927.7645924426615,4563.102068215331,-635.3374757726697,0.044487347939742294,1,1,-1,0.5,Trend
2021-04-29 00:00:00+09:00,267141.375,268105.78429602884,254604.05415162453,382553,252578.80625,237405.43125,0.01944528849946888,0.021099671663046177,69.29129317919949,4784.146628628892,4607.310980298043,176.83564833084893,0.025925965040967336,1,1,1,1.0,Trend
2021-04-30 00:00:00+09:00,260872.703125,267623.567900878,259908.29387130315,210753,253157.45078125,238056.40703125,0.02016970202146737,0.021081118694649417,61.193990510696324,4900.5160330069775,4665.951990839831,234.5640421671469,-0.02346574683536007,1,1,1,1.0,Trend
2021-05-03 00:00:00+09:00,260390.5,263283.72777777776,258461.68148148147,226491,253639.6546875,238739.52994791666,0.020171894184168985,0.02101408705822675,51.81815798442702,4897.375960562378,4712.23678478434,185.1391757780384,-0.001848423078473438,1,1,1,1.0,Trend
2021-05-04 00:00:00+09:00,260390.5,261354.90925925926,251228.61203703703,614629,254194.1890625,239358.35859375,0.02009741286600453,0.020929489485375905,54.28569312444278,4839.10523758654,4737.61047534478,101.49476224176033,0.0,1,1,1,1.0,Trend
2021-05-06 00:00:00+09:00,266659.1875,266659.1875,257497.29859855337,200506,255086.2671875,240153.99609375,0.02063635106131651,0.0208997109657753,58.2608558443948,5238.371278131526,4837.762635902129,400.60864222939745,0.02407417897350328,1,1,1,1.0,Trend
2021-05-07 00:00:00+09:00,267141.375,270516.8075361011,263283.73781588447,124517,256050.67578125,240981.78098958332,0.0205688556285779,0.020860197700042413,62.962949628308166,5529.955112995813,4976.201131320866,553.7539816749468,0.001808253840869467,1,1,1,1.0,Trend
2021-05-10 00:00:00+09:00,275821.0625,276303.26715472026,266659.1740603147,204973,257666.06015625,241962.26354166667,0.02084224843801218,0.021168097583031002,67.7419135670198,6387.781278624578,5258.517160781608,1129.2641178429694,0.032490989087706756,1,1,1,1.0,Trend
2021-05-11 00:00:00+09:00,281125.3125,283536.3357632933,272927.8334048027,391269,259401.99609375,242958.81979166667,0.021006439545661573,0.02115877338032252,69.92477575984375,7410.203131711198,5688.854354967527,1721.348776743671,0.01923076487315023,1,1,1,1.0,Trend
2021-05-12 00:00:00+09:00,282089.71875,285465.1512820513,275821.05833333335,259901,260583.396875,243923.22916666666,0.01863865902820012,0.021125809875543456,79.83191698450443,8203.731827072945,6191.8298493886105,2011.9019776843343,0.0034305208642497753,1,1,-1,0.5,Trend
2021-05-13 00:00:00+09:00,279678.71875,281607.5375,276785.490625,232553,261764.79921875,244839.41822916668,0.01860886242700916,0.02118560484049985,76.03307489277466,8539.62203766036,6661.388287042961,1878.233750617399,-0.008546926171870584,1,1,-1,0.5,Trend
2021-05-14 00:00:00+09:00,281125.3125,284500.74506861065,275338.85666809604,156262,262946.2,245876.1578125,0.0186075260733144,0.020823210484756872,74.56141173675012,8820.864045526192,7093.283438739607,1727.5806067865851,0.005172341165124772,1,1,-1,0.5,Trend
2021-05-17 00:00:00+09:00,284018.5625,288358.40471137525,278714.3109083192,180370,264465.14609375,246816.45703125,0.0180657434801245,0.020336537418360997,79.13044311312456,9171.488250600232,7508.924401111733,1662.5638494884997,0.010291673753141772,1,1,-1,0.5,Trend
2021-05-18 00:00:00+09:00,283536.34375,288358.39041241497,280160.9110863095,284063,265911.76015625,247708.53567708333,0.01813716941830066,0.02032806803384399,81.98198145599784,9303.207847161393,7867.781090321665,1435.4267568397281,-0.0016978423725385605,1,1,-1,0.5,Trend
2021-05-20 00:00:00+09:00,279678.71875,284500.765625,277267.6953125,221481,267117.27109375,248560.43072916666,0.018632740553526178,0.020410642529604214,70.83336427393435,8992.656729399809,8092.756218137294,899.9005112625146,-0.01360539869062205,1,1,-1,0.5,Trend
2021-05-21 00:00:00+09:00,273410.03125,281125.3055004409,270034.5987654321,235597,268395.1125,249235.5171875,0.017911258164353443,0.020580359308139704,56.84209664623103,8146.800791217305,8103.565132753297,43.23565846400834,-0.0224138880784972,1,1,1,1.0,Trend
2021-05-24 00:00:00+09:00,275821.0625,279196.49508304195,270516.81129807694,141768,269721.175,250103.48567708334,0.01793141671472343,0.019810424696454332,67.81610008801016,7583.585089892382,7999.569124181114,-415.9840342887319,0.008818371582699491,1,1,-1,0.5,Trend
2021-05-25 00:00:00+09:00,280643.125,283054.14841065294,272445.6454037801,155405,271047.23828125,250939.30729166666,0.017860332824701727,0.019595636885816847,71.87501265751006,7440.562559339916,7887.767811212874,-447.2052518729579,0.017482575320004745,1,1,-1,0.5,Trend
2021-05-26 00:00:00+09:00,286429.5625,287876.1764520202,280643.1066919192,189714,272783.17421875,251943.9,0.017836131449793773,0.019496206659815933,75.0,7705.311288287805,7851.276506627861,-145.9652183400558,0.020618490119791888,1,1,-1,0.5,Trend
2021-05-27 00:00:00+09:00,278714.25,289322.7508650519,274856.6133217993,312336,274253.89609375,252803.83098958334,0.019070796093527846,0.019908893477741798,61.26120392902349,7209.459166656772,7722.913038633644,-513.4538719768716,-0.026936159915406765,1,1,-1,0.5,Trend
2021-05-28 00:00:00+09:00,276785.5,282571.95644599304,273410.06707317074,185877,275073.64609375,253559.28515625,0.0170130611034733,0.019847221890010803,58.77196173913439,6584.951559491106,7495.320742805136,-910.3691833140301,-0.0069201700307752745,1,1,-1,0.5,Trend
2021-05-31 00:00:00+09:00,276785.5,280160.93292682926,274856.68118466897,156241,275555.85234375,254234.37213541666,0.016169883835922563,0.019714703699431287,51.041697607288576,6020.622789666231,7200.381152177356,-1179.7583625111247,0.0,1,1,-1,0.5,Trend
2021-06-01 00:00:00+09:00,274856.65625,280643.1121710526,273410.0422697368,156800,276255.05,255005.89947916666,0.015182141872006694,0.019190677623013977,42.69663494060739,5356.005901174736,6831.506101976832,-1475.5002008020956,-0.006968731201598355,1,1,-1,0.5,Trend
2021-06-02 00:00:00+09:00,274856.65625,276303.2702302631,270516.8143092105,175391,276978.3578125,255889.94114583332,0.015159149036563641,0.018699453392583516,41.37932061934153,4774.257559465768,6420.05639347462,-1645.7988340088514,0.0,1,1,-1,0.5,Trend
2021-06-03 00:00:00+09:00,270034.59375,273410.026171875,268587.9798549107,213177,277460.5625,256790.05651041667,0.015827202722011876,0.018494784263450983,39.13041028111906,3879.398373688513,5911.9247895173985,-2032.5264158288855,-0.017543917494266648,1,1,-1,0.5,Trend
2021-06-04 00:00:00+09:00,270034.59375,272445.61690848216,268105.7752232143,109518,277629.3328125,257649.98776041667,0.014959262005170844,0.01847521490212596,37.07865823066858,3134.0882039348944,5356.357472400898,-2222.2692684660033,0.0,1,1,-1,0.5,Trend
2021-06-07 00:00:00+09:00,264248.15625,271481.2262203467,262801.54225593066,174644,277484.671875,258429.55234375,0.01576095563052776,0.018733273511165414,28.421048323115514,2052.84347602044,4695.654673124806,-2642.8111971043663,-0.021428504472864374,1,1,-1,0.5,Trend
2021-06-08 00:00:00+09:00,265212.59375,268105.8220454545,262319.3654545455,138946,276954.2484375,259217.15390625,0.013840592535824372,0.01873284747510779,30.208379744203526,1259.255373226828,4008.374813145211,-2749.1194399183833,0.003649741643183102,1,1,-1,0.5,Trend
2021-06-09 00:00:00+09:00,270999.0625,273892.2909252669,265212.6056494662,239146,276447.9359375,260093.15963541667,0.014053131579538575,0.018880642429024316,41.00004082804459,1084.746470773418,3423.649144670853,-2338.902673897435,0.021818227664763823,1,1,-1,0.5,Trend
2021-06-10 00:00:00+09:00,271481.21875,273410.03735568386,266176.9675843695,223678,275917.5109375,260961.12786458334,0.01402549070268249,0.018881775030733936,47.72727942216147,974.123795395135,2933.7440748157096,-1959.6202794205747,0.0017791805091575963,1,1,-1,0.5,Trend
2021-06-11 00:00:00+09:00,267141.375,272445.6261281588,266659.17035198555,131721,275290.64375,261587.99375,0.014312086588341582,0.01824078184971891,40.217383647621524,530.1541204361129,2453.0260839397906,-1922.8719635036778,-0.01598579736006145,1,1,-1,0.5,Trend
2021-06-14 00:00:00+09:00,268588.03125,270516.85014587076,265212.59818222624,84138,274663.7796875,262255.04401041666,0.014318810804493414,0.0182227856346429,35.29414904120701,291.67576688772533,2020.7560205293778,-1729.0802536416525,0.0054153208202960545,1,1,-1,0.5,Trend
2021-06-15 00:00:00+09:00,271963.40625,272927.81549202127,267141.36003989365,128012,274061.021875,262922.09348958335,0.014430742971392976,0.01820075494763641,31.249964558914428,370.7704953966895,1690.7589155028402,-1319.9884201061507,0.012567108758685608,1,1,-1,0.5,Trend
2021-06-16 00:00:00+09:00,273892.28125,275821.10013204225,267141.41516285215,126824,273578.81875,263516.81328125,0.01457813939052897,0.017936393316068975,42.647175150127175,582.3843653635704,1469.0840054749865,-886.6996401114161,0.007092406388773176,1,1,-1,0.5,Trend
2021-06-17 00:00:00+09:00,274374.46875,275338.87813049206,270516.8312280316,117479,273313.60625,264047.23854166665,0.014317642210577144,0.01781717659727588,46.15383848444696,780.0069487807923,1331.2685941361476,-551.2616453553553,0.0017605005069853963,1,1,-1,0.5,Trend
2021-06-18 00:00:00+09:00,271481.21875,274856.6513099467,269552.40014431614,139981,273217.165625,264457.11223958334,0.013590298731716391,0.017769994884827167,42.25349155828331,695.1499192782794,1204.044859164574,-508.89493988629465,-0.01054489513248491,1,1,-1,0.5,Trend
2021-06-21 00:00:00+09:00,268105.8125,268588.017198741,263765.9702113309,111031,272831.403125,264754.47213541664,0.01367082424664119,0.01779066680873054,40.540573677531675,351.48137856513495,1033.5321630446863,-682.0507844795513,-0.012433295627379382,1,1,-1,0.5,Trend
2021-06-22 00:00:00+09:00,265212.59375,270034.64090909093,264730.3890340909,132914,272059.8765625,265027.72161458334,0.013075923168987527,0.017836000330088118,37.50004050406499,-152.5781633447623,796.3100977667966,-948.8882611115589,-0.010791331687372452,1,1,-1,0.5,Trend
2021-06-23 00:00:00+09:00,250746.421875,266176.9709134615,247853.19393028846,617487,270275.71953125,264987.53802083334,0.01662737653980238,0.019170351676064755,30.000022682269048,-1699.7544421819039,297.0971897770565,-1996.8516319589603,-0.054545569161909335,1,1,-1,0.5,Trend
2021-06-24 00:00:00+09:00,250746.421875,250746.421875,241584.53338341348,547823,268877.328125,264794.65651041665,0.01594951029374168,0.018588481569302363,30.000022682269048,-2892.559168425447,-340.8340818634442,-2551.7250865620026,0.0,1,1,-1,0.5,Trend
2021-06-25 00:00:00+09:00,246888.796875,249782.0249633789,244959.97814941406,270725,267382.49296875,264754.47291666665,0.016110353616647567,0.017499468994055415,31.2500189862715,-4101.859917836497,-1093.0392490580548,-3008.820668778442,-0.01538456649213149,1,1,-1,0.5,Trend
2021-06-28 00:00:00+09:00,244959.96875,247370.9920644685,243995.5594242126,168625,265791.21640625,264641.9583333333,0.016059289616265866,0.017479183616907708,28.57140023039372,-5156.439558624814,-1905.7193109714067,-3250.720247653407,-0.007812538071448327,1,1,-1,0.5,Trend
2021-06-29 00:00:00+09:00,246406.59375,249782.0265410959,245442.18438111545,182719,264368.71328125,264593.73802083335,0.016278704384133702,0.017455935726034447,21.348281062156715,-5808.514040055801,-2686.278256788286,-3122.235783267515,0.005905556762527242,-1,1,-1,-0.19999999999999996,MeanReversion
2021-06-30 00:00:00+09:00,243031.140625,247370.982421875,242066.73133680556,232773,262777.4375,264465.15,0.01632717662184977,0.017525112915567347,18.947414377948903,-6522.471629039588,-3453.516931238547,-3068.954697801041,-0.013698712658739454,-1,1,-1,-0.19999999999999996,MeanReversion
2021-07-01 00:00:00+09:00,239173.515625,242548.94830519153,237244.69695060482,410173,261234.38359375,264296.37838541664,0.01626824027864914,0.01762644300441457,19.148988244183712,-7315.240718653193,-4225.861688721477,-3089.379029931716,-0.015872965867992916,-1,1,-1,-0.19999999999999996,MeanReversion
2021-07-02 00:00:00+09:00,240620.140625,240620.140625,237726.91248121244,133731,259763.6609375,264159.75364583335,0.01644158025609692,0.017646897670239078,19.148932503029187,-7737.5912507589965,-4928.207601128981,-2809.3836496300155,0.0060484330642534,-1,1,-1,-0.19999999999999996,MeanReversion
2021-07-05 00:00:00+09:00,239173.515625,241584.53896799393,238209.1062878024,94811,258509.92890625,264015.0921875,0.01601215098686055,0.017655927324308717,12.222336233418119,-8095.715271630965,-5561.709135229378,-2534.0061364015864,-0.006012069464519709,-1,1,-1,-0.19999999999999996,MeanReversion
2021-07-06 00:00:00+09:00,237244.703125,242548.95461763212,236762.49844385163,184373,257111.534375,263910.61432291666,0.015893959924110256,0.01754197744586915,7.77778297829596,-8437.903290586168,-6136.947966300737,-2300.955324285431,-0.008064490313485106,-1,1,-1,-0.19999999999999996,MeanReversion
2021-07-07 00:00:00+09:00,235315.875,237726.89830942624,234351.4656762295,120088,255327.375,263725.76901041664,0.014554409450163725,0.017495113649147038,6.451653365090806,-8763.707505829283,-6662.2998742064465,-2101.4076316228366,-0.008130120924064399,-1,1,-1,-0.19999999999999996,MeanReversion
2021-07-08 00:00:00+09:00,238691.3125,241102.33585858587,233387.06111111114,358509,253687.8796875,263396.2625,0.015205069656324559,0.01642128881538887,13.829833440539744,-8649.830238503171,-7059.805947065792,-1590.0242914373794,0.014344282977083456,-1,1,-1,-0.19999999999999996,MeanReversion
2021-07-09 00:00:00+09:00,230976.03125,235315.87317327765,229529.4172755741,256169,251879.6125,262978.35182291665,0.016194651396890948,0.016889538870084313,12.621394042466434,-9077.50062463223,-7463.34488257908,-1614.1557420531499,-0.03232325956563664,-1,1,-1,-0.19999999999999996,MeanReversion
2021-07-12 00:00:00+09:00,232904.84375,232904.84375,228565.0019409938,97100,250095.453125,262568.47760416666,0.01632730855129966,0.0169128600212865,16.831698415387223,-9155.257330293098,-7801.727372121884,-1353.5299581712134,0.00835070413826755,-1,1,-1,-0.19999999999999996,MeanReversion
2021-07-13 00:00:00+09:00,234351.484375,239655.7360789609,233387.07497427982,147810,248214.85703125,262247.00833333336,0.015986292837973773,0.016849689461564687,27.027103952050297,-8996.44287797279,-8040.670473292066,-955.7724046807234,0.0062112947146466535,-1,1,-1,-0.19999999999999996,MeanReversion
2021-07-14 00:00:00+09:00,232422.65625,234351.4749740664,231940.4515689834,107004,246141.37578125,261877.31822916667,0.015617234933873807,0.016859585454512778,25.64109487859399,-8923.358666007058,-8217.208111835065,-706.1505541719926,-0.0082304924594101,-1,1,-1,-0.19999999999999996,MeanReversion
2021-07-15 00:00:00+09:00,236280.28125,236280.28125,232422.64400510205,98987,244236.66640625,261555.84791666668,0.01643569722343572,0.017005989560370756,35.89744974494957,-8456.677489498194,-8265.101987367692,-191.57550213050126,0.01659745681527114,-1,1,-1,-0.19999999999999996,MeanReversion
2021-07-16 00:00:00+09:00,235798.078125,236762.48744248468,233387.05483128835,89551,242452.509375,261354.92916666667,0.01646138073841304,0.016564577629897163,37.333355799544364,-8033.1380422106595,-8218.709198336286,185.57115612562666,-0.002040809848578906,-1,1,-1,-0.19999999999999996,MeanReversion
2021-07-19 00:00:00+09:00,231940.4375,234833.6654106029,230011.6188929314,95661,240644.240625,261065.60625,0.01655483839695583,0.016662943138344675,31.250010125999836,-7917.49142490892,-8158.465643650814,240.97421874189422,-0.016359932428944624,-1,1,-1,-0.19999999999999996,MeanReversion
2021-07-20 00:00:00+09:00,231458.25,232422.65937500002,229047.2265625,98956,238956.5234375,260687.87942708333,0.01657045116903116,0.01644727875904967,33.783825796736295,-7775.122378021129,-8081.796990524877,306.674612503748,-0.002078928129986002,-1,1,-1,-0.19999999999999996,MeanReversion
2021-07-21 00:00:00+09:00,231458.25,235798.0921875,230493.840625,120534,237992.11484375,260350.33619791668,0.01187042612400538,0.016414936425656296,37.878816889929716,-7574.974294242711,-7980.432451268444,405.45815702573327,0.0,-1,1,-1,-0.19999999999999996,MeanReversion
2021-07-22 00:00:00+09:00,232422.65625,236762.4983791494,227600.60943983402,224490,237075.9265625,260069.05026041667,0.011980114018991484,0.016394285131023645,36.92307922389783,-7254.905931803834,-7835.327147375523,580.4212155716887,0.004166653165311729,-1,1,-1,-0.19999999999999996,MeanReversion
2021-07-23 00:00:00+09:00,226154.0,232422.66098081024,225671.79530916843,227238,236039.18671875,259498.44192708333,0.012849897138264618,0.015655890368351084,32.000019009903724,-7421.526876539137,-7752.567093208247,331.0402166691092,-0.026970934551480474,-1,1,-1,-0.19999999999999996,MeanReversion
2021-07-26 00:00:00+09:00,225671.78125,227118.3952323718,223742.96260683762,143570,235074.77734375,258807.28203125,0.012832453971506563,0.015220199104452563,33.33333333333333,-7505.962139490875,-7703.246102464773,197.28396297389736,-0.0021322583283956975,-1,1,-1,-0.19999999999999996,MeanReversion
2021-07-27 00:00:00+09:00,228565.015625,229047.22029931436,226636.19692774263,129324,234182.6984375,258268.82057291668,0.013199317697607033,0.015097999077908528,40.54055592556541,-7255.777769843466,-7613.7524359405115,357.9746660970459,0.012820541225732063,-1,1,-1,-0.19999999999999996,MeanReversion
2021-07-28 00:00:00+09:00,228082.8125,230011.63121035942,218438.71894820296,383331,233435.28203125,257730.35911458332,0.012988654525157607,0.015097933045540595,33.82354342700408,-7015.543794822355,-7494.110707716881,478.56691289452556,-0.0021096978629098206,-1,1,-1,-0.19999999999999996,MeanReversion
2021-07-29 00:00:00+09:00,220849.71875,227600.58351528386,218438.69561954148,422152,232519.0921875,257071.34609375,0.014275034030806957,0.01558347070579072,34.328353877939506,-7324.376007614104,-7460.163767696326,135.78776008222212,-0.031712576983414786,-1,1,-1,-0.19999999999999996,MeanReversion
2021-07-30 00:00:00+09:00,213616.671875,218920.9233211061,213134.46719808126,236369,231168.91875,256187.30416666667,0.015480738568807698,0.015678456409914478,24.35900791262094,-8059.865087349928,-7580.104031627046,-479.7610557228818,-0.03275098974967561,-1,1,-1,-0.19999999999999996,MeanReversion
2021-08-02 00:00:00+09:00,212652.265625,216027.69841269843,211205.65157312926,182502,229842.85625,255279.15234375,0.015483996440419047,0.015662088439350887,20.779201650967224,-8621.185348255764,-7788.32029495279,-832.8650533029731,-0.004514658156290041,-1,1,-1,-0.19999999999999996,MeanReversion
2021-08-03 00:00:00+09:00,213134.453125,214098.86241515836,208794.61131928733,211321,228637.34375,254234.37552083333,0.015578852972053067,0.014966013432812933,22.972922675688196,-8924.253953258827,-8015.507026613998,-908.7469266448288,0.002267492888367917,-1,1,-1,-0.19999999999999996,MeanReversion
2021-08-04 00:00:00+09:00,219403.125,220367.53434065936,210723.44093406593,232145,227841.70625,253205.67239583333,0.0173418956179172,0.015280504015780867,27.848103342622267,-8559.934973380849,-8124.392615967369,-435.5423574134793,0.02941181861068487,-1,1,-1,-0.19999999999999996,MeanReversion
2021-08-05 00:00:00+09:00,223742.953125,224225.1577653556,218438.70208108836,285787,227094.28828125,252233.22630208332,0.017667823492888233,0.015555943717609436,35.632165499528114,-7830.753643295466,-8065.664821432989,234.91117813752317,0.01978015639020647,-1,1,-1,-0.19999999999999996,MeanReversion
2021-08-06 00:00:00+09:00,220367.5625,226154.0192833698,218920.94830415756,314098,226563.86484375,251244.70703125,0.016513094633442076,0.015613337670366685,36.04653265763645,-7439.48030185196,-7940.427917516783,500.9476156648234,-0.01508601981808222,-1,1,-1,-0.19999999999999996,MeanReversion
2021-08-09 00:00:00+09:00,218438.71875,219885.33278145696,216027.69536423843,95240,225840.55859375,250199.93046875,0.016373965884471195,0.015578885392853604,34.83144472001388,-7202.014589303901,-7792.745251874207,590.7306625703059,-0.0087528478697948,-1,1,-1,-0.19999999999999996,MeanReversion
2021-08-10 00:00:00+09:00,219403.125,220849.73901098903,216992.10164835164,104549,225093.140625,249123.00651041666,0.016324788341582623,0.015505241263345747,36.26371709020003,-6856.95902147505,-7605.588005794376,748.6289843193263,0.004414996826197948,-1,1,-1,-0.19999999999999996,MeanReversion
2021-08-11 00:00:00+09:00,215545.484375,219403.12167925056,213616.66572287472,153060,224249.28203125,247989.82552083334,0.01661151291065346,0.015597598645323334,31.958744289758727,-6816.20637264644,-7447.7116791647895,631.5053065183492,-0.017582432451680008,-1,1,-1,-0.19999999999999996,MeanReversion
2021-08-12 00:00:00+09:00,216509.890625,220849.7325306236,213616.6626879176,228870,223260.7625,246937.01171875,0.016049638075548683,0.015593667598381935,38.37206717424257,-6629.667401368788,-7284.10282360559,654.435422236802,0.004474258659588282,-1,1,-1,-0.19999999999999996,MeanReversion
2021-08-13 00:00:00+09:00,212652.265625,217956.5171485261,210723.44688917234,164139,222103.471875,245924.38229166667,0.016321312117275506,0.015511382970093251,35.483866471968184,-6715.697638671263,-7170.421786618725,454.72414794746146,-0.01781731536080955,-1,1,-1,-0.19999999999999996,MeanReversion
2021-08-17 00:00:00+09:00,209276.828125,214098.87485599078,208312.41877880183,165582,220970.29140625,244815.31171875,0.016303598070653878,0.01549011975262866,28.723379318427817,-6975.833748937643,-7131.504179082509,155.67043014486626,-0.01587303803267437,-1,1,-1,-0.19999999999999996,MeanReversion
2021-08-18 00:00:00+09:00,214581.0625,216027.67640449438,208312.40224719103,128393,220126.43203125,243714.27734375,0.01764340153200462,0.015705255149226386,36.53842438971195,-6677.017603147047,-7040.606863895417,363.58926074836927,0.025345540748695772,-1,1,-1,-0.19999999999999996,MeanReversion
2021-08-19 00:00:00+09:00,206383.59375,212652.2543078271,205901.3890917056,168438,218872.69921875,242380.17786458333,0.019277640570216862,0.015978544634592477,35.849043337908526,-7020.740151565813,-7036.633521429497,15.893369863683802,-0.03820220039221778,-1,1,-1,-0.19999999999999996,MeanReversion
2021-08-20 00:00:00+09:00,207830.21875,211205.651537123,204454.78596287704,126021,217643.07734375,241198.77734375,0.01936415125742496,0.01579623831580746,43.61701504237076,-7094.62972481054,-7048.232762105707,-46.39696270483364,0.007009399214902512,-1,1,-1,-0.19999999999999996,MeanReversion
2021-08-23 00:00:00+09:00,210241.234375,213616.66703698394,208312.41571100918,117517,216847.4390625,240089.70625,0.019014021077778574,0.015935052967516034,47.422668014465906,-6879.338204135507,-7014.453850511667,135.11564637615993,0.011600890570683697,-1,1,1,0.30000000000000004,Trend
2021-08-24 00:00:00+09:00,217474.28125,220367.50893847007,211687.82587305986,179541,216437.5640625,239101.1859375,0.020782595259409016,0.016680821215603697,54.05404695325781,-6055.270302419929,-6822.6171408933205,767.3468384733915,0.03440355977980358,-1,1,1,0.30000000000000004,Trend
2021-08-25 00:00:00+09:00,212652.265625,219885.33588435376,211205.65157312926,126092,215641.9265625,238064.44609375,0.020969864490120168,0.016845557510484575,43.518509350910335,-5725.289343213459,-6603.151581357349,877.86223814389,-0.022172808652517362,-1,1,-1,-0.19999999999999996,MeanReversion
2021-08-26 00:00:00+09:00,212652.265625,217474.31246456917,211205.65157312926,116809,214870.39921875,237027.70625,0.020983108553145627,0.016845557510484575,38.3838334246518,-5401.511790066375,-6362.823623099154,961.3118330327788,0.0,-1,1,-1,-0.19999999999999996,MeanReversion
2021-08-27 00:00:00+09:00,217474.28125,217474.28125,208312.39356984477,152329,214701.62734375,236151.70104166667,0.02060051624481787,0.01709812879914975,47.05876373090508,-4701.622012927604,-6030.583301064845,1328.9612881372404,0.02267559017454035,-1,1,1,0.30000000000000004,Trend
2021-08-30 00:00:00+09:00,214581.0625,219885.31348314608,213134.44859550562,149401,214749.846875,235227.47552083334,0.019391560044224036,0.017137607824248717,46.15381739348805,-4330.493660321081,-5690.565372916092,1360.0717125950114,-0.013303728300056217,-1,1,1,0.30000000000000004,Trend
2021-08-31 00:00:00+09:00,219403.125,219403.125,213134.4642857143,206720,215087.38984375,234480.05833333332,0.019960743665912408,0.01729943771807141,50.0,-3605.7072739733267,-5273.5937531275395,1667.8864791542128,0.02247198538314632,-1,1,1,0.30000000000000004,Trend
2021-09-01 00:00:00+09:00,219403.125,220367.53434065936,216992.10164835164,117382,215400.8234375,233716.5671875,0.0199629743398527,0.01728175500095172,53.846165829632646,-2996.764010892075,-4818.227804680447,1821.4637937883717,0.0,-1,1,1,0.30000000000000004,Trend
2021-09-02 00:00:00+09:00,216509.890625,219403.11856208238,215063.2766564588,223951,215256.16171875,232808.41432291668,0.019113268320571742,0.01701976228494229,50.0,-2716.319877299684,-4397.846219204294,1681.5263419046105,-0.013186842142745236,-1,1,1,0.30000000000000004,Trend
2021-09-03 00:00:00+09:00,216509.890625,218438.7092497216,215063.2766564588,164539,214894.50859375,231892.22552083334,0.018513418310475725,0.017011537723316976,53.999994815469606,-2465.6434777353134,-4011.4056709104984,1545.762193175185,0.0,-1,1,1,0.30000000000000004,Trend
2021-09-06 00:00:00+09:00,217956.5,217956.5,214098.86283185842,110882,214773.95546875,231072.47760416666,0.01831508677227061,0.01698549885860409,59.37500738356996,-2125.7470495554153,-3634.2739466394823,1508.526897084067,0.00668149326030365,-1,1,1,0.30000000000000004,Trend
2021-09-07 00:00:00+09:00,218920.9375,220367.55162444935,216027.7092511013,127738,214798.06640625,230244.69270833334,0.018240237822966184,0.016977326826177506,55.172460028485105,-1758.2862063995562,-3259.0763985914973,1500.790192191941,0.0044249081812195445,-1,1,1,0.30000000000000004,Trend
2021-09-08 00:00:00+09:00,198668.3125,217956.49817961166,198186.10785800972,650692,213761.32578125,229023.1078125,0.028314815719732548,0.020718506217758722,42.857134591004275,-3065.946101859794,-3220.450339245157,154.504237385363,-0.09251113772523467,-1,-1,-1,-1.0,Defensive
2021-09-09 00:00:00+09:00,187095.40625,195292.8853898196,182755.56435244845,972461,212338.821875,227576.49322916666,0.030788959019860576,0.02182406828313322,33.834568880581514,-4978.721206828835,-3572.104512761893,-1406.6166940669423,-0.05825240122276676,-1,-1,-1,-1.0,Defensive
2021-09-10 00:00:00+09:00,187577.625,189024.23907455013,184684.39685089973,323756,210892.20859375,226129.87916666668,0.03075454695616514,0.02182945591550271,31.782950409700277,-6382.129024604219,-4134.109415130359,-2248.0196094738603,0.0025773949220091463,-1,-1,-1,-1.0,Defensive
2021-09-13 00:00:00+09:00,184202.1875,188059.82493455498,182755.57346204188,316249,209469.7046875,224675.22864583333,0.03075791687477904,0.021876225166434806,21.487635618288706,-7678.19991859232,-4842.927515822751,-2835.2724027695685,-0.017994883451584398,-1,-1,-1,-1.0,Defensive
2021-09-14 00:00:00+09:00,184684.390625,189024.23270234987,182755.5719239556,700645,208240.0828125,223284.87161458333,0.030758644686838556,0.021892506534135568,24.107160939300073,-8567.672877772799,-5587.876588212761,-2979.7962895600376,0.002617792609004743,-1,-1,-1,-1.0,Defensive
2021-09-15 00:00:00+09:00,185166.59375,186613.20776367188,182755.57039388022,341554,206769.359375,221950.77161458333,0.029956696723009713,0.02191311423627655,24.778776287834717,-9128.449757441005,-6295.99122205841,-2832.458535382595,0.0026109576633313036,-1,-1,-1,-1.0,Defensive
2021-09-16 00:00:00+09:00,184202.1875,187095.41557591624,183719.98282068063,252376,205660.2890625,220841.70104166667,0.029020089478739703,0.02090258896881295,17.142932089050177,-9540.70963743815,-6944.934905134358,-2595.774732303793,-0.005208316632437926,-1,-1,-1,-1.0,Defensive
2021-09-17 00:00:00+09:00,183237.765625,184202.17491776316,177451.30986842106,404779,204430.66640625,219716.55677083333,0.028867502511965782,0.020891692851683973,17.821851107659754,-9831.91317290673,-7522.330558688833,-2309.5826142178976,-0.005235670043277851,-1,-1,-1,-1.0,Defensive
2021-09-23 00:00:00+09:00,182755.578125,183719.9875082454,178415.73590039578,221695,203056.38359375,218647.66979166667,0.028579298218293216,0.020850420473076964,8.695718021643216,-9986.484596160939,-8015.161366183254,-1971.3232299776846,-0.0026314853728723886,-1,-1,-1,-1.0,Defensive
2021-09-24 00:00:00+09:00,177933.515625,182273.35746951218,177451.31097560975,243545,201079.3453125,217530.56223958332,0.0272006943698062,0.021035781701592756,7.843195184502875,-10378.447425249993,-8487.818577996602,-1890.6288472533906,-0.026385309545527758,-1,1,-1,-0.19999999999999996,MeanReversion
2021-09-27 00:00:00+09:00,177451.328125,178415.7375169837,174075.89525305707,163383,199319.2984375,216381.3078125,0.02708500770065606,0.020987300522561658,8.247487080470208,-10605.733004448004,-8911.401463286884,-1694.3315411611202,-0.002709930719382969,-1,1,-1,-0.19999999999999996,MeanReversion
2021-09-28 00:00:00+09:00,171664.84375,177451.29915730338,170218.22989817415,404535,197269.92734375,215191.86953125,0.0275132018582457,0.02126438604019859,7.339503814808268,-11124.542590663536,-9354.029688762213,-1770.512901901322,-0.03260885357208421,-1,1,-1,-0.19999999999999996,MeanReversion
2021-09-29 00:00:00+09:00,173593.6875,174075.8921875,167807.23125,309076,195075.89765625,214098.87239583334,0.026908669481943544,0.021332594926354538,8.181922086246686,-11250.374046067009,-9733.298560223173,-1517.0754858438358,0.011236102325115738,-1,1,-1,-0.19999999999999996,MeanReversion
2021-09-30 00:00:00+09:00,172147.0625,173593.67647058825,170700.44852941178,158040,192954.19765625,212957.65442708333,0.02691124307107145,0.02128343666039333,6.306362586510701,-11336.150838237052,-10053.869015825949,-1282.2818224111033,-0.008333396339656685,-1,1,-1,-0.19999999999999996,MeanReversion
2021-10-01 00:00:00+09:00,167325.015625,171182.6528728386,164431.78768912103,218956,190350.2921875,211760.17942708332,0.02598536175753815,0.021486593015994895,8.860838931088253,-11658.832681524276,-10374.861748965614,-1283.9709325586628,-0.02801120626150677,-1,1,-1,-0.19999999999999996,MeanReversion
2021-10-05 00:00:00+09:00,171664.84375,175040.27607092698,164431.7744908708,411131,187963.378125,210667.18177083333,0.027286268166555685,0.02186680024973275,25.000025314994488,-11432.584786019666,-10586.406356376425,-846.1784296432415,0.02593651707600131,-1,1,-1,-0.19999999999999996,MeanReversion
2021-10-06 00:00:00+09:00,171182.65625,173593.6795774648,168771.6329225352,263969,185697.01640625,209598.29479166667,0.02736612367280887,0.021866218738792843,23.43750632875502,-11163.504272037215,-10701.825939508584,-461.67833252863056,-0.0028088890507028674,-1,1,-1,-0.19999999999999996,MeanReversion
2021-10-07 00:00:00+09:00,175522.5,179862.34203296705,171664.86263736265,372464,183647.646875,208545.48125,0.02848154123039968,0.02207316911770091,36.36364082689115,-10479.268421799847,-10657.314435966837,178.04601416699006,0.025352122960762946,-1,1,-1,-0.19999999999999996,MeanReversion
2021-10-08 00:00:00+09:00,175040.296875,176969.1155733471,172147.06882747932,281216,181501.83671875,207613.21901041668,0.02826013303656037,0.021772172144608214,34.84849526274601,-9862.23068675006,-10498.297686123482,636.0669993734227,-0.002747243943084232,-1,1,-1,-0.19999999999999996,MeanReversion
2021-10-12 00:00:00+09:00,168289.421875,174075.87764147564,166360.6032861748,388510,178970.2609375,206536.2953125,0.02869673648419369,0.022157808169867947,27.848110092209737,-9804.937809582858,-10359.625710815359,554.6879012325007,-0.03856754770486337,-1,1,-1,-0.19999999999999996,MeanReversion
2021-10-13 00:00:00+09:00,169253.84375,172629.27653133904,168289.43438390314,164081,177499.5375,205451.33463541666,0.021065273259759425,0.022153651952104562,30.379773833792044,-9571.379105995089,-10201.976389851307,630.5972838562175,0.0057307337814513915,-1,1,-1,-0.19999999999999996,MeanReversion
2021-10-14 00:00:00+09:00,176486.921875,176486.921875,169253.85130635244,282668,176969.11328125,204519.07239583333,0.020122815905206298,0.022974150668839954,42.39133650603122,-8702.318287161412,-9902.044769313328,1199.7264821519166,0.04273508928803871,-1,1,-1,-0.19999999999999996,MeanReversion
2021-10-15 00:00:00+09:00,179862.328125,182273.3512902145,177451.30495978554,225191,176583.3484375,203578.77317708332,0.020683162534787136,0.02301492271539347,46.93875459183504,-7652.995286227175,-9452.234872696099,1799.2395864689242,0.01912553187590116,-1,1,1,0.30000000000000004,Trend
2021-10-18 00:00:00+09:00,181791.171875,182273.37657493367,177933.5342755305,209221,176462.79765625,202678.65807291667,0.020508840475704344,0.02309670768760257,54.34784293173064,-6589.794626962743,-8879.746823549427,2289.9521965866843,0.010724000796094924,-1,1,1,0.30000000000000004,Trend
2021-10-19 00:00:00+09:00,183237.765625,185166.58421052631,182273.35633223684,188051,176390.46640625,201866.946875,0.020587696362921883,0.023093968055977857,56.38295231969158,-5566.307490764506,-8217.058956992443,2650.7514662279373,0.007957447741162582,-1,1,1,0.30000000000000004,Trend
2021-10-20 00:00:00+09:00,185648.796875,188059.82021103895,183237.77353896105,256326,176414.5765625,201103.45598958334,0.020799856344458793,0.023197137660611634,66.66667908169973,-4508.663424047816,-7475.3798504035185,2966.7164263557024,0.013157938494700039,-1,1,1,0.30000000000000004,Trend
2021-10-21 00:00:00+09:00,179380.140625,186131.00613239247,177933.5265877016,288594,176173.47421875,200235.4875,0.022168989459742407,0.023526410460181918,56.24999789041286,-4128.707876915927,-6806.045455706001,2677.337578790074,-0.033766209937901026,-1,1,1,0.30000000000000004,Trend
2021-10-22 00:00:00+09:00,179862.328125,182755.55592325737,177451.30495978554,158610,176004.70234375,199359.48203125,0.022166079367715825,0.023518254333394797,58.51063499740256,-3745.5060052095505,-6193.937565606711,2448.431560397161,0.002688076273772211,-1,1,1,0.30000000000000004,Trend
2021-10-25 00:00:00+09:00,185648.796875,187577.61554383117,179380.1362012987,238509,176149.36328125,198684.3953125,0.023323857052887507,0.023769629917339535,69.79168073058571,-2940.9941427021695,-5543.348881025803,2602.3547383236337,0.03217165490028884,-1,1,1,0.30000000000000004,Trend
2021-10-26 00:00:00+09:00,183237.765625,187095.40279605263,181791.15168585526,248790,176414.57578125,197977.16171875,0.022665888743610915,0.023802541833723923,63.04348974595496,-2469.4959553507797,-4928.5782958907985,2459.082340540019,-0.012987055615681586,-1,1,1,0.30000000000000004,Trend
2021-10-27 00:00:00+09:00,176969.09375,183719.95836171662,175522.47990463214,414339,176390.4640625,197117.2296875,0.024070309654747258,0.02404398966393973,55.7692091990294,-2572.011132436164,-4457.264863199872,1885.2537307637076,-0.03421058892318607,-1,1,1,0.30000000000000004,Trend
2021-10-28 00:00:00+09:00,178897.9375,180826.75623315363,174075.8906671159,268262,176752.11875,196297.48177083334,0.022874777570652156,0.02412165825973069,53.535354857798964,-2469.150745452498,-4059.6420396503972,1590.4912941978992,0.01089932546484551,-1,1,1,0.30000000000000004,Trend
2021-10-29 00:00:00+09:00,175040.296875,180344.54829545453,174075.88752582643,209653,176824.44921875,195533.99140625,0.023366573058770487,0.023952173932201934,50.0,-2668.15566880774,-3781.344765481866,1113.1890966741262,-0.021563359974454688,-1,1,1,0.30000000000000004,Trend
2021-11-01 00:00:00+09:00,184202.1875,187095.41557591624,176004.7079515707,473538,177427.20546875,195043.75,0.025834600429655404,0.02465955824115192,64.8648624979383,-2062.80180484039,-3437.636173353571,1374.8343685131808,0.05234160812434352,-1,1,1,0.30000000000000004,Trend
2021-11-02 00:00:00+09:00,183719.96875,186130.99196194226,181791.1501804462,222404,178246.953125,194561.54505208333,0.024786433593838413,0.02465809307446612,63.636336856840195,-1603.4815917054075,-3070.805257023939,1467.3236653185313,-0.002617877434273108,-1,1,1,0.30000000000000004,Trend
2021-11-03 00:00:00+09:00,182273.359375,184684.38264715608,179380.1314484127,124909,178777.37890625,194047.19348958333,0.024427015662198202,0.024660175738475915,56.122424687292316,-1340.7410718223546,-2724.792419983622,1384.0513481612675,-0.007873990970292954,-1,1,1,0.30000000000000004,Trend
2021-11-04 00:00:00+09:00,180344.546875,185166.5935828877,179380.13753342247,170136,179235.4734375,193396.2171875,0.024587147020524776,0.024328072637187788,50.526330510047046,-1273.476521237957,-2434.5292402344894,1161.0527189965323,-0.010581977018549127,-1,1,1,0.30000000000000004,Trend
2021-11-05 00:00:00+09:00,181308.96875,181791.17345412233,176969.1264128989,141891,179524.796875,192688.98411458332,0.02402956933509492,0.02417019952701043,49.46236783928002,-1129.3298830736894,-2173.4893688023294,1044.15948572864,0.005347663079984688,-1,1,1,0.30000000000000004,Trend
2021-11-08 00:00:00+09:00,179862.328125,186613.19298760055,177933.50959282843,208130,179765.8984375,192013.896875,0.024108599646941033,0.024129017110260262,46.236561387664764,-1118.926157924172,-1962.576726626698,843.650568702526,-0.007978869633276209,-1,1,1,0.30000000000000004,Trend
2021-11-09 00:00:00+09:00,179862.328125,183237.7605563003,176969.10032674263,237372,180344.54375,191370.95703125,0.02213845395248321,0.02412232287918052,43.1818165080997,-1098.0237959646038,-1789.6661404942793,691.6423445296755,0.0,-1,1,-1,-0.19999999999999996,MeanReversion
2021-11-10 00:00:00+09:00,173593.6875,178897.9390625,173111.4828125,269657,180561.5359375,190607.46640625,0.02376085653565162,0.02445525408387335,43.18183240843058,-1569.1967098599125,-1745.572254367406,176.3755445074935,-0.034852437919314805,-1,1,-1,-0.19999999999999996,MeanReversion
2021-11-11 00:00:00+09:00,176486.921875,176969.1265795765,170218.26071550546,269985,180561.5359375,189956.49036458333,0.022101526505387978,0.02452670668047193,46.23659622980201,-1689.667370776675,-1734.39127764926,44.723906872585076,0.01666670267028003,-1,1,1,0.30000000000000004,Trend
2021-11-12 00:00:00+09:00,178415.71875,179862.33268581083,176486.90016891892,126603,180489.20546875,189321.5875,0.021809037042113268,0.02457510813268689,41.176472830671884,-1610.9336094347818,-1709.6997440063644,98.7661345715826,0.010928837414741155,-1,1,-1,-0.19999999999999996,MeanReversion
2021-11-15 00:00:00+09:00,177933.515625,181791.15282012193,175522.49237804877,226821,180296.32265625,188742.94166666668,0.02165622270973855,0.024498689992323623,43.20988642073294,-1569.3557424639584,-1681.6309436978834,112.27520123392492,-0.0027026941817591688,-1,1,-1,-0.19999999999999996,MeanReversion
2021-11-16 00:00:00+09:00,178415.71875,178897.92339527028,175522.4908783784,128080,180055.2203125,188228.58984375,0.02157336772493641,0.02444904463700658,52.173927336013875,-1480.42974848437,-1641.3907046551808,160.96095617081073,0.00271001853308106,-1,1,1,0.30000000000000004,Trend
2021-11-17 00:00:00+09:00,175522.5,178897.9326923077,174075.885989011,149234,179548.90546875,187577.61380208333,0.021542448026470883,0.024237458207093433,45.07041546447554,-1624.6854683182028,-1638.0496573877854,13.364189069582608,-0.01621616509055479,-1,1,1,0.30000000000000004,Trend
2021-11-18 00:00:00+09:00,169253.84375,174558.09526353277,169253.84375,197933,179042.590625,186958.78463541667,0.02170212141011482,0.024175354984640508,42.105265401887834,-2219.2551437627408,-1754.2907546627766,-464.96438909996414,-0.035714260280021115,-1,1,-1,-0.19999999999999996,MeanReversion
2021-11-19 00:00:00+09:00,171664.84375,173111.45760182585,167325.00219452247,139439,178632.71640625,186356.02838541666,0.022006626450300108,0.024244577090010447,29.032197371570618,-2467.464944823121,-1896.9255926948458,-570.5393521282754,0.014244875901082699,-1,1,-1,-0.19999999999999996,MeanReversion
2021-11-22 00:00:00+09:00,172147.0625,174075.881127451,168771.62990196078,98746,177957.6296875,185721.12552083333,0.020558605345556043,0.024180854039496016,30.645149488916502,-2595.344461952249,-2036.6093665463268,-558.735095405922,0.0028090710914709938,-1,1,-1,-0.19999999999999996,MeanReversion
2021-11-23 00:00:00+09:00,170700.453125,173111.47647422316,169253.8391154661,102931,177330.7640625,184941.56171875,0.020474263505627817,0.02369073153568417,30.645149488916502,-2781.357430222037,-2185.558979281469,-595.7984509405678,-0.00840333464882681,-1,1,-1,-0.19999999999999996,MeanReversion
2021-11-24 00:00:00+09:00,167807.234375,172147.07664331896,167807.234375,122899,176872.67109375,184194.14453125,0.019405771908408434,0.023630556221567338,29.687490506848235,-3126.1957822257828,-2373.6863398703317,-752.509442355451,-0.016949098242178384,-1,1,-1,-0.19999999999999996,MeanReversion
2021-11-25 00:00:00+09:00,167325.015625,169253.8342489193,166842.81096902018,87776,176294.025,183438.69036458334,0.019144231103761636,0.023625328369766208,26.984071468285663,-3399.209710066585,-2578.7910139095825,-820.4186961570026,-0.00287364696638992,-1,1,-1,-0.19999999999999996,MeanReversion
2021-11-26 00:00:00+09:00,163467.375,167325.0121681416,162020.76106194692,201813,175715.37890625,182538.57526041666,0.01922449937141399,0.023496146080491727,24.999964261054416,-3882.1040941576066,-2839.4536299591878,-1042.6504641984188,-0.02305477522647026,-1,1,-1,-0.19999999999999996,MeanReversion
2021-11-29 00:00:00+09:00,160574.15625,162985.17961711713,157680.92820945947,202766,174533.97734375,181638.46015625,0.01456348554233983,0.023530999624288666,22.972942794575687,-4446.997724494926,-3160.9624488663358,-1286.0352756285902,-0.0176990592159445,-1,1,-1,-0.19999999999999996,MeanReversion
2021-11-30 00:00:00+09:00,151412.25,162020.75159235668,149965.6361464968,388418,172918.59140625,180505.27890625,0.018562008916826283,0.024263589817049725,21.2499483572753,-5569.764483596868,-3642.7228558124425,-1927.0416277844251,-0.05705716576044595,-1,1,-1,-0.19999999999999996,MeanReversion
2021-12-01 00:00:00+09:00,154787.6875,159609.73383956385,151412.2550623053,264949,171544.3078125,179428.35494791667,0.019873947773037925,0.024524355821045788,22.222168883490994,-6116.686280801019,-4137.515540810158,-1979.170739990861,0.022293027809836996,-1,1,-1,-0.19999999999999996,MeanReversion
2021-12-02 00:00:00+09:00,158163.125,164431.78544207316,151894.4645579268,496352,170435.23671875,178455.90885416666,0.020940166334053528,0.024756214563347492,25.0,-6206.214768287988,-4551.255386305725,-1654.959381982263,0.021806886287386362,-1,1,-1,-0.19999999999999996,MeanReversion
2021-12-03 00:00:00+09:00,161056.359375,162502.97338136227,158163.13136227545,203177,169422.60625,177531.68333333332,0.02151034766468449,0.02493116134158442,30.337088469612667,-5974.832752577931,-4835.970859560166,-1138.8618930177654,0.01829272388870673,-1,1,-1,-0.19999999999999996,MeanReversion
2021-12-06 00:00:00+09:00,166360.625,169253.85326086957,161538.57789855072,245246,168747.52109375,176671.75208333333,0.023140366328999223,0.02535199970557283,37.37376646755585,-5302.328983829881,-4929.242484414109,-373.08649941577187,0.03293422032873394,-1,1,-1,-0.19999999999999996,MeanReversion
2021-12-07 00:00:00+09:00,170700.453125,170700.453125,166360.61109639832,168545,168289.42734375,175868.07734375,0.024066834470600387,0.02562736486924712,45.09804046148572,-4368.8160498098005,-4817.157197493248,448.34114768344716,0.02608687076644478,-1,1,1,0.30000000000000004,Trend
2021-12-08 00:00:00+09:00,164914.0,170700.45614035087,164431.79532163742,263102,167855.44296875,175305.50546875,0.023996738836735917,0.02291053327789858,45.54455413779783,-4049.241595237836,-4663.574077042165,614.3324818043293,-0.033898288018970324,-1,1,1,0.30000000000000004,Trend
2021-12-09 00:00:00+09:00,171182.65625,171182.65625,164913.99559859154,336711,167590.2296875,175040.29296875,0.02528220845936391,0.02224842436754402,49.541301040292375,-3252.653799259948,-4381.390021485722,1128.7362222257743,0.03801166820282087,-1,1,1,0.30000000000000004,Trend
2021-12-10 00:00:00+09:00,172629.265625,172629.265625,167807.21909916203,106196,167300.90703125,174791.15364583334,0.025224766782007864,0.02227922877787882,50.45044887249849,-2476.080233473738,-4000.3280638833253,1524.247830409587,0.008450677227997527,-1,1,1,0.30000000000000004,Trend
2021-12-13 00:00:00+09:00,172147.0625,173593.67647058825,170218.24387254904,110959,167011.584375,174590.23489583333,0.025224975469298035,0.022171195596161083,51.37614187982202,-1877.9025581885362,-3575.842962744368,1697.9404045558317,-0.002793287240458353,-1,1,1,0.30000000000000004,Trend
2021-12-14 00:00:00+09:00,175040.296875,176969.1155733471,169736.04545454544,242430,166842.81328125,174429.5,0.02554311746447484,0.022285331405718187,56.88072221749882,-1157.0449130712077,-3092.0833528097364,1935.0384397385287,0.016806760063071025,-1,1,1,0.30000000000000004,Trend
2021-12-15 00:00:00+09:00,182755.578125,182755.578125,176969.12182552772,501753,167204.4671875,174389.31640625,0.027073455762915796,0.02299605432418734,62.90323086418915,36.37932356566307,-2466.3908175346564,2502.7701411003195,0.04407717187265536,-1,1,1,0.30000000000000004,Trend
2021-12-16 00:00:00+09:00,173593.6875,181791.1671875,173111.4828125,244401,167421.459375,174212.50807291668,0.02837588033941167,0.02392166425044574,57.77778577857786,240.12066339724697,-1925.088521348276,2165.209184745523,-0.05013193424243123,-1,1,1,0.30000000000000004,Trend
2021-12-17 00:00:00+09:00,173111.484375,174075.89375870474,171182.66560759052,122728,167493.79140625,174043.73671875,0.028223565965369676,0.023916335139686377,60.0,358.5443052778719,-1468.3619560230466,1826.9062613009185,-0.002777768776874412,-1,1,1,0.30000000000000004,Trend
2021-12-20 00:00:00+09:00,170218.25,173111.47804532578,169736.04532577904,106564,167397.35078125,173834.78125,0.028477320504052838,0.02400363170895585,66.66667589835907,216.44106253157952,-1131.4013523121214,1347.842414843701,-0.01671312787505519,-1,1,1,0.30000000000000004,Trend
2021-12-21 00:00:00+09:00,170218.25,173111.47804532578,169253.84065155807,86638,167373.240625,173706.19348958333,0.028416944306703856,0.023768197226720432,64.54546204372552,102.64004827127792,-884.5930721954416,987.2331204667195,0.0,-1,1,1,0.30000000000000004,Trend
2021-12-22 00:00:00+09:00,169736.046875,174558.0936612216,169253.84219637784,89306,167469.68125,173577.60546875,0.02814682485421881,0.02376837613627028,61.538468728530894,-26.156323850271292,-712.9057225264075,686.7493986761363,-0.0028328520884217667,-1,1,1,0.30000000000000004,Trend
2021-12-23 00:00:00+09:00,170700.453125,172147.0671345339,168771.6344456215,107838,167638.453125,173561.53229166666,0.028156551376962755,0.023396592166639033,60.0,-49.834392334654694,-580.291456488057,530.4570641534023,0.0056817998754867816,-1,1,1,0.30000000000000004,Trend
2021-12-24 00:00:00+09:00,169253.84375,172629.27653133904,168771.63906695158,113354,167927.7765625,173489.2015625,0.02767372569572081,0.023373917894890114,53.26086037714584,-183.21671075024642,-500.87650734049487,317.65979659024845,-0.008474549121089248,-1,1,1,0.30000000000000004,Trend
2021-12-27 00:00:00+09:00,168289.421875,170700.44511103153,167325.01258058738,93495,168313.53984375,173424.90755208334,0.027352488617933015,0.023361133153481293,47.05881455965514,-362.56452619549236,-473.2141111114944,110.64958491600203,-0.005698079604174455,-1,1,1,0.30000000000000004,Trend
2021-12-28 00:00:00+09:00,170218.25,170700.45467422096,166842.81728045325,131893,169253.83984375,173473.128125,0.02330366785151171,0.023115465753027267,57.14285113112537,-345.08077588968445,-447.5874440671324,102.50666817744798,0.011461374716901007,-1,1,1,0.30000000000000004,Trend
2021-12-29 00:00:00+09:00,169713.9375,171653.52535714285,165834.76178571428,142287,170000.15234375,173440.61302083332,0.023058756487443512,0.022878094356360824,47.658698766755606,-367.68019344622735,-431.60599394295144,63.925800496724094,-0.002962740481705084,-1,1,1,0.30000000000000004,Trend
2021-12-30 00:00:00+09:00,161955.609375,168744.1678517964,161470.7123409431,292476,170189.7765625,173286.82890625,0.02536285698762134,0.02365486797919197,35.83537438550714,-1000.0941722333082,-545.3036296010229,-454.79054263228534,-0.045714148403397936,-1,1,-1,-0.19999999999999996,MeanReversion
2022-01-04 00:00:00+09:00,161470.703125,163410.29115052553,160500.90911223725,198915,170210.49375,173052.63229166667,0.025058192268601048,0.023409009439603678,35.832803582484175,-1522.8601052176964,-740.8149247243575,-782.0451804933389,-0.00299406888017828,-1,1,-1,-0.19999999999999996,MeanReversion
2022-01-05 00:00:00+09:00,157106.640625,160985.8169367284,155167.05246913582,390474,169747.79453125,172753.73802083332,0.024567424504262785,0.023648331525423914,27.096626655662178,-2263.210364903847,-1045.2940127602556,-1217.9163521435917,-0.027026961644067593,-1,1,-1,-0.19999999999999996,MeanReversion
2022-01-06 00:00:00+09:00,158561.328125,159531.1221808104,153227.4608180428,319517,169140.83828125,172591.603125,0.023820664648128483,0.02316815127153242,13.219548439262212,-2701.421846254467,-1376.519579459098,-1324.9022667953689,0.009259236237328938,-1,1,-1,-0.19999999999999996,MeanReversion
2022-01-07 00:00:00+09:00,155651.9375,159531.11351246104,154197.2464953271,269295,168677.73515625,172364.9046875,0.02298713486456499,0.023260298497715885,16.322502384435538,-3246.0526368140127,-1750.426190930081,-1495.6264458839316,-0.018348677192628005,-1,1,-1,-0.19999999999999996,MeanReversion
2022-01-10 00:00:00+09:00,147408.6875,154682.14247532896,139650.3355263158,897775,167489.03671875,171880.26744791667,0.023684297911146575,0.02354506481074179,12.639807259825389,-4293.34681589267,-2259.010315922599,-2034.3364999700707,-0.05295950781210157,-1,1,-1,-0.19999999999999996,MeanReversion
2022-01-11 00:00:00+09:00,148378.484375,148863.38138276144,145469.10232843139,249170,166276.49765625,171355.53671875,0.023622255332341816,0.02340325392888847,16.374705123572653,-4987.586700459826,-2804.7255928300447,-2182.861107629781,0.0065789668943359025,-1,1,-1,-0.19999999999999996,MeanReversion
2022-01-12 00:00:00+09:00,150318.078125,151287.87217741934,147893.5929939516,177260,165185.0484375,170830.98515625,0.024049881477277074,0.023428471732660158,21.087767934123534,-5319.94281571373,-3307.769037406782,-2012.173778306948,0.013071933967852223,-1,1,-1,-0.19999999999999996,MeanReversion
2022-01-13 00:00:00+09:00,148863.390625,152257.66989006515,148378.49358713353,265984,163876.203125,170258.07890625,0.023411231314325855,0.02339759842959717,20.508251110700968,-5635.753101844719,-3773.36585029437,-1862.387251550349,-0.00967739554779512,-1,1,-1,-0.19999999999999996,MeanReversion
2022-01-14 00:00:00+09:00,147408.6875,148378.48149671053,146438.89350328947,131369,162108.85859375,169620.74375,0.020067767177592535,0.02330988597405617,17.539941598273643,-5935.002400359372,-4205.69316030737,-1729.3092400520018,-0.009772067658088801,-1,1,-1,-0.19999999999999996,MeanReversion
2022-01-17 00:00:00+09:00,144984.203125,147408.6881270903,144499.30612458196,150520,160678.384375,169047.478125,0.01772548176689435,0.02302694394634457,17.074559438075013,-6295.227784946532,-4623.600085235203,-1671.6276997113291,-0.016447364236928053,-1,1,-1,-0.19999999999999996,MeanReversion
2022-01-18 00:00:00+09:00,145469.09375,146438.88770833335,144499.29979166668,110045,159296.26484375,168474.25755208332,0.017890639104088613,0.023030100695359074,18.632646337571344,-6467.034429167834,-4992.286954021729,-1474.747475146105,0.00334443763216008,-1,1,-1,-0.19999999999999996,MeanReversion
2022-01-19 00:00:00+09:00,145469.09375,146438.88770833335,144014.40281250002,120352,158058.80703125,167804.59583333333,0.017883203303416154,0.02256792294982598,14.076568505869957,-6527.942376302264,-5299.418038477836,-1228.5243378244286,0.0,-1,1,-1,-0.19999999999999996,MeanReversion
2022-01-20 00:00:00+09:00,152257.65625,154197.244227707,145469.0983280255,282681,157160.77734375,167288.26067708334,0.021483529222469204,0.023426220651172763,28.57143953174881,-5959.732022902754,-5431.48083536282,-528.2511875399341,0.0466666996060805,-1,1,-1,-0.19999999999999996,MeanReversion
2022-01-21 00:00:00+09:00,154682.140625,157106.6255877743,149348.27370689655,254008,156408.08203125,166916.81145833334,0.0220062927744248,0.023174398413648285,39.72601348965323,-5253.229636075179,-5395.830595505292,142.6009594301131,0.015923562957117277,-1,1,-1,-0.19999999999999996,MeanReversion
2022-01-24 00:00:00+09:00,149833.1875,155651.9520631068,148378.4963592233,243185,155364.71875,166432.39895833333,0.02267015277948484,0.023419927986668986,35.365866597713946,-5026.647335727932,-5321.99394354982,295.346607821888,-0.03134785376907501,-1,1,-1,-0.19999999999999996,MeanReversion
2022-01-25 00:00:00+09:00,145953.984375,149833.16003945185,144499.29350083056,222878,154199.72578125,165947.62708333333,0.023094394566617132,0.02348726229704829,35.802448017033,-5101.293961259536,-5277.853947091764,176.55998583222754,-0.025890146166716255,-1,1,-1,-0.19999999999999996,MeanReversion
2022-01-26 00:00:00+09:00,145953.984375,145953.984375,145953.984375,0,153082.95390625,165310.15703125,0.023151694217452536,0.022395597125009343,33.33331956268839,-5101.643380564812,-5242.611833786374,140.9684532215615,0.0,-1,1,-1,-0.19999999999999996,MeanReversion
2022-01-27 00:00:00+09:00,144984.203125,150318.07012959867,144014.40912416388,224031,151821.2515625,164664.5609375,0.022740032040193942,0.022397835596702022,35.13513984270662,-5121.140223261929,-5218.3175116814855,97.17728841955613,-0.006644431490875458,-1,1,-1,-0.19999999999999996,MeanReversion
2022-01-28 00:00:00+09:00,150318.078125,151772.76920362902,145469.1078629032,181396,150851.45859375,164131.97291666668,0.02478587472929322,0.022979783557750866,54.41177515894862,-4652.560653030203,-5105.1661399512295,452.60548692102657,0.03678935280556961,-1,1,1,0.30000000000000004,Trend
2022-02-03 00:00:00+09:00,149348.28125,156136.83948863638,148378.4872159091,170892,150221.0921875,163615.36848958334,0.022864463431592416,0.022963254494424736,51.47059171964955,-4309.781986574788,-4946.089309275942,636.3073227011537,-0.0064516316806122465,-1,1,1,0.30000000000000004,Trend
2022-02-04 00:00:00+09:00,155167.03125,155651.92822265625,148863.37060546875,158497,149905.90859375,163179.66953125,0.02474485501520302,0.0235539321657744,56.57892449520657,-3527.935088507744,-4662.458465122302,1134.5233766145584,0.03896094385083515,-1,1,1,0.30000000000000004,Trend
2022-02-07 00:00:00+09:00,154682.140625,158076.419572884,153227.44964733542,199691,149784.68359375,162759.99973958332,0.024017689571244838,0.023543336496979986,58.108089277813974,-2913.8533226317377,-4312.737436624189,1398.8841139924516,-0.003124959091462931,-1,1,1,0.30000000000000004,Trend
2022-02-08 00:00:00+09:00,154682.140625,154682.140625,154682.140625,0,149590.72421875,162340.32994791667,0.023903986710732586,0.023543336496979986,60.56338219936633,-2399.528824322828,-3930.0957141639174,1530.5668898410895,0.0,-1,1,1,0.30000000000000004,Trend
2022-02-09 00:00:00+09:00,154682.140625,154682.140625,154682.140625,0,149542.234375,162025.1375,0.023555506963627838,0.02314361034073465,65.15151811050072,-1969.2229772224382,-3537.9211667756217,1568.6981895531835,0.0,-1,1,1,0.30000000000000004,Trend
2022-02-10 00:00:00+09:00,173108.234375,174078.02840511204,161955.60302871148,1173589,150827.21171875,161968.82604166667,0.031588196106161766,0.027373928535386716,77.66991475832026,-139.75965852872469,-2858.2888651262424,2718.5292065975177,0.11912230898504861,-1,1,-1,-0.19999999999999996,MeanReversion
2022-02-11 00:00:00+09:00,169713.9375,177472.28892857142,167774.34964285712,454407,151893.984375,161823.79635416667,0.0321971747059713,0.027447683428848412,72.72725941184811,1024.4031300037168,-2081.750466100251,3106.1535961039676,-0.01960794578752978,-1,1,-1,-0.19999999999999996,MeanReversion
2022-02-14 00:00:00+09:00,167289.46875,170683.74782608697,165349.88070652174,164805,152742.55390625,161646.39557291666,0.0324971134455639,0.027502575225347645,65.34654128703211,1731.4174585689616,-1319.1168811664086,3050.53433973537,-0.014285619588550347,-1,1,1,0.30000000000000004,Trend
2022-02-15 00:00:00+09:00,174562.9375,178442.11388888888,168259.27586805556,403502,154027.53125,161582.18255208334,0.03331347845958928,0.028069702218554152,68.46848311424854,2845.8345398258825,-486.1265969679505,3331.9611367938332,0.0434783420878071,-1,1,1,0.30000000000000004,Trend
2022-02-16 00:00:00+09:00,175532.734375,178927.01376899172,173108.24909357735,265104,155433.73359375,161582.353125,0.03305800973073931,0.02800058324774476,75.7281453165284,3763.884886510641,363.8756997277678,3400.0091867828733,0.005555571468313536,-1,1,-1,-0.19999999999999996,MeanReversion
2022-02-17 00:00:00+09:00,181836.375,183775.96300000002,176017.611,516078,157276.3421875,161792.06197916667,0.03300191902105386,0.027951053466645996,84.25928218911108,4943.116348881798,1279.723829558574,3663.3925193232244,0.03591148196628202,-1,1,-1,-0.19999999999999996,MeanReversion
2022-02-18 00:00:00+09:00,184260.859375,185715.5503700658,179411.8893914474,322299,159215.93046875,162001.99557291667,0.032950062604201316,0.02794423333734224,84.95577416736865,6004.089993487316,2224.5970623443227,3779.4929311429933,0.013333329896177304,-1,1,-1,-0.19999999999999996,MeanReversion
2022-02-21 00:00:00+09:00,184260.859375,184260.859375,184260.859375,0,161155.51875,162203.8921875,0.032950062604201316,0.027943815125031496,86.48648884027325,6766.9144729533,3133.0605444661182,3633.8539284871817,0.0,-1,1,-1,-0.19999999999999996,MeanReversion
2022-02-22 00:00:00+09:00,184260.859375,184260.859375,184260.859375,0,162755.67890625,162429.89895833333,0.03205445237614168,0.027916042860115467,85.0,7287.453145207808,3963.9390646144566,3323.5140805933515,0.0,1,1,-1,0.5,Trend
2022-02-23 00:00:00+09:00,184260.859375,184260.859375,184260.859375,0,164234.61484375,162704.12604166666,0.032086728447450946,0.02781243951358504,86.73469958139239,7612.234690191195,4693.598189729804,2918.636500461391,0.0,1,1,-1,0.5,Trend
2022-02-24 00:00:00+09:00,178442.109375,179411.90344769022,174078.03604789404,265919,165665.0609375,162889.4109375,0.032102652922005925,0.02814508506133941,74.48982712173488,7315.7702631531865,5218.032604414481,2097.7376587387052,-0.0315788714962949,1,1,-1,0.5,Trend
2022-02-25 00:00:00+09:00,174078.03125,181351.48659470753,170198.855066156,304975,167071.26328125,163066.25520833334,0.03201992042871194,0.02816678303015285,68.86793628655184,6651.995374298305,5504.825158391246,1147.1702159070592,-0.024456548626808683,1,1,1,1.0,Trend
2022-02-28 00:00:00+09:00,174078.03125,174078.03125,174078.03125,0,168477.465625,163291.31979166667,0.03201992042871194,0.028057764094369754,68.86793628655184,6056.13760810942,5615.087648334881,441.0499597745393,0.0,1,1,1,1.0,Trend
2022-03-02 00:00:00+09:00,179896.78125,182321.26617250673,177472.29632749327,156456,170223.09453125,163766.06197916667,0.03223418203325607,0.027212297503934856,72.03390223927693,5984.455453880451,5688.961209443995,295.49424443645603,0.033426101836155686,1,1,-1,0.5,Trend
2022-03-03 00:00:00+09:00,180866.578125,182321.26910187668,178442.09316353887,123549,171750.51953125,164200.71015625,0.03169064927936761,0.027098059393405857,59.75609276868582,5937.458013058524,5738.660570166901,198.79744289162227,0.0053908517332075245,1,1,1,1.0,Trend
2022-03-04 00:00:00+09:00,180866.578125,180866.578125,180866.578125,0,173326.434375,164579.10104166667,0.03155439215802735,0.02698487333008085,65.33336369491252,5832.973317109048,5757.5231195553315,75.45019755371686,0.0,1,1,1,1.0,Trend
2022-03-07 00:00:00+09:00,174078.03125,176502.51636490252,171168.649112117,146384,174271.984375,164796.12890625,0.032519236265542616,0.027400620396487853,58.33334612038343,5143.102954845381,5634.6390866133415,-491.5361317679608,-0.03753345115153517,1,1,-1,0.5,Trend
2022-03-08 00:00:00+09:00,168744.171875,174078.039376796,168259.2748293822,180490,174975.0859375,164835.8546875,0.03350874271548191,0.027405517356474226,42.49998690924969,4118.502316834347,5331.411732657542,-1212.9094158231956,-0.030640623269342027,1,1,-1,0.5,Trend
2022-03-10 00:00:00+09:00,168744.171875,168744.171875,168744.171875,0,175678.1875,164803.25,0.03350874271548191,0.02720002878086974,41.0256208992639,3268.818029881688,4918.892992102372,-1650.074962220684,0.0,1,1,-1,0.5,Trend
2022-03-11 00:00:00+09:00,162440.5,166319.67611940298,160016.01492537314,449457,176066.10546875,164762.025,0.034824488734184,0.027280477667623645,24.358961647588785,2063.002464264864,4347.71488653487,-2284.712422270006,-0.03735638277136799,1,1,-1,0.5,Trend
2022-03-14 00:00:00+09:00,149348.28125,159531.11860795456,147893.59019886365,703326,174878.1078125,164398.11875,0.029439447545512285,0.028898446064355637,13.999985177255851,50.37165115465177,3488.2462394588265,-3437.8745883041747,-0.08059701090553162,1,1,-1,0.5,Trend
2022-03-15 00:00:00+09:00,148863.390625,150802.97877646578,145954.0083978013,365015,173835.58046875,164002.02083333334,0.029304229769103893,0.02886453350597096,13.861373187356179,-1565.7306215231947,2477.4508672624224,-4043.181488785617,-0.003246710447161627,1,1,-1,0.5,Trend
2022-03-16 00:00:00+09:00,150318.078125,151287.87217741934,147408.69596774192,344802,172987.0109375,163638.20442708334,0.029460561499373598,0.028907352893592128,16.34613716246028,-2698.02108448706,1442.356476912526,-4140.377561399586,0.009771962696083492,1,1,-1,0.5,Trend
2022-03-17 00:00:00+09:00,149348.28125,153227.45738636365,148378.4872159091,772840,171726.278125,163210.00416666668,0.027218820273260325,0.028804736589684455,16.037718355064342,-3631.7592767295428,427.5333261841123,-4059.292602913655,-0.0064516316806122465,1,1,-1,0.5,Trend
2022-03-18 00:00:00+09:00,146438.90625,150318.0825745033,145469.11216887416,606826,170271.58671875,162604.72630208332,0.02715222634596253,0.02824875029386239,16.99997969928519,-4554.019862939691,-568.7773116406483,-3985.2425512990426,-0.019480471925417575,1,1,-1,0.5,Trend
2022-03-21 00:00:00+09:00,146438.90625,146438.90625,146438.90625,0,168501.71328125,162152.14661458333,0.02519525982711191,0.02754717871792745,18.681299614240316,-5224.6910360338225,-1499.9600565192832,-3724.7309795145393,0.0,1,1,-1,0.5,Trend
2022-03-22 00:00:00+09:00,150318.078125,150802.97515120966,147408.69596774192,358919,166804.57421875,161772.25651041666,0.02599627816004483,0.027800100917808344,25.252505854724703,-5381.155411978951,-2276.1991276112167,-3104.956284367734,0.02649003584045828,1,1,-1,0.5,Trend
2022-03-23 00:00:00+09:00,151772.765625,151772.765625,150318.07458067092,267656,165180.16953125,161464.83177083332,0.026282396040620756,0.027776201661363593,17.77776982139308,-5326.374305816571,-2886.2341632522875,-2440.1401425642835,0.00967739554779512,1,1,-1,0.5,Trend
2022-03-24 00:00:00+09:00,150802.96875,151772.762761254,148378.48372186496,258438,163507.275,161141.24375,0.026196846470192853,0.02778105205053278,15.555539642786172,-5300.1179271330475,-3369.01091602844,-1931.1070111046074,-0.0063897951059030955,1,1,-1,0.5,Trend
2022-03-25 00:00:00+09:00,150802.96875,152257.65976688103,149833.174738746,185696,161834.38046875,160825.69244791666,0.026196846470192853,0.02778204961008572,15.555539642786172,-5219.146485974925,-3739.038030017737,-1480.1084559571877,0.0,1,1,-1,0.5,Trend
2022-03-28 00:00:00+09:00,148378.484375,150318.07240604574,145469.10232843139,403054,160331.19921875,160453.65963541667,0.025729216040350316,0.02782362120635456,17.28392949848927,-5289.636030811438,-4049.157630176477,-1240.478400634961,-0.016077166086957417,-1,1,-1,-0.19999999999999996,MeanReversion
2022-03-29 00:00:00+09:00,154197.25,155651.94103773584,148863.3828616352,623902,159337.16015625,160202.71640625,0.027540466405849912,0.028303732369869963,31.707298862476662,-4820.407094078633,-4203.407522956909,-616.9995711217243,0.03921569659853197,-1,1,-1,-0.19999999999999996,MeanReversion
2022-03-30 00:00:00+09:00,155167.03125,157106.619140625,152742.54638671875,262890,158391.61015625,159984.00989583333,0.02764858558671062,0.02831614825724616,33.33329497219776,-4320.482703828398,-4226.822559131207,-93.66014469719175,0.0062892253266513265,-1,1,-1,-0.19999999999999996,MeanReversion
2022-03-31 00:00:00+09:00,155167.03125,155167.03125,152257.6494140625,245191,157155.12265625,159733.15625,0.02616868358855322,0.02826735971599851,39.43659031392821,-3879.5677803693397,-4157.371603378833,277.8038230094935,0.0,-1,1,-1,-0.19999999999999996,MeanReversion
2022-04-01 00:00:00+09:00,160500.890625,161470.6845260574,153712.33331759818,599970,156136.83828125,159579.60546875,0.027629559998403278,0.028632077820320113,70.9090802567325,-3064.4169610738754,-3938.7806749178417,874.3637138439663,0.03437495279784186,-1,1,-1,-0.19999999999999996,MeanReversion
2022-04-04 00:00:00+09:00,161955.609375,163895.19751122754,160500.91827282935,430860,155191.28984375,159579.60546875,0.02780532483433667,0.028016882412808867,73.6842135016937,-2274.79796349394,-3605.9841326330616,1331.1861691391214,0.009063617929690126,-1,1,-1,-0.19999999999999996,MeanReversion
2022-04-05 00:00:00+09:00,161955.609375,162925.40344311378,158076.43310254492,302469,154585.16875,159587.68723958332,0.026730014075910864,0.028014117230882988,72.22222885253885,-1630.2269772020518,-3210.8327015468594,1580.6057243448076,0.0,-1,1,-1,-0.19999999999999996,MeanReversion
2022-04-06 00:00:00+09:00,157106.640625,164380.09620949076,156621.74358603396,368517,154003.2921875,159587.68723958332,0.02669134281270705,0.028066540440273076,62.90324005714966,-1493.4554554383212,-2867.357252325152,1373.9017968868307,-0.029940109939461612,-1,1,1,0.30000000000000004,Trend
2022-04-07 00:00:00+09:00,151287.875,156136.8453525641,151287.875,303495,153130.47734375,159466.46302083333,0.02773896703247412,0.02845714833405819,57.352938388984924,-1833.4538804902404,-2660.5765779581698,827.1226974679294,-0.03703704440405475,-1,1,1,0.30000000000000004,Trend
2022-04-08 00:00:00+09:00,149348.28125,153227.45738636365,148378.4872159091,294591,152475.86640625,159361.40208333332,0.026734309254035117,0.028407015750708385,54.16665547801072,-2233.665778972616,-2575.194418161059,341.52863918844287,-0.012820549895356748,-1,1,1,0.30000000000000004,Trend
2022-04-11 00:00:00+09:00,151287.875,153227.46314102566,149833.18389423078,233389,152572.84609375,159426.05520833333,0.01923512234642495,0.02756609047370146,51.47059171964955,-2367.041801669955,-2533.563894862838,166.52209319288295,0.012987051031094543,-1,1,1,0.30000000000000004,Trend
2022-04-12 00:00:00+09:00,153227.453125,153712.35012856012,149833.1741000791,193133,152791.04921875,159506.87135416668,0.01939627608975736,0.027600897644207718,52.173906952112404,-2289.83966929125,-2484.8190497485202,194.97938045727005,0.012820446615434244,-1,1,1,0.30000000000000004,Trend
2022-04-13 00:00:00+09:00,156621.75,158561.33823529413,153227.4705882353,259786,153106.2328125,159611.93255208334,0.019855997495138958,0.027693008840040795,58.10812576149349,-1932.488508090959,-2374.352941417008,441.86443332604904,0.022152015228178445,-1,1,1,0.30000000000000004,Trend
2022-04-14 00:00:00+09:00,158076.421875,160016.00987346625,156136.83387653372,268118,153542.63984375,159765.48307291666,0.019811755939603944,0.02768043765602721,59.740254848878855,-1514.4476651780133,-2202.371886169209,687.9242209911959,0.009287802460386185,-1,1,1,0.30000000000000004,Trend
2022-04-15 00:00:00+09:00,156621.75,159531.13235294117,154682.16176470587,158908,154051.78203125,159919.03411458334,0.019319197779057246,0.02767672588544276,61.3333591120105,-1285.706326255604,-2019.0387741864881,733.3324479308842,-0.009202333009221908,-1,1,1,0.30000000000000004,Trend
2022-04-18 00:00:00+09:00,162925.40625,167289.47963169642,157106.64174107142,586589,154876.10703125,160218.05416666667,0.020907415915794036,0.02801646984906993,61.84212423119747,-588.9853333533683,-1733.0280860198643,1144.042752666496,0.040247642808230566,-1,1,1,0.30000000000000004,Trend
2022-04-19 00:00:00+09:00,160985.8125,165349.8857304217,160500.9154743976,293213,155409.49375,160476.66614583333,0.020646358148474955,0.02807325899729219,57.69232993721406,-191.13465135468869,-1424.6493990868294,1233.5147477321407,-0.011904796155756125,-1,1,1,0.30000000000000004,Trend
2022-04-20 00:00:00+09:00,161470.703125,163410.29115052553,160016.01210585586,252144,155894.390625,160743.35963541668,0.020594684472949057,0.028072876720368418,58.22786307445754,161.43062971381005,-1107.4333933267014,1268.8640230405115,0.00301200843397309,-1,1,1,0.30000000000000004,Trend
2022-04-21 00:00:00+09:00,162440.5,164380.0880597015,161470.70597014925,264063,156476.2671875,160913.07369791667,0.020479725525109065,0.027483215556614055,52.85717376523646,513.1800379046472,-783.3107070804317,1296.490744985079,0.006006023732052723,-1,1,1,0.30000000000000004,Trend
2022-04-22 00:00:00+09:00,163410.28125,164380.07520400593,158561.31147997032,184893,157106.6328125,161058.54270833332,0.02046611379254061,0.027423168978755123,52.17388664752256,860.2804427504307,-454.5924771142592,1314.87291986469,0.005970070579689235,-1,1,1,0.30000000000000004,Trend
2022-04-25 00:00:00+09:00,153712.359375,161955.608931388,153227.4623422713,441609,157373.3265625,161123.19557291668,0.02481379250027113,0.02826563665663821,40.44942559115414,348.7980412165052,-293.91437344810635,642.7124146646115,-0.05934707290640562,-1,1,-1,-0.19999999999999996,MeanReversion
2022-04-26 00:00:00+09:00,156136.859375,157591.55061141305,153712.37398097827,209342,157470.30703125,161292.91015625,0.023528901759893223,0.028112893596035075,48.80953842329534,137.49646689539077,-207.63220537940694,345.12867227479774,0.015772967182717812,-1,1,1,0.30000000000000004,Trend
2022-04-27 00:00:00+09:00,158076.421875,160985.80387269938,151772.76087998465,292128,157615.7765625,161494.95078125,0.023644563660488387,0.028149682860042165,59.2105268736737,125.10282357380493,-141.0851995887646,266.1880231625695,0.012422194911335227,-1,1,1,0.30000000000000004,Trend
2022-04-28 00:00:00+09:00,172623.328125,176987.4010270365,163895.18232092698,1554177,158488.59140625,161955.60286458334,0.030625996265423387,0.030268842818775427,73.52943685211646,1274.4039967711433,142.01263968321697,1132.3913570879263,0.09202451622736674,-1,1,-1,-0.19999999999999996,MeanReversion
2022-04-29 00:00:00+09:00,175532.734375,178442.11671270718,171653.55792472375,683408,159240.18359375,162375.84713541667,0.03002253803613197,0.030010355591474306,74.03849639547497,2392.4198988856224,592.0940915236981,1800.3258073619243,0.01685407344187717,-1,1,-1,-0.19999999999999996,MeanReversion
2022-05-02 00:00:00+09:00,173593.125,178926.99196927375,173108.2280027933,324536,159822.059375,162779.92786458333,0.030199109542055017,0.030040044788085276,70.19231454453686,3086.3675655122206,1090.9487863214026,1995.418779190818,-0.011049844246465823,-1,1,-1,-0.19999999999999996,MeanReversion
2022-05-03 00:00:00+09:00,167289.46875,175532.71793478262,166804.57173913042,352902,160088.75234375,162981.96848958332,0.031526224067993915,0.03009364215367404,59.9999941412063,3092.030708134087,1491.1651706839396,1600.8655374501475,-0.03631282200836006,-1,1,1,0.30000000000000004,Trend
2022-05-04 00:00:00+09:00,163410.28125,168259.25102002968,162925.38427299703,281074,160403.934375,163127.4375,0.031191861178545645,0.0302578608201165,54.78260309159192,2751.7799713491113,1743.288130816974,1008.4918405321373,-0.023188474020424565,-1,1,1,0.30000000000000004,Trend
2022-05-06 00:00:00+09:00,161470.703125,164380.08516328828,160016.01210585586,218189,160913.07578125,163240.58020833333,0.029972947921750034,0.030303211898602828,54.310330219799305,2299.118261943804,1854.45415704234,444.66410490146404,-0.011869376333993653,-1,1,1,0.30000000000000004,Trend
2022-05-10 00:00:00+09:00,162440.5,162925.39701492537,155651.94179104478,305896,161567.68671875,163369.88619791667,0.029733580441406265,0.03031067398416859,49.523800463279514,1995.630710279307,1882.6894676897336,112.94124258957345,0.006006023732052723,-1,1,1,0.30000000000000004,Trend
2022-05-11 00:00:00+09:00,163410.28125,170683.7359050445,161470.69334198814,381726,162173.80703125,163208.25364583332,0.029667061740905325,0.02654038035873689,52.42716897548524,1812.4747998837265,1868.6465341285323,-56.17173424480575,0.005970070579689235,-1,1,-1,-0.19999999999999996,MeanReversion
2022-05-12 00:00:00+09:00,158561.328125,164864.9894877676,158076.4310970948,384994,162440.50078125,163022.37682291667,0.030527097111121115,0.02669753185812423,47.32143370908065,1261.510520515294,1747.2193314058848,-485.7088108905907,-0.02967348864409347,-1,1,-1,-0.19999999999999996,MeanReversion
2022-05-13 00:00:00+09:00,160016.015625,161955.60369318182,158076.42755681818,291227,162610.2140625,162901.15260416668,0.030214211406677006,0.02667226566536998,47.78760986240056,931.5106090953923,1584.0775869437862,-652.5669778483939,0.009174289325157625,-1,1,-1,-0.19999999999999996,MeanReversion
2022-05-16 00:00:00+09:00,157106.640625,166319.68436535494,155651.94950810185,314411,162561.725,162610.21432291667,0.030450463645571885,0.02615030090485425,44.44445974518213,430.26126984509756,1353.3143235240486,-923.0530536789511,-0.018181773797056433,-1,1,-1,-0.19999999999999996,MeanReversion
2022-05-17 00:00:00+09:00,152257.65625,156136.83220541402,148378.48029458598,686754,162343.5203125,162222.29635416667,0.031184291085695082,0.02640826151492283,48.59811930162698,-354.17227965121856,1011.8170028889953,-1365.989282540214,-0.03086428654899509,1,1,-1,0.5,Trend
2022-05-18 00:00:00+09:00,151287.875,154682.15424679487,150802.9779647436,339199,161761.64375,161713.1546875,0.02967002892712044,0.025945142558941883,45.1922913065423,-1042.082285328972,601.0371452454019,-1643.1194305743738,-0.006369343085169121,1,1,-1,0.5,Trend
2022-05-19 00:00:00+09:00,148378.484375,150318.07240604574,146923.7933517157,324944,161131.27734375,161115.11510416667,0.029825471574716076,0.025939783733941214,40.566042324433006,-1801.2556754146062,120.57858111340028,-1921.8342565280066,-0.019230824843035177,1,1,-1,0.5,Trend
2022-05-20 00:00:00+09:00,148863.390625,150318.08173859934,147408.69951140066,217429,160500.91171875,160525.15729166666,0.029828716970960366,0.025950896758524616,18.18186003028154,-2336.8405317447905,-370.9052414582379,-1965.9352902865526,0.0032680361444754613,-1,1,-1,-0.19999999999999996,MeanReversion
2022-05-23 00:00:00+09:00,153227.453125,153227.453125,147893.58608583861,224089,160040.259375,160007.93385416668,0.03066311455859951,0.026283953515300544,21.24996777665355,-2381.6972934650257,-773.0636518595954,-1608.6336416054303,0.029315888088250475,1,1,-1,0.5,Trend
2022-05-24 00:00:00+09:00,150318.078125,153227.46028225805,150318.078125,182426,159385.64921875,159442.22083333333,0.030794837699020278,0.026362349997548513,20.7316905440523,-2621.7865250867326,-1142.808226505023,-1478.9782985817096,-0.018987295949026706,-1,1,-1,-0.19999999999999996,MeanReversion
2022-05-25 00:00:00+09:00,152257.65625,153227.45023885352,150318.068272293,126697,159312.9140625,159005.81328125,0.027894110480169033,0.026170664193217053,28.767089425611672,-2625.2885339061904,-1439.3042879852565,-1185.984245920934,0.012903159414977994,1,1,-1,0.5,Trend
2022-05-26 00:00:00+09:00,149833.1875,154197.2609223301,148378.4963592233,256175,158997.73046875,158601.73255208333,0.02783020745583277,0.026069882417006588,29.999990793312634,-2791.519369489455,-1709.747304286096,-1081.772065203359,-0.015923460335020123,1,1,-1,0.5,Trend
2022-05-27 00:00:00+09:00,151287.875,152742.56610576922,149348.28685897437,333183,158658.303125,158221.89661458333,0.027763479244580745,0.026115385071924856,34.78259245197195,-2773.901569795562,-1922.5781573879894,-851.3234124075725,0.009708713565210747,1,1,-1,0.5,Trend
2022-05-30 00:00:00+09:00,156621.75,157106.64705882352,153227.4705882353,320869,157858.22421875,157833.97942708334,0.020156343676403638,0.02615679897688941,42.30769866339034,-2302.9927344821626,-1998.6610728068242,-304.3316616753384,0.03525646057226983,1,1,-1,0.5,Trend
2022-05-31 00:00:00+09:00,158561.328125,160016.0192087156,157106.6370412844,588568,157009.65390625,157462.22526041666,0.019930923226760155,0.02620657722994259,43.75001258725991,-1753.077953430533,-1949.544448931566,196.46649550103302,0.012383836376492985,-1,1,-1,-0.19999999999999996,MeanReversion
2022-06-02 00:00:00+09:00,157106.640625,159046.2287808642,156136.84654706792,160594,156185.3296875,157066.22630208332,0.019905253639910865,0.026220509302842678,47.945207898170594,-1418.2983904592693,-1843.295237237107,424.9968467778376,-0.009174289325157625,-1,1,1,0.30000000000000004,Trend
2022-06-03 00:00:00+09:00,161470.703125,162440.49713776275,157591.52707394896,222114,155894.39140625,156856.10416666666,0.01966287238703656,0.02606606537494322,51.89873211194483,-791.7134235677077,-1632.9788745032272,841.2654509355195,0.027777708711986593,-1,1,1,0.30000000000000004,Trend
2022-06-07 00:00:00+09:00,155167.03125,161470.69189453125,154197.2373046875,288293,155482.22890625,156629.81848958333,0.020913298059286215,0.02625855430302813,47.67439115641032,-794.6339161903306,-1465.3098828406478,670.6759666503172,-0.039039105874953184,-1,1,1,0.30000000000000004,Trend
2022-06-08 00:00:00+09:00,150318.078125,156136.84243951613,150318.078125,302234,154924.59765625,156322.71692708333,0.021828524856544917,0.026548194510497173,47.67442688269825,-1174.6774697700166,-1407.1834002265216,232.50593045650498,-0.0312498930084415,-1,1,1,0.30000000000000004,Trend
2022-06-09 00:00:00+09:00,152257.65625,152257.65625,148863.37728901274,292296,154415.45546875,156153.00286458334,0.02203858282963667,0.026184311348915464,51.13635032091561,-1304.321571921988,-1386.611034565615,82.28946264362708,0.012903159414977994,-1,1,1,0.30000000000000004,Trend
2022-06-10 00:00:00+09:00,148378.484375,151287.86642156861,148378.484375,207465,153663.865625,156136.83958333332,0.02248140249107165,0.0240499102593252,50.0,-1700.4801311929186,-1449.3848538910759,-251.09527730184277,-0.02547768020696828,-1,1,-1,-0.19999999999999996,MeanReversion
2022-06-13 00:00:00+09:00,144984.203125,147408.6881270903,144014.40912416388,222137,152985.009375,156072.18645833334,0.022119224547194654,0.02423036896456439,45.83331375314598,-2262.250952488481,-1611.958073610557,-650.2928788779238,-0.022875831791228984,-1,1,-1,-0.19999999999999996,MeanReversion
2022-06-14 00:00:00+09:00,141589.9375,143529.52568493152,139165.45226883562,409490,152063.70546875,155926.71744791666,0.022273495337684652,0.0243763405333181,37.23403270674823,-2947.371777406748,-1879.0408143697953,-1068.3309630369529,-0.023411278965844273,-1,1,-1,-0.19999999999999996,MeanReversion
2022-06-15 00:00:00+09:00,137710.765625,143044.63330765846,136256.07443882042,293028,151093.91171875,155732.75885416666,0.022642831951466196,0.024611527492159703,36.45832004677763,-3760.0086783836596,-2255.2343871725684,-1504.7742912110912,-0.027397228528333817,-1,1,-1,-0.19999999999999996,MeanReversion
2022-06-16 00:00:00+09:00,130922.1875,141105.02430555556,130437.29050925926,543242,150027.13828125,155474.146875,0.02410775054277486,0.025313975805152225,29.24526179664136,-4895.379905036447,-2783.2634907453444,-2112.1164142911025,-0.04929591447836379,-1,1,-1,-0.19999999999999996,MeanReversion
2022-06-17 00:00:00+09:00,135286.265625,135286.265625,127043.01646505376,406829,149227.0578125,155288.26953125,0.025743248266352804,0.02570587265164858,36.36361772202551,-5380.996372869413,-3302.810067170158,-2078.1863056992547,0.03333337311523299,-1,1,-1,-0.19999999999999996,MeanReversion
2022-06-20 00:00:00+09:00,135286.265625,137710.750672043,133831.57459677418,250449,148572.446875,155037.73932291666,0.025559777787741357,0.02545275371102767,34.57942349106615,-5700.143219486461,-3782.2766976334187,-1917.8665218530423,0.0,-1,1,-1,-0.19999999999999996,MeanReversion
2022-06-21 00:00:00+09:00,136740.953125,137710.74711879433,133831.57114361704,157140,147966.325,154787.20911458333,0.025733840922009907,0.025461194106962078,29.292892469985887,-5769.184700801969,-4179.658298267129,-1589.5264025348397,0.010752662092338605,-1,1,-1,-0.19999999999999996,MeanReversion
2022-06-22 00:00:00+09:00,122678.9453125,136256.06178977274,121709.1512784091,867468,146438.899609375,154318.475390625,0.03357024207623902,0.028951827918230297,20.161270099155686,-6879.286943846295,-4719.584027382963,-2159.7029164633323,-0.10283684215397704,-1,1,-1,-0.19999999999999996,MeanReversion
2022-06-23 00:00:00+09:00,124133.6484375,125588.33963012695,120739.36898803711,323898,145129.678125,153873.98671875,0.03389160299332059,0.029015494812411585,22.580640550769772,-7554.584042312956,-5286.584030368962,-2268.0000119439937,0.01185780592826613,-1,1,-1,-0.19999999999999996,MeanReversion
2022-06-24 00:00:00+09:00,125588.3359375,127527.92413730695,124133.64478764478,284786,143796.212109375,153494.15091145833,0.03385190644726533,0.029027417830935726,18.644071730801826,-7881.527392481308,-5805.572702791431,-2075.9546896898773,0.011718720252812176,-1,1,-1,-0.19999999999999996,MeanReversion
2022-06-27 00:00:00+09:00,129467.5078125,129952.40484550562,123648.74341643258,253558,142777.928125,153081.98854166668,0.03496445092519786,0.02885170194958188,26.54867786585018,-7738.412005661841,-6192.140563365514,-1546.2714422963272,0.03088799486068905,-1,1,-1,-0.19999999999999996,MeanReversion
2022-06-28 00:00:00+09:00,128497.71875,131407.10106132075,126073.23349056604,215029,141638.4203125,152637.5,0.03473597258999525,0.02883222568094027,28.57142857142857,-7615.459624898329,-6476.804375672078,-1138.6552492262508,-0.007490598057270814,-1,1,-1,-0.19999999999999996,MeanReversion
2022-06-29 00:00:00+09:00,134801.359375,134801.359375,127043.00775629496,446987,140547.40078125,152298.07213541667,0.03570758492113128,0.02957407611974942,34.21051515811914,-6929.489024586161,-6567.341305454895,-362.14771913126606,0.04905643996111797,-1,1,-1,-0.19999999999999996,MeanReversion
2022-06-30 00:00:00+09:00,126073.21875,134316.46766826924,125103.42475961537,424089,138922.9953125,151724.27760416668,0.03773316641098568,0.03033708233847365,31.451602215199486,-7009.341065371962,-6655.741257438309,-353.5998079336532,-0.064748164747504,-1,1,-1,-0.19999999999999996,MeanReversion
2022-07-01 00:00:00+09:00,126558.125,128497.71312260536,125103.43390804598,274749,137395.56953125,151134.31953125,0.037886706140562706,0.030306662491385424,33.898306936130325,-6953.342694872234,-6715.261544925094,-238.08114994713924,0.003846227254350909,-1,1,-1,-0.19999999999999996,MeanReversion
2022-07-04 00:00:00+09:00,124133.6484375,127043.0308227539,122194.06018066406,190071,135528.716796875,150503.953515625,0.036832615232465525,0.030365020455795123,34.48275766280186,-7023.634492829748,-6776.936134506025,-246.69835832372246,-0.01915702024267507,-1,1,-1,-0.19999999999999996,MeanReversion
2022-07-05 00:00:00+09:00,126073.21875,128012.80673076923,124133.63076923076,122989,134074.026171875,149986.72981770834,0.0368014810178149,0.03027787262537061,39.28569168004511,-6843.941437892441,-6790.337195183309,-53.60424270913245,0.015624855443417962,-1,1,-1,-0.19999999999999996,MeanReversion
2022-07-06 00:00:00+09:00,126558.125,130437.30124521072,125103.43390804598,237596,132886.028515625,149574.56731770834,0.03657365090338364,0.02995895910614375,45.454552852011766,-6586.4806662134215,-6749.565889389332,163.08522317591087,0.003846227254350909,-1,1,1,0.30000000000000004,Trend
2022-07-07 00:00:00+09:00,130922.1875,131891.9814814815,127527.9085648148,165829,131819.255078125,149267.46575520834,0.03751520950965294,0.030303430505650337,45.45453509808925,-5961.5764357958105,-6591.967998670628,630.3915628748173,0.03448267347513245,-1,1,1,0.30000000000000004,Trend
2022-07-08 00:00:00+09:00,128982.609375,131891.99154135337,128012.81531954887,128173,130849.461328125,148895.711328125,0.03731482349051759,0.030281390388063722,43.689317199118896,-5558.765092183225,-6385.327417373148,826.5623251899233,-0.014814739671226484,-1,1,-1,-0.19999999999999996,MeanReversion
2022-07-11 00:00:00+09:00,127043.0234375,129467.50861760497,125588.33232943702,114452,129952.40234375,148459.30416666667,0.037175477418240746,0.03025508279800882,40.38461389499919,-5334.549212946193,-6175.171776487758,840.6225635415649,-0.01503757713461129,-1,1,-1,-0.19999999999999996,MeanReversion
2022-07-12 00:00:00+09:00,126073.21875,127043.01274038461,124618.52776442307,117074,129176.56640625,147950.16197916667,0.03695993207821451,0.030080735258574156,54.54545264324809,-5175.452254564501,-5975.227872103107,799.7756175386057,-0.007633671344236426,-1,1,1,0.30000000000000004,Trend
2022-07-13 00:00:00+09:00,131891.984375,133346.67537913602,126073.22035845589,195845,128885.62734375,147513.7546875,0.0382507611037232,0.030691076147430572,59.302318828252936,-4527.649091962725,-5685.712116075031,1158.0630241123063,0.046153859500791095,-1,1,1,0.30000000000000004,Trend
2022-07-14 00:00:00+09:00,130437.3125,133831.59200743493,129952.41542750929,172436,128861.38359375,147077.34739583332,0.03660547130412727,0.0306983466146515,55.81397135152969,-4084.5560618107847,-5365.480905222183,1280.924843411398,-0.011029266728325382,-1,1,1,0.30000000000000004,Trend
2022-07-15 00:00:00+09:00,129467.5078125,131891.9929775281,127043.02264747191,127723,128570.445703125,146519.71575520834,0.035794603560111785,0.030190579283681972,50.0,-3768.2190923263406,-5046.028542643015,1277.809450316674,-0.007435025062326406,-1,1,1,0.30000000000000004,Trend
2022-07-18 00:00:00+09:00,129952.3984375,132376.88348297574,128982.6044193097,117689,128303.75234375,146002.4921875,0.03581643975848892,0.030186883537087716,51.89872230190826,-3438.753335980102,-4724.573501310432,1285.8201653303304,0.0037452688569725723,-1,1,1,0.30000000000000004,Trend
2022-07-19 00:00:00+09:00,129467.5078125,130922.19891151685,128497.71374648876,103096,127940.080078125,145469.10559895833,0.03569213450670116,0.03017453372469343,41.79105733814183,-3180.117555811623,-4415.682312210671,1235.5647563990478,-0.0037312941571694402,-1,1,-1,-0.19999999999999996,MeanReversion
2022-07-20 00:00:00+09:00,133831.5625,134801.35643115942,129952.38677536232,191796,128497.7109375,144992.28997395834,0.02645599372950831,0.030523834360218813,63.79311685872926,-2593.112310741635,-4051.168311916864,1458.0560011752286,0.03370772142938128,-1,1,1,0.30000000000000004,Trend
2022-07-21 00:00:00+09:00,131407.09375,133346.681849631,130437.29970018449,184254,128861.383203125,144458.903515625,0.026862393476948614,0.030560603077826272,58.064536247717065,-2297.061693541589,-3700.346988241809,1403.2852947002198,-0.018115821893658346,-1,1,1,0.30000000000000004,Trend
2022-07-22 00:00:00+09:00,135286.265625,137225.8536626344,130922.19254032258,224219,129346.2796875,144151.801953125,0.02744018095853032,0.029894281305832077,67.69232981015696,-1729.4862547832308,-3306.1748415500933,1576.6885867668625,0.029520262295581023,-1,1,1,0.30000000000000004,Trend
2022-07-25 00:00:00+09:00,133831.5625,136256.04732789856,132861.76856884058,86151,129564.482421875,143780.04700520833,0.026871495033358894,0.029822661956641242,62.50000629363059,-1381.1400918838626,-2921.1678916168476,1540.027799732985,-0.010752777588172169,-1,1,1,0.30000000000000004,Trend
2022-07-26 00:00:00+09:00,133346.6875,134801.37863636363,132376.8934090909,75381,129806.930859375,143367.884765625,0.026815607853462507,0.029758490292761883,60.93753540170774,-1131.1593079383892,-2563.166174881156,1432.006866942767,-0.0036230242772514742,-1,1,1,0.30000000000000004,Trend
2022-07-27 00:00:00+09:00,137225.859375,138195.65343418726,129952.4039310954,229211,129928.155859375,142777.926953125,0.025385359881159388,0.027594398399793586,60.317502941026035,-612.9651047567313,-2173.1259608562714,1560.16085609954,0.029090875429507834,-1,1,1,0.30000000000000004,Trend
2022-07-28 00:00:00+09:00,123648.7421875,139650.34411764707,123163.84515931373,858036,129806.93203125,141913.19375,0.031300101761318165,0.030346034656477335,43.67815134065027,-1283.062013463321,-1995.1131713776813,712.0511579143604,-0.09893993194385853,-1,1,-1,-0.19999999999999996,MeanReversion
2022-07-29 00:00:00+09:00,125103.4296875,125103.4296875,121709.15058745154,527143,129734.197265625,141105.03216145834,0.03141275407008524,0.030421632490375796,47.67440814817063,-1677.4014773962845,-1931.570832581402,254.16935518511764,0.011764676892500159,-1,1,1,0.30000000000000004,Trend
2022-08-01 00:00:00+09:00,124133.6484375,125103.44256591797,123648.75137329102,168532,129734.197265625,140385.76848958334,0.031154586120284468,0.030140959152937293,47.67443494291118,-2044.60267874095,-1954.177201813312,-90.4254769276381,-0.0077518358403319,-1,1,-1,-0.19999999999999996,MeanReversion
2022-08-02 00:00:00+09:00,123163.8359375,124133.62992125984,122194.04195374016,142065,129588.728125,139714.99440104168,0.03097999684843643,0.030045870984273065,38.15786879522009,-2386.3595723444305,-2040.6136759195358,-345.7458964248947,-0.00781264799840542,-1,1,-1,-0.19999999999999996,MeanReversion
2022-08-03 00:00:00+09:00,123648.7421875,125103.43327205883,122678.94813112744,228973,129443.258984375,139084.62838541667,0.030980773182314365,0.030051015552759255,40.54051229506858,-2588.2408613802545,-2150.13911301168,-438.1017483685746,0.003937083043159317,-1,1,-1,-0.19999999999999996,MeanReversion
2022-08-04 00:00:00+09:00,123648.7421875,125103.43327205883,122678.94813112744,196672,129079.58671875,138438.09908854167,0.029868781915015626,0.030025702148621675,41.66665174843202,-2716.9143401248,-2263.494158434304,-453.42018169049607,0.0,-1,1,-1,-0.19999999999999996,MeanReversion
2022-08-05 00:00:00+09:00,125103.4296875,126073.22371608527,123163.84163032945,206633,128885.627734375,137799.6515625,0.029895864490849303,0.030068871065450496,43.243235593426256,-2670.721460621251,-2344.9396188716937,-325.7818417495573,0.011764676892500159,-1,1,-1,-0.19999999999999996,MeanReversion
2022-08-08 00:00:00+09:00,121709.1484375,125103.42747758965,121224.25143177291,296582,128618.933984375,137185.44856770834,0.030316897748620415,0.030032892887313187,39.99997986039224,-2874.8637606042466,-2450.9244472182045,-423.93931338604216,-0.027131800131129036,-1,1,-1,-0.19999999999999996,MeanReversion
2022-08-09 00:00:00+09:00,121224.2421875,122194.036125,117829.96340625,300593,128376.48515625,136538.91901041666,0.030292832728224243,0.02998034686984133,31.944439782501334,-3040.72430890314,-2568.884419555192,-471.839889347948,-0.003984139698824718,-1,1,-1,-0.19999999999999996,MeanReversion
2022-08-10 00:00:00+09:00,121224.2421875,122678.93309374999,120254.44825,158237,127843.098046875,135940.87903645833,0.02821052915183519,0.029931548952774317,34.32833703300511,-3136.019903052933,-2682.3115162547406,-453.70838679819235,0.0,-1,1,-1,-0.19999999999999996,MeanReversion
2022-08-11 00:00:00+09:00,123648.7421875,123648.7421875,121709.1540747549,241603,127503.66953125,135464.06380208334,0.02865661672871048,0.02987707648319011,31.25002045425309,-2981.536167380531,-2742.156446479899,-239.37972090063204,0.02000012502656001,-1,1,-1,-0.19999999999999996,MeanReversion
2022-08-12 00:00:00+09:00,122678.9453125,124133.63636363637,122194.04829545456,122696,127164.24140625,134987.24830729168,0.028660382541692758,0.029880150491484386,31.746061785412607,-2903.8869950744556,-2774.5025561988105,-129.38443887564517,-0.007843160050341691,-1,1,-1,-0.19999999999999996,MeanReversion
2022-08-16 00:00:00+09:00,124133.6484375,124133.6484375,121709.16311645508,124587,126873.30390625,134583.16770833332,0.02881157667360682,0.029869854787065848,35.384643222487696,-2693.913325944901,-2758.3847101480287,64.47138420312785,0.01185780592826613,-1,1,-1,-0.19999999999999996,MeanReversion
2022-08-17 00:00:00+09:00,124133.6484375,126073.23669433594,124133.6484375,196138,126606.6109375,134171.00533854167,0.028813815629990143,0.02986127800940489,26.315847493438753,-2498.704174052007,-2706.4486029288246,207.74442887681744,0.0,-1,1,-1,-0.19999999999999996,MeanReversion
2022-08-18 00:00:00+09:00,124133.6484375,124618.54550170898,122194.06018066406,142142,126121.715234375,133686.10859375,0.027607203749076797,0.029569304866315572,51.72416475179227,-2317.287269588327,-2628.6163362607253,311.3290666723983,0.0,-1,1,1,0.30000000000000004,Trend
2022-08-19 00:00:00+09:00,123163.8359375,124133.62992125984,122194.04195374016,114764,125709.55234375,133233.537890625,0.027416245302880646,0.029503713731064356,42.85715929753493,-2226.107646209799,-2548.1145982505404,322.00695204074145,-0.00781264799840542,-1,1,-1,-0.19999999999999996,MeanReversion
2022-08-22 00:00:00+09:00,123163.8359375,123648.73292937991,119769.55699434054,116602,125103.430859375,132748.64088541668,0.02636201787332246,0.029431167973537477,46.153798486504705,-2129.3018712413177,-2464.352052848696,335.05018160737836,0.0,-1,1,1,0.30000000000000004,Trend
2022-08-23 00:00:00+09:00,119284.671875,123163.8481961382,118799.77483485772,196689,124376.086328125,132239.49895833334,0.027038041690791322,0.02961760452146258,37.50008181678578,-2338.640327505418,-2439.209707780041,100.56938027462274,-0.03149596659581555,-1,1,-1,-0.19999999999999996,MeanReversion
2022-08-24 00:00:00+09:00,117829.9765625,119769.56465406378,113465.90335648147,528983,123600.25078125,131681.86731770833,0.027071330295198894,0.02958396382260011,32.35298856359209,-2592.0448372279498,-2469.7767336696224,-122.26810355832731,-0.012195157094655018,-1,1,-1,-0.19999999999999996,MeanReversion
2022-08-25 00:00:00+09:00,120739.359375,122678.94747740965,117829.97722138555,236623,122775.92578125,131083.82747395834,0.026796510345395902,0.02938482443032671,42.500017118604546,-2528.954643708814,-2481.6123156774606,-47.34232803135319,0.024691363754594242,-1,1,-1,-0.19999999999999996,MeanReversion
2022-08-26 00:00:00+09:00,120254.453125,123648.73204385082,119284.65914818548,220859,122606.211328125,130445.37955729167,0.013737029332073747,0.029303560575921452,36.84213204146451,-2489.3869890290516,-2483.167250347779,-6.219738681272702,-0.004016140656287082,-1,1,-1,-0.19999999999999996,MeanReversion
2022-08-29 00:00:00+09:00,117345.078125,119284.66619318182,116375.2840909091,151628,122218.29375,129782.68684895833,0.014294318269947795,0.029410421041635403,37.8378813827603,-2662.104501869355,-2518.9547006520943,-143.14980121726057,-0.02419349075560484,-1,1,-1,-0.19999999999999996,MeanReversion
2022-08-30 00:00:00+09:00,119769.5546875,121224.24563512146,115405.48184463564,146817,122000.0890625,129087.66770833333,0.015184451674707292,0.02929468427155597,46.341478749925336,-2573.6815795719594,-2529.9000764360676,-43.78150313589185,0.020661084395183327,-1,1,-1,-0.19999999999999996,MeanReversion
2022-08-31 00:00:00+09:00,119284.671875,119769.56891514227,117345.08371443089,207336,121806.130859375,128489.62838541667,0.01512849867249541,0.028935368552437467,45.238143646120605,-2513.7547670361237,-2526.6710145560787,12.91624751995505,-0.004048464685079134,-1,1,1,0.30000000000000004,Trend
2022-09-01 00:00:00+09:00,116375.2890625,119769.56832682292,116375.2890625,138931,121442.458203125,127923.915234375,0.015911407387728838,0.02883643388110362,32.55814999134466,-2670.244300467748,-2555.3856717384124,-114.85862872933558,-0.024390248694725725,-1,1,-1,-0.19999999999999996,MeanReversion
2022-09-02 00:00:00+09:00,115890.390625,117829.97875261506,115405.49359309624,113774,121054.540625,127317.794140625,0.015896927633931905,0.02874909326311755,33.33334612036872,-2801.1012826382066,-2604.5287939183713,-196.5724887198353,-0.004166678694474291,-1,1,-1,-0.19999999999999996,MeanReversion
2022-09-05 00:00:00+09:00,113950.7890625,116860.17091090426,112980.99511303191,216702,120496.90859375,126743.99921875,0.01576742913547388,0.02866015020752522,25.581350037506454,-3026.4292276989436,-2688.9088806744858,-337.5203470244578,-0.016736517601154688,-1,1,-1,-0.19999999999999996,MeanReversion
2022-09-06 00:00:00+09:00,116860.1796875,119769.56175440871,113950.79762059129,250656,120254.46015625,126275.26549479166,0.01615047440965608,0.02880368268454958,34.69385876191441,-2936.3908530006593,-2738.4052751397207,-197.98557786093852,0.025531991914546914,-1,1,-1,-0.19999999999999996,MeanReversion
2022-09-07 00:00:00+09:00,114435.703125,117829.98245497882,114435.703125,167753,119915.033203125,125822.694921875,0.016695580883885508,0.028773596128652417,31.4814765087455,-3025.7903609664063,-2795.882292305058,-229.90806866134835,-0.020746815288008147,-1,1,-1,-0.19999999999999996,MeanReversion
2022-09-08 00:00:00+09:00,113950.7890625,116375.27393617021,111526.30418882979,273644,119551.360546875,125426.6953125,0.01668400565957138,0.028597556418686033,32.07546825667525,-3100.0333723530493,-2856.7125083146566,-243.32086403839276,-0.004237436824854557,-1,1,-1,-0.19999999999999996,MeanReversion
2022-09-13 00:00:00+09:00,117829.9765625,118314.87358539095,115405.49144804527,251288,119260.422265625,125208.491796875,0.01790694727539223,0.028293042601171093,40.98362474307186,-2813.4221035265946,-2848.0544273570445,34.63232383044988,0.0340426558860627,-1,1,-1,-0.19999999999999996,MeanReversion
2022-09-14 00:00:00+09:00,115890.390625,117829.97875261506,113465.90546548118,115805,118920.99453125,124885.22721354167,0.018151625929077233,0.02798773664907185,43.85965110639005,-2711.532128907289,-2820.749967667093,109.21783875980418,-0.016460887068675545,-1,1,-1,-0.19999999999999996,MeanReversion
2022-09-15 00:00:00+09:00,116860.1796875,120254.45876556016,116375.28267634855,243511,118557.32109375,124578.12578125,0.0180209998379392,0.028021409345888863,48.214281604168775,-2523.441059716555,-2761.2881860769858,237.8471263604306,0.00836815768132193,-1,1,1,0.30000000000000004,Trend
2022-09-16 00:00:00+09:00,120254.453125,120739.35011340726,115405.48324092742,294874,118363.361328125,124303.35078125,0.01936089623385067,0.028258590988445312,49.12279065297458,-2076.550847419363,-2624.340718345461,547.789870926098,0.02904559488592895,-1,1,1,0.30000000000000004,Trend
2022-09-19 00:00:00+09:00,115405.484375,120254.45430672269,114435.69038865546,243696,117926.953125,124182.12643229167,0.02127595187807209,0.025125148526650667,42.42424464348051,-2089.571113027894,-2517.3867972819476,427.8156842540534,-0.040322571214553515,-1,1,-1,-0.19999999999999996,MeanReversion
2022-09-20 00:00:00+09:00,115890.390625,117829.97875261506,113465.90546548118,243633,117563.280859375,124044.73880208333,0.021321139494651798,0.025078622150066385,47.54099096743385,-2037.2774195528036,-2421.364921736119,384.08750218331534,0.004201760883601802,-1,1,1,0.30000000000000004,Trend
2022-09-21 00:00:00+09:00,116375.2890625,119284.67128906249,115405.49498697916,262337,117223.853515625,123891.18802083333,0.021372888331492115,0.02503250248908346,43.859679372448284,-1934.408383558868,-2323.973614100669,389.5652305418007,0.004184112547079399,-1,1,-1,-0.19999999999999996,MeanReversion
2022-09-22 00:00:00+09:00,113950.7890625,116375.27393617021,112496.09813829786,274688,116957.159375,123632.57604166666,0.020716598815462645,0.024809067596265156,40.98359703154949,-2025.175852411965,-2264.214061762928,239.03820935096292,-0.020833460604320453,-1,1,-1,-0.19999999999999996,MeanReversion
2022-09-23 00:00:00+09:00,107162.2421875,114435.69753959276,105222.6540936086,530005,116423.77265625,123276.984765625,0.02452808527198118,0.025957039265371146,36.23189657910025,-2614.747541941746,-2334.320757798692,-280.4267841430542,-0.059574373559419636,-1,1,-1,-0.19999999999999996,MeanReversion
2022-09-26 00:00:00+09:00,105707.546875,107162.23788704128,102798.16485091743,270282,115672.18203125,122792.087890625,0.02360772982468159,0.02511324302647254,35.21127815283373,-3162.909061038401,-2500.038418446634,-662.8706425917671,-0.013574700219082247,-1,1,-1,-0.19999999999999996,MeanReversion
2022-09-27 00:00:00+09:00,108132.03125,109586.72225336323,103767.95823991032,227159,115066.0609375,122493.06809895833,0.02450195974792352,0.023947535720540765,41.66668344963933,-3362.9296280111303,-2672.616660359533,-690.3129676515973,0.022935773714122476,-1,1,-1,-0.19999999999999996,MeanReversion
2022-09-28 00:00:00+09:00,104737.7578125,109586.72808159722,103767.96375868055,250861,114435.694921875,122129.3953125,0.02486019418475512,0.02422840082475681,32.876725934034894,-3752.085165491051,-2888.5103613858364,-863.5748041052148,-0.031390083014832815,-1,1,-1,-0.19999999999999996,MeanReversion
2022-09-29 00:00:00+09:00,102313.265625,106677.3385663507,101828.36863151658,235745,113562.88046875,121765.722265625,0.024363451564710772,0.024280240974878957,32.876711421749675,-4207.627083995365,-3152.333705907742,-1055.2933780876228,-0.023148215487296286,-1,1,-1,-0.19999999999999996,MeanReversion
2022-09-30 00:00:00+09:00,98919.0,102313.2794117647,98434.10294117648,248288,112544.596875,121313.151953125,0.025013843022710276,0.024468044095620915,30.379772393127126,-4787.350607507338,-3479.3370862276615,-1308.0135212796768,-0.03317522517012317,-1,1,-1,-0.19999999999999996,MeanReversion
2022-10-04 00:00:00+09:00,99888.7890625,101343.48016535194,98434.09795964806,238734,111720.271875,120868.66302083334,0.02508847019769347,0.02451223519988734,24.657527595105236,-5109.63115675452,-3805.3959003330333,-1304.2352564214866,0.00980387046472364,-1,1,-1,-0.19999999999999996,MeanReversion
2022-10-05 00:00:00+09:00,100858.5703125,102313.26123046875,96979.39453125,231964,110968.680859375,120367.602734375,0.025378107711027477,0.02407374703154543,28.168980205553268,-5226.539280446712,-4089.624576355769,-1136.914704090943,0.009708609535682866,-1,1,-1,-0.19999999999999996,MeanReversion
2022-10-06 00:00:00+09:00,102798.1640625,104737.75206367925,100373.67906102593,212258,110411.049609375,119931.1953125,0.02590413180624183,0.024219840385329705,30.13697571948559,-5103.846835699034,-4292.469028224423,-811.3778074746115,0.019230827325733113,-1,1,-1,-0.19999999999999996,MeanReversion
2022-10-07 00:00:00+09:00,102313.265625,103283.05961196682,100858.57464454976,157658,109683.70390625,119519.03268229167,0.02490296722910787,0.02417424327949855,22.388057548005563,-4988.238136558284,-4431.622849891195,-556.6152866670891,-0.004716995112920341,-1,1,-1,-0.19999999999999996,MeanReversion
2022-10-11 00:00:00+09:00,95330.7578125,101343.48109263733,95039.81958926754,363562,108728.456640625,119006.65833333334,0.028613103594399864,0.02567600001344331,21.008405826469144,-5397.824672000046,-4624.863214312965,-772.9614576870808,-0.06824635857184336,-1,1,-1,-0.19999999999999996,MeanReversion
2022-10-12 00:00:00+09:00,96591.484375,96591.484375,93100.22590361445,249624,107860.49140625,118418.31666666667,0.029030380360520778,0.02494668481912257,22.739696579512042,-5556.641352366103,-4811.218841923594,-745.4225104425095,0.013224761781288397,-1,1,-1,-0.19999999999999996,MeanReversion
2022-10-13 00:00:00+09:00,92033.453125,96300.5468420706,91742.5149170179,301159,106570.665234375,117778.25234375,0.028600312743440715,0.025552081049254233,19.164587553825186,-5981.350459748457,-5045.245165488566,-936.1052942598908,-0.04718874836113107,-1,1,-1,-0.19999999999999996,MeanReversion
2022-10-14 00:00:00+09:00,94554.9140625,97949.19302884614,92033.44968749999,333233,105503.89140625,117196.37578125,0.029894061997475685,0.025899937870034515,25.4901724622017,-6044.794039352855,-5245.154940261424,-799.6390990914315,0.02739722190012084,-1,1,-1,-0.19999999999999996,MeanReversion
2022-10-17 00:00:00+09:00,93973.0390625,94070.0184629773,90093.86304340816,294168,104359.534375,116596.71979166666,0.029595904066696013,0.02587331377985598,30.232528186086256,-6072.03138474829,-5410.530229158798,-661.5011555894926,-0.00615383140864989,-1,1,-1,-0.19999999999999996,MeanReversion
2022-10-18 00:00:00+09:00,95136.796875,96300.54974197249,94070.02341360856,184168,103103.6515625,116024.54127604167,0.02865861170787327,0.02597354468815079,34.01758394614444,-5931.338865360129,-5514.691956399064,-416.6469089610646,0.012383954207610515,-1,1,-1,-0.19999999999999996,MeanReversion
2022-10-19 00:00:00+09:00,95136.796875,96397.52914755352,94554.92044151376,147861,102090.2171875,115379.628515625,0.027900790636035847,0.025493439421592594,28.797451090062808,-5753.516078200046,-5562.45678075926,-191.05929744078549,0.0,-1,1,-1,-0.19999999999999996,MeanReversion
2022-10-20 00:00:00+09:00,95427.7265625,96397.5205316311,92615.32405201982,205020,101067.083984375,114779.97239583333,0.027872166239625674,0.025463573070677002,33.098550798635046,-5525.421029676334,-5555.049630542676,29.628600866341912,0.0030580143231251355,-1,1,-1,-0.19999999999999996,MeanReversion
2022-10-21 00:00:00+09:00,96106.59375,96979.40842583249,93585.12913092836,147794,100053.64921875,114126.97786458333,0.027956062662458068,0.025115442398678398,37.96992686140008,-5229.591674369425,-5489.958039308026,260.3663649386008,0.007113940695793186,-1,1,-1,-0.19999999999999996,MeanReversion
2022-10-24 00:00:00+09:00,95330.7578125,99403.89293775432,94748.8813660351,196770,99122.64765625,113485.29778645834,0.027825706742830348,0.025108536320354254,42.259397443230746,-5000.1100984239165,-5391.988451131204,391.8783527072874,-0.008072660857361802,-1,1,-1,-0.19999999999999996,MeanReversion
2022-10-25 00:00:00+09:00,93682.1015625,96106.5865925854,92130.43114324534,155149,98448.640625,112824.22135416667,0.025058497835434,0.025152968820478013,36.99185181449566,-4894.852267145514,-5292.561214334067,397.7089471885529,-0.017294064243595253,-1,1,-1,-0.19999999999999996,MeanReversion
2022-10-26 00:00:00+09:00,86990.5234375,94748.87558354237,86893.54403567447,697499,97512.789453125,111986.96575520834,0.029236451398540315,0.026236110977677727,26.557390818356524,-5290.404617088148,-5292.1298948848835,1.7252777967350994,-0.07142856547187637,-1,1,-1,-0.19999999999999996,MeanReversion
2022-10-27 00:00:00+09:00,89899.90625,90384.80326321468,87281.46237864078,264900,96601.183203125,111424.48515625,0.029914456052300427,0.02350961915592292,28.888890593827597,-5307.933275253032,-5295.290570958513,-12.642704294518808,0.033444824764047976,-1,1,-1,-0.19999999999999996,MeanReversion
2022-10-28 00:00:00+09:00,88736.15625,89899.90911885246,84178.12418032787,637245,95801.103125,110818.36393229167,0.02945625019609742,0.023422972963907412,28.260875003940356,-5354.012044182731,-5307.034865603357,-46.977178579374595,-0.012944952320236736,-1,1,-1,-0.19999999999999996,MeanReversion
2022-10-31 00:00:00+09:00,89899.90625,91645.53549757281,88348.23580771305,362466,95180.43515625,110247.8015625,0.029598077464851557,0.023545759871987506,39.3129664197748,-5236.264503666884,-5292.880793216063,56.61628954917887,0.013114721768219484,-1,1,-1,-0.19999999999999996,MeanReversion
2022-11-01 00:00:00+09:00,93779.078125,97949.19225051707,90093.86099082213,704170,94923.4390625,109758.05559895834,0.030766836362034526,0.024331671118864088,44.9826924996,-4774.890018890466,-5189.282638350944,414.39261946047736,0.04314989900225852,-1,1,-1,-0.19999999999999996,MeanReversion
2022-11-02 00:00:00+09:00,99403.8828125,100858.5737804878,92421.36616615854,502238,94899.19375,109353.974609375,0.03357971969546992,0.025628274064381732,62.66665843181367,-3910.2972136509343,-4933.485553410942,1023.1883397600077,0.059979313083058816,-1,-1,1,-0.5,Defensive
2022-11-03 00:00:00+09:00,94167.0,97949.19670442842,93682.10298661175,473530,94564.615234375,108862.61223958334,0.03555993731727632,0.02643773056800327,49.3902494435211,-3606.104930045578,-4668.009428737869,1061.9044986922909,-0.05268287982651587,-1,-1,1,-0.5,Defensive
2022-11-04 00:00:00+09:00,106192.453125,106677.35017123287,93391.17110445205,796236,94734.3296875,108547.429296875,0.0448915190157283,0.030900137923718925,64.12556912383423,-2367.387023459669,-4207.884947682229,1840.49792422256,0.12770347494345158,-1,-1,1,-0.5,Defensive
2022-11-07 00:00:00+09:00,102798.1640625,104737.75206367925,99888.78206073113,600541,94758.574609375,108232.24622395834,0.045522882843546886,0.030974394802783287,58.42216648983342,-1640.672269456918,-3694.442412037167,2053.770142580249,-0.031963562029257875,-1,-1,1,-0.5,Defensive
2022-11-08 00:00:00+09:00,108616.9296875,110556.51771763393,103283.06260463169,741454,95422.883203125,108022.12434895833,0.04386535089404431,0.031861803421032876,63.13798879219014,-588.4367027088301,-3073.2412701714998,2484.8045674626696,0.05660378935816657,-1,-1,1,-0.5,Defensive
2022-11-09 00:00:00+09:00,109101.828125,111041.41618055556,107162.24006944445,398351,96048.400390625,107820.08411458334,0.04383940408577968,0.03187132826241368,63.276835815343375,281.3515705577447,-2402.322702025651,2683.6742725833956,0.004464298879512496,-1,-1,1,-0.5,Defensive
2022-11-10 00:00:00+09:00,108132.03125,110556.51625560538,106677.34024663677,325728,96853.329296875,107561.472265625,0.04211604016911959,0.03175756176524981,61.61047547813777,882.2406200337282,-1745.410037613775,2627.650657647503,-0.0088889149858139,-1,-1,1,-0.5,Defensive
2022-11-11 00:00:00+09:00,117829.9765625,118799.77060828189,112496.10931069958,565486,98017.082421875,107480.65611979166,0.04543698657952803,0.03372160060381928,68.53034346154718,2116.593881788038,-973.0092537334125,3089.6031355214504,0.08968614757710847,-1,-1,1,-0.5,Defensive
2022-11-14 00:00:00+09:00,117345.078125,124618.53338068182,116375.2840909091,830219,99185.684375,107367.51328125,0.0453985121531416,0.03368449625658847,69.8697041265936,3020.877685791711,-174.23186582838787,3195.109551620099,-0.004115238342959349,-1,-1,1,-0.5,Defensive
2022-11-15 00:00:00+09:00,123163.8359375,123163.8359375,117829.96902682087,400342,100587.036328125,107351.34973958334,0.04615963272573994,0.03428148240674961,80.82643793959217,4159.110603477864,692.4366280328625,3466.673975445002,0.049586722387296556,-1,-1,-1,-1.0,Defensive
2022-11-16 00:00:00+09:00,118799.765625,123163.83864795919,117829.97161989796,316358,101770.184765625,107262.45169270833,0.04737943722045516,0.03459409648340172,74.03225399887685,4655.360293505713,1485.0213611274328,3170.3389323782803,-0.03543304963897487,-1,-1,-1,-1.0,Defensive
2022-11-17 00:00:00+09:00,116860.1796875,118799.76773210581,114920.59164289419,311723,102841.807421875,107157.39075520834,0.047753470521889795,0.03464198006382072,73.0891671743253,4836.382565111533,2155.293601924253,2681.08896318728,-0.01632651316520639,-1,-1,-1,-1.0,Defensive
2022-11-18 00:00:00+09:00,114920.59375,117829.97587025317,112496.10864978904,350642,103782.507421875,107020.00338541667,0.04812904694110487,0.034702142015130034,70.28301815095821,4768.368856225919,2677.9086527845866,2090.460203441333,-0.016597492342444786,-1,-1,-1,-1.0,Defensive
2022-11-21 00:00:00+09:00,112011.2109375,115405.49005681819,109101.82883522728,433064,104616.530078125,106898.77903645833,0.04861323744999012,0.03461592154861535,65.01597590044844,4428.653858737482,3028.057693975166,1400.5961647623158,-0.02531646171989954,-1,-1,1,-0.5,Defensive
2022-11-22 00:00:00+09:00,112011.2109375,112011.2109375,108616.93181818182,288388,105532.985546875,106801.799609375,0.04828687995254435,0.03458473411269122,61.4436647684402,4112.026395078588,3244.8514341958507,867.1749608827377,0.0,-1,-1,1,-0.5,Defensive
2022-11-23 00:00:00+09:00,113950.7890625,117829.96486037233,112496.09813829786,577120,106880.998828125,106688.65677083333,0.044162372903894555,0.034507883924917236,69.10111232350899,3971.8199261711416,3390.245132590909,581.5747935802324,0.017315928546493886,1,1,1,1.0,Trend
2022-11-24 00:00:00+09:00,116860.1796875,119284.66474325726,113950.79762059129,256696,108229.0125,106632.085546875,0.04401787760095692,0.034669974792847454,62.49998855705571,4048.7967889796128,3521.9554638686504,526.8413251109623,0.025531991914546914,1,1,1,1.0,Trend
2022-11-25 00:00:00+09:00,118314.8671875,120254.45517418033,115890.38220414959,281130,109707.948046875,106648.24869791667,0.043588207631432736,0.03456367175097045,69.04761996097906,4179.00960982409,3653.366293059739,525.6433167643513,0.012448102543484385,1,1,1,1.0,Trend
2022-11-28 00:00:00+09:00,120739.359375,123163.84450301205,117345.08019578314,412349,111249.920703125,106664.412109375,0.04360652746709588,0.03456202669526586,66.23377194037846,4426.810944704237,3808.0552233886388,618.7557213155983,0.020491864168327822,1,1,1,1.0,Trend
2022-11-29 00:00:00+09:00,126073.21875,128012.80673076923,119769.55781249999,502185,112864.627734375,106777.55455729166,0.04363972077520803,0.03500115558988085,70.11494103868802,4996.002357277539,4045.644650166419,950.3577071111199,0.04417664134222998,1,1,-1,0.5,Trend
2022-11-30 00:00:00+09:00,126558.125,128012.81609195402,124618.53687739464,443014,114222.33984375,106947.26848958334,0.04246851565717707,0.034840697054166814,72.09303327659278,5423.697525450014,4321.255225223138,1102.442300226876,0.003846227254350909,1,1,-1,0.5,Trend
2022-12-01 00:00:00+09:00,124133.6484375,129467.51614379883,122678.95724487305,451577,115720.672265625,107084.65611979166,0.040270488134334176,0.03493671389461333,59.15494939345213,5503.572275864935,4557.718635351497,945.8536405134382,-0.01915702024267507,1,1,1,1.0,Trend
2022-12-02 00:00:00+09:00,127527.90625,129952.3911596958,123648.73039448669,400103,116787.444921875,107310.94140625,0.031819452816140834,0.035011915301360316,63.636365538569706,5774.200441137422,4801.014996508682,973.1854446287398,0.027343575696230138,1,1,1,1.0,Trend
2022-12-05 00:00:00+09:00,135286.265625,135286.265625,128982.60450268818,620271,118411.85,107618.04283854166,0.03209737042456362,0.03566091002707041,65.43211423618011,6539.328663887805,5148.677729984507,1390.6509339032982,0.06083656199758236,1,1,1,1.0,Trend
2022-12-06 00:00:00+09:00,130922.1875,135286.26041666666,130437.29050925926,268821,119527.112890625,107892.817578125,0.0321549492963821,0.03582475039591857,65.43210122110591,6716.134245371577,5462.169033061921,1253.9652123096557,-0.03225810177284949,1,1,1,1.0,Trend
2022-12-07 00:00:00+09:00,130922.1875,134316.46643518517,129952.39351851851,372728,120618.130859375,108175.67421875,0.03220594735972967,0.035815905937977205,68.83116910291238,6778.119994450055,5725.359225339549,1052.7607691105059,0.0,1,1,1,1.0,Trend
2022-12-08 00:00:00+09:00,131407.09375,133346.681849631,125103.43242619926,517388,121781.883984375,108401.95950520833,0.031956403135681814,0.035582328752272734,72.9729776805465,6788.122775130352,5937.91193529771,850.2108398326418,0.003703774427080919,1,1,-1,0.5,Trend
2022-12-09 00:00:00+09:00,135286.265625,135771.1626344086,130437.29553091398,360094,122654.6984375,108725.22408854167,0.026968129862976805,0.035670346303131324,81.57895238937164,7028.051795319974,6155.939907302163,872.111888017811,0.029520262295581023,1,1,-1,0.5,Trend
2022-12-12 00:00:00+09:00,128012.8125,136256.06178977274,127527.91548295456,399222,123188.08515625,108911.10130208333,0.03028896250185007,0.036433174977431156,68.13187280135423,6555.720131134425,6235.895952068616,319.8241790658094,-0.05376342595752692,1,1,1,1.0,Trend
2022-12-13 00:00:00+09:00,130437.3125,131407.1066449814,128012.82713754647,129056,123551.758984375,109080.815625,0.02870425631734625,0.03633082716662243,68.47828314112294,6304.358056560159,6249.588372966925,54.76968359323382,0.01893951044939346,1,1,1,1.0,Trend
2022-12-14 00:00:00+09:00,129467.5078125,130922.19891151685,126558.12561446629,250106,124085.14609375,109315.18268229166,0.027341750082832274,0.03592065190615989,64.77272852104824,5958.2140850953,6191.3135153926005,-233.0994302973004,-0.007435025062326406,1,1,-1,0.5,Trend
2022-12-15 00:00:00+09:00,126558.125,131407.0953065134,125588.33093869731,183239,124570.043359375,109492.97825520833,0.027626628721003882,0.036059600521678996,59.34066478838926,5387.031272436565,6030.457066801394,-643.425794364829,-0.022471914858463782,1,1,-1,0.5,Trend
2022-12-16 00:00:00+09:00,128497.71875,129467.51285377359,122194.05707547169,210907,125248.899609375,109695.01875,0.027286853490089892,0.03610175585998517,58.88889326489576,5032.858128359934,5830.937279113103,-798.0791507531685,0.015325714962986403,1,1,-1,0.5,Trend
2022-12-19 00:00:00+09:00,128012.8125,130437.29758522728,125588.32741477274,185673,126048.9796875,109929.38580729166,0.02639339027752913,0.03598631750759788,52.50000503489181,4659.335558176128,5596.616934925709,-937.2813767495809,-0.0037736564875786582,1,1,-1,0.5,Trend
2022-12-20 00:00:00+09:00,128982.609375,130437.3004581767,126073.22720864663,177274,126897.549609375,110293.05859375,0.02634681982965843,0.035016533181044716,53.0864165607143,4390.954542411899,5355.484456422947,-964.5299140110483,0.007575779768138391,1,1,-1,0.5,Trend
2022-12-21 00:00:00+09:00,128497.71875,130922.20400943396,127527.92464622641,136109,127624.89609375,110672.89479166667,0.02633970694776819,0.03495951097176938,55.844147148373075,4091.964414193062,5102.78044797697,-1010.8160337839081,-0.0037593488560170307,1,1,-1,0.5,Trend
2022-12-22 00:00:00+09:00,130922.1875,131407.08449074073,128012.80555555555,175215,128327.996484375,111052.73072916667,0.026129029633314062,0.03492575718948335,54.66666494809041,4004.4857306689664,4883.121504515369,-878.635773846403,0.01886779604793576,1,1,-1,0.5,Trend
2022-12-23 00:00:00+09:00,129467.5078125,132376.8900105337,128497.71374648876,162555,128885.628515625,111464.89322916667,0.026341279516626383,0.0346745434220981,40.32259699153748,3774.270311461558,4661.351265904607,-887.0809544430494,-0.011111024916995116,1,1,-1,0.5,Trend
2022-12-26 00:00:00+09:00,128982.609375,129952.40343045113,123163.84504229324,177215,129297.791015625,111909.38229166667,0.02613089045261846,0.03450798648061625,46.296317292286396,3512.2091212111845,4431.522836965923,-919.313715754738,-0.003745329200298242,1,1,-1,0.5,Trend
2022-12-27 00:00:00+09:00,137225.859375,137225.859375,129952.4039310954,435891,129855.423046875,112547.82994791666,0.027911167046192824,0.03494922384584596,59.15494108351151,3924.4465462718654,4330.107578827112,-405.6610325552465,0.06390977853482438,1,1,-1,0.5,Trend
2022-12-28 00:00:00+09:00,137401.234375,140324.664893617,135939.51911569148,283883,130397.578515625,113173.03736979167,0.02791897301303967,0.03494868161057598,58.784381307065566,4216.691576775003,4307.42437841669,-90.73280164168682,0.0012780025630647618,1,1,-1,0.5,Trend
2022-12-29 00:00:00+09:00,133990.59375,136426.78636363638,131554.40113636365,232848,130890.42578125,113725.23776041667,0.0282036883210724,0.035163377334626704,48.07476119962276,4125.531119741558,4271.045726681664,-145.5146069401062,-0.024822488971908085,1,1,-1,0.5,Trend
2023-01-02 00:00:00+09:00,131554.390625,132528.8675925926,126194.76730324075,297502,131091.75,114204.508203125,0.028065801941063877,0.03523672097529899,56.1459289704462,3812.7535195616074,4179.387285257652,-366.633765696045,-0.018181896630337202,1,1,-1,0.5,Trend
2023-01-03 00:00:00+09:00,129605.4375,133990.58388157893,128630.96052631579,179098,130807.70859375,114659.377734375,0.024769832206053184,0.035304604632021556,48.53216715429007,3368.7776174882893,4017.26535170378,-648.487734215491,-0.01481480865625806,1,1,-1,0.5,Trend
2023-01-04 00:00:00+09:00,128143.7265625,130092.6805786597,126682.01105038023,209432,130668.785546875,115206.260546875,0.023819303512709604,0.033985058588151366,47.704060616571994,2865.9389001375384,3787.000061390532,-921.0611612529938,-0.01127816059029163,1,1,-1,0.5,Trend
2023-01-05 00:00:00+09:00,133990.59375,134477.83227272728,128143.73147727273,253308,130822.205859375,115829.57903645834,0.025921626277615614,0.034354889227859634,61.69869343382001,2905.7334254309535,3610.7467341986167,-705.0133087676631,0.04562741652942548,1,1,-1,0.5,Trend
2023-01-06 00:00:00+09:00,133990.59375,137401.26340909093,132041.63965909093,165864,130951.380859375,116528.86471354167,0.02591575143041341,0.03363118970617291,59.20800144585508,2903.797701083269,3469.3569275755476,-565.5592264922784,0.0,1,1,-1,0.5,Trend
2023-01-09 00:00:00+09:00,141299.171875,141299.171875,135939.54811422413,297410,131252.026171875,117307.93567708334,0.027776885711376282,0.03406986245395188,68.12584732394846,3452.2098734481115,3465.9275167500605,-13.71764330194901,0.05454545666568489,1,1,-1,0.5,Trend
2023-01-10 00:00:00+09:00,136426.78125,141786.40479910714,132528.87321428573,323085,131672.724609375,118015.498046875,0.02588327235632514,0.034457331816712886,59.178345725838085,3453.8553731818392,3463.5130880364163,-9.65771485457708,-0.0344827967520599,1,1,-1,0.5,Trend
2023-01-11 00:00:00+09:00,140324.6875,142760.87999131944,136914.01801215278,312850,132167.093359375,118768.62955729167,0.026264027925190996,0.03456557542435264,63.45015439870155,3726.728495501069,3516.156169529347,210.57232597172197,0.028571415482251616,1,1,1,1.0,Trend
2023-01-12 00:00:00+09:00,136426.78125,142760.88180803572,135452.30424107143,366747,132515.05703125,119456.79596354166,0.02711957244420887,0.034845246083685,56.05707675648761,3587.1040500759555,3530.3457456386686,56.758304437286824,-0.027777765405677446,1,1,1,1.0,Trend
2023-01-13 00:00:00+09:00,135939.546875,137888.50095206095,134477.8313172043,180625,132984.128125,120131.99296875,0.026508761901100283,0.03486528605825453,57.27654655633251,3397.965300240583,3503.8696565590517,-105.90435631846867,-0.0035713983027068075,1,1,-1,0.5,Trend
2023-01-16 00:00:00+09:00,138862.96875,139837.4457236842,135939.53782894736,210182,133502.390625,120844.59921875,0.026683072070227083,0.0349215758731237,60.5310884970962,3444.2638617628545,3491.9484975998125,-47.68463583695802,0.02150530836834519,1,1,-1,0.5,Trend
2023-01-17 00:00:00+09:00,140811.921875,140811.921875,137888.49097102077,230194,134142.34609375,121602.61861979167,0.026709500326825956,0.03488516613485843,54.4145781022246,3596.7588374653424,3512.9105655729186,83.84827189242378,0.014035081797140414,1,1,1,1.0,Trend
2023-01-18 00:00:00+09:00,139837.453125,141299.16866289199,137401.2605618467,173438,134685.08828125,122371.87447916667,0.02682635422535498,0.03478920133053066,52.94121086933967,3597.5108544690884,3529.8306233521525,67.68023111693583,-0.0069203568634269574,1,1,1,1.0,Trend
2023-01-19 00:00:00+09:00,143248.109375,143735.34784226192,137401.24776785716,275781,135422.6078125,123309.50091145834,0.027121505433588097,0.03319784007453344,61.17645749452195,3829.1779093356454,3589.7000805488515,239.4778287867939,0.024390148517301924,1,1,1,1.0,Trend
2023-01-20 00:00:00+09:00,144709.828125,145197.06660353535,140324.68181818182,234240,136111.98984375,124222.999609375,0.02696857453633174,0.03304184573151999,66.26506978377712,4083.65042628994,3688.4901496970692,395.16027659287056,0.010204105006185182,1,1,1,1.0,Trend
2023-01-25 00:00:00+09:00,141883.859375,145197.0813658997,141299.1731413118,566,136732.807421875,125108.79466145833,0.027304156169705787,0.03312500070361003,64.85852035556726,4011.052749530005,3753.002669663657,258.0500798663479,-0.01952851984288817,1,1,1,1.0,Trend
2023-01-26 00:00:00+09:00,139740.0,142468.53556485355,138960.41841004184,1908,137270.676953125,125939.462890625,0.027607242692159594,0.03325032141306247,63.805110536829396,3737.4441039257217,3749.89095651607,-12.446852590348499,-0.015109959543275209,1,1,-1,0.5,Trend
2023-01-27 00:00:00+09:00,143637.90625,145684.30789942332,138960.4167656038,548,137591.279296875,126770.443359375,0.024726553162687175,0.03304201956972316,62.04379419661353,3791.4304886639875,3758.1988629456537,33.23162571833382,0.027893990625447174,1,1,1,1.0,Trend
2023-01-30 00:00:00+09:00,141006.828125,146951.13808742224,140227.24649058396,427,137771.558984375,127463.82578125,0.025160037138251014,0.03250969605058728,58.21918685805764,3580.633754613722,3722.6858412792676,-142.05208666554563,-0.018317435791779357,1,1,-1,0.5,Trend
2023-01-31 00:00:00+09:00,141786.40625,144514.94190292095,140909.3769329897,464,138161.349609375,128257.48255208334,0.024386961761410215,0.03154307374647884,50.673849671211144,3436.863243553118,3665.521321734038,-228.6580781809198,0.005528655139373173,1,1,-1,0.5,Trend
2023-02-01 00:00:00+09:00,137791.03125,142663.41566478077,134575.2575362447,12782,138473.181640625,128784.12552083333,0.024955449951540535,0.028145067467797123,51.93367840947244,2966.336623849784,3525.6843821571874,-559.3477583074036,-0.028178829731781874,1,1,-1,0.5,Trend
2023-02-02 00:00:00+09:00,147048.578125,149582.21830475482,142760.8793592611,1974,139345.338671875,129521.632421875,0.028236071377846134,0.02879039131305942,58.27338433788355,3302.3797736679553,3481.023460459341,-178.6436867913858,0.0671854096091613,1,1,-1,0.5,Trend
2023-02-03 00:00:00+09:00,145781.765625,146853.69037224265,143443.02072192513,757,140227.240625,130141.04635416667,0.028153831087576044,0.028116050577241695,62.30770717179221,3426.97121841248,3470.213012049969,-43.24179363748908,-0.008614925191069434,1,1,-1,0.5,Trend
2023-02-06 00:00:00+09:00,144027.6875,146074.0890138701,142760.86751522328,1151,140729.0953125,130723.14401041667,0.02693714464396691,0.028201691805418202,60.297743548405705,3345.6053350252914,3445.2914766450335,-99.6861416197421,-0.012032218964284525,1,1,-1,0.5,Trend
2023-02-07 00:00:00+09:00,144417.484375,146756.2290612348,143345.55972714236,722,141250.43984375,131327.9015625,0.02692484815876291,0.028146843042115757,57.55967436465935,3274.8254866731877,3411.1982786506646,-136.37279197747694,0.002706402371418948,1,1,-1,0.5,Trend
2023-02-08 00:00:00+09:00,145391.96875,147048.57965398795,144320.0440474196,531,141455.0796875,131787.26809895833,0.024320878964455103,0.02606046775528907,56.4032727309268,3259.7878862643265,3380.9162001733976,-121.12831390907104,0.00674768972203954,1,1,-1,0.5,Trend
2023-02-09 00:00:00+09:00,145391.96875,150264.35376172923,144222.596347185,637,141903.3390625,132254.71627604167,0.022763572853936966,0.02604544591742752,57.983181577076344,3210.8577106019366,3346.9045022591054,-136.0467916571688,0.0,1,1,-1,0.5,Trend
2023-02-10 00:00:00+09:00,149679.65625,151823.50549316406,147146.01623535156,2195,142371.0875,132696.64661458333,0.022815993849258434,0.025597248070254493,59.016383388014724,3477.9688811159867,3373.117378030482,104.85150308550465,0.029490538830054813,1,1,1,1.0,Trend
2023-02-13 00:00:00+09:00,145294.53125,148900.09641180414,143832.81564386317,657,142814.475,133138.22604166667,0.022931627166041916,0.025444755093216795,50.75759753655787,3297.798500394885,3358.053602503363,-60.255102108477786,-0.029296733503154315,1,1,-1,0.5,Trend
2023-02-14 00:00:00+09:00,148023.046875,148607.73303777157,145489.40683632324,345,143418.65,133657.60716145832,0.023124808106081904,0.02538451967652342,57.97466021616592,3336.71698700494,3353.7862794036787,-17.069292398738526,0.01877920388004961,1,1,-1,0.5,Trend
2023-02-15 00:00:00+09:00,145099.625,149192.42839153795,144709.83420080593,681,143730.4828125,134160.591015625,0.02336398370973931,0.025432183971304697,56.823826177602186,3095.975970964326,3302.224217715808,-206.24824675148238,-0.01974977502975417,1,1,-1,0.5,Trend
2023-02-16 00:00:00+09:00,145684.3125,147535.81881270904,144417.49239130435,426,143974.10234375,134721.809375,0.023206402096628272,0.02513501438518654,52.84553587413159,2918.7211752519943,3225.5236092230457,-306.8024339710514,0.0040295590012724425,1,1,-1,0.5,Trend
2023-02-17 00:00:00+09:00,142760.875,145197.06740614332,141591.5026450512,321,144120.2734375,135234.30377604166,0.023654694535640935,0.025330371789188916,52.41933850135882,2513.3758660727763,3083.0940605929923,-569.718194520216,-0.020066934111385493,1,1,-1,0.5,Trend
2023-02-20 00:00:00+09:00,146074.109375,146951.13871747832,142565.99200508674,402,144261.5734375,135769.69244791666,0.023596794397443416,0.02539198999746071,55.52764112644122,2431.4587692392233,2952.7670023222386,-521.3082330830152,0.023208280104755508,1,1,-1,0.5,Trend
2023-02-21 00:00:00+09:00,142955.78125,146561.34628493525,142273.6473244717,856,144173.87109375,136204.619140625,0.024010504746923973,0.02545228526097247,56.812368047260215,2090.8142558312975,2780.3764530240505,-689.562197192753,-0.02134757581848168,1,1,-1,0.5,Trend
2023-02-22 00:00:00+09:00,141006.828125,141981.30516802004,139642.56026477195,647,144130.01953125,136582.81848958333,0.023795821977434465,0.025518582680840302,40.12739569056553,1644.6285415563616,2553.226870730513,-908.5983291741513,-0.013633258536020154,1,1,-1,0.5,Trend
2023-02-23 00:00:00+09:00,142371.078125,143637.89812200548,141006.81043591717,241,144261.5734375,136943.34713541667,0.023624259158063245,0.0254326481571816,44.44441050951264,1385.1396937163954,2319.6094353276894,-934.469741611294,0.009675063386225702,1,1,-1,0.5,Trend
2023-02-24 00:00:00+09:00,141104.265625,142565.98108382252,140324.68404696134,302,144134.89140625,137193.86458333334,0.02285945620386746,0.02491161960269904,45.16129699657436,1064.9951298107917,2068.68657422431,-1003.6914444135182,-0.008897962399973869,1,1,-1,0.5,Trend
2023-02-27 00:00:00+09:00,137011.484375,140032.363475729,134282.94841305123,335216,143935.12421875,137368.08723958334,0.023427005452371197,0.02523545263021052,39.08047089179164,475.54324777866714,1750.0579089351813,-1274.5146611565142,-0.029005368702864076,1,1,-1,0.5,Trend
2023-02-28 00:00:00+09:00,134867.609375,137791.04021405347,134672.7139857298,303642,143589.184375,137546.98658854168,0.023577605970659478,0.0251900489502369,34.99996214130556,-162.7186911101162,1367.502588926122,-1530.221280036238,-0.01564741094353972,1,1,-1,0.5,Trend
2023-03-02 00:00:00+09:00,140909.375,142078.747406639,136134.43767289075,384044,143745.1015625,137770.01106770834,0.024884719498148498,0.02557117974936421,44.549756370389964,-178.96291028382257,1058.209489084133,-1237.1723993679557,0.044797751313296,1,1,-1,0.5,Trend
2023-03-03 00:00:00+09:00,141981.3125,142468.55104667123,140422.14915065203,151911,143491.73828125,137881.59518229167,0.0199453311050812,0.02445192183110339,39.845782620021964,-104.13971550212591,825.7396481668814,-929.8793636690073,0.007607283049832603,1,1,-1,0.5,Trend
2023-03-06 00:00:00+09:00,140324.6875,143443.01388888888,139155.31510416666,176960,143218.884375,138038.303515625,0.02001328686048051,0.024110331894108494,42.93627344729932,-176.48319861618802,625.2950788102676,-801.7782774264556,-0.011667908760880086,1,1,-1,0.5,Trend
2023-03-07 00:00:00+09:00,137888.484375,140617.01975485866,136816.5597614841,277639,142911.92421875,138154.40846354168,0.020194054760672073,0.024230280603237866,35.47487284590483,-425.4923512141977,415.13759280537454,-840.6299440195722,-0.01736118689022559,1,1,-1,0.5,Trend
2023-03-08 00:00:00+09:00,132236.53125,137693.60254697863,131846.74044307295,431449,142302.8765625,138168.232421875,0.02200385485482937,0.0248457709090686,32.90157226826177,-1066.604132010776,118.78924784214442,-1185.3933798529206,-0.04098930487646102,1,1,-1,0.5,Trend
2023-03-09 00:00:00+09:00,130287.578125,134770.17243595736,129702.8919105273,408710,141547.65703125,138084.92096354166,0.02195821231065087,0.024623445599140023,30.2500177378668,-1712.2166980820184,-247.41194134268818,-1464.8047567393303,-0.01473838663625715,1,1,-1,0.5,Trend
2023-03-10 00:00:00+09:00,124148.3671875,128630.96129317112,121809.62243671507,569458,140485.476953125,138020.51354166667,0.023891049641732328,0.024375666862794843,27.944591178025334,-2688.263692746579,-735.5822916234664,-1952.6814011231127,-0.04712046248653068,1,1,-1,0.5,Trend
2023-03-13 00:00:00+09:00,127461.59375,127851.38455657492,122784.10407110093,258299,139374.573828125,137970.91822916668,0.023675863844277414,0.02449650534747638,27.944577836763358,-3158.0344192758494,-1220.0727171539431,-1937.9617021219062,0.026687637039124912,1,1,-1,0.5,Trend
2023-03-14 00:00:00+09:00,123953.46875,126876.89961674529,123173.8871855346,246651,138307.520703125,137879.017578125,0.023591164537892336,0.024737661749767294,27.68878840281073,-3769.949838416709,-1730.0481414064966,-2039.9016970102125,-0.027522996510468523,1,1,-1,0.5,Trend
2023-03-15 00:00:00+09:00,122979.0,127071.80348652933,121907.07527733757,258619,137055.318359375,137819.36549479168,0.02275085162391101,0.0245876976914349,28.33724238204887,-4284.14375838844,-2240.8672648028855,-2043.2764935855544,-0.007861569021238024,-1,1,-1,-0.19999999999999996,MeanReversion
2023-03-16 00:00:00+09:00,121030.046875,123271.34403935185,119081.09281904186,233350,135851.839453125,137694.904296875,0.022669900586185725,0.02458005781070507,24.711356121686833,-4793.652135763579,-2751.4242389950246,-2042.2278967685547,-0.015847853088738706,-1,1,-1,-0.19999999999999996,MeanReversion
2023-03-17 00:00:00+09:00,123173.8984375,124148.37548210047,120542.81041707871,185513,134726.31875,137614.25572916667,0.023275306478725548,0.024693227616332178,29.185553889052244,-4967.19159868409,-3194.5777109328383,-1772.6138877512522,0.017713382898332464,-1,1,-1,-0.19999999999999996,MeanReversion
2023-03-20 00:00:00+09:00,124538.1640625,130287.57852234937,123076.44852186032,282927,133815.183203125,137540.181640625,0.02348533108699448,0.02471676786133138,34.54106995856084,-4937.719087027144,-3543.2059861516996,-1394.5131008754447,0.011075931202195743,-1,1,-1,-0.19999999999999996,MeanReversion
2023-03-21 00:00:00+09:00,127656.4921875,128046.28300333969,124245.82254890267,163433,132894.30234375,137526.16119791666,0.023607688305036192,0.024927487502166404,41.27360912075152,-4609.602264936635,-3756.4852419086865,-853.1170230279486,0.025039136785692806,-1,1,-1,-0.19999999999999996,MeanReversion
2023-03-22 00:00:00+09:00,123758.5703125,128923.2980499508,123368.77953986221,306293,131934.441796875,137406.767578125,0.024010499158767434,0.025117215068208885,28.10946747037208,-4610.944935493229,-3927.3771806255954,-683.567754867634,-0.03053445859435644,-1,1,-1,-0.19999999999999996,MeanReversion
2023-03-23 00:00:00+09:00,126682.0078125,126974.35090745192,122004.51829326924,201940,131218.20078125,137360.342578125,0.024895725094440314,0.02527366982418706,31.353918968507983,-4326.241814869543,-4007.150107474385,-319.0917073951582,0.02362210142391019,-1,1,-1,-0.19999999999999996,MeanReversion
2023-03-24 00:00:00+09:00,125220.296875,126194.77389348249,124050.92445282101,154156,130360.66171875,137297.63736979166,0.024674835876102398,0.025311828507341143,31.503593925972353,-4170.485634866724,-4039.817212952853,-130.6684219138706,-0.011538425722328771,-1,1,-1,-0.19999999999999996,MeanReversion
2023-03-27 00:00:00+09:00,127169.25,127948.8316091954,124148.37126436782,171167,129663.9109375,137130.02721354167,0.025141699261502146,0.024047743438988498,36.71499530398241,-3845.4554937264184,-4000.944869107566,155.4893753811475,0.015564195051745777,-1,1,-1,-0.19999999999999996,MeanReversion
2023-03-28 00:00:00+09:00,128923.3046875,129800.33397108843,126292.21683673469,187357,129259.501953125,136988.72838541667,0.02480104936397737,0.024123380587138133,45.454541557065475,-3407.054804158077,-3882.166856117668,475.1120519595911,0.013793072519496574,-1,1,1,0.30000000000000004,Trend
2023-03-29 00:00:00+09:00,132431.421875,134477.8235375276,129020.75243745402,355135,129137.692578125,136962.7421875,0.025471655488720962,0.024177521066440475,52.82050375447725,-2744.9018409161363,-3654.713853077362,909.8120121612255,0.02721088476597311,-1,1,1,0.30000000000000004,Trend
2023-03-30 00:00:00+09:00,132236.53125,132821.21746039056,128825.86168938836,261439,128704.050390625,136974.11119791667,0.02319690201231635,0.024060626661906552,62.61398502187893,-2210.3869270836585,-3365.8484678786217,1155.4615407949632,-0.0014716343163931889,-1,1,1,0.30000000000000004,Trend
2023-03-31 00:00:00+09:00,133308.453125,134770.16861979166,131262.05143229166,228218,128270.407421875,137035.828125,0.02320923957792957,0.024000542338208905,59.80391591770348,-1680.9084042566828,-3028.8604551542344,1347.9520508975515,0.008106094926019214,-1,1,1,0.30000000000000004,Trend
2023-04-03 00:00:00+09:00,132918.65625,135257.40093475074,132139.0746884164,149594,127900.105859375,137115.41028645833,0.023121162789798755,0.023954895331706198,66.78831817785485,-1278.0140598280414,-2678.691176088996,1400.6771162609548,-0.00292402218960941,-1,1,1,0.30000000000000004,Trend
2023-04-04 00:00:00+09:00,134185.484375,134770.17058142702,131651.84414714962,213636,127714.955859375,137118.65846354168,0.02299928198083043,0.023280874832864867,70.75810654833364,-846.7343206337973,-2312.2998049979565,1465.5654843641591,0.009530852633788944,-1,1,-1,-0.19999999999999996,MeanReversion
2023-04-05 00:00:00+09:00,132431.421875,136816.56829470198,132041.6310821376,259057,127724.700390625,137092.672265625,0.021161999824727877,0.023342997606286994,71.27269790756239,-639.1129087792215,-1977.6624257542096,1338.5495169749881,-0.013071924345393615,-1,1,-1,-0.19999999999999996,MeanReversion
2023-04-06 00:00:00+09:00,131067.1640625,132918.67046933086,130287.5824175186,125428,127763.6796875,136922.13880208333,0.02101861963884559,0.02230129544090598,65.16853662681729,-577.9929055167595,-1697.7285217067197,1119.7356161899602,-0.01030161719314393,-1,1,1,0.30000000000000004,Trend
2023-04-07 00:00:00+09:00,132821.203125,133698.23234592812,129605.4293149303,138699,128197.321484375,136862.04583333334,0.01779222256303032,0.021928645230127865,65.68263139132583,-383.5967053194472,-1434.9021584292652,1051.305453109818,0.013382749791271742,-1,1,1,0.30000000000000004,Trend
2023-04-10 00:00:00+09:00,130579.921875,132918.666744403,130385.02646921642,179126,128353.237890625,136699.63307291668,0.017485982494608265,0.021703984097506512,55.72519364272309,-405.71218430655426,-1229.064163604723,823.3519792981688,-0.01687442364070968,-1,1,1,0.30000000000000004,Trend
2023-04-11 00:00:00+09:00,133503.34375,135354.8499771898,128143.72046076643,304596,128830.731640625,136650.90911458334,0.01666154158744478,0.02161600841947726,69.84131478490373,-185.2081828371156,-1020.2929674512015,835.084784614086,0.02238798915654505,-1,1,1,0.30000000000000004,Trend
2023-04-12 00:00:00+09:00,132431.421875,134088.0327446652,130872.25870355041,210956,129303.352734375,136592.44036458334,0.01666777599078628,0.021635059948581833,62.66097507013278,-95.84744028598652,-835.4038620181586,739.5564217321721,-0.008029176235520352,-1,1,1,0.30000000000000004,Trend
2023-04-13 00:00:00+09:00,130969.71875,133990.5976795015,130092.68938337054,271196,129800.336328125,136460.88619791667,0.01639828992864486,0.02148757836205591,62.660996630735184,-141.34628227259964,-696.5923460690468,555.2460637964472,-0.011037434351340525,-1,1,1,0.30000000000000004,Trend
2023-04-14 00:00:00+09:00,132528.859375,133990.57473575367,131554.38246783087,192824,130268.084375,136322.83515625,0.01619692927693212,0.021464541228992808,62.008748148002915,-51.006848988326965,-567.4752466529029,516.468397664576,0.011904588632248192,-1,1,1,0.30000000000000004,Trend
2023-04-17 00:00:00+09:00,129897.78125,134477.82304951237,129702.88585427606,194985,130536.065234375,136157.17395833333,0.01692772586619754,0.02159229050510507,52.100847695994965,-189.5333901589329,-491.8868753541089,302.353485195176,-0.019852869310186816,-1,1,1,0.30000000000000004,Trend
2023-04-18 00:00:00+09:00,136621.6875,136914.03062589158,129118.21393544936,454009,130984.325,136046.73359375,0.019518194058889233,0.022370884877094276,57.933629878920414,240.47432989440858,-345.4146343044054,585.8889641988139,0.051763056961375176,-1,1,1,0.30000000000000004,Trend
2023-04-19 00:00:00+09:00,138278.28125,139642.54900017616,136914.0134998238,320350,131710.310546875,135939.54114583333,0.017824966777786087,0.022387974896730507,60.8391822061954,706.7844458348409,-134.97481827655616,841.759264111397,0.012125408347045896,-1,1,1,0.30000000000000004,Trend
2023-04-20 00:00:00+09:00,133698.25,138278.29209183675,133503.35459183675,235153,132061.12265625,135803.11432291666,0.019325921067446915,0.022659320146544596,50.621129610854716,698.7139874310815,31.76294286497135,666.9510445661101,-0.03312184103387528,-1,1,1,0.30000000000000004,Trend
2023-04-21 00:00:00+09:00,122296.859375,132918.65831673308,121322.38240786853,735989,131914.95078125,135512.3953125,0.028119956913921114,0.025301192577205894,37.471239667106296,-225.0842163032794,-19.6064889686788,-205.4777273346006,-0.08527703709659629,-1,1,-1,-0.19999999999999996,MeanReversion
2023-04-24 00:00:00+09:00,121127.484375,122101.96132089703,117229.57659141191,438795,131612.8625,135137.22161458334,0.027897489713150262,0.025014005327076136,34.56216626808798,-1039.5761512369936,-223.60042142234178,-815.9757298146518,-0.009561774570304604,-1,1,-1,-0.19999999999999996,MeanReversion
2023-04-25 00:00:00+09:00,117521.921875,122296.85899927445,117132.13108934494,258422,131042.793359375,134745.80651041667,0.028286535400701168,0.02518365385269802,33.11254047062913,-1953.4870558005932,-569.5777482979921,-1383.9093075026012,-0.029766675322319913,-1,1,-1,-0.19999999999999996,MeanReversion
2023-04-26 00:00:00+09:00,117619.375,119763.22442004971,114695.94397265949,287221,130302.191015625,134343.02265625,0.0273453419158547,0.025163951922628606,34.31814152543902,-2639.4781185692264,-983.5578223522391,-1655.9202962169873,0.0008292335884674262,-1,1,-1,-0.19999999999999996,MeanReversion
2023-04-27 00:00:00+09:00,117132.140625,118788.75159889767,115767.87276414309,176038,129546.971484375,133998.7078125,0.027328915017705586,0.02494152460381951,31.147528056218334,-3185.7236806407163,-1423.9909940099346,-1761.7326866307817,-0.004142466961756908,-1,1,-1,-0.19999999999999996,MeanReversion
2023-04-28 00:00:00+09:00,120153.015625,121127.49263736821,116450.0029780008,255241,128889.199609375,133550.4484375,0.02806901832372414,0.0236078758177042,37.7011286648433,-3336.407825504255,-1806.4743603087986,-1529.9334651954564,0.02579031667893239,-1,1,-1,-0.19999999999999996,MeanReversion
2023-05-02 00:00:00+09:00,120250.46875,121224.94580632092,118204.06693172609,202328,128255.790234375,133124.92682291666,0.02809734760513569,0.023603574925670164,33.251226857940395,-3408.6694238958735,-2126.913373026214,-1281.7560508696597,0.000811075148576812,-1,1,-1,-0.19999999999999996,MeanReversion
2023-05-03 00:00:00+09:00,112552.09375,119373.43276515152,112064.85524891775,687087,127174.120703125,132600.33359375,0.030986595094144854,0.024942535193836896,28.480997885440317,-4040.554785326385,-2509.641655486248,-1530.9131298401371,-0.06401950096348374,-1,1,-1,-0.19999999999999996,MeanReversion
2023-05-04 00:00:00+09:00,112746.9921875,113039.3352960242,109336.322588051,353771,126189.89921875,132072.49205729167,0.031054902514852534,0.024938348335593143,29.71798675904853,-4474.028001856539,-2902.518924760306,-1571.5090770962329,0.0017316287152588927,-1,1,-1,-0.19999999999999996,MeanReversion
2023-05-08 00:00:00+09:00,113234.2265625,114695.9420516889,112844.43576538295,226569,125298.25234375,131536.5296875,0.031170470872661865,0.024922494319524775,28.000011402128663,-4723.789996267835,-3266.773139061812,-1457.016857206023,0.004321484463104097,-1,1,-1,-0.19999999999999996,MeanReversion
2023-05-09 00:00:00+09:00,112844.4375,114306.15301165803,112552.09439766839,179627,124299.4140625,130994.07083333333,0.030810673233545947,0.024916699311344045,29.508203184993448,-4896.734390079902,-3592.7653892654303,-1303.969000814472,-0.0034423254728980224,-1,1,-1,-0.19999999999999996,MeanReversion
2023-05-10 00:00:00+09:00,114013.8046875,115767.86322115384,112649.53693910256,312983,123471.108203125,130399.63997395833,0.03100203248033919,0.024607751062418352,18.648611813211403,-4883.1460410428845,-3850.841519620921,-1032.3045214219633,0.01036264802596043,-1,1,-1,-0.19999999999999996,MeanReversion
2023-05-11 00:00:00+09:00,112941.8828125,114890.8367868313,112941.8828125,154921,122443.03515625,129860.42916666667,0.03024633891873168,0.024394095833294063,14.285717432151259,-4902.360948024769,-4061.145405301691,-841.2155427230778,-0.009401684979621794,-1,1,-1,-0.19999999999999996,MeanReversion
2023-05-12 00:00:00+09:00,111869.953125,114013.80240091463,111675.05773628049,173973,121414.96171875,129257.87760416667,0.030247363885368025,0.0242181306514628,15.853654363487308,-4947.058061637072,-4238.327936568767,-708.7301250683049,-0.009490984750799347,-1,1,-1,-0.19999999999999996,MeanReversion
2023-05-15 00:00:00+09:00,113234.2265625,113331.67426177925,110798.0340805185,147110,120528.187109375,128726.78763020833,0.030583564085785934,0.024229056890133036,29.333349961428752,-4816.86950820926,-4354.036250896866,-462.8332573123944,0.012195173050404406,-1,1,-1,-0.19999999999999996,MeanReversion
2023-05-16 00:00:00+09:00,113039.328125,113916.35739493534,112162.29885506466,147903,119553.710546875,128182.70455729167,0.030286523769037885,0.024207630316513688,30.69769054822912,-4675.524283207866,-4418.333857359065,-257.19042584880026,-0.0017211972335274828,-1,1,-1,-0.19999999999999996,MeanReversion
2023-05-17 00:00:00+09:00,112649.546875,113526.57621918253,112649.546875,128387,118691.298828125,127680.84908854167,0.030164696072532537,0.02411591868694429,36.263766759964795,-4542.595055264246,-4443.186096940102,-99.4089583241439,-0.003448191496405406,-1,1,-1,-0.19999999999999996,MeanReversion
2023-05-18 00:00:00+09:00,112357.1953125,113624.01538107112,111675.06142942324,152598,117478.07421875,127118.90052083334,0.02700019178457657,0.02385723254739521,35.326081036508825,-4410.002251402257,-4436.549327832534,26.54707643027723,-0.0025952307009667885,-1,1,-1,-0.19999999999999996,MeanReversion
2023-05-19 00:00:00+09:00,113526.5703125,114793.39041040772,112357.19791443132,233096,116240.488671875,126628.413671875,0.02693049459467975,0.023823072467016208,40.3141282142442,-4162.579088816361,-4381.7552800293,219.17619121293865,0.010407655662350912,-1,1,-1,-0.19999999999999996,MeanReversion
2023-05-22 00:00:00+09:00,114793.390625,115962.76302525467,112746.98892455432,232058,115295.245703125,126191.523046875,0.026706325214081995,0.023864007133989108,34.104057493359235,-3820.2353429007053,-4269.45129260358,449.21594970287515,0.011158800173500127,-1,1,-1,-0.19999999999999996,MeanReversion
2023-05-23 00:00:00+09:00,115183.1796875,115865.31357735829,114111.25500343698,189861,114939.56171875,125738.39140625,0.018638457946308522,0.023819704390939066,35.22725564534828,-3477.3875786602293,-4111.03854981491,633.6509711546805,0.003395570601911535,-1,1,-1,-0.19999999999999996,MeanReversion
2023-05-24 00:00:00+09:00,112552.09375,114793.39085497835,112064.85524891775,223852,114510.7921875,125262.521875,0.019128494556725533,0.023944129010706285,50.0,-3379.033506777705,-3964.637541207469,585.6040344297639,-0.022842622895446363,-1,1,1,0.30000000000000004,Trend
2023-05-25 00:00:00+09:00,110603.140625,113039.33314977973,110115.90212004405,198149,114164.853125,124822.3828125,0.01839555895371195,0.023775964358825702,42.25351158446011,-3418.940013060317,-3855.4980355780385,436.5580225177214,-0.017316009503377194,-1,1,-1,-0.19999999999999996,MeanReversion
2023-05-26 00:00:00+09:00,110992.9375,111285.28061896401,109921.01273046531,141104,113833.53125,124424.47161458334,0.018435064671046563,0.023738551528926906,41.8440051013881,-3380.148607577328,-3760.4281499778967,380.2795424005685,0.0035242839651508095,-1,1,-1,-0.19999999999999996,MeanReversion
2023-05-30 00:00:00+09:00,106997.578125,111285.27706625684,106607.78731215847,443532,113326.803125,123859.275,0.019924300257020796,0.023303622088137334,33.146087152347704,-3629.954395502893,-3734.3333990828964,104.37900358000343,-0.03599651892265665,-1,1,-1,-0.19999999999999996,MeanReversion
2023-05-31 00:00:00+09:00,101832.84375,107777.15328947367,101443.05296052631,1090835,112410.79453125,123190.13385416666,0.02100487944012713,0.02395364453990684,21.461222986634127,-4196.305781820614,-3826.7278756304404,-369.57790619017396,-0.048269638112428015,-1,1,-1,-0.19999999999999996,MeanReversion
2023-06-01 00:00:00+09:00,102222.640625,103099.66995352718,101053.26818696377,352248,111509.403125,122555.09973958334,0.021084007009712816,0.02396961967791787,24.056656752428296,-4561.112322020301,-3973.6047649084126,-587.5075571118882,0.003827810956128719,-1,1,-1,-0.19999999999999996,MeanReversion
2023-06-02 00:00:00+09:00,101832.84375,102807.32072368421,100176.23289473684,481773,110973.440625,121954.17239583333,0.016062008853900824,0.02391629565259731,24.878100860685365,-4826.045831327501,-4144.0929781922305,-681.9528531352707,-0.0038132146911559195,-1,1,-1,-0.19999999999999996,MeanReversion
2023-06-05 00:00:00+09:00,103879.25,105340.96552532833,102514.98217636022,297512,110530.053515625,121481.55104166667,0.016951891013481782,0.02363275047478955,27.358533020464435,-4815.371064188381,-4278.348595391461,-537.0224687969203,0.020095739003655133,-1,1,-1,-0.19999999999999996,MeanReversion
2023-06-07 00:00:00+09:00,104463.9296875,106217.9882083722,103976.69120947995,295377,110091.538671875,121051.15690104167,0.0169882956727777,0.023621514839128766,29.629650249773874,-4705.490504444766,-4363.776977202122,-341.713527242644,0.005628455033127366,-1,1,-1,-0.19999999999999996,MeanReversion
2023-06-08 00:00:00+09:00,102417.5390625,105438.4179501665,102125.19594433872,297785,109570.19375,120688.97643229166,0.01734770975905872,0.022988025825702408,27.46783434373046,-4729.022759580737,-4436.826133677845,-292.19662590289227,-0.019589447105060165,-1,1,-1,-0.19999999999999996,MeanReversion
2023-06-09 00:00:00+09:00,104463.9296875,106900.12207760029,102709.8711666278,295655,109092.7,120305.68203125,0.017903845770081778,0.022860477073171414,33.86453941484605,-4530.322878167834,-4455.525482575843,-74.79739559199061,0.019980861127225413,-1,1,-1,-0.19999999999999996,MeanReversion
2023-06-12 00:00:00+09:00,101053.2734375,104171.60010095226,99494.11010577386,475083,108498.26953125,119924.012109375,0.019011187095643176,0.022966778600963394,26.64234025146854,-4595.093864204246,-4483.439158901523,-111.6547053027225,-0.0326491283661533,-1,1,-1,-0.19999999999999996,MeanReversion
2023-06-13 00:00:00+09:00,101345.6015625,102709.86927584135,100663.46770582933,268101,107972.051953125,119563.45546875,0.019077350339653402,0.02297324199623426,23.863594607751295,-4570.154998686281,-4500.782326858475,-69.37267182780579,0.002892812029298586,-1,1,-1,-0.19999999999999996,MeanReversion
2023-06-14 00:00:00+09:00,100078.7890625,101345.60917721518,99299.2074534445,387292,107314.280078125,119214.26783854167,0.018710695609426838,0.02294546273058647,21.61169009352733,-4599.5907308453025,-4520.544007655841,-79.04672318946177,-0.012499925803082346,-1,1,-1,-0.19999999999999996,MeanReversion
2023-06-15 00:00:00+09:00,100663.4765625,102807.32601494434,99494.104133894,407672,106695.4875,118839.094140625,0.0188805773307838,0.022815458899680553,25.7936244082196,-4523.5941878833255,-4521.154043701338,-2.440144181987307,0.0058422719287185565,-1,1,-1,-0.19999999999999996,MeanReversion
2023-06-16 00:00:00+09:00,102027.7421875,103781.8007924427,100955.81748447946,272945,106164.397265625,118463.92044270833,0.019363790688015668,0.022843762210316268,32.11379503974183,-4303.6714996608935,-4477.657534893249,173.9860352323558,0.013552737016319538,-1,1,-1,-0.19999999999999996,MeanReversion
2023-06-19 00:00:00+09:00,101248.15625,103489.45326034649,100468.57468118383,180531,105608.9453125,118023.78151041667,0.019364559841499138,0.022550437098511657,29.999948690353335,-4144.511901342339,-4411.028408183067,266.51650684072774,-0.007640921192466732,-1,1,-1,-0.19999999999999996,MeanReversion
2023-06-20 00:00:00+09:00,101443.046875,105535.84991894812,101248.15149195485,252286,105004.769140625,117651.85611979167,0.019097956134633626,0.02227760935940052,36.49283283090071,-3957.0364750090957,-4320.230021548273,363.1935465391771,0.0019248807308527294,-1,1,-1,-0.19999999999999996,MeanReversion
2023-06-21 00:00:00+09:00,100078.7890625,101832.84768287488,99688.99825797224,296809,104269.0390625,117208.469140625,0.018753917848083484,0.022037058204617217,44.76743508556209,-3873.8892687649786,-4230.961870991614,357.07260222663535,-0.013448509824247168,-1,1,-1,-0.19999999999999996,MeanReversion
2023-06-22 00:00:00+09:00,99883.890625,100566.02451219513,99201.75673780488,184805,103504.074609375,116786.195703125,0.018637995111418823,0.02201529307434046,42.94113430425749,-3780.1460136590176,-4140.798699525095,360.65268586607726,-0.0019474499974043713,-1,1,-1,-0.19999999999999996,MeanReversion
2023-06-23 00:00:00+09:00,98519.625,100468.57900593472,98422.17729970327,252509,102802.451171875,116308.701953125,0.018330653904075535,0.02190584651642725,40.55552635728176,-3772.452162636866,-4067.1293921474494,294.6772295105834,-0.013658515066477972,-1,1,-1,-0.19999999999999996,MeanReversion
2023-06-26 00:00:00+09:00,98811.9609375,99883.88556305473,95401.2916743713,232712,102212.8921875,115806.84622395833,0.018265710267711902,0.02180030762048597,33.95050639269745,-3700.113063116529,-3993.7261263412656,293.61306322473683,0.002967286340158193,-1,1,-1,-0.19999999999999996,MeanReversion
2023-06-27 00:00:00+09:00,99299.203125,100078.78470007361,98032.3830655054,184700,101628.20546875,115254.642578125,0.018305303837906562,0.02144797683700253,33.54030215223338,-3562.402277160523,-3907.4613565051177,345.05907934459447,0.004931004130240835,-1,1,-1,-0.19999999999999996,MeanReversion
2023-06-28 00:00:00+09:00,96863.0078125,100176.22940769618,96863.0078125,249106,101121.476953125,114665.08385416666,0.017417844377715087,0.021598182645368006,32.72717201596822,-3608.2524011019996,-3847.6195654244943,239.36716432249477,-0.024533885830214208,-1,1,-1,-0.19999999999999996,MeanReversion
2023-06-29 00:00:00+09:00,95498.7421875,97934.93459024235,95206.39909917093,263029,100804.771875,114034.92200520834,0.01415461306236012,0.02155765395818938,20.885986027838783,-3711.885483664664,-3820.4727490725286,108.58726540786438,-0.014084485458482177,-1,1,-1,-0.19999999999999996,MeanReversion
2023-06-30 00:00:00+09:00,95108.9609375,96668.12423155738,94719.17011398566,216172,100449.087890625,113404.76041666667,0.014057982082733357,0.021555772744351383,25.98415255564028,-3781.872465915585,-3812.75269244114,30.880226525554917,-0.004081532814691036,-1,1,-1,-0.19999999999999996,MeanReversion
2023-07-03 00:00:00+09:00,94914.0625,95888.53952772074,92965.10844455851,302280,100103.148828125,112750.23671875,0.014062130268358532,0.02147040505199308,23.80950260016175,-3809.1547636515897,-3812.0331066832305,2.878343031640725,-0.0020492121413047126,-1,1,-1,-0.19999999999999996,MeanReversion
2023-07-04 00:00:00+09:00,95303.8515625,96278.32857234152,93939.58374872188,185243,99674.37890625,112131.44388020833,0.01308759352935662,0.021485346092427922,29.059788649105712,-3756.0263279615465,-3800.831750938894,44.80542297734746,0.004106757757840196,-1,1,-1,-0.19999999999999996,MeanReversion
2023-07-05 00:00:00+09:00,93744.6796875,95596.18583517411,93647.23199551714,190150,99138.41640625,111509.40247395834,0.013139117881722371,0.021523534021459696,22.04717102621791,-3795.9761495381827,-3799.8606306587517,3.884481120569035,-0.016360009059838476,-1,1,-1,-0.19999999999999996,MeanReversion
2023-07-06 00:00:00+09:00,92575.3125,94037.0279605263,92088.0740131579,292333,98646.305078125,110838.63763020834,0.012818431915053314,0.021397549713698828,11.199933810555805,-3877.2997324026364,-3815.348451007529,-61.951281395107344,-0.012473957897110699,-1,1,-1,-0.19999999999999996,MeanReversion
2023-07-07 00:00:00+09:00,92282.96875,92867.65493004223,91503.38717661035,183421,98037.25703125,110200.355078125,0.011430253057153712,0.02135151728924502,11.666602084187929,-3920.1499072120787,-3836.308742248439,-83.84116496363959,-0.0031579018434315653,-1,1,-1,-0.19999999999999996,MeanReversion
2023-07-10 00:00:00+09:00,92575.3125,93842.13256578946,91990.62631578947,140708,97613.358984375,109518.22122395833,0.009665987153033725,0.021069510132089273,12.396671764060471,-3885.7270395304513,-3846.192401704842,-39.53463782560948,0.0031679057789306686,-1,1,-1,-0.19999999999999996,MeanReversion
2023-07-11 00:00:00+09:00,96278.328125,97350.25283084514,93452.34480959008,314724,97359.9953125,108915.66966145833,0.013683408572863903,0.021864202219519634,36.5517195621656,-3519.0785088450502,-3780.7696231328837,261.69111428783344,0.04000003375629979,-1,1,-1,-0.19999999999999996,MeanReversion
2023-07-12 00:00:00+09:00,101443.046875,101735.38994956772,96863.005373439,421450,97428.208203125,108423.55846354166,0.018140021134389943,0.023076243402787775,54.08161762720849,-2779.714449090461,-3580.5585883243994,800.8441392339382,0.05364362728956551,-1,1,1,0.30000000000000004,Trend
2023-07-13 00:00:00+09:00,100858.375,103002.2245169082,100663.47958937197,309259,97437.953125,107895.71705729167,0.01815228464543345,0.022979894876841198,56.383002313880986,-2215.4034470139013,-3307.5275600623,1092.1241130483986,-0.0057635480499756975,-1,1,1,0.30000000000000004,Trend
2023-07-14 00:00:00+09:00,103002.21875,104561.38194772943,101443.05555227058,339952,97486.676953125,107447.45768229167,0.018520900023526157,0.023121861961170324,60.38650317916042,-1577.0138049651432,-2961.4248090428687,1384.4110040777255,0.021255981469064933,-1,1,1,0.30000000000000004,Trend
2023-07-17 00:00:00+09:00,104366.484375,105340.96135329132,101345.60574229692,293130,97642.593359375,106909.87096354166,0.018624068809171095,0.022115648808587518,62.03705696989493,-950.0490064373007,-2559.149648521755,1609.1006420844542,0.013245012015821178,-1,1,1,0.30000000000000004,Trend
2023-07-18 00:00:00+09:00,102904.7734375,106023.09990530302,102514.98262902461,176651,97715.6796875,106320.3125,0.018947680787666232,0.022041746690120493,65.04859318714642,-564.6142219048052,-2160.242563198365,1595.62834129356,-0.014005558836761356,-1,1,1,0.30000000000000004,Trend
2023-07-19 00:00:00+09:00,103099.6640625,104561.3795265241,102417.53017928876,175308,97866.7234375,105810.33606770834,0.018648476395624607,0.02173133495125482,70.10314007346014,-240.6542215228983,-1776.3248948632718,1535.6706733403735,0.0018938929506353563,-1,1,-1,-0.19999999999999996,MeanReversion
2023-07-20 00:00:00+09:00,99396.65625,103099.66893382353,98519.62693014706,278106,97842.36171875,105428.666015625,0.020499930524863527,0.01916260128000648,59.64913082661928,-279.4935427732853,-1476.9586244452746,1197.4650816719893,-0.035916778644935254,-1,1,1,0.30000000000000004,Trend
2023-07-21 00:00:00+09:00,100566.03125,101930.29911579458,99201.76338420542,180407,97944.68203125,105085.97513020833,0.020406940051840933,0.01924387164685444,62.18489801060552,-213.4546230375563,-1224.2578241637311,1010.8032011261748,0.011764731773861836,-1,1,1,0.30000000000000004,Trend
2023-07-24 00:00:00+09:00,99006.859375,101150.7086921752,98617.06859005906,202986,97954.426953125,104777.39075520834,0.020734835170932504,0.018985809154210977,57.59999846071109,-283.6605805319414,-1036.1383754373733,752.4777949054319,-0.015503961483018136,-1,1,1,0.30000000000000004,Trend
2023-07-25 00:00:00+09:00,97252.8046875,98909.41558899048,96863.0138871493,176127,97852.10703125,104437.94791666667,0.02107952175488809,0.019077593263000094,57.1428844120196,-475.35723933200643,-923.9821482163,448.6249088842935,-0.017716496600061915,-1,1,1,0.30000000000000004,Trend
2023-07-26 00:00:00+09:00,95108.9609375,96765.57193743596,93842.14076107838,339379,97764.4046875,104070.894921875,0.02093525829986219,0.01923648879770952,54.961855886825006,-791.1486274023482,-897.4154440535096,106.26681665116143,-0.02204403006050837,-1,1,1,0.30000000000000004,Trend
2023-07-27 00:00:00+09:00,108459.296875,110603.14640891734,96765.57214454177,1398587,98412.432421875,103875.999609375,0.03597251709807892,0.025705531090996322,70.95963011071737,35.43646957844612,-710.8450613271185,746.2815309055646,0.14036885489972972,-1,-1,-1,-1.0,Defensive
2023-07-28 00:00:00+09:00,107972.0546875,108556.74090421932,103781.80346767826,434401,99055.587109375,103671.359375,0.035978945581828285,0.025705864222361124,69.84927194200434,643.7737189841719,-439.9213052648604,1083.6950242490323,-0.004492396701239465,-1,-1,1,-0.5,Defensive
2023-07-31 00:00:00+09:00,109823.5625,110115.9056122449,107289.92219387756,301851,99801.062109375,103625.88385416666,0.0359972496017065,0.02438457968520157,68.3377550938385,1260.7533983591857,-99.78636454005121,1360.5397628992368,0.01714802795833381,-1,-1,1,-0.5,Defensive
2023-08-01 00:00:00+09:00,110408.2421875,114403.59781829214,109336.31750606796,506267,100556.281640625,103586.9046875,0.035992606493728,0.02439427896968122,63.85544728942538,1776.4155906232918,275.4540264926174,1500.9615641306743,0.00532380915525299,-1,-1,1,-0.5,Defensive
2023-08-02 00:00:00+09:00,116547.4453125,119373.42851823787,111285.26968802257,964952,101696.419921875,103642.125,0.036979394859999265,0.025382806040210107,70.69408729763714,2649.9173798259435,750.3466971592827,1899.5706826666608,0.05560457266020169,-1,-1,-1,-1.0,Defensive
2023-08-03 00:00:00+09:00,114403.6015625,118204.06192104983,113916.3630549936,366062,102787.834375,103668.11106770833,0.037203767297137556,0.025497241226261593,65.03857185518967,3133.0675151861506,1226.8908607646563,1906.1766544214943,-0.018394600964883323,-1,-1,1,-0.5,Defensive
2023-08-04 00:00:00+09:00,118204.0625,119275.98722176421,115085.7360366859,407304,104083.8890625,103737.94869791667,0.037369558957737276,0.025808805025573558,67.14977267384283,3779.0701459933043,1737.326717810386,2041.7434281829183,0.033219766559742236,1,-1,1,0.19999999999999996,Defensive
2023-08-07 00:00:00+09:00,120250.46875,121712.18433448137,118593.85775425447,373612,105467.646875,103859.75846354167,0.037318962063437204,0.02586180286056653,71.1904874162664,4405.377319463369,2270.9368381409827,2134.440481322386,0.017312486616100964,1,-1,-1,-0.30000000000000004,Defensive
2023-08-08 00:00:00+09:00,115378.078125,120542.80628431165,114988.28732052365,347871,106422.634375,103918.22721354167,0.038673384812478735,0.026403224747913803,63.46154274418858,4457.1893591397675,2708.1873423407396,1749.0020167990278,-0.040518683009291845,1,-1,1,0.19999999999999996,Defensive
2023-08-09 00:00:00+09:00,118009.1640625,119860.67035249794,114890.83767934558,267608,107250.940234375,103997.80950520834,0.037478666145128466,0.026514985455959518,70.89715086975232,4656.875854081227,3097.9250446888373,1558.9508093923896,0.02280403678287568,1,-1,-1,-0.30000000000000004,Defensive
2023-08-10 00:00:00+09:00,127169.25,131554.39655172414,124245.81896551725,1651057,108566.483984375,104233.308203125,0.04019750457497921,0.028182944286392717,75.32467107494267,5490.974682977452,3576.5349723465606,1914.4397106308916,0.07762181869747531,1,-1,-1,-0.30000000000000004,Defensive
2023-08-11 00:00:00+09:00,127071.796875,133795.68796731211,125999.87220810966,960303,109769.962890625,104473.67903645833,0.040223521166761166,0.028176323521060052,77.48091649770534,6074.121667919186,4076.052311461086,1998.0693564580997,-0.0007663261755495032,1,-1,-1,-0.30000000000000004,Defensive
2023-08-14 00:00:00+09:00,128241.171875,132626.31832969224,127266.69488506838,581320,110963.697265625,104738.41197916666,0.04021955031208831,0.028184634056488116,80.69497597417683,6555.065924863069,4571.855034141483,1983.210890721586,0.00920247473284963,1,-1,-1,-0.30000000000000004,Defensive
2023-08-16 00:00:00+09:00,123856.0234375,128241.16982199057,120932.5925145063,474934,112011.259765625,104910.56953125,0.04113586186718109,0.028563459877795374,77.26431003873707,6507.36008643033,4958.956044599253,1548.404041831077,-0.034194544336933475,1,-1,-1,-0.30000000000000004,Defensive
2023-08-17 00:00:00+09:00,120055.5703125,122589.21059506899,117619.37773310674,400390,112859.055078125,104998.27252604166,0.04210054853593234,0.02884130452297634,63.43114642102549,6092.655717727437,5185.69597922489,906.9597385025472,-0.03068444327148756,1,-1,1,0.19999999999999996,Defensive
2023-08-18 00:00:00+09:00,118886.1875,125025.39226434426,118204.05363729507,340675,113833.531640625,105059.98932291666,0.04103321569793396,0.028870998797734717,62.44443023137939,5605.02881455305,5269.562546290523,335.4662682625276,-0.009740346153503276,1,-1,1,0.19999999999999996,Defensive
2023-08-21 00:00:00+09:00,116937.2421875,118886.19622395834,116157.66057291666,239664,114652.0921875,105133.07513020834,0.041417466306013194,0.028792105811426875,58.093123390243036,5003.638551358832,5216.377747304185,-212.73919594535255,-0.016393370445157873,1,-1,-1,-0.30000000000000004,Defensive
2023-08-22 00:00:00+09:00,115670.421875,119860.67304654591,115183.1833666807,212741,115485.2703125,105217.52981770833,0.04129146202848106,0.028734483996573718,55.89519979344539,4374.385430749593,5047.979283993267,-673.593853243674,-0.010833334947892403,1,-1,-1,-0.30000000000000004,Defensive
2023-08-23 00:00:00+09:00,118983.6328125,120055.55743243243,115085.72510365478,226524,116571.81171875,105350.70807291666,0.0410705663193003,0.028951343300167992,52.91374698937479,4095.83203006431,4857.549833207476,-761.7178031431658,0.028643545029000128,1,-1,-1,-0.30000000000000004,Defensive
2023-08-24 00:00:00+09:00,120932.6015625,121322.39238139606,116450.00714519541,289851,117862.99375,105582.95846354167,0.04036979029416654,0.028583322965065827,57.84543448644637,3986.389328330086,4683.317732231998,-696.9284039019121,0.016380141570154327,1,-1,-1,-0.30000000000000004,Defensive
2023-08-25 00:00:00+09:00,124050.921875,125902.4281716418,119763.22308277691,267956,118642.575,105953.259765625,0.029328029286239964,0.027923783087775867,57.14285168903506,4103.969580352219,4567.448101856043,-463.4785215038237,0.025785605140466572,1,1,-1,0.5,Trend
2023-08-28 00:00:00+09:00,128143.7265625,131067.15758673954,127364.14495603612,440849,119651.15859375,106385.27786458333,0.029745541174732718,0.028176657701726504,59.18366456518763,4475.813518342751,4549.121185153384,-73.30766681063324,0.03299294052505397,1,1,-1,0.5,Trend
2023-08-29 00:00:00+09:00,127851.3828125,129605.44141815929,126682.01040872713,193072,120552.549609375,106818.92018229167,0.029770186651524852,0.02817034267452383,66.24365167200702,4692.816948183288,4577.860337759365,114.95661042392294,-0.002281373874806203,1,1,1,1.0,Trend
2023-08-30 00:00:00+09:00,129800.328125,132821.20663241367,129313.08965606231,337017,121522.15390625,107250.93815104167,0.029811371437836742,0.02813084343487751,65.6330656747257,4964.825905913807,4655.253451390254,309.57245452355346,0.015243834439852888,1,1,1,1.0,Trend
2023-08-31 00:00:00+09:00,130482.46875,131067.15494305451,128728.41017083645,189929,122218.905078125,107684.58046875,0.027773722205164223,0.02813045940634419,55.66666096560335,5175.774900934426,4759.357741299088,416.41715963533807,0.005255307400633846,1,1,1,1.0,Trend
2023-09-01 00:00:00+09:00,129897.78125,132626.31679013502,129118.19966710427,223332,122993.6140625,108142.58450520833,0.027302230028898516,0.0279829073189002,54.75410042903428,5235.423402435656,4854.570873526402,380.85252890925403,-0.0044809659535201,1,1,1,1.0,Trend
2023-09-04 00:00:00+09:00,130287.578125,131262.05514912115,127169.25164781226,197316,123597.78984375,108572.97864583334,0.026593228256132542,0.02790584360292237,53.53536116992732,5253.588521532802,4934.374403127682,319.21411840511973,0.0030007970209267043,1,1,1,1.0,Trend
2023-09-05 00:00:00+09:00,128338.625,132041.63771829917,127656.49107820806,133636,124002.19765625,109027.73450520834,0.026784858821192022,0.027596313742293307,58.455896548481924,5052.4784536284715,4957.99521322784,94.48324040063108,-0.014958856040213964,1,1,1,1.0,Trend
2023-09-06 00:00:00+09:00,128143.7265625,130190.12827946768,127364.14495603612,153826,124640.480078125,109474.369921875,0.024691649730802574,0.027605145979803417,67.65956111227104,4821.788029872914,4930.753776556856,-108.96574668394169,-0.0015186265046863712,1,1,-1,0.5,Trend
2023-09-07 00:00:00+09:00,127169.25,128630.96551724139,126389.66839080461,136720,125098.484375,109925.87760416667,0.024500172650165915,0.027562430988119533,68.24036225002409,4508.362495963316,4846.275520438148,-337.9130244748321,-0.0076045592604544465,1,1,-1,0.5,Trend
2023-09-08 00:00:00+09:00,126779.453125,127753.93008983474,125804.97616016526,107171,125078.99453125,110361.14388020833,0.01792490608073343,0.02757632593304924,73.27185892535917,4180.328922433415,4713.086200837201,-532.7572784037866,-0.003065181834445041,1,1,-1,0.5,Trend
2023-09-11 00:00:00+09:00,126779.453125,127753.93008983474,124050.91762346272,215497,125064.37734375,110773.67239583333,0.017924345623266936,0.027551504467623868,77.94114179448202,3875.6834853665787,4545.605657743077,-669.9221723764986,0.0,1,1,-1,0.5,Trend
2023-09-12 00:00:00+09:00,123953.46875,130287.56896128146,123563.6779677673,224444,124849.9921875,111152.09427083333,0.018454876978596966,0.027721182392745312,62.81406225387168,3367.3991787145933,4309.964361937381,-942.5651832227877,-0.02229055501772581,1,1,-1,0.5,Trend
2023-09-13 00:00:00+09:00,124050.921875,125415.18967252554,122491.75867782797,198465,124859.737109375,111528.8921875,0.016731376321760628,0.027722578616820117,58.888863649826725,2938.569852377972,4035.6854600254997,-1097.1156076475277,0.0007862073242705936,1,1,-1,0.5,Trend
2023-09-14 00:00:00+09:00,123661.125,125902.4219858156,121809.61879432623,201848,125040.01484375,111921.93111979167,0.015067965122816957,0.027647607670186817,48.684192482275336,2538.009577015924,3736.1502834235844,-1198.1407064076602,-0.0031422327952772555,1,1,-1,0.5,Trend
2023-09-15 00:00:00+09:00,125220.296875,125415.1922786965,122784.10432879376,135397,125356.7203125,112344.20455729167,0.015015902819242189,0.02766218756115582,38.09527748385287,2319.6354985754006,3452.847326453948,-1133.2118278785474,0.01260842382761762,1,1,-1,0.5,Trend
2023-09-18 00:00:00+09:00,125025.3984375,125707.53233388542,122978.99674834372,103379,125761.128125,112785.96744791667,0.014371680080752482,0.027575940459392028,38.40003129874395,2106.5626500983344,3183.5903911828254,-1077.027741084491,-0.0015564444611927408,1,1,-1,0.5,Trend
2023-09-19 00:00:00+09:00,122784.1015625,125999.87565104166,122296.86306423611,126702,126116.812109375,113185.503125,0.014829702027569627,0.027722527872533455,21.87513505354228,1736.825908128012,2894.237494571863,-1157.4115864438509,-0.01792673251203769,1,1,-1,0.5,Trend
2023-09-20 00:00:00+09:00,120542.8046875,122199.41558457963,120250.46158801536,137909,126194.770703125,113539.56315104167,0.014308530394795406,0.027867389137940735,14.583436562758024,1248.560323585698,2565.10206037463,-1316.5417367889322,-0.01825396648652533,1,1,-1,0.5,Trend
2023-09-21 00:00:00+09:00,119470.875,121030.03813213702,118593.84573817291,126722,126121.684375,113916.3609375,0.013967695993288906,0.027670777181664108,14.09405723239037,766.2773939746403,2205.3371270946323,-1439.059733119992,-0.008892523201852742,1,1,-1,0.5,Trend
2023-09-22 00:00:00+09:00,118691.296875,118886.1922721675,115962.76131465517,97100,125853.703125,114302.903515625,0.012589481139369826,0.027605550010691763,11.111180976933795,317.4993235502916,1827.7695663857642,-1510.2702428354726,-0.006525256678667546,1,1,-1,0.5,Trend
2023-09-25 00:00:00+09:00,121712.1796875,122394.3136008807,118009.1670148619,194926,125532.12578125,114746.29049479167,0.011594820374671305,0.02772468997970689,29.268336798448587,203.25645200930012,1502.8669435104714,-1299.6104915011713,0.02545159495292615,1,1,-1,0.5,Trend
2023-09-26 00:00:00+09:00,119373.4296875,121322.38364158163,118009.16191964287,153382,125108.228125,115153.94661458333,0.012188852200593235,0.02788010750715763,25.806494715608352,-75.13333568816597,1187.266887670744,-1262.40022335891,-0.019215414644654483,1,1,-1,0.5,Trend
2023-09-27 00:00:00+09:00,118886.1875,119178.5305840164,115962.75665983606,142796,124562.52109375,115546.985546875,0.011379365606741857,0.027898763659996162,26.51937347907625,-331.2570950159279,883.5620911334096,-1214.8191861493374,-0.004081663639685318,1,1,-1,0.5,Trend
2023-10-04 00:00:00+09:00,118593.8515625,119568.32856794371,116547.4498510682,251821,123968.090234375,115961.13841145833,0.011164485409205439,0.027785308791174395,26.666723083343612,-551.4690941187146,596.5558540829848,-1148.0249482016993,-0.0024589562811911936,1,1,-1,0.5,Trend
2023-10-05 00:00:00+09:00,118009.1640625,119665.77495355078,117229.58246671139,130235,123373.659375,116385.0359375,0.01116433371449434,0.02772615280663563,25.806505838910468,-764.3570524571405,324.3732727749597,-1088.7303252321003,-0.0049301670558516975,1,1,-1,0.5,Trend
2023-10-06 00:00:00+09:00,113039.328125,119470.87610452587,113039.328125,338192,122511.246875,116730.97526041667,0.013884577294090128,0.028371916286893523,23.07697348033419,-1318.893139588894,-4.280009697811067,-1314.613129891083,-0.042113983070567906,1,1,-1,0.5,Trend
2023-10-10 00:00:00+09:00,112746.9921875,114013.8123244382,111285.276644879,555563,121731.665234375,117067.169921875,0.01378760346075326,0.02838238389610873,22.380990739471713,-1761.6488593976537,-355.75377963777964,-1405.895079759874,-0.002586143622304027,1,1,-1,0.5,Trend
2023-10-11 00:00:00+09:00,110992.9375,114013.81639596137,110700.59438103599,243965,120874.12578125,117312.41341145833,0.013882918330981367,0.028087670105118347,20.98218983243511,-2228.386063841579,-730.2802364785396,-1498.1058273630395,-0.015557441076414547,1,1,-1,0.5,Trend
2023-10-12 00:00:00+09:00,109921.0078125,111772.51414976729,109238.87389876995,307234,120011.713671875,117453.71276041666,0.013894164775445365,0.027351923729848272,14.155264848599117,-2654.1787083336385,-1115.0599308495594,-1539.1187774840791,-0.009657638689849035,1,1,-1,0.5,Trend
2023-10-13 00:00:00+09:00,111187.828125,112552.09595475461,109336.32178461876,222575,119232.132421875,117625.8703125,0.014493200155697815,0.027366426262978735,19.1304493316337,-2856.472992242416,-1463.3425431281307,-1393.130449114285,0.011524824396269118,1,1,-1,0.5,Trend
2023-10-16 00:00:00+09:00,107387.359375,110018.44712738202,106510.33012420598,278642,118262.527734375,117698.95598958334,0.015700613795742252,0.0276426893083392,17.886186280628394,-3285.5845623448113,-1827.7909469714668,-1457.7936153733444,-0.034180618635048954,1,1,-1,0.5,Trend
2023-10-17 00:00:00+09:00,108264.3984375,109628.66628459722,107679.7122173155,130598,117478.07421875,117763.92122395833,0.015734408101651717,0.027611887988954493,22.844865419637088,-3514.3772967572877,-2165.108216928631,-1349.2690798286567,0.008167060514425728,-1,1,-1,-0.19999999999999996,MeanReversion
2023-10-18 00:00:00+09:00,108069.5,109141.42470694319,106510.3367899008,98614,116679.003125,117850.0,0.015679579086650366,0.027546359478938534,23.766856608725348,-3669.128433584643,-2465.9122602598336,-1203.2161733248095,-0.0018002080121704012,-1,1,-1,-0.19999999999999996,MeanReversion
2023-10-19 00:00:00+09:00,105925.6484375,108069.49780790019,105243.51454691812,150545,115792.229296875,117897.09973958334,0.015920048180323228,0.02767701144421899,22.362903168517988,-3919.5782701749267,-2756.6454622428523,-1162.9328079320744,-0.019837711495842902,-1,1,-1,-0.19999999999999996,MeanReversion
2023-10-20 00:00:00+09:00,104366.484375,106315.43833158263,103489.45509453781,132128,114749.538671875,117979.93020833333,0.015247882883955345,0.027324007666151673,9.909944721652735,-4195.509853455907,-3044.4183404854634,-1151.091512970444,-0.014719419569283687,-1,1,-1,-0.19999999999999996,MeanReversion
2023-10-23 00:00:00+09:00,107484.8125,108459.28949456029,103197.11372393473,197946,113872.509375,118095.24322916666,0.017469444826610687,0.027538985490369258,23.478290876908375,-4115.127968807617,-3258.5602661498942,-856.5677026577232,0.029878635307820867,-1,1,-1,-0.19999999999999996,MeanReversion
2023-10-24 00:00:00+09:00,109043.96875,109043.96875,104853.7179401251,195378,113185.502734375,118262.52838541666,0.01794289881758662,0.02750253582099483,29.04565033126329,-3880.877526774828,-3383.023718274881,-497.8538084999468,0.014505828439715707,-1,1,-1,-0.19999999999999996,MeanReversion
2023-10-25 00:00:00+09:00,115767.875,117229.59059343435,108946.53556397307,508345,112946.75625,118571.112890625,0.022919163929075895,0.028385066418200933,45.276889381347914,-3116.74146789698,-3329.767268199301,213.02580030232093,0.061662339761455076,-1,1,1,0.30000000000000004,Trend
2023-10-26 00:00:00+09:00,115475.53125,117229.58995253165,113721.47254746837,288698,112746.9890625,118910.55572916666,0.02286218785219886,0.02820182073625281,45.723701300328145,-2505.861818144869,-3164.9861781884147,659.1243600435455,-0.002525257978519546,-1,1,1,0.30000000000000004,Trend
2023-10-27 00:00:00+09:00,114013.8046875,116547.44479166667,110992.92610176282,431874,112513.114453125,119003.130859375,0.02297293527841591,0.02270672979404665,51.865667958278735,-2115.3005440582347,-2955.0490513623786,839.7485073041439,-0.012658322907693864,-1,1,1,0.30000000000000004,Trend
2023-10-30 00:00:00+09:00,110895.484375,113916.36312335236,110408.24586720123,426004,111972.2796875,119051.8546875,0.02272540129550605,0.022995420898490118,46.80134870998767,-2033.9541514654702,-2770.830071382997,736.875919917527,-0.027350374992282656,-1,1,1,0.30000000000000004,Trend
2023-10-31 00:00:00+09:00,123173.8984375,127656.49284266218,116060.21601191653,1050986,112162.303125,119274.36028645834,0.03312406125708275,0.026594543220152485,65.43207774816176,-967.5676320384955,-2410.1775835140966,1442.609951475601,0.11072059544805057,-1,1,1,0.30000000000000004,Trend
2023-11-01 00:00:00+09:00,131262.0625,131554.405623608,124245.82753340757,849103,112781.096875,119621.92395833334,0.035860619179442325,0.02775986011294467,72.95595983241714,524.1564623221057,-1823.3107743468563,2347.467236668962,0.06566459424521698,-1,1,-1,-0.19999999999999996,MeanReversion
2023-11-02 00:00:00+09:00,127461.59375,132528.874235474,125707.53512041285,569951,113224.483984375,119803.82643229167,0.03664998299434941,0.027236019462970704,66.60037806339733,1383.7415765667683,-1181.9003041641315,2565.6418807309,-0.028953291435596662,-1,-1,1,-0.5,Defensive
2023-11-03 00:00:00+09:00,129897.78125,131554.39211365342,127656.48419917478,234375,113818.91484375,120062.06276041667,0.03674561223552287,0.02719816606001616,73.61961369644355,2235.7763062277954,-498.3649820857461,2734.1412883135417,0.01911311029719487,-1,-1,-1,-1.0,Defensive
2023-11-06 00:00:00+09:00,139642.5625,139642.5625,132431.4322662247,609675,115149.0765625,120419.37109375,0.037880220209097024,0.028408458709848972,77.75860274409246,3655.207418569291,332.3494980452614,3322.8579205240294,0.07501884294116845,-1,-1,-1,-1.0,Defensive
2023-11-07 00:00:00+09:00,139934.90625,139934.90625,135452.31176009748,382573,116508.472265625,120747.44505208333,0.037809045149356506,0.02834565885053429,78.14112219739047,4748.963404950016,1215.6722794262123,3533.291125523804,0.0020935146474414523,-1,-1,-1,-1.0,Defensive
2023-11-08 00:00:00+09:00,139155.3125,141786.40034138656,136719.1200542717,192171,117916.591015625,121143.73229166666,0.037503106485517815,0.027777367668074045,80.07051666265811,5489.585677414114,2070.454959023793,3419.130718390321,-0.00557111710645819,-1,-1,-1,-1.0,Defensive
2023-11-09 00:00:00+09:00,141299.171875,141299.171875,137498.71139008622,194635,119485.49921875,121531.89908854167,0.037181171976503,0.02770704695074907,83.07152495266686,6178.306032735985,2892.025173766232,3286.2808589697534,0.015406234490688231,-1,-1,-1,-1.0,Defensive
2023-11-10 00:00:00+09:00,134672.71875,141299.16221960925,134282.92795767004,153582,120659.74375,121656.95690104166,0.03957608811365318,0.026838370129480434,72.9063754072403,6118.887759466961,3537.397690906378,2581.490068560583,-0.046896616852518225,-1,-1,-1,-1.0,Defensive
2023-11-13 00:00:00+09:00,133503.34375,138180.8331660584,131944.18061131387,123109,121965.54296875,121764.14934895834,0.038451818916813964,0.026866652104051852,70.7437758071441,5909.320590843432,4011.7822708937892,1897.5383199496428,-0.00868308749428881,1,-1,-1,-0.30000000000000004,Defensive
2023-11-14 00:00:00+09:00,130482.46875,134770.16749906648,129605.43946041822,205221,123076.446484375,121801.504296875,0.03918724409668784,0.027016241600419065,63.31567400583566,5436.805622937914,4296.786941302615,1140.0186816352998,-0.022627710401448287,1,-1,1,0.19999999999999996,Defensive
2023-11-15 00:00:00+09:00,132528.859375,136914.00545726102,130092.6671070772,212072,124299.414453125,121946.0515625,0.03911985199115495,0.026688104084283376,64.95723520568352,5167.8885255995265,4471.007258161997,696.8812674375295,0.015683261089432854,1,-1,1,0.19999999999999996,Defensive
2023-11-16 00:00:00+09:00,130579.921875,132431.42822994402,129897.78795475746,88029,125532.128125,122121.457421875,0.038924340455550877,0.026435056027896465,64.40678150350314,4742.8343778204435,4525.372682093686,217.46169572675717,-0.014705759252672257,1,-1,1,0.19999999999999996,Defensive
2023-11-17 00:00:00+09:00,132236.53125,132431.4266534635,130092.68181190125,62787,126925.63046875,122343.96315104167,0.03846686736933752,0.02643250284439122,69.04347006492053,4487.91652696424,4517.881451067798,-29.964924103557678,0.012686555109029829,1,-1,-1,-0.30000000000000004,Defensive
2023-11-20 00:00:00+09:00,132236.53125,132626.32205692705,129800.33870670597,108234,128163.21640625,122598.95130208334,0.038320674853807815,0.02632442586734736,60.356338530889204,4237.050216157091,4461.715204085656,-224.6649879285651,0.0,1,-1,-1,-0.30000000000000004,Defensive
2023-11-21 00:00:00+09:00,131067.1640625,133016.11817495353,130677.3732400093,82641,129264.376171875,122855.563671875,0.038544528565412385,0.026308950944717472,49.735445695581525,3898.9342116368643,4349.159005595898,-450.2247939590334,-0.008842996533909742,1,-1,-1,-0.30000000000000004,Defensive
2023-11-22 00:00:00+09:00,129020.7578125,131359.50266710724,127851.38538519638,105186,129927.0203125,123022.84908854167,0.03699210251404306,0.026180124004981698,52.222222964548074,3426.350128760503,4164.597230228819,-738.247101468316,-0.015613416713770922,1,-1,-1,-0.30000000000000004,Defensive
2023-11-23 00:00:00+09:00,128728.4140625,129507.99567680733,127364.14623746215,98116,130589.664453125,123152.779296875,0.03698920786778183,0.026110577264886276,48.224860702579406,2993.724350110788,3930.422654205213,-936.6983040944251,-0.002265866012233886,1,-1,-1,-0.30000000000000004,Defensive
2023-11-24 00:00:00+09:00,126682.0078125,129507.99106370193,125902.42622596155,92536,131223.074609375,123196.63072916666,0.03708134385544097,0.026002060277991294,24.32431010215791,2457.4099297999346,3635.8201093241573,-1178.4101795242227,-0.015897082745122915,1,-1,-1,-0.30000000000000004,Defensive
2023-11-27 00:00:00+09:00,130969.71875,131262.06187220983,126682.01962425595,98430,132226.786328125,123243.73059895834,0.03673188071210473,0.026019555860659346,34.66667771247094,2351.255516538731,3378.9071907670723,-1027.651674228341,0.033846250241361675,1,-1,-1,-0.30000000000000004,Defensive
2023-11-28 00:00:00+09:00,129800.328125,132333.96816347598,128143.71733061186,78201,132558.1078125,123276.21302083334,0.0289607122938079,0.02604538373709737,34.2105304798032,2148.006447555861,3132.72704212483,-984.7205945689689,-0.008928709904555743,1,1,-1,0.5,Trend
2023-11-29 00:00:00+09:00,129507.984375,131456.93824068847,127461.58281602708,88226,132470.40390625,123271.340625,0.025156636826767168,0.02597368024269983,28.77191274901587,1940.966149092841,2894.3748635184324,-953.4087144255914,-0.0022522574035288567,1,1,-1,0.5,Trend
2023-11-30 00:00:00+09:00,125999.8828125,130774.82036687934,125707.53969692576,271076,132397.318359375,123196.630859375,0.02504478096173867,0.026203141341674882,32.411078841921636,1476.7872589968465,2610.857342614115,-1134.0700836172687,-0.027087917238693415,1,1,-1,0.5,Trend
2023-12-01 00:00:00+09:00,124733.0625,128143.73217773438,124440.71938476563,101518,132139.082421875,123110.55221354167,0.024693479205338126,0.026227346121127194,32.283479230280236,995.2279639473127,2287.731466880755,-1292.5035029334422,-0.010054138815233316,1,1,-1,0.5,Trend
2023-12-04 00:00:00+09:00,123953.46875,125804.97496560535,122491.75331662736,113173,131354.627734375,123004.98372395833,0.017417774894943717,0.02623263477873174,35.49782843641174,544.4064739347377,1939.0664682915515,-1394.6599943568137,-0.0062500970823192725,1,1,-1,0.5,Trend
2023-12-05 00:00:00+09:00,127948.828125,127948.828125,122101.96621525133,141956,130755.323828125,122998.487109375,0.019297539701864836,0.02649637659854402,40.63747883130265,503.7128182390152,1651.9957382810444,-1148.2829200420292,0.03223273551995698,1,1,-1,0.5,Trend
2023-12-06 00:00:00+09:00,124830.5,128728.40788446525,124830.5,155737,130039.083203125,122943.26666666666,0.019820175357977924,0.026686063735116197,38.78327100513218,217.33448750033858,1365.0634881249034,-1147.7290006245648,-0.02437168179417426,1,1,-1,0.5,Trend
2023-12-07 00:00:00+09:00,122394.3125,125415.19123208598,121419.83548964967,115502,129093.840234375,122863.684375,0.01943573429192029,0.02678660453664148,31.365334721782588,-203.85248943166516,1051.2802926135898,-1255.132782045255,-0.019515963646704937,1,1,-1,0.5,Trend
2023-12-08 00:00:00+09:00,122199.4140625,124343.26343201754,121127.48937774122,102994,128470.175,122787.350390625,0.016908201140381246,0.026785010730942933,31.135548777067655,-547.0666345843056,731.6109071740108,-1278.6775417583162,-0.0015923814883146425,1,1,-1,0.5,Trend
2023-12-11 00:00:00+09:00,124148.3671875,125317.73956289247,121614.72704081633,92165,128002.426171875,122743.49895833334,0.017493765019508795,0.026868914683119954,37.36654794117211,-654.2601840960997,454.4366889199887,-1108.6968730160884,0.015948956383728508,1,1,-1,0.5,Trend
2023-12-12 00:00:00+09:00,123758.5703125,126097.31494832678,123368.77953986221,119587,127666.23125,122740.25065104167,0.016896886899489424,0.02671360306824951,39.77272106112499,-761.8826851769118,211.17281410060858,-973.0554992775203,-0.003139766424888113,1,1,-1,0.5,Trend
2023-12-13 00:00:00+09:00,128630.9609375,129800.33330965908,123856.0237511837,193595,127471.336328125,122816.58463541667,0.01887483976617898,0.02717551364440135,49.83921959247309,-448.8391511498776,79.17042105051135,-528.0095722003889,0.039370126955222906,1,1,-1,0.5,Trend
2023-12-14 00:00:00+09:00,133308.453125,135354.85481770834,130190.12673611111,367714,127607.762890625,122977.3734375,0.02032422463765099,0.02754525943446363,60.059160580106706,174.67113293000148,98.27056342640938,76.4005695035921,0.036363657345082956,1,1,1,1.0,Trend
2023-12-15 00:00:00+09:00,131067.1640625,134380.386053671,130482.47782876395,102681,127549.29453125,123074.82122395834,0.02051240155932142,0.027603606479972963,50.15772471757375,482.393497147219,175.09515017057132,307.29834697664774,-0.016812805264482367,1,1,1,1.0,Trend
2023-12-18 00:00:00+09:00,131554.390625,132918.65837962963,129702.88438657408,78637,127515.1875,123183.63776041666,0.02053339879141965,0.02760448607575253,52.90323281413413,756.8562319652847,291.447366529514,465.4088654357707,0.003717380825205563,1,1,1,1.0,Trend
2023-12-19 00:00:00+09:00,131944.1875,133503.35072008864,130385.02427991138,81054,127559.038671875,123336.305859375,0.02044216504814609,0.027493260305199843,54.019310177000506,994.3609033245593,432.0300738885231,562.3308294360363,0.002963009240118275,1,1,1,1.0,Trend
2023-12-20 00:00:00+09:00,132528.859375,133698.23166360293,130677.35325137868,72157,127734.44375,123536.0734375,0.020102249050548245,0.027374846770345254,61.92167244555562,1215.748805063893,588.7738201235971,626.9749849402959,0.004431205997611709,1,1,1,1.0,Trend
2023-12-21 00:00:00+09:00,133016.109375,133308.45247252748,130579.9168956044,70633,127948.828515625,123761.82734375,0.02008997641634961,0.027341148547875383,65.5677440536777,1414.2151234629273,753.8620807914632,660.3530426714641,0.0036765577120172477,1,1,1,1.0,Trend
2023-12-22 00:00:00+09:00,131651.84375,133698.24546632124,131651.84375,56763,128197.3203125,123977.83645833333,0.019864891498074713,0.02736489906864145,64.15771948235256,1444.7619598329766,892.0420565997659,552.7199032332106,-0.010256393991752155,1,1,1,1.0,Trend
2023-12-26 00:00:00+09:00,134185.484375,135549.75218999636,132431.42575571896,86258,128358.10859375,124185.72486979167,0.018914887937720427,0.02728800434344676,62.12122132360265,1654.3439246831986,1044.5024302164525,609.8414944667461,0.01924500677568375,1,1,1,1.0,Trend
2023-12-27 00:00:00+09:00,135176.25,135666.729862119,133410.52249637156,73862,128626.9046875,124449.10520833333,0.018804308796584835,0.027156851716094232,71.92023899697546,1878.7288310509466,1211.3477103833513,667.3811206675953,0.007383552920159131,1,1,-1,0.5,Trend
2023-12-28 00:00:00+09:00,142239.171875,142239.171875,135568.64519396552,295066,129263.4640625,124838.32161458333,0.021703742190602195,0.027864959179457242,85.15430771198108,2596.542923435336,1488.3867529937484,1108.1561704415876,0.05224972489620039,1,1,-1,0.5,Trend
2024-01-02 00:00:00+09:00,138511.515625,142042.97069759207,136745.78808870396,145896,129889.045703125,125170.28268229167,0.021634010814202985,0.028117323890926606,75.68178312680395,2831.979757372581,1757.105353869515,1074.8744035030659,-0.026206959734522806,1,1,-1,0.5,Trend
2024-01-03 00:00:00+09:00,132135.28125,138315.32781180402,132135.28125,145816,130259.156640625,125405.71796875,0.024380111404007327,0.028827259643733668,61.03610075801034,2475.5200645043224,1900.7882959964766,574.7317685078458,-0.046033965813086164,1,1,1,1.0,Trend
2024-01-04 00:00:00+09:00,127917.1484375,132527.6591557228,127132.38065567485,195951,130457.340625,125653.681640625,0.02557066178522734,0.02857911758613525,55.19643841040518,1831.5422452827333,1886.939085853728,-55.396840570994755,-0.031922835238222924,1,1,-1,0.5,Trend
2024-01-05 00:00:00+09:00,129192.390625,130467.63821659073,127720.95109624145,154917,130519.51875,125927.77161458334,0.02466636264611722,0.02859024504265181,50.77084338502181,1407.857664037525,1791.1228014904875,-383.26513745296256,0.009969282485397857,1,1,-1,0.5,Trend
2024-01-08 00:00:00+09:00,126739.9921875,130271.44707817337,126543.80024912926,156292,130614.993359375,126190.22252604166,0.024399984884064602,0.02863084269034652,40.39459743160705,864.2341690273024,1605.7450749978507,-741.5109059705483,-0.01898253005177719,1,1,-1,0.5,Trend
2024-01-09 00:00:00+09:00,130173.34375,131252.39935003768,126838.08098624718,103623,131003.944921875,126527.76145833333,0.024558755778527005,0.02875990986864367,48.736955175371676,702.3550976486149,1425.0670795280037,-722.7119818793888,0.02708972521807218,1,1,-1,0.5,Trend
2024-01-10 00:00:00+09:00,128800.0078125,132920.03852698972,128407.62393492955,106698,131333.974609375,126821.29778645834,0.024731122049931577,0.028788609295407636,46.202911050191084,457.9688547149126,1231.6474345653855,-773.6785798504729,-0.010550055010782544,1,1,-1,0.5,Trend
2024-01-11 00:00:00+09:00,124581.8828125,128898.10552411417,124581.8828125,245461,131355.650390625,127107.87317708334,0.02576928983755449,0.028756770488985922,40.81960930478322,-75.20947071422415,970.2760535094636,-1045.4855242236877,-0.03274941571541301,1,1,-1,0.5,Trend
2024-01-12 00:00:00+09:00,124581.8828125,126543.80222687007,123600.92310531496,86293,131396.816015625,127379.83125,0.02575756388696868,0.02874881415913959,39.94392713691289,-492.0846889767854,677.8039050122139,-1169.8885939889992,0.0,1,1,-1,0.5,Trend
2024-01-15 00:00:00+09:00,119775.1796875,125857.12984362204,123110.44267634112,11317,130954.026953125,127574.92591145834,0.025557403427688283,0.029244811658740957,34.89608499633283,-1196.5292296215048,302.93727808547015,-1499.4665077069749,-0.0385826816587308,1,1,-1,0.5,Trend
2024-01-16 00:00:00+09:00,120461.8515625,121344.71529544992,118303.74021528909,96575,130311.696875,127817.19596354167,0.02396085134389653,0.029108835934803536,37.035169047458275,-1680.0315636922023,-93.65649027006435,-1586.375073422138,0.005733006427471654,1,1,-1,0.5,Trend
2024-01-17 00:00:00+09:00,118990.4140625,122227.58113922093,118598.0301744126,121870,129707.859375,128060.928125,0.02386151470120242,0.029085584001885587,31.950587065352536,-2157.0779044747323,-506.340773110998,-1650.7371313637343,-0.01221496665470534,1,1,-1,0.5,Trend
2024-01-18 00:00:00+09:00,128113.3359375,128996.19966141846,118794.21885169411,339855,129535.806640625,128404.73684895833,0.02964129828678416,0.030330255379670382,42.96874526059771,-1778.4956241251493,-760.7717433138283,-1017.723880811321,0.07666938506666732,1,1,-1,0.5,Trend
2024-01-19 00:00:00+09:00,128996.203125,129977.16284458176,126641.89979800381,104079,129388.407421875,128737.27408854167,0.02968388975503161,0.03029751940518926,34.96657366299087,-1391.1896673085284,-886.8553281127683,-504.3343391957601,0.006891298091954434,1,1,-1,0.5,Trend
2024-01-22 00:00:00+09:00,129486.6875,130761.93517992424,127230.48006628788,127392,129236.298828125,128965.92096354166,0.02967805496097686,0.02935869670322626,38.94230437882365,-1032.7638573546574,-916.0370339611462,-116.72682339351115,0.0038023163714726582,1,1,-1,0.5,Trend
2024-01-23 00:00:00+09:00,136255.3125,136647.69640928725,130467.64983801296,267970,129398.258984375,129312.25065104167,0.031884367860588646,0.030027243102191604,55.0000018962242,-200.22923294802604,-772.8754737585222,572.6462408104961,0.05227274811551563,1,1,1,1.0,Trend
2024-01-24 00:00:00+09:00,135862.921875,138315.3211868231,134783.86617779784,139636,129608.812890625,129676.40260416667,0.03178634057273467,0.02996793184829519,60.62992389332398,423.0214825608564,-533.6960824946466,956.717565055503,-0.0028798189061435275,-1,1,1,0.30000000000000004,Trend
2024-01-25 00:00:00+09:00,136843.875,137138.1629032258,134097.1879032258,92811,129741.732421875,130108.87578125,0.03155260668073535,0.029700432261507568,60.31746165518468,984.7552385001763,-230.00581829568202,1214.7610567958584,0.0072201680301158255,-1,1,1,0.30000000000000004,Trend
2024-01-26 00:00:00+09:00,137334.359375,140277.23850446427,132429.56082589284,121059,129849.637890625,130344.88346354167,0.03152372170360958,0.02654389981755127,65.08380478600375,1452.7647098087473,106.54828732520383,1346.2164224835435,0.003584262540066163,-1,1,1,0.30000000000000004,Trend
2024-01-29 00:00:00+09:00,133802.90625,137824.84111528593,133802.90625,129588,129427.824609375,130387.230859375,0.0297281598003516,0.02551012791331782,55.15321984175542,1521.1717134287464,389.4729725459124,1131.698740882834,-0.025714272386542003,-1,1,1,0.30000000000000004,Trend
2024-01-30 00:00:00+09:00,133116.234375,135176.24979274135,130958.12298498527,98233,129158.060546875,130481.47486979167,0.02921852630090758,0.02522213188462643,56.25000424226093,1502.654410413903,612.1092601195105,890.5451502943924,-0.005131965323062593,-1,1,1,0.30000000000000004,Trend
2024-01-31 00:00:00+09:00,115753.25,131448.60593220338,114772.29025423729,634822,128338.958984375,130245.73268229167,0.04150842580475231,0.030950488185936903,40.740746810043014,85.94091049727285,506.875590195063,-420.93467969779016,-0.13043476219502248,-1,-1,-1,-1.0,Defensive
2024-02-01 00:00:00+09:00,117322.78125,117420.87722094482,114772.28600543478,282895,127809.240625,129873.736328125,0.04127390487945354,0.029453386209200298,42.62948270377765,-899.7944203262596,225.54158809079848,-1125.336008417058,0.013559284512529857,-1,-1,-1,-1.0,Defensive
2024-02-02 00:00:00+09:00,120756.140625,122521.86810773762,116243.72594689278,228091,127387.428125,129554.090234375,0.041830770147527015,0.0297314555920038,51.02459140130824,-1387.9538955261814,-97.15750863259751,-1290.796386893584,0.029264217387448,-1,-1,-1,-1.0,Defensive
2024-02-05 00:00:00+09:00,117715.171875,120363.7632421875,116047.5402734375,169379,126936.187109375,129196.75455729167,0.04198047637780391,0.029877839379291928,47.265632230626565,-1997.1822861184046,-477.1624641297589,-1520.0198219886456,-0.025182725567915565,-1,-1,-1,-1.0,Defensive
2024-02-06 00:00:00+09:00,122521.875,125072.37039631706,116734.21236989592,224254,126553.613671875,128883.799609375,0.04258828796827395,0.0302991220075763,53.29670898697747,-2068.297359532604,-795.389443210328,-1272.907916322276,0.04083333565620717,-1,-1,-1,-1.0,Defensive
2024-02-07 00:00:00+09:00,125268.5546875,125660.93857062451,121148.52391469263,126894,126377.041015625,128727.06354166666,0.0429107712689749,0.029858468559627396,46.985448637751155,-1881.335605973567,-1012.5786757629758,-868.7569302105912,0.02241787180860566,-1,-1,-1,-1.0,Defensive
2024-02-08 00:00:00+09:00,126936.1796875,127230.46758476623,123895.2047490823,323750,126494.755859375,128617.61080729167,0.04234732681489548,0.02989924321748831,47.852751643683305,-1580.3859630885854,-1126.1401332280977,-454.2458298604877,0.01331239914246729,-1,-1,-1,-1.0,Defensive
2024-02-13 00:00:00+09:00,123110.4453125,131154.31504606575,122031.38961653387,204682,126421.183984375,128494.74375,0.04293177457536645,0.03001203944924131,43.785843406655744,-1631.7758971463336,-1227.267286011745,-404.5086111345886,-0.03013903825070563,-1,-1,-1,-1.0,Defensive
2024-02-14 00:00:00+09:00,121148.5234375,122816.15493421053,120363.7556743421,117013,126489.851171875,128305.071484375,0.042133919325429335,0.029994507628885135,33.75525377309749,-1809.9495175944758,-1343.803732328291,-466.1457852661847,-0.01593627470049286,-1,-1,-1,-1.0,Defensive
2024-02-15 00:00:00+09:00,121933.2890625,126838.08749622888,121246.61728177796,161659,126563.423046875,128160.9609375,0.042139002684723176,0.029960110893174508,35.14642615612159,-1866.315643101203,-1448.3061144828735,-418.00952861832957,0.006477715144459495,-1,-1,-1,-1.0,Defensive
2024-02-16 00:00:00+09:00,122619.96875,123895.216425,121148.529125,105273,126744.90078125,128000.68489583333,0.042040665304697085,0.029919302066233933,34.73684457613318,-1834.430716297633,-1525.5310348458254,-308.8996814518075,0.005631601450101442,-1,-1,-1,-1.0,Defensive
2024-02-19 00:00:00+09:00,125072.3671875,125562.84705882354,121246.62419117648,124070,126592.85234375,127881.28216145834,0.038751730461238656,0.030042388045168414,37.3737341233979,-1592.9115311518544,-1539.0071341070313,-53.9043970448231,0.019999992354426288,-1,1,-1,-0.19999999999999996,MeanReversion
2024-02-20 00:00:00+09:00,124483.78125,124876.16511524822,122521.86192375887,105471,126367.23125,127771.55911458333,0.03871133491573593,0.030028505947220407,39.78493389761709,-1432.4869847424416,-1517.7031042341134,85.21611949167186,-0.004705963041521599,-1,1,-1,-0.19999999999999996,MeanReversion
2024-02-21 00:00:00+09:00,124581.8828125,125072.36266609252,122718.05936884842,81096,126121.991015625,127697.57786458333,0.03869437512775558,0.029965453037705935,40.522871053954375,-1282.6478338833113,-1470.6920501639531,188.04421628064188,0.0007880670197748518,-1,1,-1,-0.19999999999999996,MeanReversion
2024-02-22 00:00:00+09:00,124581.8828125,125857.13043184055,123797.11504675196,75503,125538.31953125,127628.46901041667,0.0366528077642144,0.029964722160217942,65.95744380408098,-1150.6354184366064,-1406.680723818484,256.0453053818776,0.0,-1,1,1,0.30000000000000004,Trend
2024-02-23 00:00:00+09:00,122325.6796875,125857.13475466118,121933.29579114876,114617,124861.457421875,127555.86354166667,0.0367789486768662,0.02998583665491731,58.82353913797118,-1214.076249144331,-1368.1598288836535,154.08357973932243,-0.018110202495459693,-1,1,1,0.30000000000000004,Trend
2024-02-26 00:00:00+09:00,120854.234375,124581.88121448863,120756.13840553978,124720,124061.975390625,127387.27213541667,0.03668836083237238,0.02968795034228606,50.18586942362122,-1367.3252297655272,-1367.9929090600285,0.6676792945013403,-0.012028915892877357,-1,1,1,0.30000000000000004,Trend
2024-02-27 00:00:00+09:00,119971.375,122227.58237939492,118598.0313777596,111612,123193.826171875,127223.45625,0.0366161637575125,0.02968157239140027,54.65586209075767,-1542.2375695141673,-1402.8418411508562,-139.39572836331104,-0.007305158810245405,-1,1,-1,-0.19999999999999996,MeanReversion
2024-02-28 00:00:00+09:00,120952.3359375,121540.91178147809,119284.70437956204,192659,122551.29765625,127080.862109375,0.036465936813279316,0.02970632252322541,46.15383731789209,-1583.4485008612392,-1438.9631730929327,-144.48532776830643,0.008176624944908673,-1,1,-1,-0.19999999999999996,MeanReversion
2024-02-29 00:00:00+09:00,117322.78125,121344.71605873747,117322.78125,210576,121761.625,126936.24375,0.036906413010079464,0.02975396534924054,31.336415001201956,-1887.2283964937087,-1528.616217773088,-358.6121787206207,-0.030008140474240275,-1,1,-1,-0.19999999999999996,MeanReversion
2024-03-04 00:00:00+09:00,115851.34375,118696.12695808636,115360.86388653683,149221,121766.5296875,126788.21510416667,0.019605250175035796,0.029768513601933895,23.72096934252926,-2221.105341544855,-1667.1140425274416,-553.9912990174134,-0.012541788426107536,-1,1,-1,-0.19999999999999996,MeanReversion
2024-03-05 00:00:00+09:00,111535.1171875,115753.24387093227,111338.9252487357,241048,121477.146484375,126581.242578125,0.021070341182760702,0.030138434597225566,23.181843522230423,-2801.6924705274287,-1894.029728127439,-907.6627423999896,-0.03725659472551435,-1,1,-1,-0.19999999999999996,MeanReversion
2024-03-06 00:00:00+09:00,112319.8828125,113006.55458515284,111437.01910480349,102167,121055.33359375,126320.76015625,0.01989196349576291,0.029840475976452386,28.365400446450792,-3162.037920920877,-2147.631366686127,-1014.4065542347498,0.007036040708871427,-1,1,-1,-0.19999999999999996,MeanReversion
2024-03-07 00:00:00+09:00,110554.15625,113497.03529835847,109573.19656721385,169994,120697.2828125,126082.82109375,0.01944488375289273,0.029749267425168632,23.394524404398098,-3549.180915007819,-2427.941276350465,-1121.2396386573537,-0.0157205164240386,-1,1,-1,-0.19999999999999996,MeanReversion
2024-03-08 00:00:00+09:00,109867.484375,112712.26745256697,109475.10050223215,150524,120064.56328125,125874.040625,0.016581216720454896,0.029664231729796677,20.183489254995493,-3866.8288130530564,-2715.7187836909834,-1151.110029362073,-0.006211181002071076,-1,1,-1,-0.19999999999999996,MeanReversion
2024-03-11 00:00:00+09:00,112614.171875,114576.0912456446,108984.62103930749,187813,119431.844140625,125714.28658854167,0.01681036799082051,0.02986078100663335,21.266974685227538,-3852.5228492645256,-2943.079596805692,-909.4432524588337,0.025000003555419426,-1,1,-1,-0.19999999999999996,MeanReversion
2024-03-12 00:00:00+09:00,112712.265625,114281.80109062228,110848.44225957354,121072,118720.6484375,125523.68489583333,0.016312506589268125,0.029777211049770224,22.222230415779606,-3789.5859363331692,-3112.3808647111873,-677.2050716219819,0.000871060439079363,-1,1,-1,-0.19999999999999996,MeanReversion
2024-03-13 00:00:00+09:00,110652.2578125,112908.46519697474,110357.96989278591,120178,118097.7390625,125305.24635416667,0.015554114621460334,0.029855988152466376,19.915249375523487,-3861.4213321979914,-3262.1889582085487,-599.2323739894427,-0.018276695984035696,-1,1,-1,-0.19999999999999996,MeanReversion
2024-03-14 00:00:00+09:00,112025.6015625,113693.23310940235,109965.58612220884,255202,117641.59296875,125028.49036458334,0.015817087572550213,0.02944195492167421,24.39999745147449,-3764.143336568435,-3362.579833880526,-401.563502687909,0.012411348644391307,-1,1,-1,-0.19999999999999996,MeanReversion
2024-03-15 00:00:00+09:00,110946.546875,113300.85025696286,110946.546875,218401,117092.255859375,124655.79192708334,0.01567107811642827,0.029028707226167048,25.630246336244028,-3731.110598977568,-3436.285986899935,-294.824612077633,-0.009632215069141914,-1,1,-1,-0.19999999999999996,MeanReversion
2024-03-18 00:00:00+09:00,110750.3515625,113006.5589016829,110554.15961996236,87230,116498.775,124317.17838541667,0.01550076189888798,0.02897164670620179,27.1111082794161,-3678.3613782271277,-3484.7010651653736,-193.6603130617541,-0.001768376916868375,-1,1,-1,-0.19999999999999996,MeanReversion
2024-03-19 00:00:00+09:00,109573.203125,110652.25884064459,108297.95546105641,103703,115723.816796875,123950.82526041666,0.014382659609537952,0.02897636666007486,26.75438167520832,-3689.0185720468435,-3525.564566541668,-163.4540055051757,-0.010628846056851549,-1,1,-1,-0.19999999999999996,MeanReversion
2024-03-20 00:00:00+09:00,111044.640625,113006.56007067137,110161.77687444787,159484,115051.859765625,123602.49947916667,0.01505888813298207,0.02904374669961402,28.32616617440516,-3537.9484980076377,-3528.041352834862,-9.907145172775472,0.013428807938756782,-1,1,-1,-0.19999999999999996,MeanReversion
2024-03-21 00:00:00+09:00,112123.6953125,112614.17516951007,111240.83156988189,128058,114428.950390625,123262.41341145833,0.015388069760118504,0.029073983611653153,37.198059826504746,-3293.1918153785373,-3481.0714453435976,187.8796299650603,0.009717305413630806,-1,1,-1,-0.19999999999999996,MeanReversion
2024-03-22 00:00:00+09:00,113889.421875,118107.54861111111,111240.83066860464,455456,113894.32734375,122943.63528645833,0.016051943607306312,0.029159824475554708,45.23808620845276,-2923.0459500380384,-3369.466346282486,446.4203962444476,0.015748023266435762,-1,1,1,0.30000000000000004,Trend
2024-03-25 00:00:00+09:00,115851.34375,118107.55112193056,113889.42429614734,223691,113570.610546875,122680.29361979167,0.016396566902582982,0.02925113192655543,61.827977017016295,-2443.2279749132867,-3184.218672008646,740.9906970953593,0.017226550479405578,-1,1,1,0.30000000000000004,Trend
2024-03-26 00:00:00+09:00,120069.46875,120167.56472120098,116439.91781556372,292484,113531.372265625,122445.02669270833,0.01833366807946214,0.029534300440711325,67.8733246916957,-1702.9705530928622,-2887.9690482254896,1184.9984951326273,0.03640980642488234,-1,1,1,0.30000000000000004,Trend
2024-03-27 00:00:00+09:00,119971.375,121540.91056827473,118107.55151267374,145367,113531.372265625,122191.612109375,0.018260363373082678,0.02950994440697225,73.5294439152365,-1111.4148601783672,-2532.6582106160654,1421.2433504376982,-0.0008169749647535252,-1,1,-1,-0.19999999999999996,MeanReversion
2024-03-28 00:00:00+09:00,118892.3203125,121933.29550201114,118303.7444693688,127791,113428.371484375,121802.49791666666,0.018261172052822683,0.028691416171187287,72.11541885473282,-721.3580404000386,-2170.39817657286,1449.0401361728213,-0.00899426790348945,-1,1,-1,-0.19999999999999996,MeanReversion
2024-03-29 00:00:00+09:00,119088.5078125,120069.46751441516,117420.87631924423,75770,113516.6578125,121478.78111979166,0.0168803514216431,0.02852932559382345,68.13189506052097,-391.8870785748586,-1814.6959569732596,1422.808878398401,0.0016501276069331716,-1,1,1,0.30000000000000004,Trend
2024-04-01 00:00:00+09:00,126641.8984375,130958.12115729087,119578.9885323877,463259,114056.185546875,121387.22473958334,0.021338265531212475,0.029091515347922658,77.5194095172771,473.26107047422556,-1357.1045514837629,1830.3656219579884,0.0634266963600929,-1,1,-1,-0.19999999999999996,MeanReversion
2024-04-02 00:00:00+09:00,131644.796875,132233.37271795826,122816.15923062593,327427,115061.66953125,121449.35221354167,0.0201745062134495,0.02922660569032407,87.15278901191829,1544.7820190685306,-776.7272373733042,2321.5092564418346,0.03950429122766996,-1,1,-1,-0.19999999999999996,MeanReversion
2024-04-03 00:00:00+09:00,133116.234375,135274.34576501473,128407.62770587693,327195,116101.487109375,121514.749609375,0.02018170361498353,0.02923355735288974,87.19724203689134,2484.068009915136,-124.56818791561625,2608.6361978307523,0.011177331234725196,-1,1,-1,-0.19999999999999996,MeanReversion
2024-04-04 00:00:00+09:00,129879.0703125,134587.6770912009,127328.57497403701,303868,117067.7328125,121567.067578125,0.020823726565096966,0.029304129353900414,81.02895183435199,2933.4320603230008,487.0318617321072,2446.4001985908935,-0.024318326594039874,-1,1,-1,-0.19999999999999996,MeanReversion
2024-04-05 00:00:00+09:00,131252.40625,134195.28531390135,128505.71912369208,210633,118136.97890625,121585.051953125,0.020554026633663545,0.029131557553924076,82.35295858126769,3361.6223505533853,1061.949959496363,2299.6723910570227,0.01057395879255707,-1,1,-1,-0.19999999999999996,MeanReversion
2024-04-08 00:00:00+09:00,131742.890625,134293.38590143336,128898.10743205511,213176,119093.41484375,121634.1,0.020237956477618533,0.029100720532677368,85.75950706994131,3697.9169457418175,1589.1433567454537,2108.7735889963637,0.0037369552986765697,-1,1,-1,-0.19999999999999996,MeanReversion
2024-04-09 00:00:00+09:00,126739.9921875,133900.99793803212,126053.3204032024,151213,119794.801171875,121670.06848958334,0.02273724329198889,0.029215138438184397,72.72727272727272,3520.1625002827204,1975.347185452907,1544.8153148298134,-0.03797471281953668,-1,1,-1,-0.19999999999999996,MeanReversion
2024-04-11 00:00:00+09:00,124974.2734375,126543.80905366954,121148.53037308673,248725,120510.901953125,121676.60833333334,0.022509034325457623,0.02927355503636299,68.24514209451198,3199.9253279112454,2220.262813944575,979.6625139666703,-0.013931819937212708,-1,1,1,0.30000000000000004,Trend
2024-04-12 00:00:00+09:00,132429.5625,133410.52222222224,123404.73305555557,381973,121531.1,121887.51471354166,0.02531131501736073,0.029744902616792943,72.66188410624358,3507.284786703851,2477.6672084964302,1029.6175782074206,0.05965459016033736,-1,1,-1,-0.19999999999999996,MeanReversion
2024-04-15 00:00:00+09:00,132037.171875,133802.89928491827,130565.73236673477,142920,122585.63125,122080.43671875,0.025103117645185448,0.029746025509413992,70.573565242813,3676.8226058524306,2717.4982879676304,959.3243178848002,-0.0029630138285777763,1,1,-1,0.5,Trend
2024-04-16 00:00:00+09:00,134783.859375,135372.435180131,130565.73277156113,325099,123787.306640625,122343.66080729167,0.02511009169782212,0.02978994819615751,69.43005213418382,3986.859243580213,2971.370479090147,1015.4887644900659,0.020802380579616697,1,1,1,1.0,Trend
2024-04-17 00:00:00+09:00,139394.375,141650.58233638282,134293.38450035185,435739,125278.365234375,122531.678125,0.025160834138970044,0.02857442270684606,72.91666743481295,4552.121568083967,3287.520696888911,1264.6008711950558,0.034206733999005534,1,1,-1,0.5,Trend
2024-04-18 00:00:00+09:00,143710.59375,145280.12924488055,139982.9469496587,369131,126911.662890625,122776.91796875,0.02549777227665978,0.028812760490688837,77.2042987179788,5287.428627816713,3687.502283074472,1599.9263447422409,0.030964081226376505,1,1,-1,0.5,Trend
2024-04-19 00:00:00+09:00,140081.046875,144201.07766544117,139100.08716299018,259260,128309.53046875,122953.490625,0.026911459792443672,0.029027069246037724,71.40000519261991,5513.731802788912,4052.7481870173606,1460.9836157715517,-0.02525594516235863,1,1,-1,0.5,Trend
2024-04-22 00:00:00+09:00,139001.984375,142141.05529948836,135078.14571938955,190235,129565.15859375,122999.26848958334,0.027211329481926276,0.02830576734638652,64.51612252077146,5542.121249815129,4350.622799576915,1191.498450238214,-0.007703129895673122,1,1,1,1.0,Trend
2024-04-23 00:00:00+09:00,139492.46875,139786.75665875527,136255.30175369198,167434,130747.21484375,123059.7609375,0.027193569583913866,0.028305511090991567,60.309271367397685,5540.332575834909,4588.564754828514,951.767821006395,0.003528614193569757,1,1,1,1.0,Trend
2024-04-24 00:00:00+09:00,142631.546875,143710.60259413687,138707.7078963205,234072,131875.31875,123156.22213541667,0.026663918578858543,0.028432909074099802,61.97531077836964,5726.204290513269,4816.092661965466,910.1116285478038,0.02250356706085621,1,1,1,1.0,Trend
2024-04-25 00:00:00+09:00,143318.203125,144691.54661832648,140767.7080659651,325567,133042.66015625,123255.95286458333,0.026588850428114274,0.028435456784360554,68.07386099653465,5861.350385597296,5025.144206691832,836.2061789054642,0.004814196193229092,1,1,1,1.0,Trend
2024-04-26 00:00:00+09:00,147732.53125,149302.0667745684,143710.5964682935,408132,134484.670703125,123488.11328125,0.02664922439640334,0.028467770837450813,70.48780146687754,6252.578197864292,5270.631004926324,981.9471929379679,0.030800889410746324,1,1,-1,0.5,Trend
2024-04-29 00:00:00+09:00,152931.609375,153618.2811297306,148909.67481157795,321904,136176.82578125,123818.36953125,0.027064626464019602,0.02876755602695061,73.58077463605794,6902.582537129143,5597.021311366888,1305.5612257622552,0.03519250689749476,1,1,-1,0.5,Trend
2024-04-30 00:00:00+09:00,166272.671875,166763.15173303836,158228.8022031711,1004813,138158.364453125,124660.35989583333,0.029515914770206205,0.024154715916153254,87.10865534683384,8397.42758883664,6157.102566860838,2240.325021975801,0.08723548097428768,1,1,-1,0.5,Trend
2024-05-02 00:00:00+09:00,170098.421875,171079.3816320646,164408.85528402537,741198,140081.045703125,125539.95390625,0.029011520006439254,0.024232695916106443,90.78012812375252,9778.093340586522,6881.300721605976,2896.7926189805457,0.023008892302375017,1,1,-1,0.5,Trend
2024-05-03 00:00:00+09:00,165487.90625,169411.74516523414,164801.23443983402,260793,141699.629296875,126285.48333333334,0.030381634544354896,0.02443039377066321,81.49531024101407,10380.589838788437,7581.158545042468,2799.431293745969,-0.027104987654665735,1,1,-1,0.5,Trend
2024-05-07 00:00:00+09:00,163918.375,166665.06231298624,158326.90439856373,381951,143401.59453125,127055.53671875,0.029631694686945417,0.02417521978477034,79.70749633460439,10609.129162578669,8186.752668549709,2422.37649402896,-0.009484265560946392,1,1,-1,0.5,Trend
2024-05-08 00:00:00+09:00,161564.0625,164310.74965846993,160190.718920765,189029,144917.17734375,127706.23984375,0.03020257747863445,0.02387874694895969,75.1381110127124,10479.474026943353,8645.296940228438,1834.1770867149153,-0.014362712539091493,1,1,-1,0.5,Trend
2024-05-09 00:00:00+09:00,165684.09375,168234.58897646537,160485.0073268206,390567,146614.2375,128379.83216145834,0.030334258796856434,0.023919404479938667,74.9070505399921,10587.131624072994,9033.66387699735,1553.4677470756433,0.025500913917660295,1,1,-1,0.5,Trend
2024-05-10 00:00:00+09:00,167547.921875,170883.18495682086,165880.2903340896,281028,148654.633984375,129056.69453125,0.027948363224939682,0.023908480964002606,73.68420235545872,10699.509117561218,9366.832925110124,1332.6761924510938,0.011249288225653853,1,1,-1,0.5,Trend
2024-05-13 00:00:00+09:00,165586.0,170098.41469194312,163525.9845971564,194986,150685.2203125,129764.62044270833,0.027834023873414424,0.023559320886105836,76.20965708947543,10509.11584616237,9595.289509320573,913.8263368417975,-0.011709616287951974,1,1,-1,0.5,Trend
2024-05-14 00:00:00+09:00,165782.203125,167744.12268860947,164212.66747411244,149640,152352.85234375,130508.51510416667,0.025955379833161537,0.023403390502399847,78.02874152318691,10255.836856078822,9727.398978672223,528.437877406599,0.0011849016523135525,1,1,-1,0.5,Trend
2024-05-16 00:00:00+09:00,173041.296875,173041.296875,167646.0183443169,356236,154403.05859375,131360.315234375,0.02664923697841399,0.0239022225664302,80.75538388420033,10519.596272895666,9885.838437516912,633.757835378754,0.04378693015996804,1,1,-1,0.5,Trend
2024-05-17 00:00:00+09:00,170588.890625,172550.81001114147,168234.58736163026,137793,156193.31015625,132159.797265625,0.02729504523839368,0.024042811524700523,75.95626195708246,10410.730402619462,9990.816830537422,419.91357208203954,-0.01417237557905926,1,1,-1,0.5,Trend
2024-05-20 00:00:00+09:00,176278.453125,179809.9079455342,168725.06364774622,330945,158037.5140625,133013.23203125,0.027260824912095086,0.024231804323812646,77.99998300984792,10660.664060920244,10124.786276613988,535.8777843062562,0.03335247963190735,1,1,-1,0.5,Trend
2024-05-21 00:00:00+09:00,181281.359375,181477.55132237554,174218.44926948054,297763,159916.05234375,133959.85833333334,0.027175609594824762,0.02436052064065718,78.21780564728036,11134.084217014344,10326.64586469406,807.438352320285,0.028380702016101766,1,1,-1,0.5,Trend
2024-05-22 00:00:00+09:00,185009.0,187069.01537645812,180300.3934252386,333982,162162.45,134966.976953125,0.025771645701650067,0.024416861129747378,77.66495929667676,11675.47493940132,10596.411679635512,1079.0632597658077,0.020562735395694975,1,1,-1,0.5,Trend
2024-05-23 00:00:00+09:00,184420.4375,189325.23636968085,182458.51795212764,274677,164433.37265625,135964.28619791666,0.025590107068283487,0.02443489694675876,70.06507787058712,11919.636759625835,10861.056695633577,1058.5800639922581,-0.0031812641547167564,1,1,-1,0.5,Trend
2024-05-24 00:00:00+09:00,180987.0625,186578.53272357726,179908.00684281843,278995,166508.10234375,136941.97591145834,0.026545874504812685,0.024443874276109456,62.14439793762044,11701.207852284628,11029.086926963788,672.1209253208399,-0.01861710690280738,1,1,1,1.0,Trend
2024-05-27 00:00:00+09:00,178338.46875,185107.09050123763,176670.8373040429,282997,168293.4484375,137900.046484375,0.027150730103715607,0.02448033440455645,64.98853674983141,11185.44316303116,11060.358174177263,125.084988853896,-0.014634160659964257,1,1,1,1.0,Trend
2024-05-28 00:00:00+09:00,175003.21875,181477.55307595292,172648.91535874442,303540,169877.69921875,138817.24388020832,0.027947767428948982,0.024635689543366136,62.41757557002208,10387.824752213986,10925.851489784607,-538.0267375706208,-0.018701797897992756,1,1,-1,0.5,Trend
2024-05-29 00:00:00+09:00,182654.703125,183733.75883626478,174120.3534086332,351606,171623.8078125,139845.61666666667,0.02855731020657724,0.025081890942029245,71.11984541123272,10254.905095565598,10791.662210940805,-536.7571153752069,0.04372196368531078,1,1,-1,0.5,Trend
2024-05-30 00:00:00+09:00,184420.4375,190698.5800531915,181477.55817819148,424722,173198.24921875,140963.9109375,0.02799413512889998,0.024599730556175804,69.69072875956518,10174.75705151839,10668.281179056323,-493.52412753793215,0.009667062193255527,1,1,-1,0.5,Trend
2024-05-31 00:00:00+09:00,190502.375,196682.4211508754,184420.42481977344,900054,174409.734375,142208.09479166666,0.02268155363804493,0.024661724202101106,72.15908730959598,10481.180156022485,10630.860974449555,-149.68081842707034,0.0329786523795661,1,1,-1,0.5,Trend
2024-06-03 00:00:00+09:00,183635.65625,190502.3741653312,181575.64087540063,521445,175086.59609375,143409.77044270834,0.024319051565101276,0.02462225374800459,65.91695358697694,10054.039153499849,10515.496610259615,-461.4574567597665,-0.03604531833264546,1,1,-1,0.5,Trend
2024-06-04 00:00:00+09:00,175689.875,183929.9361390285,173727.9556811837,489512,175596.69453125,144465.93697916667,0.025703425120443647,0.025539745193356455,57.68643785703774,8970.957081398054,10206.588704487303,-1235.6316230892498,-0.04326927249456758,1,1,-1,0.5,Trend
2024-06-05 00:00:00+09:00,174414.625,177357.5039370079,169902.21062992126,347741,176121.50703125,145530.278125,0.025650726222952214,0.025431048204537527,51.174483326487206,7918.426032527408,9748.956170095324,-1830.5301375679155,-0.007258528700074485,1,1,-1,0.5,Trend
2024-06-07 00:00:00+09:00,176867.03125,178240.37480934552,173727.96025721022,262763,176886.65546875,146646.93723958332,0.025412429812133788,0.02537849324322305,55.369125812816534,7199.188518084295,9239.002639693119,-2039.8141216088243,0.014060783320205994,1,1,-1,0.5,Trend
2024-06-10 00:00:00+09:00,172747.015625,175591.79896010787,166763.16102356615,195519,177239.8015625,147649.15130208334,0.025663655812396387,0.025602228567061115,46.89656668649464,6224.979093456961,8636.197930445887,-2411.2188369889263,-0.023294424042072603,1,1,-1,0.5,Trend
2024-06-11 00:00:00+09:00,174708.921875,180888.9679604155,172747.00248280462,191562,177597.8515625,148682.42890625,0.02566565630283491,0.02559438933563064,43.89798584036084,5547.275010418962,8018.413346440502,-2471.1383360215405,0.011357106476785228,1,1,-1,0.5,Trend
2024-06-12 00:00:00+09:00,188049.984375,190404.28777875585,176180.37138106415,482692,178721.05078125,149972.391015625,0.029974022984997316,0.026756376180139662,52.39568021030257,6017.3377657547535,7618.198230303353,-1600.8604645485993,0.07636165547140861,1,1,-1,0.5,Trend
2024-06-13 00:00:00+09:00,186186.15625,190306.18710484722,184126.1408225764,349886,179741.2484375,151208.40026041667,0.030178230899614206,0.026861611222256266,51.363629562305384,6168.36545565314,7328.23167537331,-1159.8662197201702,-0.0099113442162444,1,1,-1,0.5,Trend
2024-06-14 00:00:00+09:00,183047.078125,189325.22014000537,179809.91114851285,299303,180241.5375,152410.07578125,0.029264643747923872,0.026961934380231593,51.59817384809075,5965.986439697124,7055.782628238074,-1089.7961885409495,-0.016859890059629512,1,1,-1,0.5,Trend
2024-06-17 00:00:00+09:00,181477.546875,185989.96155405405,177749.8999662162,211170,180785.9703125,153588.86236979166,0.029117684919183127,0.027019840778397492,52.47678625453346,5614.234160076914,6767.472934605843,-1153.2387745289288,-0.008574467651038864,1,1,-1,0.5,Trend
2024-06-18 00:00:00+09:00,178142.28125,182360.40795360683,177946.08931029736,210477,180879.16171875,154731.68033854166,0.028619592636810944,0.027131990345313287,52.47677331544895,5008.603815245413,6415.699110733758,-1407.095295488345,-0.018378392712665947,1,1,-1,0.5,Trend
2024-06-19 00:00:00+09:00,175003.21875,182752.80074621638,173041.299257287,328821,180565.2546875,155797.656640625,0.02813392579598622,0.027326844483709218,43.50000066367834,4226.619456015644,5977.883179790135,-1751.2637237744912,-0.017621097461947954,1,1,-1,0.5,Trend
2024-06-20 00:00:00+09:00,169509.828125,174610.818323206,169019.34829824942,298065,179790.29609375,156754.0921875,0.028396715533189322,0.027795780925124455,38.087757820272614,3127.567848858249,5407.820113603758,-2280.252264745509,-0.03139022621548215,1,1,-1,0.5,Trend
2024-06-21 00:00:00+09:00,169509.828125,171373.6514666522,165389.79758029516,382123,179044.765625,157681.09895833334,0.028412667321415428,0.027785732922047977,31.423608854682428,2230.8457310128724,4772.425237085581,-2541.5795060727087,0.0,1,1,-1,0.5,Trend
2024-06-24 00:00:00+09:00,169509.828125,173041.2828776042,167449.81285264756,216322,178470.90390625,158575.40703125,0.02821527146776609,0.02776432261827175,35.77074744211127,1502.8629238005378,4118.512774428573,-2615.649850628035,0.0,1,1,-1,0.5,Trend
2024-06-25 00:00:00+09:00,170981.28125,171766.04903542742,166763.1544033276,175749,178103.04453125,159423.93723958332,0.028199630080994086,0.02749672960365032,44.5454723166656,1032.7602566251007,3501.3622708678786,-2468.602014242778,0.008680636050877988,1,1,-1,0.5,Trend
2024-06-26 00:00:00+09:00,174218.4375,174610.82136824323,164801.22466216216,258640,178063.80546875,160328.05494791668,0.028277073796761684,0.027531873593292178,49.78261366382889,910.9115401015733,2983.272124714618,-2072.3605846130445,0.01893281081024778,1,1,-1,0.5,Trend
2024-06-27 00:00:00+09:00,172648.90625,175591.78533380682,170588.89089133524,213451,177563.515625,161223.998046875,0.02644281473358836,0.027532013103012037,45.23281776564733,679.8604910862632,2522.589797988947,-1842.7293069026837,-0.009008984769479422,1,1,-1,0.5,Trend
2024-06-28 00:00:00+09:00,164114.5625,174218.44769874477,162545.02693514642,359622,176548.221875,161974.43229166666,0.028322376465628605,0.02849181066173787,41.12902578357647,-189.71245889540296,1980.129346612077,-2169.84180550748,-0.04943178578636376,1,1,-1,0.5,Trend
2024-07-01 00:00:00+09:00,163918.375,167057.44621484142,162348.8393925793,276943,175219.021875,162595.70690104167,0.02689217489978834,0.02753103223855861,38.4937384890733,-884.4901267283713,1407.2054519439873,-2291.6955786723584,-0.0011954301739676154,1,1,-1,0.5,Trend
2024-07-02 00:00:00+09:00,155285.921875,164506.94313605496,153814.4823120657,488601,173801.53515625,162989.72565104166,0.028138083839223386,0.02816419421053714,11.162793626616079,-2107.380684127653,704.2882247296593,-2811.668908857312,-0.0526631204402801,1,1,-1,0.5,Trend
2024-07-03 00:00:00+09:00,148615.390625,156266.8760829208,144201.07209158415,626286,172447.8109375,163248.044921875,0.02811624870895974,0.02877639258071118,10.020879673028105,-3573.592238396319,-151.28786789553635,-3422.3043705007826,-0.04295644556477929,1,1,-1,0.5,Trend
2024-07-04 00:00:00+09:00,145868.71875,147830.63830279087,143122.0313760928,378157,171020.515625,163514.5390625,0.02820799258449703,0.028693642607030362,10.1052708528874,-4900.716514664964,-1101.1735972494218,-3799.5429174155424,-0.01848174582355777,1,1,-1,0.5,Trend
2024-07-05 00:00:00+09:00,146653.484375,150675.4193979933,145182.04473244149,312915,169509.83828125,163771.22369791666,0.027904536120807705,0.02867522210761784,11.991437610935193,-5822.035239494609,-2045.3459256984595,-3776.6893137961497,0.005379944594872121,1,1,-1,0.5,Trend
2024-07-08 00:00:00+09:00,148517.296875,149694.44850148613,145574.41780878467,159089,168298.35234375,164050.79713541668,0.028107989240410768,0.028708109664561974,16.592904371433534,-6328.837969893997,-2902.044334537567,-3426.79363535643,0.012708954771467607,1,1,-1,0.5,Trend
2024-07-09 00:00:00+09:00,150871.59375,152441.12918563068,148223.0027023732,256053,167106.4859375,164452.99049479168,0.028281463885571186,0.0282563409787806,22.29726772506058,-6465.974968413211,-3614.830461312696,-2851.144507100515,0.015852004611836668,1,1,-1,0.5,Trend
2024-07-10 00:00:00+09:00,151067.796875,152735.42839894482,149498.26132305196,129212,165257.3765625,164887.88255208332,0.021103796587069897,0.028169795677141216,25.897436525770757,-6484.080630006181,-4188.680495051393,-2295.400134954788,0.0013004643228275992,1,1,-1,0.5,Trend
2024-07-11 00:00:00+09:00,150086.828125,153422.0909722222,149694.44426062092,210258,163452.41015625,165182.1703125,0.021126344725248897,0.027259558384768196,25.249994425100425,-6502.627238034824,-4651.469843648079,-1851.1573943867443,-0.006493566268207962,-1,1,-1,-0.19999999999999996,MeanReversion
2024-07-12 00:00:00+09:00,151852.5625,154501.15370639536,150577.31488210594,198253,161892.684375,165512.42682291666,0.02164934820640056,0.02727920904085082,28.468907270345994,-6302.1977387633815,-4981.615422671141,-1320.582316092241,0.011764752424039626,-1,1,-1,-0.19999999999999996,MeanReversion
2024-07-15 00:00:00+09:00,147340.15625,153814.49067909454,146751.58039280958,146403,160185.81484375,165721.6984375,0.022141990960789473,0.02748956062377396,23.16257071947622,-6433.31019387822,-5271.954376912557,-1161.3558169656635,-0.029715706970700584,-1,1,-1,-0.19999999999999996,MeanReversion
2024-07-16 00:00:00+09:00,146947.765625,149007.78103095794,145182.0381341789,123002,158626.0890625,165847.58828125,0.022119867581426634,0.02716756444639245,16.9047628980222,-6494.021367328562,-5516.367774995759,-977.6535923328029,-0.0026631614556876793,-1,1,-1,-0.19999999999999996,MeanReversion
2024-07-17 00:00:00+09:00,159307.859375,160779.29896282326,147830.63058997845,600580,157841.32109375,166107.54270833332,0.029836619445339083,0.02882103635754273,37.16981500654412,-5481.590775389894,-5509.412375074587,27.821599684692956,0.08411215847638043,-1,1,-1,-0.19999999999999996,MeanReversion
2024-07-18 00:00:00+09:00,163820.265625,171471.75108532934,158621.17935067366,786048,157556.84296875,166503.19635416666,0.029965259045001715,0.028789936619120902,49.69324214147767,-4265.943621872255,-5260.718624434121,994.7750025618661,0.028325069884832965,-1,1,1,0.30000000000000004,Trend
2024-07-19 00:00:00+09:00,160092.625,165880.28730085783,156757.36197916666,325273,157085.9828125,166854.70703125,0.03033596301881404,0.02895017062711428,46.2857066574758,-3562.260419009428,-4921.026983349182,1358.766564339754,-0.02275445355175365,-1,1,1,0.30000000000000004,Trend
2024-07-22 00:00:00+09:00,174316.546875,174807.0267480304,160092.63055711874,694963,157326.31875,167435.10833333334,0.03616837292136263,0.030859576319529992,66.66667578939418,-1835.6742795128375,-4303.9564425819135,2468.282163069076,0.08884807701166753,-1,1,1,0.30000000000000004,Trend
2024-07-23 00:00:00+09:00,171864.140625,176376.555276113,170686.98897688356,311934,157370.46171875,167922.31822916667,0.03628736535734791,0.030846932782298844,71.98516630722139,-657.650033132144,-3574.69516069196,2917.045127559816,-0.014068694532817894,-1,1,-1,-0.19999999999999996,MeanReversion
2024-07-24 00:00:00+09:00,175591.796875,181477.55542946927,171079.38198324022,464328,157439.1296875,168460.21145833333,0.03636480349175721,0.03093725215794423,77.59561969547111,570.1609152644814,-2745.723945500672,3315.8848607651535,0.02168955220352564,-1,1,-1,-0.19999999999999996,MeanReversion
2024-07-25 00:00:00+09:00,173826.0625,180987.06846077877,172648.91083521445,375644,157497.9875,168895.10364583333,0.036380013518958206,0.03078027710884939,74.77637019469819,1384.767196312925,-1919.6257171379525,3304.3929134508776,-0.010055904697284901,-1,1,-1,-0.19999999999999996,MeanReversion
2024-07-26 00:00:00+09:00,167646.0,177651.78818022236,166763.1363370392,271020,157674.559375,169140.34348958332,0.035442101519416166,0.030894179713439274,66.16913070501988,1514.2142290852498,-1232.8577278933121,2747.071956978562,-0.035553140945133066,-1,1,1,0.30000000000000004,Trend
2024-07-29 00:00:00+09:00,178828.953125,180006.1047637822,161858.3503325562,403171,158420.08828125,169349.61484375,0.038167849802355394,0.030123893159398833,70.56275494126655,2490.464270669414,-488.1933281807669,2978.657598850181,0.06670575572933446,-1,1,-1,-0.19999999999999996,MeanReversion
2024-07-30 00:00:00+09:00,175493.6875,178828.95042621577,170981.2729527669,177973,159430.4765625,169439.5359375,0.036082638651657575,0.03009829494904096,67.17239458069885,2960.890102159319,201.62335788725028,2759.266744272069,-0.018650590783633736,-1,1,1,0.30000000000000004,Trend
2024-07-31 00:00:00+09:00,178240.390625,184028.05328150798,174610.8394675289,265304,160911.7265625,169652.07734375,0.03414122548894682,0.029931849095412456,69.3135882884598,3514.825232504314,864.2637328106631,2650.561499693651,0.01565129301303214,-1,1,1,0.30000000000000004,Trend
2024-08-01 00:00:00+09:00,174414.625,180398.4788385827,173139.37746062994,184003,162339.021875,169827.01484375,0.03427788261173703,0.03004703776535296,65.05233184322088,3603.575723714719,1412.1261309914744,2191.4495927232447,-0.021464077875867238,-1,1,1,0.30000000000000004,Trend
2024-08-02 00:00:00+09:00,174708.921875,176867.03320641496,168626.97175919428,219570,163741.79375,170046.09583333333,0.03430791911570408,0.029978079500091872,69.34809248639195,3655.519868125033,1860.804878418186,1794.714989706847,0.0016873405828210508,-1,1,1,0.30000000000000004,Trend
2024-08-05 00:00:00+09:00,156659.265625,173629.86860128364,149203.97183195053,362819,164148.8921875,169895.68203125,0.04321629387462199,0.033020157419969894,55.49388927506429,2214.699883054738,1931.5838793454966,283.11600370924157,-0.10331273329540713,-1,-1,1,-0.5,Defensive
2024-08-06 00:00:00+09:00,162643.125,174512.7378618818,161956.45318154403,481321,164737.46875,169813.93541666667,0.04383179671630297,0.033356597606817626,52.033492025295445,1537.9584787055792,1852.8587992175133,-314.90032051193407,0.038196651510697954,-1,-1,-1,-1.0,Defensive
2024-08-07 00:00:00+09:00,122129.484375,132233.36942771083,120854.23674698795,3345422,163290.553125,169089.66015625,0.07833521561446546,0.04975319960042455,32.33584619466748,-2241.635987422167,1033.959841889577,-3275.595829311744,-0.24909531604855728,-1,-1,-1,-1.0,Defensive
2024-08-08 00:00:00+09:00,118205.6484375,122619.96725881743,117715.16856846472,934828,161696.494140625,168296.717578125,0.07848084915972714,0.04987272254838929,32.282175869579106,-5490.32356715278,-270.89683991889444,-5219.426727233886,-0.032128490164191725,-1,-1,-1,-1.0,Defensive
2024-08-09 00:00:00+09:00,116734.203125,121835.19351365547,116734.203125,795010,159940.576171875,167358.266015625,0.07828356076975686,0.04947089508735783,22.697699366277433,-8090.404076860199,-1834.7982873071555,-6255.605789553043,-0.012448181046762818,-1,-1,-1,-1.0,Defensive
2024-08-12 00:00:00+09:00,118303.7421875,120069.46968283581,116439.91872020108,426132,158488.75546875,166486.846875,0.07839050291910826,0.049526442350375635,24.390271417741616,-9910.100458945963,-3449.858721634917,-6460.241737311046,0.013445408633314893,-1,-1,-1,-1.0,Defensive
2024-08-13 00:00:00+09:00,114674.1875,118892.31415739948,113693.22781223267,506142,156875.0765625,165460.10911458332,0.0784904321506678,0.04936292522135664,20.845093825696637,-11512.390015891258,-5062.364980486185,-6450.025035405073,-0.03067996515061633,-1,-1,-1,-1.0,Defensive
2024-08-14 00:00:00+09:00,115655.15625,117028.49992048346,114870.38843829517,337725,154692.44140625,164366.3390625,0.07558609858407962,0.04919164310308091,21.94894275967023,-12558.295836678706,-6561.5511517246905,-5996.744684954016,0.008554398957481224,-1,-1,-1,-1.0,Defensive
2024-08-16 00:00:00+09:00,120559.953125,120952.3370245118,118009.45777817331,592224,152529.42578125,163292.18828125,0.07606201901190895,0.04947005093619346,27.01152327616957,-12843.357389014389,-7817.912399182631,-5025.444989831758,0.04240880419025839,-1,-1,-1,-1.0,Defensive
2024-08-19 00:00:00+09:00,120559.953125,124581.88809499593,119480.89740134256,470198,150552.7921875,162227.846875,0.07611371694576838,0.049476074376098675,18.064546129200167,-12920.333164901152,-8838.396552326336,-4081.9366125748165,0.0,-1,-1,-1,-1.0,Defensive
2024-08-20 00:00:00+09:00,119186.6015625,121540.90480324073,118401.83381558642,227137,147796.294921875,161197.83919270834,0.07245801384067953,0.049455711302036943,18.461567679065425,-12942.956667634106,-9659.308575387891,-3283.648092246214,-0.011391440747128279,-1,-1,-1,-1.0,Defensive
2024-08-21 00:00:00+09:00,118794.21875,119775.17844240298,118009.45099607762,203708,145142.798828125,160205.43502604167,0.07253696841125329,0.04944726569883412,15.80137162877142,-12844.484745500275,-10296.34380941037,-2548.140936089905,-0.0032921721683140115,-1,-1,-1,-1.0,Defensive
2024-08-22 00:00:00+09:00,119578.984375,120559.94404993847,118205.64083008614,172512,142342.158203125,159281.69778645833,0.07218149508169953,0.04945086202331672,17.309960814588578,-12558.356098580582,-10748.746267244413,-1809.609831336169,0.006606092731259228,-1,-1,-1,-1.0,Defensive
2024-08-23 00:00:00+09:00,119480.890625,119775.17853294335,118303.7389932266,143205,139624.899609375,158228.80091145833,0.07227293674430925,0.04903508804804397,16.998838711195376,-12198.891205995853,-11038.7752549947,-1160.115951001153,-0.0008203260005318347,-1,-1,-1,-1.0,Defensive
2024-08-26 00:00:00+09:00,118696.125,120658.0444214876,117715.1652892562,169971,137177.405859375,157133.395703125,0.0721997884929189,0.04898617846342431,21.418032686603127,-11840.842850483648,-11199.18877409249,-641.654076391158,-0.006568126676114616,-1,-1,-1,-1.0,Defensive
2024-08-27 00:00:00+09:00,119971.375,120854.23875715454,117813.26359362224,173071,134234.526953125,155957.87903645833,0.06995551959999684,0.04876665450492816,15.42131547273415,-11323.652909834695,-11224.08160124093,-99.57130859376412,0.01074382167067367,-1,-1,-1,-1.0,Defensive
2024-08-28 00:00:00+09:00,123110.4453125,124483.78892554781,119971.37419696215,554707,131615.36484375,154949.12552083333,0.07070220405028371,0.04880455942941967,52.01612993868581,-10538.992470895086,-11087.063775171762,548.0713042766765,0.026165160751887795,-1,-1,1,-0.5,Defensive
2024-08-29 00:00:00+09:00,121246.6171875,123502.82446526093,121148.5212189017,191182,128765.676171875,154041.737890625,0.07027389239687439,0.04856929505485162,56.828171267384256,-9952.808986302553,-10860.21281739792,907.4038310953674,-0.015139480003251604,-1,-1,1,-0.5,Defensive
2024-08-30 00:00:00+09:00,122031.3828125,122718.05458073753,120658.03927602492,270574,126146.5140625,153168.68385416668,0.0705041260547302,0.048596373523831914,62.27270999516722,-9317.523710780748,-10551.674996074487,1234.1512852937394,0.006472474393132144,-1,-1,1,-0.5,Defensive
2024-09-02 00:00:00+09:00,122914.2578125,124581.88940293297,122129.49000523743,237407,123556.780859375,152269.47096354168,0.07059545822426033,0.04855726652688057,61.032861567729505,-8643.18170049123,-10169.976336957836,1526.7946364666059,0.007234819270683257,-1,-1,1,-0.5,Defensive
2024-09-03 00:00:00+09:00,125759.0390625,126838.09477988495,122227.583987422,361949,122011.76953125,151486.33802083333,0.06770349280082777,0.04864366484469718,77.56096348115668,-7789.419151683323,-9693.864899902934,1904.4457482196103,0.023144436622963394,-1,-1,-1,-1.0,Defensive
2024-09-04 00:00:00+09:00,123110.4453125,124679.98087026893,121835.19767181276,217221,120035.135546875,150626.36341145833,0.0667578130313587,0.048637237744710585,67.11709465516913,-7243.032392341673,-9203.698398390681,1960.6660060490085,-0.021060861865234926,-1,-1,1,-0.5,Defensive
2024-09-05 00:00:00+09:00,126936.1796875,127917.1393450541,123404.72492030526,313782,120275.4703125,149607.8,0.019663159281514048,0.04775617525428899,65.40280979264182,-6427.223130551603,-8648.403344822866,2221.1802142712622,0.03107562778518802,-1,1,1,0.30000000000000004,Trend
2024-09-06 00:00:00+09:00,128407.625,129977.16052330023,125857.12977463713,385445,120785.569140625,148644.82447916668,0.01798307596019804,0.047810695035761436,67.6990910314682,-5597.431369114347,-8038.208949681162,2440.7775805668152,0.011592008804129028,-1,1,1,0.30000000000000004,Trend
2024-09-09 00:00:00+09:00,136647.6875,136647.6875,125562.84278535534,522975,121781.243359375,147871.50130208334,0.021713608789793865,0.048594037689411375,80.06756602229797,-4226.194303952812,-7275.806020535492,3049.61171658268,0.06417113080317471,-1,1,-1,-0.19999999999999996,MeanReversion
2024-09-10 00:00:00+09:00,135961.015625,139296.2786345599,133508.61635326478,371749,122664.10703125,147112.89244791667,0.021858313749711446,0.04859156701928865,79.26420959265701,-3158.4787551344634,-6452.340567455287,3293.8618123208234,-0.005025126202739427,-1,1,-1,-0.19999999999999996,MeanReversion
2024-09-11 00:00:00+09:00,138805.796875,142042.96386925795,135274.34197217313,300529,123870.6875,146457.284375,0.02010459181675203,0.04866770588851271,80.62499564461231,-2059.021302298046,-5573.676714423839,3514.655412125793,0.020923506910586198,-1,1,-1,-0.19999999999999996,MeanReversion
2024-09-12 00:00:00+09:00,147045.859375,147045.859375,140179.14145888927,542533,125440.22265625,145991.32838541668,0.02279582846164086,0.04928065893877021,84.86351484451949,-516.8314597362187,-4562.3076634863155,4045.476203750097,0.059363965234251026,-1,1,-1,-0.19999999999999996,MeanReversion
2024-09-13 00:00:00+09:00,137922.9375,146653.47906294453,137040.0737464438,560521,126308.371875,145464.88020833334,0.027365540210031316,0.04977368245917315,70.08196534033307,-30.427698928659083,-3655.931670574784,3625.503971646125,-0.06204133808171031,-1,1,-1,-0.19999999999999996,MeanReversion
2024-09-19 00:00:00+09:00,138021.03125,140963.91038113006,135862.91988717127,214272,127181.42578125,144940.06692708333,0.027356801612413783,0.04977459916804224,69.32772631204165,358.8297655094939,-2852.979383357929,3211.8091488674227,0.0007112214384210613,-1,1,1,0.30000000000000004,Trend
2024-09-20 00:00:00+09:00,135078.140625,139786.74683415034,133410.50925925927,288616,127976.002734375,144366.20546875,0.027800240180628145,0.0498272044742315,62.869179312533724,424.9538286390016,-2197.3927409585426,2622.346569597544,-0.021322044896690318,-1,1,1,0.30000000000000004,Trend
2024-09-23 00:00:00+09:00,136353.390625,136549.58255395683,134097.1834419964,113698,128853.961328125,143789.07395833332,0.02771537066907276,0.04983048401573983,66.45297934446646,573.6469968613819,-1643.1847933945578,2216.8317902559397,0.009440831759302215,-1,1,1,0.30000000000000004,Trend
2024-09-24 00:00:00+09:00,135568.625,137628.64028581767,133410.51374819104,175009,129653.443359375,143144.91041666668,0.027859953688245776,0.049743074594422156,64.74358287118366,621.0048195784912,-1190.3468707999482,1811.3516903784393,-0.005755380349567352,-1,1,1,0.30000000000000004,Trend
2024-09-25 00:00:00+09:00,147830.625,154599.24684804247,138413.41199402788,1317095,131070.930078125,142731.27239583334,0.03305924303278884,0.05109828121458767,71.74656420384322,1629.1967909998493,-626.4381384399887,2255.634929439838,0.09044865653834,-1,1,-1,-0.19999999999999996,MeanReversion
2024-09-26 00:00:00+09:00,144004.890625,148811.59337746934,143023.93087959808,387698,132336.368359375,142396.11119791667,0.03387911677723942,0.050804564360233465,65.65656619828857,2095.337652757298,-82.08298020053138,2177.4206329578296,-0.025879173378317244,-1,1,1,0.30000000000000004,Trend
2024-09-27 00:00:00+09:00,149302.0625,154991.62861366622,146064.89557325887,674934,133802.902734375,142152.50598958333,0.03439311491543252,0.05104468859286582,71.49758299218553,2859.2356552424317,506.1807468880613,2353.05490835437,0.03678466649298917,-1,1,-1,-0.19999999999999996,MeanReversion
2024-09-30 00:00:00+09:00,144887.75,151950.65995260663,144887.75,275123,134891.76796875,141979.203125,0.03537311237934418,0.050718104743981564,64.59330994390933,3073.0084702351305,1019.5462915574752,2053.462178677655,-0.029566319621338155,-1,1,1,0.30000000000000004,Trend
2024-10-02 00:00:00+09:00,134685.765625,144887.74641524034,134685.765625,465410,135563.725390625,141747.04270833332,0.039501034677276926,0.051270184565614295,54.46927343231558,2391.6407430045074,1293.9651818468817,1097.6755611576257,-0.07041302232245306,-1,1,1,0.30000000000000004,Trend
2024-10-04 00:00:00+09:00,129094.296875,135666.72688307372,127917.14523176292,493089,135916.87109375,141467.46901041668,0.040908594488209694,0.0514949148195671,44.41218973659152,1384.5073727468261,1312.0736200268707,72.43375271995546,-0.041514919739685796,-1,1,-1,-0.19999999999999996,MeanReversion
2024-10-07 00:00:00+09:00,127819.0546875,129486.68625287797,126053.32714768803,433695,136162.1109375,141153.56184895834,0.04099105938895618,0.05149550614578231,44.028778627222586,477.93618311191676,1145.24613264388,-667.3099495319632,-0.009878377421543294,-1,1,-1,-0.19999999999999996,MeanReversion
2024-10-08 00:00:00+09:00,122816.15625,127524.76287939298,122129.4844498802,652203,136014.966796875,140725.20950520833,0.04170335990721579,0.051684060104905616,38.633193429550225,-636.8785694010148,788.821192234901,-1425.6997616359158,-0.039140474397431624,-1,1,-1,-0.19999999999999996,MeanReversion
2024-10-10 00:00:00+09:00,127622.859375,127819.05131869715,122423.77286702536,797793,136240.5875,140337.73059895833,0.042319745274716096,0.051906821538361736,35.483869460951425,-1119.6103504934872,407.13488368922344,-1526.7452341827106,0.03913738445954662,-1,1,-1,-0.19999999999999996,MeanReversion
2024-10-11 00:00:00+09:00,122914.2578125,126445.71294518157,122816.16183659217,395311,136039.49140625,139868.50494791666,0.0426231293744615,0.05209738475610294,37.99058080846915,-1860.6748580389249,-46.42706465640623,-1814.2477933825187,-0.036894656533783654,-1,1,-1,-0.19999999999999996,MeanReversion
2024-10-14 00:00:00+09:00,122914.2578125,122619.96988477654,119578.99463163408,346912,135764.823046875,139415.62877604167,0.04251396572195341,0.052097651177338916,37.89308390711256,-2420.0766818076954,-521.1569880866641,-1898.9196937210313,0.0,-1,1,-1,-0.19999999999999996,MeanReversion
2024-10-15 00:00:00+09:00,121639.0,122718.0556451613,120658.04032258065,223578,135014.388671875,138912.06940104166,0.03973626752152086,0.052067795294285756,38.93376741979054,-2932.505210466348,-1003.4266325626011,-1929.0785779037471,-0.010375182140751726,-1,1,-1,-0.19999999999999996,MeanReversion
2024-10-16 00:00:00+09:00,119873.2734375,121737.0968379194,119775.17746905687,174810,134210.0015625,138454.28802083334,0.03978413906968983,0.05197245086218268,36.538462274791236,-3441.4173708346207,-1491.0247802170052,-1950.3925906176155,-0.014516121988013664,-1,1,-1,-0.19999999999999996,MeanReversion
2024-10-17 00:00:00+09:00,120559.953125,120854.24104963386,118892.32155207486,266681,133297.709375,138014.49114583334,0.03938775614597498,0.051985814478614924,37.72071407789058,-3746.1414260139136,-1942.048109376387,-1804.0933166375266,0.00572838021194122,-1,1,-1,-0.19999999999999996,MeanReversion
2024-10-18 00:00:00+09:00,122718.0625,123797.11820543565,120854.23900879297,389038,132081.31953125,137404.66119791666,0.036866218680715025,0.05088361520810235,25.384614442113403,-3770.037400288129,-2307.6459675587357,-1462.3914327293933,0.01790071511360325,-1,1,-1,-0.19999999999999996,MeanReversion
2024-10-21 00:00:00+09:00,124091.3984375,124974.26214179842,123600.91860177866,202255,131389.742578125,136742.51341145832,0.034733432833104705,0.05074900489104093,29.49493343827767,-3636.242064317368,-2573.3651869104624,-1062.8768774069058,0.011190984517865932,-1,1,-1,-0.19999999999999996,MeanReversion
2024-10-22 00:00:00+09:00,121933.2890625,124483.78424803902,120167.56162635761,167638,130585.35546875,136106.52447916666,0.03480739045573748,0.050720304043791034,19.870409847048947,-3662.134875858028,-2791.1191246999756,-871.0157511580524,-0.017391289019012546,-1,1,-1,-0.19999999999999996,MeanReversion
2024-10-23 00:00:00+09:00,121344.71875,122718.06237368633,120461.85499191593,175687,129898.684375,135223.66067708333,0.0346194364425574,0.049335758612680636,21.69811249874151,-3687.6390138074494,-2970.4231025214704,-717.215911285979,-0.004826986272783218,-1,1,-1,-0.19999999999999996,MeanReversion
2024-10-24 00:00:00+09:00,121442.8125,122031.38832794831,119775.1809874798,241348,129153.15546875,134383.30520833333,0.03447973317058564,0.049331808075976806,28.971960761838417,-3657.7713695933926,-3107.892755935855,-549.8786136575377,0.0008083891166461576,-1,1,-1,-0.19999999999999996,MeanReversion
2024-10-25 00:00:00+09:00,115066.5703125,121442.80822410487,114772.28240888748,448558,128128.052734375,133374.55143229166,0.03612106673838444,0.04958555508313766,28.26747021375124,-4101.332889857658,-3306.5807827202157,-794.7521071374426,-0.052504072132716795,-1,1,-1,-0.19999999999999996,MeanReversion
2024-10-28 00:00:00+09:00,118107.5546875,119088.5144440407,115066.57944222384,218723,126641.89921875,132445.90963541667,0.029733475982487694,0.04976746474366819,35.73487640210125,-4159.528114966612,-3477.170249169495,-682.3578657971166,0.02642804392919018,-1,1,-1,-0.19999999999999996,MeanReversion
2024-10-29 00:00:00+09:00,118205.6484375,118499.93635892116,117126.5927256224,105574,125351.937109375,131621.90377604167,0.029630469415234183,0.04962155369265024,42.087548136780455,-4149.895492303069,-3611.71529779621,-538.1801945068587,0.0008305459397541792,-1,1,-1,-0.19999999999999996,MeanReversion
2024-10-30 00:00:00+09:00,117911.359375,120363.75869644343,117126.5915921381,186832,123782.401953125,130606.610546875,0.02766875089210574,0.04875669937841214,30.27889078279543,-4118.532359962061,-3713.0787102293807,-405.4536497326799,-0.002489636209352608,-1,1,-1,-0.19999999999999996,MeanReversion
2024-10-31 00:00:00+09:00,114379.8984375,117813.2573099807,112417.97908179674,318389,122257.009375,129588.04739583333,0.027682591784589212,0.04882741996812297,31.799154535524366,-4328.737247188212,-3836.2104176211474,-492.5268295670644,-0.029950133356267172,-1,1,-1,-0.19999999999999996,MeanReversion
2024-11-01 00:00:00+09:00,118009.453125,125562.84289276808,115655.14982076059,984533,121423.19375,128584.1984375,0.02526323777921534,0.048992850114384895,40.94202428079688,-4154.560220830477,-3899.880378263014,-254.6798425674633,0.031732452442098324,-1,1,-1,-0.19999999999999996,MeanReversion
2024-11-04 00:00:00+09:00,123208.5390625,124581.88265077627,116439.9170917098,482400,121128.905859375,127730.763671875,0.02610908474498513,0.04937345018740881,52.53165051450595,-3556.0094248712267,-3831.1061875846567,275.09676271343005,0.04405652089577039,-1,1,1,0.30000000000000004,Trend
2024-11-05 00:00:00+09:00,124581.8828125,125660.93849040354,122129.48354453739,189804,120967.047265625,126895.31302083333,0.026209979898670025,0.04941247439739307,57.69230965585229,-2936.9805599473475,-3652.2810620571954,715.3005021098479,0.01114649812788815,-1,1,1,0.30000000000000004,Trend
2024-11-06 00:00:00+09:00,120363.7578125,125366.65239150367,119284.7021189894,270636,120844.42734375,126290.387890625,0.025810164833005272,0.04767422545715741,49.71263874595013,-2755.00517506458,-3472.8258846586723,717.8207095940925,-0.033858253742628186,-1,1,1,0.30000000000000004,Trend
2024-11-07 00:00:00+09:00,120363.7578125,123012.34906020782,116734.20684341891,216339,120481.472265625,125585.73177083333,0.024096446467899126,0.04736071468110364,46.31901653145139,-2581.0357974491344,-3294.467867216765,713.4320697676308,0.0,-1,1,1,0.30000000000000004,Trend
2024-11-08 00:00:00+09:00,120756.140625,124778.07544679123,119873.2768836312,158707,120373.56640625,125562.84270833334,0.02269397640291975,0.029627421717382495,44.62026313408457,-2384.0202966398792,-3112.378353101388,728.3580564615086,0.0032599747601038676,-1,1,-1,-0.19999999999999996,MeanReversion
2024-11-11 00:00:00+09:00,114379.8984375,120265.65650460978,112417.97908179674,432703,119946.8484375,125499.08020833334,0.02563396486025301,0.03015490137707591,39.275769415410224,-2711.141200744998,-3032.13092263011,320.989721885112,-0.052802633095910156,-1,1,-1,-0.19999999999999996,MeanReversion
2024-11-12 00:00:00+09:00,109082.71875,113791.3253147482,106924.60740782374,398699,119319.034375,125371.55546875,0.027424620527639835,0.03072095557642722,34.64373699957538,-3359.1033519584744,-3097.525408495783,-261.57794346269156,-0.04631215589332338,-1,1,-1,-0.19999999999999996,MeanReversion
2024-11-13 00:00:00+09:00,109769.390625,111633.214058311,107022.70346012064,306808,118813.840234375,125229.31627604166,0.02745474237970426,0.030677937224087803,35.59322589528068,-3773.708382374054,-3232.762003271437,-540.9463791026169,0.006294964801654146,-1,1,-1,-0.19999999999999996,MeanReversion
2024-11-14 00:00:00+09:00,104962.6875,109671.29404205608,104962.6875,482218,118033.976953125,125067.45794270834,0.028765659890642992,0.03095210285037899,37.02771619670573,-4438.9768648093595,-3474.004975579022,-964.9718892303376,-0.043789102751065734,-1,1,-1,-0.19999999999999996,MeanReversion
2024-11-15 00:00:00+09:00,106041.75,110063.68501387603,103785.54255319148,352147,117200.161328125,124907.23450520834,0.02847407827469375,0.030962245197003493,33.687008592183616,-4823.532919540026,-3743.910564371223,-1079.6223551688036,0.01028043894169528,-1,1,-1,-0.19999999999999996,MeanReversion
2024-11-18 00:00:00+09:00,107905.5625,109180.81005681818,103000.76420454546,176154,116390.86953125,124696.32799479166,0.028722241226910514,0.03054866489204659,36.70885106113575,-4921.174040260201,-3979.3632595490185,-941.8107807111824,0.017576214085489816,-1,1,-1,-0.19999999999999996,MeanReversion
2024-11-19 00:00:00+09:00,107905.5625,108984.618125,106630.31494318182,126252,115689.483203125,124485.421484375,0.02865069650840437,0.03054866489204659,36.989787211218704,-4941.591738371339,-4171.808955313482,-769.7827830578562,0.0,-1,1,-1,-0.19999999999999996,MeanReversion
2024-11-20 00:00:00+09:00,107905.5625,108886.5221590909,106139.83511363636,107610,115017.525390625,124297.40416666666,0.02868241670701041,0.030523382759503004,40.730333999472485,-4901.274074630812,-4317.701979176949,-583.5720954538629,0.0,-1,1,-1,-0.19999999999999996,MeanReversion
2024-11-21 00:00:00+09:00,106728.421875,107905.57358685663,106532.2299230239,145879,114281.805859375,124096.30755208334,0.028659004242706003,0.030546428364800694,32.62839835539232,-4907.734142074783,-4435.708411756516,-472.02573031826705,-0.0109089892840325,-1,1,-1,-0.19999999999999996,MeanReversion
2024-11-22 00:00:00+09:00,107022.703125,108886.5265524748,106336.03133593034,154982,113879.6125,123887.03619791666,0.026433385486238782,0.030532638614522982,20.640544078714115,-4833.391426914648,-4515.245014788143,-318.1464121265053,0.0027572903714876418,-1,1,-1,-0.19999999999999996,MeanReversion
2024-11-25 00:00:00+09:00,106336.0390625,110259.87814229705,106336.0390625,304503,113291.03671875,123667.95533854167,0.02549323867651529,0.03053804076184676,16.058368488945234,-4774.840946496712,-4567.164201129856,-207.67674536685536,-0.006416059793387885,-1,1,-1,-0.19999999999999996,MeanReversion
2024-11-26 00:00:00+09:00,107316.9921875,108886.52772223493,104962.68888539763,236832,112746.60390625,123478.303125,0.02566590904362155,0.03056523244835001,22.406594713918423,-4596.301250197779,-4572.991610943441,-23.309639254338435,0.00922502976082673,-1,1,-1,-0.19999999999999996,MeanReversion
2024-11-27 00:00:00+09:00,106728.421875,107611.28565889246,105747.46211511949,152353,112187.45703125,123257.58723958333,0.02566029144304815,0.030525642189468006,21.86230914649107,-4450.991698251935,-4548.59162840514,97.5999301532047,-0.005484409323284756,-1,1,-1,-0.19999999999999996,MeanReversion
2024-11-28 00:00:00+09:00,107120.8046875,107218.90066248855,105060.78921274039,158978,111824.50234375,122991.09322916667,0.025006206522043155,0.030317204730710517,21.86230914649107,-4255.1204380578565,-4489.897390335684,234.77695227782715,0.003676460361791589,-1,1,-1,-0.19999999999999996,MeanReversion
2024-11-29 00:00:00+09:00,102216.0,107415.08637236085,102216.0,368136,111034.8296875,122673.91627604167,0.025427412062931677,0.03081644824211785,23.27582093425694,-4444.435118811132,-4480.804936030774,36.369817219641845,-0.045787601220963814,-1,1,-1,-0.19999999999999996,MeanReversion
2024-12-02 00:00:00+09:00,101333.140625,103196.9641214908,100940.75673100194,165400,109941.059765625,122328.94557291667,0.022504736147514418,0.030800968803589974,28.876968679994206,-4612.537281865007,-4507.151405197621,-105.38587666738567,-0.008637193541128574,-1,1,-1,-0.19999999999999996,MeanReversion
2024-12-03 00:00:00+09:00,107415.0859375,107415.0859375,102510.28749286529,309770,109082.719921875,122070.62604166666,0.026860802436468906,0.03178094406136933,45.04130993890309,-4206.507301700767,-4447.022584498251,240.51528279748345,0.060019311303172174,-1,1,1,0.30000000000000004,Trend
2024-12-04 00:00:00+09:00,106728.421875,107415.09370691636,104177.92649931066,307177,108400.953125,121753.44908854166,0.026096537331944482,0.03161295694337263,54.50002986560477,-3895.2318600997096,-4336.664439618543,441.43257951883334,-0.006392622195540931,-1,1,1,0.30000000000000004,Trend
2024-12-05 00:00:00+09:00,103098.8671875,107611.2819264391,103000.77121491436,178011,107537.70859375,121419.92278645834,0.02681398884100172,0.031791589976530026,43.362806598130256,-3896.5021090151276,-4248.631973497861,352.12986448273296,-0.03400738644623569,-1,1,-1,-0.19999999999999996,MeanReversion
2024-12-06 00:00:00+09:00,100842.65625,103785.53532344359,99665.50462062257,203246,106542.034375,120985.03072916667,0.026866751188575046,0.03157626134495221,34.34780500979937,-4033.07537472932,-4205.520653744153,172.44527901483252,-0.021883954683971085,-1,1,-1,-0.19999999999999996,MeanReversion
2024-12-09 00:00:00+09:00,97605.4921875,100646.4673209799,97605.4921875,268453,105703.3140625,120471.66184895833,0.025342511180999953,0.03172634836699562,30.038000821852194,-4352.351557984264,-4234.886834592176,-117.46472339208867,-0.03210113837615225,-1,1,-1,-0.19999999999999996,MeanReversion
2024-12-10 00:00:00+09:00,104668.3984375,106630.31780839972,98488.3524191659,394293,105482.598046875,119938.67369791666,0.02902559035506912,0.03201397060623371,45.07462409800043,-3989.4745470531197,-4185.804377084364,196.32983003124446,0.07236177075396699,-1,1,1,0.30000000000000004,Trend
2024-12-11 00:00:00+09:00,108984.625,109180.81694419442,104766.49819981998,351929,105443.359765625,119489.0671875,0.03050756322777591,0.032533107868429015,53.133512089010964,-3315.3907295480603,-4011.7216475771033,696.330918029043,0.041237151107049064,-1,1,1,0.30000000000000004,Trend
2024-12-12 00:00:00+09:00,109573.203125,113104.65819438228,108592.24338350493,540579,105673.885546875,119001.85729166666,0.02867030509623044,0.032398243133631446,53.513522472449445,-2702.5280508241995,-3749.8829282265224,1047.354877402323,0.005400561088318545,-1,1,1,0.30000000000000004,Trend
2024-12-13 00:00:00+09:00,109475.1015625,111829.4048219086,108297.94993279569,257494,105845.553125,118375.67799479167,0.028613177163654475,0.03137672531808495,54.39559381650004,-2199.392708652231,-3439.7848843116644,1240.3921756594336,-0.0008953061487860792,-1,1,1,0.30000000000000004,Trend
2024-12-16 00:00:00+09:00,109769.390625,113006.55764075067,109573.19868465148,208055,105938.74453125,117906.45221354166,0.028372794828256553,0.030413092301542776,53.50139974786915,-1756.657997307775,-3103.1595069108866,1346.5015096031116,0.002688182594030142,-1,1,1,0.30000000000000004,Trend
2024-12-17 00:00:00+09:00,108297.9453125,110063.67268172554,106924.60180310236,225553,105958.363671875,117411.06744791666,0.028554130240903336,0.03043263113231197,52.18577504879122,-1507.1474307580356,-2783.957091680317,1276.8096609222812,-0.013404878209872129,-1,1,1,0.30000000000000004,Trend
2024-12-18 00:00:00+09:00,107905.5625,109377.00198863636,107022.69880681818,200341,105958.363671875,116958.19114583333,0.028566876867593963,0.03034567811468418,51.09288208441072,-1325.7876678685716,-2492.323206917968,1166.5355390493964,-0.0036231787349959577,-1,1,1,0.30000000000000004,Trend
2024-12-19 00:00:00+09:00,107513.1796875,108592.23532304972,103491.24504590557,305075,105997.6015625,116477.52096354167,0.028465614593366606,0.03029663285129514,58.43749556683642,-1199.8891871959786,-2233.8364029735703,1033.9472157775917,-0.0036363538951015295,-1,1,1,0.30000000000000004,Trend
2024-12-20 00:00:00+09:00,107316.9921875,110652.2551988117,106434.12844921161,206596,106012.316015625,116006.66041666667,0.02846382160878194,0.030296916498593375,59.744404555894896,-1103.2271104616375,-2007.7145444711837,904.4874340095462,-0.001824776279245377,-1,1,1,0.30000000000000004,Trend
2024-12-23 00:00:00+09:00,108199.8515625,110848.44267055758,107415.08382677924,257933,106105.506640625,115346.14752604166,0.028473966470732623,0.027926235044358573,51.53845729720391,-944.4947969465575,-1795.0705949662586,850.5757980197011,0.008226650384102197,-1,1,1,0.30000000000000004,Trend
2024-12-24 00:00:00+09:00,107022.703125,108984.62252234189,106336.03133593034,145065,106090.7921875,114729.777734375,0.02852019271137156,0.027800698967365384,50.5660248072378,-903.2719788427785,-1616.7108717415626,713.4388928987842,-0.010879390502860686,-1,1,1,0.30000000000000004,Trend
2024-12-26 00:00:00+09:00,106041.75,109475.10915818687,103491.2546253469,278029,106056.45859375,114008.77252604166,0.02856890567556207,0.027276653000346786,56.302530287997406,-938.9338723074034,-1481.1554718547309,542.2215995473275,-0.00916584141828547,-1,1,1,0.30000000000000004,Trend
2024-12-27 00:00:00+09:00,103098.8671875,106336.03428282587,101627.42759871551,209637,105855.36171875,113312.29114583334,0.029213342342130813,0.027249491861020412,54.69388604256622,-1190.9338835995586,-1423.1111542036965,232.1772706041379,-0.027752114733112232,-1,1,1,0.30000000000000004,Trend
2024-12-30 00:00:00+09:00,102804.578125,103883.63381142652,101431.23452409351,128245,105884.790625,112780.93802083333,0.02723968998692085,0.025776173502761592,62.32558070618584,-1398.2739443430037,-1418.1437122315579,19.86976788855418,-0.0028544354611074185,-1,1,1,0.30000000000000004,Trend
2025-01-02 00:00:00+09:00,101431.234375,103687.44171602998,99567.41091936654,175447,105889.6953125,112319.88697916667,0.02734307855691435,0.025321649438045643,39.490457491540006,-1654.3396022549132,-1465.382890236229,-188.95671201868413,-0.013358780076215604,-1,1,-1,-0.19999999999999996,MeanReversion
2025-01-03 00:00:00+09:00,106041.75,106139.84597594819,100842.6632747456,290349,105821.028515625,111956.93190104167,0.02593065357045546,0.026068759728610898,40.62501555495603,-1468.317551020562,-1465.969822393096,-2.34772862746604,0.04545459446894373,-1,1,-1,-0.19999999999999996,MeanReversion
2025-01-06 00:00:00+09:00,113595.1328125,115262.76429593048,108396.04642298142,700258,106164.3640625,111803.24817708334,0.030159961098947495,0.027220229466325612,58.874449620944795,-703.2917588737619,-1313.4342096892292,610.1424508154673,0.07123027309998187,-1,1,1,0.30000000000000004,Trend
2025-01-07 00:00:00+09:00,113693.234375,114576.09814495254,112123.69878397325,264102,106694.082421875,111571.08776041666,0.028839384823374517,0.026719284648149818,59.30737482938293,-88.07209042401519,-1068.3617858361863,980.2896954121711,0.0008636070936411944,-1,1,1,0.30000000000000004,Trend
2025-01-08 00:00:00+09:00,112908.4609375,114085.61257194831,111633.21333351433,224757,107297.37265625,111404.32447916667,0.028284856576390096,0.026315729526600197,56.779659587018855,332.3382826112502,-788.221772146699,1120.5600547579493,-0.006902551781678978,-1,1,1,0.30000000000000004,Trend
2025-01-09 00:00:00+09:00,113202.7578125,116734.21299555892,113006.56585788561,373910,108077.2359375,111242.46614583333,0.026835380418051693,0.026320247587549885,61.160744760734524,681.4089719395997,-494.2956233294393,1175.7045952690391,0.0026065086049034125,-1,1,1,0.30000000000000004,Trend
2025-01-10 00:00:00+09:00,113497.0390625,116734.20612305531,111927.50351798833,245346,108518.66796875,111106.766796875,0.022453954134852884,0.026297981997498842,62.78028507337903,970.6074866904237,-201.3150013254667,1171.9224880158904,0.002599594353411616,-1,1,1,0.30000000000000004,Trend
2025-01-13 00:00:00+09:00,115360.8671875,117028.49877099277,113987.52353050595,284860,108837.480078125,111031.56002604167,0.020998798183780462,0.026332426000956876,66.80674181065694,1334.8079115044238,105.90958124051141,1228.8983302639124,0.01642182157698091,-1,1,1,0.30000000000000004,Trend
2025-01-14 00:00:00+09:00,113104.65625,116243.72736882047,112712.27236014744,175448,109014.052734375,110907.305078125,0.021582756863478745,0.026433327754058003,61.3899600839955,1424.9559996179014,369.7188649159894,1055.237134701912,-0.019557853477582654,-1,1,1,0.30000000000000004,Trend
2025-01-15 00:00:00+09:00,111927.5,114968.4750219106,111044.63628396144,172645,109136.67265625,110727.46236979167,0.021746043538384812,0.026343854695712782,57.25190584448844,1385.4418264918058,572.8634572311528,812.5783692606531,-0.01040767276104071,-1,1,1,0.30000000000000004,Trend
2025-01-16 00:00:00+09:00,120559.953125,120658.04909987796,113791.33085842148,560625,109676.20078125,110668.60494791667,0.027224720711146295,0.028064463436361747,70.41419142380776,2027.323657216446,863.7554972282114,1163.5681599882346,0.07712539925398132,-1,1,-1,-0.19999999999999996,MeanReversion
2025-01-17 00:00:00+09:00,122227.578125,122325.67409460273,119480.89097612358,315655,110372.682421875,110673.509765625,0.026947003798500527,0.02803265215070487,73.91301136077703,2640.149038471194,1219.034205476808,1421.1148329943862,0.013832329532103893,-1,1,-1,-0.19999999999999996,MeanReversion
2025-01-20 00:00:00+09:00,120952.3359375,122619.96749543794,117813.26476961678,223595,111025.02109375,110666.97005208333,0.0271197530434739,0.028058793050448668,77.74388704138242,2988.466994144037,1572.9207632102539,1415.5462309337831,-0.010433342516169564,1,1,-1,0.5,Trend
2025-01-21 00:00:00+09:00,120559.953125,123012.35249694875,120363.7611752441,146617,111677.359765625,110652.25572916666,0.027112752891684987,0.028061569499354316,77.50758892476918,3196.00788042169,1897.5381866525413,1298.4696937691488,-0.0032441110744877433,1,1,-1,0.5,Trend
2025-01-22 00:00:00+09:00,123110.4453125,125072.36475971116,121344.71781000996,325407,112467.032421875,110786.3203125,0.02725634345881425,0.02728194654205081,82.40467852100629,3525.647462913621,2223.1600419047572,1302.4874210088637,0.021155384697732815,1,1,-1,0.5,Trend
2025-01-23 00:00:00+09:00,122227.578125,124483.78542586275,121442.81036817816,210875,113168.41875,110854.98736979166,0.02743354411124276,0.027103647050083383,77.22769752896264,3673.3056226960325,2513.189158063012,1160.1164646330203,-0.0071713426530052304,1,1,-1,0.5,Trend
2025-01-24 00:00:00+09:00,123600.921875,124385.68963293651,119578.9871155754,199771,113997.3296875,110944.90859375,0.02715507247419563,0.02713819059778093,71.24998050446806,3856.6856695603637,2781.8884603624824,1074.7972091978813,0.011235956492531507,1,1,-1,0.5,Trend
2025-01-31 00:00:00+09:00,127230.4765625,127524.764480532,123895.21349147071,288829,115056.766015625,111100.22721354167,0.027281400972576548,0.027377029756256915,74.99997835833234,4245.945787678458,3074.699925825678,1171.2458618527803,0.029365110166173602,1,1,-1,0.5,Trend
2025-02-03 00:00:00+09:00,120167.5703125,123502.83348852041,120069.4743367347,232334,115910.201171875,111196.68841145834,0.029997159335616086,0.02810805253435376,60.882360795083216,3939.112096315963,3247.5823599237347,691.5297363922282,-0.055512691933763625,1,1,1,1.0,Trend
2025-02-04 00:00:00+09:00,124385.6875,124876.16734029968,120952.32861790221,232778,116989.256640625,111302.958984375,0.030467175150354155,0.02817093668960808,64.99998847295346,3990.313144008396,3396.1285167406672,594.184627267729,0.035101959509796554,1,1,1,1.0,Trend
2025-02-05 00:00:00+09:00,120559.953125,124483.79212011799,119677.08935109846,266225,117945.692578125,111258.81588541667,0.03141822106640847,0.027915711504714297,58.653853333060205,3679.76748315194,3452.856310022922,226.9111731290177,-0.03075703042602873,1,1,1,1.0,Trend
2025-02-06 00:00:00+09:00,123895.2109375,125072.36258536222,119775.18016998218,257223,118838.365625,111247.37135416667,0.0306126046526026,0.02810606603131065,60.092805366686896,3660.588258313961,3494.40269968113,166.1855586328311,0.027664723865991503,1,1,1,1.0,Trend
2025-02-07 00:00:00+09:00,116439.921875,124581.88776853413,115851.34602727465,683583,118980.605078125,111181.97408854167,0.030866901612890393,0.028893256952989624,53.51240152187556,3009.1217807820503,3397.346515901314,-388.22473511926364,-0.060174150446064334,1,1,-1,0.5,Trend
2025-02-10 00:00:00+09:00,115262.765625,116734.2051861702,113889.42203457447,228346,119059.081640625,111096.95755208333,0.03097217692145478,0.02891973031831173,53.51240152187556,2370.5173835045425,3191.98068942196,-821.4633059174175,-0.010109558912824501,1,1,-1,0.5,Trend
2025-02-11 00:00:00+09:00,114379.8984375,116047.52988984778,113791.32263078903,283656,119132.653515625,110990.68684895833,0.030982509098452078,0.028928735769900005,42.222205179605254,1772.7437081902171,2908.1332931756115,-1135.3895849853943,-0.007659604406616061,1,1,-1,0.5,Trend
2025-02-12 00:00:00+09:00,114085.6171875,114674.19302853612,112810.36953192175,225728,119176.796484375,110985.78216145834,0.030986946945121472,0.028070185411387897,39.3861863410614,1260.7248747309495,2578.6516094866793,-1317.9267347557297,-0.0025728406303909823,1,1,-1,0.5,Trend
2025-02-13 00:00:00+09:00,114478.0,115164.67180805485,113398.94430162811,262149,119225.84453125,111075.703515625,0.03099065191147794,0.027374580038907685,41.3612475938169,876.504476012371,2238.222182791818,-1361.7177067794469,0.0034393714315024138,1,1,-1,0.5,Trend
2025-02-14 00:00:00+09:00,116832.296875,118107.54444794291,114870.37753201091,323799,119299.416015625,111193.41861979167,0.031113332762764127,0.027482428661030206,45.273615972035934,753.2956012213108,1941.2368664777166,-1187.9412652564058,0.020565496208878598,1,1,-1,0.5,Trend
2025-02-17 00:00:00+09:00,116145.6328125,117911.36033836572,115753.24891786318,152732,119451.46484375,111379.80104166667,0.030788075767787786,0.026834558697093946,40.73106300368555,593.4032458867732,1671.670142359528,-1078.2668964727548,-0.0058773479668440265,1,1,-1,0.5,Trend
2025-02-18 00:00:00+09:00,112810.3671875,116636.11007472826,112123.69538722826,372478,119495.608203125,111492.611328125,0.03144067102800255,0.02710208769989393,38.2352855058961,195.3079518681334,1376.3977042612491,-1181.0897523931158,-0.028716237918168575,1,1,-1,0.5,Trend
2025-02-19 00:00:00+09:00,115655.15625,116832.30796755725,112908.46890903308,309432,119250.368359375,111621.77122395833,0.026949278009004925,0.02719582761210278,40.42553391784767,108.11893787210283,1122.7419509834199,-1014.623013111317,0.02521744351537958,1,1,-1,0.5,Trend
2025-02-20 00:00:00+09:00,121639.0,123012.3435483871,118892.31290322581,895759,119220.939453125,111850.66184895833,0.029235920861165155,0.027929329892689727,43.62414708338463,515.9199931416515,1001.3775594150662,-485.4575662734147,0.05173866815816952,1,1,-1,0.5,Trend
2025-02-21 00:00:00+09:00,116930.3984375,122521.8688325818,116243.72663459521,527787,119019.842578125,112001.07578125,0.03046360853803151,0.028437576927709853,46.09928036477685,453.9278748412471,891.8876225003024,-437.9597476590553,-0.03870963722572529,1,1,-1,0.5,Trend
2025-02-24 00:00:00+09:00,116439.921875,117028.49772272537,114870.38628106572,165416,118813.841015625,112162.93411458333,0.03046692415792854,0.02840133846356174,39.48051824472649,361.0592486817768,785.7219477365974,-424.66269905482056,-0.004194602678636805,1,1,-1,0.5,Trend
2025-02-25 00:00:00+09:00,116832.296875,118892.31218513854,116734.20090785055,236225,118499.93359375,112326.42734375,0.030028896881214667,0.028401922300727283,44.57140815720049,315.4848635290982,691.6745308950976,-376.1896673659994,0.003369763511360091,1,1,-1,0.5,Trend
2025-02-26 00:00:00+09:00,116243.7265625,117322.7822521097,114379.9030986287,249423,118200.741015625,112491.55546875,0.03001549784802952,0.028395951456161413,37.88818431715325,229.23168939491734,599.1859625950616,-369.95427320014426,-0.005037736381488078,1,1,-1,0.5,Trend
2025-02-27 00:00:00+09:00,118205.6484375,119088.51220176349,115557.05714470954,278871,117930.97734375,112673.03307291666,0.03017434349252884,0.028447361098706977,53.38346157312332,315.54867758728506,542.4585055935063,-226.90982800622123,0.016877658115555638,1,1,-1,0.5,Trend
2025-02-28 00:00:00+09:00,114968.4765625,118107.5475949232,114477.99671368387,346710,117317.87734375,112810.36731770834,0.029752331443104258,0.0286859588822677,49.47734920909333,121.34401816435275,458.2356081076756,-336.89158994332286,-0.027385932210435948,1,1,-1,0.5,Trend
2025-03-04 00:00:00+09:00,113497.0390625,115557.05446467156,113398.94309096802,173506,116984.35078125,112916.637890625,0.027215788261624303,0.028741717626157667,48.464169203144564,-149.57309697514575,336.67386709111133,-486.2469640662571,-0.012798617012204083,1,1,-1,0.5,Trend
2025-03-05 00:00:00+09:00,114183.7109375,115360.86259664949,112908.46330675473,189466,116474.251953125,113116.09973958334,0.02587044472226133,0.028052667305312428,50.16834655685974,-305.3483157086448,208.2694305311601,-513.6177462398049,0.006050130300067735,1,1,-1,0.5,Trend
2025-03-06 00:00:00+09:00,115949.4375,117911.35691624366,114281.8059961929,239163,116243.726171875,113359.7046875,0.025408277683716878,0.02807138138331288,52.41157490396926,-283.0589941669896,110.00374559153016,-393.06273975851974,0.015463909414071386,1,1,-1,0.5,Trend
2025-03-07 00:00:00+09:00,114870.3828125,116636.1103023591,113791.32712425277,179237,115792.484765625,113483.95963541667,0.02449358320303137,0.02712485588537825,46.64430113136327,-348.4485435953975,18.313287754144625,-366.76183134954215,-0.009306252024724126,1,1,-1,0.5,Trend
2025-03-10 00:00:00+09:00,112221.7890625,114870.38023792613,111338.92533735796,279231,115581.578125,113575.51575520834,0.020912525438454427,0.0272918334709025,43.71068016797833,-606.9925804000668,-106.74788587669767,-500.24469452336916,-0.023057237950736442,1,1,-1,0.5,Trend
2025-03-11 00:00:00+09:00,110652.2578125,111829.40949135639,108984.62626745347,235907,115351.052734375,113701.40559895833,0.021012810504004,0.026966945749395378,46.33333351031436,-927.843049914838,-270.9669186843257,-656.8761312305123,-0.01398597601332019,1,1,-1,0.5,Trend
2025-03-12 00:00:00+09:00,111338.9296875,111927.50552725772,110259.87398127753,187804,115199.004296875,113876.34348958333,0.021045555658389895,0.026799422560167648,42.086314756335724,-1113.8706693362037,-439.5476688147013,-674.3230005215024,0.006205674322195653,1,1,-1,0.5,Trend
2025-03-13 00:00:00+09:00,110456.0625,111829.40608348136,108003.6632437833,418402,115017.5265625,114090.51966145834,0.02109648971360858,0.02645161680378731,24.778748275903382,-1317.35327307845,-615.1087896674511,-702.2444834109989,-0.007929546206147164,1,1,-1,0.5,Trend
2025-03-14 00:00:00+09:00,110456.0625,111437.02220248668,108984.62294626998,143705,114816.4296875,114186.98072916667,0.021067181573773606,0.024909113806603746,31.460655556534917,-1461.7643925565208,-784.4399102452651,-677.3244823112557,0.0,1,1,-1,0.5,Trend
2025-03-17 00:00:00+09:00,109671.296875,112123.69617900268,109180.81701419946,237211,114458.3796875,114198.42526041667,0.020433523983820995,0.024381466386980723,30.939205855978344,-1620.8511098962626,-951.7221501754647,-669.128959720798,-0.007104776390159717,1,1,-1,0.5,Trend
2025-03-18 00:00:00+09:00,109769.390625,111829.40599865952,109573.19868465148,202200,114139.567578125,114201.69505208333,0.020442134887275865,0.024371869174186905,29.77528592610888,-1719.1953202348377,-1105.2167841873393,-613.9785360474984,0.0008944341208239059,-1,1,-1,-0.19999999999999996,MeanReversion
2025-03-19 00:00:00+09:00,108592.2421875,110161.77775660569,108199.85829522357,249650,113928.661328125,114186.98072916667,0.019593007118585734,0.024411617396595687,28.80434876702985,-1870.5572370786394,-1258.2848747655994,-612.27236231304,-0.010723831395962113,-1,1,-1,-0.19999999999999996,MeanReversion
2025-03-20 00:00:00+09:00,107611.28125,110848.4483249772,107415.08930606199,375029,113526.467578125,114151.01223958333,0.018593596862389664,0.024435788441483593,18.965503825762895,-2046.0820360351354,-1415.8443070195067,-630.2377290156287,-0.00903343478078511,-1,1,-1,-0.19999999999999996,MeanReversion
2025-03-21 00:00:00+09:00,106826.515625,108494.14718204775,106728.41965105601,391161,112785.843359375,114126.48841145834,0.013561522265569906,0.024392362209712203,22.147646701961904,-2222.8866772570473,-1577.252781067015,-645.6338961900324,-0.007292596239764637,-1,1,-1,-0.19999999999999996,MeanReversion
2025-03-24 00:00:00+09:00,106630.3203125,107709.37599183533,106139.84045825667,187900,112270.839453125,114105.234375,0.011138165630920944,0.024389223873253294,24.26469296473408,-2351.727698274146,-1732.1477645084412,-619.5799337657047,-0.0018365787871310602,-1,1,-1,-0.19999999999999996,MeanReversion
2025-03-25 00:00:00+09:00,106728.421875,108297.95749080883,105943.65406709559,226640,111785.264453125,114092.155078125,0.01120671881539468,0.024385413703405814,20.7692500905155,-2418.045436839966,-1869.3272989747463,-548.7181378652197,0.000920015641071803,-1,1,-1,-0.19999999999999996,MeanReversion
2025-03-26 00:00:00+09:00,104668.3984375,107316.98958821462,104276.01456332006,341858,111177.06953125,114048.01184895834,0.011538546885774863,0.024512631152647162,6.766938904314827,-2606.7800596554735,-2016.8178511108918,-589.9622085445817,-0.019301544999069664,-1,1,-1,-0.19999999999999996,MeanReversion
2025-03-27 00:00:00+09:00,102115.515625,105486.31905339805,101917.23307038835,557197,110470.658984375,113946.60625,0.012308743980641204,0.02468391910319575,6.080100632883131,-2928.590942235649,-2199.1724693358433,-729.4184728998057,-0.02439019656944863,-1,1,-1,-0.19999999999999996,MeanReversion
2025-03-28 00:00:00+09:00,103602.6328125,104990.61066836125,102611.2200583134,592068,109740.508203125,113889.605078125,0.012091154735351564,0.024727694948014287,17.740565905326875,-3028.7172889325157,-2365.081433255178,-663.6358556773375,0.014563087483797865,-1,1,-1,-0.19999999999999996,MeanReversion
2025-03-31 00:00:00+09:00,100529.25,102512.07544378699,98843.84837278107,551781,109018.546875,113797.730078125,0.012316675518345534,0.024997702371680676,15.945556834016571,-3317.818699006326,-2555.6288864054077,-762.1898126009182,-0.02966510337688244,-1,1,-1,-0.19999999999999996,MeanReversion
2025-04-01 00:00:00+09:00,104990.609375,106081.16339117092,101024.95840710576,391035,108593.225390625,113829.25911458333,0.01654182802419011,0.025379687626825895,32.96910951068925,-3150.6208371096873,-2674.6272765462636,-475.99356056342367,0.044378719377693665,-1,1,-1,-0.19999999999999996,MeanReversion
2025-04-02 00:00:00+09:00,107667.421875,109551.10605145028,105684.59642610497,654364,108267.4109375,113910.30651041666,0.017662453697260497,0.025577784484103878,43.17567066348634,-2770.185950015628,-2693.7390112401363,-76.44693877549162,0.025495732579654762,-1,1,-1,-0.19999999999999996,MeanReversion
2025-04-03 00:00:00+09:00,106676.015625,107766.56968808085,102908.64704344796,340931,107803.73984375,113997.71953125,0.017171874098367384,0.02554394822557927,41.1776032348387,-2519.6418965941702,-2658.9195883109433,139.277691716773,-0.009208042996989407,-1,1,-1,-0.19999999999999996,MeanReversion
2025-04-04 00:00:00+09:00,109352.828125,109451.96940163191,104594.04684666818,350485,107527.862109375,114052.90416666666,0.018289564770192147,0.02509708485637802,49.317032176087885,-2081.0979299922474,-2543.355256647204,462.2573266549566,0.02509291788146495,-1,1,1,0.30000000000000004,Trend
2025-04-07 00:00:00+09:00,103106.9296875,105982.02676532451,102710.3645733173,349131,107072.119140625,113878.10078125,0.021803942516817255,0.02461423130772587,38.69346134050621,-2212.041444848379,-2477.092494287439,265.0510494390601,-0.05711693556165176,-1,1,-1,-0.19999999999999996,MeanReversion
2025-04-08 00:00:00+09:00,103206.0703125,106279.44992795389,102908.64647874639,264679,106699.809765625,113703.31471354167,0.0217055728309043,0.024614401474483436,40.512244919303924,-2281.515414381269,-2437.977078306205,156.46166392493615,0.0009615321230151963,-1,1,-1,-0.19999999999999996,MeanReversion
2025-04-09 00:00:00+09:00,100330.96875,104296.61968873517,99736.12110918971,314925,106149.41171875,113493.68984375,0.022257170718445657,0.0248453349731858,37.977950890055816,-2539.2992426263227,-2458.2415111702285,-81.05773145609419,-0.027857872640576375,-1,1,-1,-0.19999999999999996,MeanReversion
2025-04-10 00:00:00+09:00,107667.421875,108460.55205455801,103701.77097720995,501403,106009.9796875,113401.43424479167,0.02794596638696,0.026548469719318523,51.141583699734085,-2127.0846223895205,-2392.0101334140872,264.92551102456673,0.07312251856433916,-1,1,1,0.30000000000000004,Trend
2025-04-11 00:00:00+09:00,107766.5703125,107865.71159153634,104494.90810430083,243028,105875.505078125,113305.92643229167,0.027948940522541234,0.02654567955678441,51.5466068441181,-1771.9748921767605,-2268.003085166622,496.0281929898615,0.0009208768611095319,-1,1,1,0.30000000000000004,Trend
2025-04-14 00:00:00+09:00,109055.40625,110145.9603125,107270.86323863636,203180,105844.710546875,113200.83541666667,0.028061040188161232,0.026503538814749216,53.06792712470542,-1370.7484487943875,-2088.5521578921753,717.8037090977878,0.011959515216663608,-1,1,1,0.30000000000000004,Trend
2025-04-15 00:00:00+09:00,108956.265625,110344.24353105095,108460.5592299818,131682,105804.054296875,113131.69557291667,0.028059961291213593,0.026388204474247917,55.961416601514514,-1048.6848356168193,-1880.5786934371042,831.8938578202849,-0.0009090849175577009,-1,1,1,0.30000000000000004,Trend
2025-04-16 00:00:00+09:00,110542.5234375,113120.19662976457,109650.25194786995,310088,105901.568359375,113108.61263020833,0.028134500462243587,0.026426759111108658,62.03966024637473,-657.8658848581254,-1636.0361317213085,978.1702468631831,0.014558665381938729,-1,1,1,0.30000000000000004,Trend
2025-04-17 00:00:00+09:00,114706.453125,115301.30076436907,110046.81328327571,392600,106256.326953125,113011.054296875,0.029142415757687223,0.02504663310505866,64.736840686396,-12.006322897796053,-1311.230169956606,1299.22384705881,0.037668125876050285,-1,1,1,0.30000000000000004,Trend
2025-04-18 00:00:00+09:00,114409.03125,116391.8567482669,113219.33595103986,159918,106635.452734375,112880.74518229166,0.029071801554472868,0.024974282313670302,69.88637330341257,470.4198660784896,-954.9001627495869,1425.3200288280764,-0.0025928957516966333,-1,1,1,0.30000000000000004,Trend
2025-04-21 00:00:00+09:00,114409.03125,115499.5852740468,112822.77085138648,139883,107024.38828125,112771.69010416667,0.029057175371959208,0.024944157191967867,65.4723200612754,843.0281923011789,-595.3144917394337,1438.3426840406128,0.0,-1,1,1,0.30000000000000004,Trend
2025-04-22 00:00:00+09:00,113615.8984375,114805.59370909687,113021.05080170157,103785,107368.762109375,112655.955859375,0.029147513820228968,0.024954596518131776,60.41666951684428,1062.080779742886,-263.83543744296975,1325.9162171858559,-0.006932431852926801,-1,1,1,0.30000000000000004,Trend
2025-04-23 00:00:00+09:00,113516.7578125,115103.01818367904,113120.19271970524,155387,107811.180078125,112496.06106770833,0.028680738795117077,0.024788129696736955,62.36558167936862,1213.6910387955868,31.669857804741554,1182.0211809908453,-0.0008725946488425951,-1,1,1,0.30000000000000004,Trend
2025-04-24 00:00:00+09:00,116391.859375,117482.41342365842,113318.47978332623,390940,108524.997265625,112398.79908854167,0.028207965485214686,0.025007203561503554,62.63345105911135,1547.9955995771015,334.9350061592136,1213.060593417888,0.025327551789744662,-1,1,1,0.30000000000000004,Trend
2025-04-25 00:00:00+09:00,118771.25,119366.09766277128,115598.72913188647,271925,109283.428125,112318.30455729166,0.02832267072544547,0.025108020566991077,82.64461652731471,1982.0830905076,664.364623028891,1317.718467478709,0.020442929924625597,-1,1,-1,-0.19999999999999996,MeanReversion
2025-04-28 00:00:00+09:00,119167.8125,119960.94269966721,116689.28062603992,199539,110215.35625,112183.92682291666,0.02698206800373071,0.024812125775509224,82.8571299915634,2331.22690145878,997.7370787148689,1333.4898227439112,0.003338876201100849,-1,1,-1,-0.19999999999999996,MeanReversion
2025-04-29 00:00:00+09:00,122042.9140625,123034.32684936028,119762.66465272137,431822,111067.971484375,112215.18255208334,0.025985175543891247,0.023898351078331256,94.69388122690026,2807.55876515033,1359.7014160019612,1447.857349148369,0.024126494413078126,-1,1,-1,-0.19999999999999996,MeanReversion
2025-04-30 00:00:00+09:00,123331.75,126999.97729099677,121943.77210610932,566831,111851.187890625,112197.61692708333,0.025665784088485598,0.023513300375585158,92.93478819482513,3251.5713967873016,1738.0754121590294,1513.4959846282723,0.010560514286310552,-1,1,-1,-0.19999999999999996,MeanReversion
2025-05-02 00:00:00+09:00,124521.4453125,126405.1295966859,122935.18486265924,348721,112743.459375,112263.641796875,0.025390304585788028,0.023186661273918968,93.33333602740845,3657.2940659127053,2121.9191429097646,1535.3749230029407,0.009646302047120914,1,1,-1,0.5,Trend
2025-05-07 00:00:00+09:00,122241.1953125,125413.71619652271,120555.79359286294,232397,113387.877734375,112236.07486979167,0.025702437610927508,0.023044156589501638,82.43902382770952,3751.589102225611,2447.853134772934,1303.735967452677,-0.018312106756209423,1,1,-1,0.5,Trend
2025-05-08 00:00:00+09:00,124124.875,127594.81958865815,121745.48442492013,533711,114438.775,112364.157421875,0.02080781302375808,0.02164748500648204,84.30492655539724,3932.978873812928,2744.878282580933,1188.1005912319952,0.015409532626742717,1,1,-1,0.5,Trend
2025-05-09 00:00:00+09:00,124422.3046875,125711.14130976095,122736.9029506972,215285,115499.58671875,112516.81640625,0.02078013555423039,0.021597752517657307,83.33333333333333,4053.9996799133805,3006.702562047423,1047.2971178659577,0.0023962133899428917,1,1,-1,0.5,Trend
2025-05-12 00:00:00+09:00,122142.0546875,125116.29303216316,120853.2180714793,282069,116590.141015625,112646.18567708334,0.01994886378412717,0.021718506905760868,69.63351454963205,3920.716839337809,3189.5054175055,731.2114218323086,-0.018326697980133866,1,1,1,1.0,Trend
2025-05-13 00:00:00+09:00,121646.34375,123430.8866900978,120258.36590770171,204751,117289.087109375,112772.19778645833,0.014117754499956189,0.021723628502041806,68.91190059725918,3732.0685351622087,3298.018041036842,434.05049412536664,-0.004058478783317332,1,1,1,1.0,Trend
2025-05-14 00:00:00+09:00,122439.4765625,123430.88932818826,119861.80337171053,202888,118022.732421875,112904.8890625,0.014064970873276676,0.021732884876592588,70.14924085813004,3605.006315678067,3359.4156959650873,245.5906197129798,0.006519988912531582,1,1,-1,0.5,Trend
2025-05-15 00:00:00+09:00,120258.3671875,122340.33397310387,119861.80208548022,106091,118582.88046875,112961.990234375,0.01500349514982788,0.021721219431862383,65.581391086986,3290.3818196072534,3345.6089206935208,-55.22710108626734,-0.017813775721971847,1,1,-1,0.5,Trend
2025-05-16 00:00:00+09:00,122042.9140625,122340.3378985581,119167.8169806052,134144,119237.212890625,113060.27825520834,0.015092661069106927,0.021781715016603285,68.53448012331094,3148.7409330035443,3306.2353231555257,-157.4943901519814,0.014839274112358636,1,1,-1,0.5,Trend
2025-05-19 00:00:00+09:00,120258.3671875,122439.47524860883,119167.81315694559,163997,119723.005078125,113184.41158854167,0.015601092816458259,0.0215237111320321,58.823516826997654,2859.5286251743964,3216.8939835593,-357.36535838490363,-0.014622289943733269,1,1,-1,0.5,Trend
2025-05-20 00:00:00+09:00,120952.359375,121348.92448770492,119167.81636782787,135675,120035.300390625,113272.69830729166,0.013581436880316823,0.02130508979400765,55.392153833079675,2655.711765049855,3104.6575398574114,-448.9457748075565,0.005770843257982827,1,1,-1,0.5,Trend
2025-05-21 00:00:00+09:00,125116.2890625,125810.27798756934,121249.77933711371,294243,120570.66328125,113330.653125,0.01518984267258409,0.020749366348337964,62.39668277758114,2797.927000535754,3043.31143199308,-245.38443145732617,0.0344261964712087,1,1,-1,0.5,Trend
2025-05-22 00:00:00+09:00,123926.59375,125116.28904999999,123034.322275,165922,121046.54140625,113447.25638020833,0.01548528902617491,0.02012305619731719,54.22220868001672,2782.5595162237296,2991.1610488392103,-208.60153261548066,-0.009508716422253372,1,1,-1,0.5,Trend
2025-05-23 00:00:00+09:00,134138.140625,135327.83588553214,125215.42617100888,918055,122072.653515625,113742.22669270834,0.022615770856687242,0.02249890094039531,67.30156617662878,3553.40571636417,3103.6099823442023,449.79573401996777,0.08239996409164596,1,1,1,1.0,Trend
2025-05-26 00:00:00+09:00,134237.28125,137013.2368445347,131758.74946916543,341628,123108.6796875,114032.309765625,0.022584204152890634,0.02249946439894518,66.11839896811307,4124.759048766355,3307.839795628633,816.9192531377216,0.0007390934788424897,1,1,1,1.0,Trend
2025-05-27 00:00:00+09:00,135129.5625,135625.26889214967,132353.60670396185,241587,124045.56484375,114347.07369791667,0.022243313518869084,0.02248517188863563,72.41377811146191,4596.573878440249,3565.5866121909567,1030.9872662492926,0.0066470450063589315,1,1,-1,0.5,Trend
2025-05-28 00:00:00+09:00,134633.859375,137112.3913958947,133840.7291283137,252994,124838.6953125,114620.87721354167,0.022163105011430758,0.02242058150725939,69.20289875761821,4874.303494242413,3827.3299886012483,1046.9735056411646,-0.0036683543987645617,1,1,1,1.0,Trend
2025-05-29 00:00:00+09:00,133146.734375,135625.26628816084,129875.07224962769,400786,125537.64140625,114923.84817708333,0.022496453407295405,0.022145007791576844,65.27776067673084,4917.719250278373,4045.4078409366734,872.3114093416993,-0.011045698362236345,1,1,1,1.0,Trend
2025-05-30 00:00:00+09:00,132551.890625,135030.42261125654,131857.90166884815,418641,126063.090234375,115241.42903645833,0.022173266324746414,0.02207287875665258,69.3726837481081,4848.240136058361,4205.974299961011,642.2658360973501,-0.004467580468963339,1,1,1,1.0,Trend
2025-06-02 00:00:00+09:00,133146.734375,135823.5488412137,132254.4628862621,240937,126553.839453125,115557.47942708334,0.022122962290705265,0.022069678627576576,71.32352600338848,4786.006255845437,4321.980691137896,464.025564707541,0.004487629314038788,1,1,-1,0.5,Trend
2025-06-04 00:00:00+09:00,132948.453125,136021.8327274422,132353.60546001117,263213,126975.18984375,115840.79635416667,0.022109675030110066,0.022011324758751623,69.92480957991305,4666.888828261566,4390.962318562631,275.92650969893566,-0.0014891934896544834,1,1,1,1.0,Trend
2025-06-05 00:00:00+09:00,136120.96875,138103.79422341587,133245.87181354698,638348,127669.178515625,116194.97278645834,0.021931171250960436,0.022126702181234626,78.98550248782071,4773.457459604557,4467.461346771016,305.9961128335408,0.02386274943731137,1,1,-1,0.5,Trend
2025-06-09 00:00:00+09:00,138698.640625,140780.60735346677,137409.80407880628,436123,128397.866796875,116636.25364583333,0.02202717306614811,0.021949858191098234,79.57745638644799,5008.17927237066,4575.604931890945,432.5743404797149,0.01893662599282675,1,1,-1,0.5,Trend
2025-06-10 00:00:00+09:00,139392.640625,141672.89008045875,136914.108608197,593159,129146.38359375,117115.26002604167,0.02201523049090168,0.021828202857810532,85.34799602700964,5190.366683827073,4698.557282278171,491.8094015489014,0.00500365394262503,1,1,-1,0.5,Trend
2025-06-11 00:00:00+09:00,138500.359375,140185.7610280959,136319.25135334645,309476,129964.298828125,117567.95052083333,0.021476266771905735,0.021865969108829576,82.1817974459091,5202.777499824806,4799.4013257874985,403.37617403730746,-0.006401207739513692,1,1,-1,0.5,Trend
2025-06-12 00:00:00+09:00,134435.5625,138797.7783923304,131957.0307429941,531471,130603.759765625,117967.60885416667,0.022854642210492878,0.022240571366939303,67.15326199963475,4828.952861363476,4805.311632902694,23.64122846078135,-0.029348637746088868,1,1,1,1.0,Trend
2025-06-13 00:00:00+09:00,131163.90625,134931.27468348452,129875.06968065003,379216,131039.98125,118312.73958333333,0.023788435835178208,0.02252763389093463,62.37287556069384,4220.052684661729,4688.259843254501,-468.20715859277243,-0.024336241015096016,1,1,-1,0.5,Trend
2025-06-16 00:00:00+09:00,131163.90625,132105.74835837111,128883.65693499622,250969,131585.258203125,118670.94973958333,0.023270665622783206,0.022492800305365965,42.18751667352077,3694.902373175588,4489.588349238718,-794.6859760631305,0.0,1,1,-1,0.5,Trend
2025-06-17 00:00:00+09:00,131560.46875,132056.17511303694,128883.6543896006,308622,132061.1359375,119034.134375,0.02314245375166892,0.022491128775550106,43.07693302426929,3272.9872872742126,4246.268136845817,-973.2808495716044,0.0030234117855878484,1,1,-1,0.5,Trend
2025-06-18 00:00:00+09:00,130668.203125,131758.7571723255,129875.07290876328,232961,132581.627734375,119402.06705729167,0.022875601482841502,0.022455606333011878,38.461532244442054,2833.9501497472083,3963.8045394260957,-1129.8543896788874,-0.006782171221170863,1,1,-1,0.5,Trend
2025-06-19 00:00:00+09:00,132155.328125,136120.97938156413,131461.33915510128,328718,133141.776171875,119811.13450520833,0.022929869587597955,0.02242275040414302,43.902442774618024,2576.310510377094,3686.3057336162956,-1109.9952232392016,0.01138092484961617,1,1,-1,0.5,Trend
2025-06-20 00:00:00+09:00,144250.5625,146332.5293814433,136120.97753436427,1441367,134098.48984375,120434.86861979167,0.028921961856627435,0.024865626709237844,67.94872636770182,3309.958429555729,3611.0362728041823,-301.0778432484535,0.09152286590790837,1,1,-1,0.5,Trend
2025-06-23 00:00:00+09:00,140879.75,142168.58655876145,137806.37051372274,462297,134946.14765625,121005.69244791666,0.029514959245488196,0.025125370536198045,62.35292481626466,3578.136760199355,3604.4563702832174,-26.319610083862244,-0.023367759831092516,1,1,-1,0.5,Trend
2025-06-24 00:00:00+09:00,144448.84375,147026.51700840768,141177.18153740562,402774,135461.6828125,121634.36614583334,0.024554602570663324,0.025257128808648405,65.40540033999712,4032.185531954892,3690.0022026175525,342.1833293373397,0.025334327680166968,1,1,1,1.0,Trend
2025-06-25 00:00:00+09:00,137608.09375,144448.84192633285,135526.1269137248,786457,135630.2234375,122183.36106770833,0.02719551233015717,0.02600198723939462,55.37757164727883,3796.27006216842,3711.2557745277263,85.01428764069351,-0.047357596103984045,1,1,1,1.0,Trend
2025-06-26 00:00:00+09:00,131758.75,137905.50884123403,130866.47855530474,427517,135461.6828125,122677.41497395834,0.028922822085705575,0.02646784502666478,45.258622153716146,3101.559351513308,3589.3164899248427,-487.7571384115349,-0.04250726531120197,1,1,-1,0.5,Trend
2025-06-27 00:00:00+09:00,130073.3515625,134336.42634694168,129875.06901438643,307347,135233.657421875,123118.59361979166,0.029036120280611227,0.026524283831244132,40.439571021301894,2387.477188874531,3348.9486297147805,-961.4714408402497,-0.012791548474010317,1,1,-1,0.5,Trend
