Date,Close,MA20,MA60,RSI14,MACD_hist,Vol20,Vol60,sig_trend,sig_vol,sig_mom,composite,vol_override,strategy_raw,strategy,entry
2018-01-02 00:00:00+09:00,592580.0,,,,0.0,,,-1,-1,-1,-1.0,True,Defensive,Defensive,False
2018-01-03 00:00:00+09:00,594862.0625,,,,145.63589743589984,,,-1,-1,-1,-1.0,True,Defensive,Defensive,False
2018-01-04 00:00:00+09:00,582691.0,,,,-547.7775264812075,,,-1,-1,-1,-1.0,True,Defensive,Defensive,False
2018-01-05 00:00:00+09:00,593340.6875,,,,-273.1254850887805,,,-1,-1,-1,-1.0,True,Defensive,Defensive,False
2018-01-08 00:00:00+09:00,607793.875,,,,837.2465141228497,,,-1,-1,-1,-1.0,True,Defensive,Defensive,False
2018-01-09 00:00:00+09:00,621486.375,,,,2362.7705039995985,,,-1,-1,-1,-1.0,True,Defensive,Defensive,False
2018-01-10 00:00:00+09:00,610075.9375,,,,2461.1371723074863,,,-1,-1,-1,-1.0,True,Defensive,Defensive,False
2018-01-11 00:00:00+09:00,603990.4375,,,,1994.0483785646165,,,-1,-1,-1,-1.0,True,Defensive,Defensive,False
2018-01-12 00:00:00+09:00,632896.75,,,,3425.579509183085,,,-1,-1,-1,-1.0,True,Defensive,Defensive,False
2018-01-15 00:00:00+09:00,638221.625,,,,4459.365759313774,,,-1,-1,-1,-1.0,True,Defensive,Defensive,False
2018-01-16 00:00:00+09:00,629854.0,,,,4305.673282045101,,,-1,-1,-1,-1.0,True,Defensive,Defensive,False
2018-01-17 00:00:00+09:00,604751.125,,,,2337.9308985890248,,,-1,-1,-1,-1.0,True,Defensive,Defensive,False
2018-01-18 00:00:00+09:00,608554.5625,,,,1175.7342011030305,,,-1,-1,-1,-1.0,True,Defensive,Defensive,False
2018-01-19 00:00:00+09:00,589537.25,,,,-879.6844827467203,,,-1,-1,-1,-1.0,True,Defensive,Defensive,False
2018-01-22 00:00:00+09:00,589537.25,,,49.05661035473032,-2171.5635245196227,,,-1,-1,-1,-1.0,True,Defensive,Defensive,False
2018-01-23 00:00:00+09:00,613879.4375,,,55.18673599633441,-1358.7373057649984,,,-1,-1,-1,-1.0,True,Defensive,Defensive,False
2018-01-24 00:00:00+09:00,618443.5625,,,60.173158941370176,-528.4252045728863,,,-1,-1,-1,-1.0,True,Defensive,Defensive,False
2018-01-25 00:00:00+09:00,616161.5,,,56.818189457204646,-166.38292777401512,,,-1,-1,-1,-1.0,True,Defensive,Defensive,False
2018-01-26 00:00:00+09:00,635939.5,,,58.14977798175498,1291.378913362767,,,-1,-1,1,-0.5,True,Defensive,Defensive,False
2018-01-29 00:00:00+09:00,668649.3125,612662.3125,,62.30158458459143,4181.833014176897,,,-1,-1,1,-0.5,True,Defensive,Defensive,False
2018-01-30 00:00:00+09:00,663324.5,616199.5375,,64.34428837781586,5381.936332263775,0.025202621926210898,,-1,-1,1,-0.5,True,Defensive,Defensive,False
2018-01-31 00:00:00+09:00,667127.9375,619812.83125,,67.2199247928052,6029.92619645141,0.025199079511436445,,-1,-1,1,-0.5,True,Defensive,Defensive,False
2018-02-01 00:00:00+09:00,674734.875,624415.025,,62.9108098933823,6526.880407316792,0.024438789243146297,,-1,-1,1,-0.5,True,Defensive,Defensive,False
2018-02-02 00:00:00+09:00,669410.0,628218.490625,,59.624407893721745,6062.963092436787,0.024527662897951594,,-1,-1,1,-0.5,True,Defensive,Defensive,False
2018-02-05 00:00:00+09:00,648110.625,630234.328125,,55.21739347876719,3987.835442673233,0.025565373528360764,,-1,-1,1,-0.5,True,Defensive,Defensive,False
2018-02-06 00:00:00+09:00,632136.0625,630766.8125,,58.256884364535416,1342.342000109369,0.025890977596383986,,-1,-1,1,-0.5,True,Defensive,Defensive,False
2018-02-07 00:00:00+09:00,613879.4375,630956.9875,,51.47680085531657,-1670.6599002121093,0.02642216079320175,,-1,-1,-1,-1.0,True,Defensive,Defensive,False
2018-02-08 00:00:00+09:00,619204.25,631717.678125,,58.90410907511107,-3247.3424211052497,0.02636740310915526,,-1,-1,-1,-1.0,True,Defensive,Defensive,False
2018-02-09 00:00:00+09:00,609315.25,630538.603125,,55.60344797056334,-4804.62409927575,0.024324709303046248,,-1,-1,-1,-1.0,True,Defensive,Defensive,False
2018-02-12 00:00:00+09:00,642025.0625,630728.775,,57.61317053312649,-3538.603020874747,0.027122214219909485,,-1,-1,-1,-1.0,True,Defensive,Defensive,False
2018-02-13 00:00:00+09:00,651914.0625,631831.778125,,58.80000788754983,-2017.6631361490763,0.027124135766003542,,-1,-1,-1,-1.0,True,Defensive,Defensive,False
2018-02-14 00:00:00+09:00,663324.5,634760.446875,,61.832073516757276,-314.9820148953386,0.025399468991633263,,-1,-1,-1,-1.0,True,Defensive,Defensive,False
2018-02-19 00:00:00+09:00,654196.1875,637042.528125,,54.838725707975904,102.336499569441,0.025727364177756416,,-1,-1,1,-0.5,True,Defensive,Defensive,False
2018-02-20 00:00:00+09:00,646589.25,639895.128125,,43.2558221296913,-211.00453969633782,0.024644568420967593,,-1,-1,-1,-1.0,True,Defensive,Defensive,False
2018-02-21 00:00:00+09:00,646589.25,642747.728125,,44.711536562455315,-479.94507487794544,0.024644568420967593,,-1,-1,-1,-1.0,True,Defensive,Defensive,False
2018-02-22 00:00:00+09:00,673974.1875,645752.465625,,51.88284878424417,1041.7786999282325,0.02472356743831629,,-1,-1,1,-0.5,True,Defensive,Defensive,False
2018-02-23 00:00:00+09:00,684623.875,649061.48125,,52.67489503221221,2535.7059157058884,0.024840654968561825,,-1,-1,1,-0.5,True,Defensive,Defensive,False
2018-02-26 00:00:00+09:00,698316.375,653169.225,,57.48032642224246,4122.302452027243,0.024958984902876097,,-1,-1,1,-0.5,True,Defensive,Defensive,False
2018-02-27 00:00:00+09:00,690709.4375,655907.721875,,61.86440707469807,4315.134407977315,0.02449474364365342,,-1,-1,1,-0.5,True,Defensive,Defensive,False
2018-02-28 00:00:00+09:00,684623.875,656706.45,,65.47084854833165,3711.5286909998194,0.02209538712648394,,-1,-1,1,-0.5,True,Defensive,Defensive,False
2018-03-02 00:00:00+09:00,708205.375,658950.49375,,76.95651599245681,4525.196575719194,0.02313843087879442,,-1,-1,-1,-1.0,True,Defensive,Defensive,False
2018-03-05 00:00:00+09:00,708205.375,661004.365625,,76.23318352606374,4669.300204124789,0.023141965320751665,,-1,-1,-1,-1.0,True,Defensive,Defensive,False
2018-03-06 00:00:00+09:00,683102.5,661422.746875,,69.95884467550454,2773.5306606927115,0.024623761276058625,,-1,-1,1,-0.5,True,Defensive,Defensive,False
2018-03-07 00:00:00+09:00,681581.125,662031.303125,,62.87128934364451,1197.1823060534825,0.024552650599083868,,-1,-1,1,-0.5,True,Defensive,Defensive,False
2018-03-08 00:00:00+09:00,686145.25,663933.034375,,61.53845829736117,289.3095223971759,0.023290402464315192,,-1,-1,1,-0.5,True,Defensive,Defensive,False
2018-03-09 00:00:00+09:00,692230.8125,666937.771875,,60.10637344771902,-55.548340411345634,0.02237454971589415,,-1,-1,-1,-1.0,True,Defensive,Defensive,False
2018-03-12 00:00:00+09:00,697555.6875,671121.584375,,65.57376386762508,-77.86003246620385,0.020910325542785692,,-1,-1,-1,-1.0,True,Defensive,Defensive,False
2018-03-13 00:00:00+09:00,689188.0625,674620.775,,65.21738742146059,-770.4823207444242,0.02130206451947103,,-1,-1,-1,-1.0,True,Defensive,Defensive,False
2018-03-14 00:00:00+09:00,677016.9375,678005.859375,,59.99998356762477,-2087.908299074694,0.021396410784209587,,-1,-1,-1,-1.0,True,Defensive,Defensive,False
2018-03-15 00:00:00+09:00,677777.625,679793.4875,,51.51513944361978,-2897.850651111323,0.018315049069297883,,-1,-1,-1,-1.0,True,Defensive,Defensive,False
2018-03-16 00:00:00+09:00,681581.125,681276.840625,,48.71795952160751,-3146.4636083246096,0.01809167553427359,,-1,-1,-1,-1.0,True,Defensive,Defensive,False
2018-03-19 00:00:00+09:00,684623.875,682341.809375,,43.661965311497575,-3071.5913343112643,0.017750773075102776,,-1,-1,-1,-1.0,True,Defensive,Defensive,False
2018-03-20 00:00:00+09:00,702880.5,684776.025,,55.128190948395506,-1819.9749745559675,0.018179833799016658,,-1,-1,-1,-1.0,True,Defensive,Defensive,False
2018-03-21 00:00:00+09:00,700598.4375,687476.484375,,56.95364382547944,-1202.9929799761267,0.01790210628586962,,-1,-1,-1,-1.0,True,Defensive,Defensive,False
2018-03-22 00:00:00+09:00,726462.0,691470.121875,,57.792202942036376,782.7991722819297,0.019258423031483087,,-1,-1,1,-0.5,True,Defensive,Defensive,False
2018-03-23 00:00:00+09:00,732547.5625,694398.790625,,59.876544149084275,2258.4665944827266,0.01736129267091134,,-1,-1,1,-0.5,True,Defensive,Defensive,False
2018-03-26 00:00:00+09:00,747761.4375,697555.66875,,78.52349030296782,3914.4408700830863,0.01756458639360012,,-1,-1,-1,-1.0,True,Defensive,Defensive,False
2018-03-27 00:00:00+09:00,760693.1875,700674.509375,,81.70730424301085,5442.057391782688,0.017451745170484673,,-1,-1,-1,-1.0,True,Defensive,Defensive,False
2018-03-28 00:00:00+09:00,707444.6875,701511.271875,,56.140358463702285,2573.269082226361,0.02435546781641012,,-1,-1,1,-0.5,True,Defensive,Defensive,False
2018-03-29 00:00:00+09:00,739393.8125,704249.76875,657872.84375,61.83206609579827,2530.5344101448827,0.0260322424991733,,1,-1,1,0.19999999999999996,True,Defensive,Defensive,False
2018-03-30 00:00:00+09:00,740915.1875,705885.259375,660345.096875,61.08949254628401,2313.760110378902,0.025055211745244655,0.02410729432999247,1,1,1,1.0,False,Trend,Defensive,False
2018-04-02 00:00:00+09:00,739393.8125,707444.68125,662753.959375,63.306454017485905,1799.8100867859503,0.025069171428329717,0.02411882205314026,1,1,1,1.0,False,Trend,Defensive,False
2018-04-03 00:00:00+09:00,738633.125,710221.2125,665352.9947916666,67.38199271262398,1170.9813541410622,0.023426117482787095,0.023915883165089306,1,1,1,1.0,False,Trend,Defensive,False
2018-04-04 00:00:00+09:00,765257.375,714405.025,668218.2729166667,71.53559735112381,2248.0869451598555,0.024398888685877595,0.02419215428716726,1,1,-1,0.5,False,Trend,Trend,False
2018-04-05 00:00:00+09:00,763736.0,718284.5625,670817.3083333333,70.45456101552176,2536.6635868198464,0.02445920451502747,0.024063750867941,1,1,-1,0.5,False,Trend,Trend,False
2018-04-06 00:00:00+09:00,789599.5625,723153.0,673619.1947916667,73.46940543537586,4057.7390605742657,0.02524180867266778,0.024248586327829735,1,1,-1,0.5,False,Trend,Trend,False
2018-04-09 00:00:00+09:00,855019.1875,731026.175,677701.5822916667,78.08990592228267,8786.710725483063,0.030067907308308096,0.025953187118082397,1,1,-1,0.5,False,Trend,Trend,False
2018-04-10 00:00:00+09:00,886968.3125,740915.1875,682417.8802083334,81.01267165600989,13122.393258879929,0.03014569373603363,0.026175386420717903,1,1,-1,0.5,False,Trend,Trend,False
2018-04-11 00:00:00+09:00,888489.6875,751488.825,686677.7625,79.33885681757224,15012.549632292918,0.02941544978465209,0.02563908519811655,1,1,-1,0.5,False,Trend,Trend,False
2018-04-12 00:00:00+09:00,859583.3125,760579.109375,690367.1239583333,71.24682066834224,13294.767908347007,0.031122798017001515,0.0261184593535886,1,1,-1,0.5,False,Trend,Trend,False
2018-04-13 00:00:00+09:00,867190.25,769859.565625,694322.728125,70.49608422304536,11705.542275497726,0.031096919386613214,0.026013425584349086,1,1,-1,0.5,False,Trend,Trend,False
2018-04-16 00:00:00+09:00,862626.125,778759.678125,698620.6447916667,68.01076497826134,9476.794870184953,0.03129737925800907,0.025345333476780786,1,1,1,1.0,False,Trend,Trend,False
2018-04-17 00:00:00+09:00,838283.9375,785529.85,702449.4677083333,75.74850976988762,5680.252953247153,0.03232775781813045,0.02573451001670832,1,1,-1,0.5,False,Trend,Trend,False
2018-04-18 00:00:00+09:00,820027.3125,791501.29375,706290.96875,66.77215979765288,1475.4887467126246,0.03296240020165681,0.025526675133664606,1,1,1,1.0,False,Trend,Trend,False
2018-04-19 00:00:00+09:00,771342.9375,793745.340625,709321.0635416667,55.291009661197315,-4709.911452153559,0.0356406189092965,0.02693428104107633,1,-1,-1,-0.30000000000000004,True,Defensive,Trend,False
2018-04-20 00:00:00+09:00,769821.5,795609.0375,711920.0979166667,55.2909976431709,-8791.923689458781,0.03563384775204324,0.026527538478167436,1,-1,-1,-0.30000000000000004,True,Defensive,Trend,False
2018-04-23 00:00:00+09:00,719615.75,794201.753125,713606.3010416667,47.17832320745191,-14428.467790976472,0.03859438098885448,0.028068847240525743,1,-1,-1,-0.30000000000000004,True,Defensive,Trend,False
2018-04-24 00:00:00+09:00,721137.1875,792223.953125,715355.8958333334,42.926834449231876,-17409.891734163895,0.038349149450533464,0.028057038057939604,1,-1,-1,-0.30000000000000004,True,Defensive,Trend,False
2018-04-25 00:00:00+09:00,727983.375,793250.8875,716889.9604166667,44.36450243983366,-18191.35286032952,0.034691799109735556,0.02781405625736463,1,1,-1,0.5,False,Trend,Trend,False
2018-04-26 00:00:00+09:00,758411.125,794201.753125,718385.990625,45.15366310871415,-16006.572428789983,0.034489660270499545,0.027569572568815898,1,1,-1,0.5,False,Trend,Trend,False
2018-04-27 00:00:00+09:00,769821.5,795647.06875,720160.940625,34.09090325554796,-13254.301283011544,0.03462503925336452,0.027586176996863377,1,1,-1,0.5,False,Trend,Trend,False
2018-04-30 00:00:00+09:00,742436.5625,795799.20625,721416.084375,22.543347522486485,-12736.233530177347,0.03565855824306658,0.028030538592341912,1,1,-1,0.5,False,Trend,Trend,False
2018-05-02 00:00:00+09:00,614640.125,789599.55625,720414.5052083334,14.843750376107323,-20024.678045934783,0.055323848301702776,0.037270752714991105,1,-1,-1,-0.30000000000000004,True,Defensive,Trend,False
2018-05-03 00:00:00+09:00,593340.6875,781003.721875,719146.6833333333,15.13944281793708,-24981.990873838884,0.05457739326319264,0.037516326506611845,1,-1,-1,-0.30000000000000004,True,Defensive,Trend,False
2018-05-04 00:00:00+09:00,546938.4375,770163.84375,717460.4802083333,11.934901026102679,-29763.38882977664,0.05660831260034332,0.038705558877181384,1,-1,-1,-0.30000000000000004,True,Defensive,Trend,False
2018-05-08 00:00:00+09:00,563673.6875,758867.55,716319.440625,15.465728740680433,-30086.753437321982,0.056465451379103464,0.03882506322936059,1,-1,-1,-0.30000000000000004,True,Defensive,Trend,False
2018-05-09 00:00:00+09:00,605511.8125,746392.18125,716179.9802083333,24.155404795867923,-25928.37716687582,0.055770342909124894,0.039791641618890594,1,-1,-1,-0.30000000000000004,True,Defensive,Trend,False
2018-05-10 00:00:00+09:00,592580.0,731672.765625,715736.2427083333,24.44444163549079,-22615.114937696468,0.05430712337963501,0.03986874975050979,1,-1,-1,-0.30000000000000004,True,Defensive,Trend,False
2018-05-11 00:00:00+09:00,588015.875,716649.075,715381.253125,27.13472447309978,-19419.689808646384,0.054147666527170187,0.03982870071028627,1,-1,-1,-0.30000000000000004,True,Defensive,Trend,False
2018-05-14 00:00:00+09:00,560630.875,701701.453125,714024.6833333333,25.490196078431367,-17877.745684029476,0.054422287770627915,0.03966983454504766,-1,-1,-1,-1.0,True,Defensive,Defensive,False
2018-05-15 00:00:00+09:00,591058.625,687894.871875,713010.4260416667,34.20561115092082,-13722.781036110733,0.056556902304334786,0.04024375535793729,-1,-1,-1,-1.0,True,Defensive,Defensive,False
2018-05-16 00:00:00+09:00,629854.0,676256.265625,712452.584375,39.72602662636607,-7582.55658638684,0.05946734471318397,0.041047685929365155,-1,-1,-1,-1.0,True,Defensive,Defensive,False
2018-05-17 00:00:00+09:00,605511.8125,664617.659375,711641.178125,36.73806178872265,-4531.900023297378,0.05963921955508616,0.04131653112289915,-1,-1,-1,-1.0,True,Defensive,Defensive,False
2018-05-18 00:00:00+09:00,621486.375,654690.6125,711222.796875,34.693881258172524,-994.3953000990441,0.06035897955190446,0.04144244733303581,-1,-1,-1,-1.0,True,Defensive,Defensive,False
2018-05-21 00:00:00+09:00,623768.4375,647311.8875,710842.45,33.33333808807271,1791.257641210781,0.05941659128026059,0.04144613774249097,-1,-1,-1,-1.0,True,Defensive,Defensive,False
2018-05-23 00:00:00+09:00,607793.875,639210.50625,709739.4447916667,34.224601906595254,2790.458125972269,0.05947478027056335,0.04119919723959076,-1,-1,-1,-1.0,True,Defensive,Defensive,False
2018-05-24 00:00:00+09:00,635939.5,635026.69375,708928.0385416667,53.25580817682767,5426.852354719369,0.059266115552344366,0.04158629438009728,-1,-1,1,-0.5,True,Defensive,Defensive,False
2018-05-25 00:00:00+09:00,654956.875,631717.678125,708205.3802083334,59.48478148305859,8356.291278577934,0.05978095102942471,0.04168771614266439,-1,-1,1,-0.5,True,Defensive,Defensive,False
2018-05-28 00:00:00+09:00,652674.75,627952.246875,707571.46875,68.83467096847457,9937.50890244409,0.059688427143794805,0.04166885339454195,-1,-1,1,-0.5,True,Defensive,Defensive,False
2018-05-29 00:00:00+09:00,658760.3125,622969.70625,707140.409375,67.60561848201928,11102.15416904692,0.05880608931270674,0.04167629025254467,-1,-1,1,-0.5,True,Defensive,Defensive,False
2018-05-30 00:00:00+09:00,647349.9375,616846.128125,706126.1520833333,58.73015334792598,10802.793410468305,0.0586148327197971,0.041482392115641004,-1,-1,1,-0.5,True,Defensive,Defensive,False
2018-05-31 00:00:00+09:00,661803.125,612814.45625,705352.78125,64.35331361103178,11227.445408840045,0.05862194981337329,0.041593701106406394,-1,-1,1,-0.5,True,Defensive,Defensive,False
2018-06-01 00:00:00+09:00,686906.0,616427.75,705416.1729166667,68.8953387002855,12737.682174824153,0.04041874079767607,0.04162620964388118,-1,1,1,0.30000000000000004,False,Trend,Defensive,False
2018-06-04 00:00:00+09:00,637460.9375,618633.7625,704680.8364583333,63.53887677019723,10062.666367135364,0.04336949147500787,0.04273160094679639,-1,1,1,0.30000000000000004,False,Trend,Defensive,False
2018-06-05 00:00:00+09:00,640503.6875,623312.025,703920.14375,59.6439148159318,8231.358797508296,0.03848381094938943,0.04272640579395464,-1,1,1,0.30000000000000004,False,Trend,Defensive,False
2018-06-07 00:00:00+09:00,638982.3125,627077.45625,703032.66875,52.08333155030632,6714.83864844181,0.038180314118505226,0.042706541643461465,-1,1,1,0.30000000000000004,False,Trend,Defensive,False
2018-06-08 00:00:00+09:00,640503.6875,628827.05,702081.8020833334,58.914724238585386,5653.996369310826,0.03494714292085934,0.042693119104172825,-1,1,1,0.30000000000000004,False,Trend,Defensive,False
2018-06-11 00:00:00+09:00,638982.3125,631147.165625,701245.0395833333,54.81171346743484,4727.307458346102,0.03450246642631771,0.04267048626067408,-1,1,1,0.30000000000000004,False,Trend,Defensive,False
2018-06-12 00:00:00+09:00,653435.5,634418.146875,700852.015625,57.64706413040992,4941.966612884755,0.034630583833596434,0.042721538975780946,-1,1,1,0.30000000000000004,False,Trend,Trend,False
2018-06-14 00:00:00+09:00,620725.6875,637422.8875,699901.15,53.06859805427608,2839.651615505836,0.034933833061022095,0.0432201265915261,-1,1,1,0.30000000000000004,False,Trend,Trend,False
2018-06-15 00:00:00+09:00,620725.6875,638906.240625,698886.8927083333,45.83334902396834,1476.3006102565923,0.03308060661618949,0.043210666780624296,-1,1,1,0.30000000000000004,False,Trend,Trend,False
2018-06-18 00:00:00+09:00,619964.9375,638411.7875,697809.24375,39.351841814073026,595.6729562233959,0.02978837948111056,0.04320349114834982,-1,1,-1,-0.19999999999999996,False,MeanReversion,Trend,False
2018-06-19 00:00:00+09:00,579648.25,637118.609375,695755.3729166667,31.954897436610224,-2461.9542769072323,0.03223662637569516,0.04386023580639424,-1,1,-1,-0.19999999999999996,False,MeanReversion,Trend,False
2018-06-20 00:00:00+09:00,638982.3125,637993.40625,694728.4375,46.1309563108909,-358.7074441983168,0.03881196410738301,0.045745153356212376,-1,1,-1,-0.19999999999999996,False,MeanReversion,Trend,False
2018-06-21 00:00:00+09:00,631375.375,638373.753125,693143.6604166667,46.82779336206269,597.8189290185437,0.038921101273743826,0.04549297604280646,-1,1,1,0.30000000000000004,False,Trend,Trend,False
2018-06-22 00:00:00+09:00,665606.5625,641264.3875,692027.9770833333,50.70027495472464,3454.1092865695045,0.040060033935455576,0.04602873896436645,-1,1,1,0.30000000000000004,False,Trend,Trend,False
2018-06-25 00:00:00+09:00,639743.0,641454.5625,690227.6697916667,41.34077686614263,3508.424278152719,0.04001572065167933,0.046193326756580486,-1,1,-1,-0.19999999999999996,False,MeanReversion,Trend,False
2018-06-26 00:00:00+09:00,632896.75,640351.55625,688097.7291666666,49.006616210545616,3009.312159249994,0.039479842809942434,0.046131582661887285,-1,1,1,0.30000000000000004,False,Trend,Trend,False
2018-06-27 00:00:00+09:00,635939.5,639514.79375,686905.9760416667,49.006616210545616,2813.720977536751,0.03950368374604188,0.04522829310931806,-1,1,1,0.30000000000000004,False,Trend,Trend,False
2018-06-28 00:00:00+09:00,622247.0625,637689.13125,684953.5302083333,46.540879690657775,1744.21044295514,0.03967570614145666,0.04489277586208545,-1,1,1,0.30000000000000004,False,Trend,Trend,False
2018-06-29 00:00:00+09:00,634418.125,637042.540625,683178.5791666667,48.7951769958481,1829.5824378632942,0.03981617658450497,0.04498057828919193,-1,1,1,0.30000000000000004,False,Trend,Trend,False
2018-07-02 00:00:00+09:00,630614.6875,635483.11875,681365.59375,48.35820836952955,1610.711828301717,0.039452608717462506,0.04498268853716378,-1,1,1,0.30000000000000004,False,Trend,Trend,False
2018-07-03 00:00:00+09:00,652674.75,633771.55625,679932.9541666667,49.855061557161854,2859.4984175148875,0.03930698696739264,0.045235960295028056,-1,1,1,0.30000000000000004,False,Trend,Trend,False
2018-07-04 00:00:00+09:00,641264.375,633961.728125,677866.4041666667,54.25867229895137,2820.1981456309923,0.03569972942079483,0.045008981525844864,-1,1,1,0.30000000000000004,False,Trend,Trend,False
2018-07-05 00:00:00+09:00,628332.5625,633353.171875,675609.6802083333,51.49699567690379,1872.0877798576767,0.03597562099144243,0.04506489071330281,-1,1,1,0.30000000000000004,False,Trend,Trend,False
2018-07-06 00:00:00+09:00,623768.4375,632592.478125,672845.828125,50.73747041926362,933.7937669350713,0.036002576066092244,0.044810768723095806,-1,1,1,0.30000000000000004,False,Trend,Trend,False
2018-07-09 00:00:00+09:00,649632.0,633048.89375,669422.7083333334,64.37500673984901,1990.5350031619482,0.037198918371491314,0.043851722573681876,-1,1,1,0.30000000000000004,False,Trend,Trend,False
2018-07-10 00:00:00+09:00,634418.125,632820.684375,665213.5385416667,48.85495369294564,1616.3266327329584,0.03759535607235423,0.04358072561946079,-1,1,1,0.30000000000000004,False,Trend,Trend,False
2018-07-11 00:00:00+09:00,631375.375,631717.678125,660928.3,50.0,1137.892220268,0.03721999328953173,0.04357034484605835,-1,1,1,0.30000000000000004,False,Trend,Trend,False
2018-07-12 00:00:00+09:00,652674.75,633315.13125,657479.8239583333,46.44350227423753,2170.075329641325,0.03606847543859458,0.04370398275949584,-1,1,1,0.30000000000000004,False,Trend,Trend,False
2018-07-13 00:00:00+09:00,611597.3125,632858.7125,653219.9416666667,42.85712472984088,109.28700120326357,0.03910738811292054,0.04435448286166002,-1,1,-1,-0.19999999999999996,False,MeanReversion,Trend,False
2018-07-16 00:00:00+09:00,623768.4375,633048.8875,649238.9802083333,47.74436008941448,-384.1362009560821,0.03937288702321369,0.0444767528707143,-1,1,-1,-0.19999999999999996,False,MeanReversion,Trend,False
2018-07-17 00:00:00+09:00,628332.5625,635483.103125,645739.790625,48.134325040797414,-353.88469182822064,0.036028248532459034,0.04440055038504915,-1,1,-1,-0.19999999999999996,False,MeanReversion,Trend,False
2018-07-18 00:00:00+09:00,630614.6875,635064.721875,642582.9135416667,52.173914455438336,-141.81518706302086,0.02855722031982651,0.0443554393466998,-1,1,-1,-0.19999999999999996,False,MeanReversion,Trend,False
2018-07-19 00:00:00+09:00,644307.125,635711.309375,640465.65,52.54901847065336,901.5999937767542,0.02883792968609837,0.04384144117217207,-1,1,1,0.30000000000000004,False,Trend,Trend,False
2018-07-20 00:00:00+09:00,645828.5625,634722.409375,638399.1010416667,53.968258108436785,1632.6092755109003,0.02615125190509844,0.043846726346197615,-1,1,1,0.30000000000000004,False,Trend,Trend,False
2018-07-23 00:00:00+09:00,630614.6875,634265.99375,636915.75,44.032932385484735,1057.7582837193404,0.025159101679172104,0.04311457563730212,-1,1,-1,-0.19999999999999996,False,MeanReversion,Trend,False
2018-07-24 00:00:00+09:00,624529.125,633847.6125,635305.615625,45.33898393595829,274.69074334179186,0.025137903515043542,0.043121509633056956,-1,1,1,0.30000000000000004,False,Trend,Trend,False
2018-07-25 00:00:00+09:00,591058.625,631603.56875,633023.5364583334,40.68441801101344,-2346.1020122514246,0.02787047860222622,0.043622892176165995,-1,1,-1,-0.19999999999999996,False,MeanReversion,Trend,False
2018-07-26 00:00:00+09:00,569759.1875,628979.175,629879.3375,37.54385570413883,-5199.283027202573,0.028572412841442785,0.043434141939751945,-1,1,-1,-0.19999999999999996,False,MeanReversion,Trend,False
2018-07-27 00:00:00+09:00,569759.1875,625746.228125,626544.965625,29.083665990713413,-6677.421477942714,0.028047488343460023,0.04336206970707944,-1,1,-1,-0.19999999999999996,False,MeanReversion,Trend,False
2018-07-30 00:00:00+09:00,564434.375,622437.2125,623578.2625,30.672277610538828,-7540.821328106325,0.02806169196851986,0.04317273657339186,-1,1,-1,-0.19999999999999996,False,MeanReversion,Trend,False
2018-07-31 00:00:00+09:00,567477.125,618177.33125,622792.2125,32.352937115081886,-7422.468738291591,0.02660103341188256,0.035763063058306045,-1,1,-1,-0.19999999999999996,False,MeanReversion,Trend,False
2018-08-01 00:00:00+09:00,582691.0,615248.6625,622614.7177083333,30.000014289021166,-5901.326905931954,0.027485049867633053,0.03565790238721252,-1,1,-1,-0.19999999999999996,False,MeanReversion,Trend,False
2018-08-02 00:00:00+09:00,575084.0625,612586.2375,623083.8114583333,37.09678844291783,-5023.6053437456685,0.027316310656067617,0.03407932000521239,-1,1,-1,-0.19999999999999996,False,MeanReversion,Trend,False
2018-08-03 00:00:00+09:00,596383.5,611216.990625,623628.975,40.90910033997586,-2738.9916217511472,0.028780659217725636,0.03417942984581908,-1,1,-1,-0.19999999999999996,False,MeanReversion,MeanReversion,False
2018-08-06 00:00:00+09:00,605511.8125,609010.98125,623628.975,42.64707777666796,-462.8184240571536,0.02731092994208442,0.03295687770054409,-1,1,-1,-0.19999999999999996,False,MeanReversion,MeanReversion,False
2018-08-07 00:00:00+09:00,645067.875,609543.46875,624503.7729166667,53.7549439204595,3631.6264333392064,0.030649360190120295,0.033824481850538705,-1,1,1,0.30000000000000004,False,Trend,MeanReversion,False
2018-08-08 00:00:00+09:00,690709.4375,612510.171875,626215.3322916667,60.33898597761353,9031.176358005501,0.034112237804423656,0.034885689364261334,-1,1,1,0.30000000000000004,False,Trend,Trend,False
2018-08-09 00:00:00+09:00,699837.75,614868.321875,628535.446875,61.63933728482674,12614.913334236298,0.033514180702513954,0.03427545620529123,-1,1,1,0.30000000000000004,False,Trend,Trend,False
2018-08-10 00:00:00+09:00,705923.3125,619584.621875,630449.8583333333,66.89419622952613,14649.73538258713,0.02938392372910679,0.03367072704396094,-1,1,1,0.30000000000000004,False,Trend,Trend,False
2018-08-13 00:00:00+09:00,678538.375,622323.11875,631261.2645833333,61.059197526440265,13437.660000370308,0.030997886941300453,0.03315258514465302,-1,1,1,0.30000000000000004,False,Trend,Trend,False
2018-08-14 00:00:00+09:00,693752.1875,625594.1,632731.9375,72.72727524217711,12941.956767177735,0.03125337931650051,0.032824311843492444,-1,1,-1,-0.19999999999999996,False,MeanReversion,Trend,False
2018-08-16 00:00:00+09:00,669410.0,627533.865625,633530.6645833333,71.76080668279515,10367.378453821084,0.03255248562111394,0.033033850687097216,-1,1,-1,-0.19999999999999996,False,MeanReversion,Trend,False
2018-08-17 00:00:00+09:00,696795.0,630158.259375,634747.7739583333,74.77746188918283,9902.244073702506,0.033365069039916775,0.0334118365729601,-1,1,-1,-0.19999999999999996,False,MeanReversion,Trend,False
2018-08-20 00:00:00+09:00,689948.75,632364.26875,636117.021875,74.33628211342705,8576.52377520112,0.03350693446054515,0.0332493217274909,-1,1,-1,-0.19999999999999996,False,MeanReversion,Trend,False
2018-08-21 00:00:00+09:00,690709.4375,635369.00625,637029.8541666666,74.10714351213245,7246.810691594381,0.03290222513865451,0.03276307310311369,-1,1,-1,-0.19999999999999996,False,MeanReversion,MeanReversion,False
2018-08-22 00:00:00+09:00,689188.0625,638601.953125,637600.3739583333,72.01258162255287,5822.147919845023,0.03277386557154024,0.03255733873319091,1,1,-1,0.5,False,Trend,MeanReversion,False
2018-08-23 00:00:00+09:00,685384.5625,643318.25,638145.5375,73.1629335942914,4253.745960838962,0.029730391159601067,0.032563024064741646,1,1,-1,0.5,False,Trend,Trend,False
2018-08-24 00:00:00+09:00,696795.0,649670.040625,638779.4489583333,71.99999561803267,3638.692087532474,0.027900369111472634,0.03260823158683401,1,1,-1,0.5,False,Trend,Trend,False
2018-08-27 00:00:00+09:00,691470.125,655755.5875,639514.7854166667,69.1525322708178,2577.118602980383,0.028098036839561573,0.03253892616245061,1,1,1,1.0,False,Trend,Trend,False
2018-08-28 00:00:00+09:00,683863.1875,661727.028125,639882.453125,60.079037777251685,1139.8150408194306,0.02816019592032356,0.03245791233793712,1,1,1,1.0,False,Trend,Trend,False
2018-08-29 00:00:00+09:00,684623.875,667584.365625,639844.4177083333,47.93813974545918,73.76138303789412,0.028209936518497302,0.032098998213463584,1,1,1,1.0,False,Trend,Trend,False
2018-08-30 00:00:00+09:00,679299.0625,672414.76875,640541.7197916667,42.857155277683226,-1092.2462429480656,0.02815891465911137,0.030588421987134528,1,1,-1,0.5,False,Trend,Trend,False
2018-08-31 00:00:00+09:00,704401.9375,678880.6625,641606.690625,49.53271386854252,-315.4656515338138,0.028404285138161883,0.030922043608930666,1,1,-1,0.5,False,Trend,Trend,False
2018-09-03 00:00:00+09:00,718094.375,684966.20625,642925.225,63.265289868012786,910.8283799582059,0.027824457364226878,0.031001042324786215,1,1,1,1.0,False,Trend,Trend,False
2018-09-04 00:00:00+09:00,715051.625,690443.196875,644167.690625,57.77778589253135,1284.5078357625098,0.027946543651211114,0.031011269405137192,1,1,1,1.0,False,Trend,Trend,False
2018-09-05 00:00:00+09:00,704401.9375,693409.9,645258.0177083333,64.19754964835218,615.8114656219659,0.02518888648836415,0.031083111507970895,1,1,1,1.0,False,Trend,Trend,False
2018-09-06 00:00:00+09:00,698316.375,693790.246875,646006.0322916667,50.7462631658334,-381.30347337831336,0.020310689789796978,0.03099022108915343,1,1,-1,0.5,False,Trend,Trend,False
2018-09-07 00:00:00+09:00,696795.0,693638.109375,647273.8541666666,53.543314218284195,-1239.849544836965,0.020098947539744113,0.030219960410892952,1,1,-1,0.5,False,Trend,Trend,False
2018-09-10 00:00:00+09:00,703641.25,693524.00625,648655.7802083333,56.29631117335129,-1429.7087837887484,0.020126502663273833,0.0302357522898225,1,1,-1,0.5,False,Trend,Trend,False
2018-09-11 00:00:00+09:00,709726.75,695083.425,650151.8104166667,59.57445940646446,-1235.7860279392662,0.017924866949256144,0.030244138413475105,1,1,-1,0.5,False,Trend,Trend,False
2018-09-12 00:00:00+09:00,711248.125,695958.221875,652345.1416666667,62.31884920835742,-1099.9370926852134,0.017301633304348963,0.028835588603631335,1,1,-1,0.5,False,Trend,Trend,False
2018-09-13 00:00:00+09:00,713530.25,698164.234375,653587.6072916667,58.730167010529776,-956.5528618913722,0.014954984197561572,0.02605907315741404,1,1,-1,0.5,False,Trend,Trend,False
2018-09-14 00:00:00+09:00,716573.0,699153.134375,655007.5677083334,63.41465369709066,-765.2406041411978,0.012192423833160155,0.025997400683586594,1,1,-1,0.5,False,Trend,Trend,False
2018-09-17 00:00:00+09:00,739393.8125,701625.3875,656237.3552083333,75.52451530166668,710.0169894240371,0.013590739485117758,0.025429884751979444,1,1,-1,0.5,False,Trend,Trend,False
2018-09-18 00:00:00+09:00,771342.9375,705657.0625,658430.6875,80.97829897043017,3493.620510528257,0.01610442518985441,0.025369748327829,1,1,-1,0.5,False,Trend,Trend,False
2018-09-19 00:00:00+09:00,771342.9375,709764.80625,660738.1239583333,84.18080826929807,4904.467629529478,0.016056225960819955,0.025307948570033385,1,1,-1,0.5,False,Trend,Trend,False
2018-09-20 00:00:00+09:00,803292.0625,715660.18125,663527.3333333334,84.94625460835702,7408.678937829984,0.017605387592089416,0.02576157237277099,1,1,-1,0.5,False,Trend,Trend,False
2018-09-21 00:00:00+09:00,806334.8125,721137.171875,666595.4625,83.7209513395977,8605.291643346714,0.017508940458798923,0.02554045256864937,1,1,-1,0.5,False,Trend,Trend,False
2018-09-27 00:00:00+09:00,830677.0,728097.515625,669866.44375,88.0000065729528,10259.265603254778,0.017821014155076805,0.025678762743278676,1,1,-1,0.5,False,Trend,Trend,False
2018-09-28 00:00:00+09:00,812420.375,734525.375,672896.5385416667,83.80952679045467,9371.261052112182,0.01864370778705,0.025875680129769957,1,1,-1,0.5,False,Trend,Trend,False
2018-10-01 00:00:00+09:00,818505.875,741219.475,675660.390625,87.61905656184368,8468.642832787587,0.018563130256506074,0.02557547312722654,1,1,-1,0.5,False,Trend,Trend,False
2018-10-02 00:00:00+09:00,783514.0,746430.221875,678031.2177083333,72.44094691950977,4963.417929615171,0.021730087062775082,0.02615967571078382,1,1,-1,0.5,False,Trend,Trend,False
2018-10-04 00:00:00+09:00,800249.25,751222.5875,680896.4958333333,73.78277245759583,3300.4708994571483,0.02090882596886974,0.026070672214775114,1,1,-1,0.5,False,Trend,Trend,False
2018-10-05 00:00:00+09:00,772864.3125,753961.084375,683381.4270833334,64.06780614576752,56.232646218064474,0.022585285964439348,0.026511809540822245,1,1,1,1.0,False,Trend,Trend,False
2018-10-08 00:00:00+09:00,774385.6875,756927.7875,685460.6552083333,64.06780614576752,-2164.4548131041956,0.022513210903024595,0.026061952905528672,1,1,-1,0.5,False,Trend,Trend,False
2018-10-10 00:00:00+09:00,742436.5625,758829.51875,687260.9625,55.688619071949006,-5758.264244609665,0.024451335384608277,0.026486373308566555,1,1,-1,0.5,False,Trend,Trend,False
2018-10-11 00:00:00+09:00,710487.4375,759438.071875,688579.496875,48.92472797668545,-10011.202248607606,0.02649958393460506,0.027147297540550036,1,1,-1,0.5,False,Trend,Trend,False
2018-10-12 00:00:00+09:00,721897.875,760693.215625,689733.215625,46.77871219372536,-11664.399696696702,0.026698820272118905,0.026901425662569572,1,1,-1,0.5,False,Trend,Trend,False
2018-10-15 00:00:00+09:00,707444.6875,760883.3875,691330.671875,37.42514410313632,-13225.43738665984,0.027065528293388097,0.02561018545106492,1,1,-1,0.5,False,Trend,Trend,False
2018-10-16 00:00:00+09:00,711248.125,760959.45625,692788.6666666666,38.348070370351515,-13451.640346730172,0.02702253563585744,0.0255129242729784,1,1,-1,0.5,False,Trend,Trend,False
2018-10-17 00:00:00+09:00,684623.875,759628.24375,693726.8552083333,26.50600710106734,-14740.501747487056,0.02833312496406598,0.026028158256281003,1,1,-1,0.5,False,Trend,Trend,False
2018-10-18 00:00:00+09:00,675495.5625,757726.509375,694474.8697916666,24.70587240253542,-15477.706184651564,0.028419057140995633,0.026096750914475515,1,1,-1,0.5,False,Trend,Trend,False
2018-10-19 00:00:00+09:00,689188.0625,756357.2625,695222.8854166666,21.47238691710089,-14338.849486255163,0.02884069657814967,0.02607872249965495,1,1,-1,0.5,False,Trend,Trend,False
2018-10-22 00:00:00+09:00,680059.75,753390.559375,695793.4052083333,22.292987297349214,-13507.504565175404,0.02783873340103166,0.026144716225016497,1,1,-1,0.5,False,Trend,Trend,False
2018-10-23 00:00:00+09:00,635178.8125,746582.353125,695869.4739583334,16.986306426928024,-15163.345210777514,0.029073805546153374,0.027452846495553532,1,1,-1,0.5,False,Trend,Trend,False
2018-10-24 00:00:00+09:00,612358.0625,738633.109375,695666.6229166667,17.765050400086068,-16848.913721400433,0.029577389713089455,0.027832741439876817,1,1,-1,0.5,False,Trend,Trend,False
2018-10-25 00:00:00+09:00,594862.0625,728211.609375,695730.0135416667,11.428576794245288,-18086.53960732827,0.027112690082918004,0.02715834630282606,1,1,-1,0.5,False,Trend,Trend,False
2018-10-26 00:00:00+09:00,565955.75,716192.65625,695666.6229166667,11.363642198997482,-19665.48194505146,0.027796663888735466,0.027510033649980503,1,1,-1,0.5,False,Trend,Trend,False
2018-10-29 00:00:00+09:00,551502.5625,702233.934375,695362.3458333333,10.29811179091962,-20408.39777230387,0.02548673192993904,0.027710247763851528,1,1,-1,0.5,False,Trend,Trend,False
2018-10-30 00:00:00+09:00,605511.8125,691888.50625,696046.9697916667,27.386946914346865,-16172.735816813234,0.03601533222873034,0.030219419693365578,-1,1,-1,-0.19999999999999996,False,MeanReversion,Trend,False
2018-10-31 00:00:00+09:00,589537.25,680440.075,696414.6385416667,28.912479734675998,-13467.98063945392,0.03571847417609907,0.030427327644134448,-1,1,-1,-0.19999999999999996,False,MeanReversion,Trend,False
2018-11-01 00:00:00+09:00,593340.6875,670931.409375,696592.1333333333,26.975472996162125,-10571.673900672278,0.03546079670157253,0.030248600557708376,-1,1,-1,-0.19999999999999996,False,MeanReversion,Trend,False
2018-11-02 00:00:00+09:00,610836.625,661460.778125,697188.009375,32.88409303561642,-6809.21719425566,0.035914367847587725,0.0304208837164927,-1,1,-1,-0.19999999999999996,False,MeanReversion,MeanReversion,True
2018-11-05 00:00:00+09:00,607033.1875,653169.221875,697365.5041666667,31.536394288530005,-4044.86543588162,0.03558867920338968,0.03007679190737309,-1,1,-1,-0.19999999999999996,False,MeanReversion,MeanReversion,True
2018-11-06 00:00:00+09:00,610075.9375,644953.734375,697441.5729166666,35.58823451230023,-1604.8916506550886,0.03565807143721054,0.03001997402485787,-1,1,-1,-0.19999999999999996,False,MeanReversion,MeanReversion,True
2018-11-07 00:00:00+09:00,608554.5625,638259.634375,696833.0177083333,36.666666666666664,216.24692539739044,0.034985899117983256,0.028852862598448974,-1,1,-1,-0.19999999999999996,False,MeanReversion,MeanReversion,False
2018-11-08 00:00:00+09:00,584973.0625,631983.915625,695070.7447916666,30.02914711628472,145.72597621360183,0.03477079570102538,0.02780121377939079,-1,1,-1,-0.19999999999999996,False,MeanReversion,MeanReversion,True
2018-11-09 00:00:00+09:00,559870.1875,623882.53125,692737.9520833333,28.29669566936785,-1204.1764284346064,0.03501881663751588,0.02821922945488651,-1,1,-1,-0.19999999999999996,False,MeanReversion,MeanReversion,True
2018-11-12 00:00:00+09:00,434355.8125,610228.0875,688211.8270833333,21.914890046381274,-9690.48901773779,0.06434256281960693,0.042832445616736,-1,-1,-1,-1.0,True,Defensive,MeanReversion,True
2018-11-13 00:00:00+09:00,476954.65625,598513.4140625,684852.0984375,32.056450193531845,-11454.219264496016,0.06931878657040326,0.04458655240602168,-1,-1,-1,-1.0,True,Defensive,MeanReversion,True
2018-11-14 00:00:00+09:00,508903.75,589727.4078125,681771.2911458333,39.02912695706888,-9565.443165636352,0.07168286929252617,0.04537469058263581,-1,-1,-1,-1.0,True,Defensive,MeanReversion,True
2018-11-15 00:00:00+09:00,508903.75,581397.8171875,679096.1869791667,42.138362721574474,-7503.474558658767,0.07175953853015733,0.045201012537501556,-1,-1,-1,-1.0,True,Defensive,MeanReversion,True
2018-11-16 00:00:00+09:00,508903.75,572383.6015625,675964.6661458333,43.88646299960229,-5423.942108192561,0.07139514307077698,0.044824330582218075,-1,-1,-1,-1.0,True,Defensive,MeanReversion,True
2018-11-19 00:00:00+09:00,508903.75,563825.8015625,672947.2494791667,33.59172232411669,-3430.0512469986134,0.07147533132573122,0.04482514433559392,-1,-1,-1,-1.0,True,Defensive,Defensive,False
2018-11-20 00:00:00+09:00,508903.75,557512.0484375,669917.1546875,35.519117464168644,-1586.5441478794528,0.07039390306566981,0.04482279734778893,-1,-1,-1,-1.0,True,Defensive,Defensive,False
2018-11-21 00:00:00+09:00,508903.75,552339.3328125,666912.4161458333,34.62603695283519,69.68168923986377,0.070171220568817,0.04482610754826907,-1,-1,-1,-1.0,True,Defensive,Defensive,False
2018-11-22 00:00:00+09:00,508903.75,548041.4171875,663971.0692708333,30.177513498376697,1521.5423457485158,0.07004139640313178,0.04483079676216124,-1,-1,-1,-1.0,True,Defensive,Defensive,False
2018-11-23 00:00:00+09:00,508903.75,545188.8171875,660839.5484375,30.630625962719222,2765.7340287793413,0.06935117409210127,0.04474735108896852,-1,-1,-1,-1.0,True,Defensive,Defensive,False
2018-11-26 00:00:00+09:00,508903.75,543058.8765625,657796.7755208333,29.78723563658866,3808.2365711950406,0.06918864924266786,0.044751237653642355,-1,-1,-1,-1.0,True,Defensive,Defensive,False
2018-11-27 00:00:00+09:00,508903.75,538228.4734375,654880.7848958333,29.969419190758074,4660.994820241147,0.0653082259362536,0.04474908467161252,-1,-1,-1,-1.0,True,Defensive,Defensive,False
2018-11-28 00:00:00+09:00,508903.75,534196.7984375,651952.1161458333,33.10810979605806,5339.498675612158,0.06519294222707717,0.04474677286486665,-1,-1,-1,-1.0,True,Defensive,Defensive,False
2018-11-29 00:00:00+09:00,508903.75,529974.9515625,649112.1942708333,37.26235919621293,5861.045162071954,0.06513721020262156,0.04474965456140618,-1,-1,-1,-1.0,True,Defensive,Defensive,False
2018-11-30 00:00:00+09:00,508903.75,524878.3078125,645853.8911458333,,6243.514974340898,0.06459648009765954,0.044428821574329716,-1,-1,-1,-1.0,True,Defensive,Defensive,False
2018-12-03 00:00:00+09:00,508903.75,519971.8359375,642367.3807291667,,6504.534288469695,0.0646262413754486,0.04431701268790026,-1,-1,-1,-1.0,True,Defensive,Defensive,False
2018-12-04 00:00:00+09:00,508903.75,514913.2265625,638931.5828125,,6660.922570115275,0.06457963622849215,0.04432282704374375,-1,-1,-1,-1.0,True,Defensive,Defensive,False
2018-12-05 00:00:00+09:00,508903.75,509930.6859375,635673.2796875,,6728.350425593722,0.06459541579158545,0.044311581128380295,-1,-1,-1,-1.0,True,Defensive,Defensive,False
2018-12-06 00:00:00+09:00,508903.75,506127.2203125,632516.4026041667,,6721.1496581718275,0.0642140915727455,0.044314924555858295,-1,-1,-1,-1.0,True,Defensive,Defensive,False
2018-12-07 00:00:00+09:00,508903.75,503578.8984375,629384.8817708333,,6652.231732219752,0.0636340650936384,0.044318398642147774,-1,-1,-1,-1.0,True,Defensive,Defensive,False
2018-12-10 00:00:00+09:00,508903.75,507306.2953125,626139.2567708333,,6533.0816967950705,0.024817688668318936,0.04428021405191466,-1,1,-1,-0.19999999999999996,False,MeanReversion,Defensive,False
2018-12-11 00:00:00+09:00,599426.25,513429.875,624300.9151041667,,12150.73744829465,0.038658012763264304,0.04934929948432162,-1,1,-1,-0.19999999999999996,False,MeanReversion,MeanReversion,False
2018-12-12 00:00:00+09:00,600186.9375,517994.034375,622449.8953125,,15313.541967136418,0.03659374378611754,0.04934794192634455,-1,1,-1,-0.19999999999999996,False,MeanReversion,MeanReversion,False
2018-12-13 00:00:00+09:00,623768.4375,523737.26875,620953.8651041667,,18193.36213297209,0.03714697096603495,0.04963118591552968,-1,1,-1,-0.19999999999999996,False,MeanReversion,MeanReversion,False
2018-12-14 00:00:00+09:00,595622.8125,528073.221875,618938.0286458334,80.31916404629911,17402.27763094724,0.03919113999825472,0.04994528555500686,-1,1,-1,-0.19999999999999996,False,MeanReversion,MeanReversion,False
2018-12-17 00:00:00+09:00,566716.4375,530963.85625,616060.0723958333,66.81415816600119,14263.598558560992,0.041241854749792396,0.05009483155312833,-1,1,1,0.30000000000000004,False,Trend,MeanReversion,False
2018-12-18 00:00:00+09:00,557588.125,533398.075,612497.4921875,63.44537960175648,11047.707550578045,0.04151230146807205,0.0497379759643901,-1,1,1,0.30000000000000004,False,Trend,MeanReversion,False
2018-12-19 00:00:00+09:00,559870.1875,535946.396875,608972.9463541667,63.90041295730684,8655.007433407467,0.041498690378825205,0.04974829768833409,-1,1,1,0.30000000000000004,False,Trend,MeanReversion,False
2018-12-20 00:00:00+09:00,523356.9375,536669.05625,604307.3609375,53.28720136348969,4408.143989136996,0.044535786369124676,0.05001212203197813,-1,1,1,0.30000000000000004,False,Trend,MeanReversion,False
2018-12-21 00:00:00+09:00,532485.25,537848.13125,599743.2015625,55.149504653748956,2124.4453318217547,0.044674795852126976,0.050092481730845656,-1,1,1,0.30000000000000004,False,Trend,MeanReversion,False
2018-12-24 00:00:00+09:00,530203.1875,538913.103125,594735.3046875,54.60527009244027,457.9100709717359,0.04469657255526207,0.04986250923057428,-1,1,1,0.30000000000000004,False,Trend,MeanReversion,False
2018-12-26 00:00:00+09:00,547699.125,540852.871875,590323.2838541666,57.798171130965095,526.7054880853079,0.0452048554258273,0.050087839396739706,-1,1,1,0.30000000000000004,False,Trend,MeanReversion,False
2018-12-27 00:00:00+09:00,564434.375,543629.403125,586088.7588541667,60.45845879309086,1629.8204182663217,0.04557560240566479,0.05028020911667965,-1,1,1,0.30000000000000004,False,Trend,Trend,False
2018-12-28 00:00:00+09:00,588015.875,547585.009375,582830.4567708333,63.68421803696162,3756.5966641875716,0.04624487020536279,0.050397260393803524,-1,1,1,0.30000000000000004,False,Trend,Trend,False
2019-01-02 00:00:00+09:00,568998.5,550589.746875,578976.2776041667,59.75308421574538,3686.3721386176185,0.04709174442935471,0.050408828182158444,-1,1,1,0.30000000000000004,False,Trend,Trend,False
2019-01-03 00:00:00+09:00,572802.0,553784.659375,575641.9057291667,43.98625778843906,3690.764319120301,0.04707374872476189,0.050286773479880295,-1,1,-1,-0.19999999999999996,False,MeanReversion,Trend,False
2019-01-04 00:00:00+09:00,579648.25,557321.884375,572396.2817708333,45.484957093085015,3927.4637581970355,0.04707015628495966,0.050326304734400695,-1,1,1,0.30000000000000004,False,Trend,Trend,False
2019-01-07 00:00:00+09:00,590297.9375,561391.59375,569860.6380208334,42.19858238682053,4531.135722061995,0.047113693838068446,0.050170837785848875,-1,1,-1,-0.19999999999999996,False,MeanReversion,Trend,False
2019-01-08 00:00:00+09:00,587255.1875,565309.165625,567806.7671875,47.79116492366863,4449.026725074204,0.047170659225969025,0.04989364778614159,-1,1,1,0.30000000000000004,False,Trend,Trend,False
2019-01-09 00:00:00+09:00,588776.5625,569302.80625,565588.0786458333,56.80751970535889,4222.519359929429,0.04715353413230998,0.04983673948465661,1,1,1,1.0,False,Trend,Trend,True
2019-01-10 00:00:00+09:00,590297.9375,573372.515625,563635.6328125,60.59113679311913,3907.755809702491,0.04713606513177267,0.04979317509754121,1,1,1,1.0,False,Trend,Trend,False
2019-01-11 00:00:00+09:00,601708.3125,573486.61875,561809.9692708333,62.790700340570716,4176.361729442458,0.029805121929566455,0.04986423302365773,1,1,1,1.0,False,Trend,Trend,False
2019-01-14 00:00:00+09:00,613118.75,574133.209375,560618.2171875,82.41758192149567,4787.016780481275,0.030094465456340983,0.04972139446355141,1,1,-1,0.5,False,Trend,Trend,False
2019-01-15 00:00:00+09:00,614640.125,573676.79375,559603.9598958333,81.39534772631302,4938.042607936875,0.028782923353724635,0.049700974843185905,1,1,-1,0.5,False,Trend,Trend,False
2019-01-16 00:00:00+09:00,607033.1875,574247.3125,558234.7119791667,78.21227691214554,4199.262342800186,0.02690804156514088,0.04963825705215097,1,1,-1,0.5,False,Trend,Trend,False
2019-01-17 00:00:00+09:00,587255.1875,575274.25,556687.9692708333,64.28571751027813,2155.1971962790267,0.02547829765447663,0.04977961473293697,1,1,1,1.0,False,Trend,Trend,False
2019-01-18 00:00:00+09:00,608554.5625,577822.571875,556244.2317708334,65.42552656823263,2016.7080242146385,0.026177718624117486,0.04925525976971838,1,1,1,1.0,False,Trend,Trend,False
2019-01-21 00:00:00+09:00,603990.4375,580028.584375,556104.7713541667,56.44172273924875,1424.7121533670743,0.026312900532569298,0.049038907436517266,1,1,1,1.0,False,Trend,Trend,False
2019-01-22 00:00:00+09:00,614640.125,584592.74375,556434.4057291667,69.73687624459191,1547.1632357065228,0.02040055661736641,0.04894386187500586,1,1,1,1.0,False,Trend,Trend,False
2019-01-23 00:00:00+09:00,607033.1875,588320.140625,557119.0296875,64.33122485751173,942.3752844206156,0.020771369520670442,0.04852821807581023,1,1,1,1.0,False,Trend,Trend,False
2019-01-24 00:00:00+09:00,610836.625,592351.8125,558107.9307291667,63.39869421439672,639.5075914781064,0.020614814992696268,0.048401897555035205,1,1,1,1.0,False,Trend,Trend,False
2019-01-25 00:00:00+09:00,613118.75,595622.79375,558234.7130208333,60.563399840189135,443.2103153803746,0.019734892048265312,0.04688219911277192,1,1,1,1.0,False,Trend,Trend,False
2019-01-28 00:00:00+09:00,611597.3125,597980.940625,558602.3807291667,61.42854963050602,80.25490063234247,0.018938531218265182,0.046750319651436376,1,1,1,1.0,False,Trend,Trend,False
2019-01-29 00:00:00+09:00,596383.5,598399.321875,558653.0942708333,53.16456156973028,-1242.1301858883107,0.017897375980958637,0.04686171431049037,1,1,-1,0.5,False,Trend,Trend,False
2019-01-30 00:00:00+09:00,590297.9375,599464.29375,558310.7828125,50.0,-2511.170936367047,0.01630759707903212,0.046724363517425045,1,1,-1,0.5,False,Trend,Trend,False
2019-01-31 00:00:00+09:00,607033.1875,601175.853125,558310.7828125,52.04679289813458,-2218.1568706432663,0.017303859622430886,0.04686237113256219,1,1,-1,0.5,False,Trend,Trend,False
2019-02-01 00:00:00+09:00,591058.625,601746.371875,557993.8276041667,41.807897016268065,-3043.8455791308606,0.0183654829067685,0.046983283967293184,1,1,-1,0.5,False,Trend,Trend,False
2019-02-07 00:00:00+09:00,575844.75,601023.7125,557448.6640625,36.923065255110686,-4471.94870820832,0.018841950775875728,0.04709851420456227,1,1,-1,0.5,False,Trend,Trend,False
2019-02-08 00:00:00+09:00,575844.75,600453.190625,557296.5255208333,38.91890883622728,-5221.66356374783,0.01882066490288346,0.04682509669919803,1,1,-1,0.5,False,Trend,Trend,False
2019-02-11 00:00:00+09:00,575844.75,599806.6,557562.7682291666,45.28300131820796,-5494.975272930458,0.01880373091146873,0.04647396727613884,1,1,-1,0.5,False,Trend,Trend,False
2019-02-12 00:00:00+09:00,573562.6875,598969.8375,559882.8828125,32.83582455611106,-5588.471005287485,0.01879310850527317,0.0323475840533147,1,1,-1,0.5,False,Trend,Trend,False
2019-02-13 00:00:00+09:00,577366.125,597752.728125,561556.4072916667,36.84207925226486,-5163.260717185026,0.01827230156035224,0.030170710174867273,1,1,-1,0.5,False,Trend,Trend,False
2019-02-14 00:00:00+09:00,581169.625,596155.271875,562760.8385416666,32.25807306575069,-4423.453666194471,0.017734799955347668,0.029070270651906354,1,1,-1,0.5,False,Trend,Trend,False
2019-02-15 00:00:00+09:00,578126.8125,594329.60625,563914.55625,33.89830036415795,-3952.0790909016605,0.017700746969988412,0.029084939694186396,1,1,-1,0.5,False,Trend,Trend,False
2019-02-18 00:00:00+09:00,576605.4375,592808.21875,565042.9177083333,30.43480745914951,-3567.5608505550854,0.017562188086782348,0.02909019254570929,1,1,-1,0.5,False,Trend,Trend,False
2019-02-19 00:00:00+09:00,584973.0625,592694.1125,566310.7395833334,34.95933655968925,-2618.4154894964836,0.016386815879285196,0.029132151969003466,1,1,-1,0.5,False,Trend,Trend,False
2019-02-20 00:00:00+09:00,590297.9375,591781.28125,567667.309375,39.06252005905386,-1553.3418540654197,0.014270355178026207,0.02914339772235718,1,1,-1,0.5,False,Trend,Trend,False
2019-02-21 00:00:00+09:00,579648.25,590564.171875,568846.384375,40.98361207752307,-1487.3584210467493,0.014700117486743186,0.029264107579610038,1,1,-1,0.5,False,Trend,Trend,False
2019-02-22 00:00:00+09:00,572802.0,588472.265625,569911.3552083333,40.650414650194215,-1804.92784546809,0.01410032443644014,0.029319183109820054,1,1,-1,0.5,False,Trend,Trend,False
2019-02-25 00:00:00+09:00,562913.0,586266.25625,570811.509375,24.561425003873865,-2536.320657214371,0.014307799960148554,0.029425040049799827,1,1,-1,0.5,False,Trend,Trend,False
2019-02-26 00:00:00+09:00,561391.5625,583794.003125,571686.30625,29.473688762426974,-2948.9700528626236,0.014116618594679923,0.029429734873481054,1,1,-1,0.5,False,Trend,Trend,False
2019-02-27 00:00:00+09:00,565955.75,581435.853125,572637.1729166667,41.97533118292658,-2745.1138175599017,0.014278944535932802,0.029440669176468152,1,1,-1,0.5,False,Trend,Trend,False
2019-02-28 00:00:00+09:00,572041.3125,579458.053125,573689.465625,47.19103716757952,-2062.183009226711,0.014651932832346825,0.029462135621183,1,1,-1,0.5,False,Trend,Trend,False
2019-03-04 00:00:00+09:00,572802.0,578278.978125,574754.4364583333,47.77779806463392,-1449.8988516035656,0.01374251223377075,0.02946114494851513,1,1,-1,0.5,False,Trend,Trend,False
2019-03-05 00:00:00+09:00,581169.625,577822.5625,575958.8677083333,55.10203568335528,-425.2300004625263,0.014072446142935471,0.029504157751125967,1,1,-1,0.5,False,Trend,Trend,False
2019-03-06 00:00:00+09:00,575084.0625,576225.10625,577061.8729166667,48.51486598285342,-117.20072278792304,0.01247710688860549,0.029548803273845157,-1,1,-1,-0.19999999999999996,False,MeanReversion,Trend,False
2019-03-07 00:00:00+09:00,570519.9375,575198.171875,578088.809375,43.13727543451102,-177.1329388271438,0.011224508909974599,0.029576009318144494,-1,1,-1,-0.19999999999999996,False,MeanReversion,Trend,False
2019-03-08 00:00:00+09:00,568237.8125,574817.825,579077.7104166667,43.564373349646374,-318.51891409967993,0.009688710023976876,0.029584909647970264,-1,1,-1,-0.19999999999999996,False,MeanReversion,Trend,False
2019-03-11 00:00:00+09:00,559109.5,573981.0625,579914.4729166667,39.63965764441414,-939.7285644576991,0.010288392213371538,0.029675697548463064,-1,1,-1,-0.19999999999999996,False,MeanReversion,Trend,False
2019-03-12 00:00:00+09:00,562913.0,573334.475,580814.6270833333,36.19052761143284,-1001.6976680938797,0.010449959306352691,0.029682532278019386,-1,1,-1,-0.19999999999999996,False,MeanReversion,Trend,False
2019-03-13 00:00:00+09:00,558348.8125,572573.78125,581638.7114583333,29.80772573147648,-1241.6203047211611,0.010550632795429874,0.029708943369772017,-1,1,-1,-0.19999999999999996,False,MeanReversion,Trend,False
2019-03-14 00:00:00+09:00,541613.5625,570786.153125,580675.1666666666,27.678600903045478,-2354.4024983293266,0.012202660001992527,0.02106096329212884,-1,1,-1,-0.19999999999999996,False,MeanReversion,Trend,False
2019-03-15 00:00:00+09:00,518792.78125,567667.3109375,579318.5973958333,23.308308996251768,-4338.940498703094,0.014866063746311012,0.02172215760234013,-1,1,-1,-0.19999999999999996,False,MeanReversion,Trend,False
2019-03-18 00:00:00+09:00,516510.6875,564586.5046875,577530.9682291667,25.203283530844388,-5445.225011562969,0.014868525198820166,0.021046422033314575,-1,1,-1,-0.19999999999999996,False,MeanReversion,Trend,False
2019-03-19 00:00:00+09:00,532485.25,562380.4953125,576478.6755208333,36.61974764753975,-4765.536070579601,0.016919950789102342,0.02071362504143779,-1,1,-1,-0.19999999999999996,False,MeanReversion,Trend,False
2019-03-20 00:00:00+09:00,534767.3125,559870.2078125,575946.1901041666,35.25180238836778,-3865.0257273517054,0.016486584577199162,0.019748725071431508,-1,1,-1,-0.19999999999999996,False,MeanReversion,Trend,False
2019-03-21 00:00:00+09:00,530203.1875,556865.4703125,575489.7744791667,29.92701386556638,-3301.4135642938654,0.016192793137550864,0.01967289573858082,-1,1,-1,-0.19999999999999996,False,MeanReversion,Trend,False
2019-03-22 00:00:00+09:00,514989.3125,553632.5234375,574741.7598958333,25.641033743774003,-3650.625710598648,0.01681952921971233,0.019996270888212587,-1,1,-1,-0.19999999999999996,False,MeanReversion,Trend,False
2019-03-25 00:00:00+09:00,511185.84375,550551.715625,574538.9083333333,19.333344105666725,-3817.1661873855537,0.01676567900081365,0.018041839870332813,-1,1,-1,-0.19999999999999996,False,MeanReversion,Trend,False
2019-03-26 00:00:00+09:00,511185.84375,547965.3578125,574183.9182291667,20.422549268918416,-3609.052689765944,0.016575853897481313,0.017892063320446037,-1,1,-1,-0.19999999999999996,False,MeanReversion,Trend,False
2019-03-27 00:00:00+09:00,493689.90625,544580.275,573575.3635416667,18.239002648040554,-4285.347089112001,0.017866071009902094,0.018422870526609597,-1,1,-1,-0.19999999999999996,False,MeanReversion,Trend,False
2019-03-28 00:00:00+09:00,486843.65625,540624.6703125,572561.1057291667,17.57577130712835,-4791.113405019807,0.017601318407137384,0.017954437757223378,-1,1,-1,-0.19999999999999996,False,MeanReversion,Trend,False
2019-03-29 00:00:00+09:00,486082.96875,536326.753125,571255.2489583333,18.83118320845884,-4764.196617528429,0.017140710615880243,0.017454486635297303,-1,1,-1,-0.19999999999999996,False,MeanReversion,Trend,False
2019-04-01 00:00:00+09:00,498254.0625,532599.35625,569759.21875,24.24241745218427,-3568.6807669259433,0.018561130922944553,0.016887554163577095,-1,1,-1,-0.19999999999999996,False,MeanReversion,Trend,False
2019-04-02 00:00:00+09:00,530963.875,530089.06875,569125.3083333333,41.08911313939867,-384.51378570545785,0.02399810608451455,0.018487637778164624,-1,1,-1,-0.19999999999999996,False,MeanReversion,MeanReversion,False
2019-04-03 00:00:00+09:00,534006.625,528035.196875,568478.71875,47.28260578348545,1986.7756664837543,0.024058770314764288,0.018481249023619112,-1,-1,1,-0.5,True,Defensive,MeanReversion,False
2019-04-04 00:00:00+09:00,525639.0,525791.15,567578.5645833333,52.72726548434827,2991.5505806664623,0.02419499259661722,0.0184953712168854,-1,-1,1,-0.5,True,Defensive,Defensive,False
2019-04-05 00:00:00+09:00,523356.9375,523547.10625,566462.88125,52.72727861215031,3468.696727763727,0.024195047997695358,0.018313698034870513,-1,-1,1,-0.5,True,Defensive,Defensive,False
2019-04-08 00:00:00+09:00,525639.0,521873.58125,565435.9447916667,46.938768095893636,3873.4885294263113,0.02409106142929084,0.018327068369142965,-1,-1,1,-0.5,True,Defensive,Defensive,False
2019-04-09 00:00:00+09:00,542374.25,520846.64375,564662.5729166666,53.01205206889724,5125.250371061105,0.025220077596418807,0.01881446798294677,-1,-1,1,-0.5,True,Defensive,Defensive,False
2019-04-10 00:00:00+09:00,553023.9375,520580.4,564041.3395833333,58.62067581497321,6442.209336943612,0.025609731404188978,0.018999520191859198,-1,-1,1,-0.5,True,Defensive,Defensive,False
2019-04-11 00:00:00+09:00,555306.0625,521265.025,563267.96875,66.87898805826273,7182.314043261233,0.024629506617125953,0.0188265502555754,-1,-1,1,-0.5,True,Defensive,Defensive,False
2019-04-12 00:00:00+09:00,556066.75,523128.7234375,562317.1020833333,69.28105364878141,7408.595630105497,0.02231924435753725,0.018644406073738167,-1,1,1,0.30000000000000004,False,Trend,Defensive,False
2019-04-15 00:00:00+09:00,559109.5,525258.6640625,561391.5916666667,70.06369643414577,7429.710994767048,0.02224487015851287,0.01865948455928718,-1,1,-1,-0.19999999999999996,False,MeanReversion,Defensive,False
2019-04-16 00:00:00+09:00,557588.125,526513.8078125,560567.5072916667,80.88236493497274,7012.919634682704,0.02138547634365834,0.01860557189850308,-1,1,-1,-0.19999999999999996,False,MeanReversion,MeanReversion,False
2019-04-17 00:00:00+09:00,561391.5625,527845.0203125,560136.446875,87.1212340480492,6667.338946603235,0.021405145690590946,0.018160949576377067,-1,1,-1,-0.19999999999999996,False,MeanReversion,MeanReversion,False
2019-04-18 00:00:00+09:00,547699.125,528719.8171875,559122.1895833333,77.18124247135566,5252.765555801426,0.022132389182882652,0.017778587700641394,-1,1,-1,-0.19999999999999996,False,MeanReversion,MeanReversion,False
2019-04-19 00:00:00+09:00,563673.6875,531154.0359375,558450.24375,77.92211256619643,5123.6290406325625,0.02168025668522219,0.01819104880388326,-1,1,-1,-0.19999999999999996,False,MeanReversion,MeanReversion,False
2019-04-22 00:00:00+09:00,572041.3125,534196.809375,557740.2635416667,72.13118176595812,5309.814238528947,0.02160437441964624,0.018146830518926356,-1,1,-1,-0.19999999999999996,False,MeanReversion,MeanReversion,False
2019-04-23 00:00:00+09:00,563673.6875,536821.2015625,557017.6052083333,65.11631017490313,4603.770142528501,0.022052877621554248,0.01817319734042024,-1,1,1,0.30000000000000004,False,Trend,MeanReversion,False
2019-04-24 00:00:00+09:00,550741.875,539673.8,556016.0260416666,62.222231689444804,3073.737301784693,0.02108356663447963,0.0183645179232281,-1,1,1,0.30000000000000004,False,Trend,MeanReversion,False
2019-04-25 00:00:00+09:00,514989.3125,541081.0828125,554380.5354166667,46.92737250668312,-355.9214917091581,0.026353808966845232,0.020194409310191324,-1,-1,-1,-1.0,True,Defensive,MeanReversion,False
2019-04-26 00:00:00+09:00,525639.0,543058.884375,552947.896875,50.0,-1834.3462413606921,0.026620488528241636,0.020418704350249638,-1,-1,-1,-1.0,True,Defensive,MeanReversion,False
2019-04-29 00:00:00+09:00,528681.8125,544580.271875,551819.5354166667,44.76745546895115,-2493.545970978159,0.026173927839021116,0.020226513210211242,-1,1,-1,-0.19999999999999996,False,MeanReversion,MeanReversion,False
2019-04-30 00:00:00+09:00,517271.375,543895.646875,550602.4260416667,36.41619320677869,-3521.4043438741483,0.022467681174757344,0.020361065315643027,-1,1,-1,-0.19999999999999996,False,MeanReversion,MeanReversion,False
2019-05-02 00:00:00+09:00,512707.21875,542830.6765625,549030.3265625,34.090895828718544,-4281.509109889494,0.02246438473393269,0.01998819196566582,-1,1,-1,-0.19999999999999996,False,MeanReversion,MeanReversion,True
2019-05-03 00:00:00+09:00,508143.0625,541955.8796875,547648.4005208333,32.596675301990444,-4824.186729191512,0.02229513190610199,0.01975933721250202,-1,1,-1,-0.19999999999999996,False,MeanReversion,MeanReversion,True
2019-05-07 00:00:00+09:00,491407.8125,540358.4234375,546241.1182291667,27.638191992145494,-5967.872639503703,0.023402495476379064,0.019931522623105553,-1,1,-1,-0.19999999999999996,False,MeanReversion,MeanReversion,True
2019-05-08 00:00:00+09:00,453373.15625,536745.13125,544199.925,22.267206141053364,-8773.981356542157,0.029002112657003358,0.022320638159019964,-1,1,-1,-0.19999999999999996,False,MeanReversion,MeanReversion,True
2019-05-09 00:00:00+09:00,455655.21875,532409.1796875,542196.7661458333,21.632657509807018,-9882.047144808672,0.02772071435550208,0.022345231126975732,-1,1,-1,-0.19999999999999996,False,MeanReversion,MeanReversion,True
2019-05-10 00:00:00+09:00,453373.15625,527426.640625,540193.6072916667,23.04347989168207,-10136.474492762363,0.026941699741255123,0.022345697397873603,-1,1,-1,-0.19999999999999996,False,MeanReversion,MeanReversion,True
2019-05-13 00:00:00+09:00,433595.125,521341.09375,537797.4239583333,13.617021425372357,-10935.969078136568,0.027793501051050752,0.022907772550593886,-1,1,-1,-0.19999999999999996,False,MeanReversion,MeanReversion,True
2019-05-14 00:00:00+09:00,466304.9375,516853.003125,535883.0125,23.970037683687195,-8660.613568351617,0.033619821290107176,0.024963066815960132,-1,-1,-1,-1.0,True,Defensive,MeanReversion,True
2019-05-15 00:00:00+09:00,471629.78125,512479.0171875,534108.0619791667,26.99619415510321,-6305.184923496432,0.03377696793608706,0.025037184568253146,-1,-1,-1,-1.0,True,Defensive,Defensive,False
2019-05-16 00:00:00+09:00,455655.21875,507382.371875,532092.225,26.59175983861803,-5367.95100630814,0.03423326934081844,0.025355884120316568,-1,-1,-1,-1.0,True,Defensive,Defensive,False
2019-05-17 00:00:00+09:00,461740.78125,502399.8328125,530038.3536458333,34.649124624618395,-3948.6851328746416,0.034431268689859726,0.025342334497780575,-1,-1,-1,-1.0,True,Defensive,Defensive,False
2019-05-20 00:00:00+09:00,446526.90625,497341.221875,527642.1697916667,27.77778655575517,-3651.9717198141843,0.034687672649879146,0.02556691533816579,-1,-1,-1,-1.0,True,Defensive,Defensive,False
2019-05-21 00:00:00+09:00,447287.59375,491521.9171875,525436.1588541666,26.839817216472568,-3046.6238073421264,0.03359892750822228,0.025517168599183227,-1,-1,-1,-1.0,True,Defensive,Defensive,False
2019-05-22 00:00:00+09:00,462501.46875,486044.925,523597.81666666665,34.7457637444939,-1350.2505748503718,0.03461499053486143,0.02595676209046953,-1,-1,-1,-1.0,True,Defensive,Defensive,False
2019-05-23 00:00:00+09:00,454894.53125,480605.9671875,521797.50885416666,34.16666609609793,-512.2639423973487,0.03462899996886027,0.025949468354291762,-1,-1,-1,-1.0,True,Defensive,Defensive,False
2019-05-24 00:00:00+09:00,448809.0,475509.3234375,519921.1328125,33.884299063897515,-157.9658993795747,0.034512408669235745,0.02598070561740455,-1,-1,-1,-1.0,True,Defensive,Defensive,False
2019-05-27 00:00:00+09:00,442723.4375,471896.0296875,517867.2609375,35.96491038407443,-125.04934054347541,0.031841446631785994,0.025964608242751035,-1,1,-1,-0.19999999999999996,False,MeanReversion,Defensive,False
2019-05-28 00:00:00+09:00,447287.59375,467978.459375,515788.03229166666,47.8260811321909,384.6311734774936,0.03144777730904343,0.02596043355907711,-1,1,1,0.30000000000000004,False,Trend,Defensive,False
2019-05-29 00:00:00+09:00,440441.375,463566.4375,513582.021875,44.73684950210972,437.35967537284887,0.03131359484944904,0.025991129214466138,-1,1,-1,-0.19999999999999996,False,MeanReversion,Defensive,False
2019-05-30 00:00:00+09:00,431313.0625,459268.521875,511084.4125,42.71357188494446,54.2806705935036,0.03129552061680011,0.02595748814406613,-1,1,-1,-0.19999999999999996,False,MeanReversion,Defensive,False
2019-05-31 00:00:00+09:00,456415.9375,456453.9578125,509106.61041666666,57.28155804478621,1602.5582973898017,0.03456915471084632,0.027132757922724397,-1,1,1,0.30000000000000004,False,Trend,Defensive,False
2019-06-03 00:00:00+09:00,457176.625,453905.6359375,507217.55520833336,46.34146585847412,2723.095479672291,0.03460001079656236,0.02713648963196006,-1,1,1,0.30000000000000004,False,Trend,Trend,False
2019-06-04 00:00:00+09:00,478476.03125,453259.046875,505721.5255208333,52.43243627345612,4821.319390357181,0.035704276818761656,0.027870555028835793,-1,1,1,0.30000000000000004,False,Trend,Trend,False
2019-06-05 00:00:00+09:00,474672.5625,454324.0171875,504314.24322916666,57.39645473839579,5809.350437166355,0.03054354700427323,0.027824108368313588,-1,1,1,0.30000000000000004,False,Trend,Trend,False
2019-06-07 00:00:00+09:00,464783.5625,454780.434375,502678.7526041667,51.149428679561204,5648.134812569069,0.03097452724738588,0.02789482462657222,-1,1,1,0.30000000000000004,False,Trend,Trend,False
2019-06-10 00:00:00+09:00,464783.5625,455350.9546875,501119.33177083335,57.79221835865548,5393.264464134536,0.03094356189780996,0.027890145209876576,-1,1,1,0.30000000000000004,False,Trend,Trend,False
2019-06-11 00:00:00+09:00,467065.625,457024.4796875,499876.86614583334,58.33333991682158,5226.397430787338,0.029002225375958555,0.027674524404072816,-1,1,1,0.30000000000000004,False,Trend,Trend,False
2019-06-12 00:00:00+09:00,468587.03125,457138.584375,499040.1036458333,52.89855978471193,5062.981294272615,0.024037086930806906,0.027164632846803413,-1,1,1,0.30000000000000004,False,Trend,Trend,False
2019-06-13 00:00:00+09:00,481518.8125,457633.0359375,498456.90572916664,62.06897919461471,5626.938574224037,0.024676541217810846,0.027416883200196845,-1,1,1,0.30000000000000004,False,Trend,Trend,False
2019-06-14 00:00:00+09:00,476193.9375,458659.971875,497518.7171875,62.49999286788993,5439.313765320854,0.023430020631663082,0.027127850165201823,-1,1,1,0.30000000000000004,False,Trend,Trend,False
2019-06-17 00:00:00+09:00,470108.40625,459078.353125,496441.06875,62.50001069816816,4729.506865031773,0.023509039320127198,0.02715233543035587,-1,1,1,0.30000000000000004,False,Trend,Trend,False
2019-06-18 00:00:00+09:00,477715.34375,460637.775,495566.2713541667,63.513527017116886,4592.657461518786,0.02227126404121671,0.027239541571027096,-1,1,1,0.30000000000000004,False,Trend,Trend,False
2019-06-19 00:00:00+09:00,479236.71875,462235.23125,494970.39479166665,68.08510576307592,4423.266611698561,0.02226787045767815,0.027007492705600288,-1,1,1,0.30000000000000004,False,Trend,Trend,False
2019-06-20 00:00:00+09:00,482279.5,463224.1328125,494488.6223958333,75.18796853137133,4329.370235267943,0.021142280287008104,0.02701217333048297,-1,1,-1,-0.19999999999999996,False,MeanReversion,Trend,False
2019-06-21 00:00:00+09:00,482279.5,464593.38125,494006.85,66.99999753514271,4083.6638340048758,0.020691587840032808,0.02701217333048297,-1,1,1,0.30000000000000004,False,Trend,Trend,False
2019-06-24 00:00:00+09:00,489125.75,466609.21875,493930.78072916664,69.44444867087924,4183.290370784265,0.020459035987810983,0.02670957919492993,-1,1,1,0.30000000000000004,False,Trend,Trend,False
2019-06-25 00:00:00+09:00,476193.9375,468282.74375,493753.28541666665,48.45359951516035,3222.4180066974614,0.021261340809017735,0.026872868156721696,-1,1,1,0.30000000000000004,False,Trend,Trend,False
2019-06-26 00:00:00+09:00,476954.65625,469766.096875,493601.146875,51.612911775424344,2513.6968075772947,0.021207702030535364,0.02687358275337418,-1,1,1,0.30000000000000004,False,Trend,Trend,False
2019-06-27 00:00:00+09:00,479236.71875,471705.8640625,493284.19114583335,61.4457610684601,2091.530790538031,0.020749547657065697,0.026681136444141572,-1,1,1,0.30000000000000004,False,Trend,Trend,False
2019-06-28 00:00:00+09:00,486843.65625,474482.39375,492548.8541666667,65.59137742537519,2206.1567112164325,0.0200166674556948,0.02541386679738353,-1,1,1,0.30000000000000004,False,Trend,Trend,False
2019-07-01 00:00:00+09:00,488365.03125,476079.8484375,491788.1609375,65.2173738313709,2257.829879725072,0.01610277297365633,0.025403683683843437,-1,1,1,0.30000000000000004,False,Trend,Trend,False
2019-07-02 00:00:00+09:00,492929.1875,477867.4765625,491242.9973958333,66.66663813824673,2456.3738297674427,0.016150378795732542,0.025370749885795386,-1,1,1,0.30000000000000004,False,Trend,Trend,False
2019-07-03 00:00:00+09:00,483800.875,478133.71875,490583.7296875,51.64833825401555,1857.1455980229073,0.013589948919433057,0.025469538211258008,-1,1,1,0.30000000000000004,False,Trend,Trend,False
2019-07-04 00:00:00+09:00,476954.65625,478247.8234375,489772.32395833335,50.53765245781141,930.7068334937094,0.013866745285836262,0.02551265285639251,-1,1,1,0.30000000000000004,False,Trend,Trend,False
2019-07-05 00:00:00+09:00,477715.34375,478894.4125,488694.67552083335,55.813956821060955,331.07801365939895,0.012929432390016697,0.025147682461583946,-1,1,1,0.30000000000000004,False,Trend,Trend,False
2019-07-08 00:00:00+09:00,481518.8125,479731.175,487502.9234375,53.086421631501885,161.14946649433296,0.013006507748542397,0.02502398746196738,-1,1,1,0.30000000000000004,False,Trend,Trend,False
2019-07-09 00:00:00+09:00,461740.78125,479464.9328125,485943.5020833333,39.04762649994326,-1235.8268707508207,0.01623076698298695,0.025524998100140053,-1,1,-1,-0.19999999999999996,False,MeanReversion,Trend,False
2019-07-10 00:00:00+09:00,455655.21875,478818.3421875,484269.9765625,33.94494928766039,-2452.023116017979,0.016444765455753428,0.02555172930028342,-1,1,-1,-0.19999999999999996,False,MeanReversion,Trend,False
2019-07-11 00:00:00+09:00,458698.0,477677.3015625,482596.4515625,36.28318648415585,-2903.0166557555526,0.01515298323702207,0.025559174515587844,-1,1,-1,-0.19999999999999996,False,MeanReversion,Trend,False
2019-07-12 00:00:00+09:00,458698.0,476802.5046875,480948.2828125,30.7692246921695,-3038.3207662273453,0.015020682948640212,0.025562632901201365,-1,1,-1,-0.19999999999999996,False,MeanReversion,Trend,False
2019-07-15 00:00:00+09:00,451091.0625,475851.6375,479109.94114583335,32.9896933413293,-3447.1960257471746,0.01519318360274887,0.02558621086865563,-1,1,-1,-0.19999999999999996,False,MeanReversion,Trend,False
2019-07-16 00:00:00+09:00,449569.6875,474444.3546875,477474.4505208333,31.63263723452998,-3609.8832259929345,0.014582737050191898,0.025436572057811333,-1,1,-1,-0.19999999999999996,False,MeanReversion,Trend,False
2019-07-17 00:00:00+09:00,436637.90625,472314.4140625,475357.1875,25.000000000000014,-4329.694004285453,0.015615944205889347,0.02529896884510105,-1,1,-1,-0.19999999999999996,False,MeanReversion,Trend,False
2019-07-18 00:00:00+09:00,435116.53125,469956.265625,473075.1078125,17.30768774989275,-4622.911659062989,0.015405381068362615,0.025176189287566663,-1,1,-1,-0.19999999999999996,False,MeanReversion,Trend,False
2019-07-19 00:00:00+09:00,437398.59375,467712.2203125,470970.52291666664,18.095228034592523,-4380.115008004548,0.01554114595931563,0.02517136613216034,-1,1,-1,-0.19999999999999996,False,MeanReversion,Trend,False
2019-07-22 00:00:00+09:00,441202.0625,465316.0359375,469144.859375,17.30768774989275,-3707.0070153197385,0.01523620064085878,0.025100154114879057,-1,1,-1,-0.19999999999999996,False,MeanReversion,Trend,False
2019-07-23 00:00:00+09:00,439680.6875,463490.3734375,467889.715625,19.148933380649282,-3130.843712935055,0.01436025873832157,0.023678976437606577,-1,1,-1,-0.19999999999999996,False,MeanReversion,Trend,False
2019-07-24 00:00:00+09:00,427509.59375,461018.1203125,466254.22552083334,17.82177372120266,-3318.1512414892704,0.015257304009465273,0.023705447317802712,-1,1,-1,-0.19999999999999996,False,MeanReversion,Trend,False
2019-07-25 00:00:00+09:00,411535.03125,457633.0359375,464301.7791666667,14.049583690386797,-4209.334277986449,0.01668525201784206,0.024089448359366973,-1,1,-1,-0.19999999999999996,False,MeanReversion,Trend,False
2019-07-26 00:00:00+09:00,419141.96875,454247.9515625,462666.2890625,17.460316942794776,-3980.4653955477424,0.016883146010023258,0.02414835604766625,-1,1,-1,-0.19999999999999996,False,MeanReversion,Trend,False
2019-07-29 00:00:00+09:00,415338.5,450596.625,461043.47708333336,20.952381697613674,-3780.6805386206142,0.016699253771767703,0.02414932995598359,-1,1,-1,-0.19999999999999996,False,MeanReversion,Trend,False
2019-07-30 00:00:00+09:00,420663.34375,446983.3328125,459585.4817708333,27.884614624982135,-3018.4335237136947,0.01690415153188966,0.024228753062940436,-1,1,-1,-0.19999999999999996,False,MeanReversion,Trend,False
2019-07-31 00:00:00+09:00,425988.1875,444092.6984375,458495.1546875,29.906527344571856,-1936.7247523958067,0.01729760944390231,0.023979651612326645,-1,1,-1,-0.19999999999999996,False,MeanReversion,Trend,False
2019-08-01 00:00:00+09:00,422945.4375,441392.2375,457988.0260416667,28.828821826956528,-1241.0745998241346,0.017199822068785918,0.021686433376316,-1,1,-1,-0.19999999999999996,False,MeanReversion,MeanReversion,False
2019-08-02 00:00:00+09:00,423706.125,438691.7765625,457455.5411458333,32.35293406903217,-578.3104850064374,0.017204611440679293,0.021674855639527837,-1,1,-1,-0.19999999999999996,False,MeanReversion,MeanReversion,False
2019-08-05 00:00:00+09:00,393278.40625,434279.75625,456453.96197916666,23.57141620521476,-1959.955030104711,0.02269421263979921,0.023649133083215475,-1,1,-1,-0.19999999999999996,False,MeanReversion,MeanReversion,True
2019-08-06 00:00:00+09:00,384910.75,430438.2546875,455642.55572916666,24.626845309611014,-3138.278439954094,0.021620804759635837,0.023132328907064233,-1,1,-1,-0.19999999999999996,False,MeanReversion,MeanReversion,True
2019-08-07 00:00:00+09:00,379585.90625,426634.7890625,454197.23854166665,23.74098656977469,-3926.0564844245528,0.021628041873488338,0.020994990331191347,-1,1,-1,-0.19999999999999996,False,MeanReversion,MeanReversion,True
2019-08-08 00:00:00+09:00,379585.90625,422679.184375,452663.1739583333,22.058814645120904,-4078.9842679573558,0.021422554653893693,0.020910477911318552,-1,1,-1,-0.19999999999999996,False,MeanReversion,MeanReversion,True
2019-08-09 00:00:00+09:00,410013.65625,420244.9671875,451902.48125,38.01170110459715,-1874.858729445532,0.028862601541912596,0.022979777923468444,-1,1,-1,-0.19999999999999996,False,MeanReversion,MeanReversion,False
2019-08-12 00:00:00+09:00,439680.6875,419674.4484375,451534.81302083336,50.0,1646.8041535812117,0.03326537047242132,0.024703676028506504,-1,-1,1,-0.5,True,Defensive,MeanReversion,False
2019-08-13 00:00:00+09:00,434355.8125,418913.7546875,451331.96145833336,52.261299582274916,3572.8074224277916,0.033352760925781065,0.0243767006973713,-1,-1,1,-0.5,True,Defensive,Defensive,False
2019-08-14 00:00:00+09:00,441202.0625,419141.9625,451230.5359375,60.427804197242125,5166.307496959842,0.03291320136184705,0.02446390230552596,-1,-1,1,-0.5,True,Defensive,Defensive,False
2019-08-16 00:00:00+09:00,437398.59375,419256.065625,450812.1546875,56.59340113645238,5776.451873149657,0.032966582396187764,0.024082446417424724,-1,-1,1,-0.5,True,Defensive,Defensive,False
2019-08-19 00:00:00+09:00,431313.0625,418951.7890625,450419.1302083333,55.67567723609154,5579.461572257656,0.03309444624772248,0.024056371667378416,-1,-1,1,-0.5,True,Defensive,Defensive,False
2019-08-20 00:00:00+09:00,431313.0625,418457.3390625,450127.53125,53.932588937362866,5262.54911558393,0.03302213312603065,0.023999757950242322,-1,-1,1,-0.5,True,Defensive,Defensive,False
2019-08-21 00:00:00+09:00,431313.0625,418038.9578125,449937.35833333334,52.046791914693856,4875.090435657596,0.033018389117393986,0.023939161125488096,-1,-1,1,-0.5,True,Defensive,Defensive,False
2019-08-22 00:00:00+09:00,428270.28125,418076.9921875,449620.403125,52.046779411005126,4258.431465835453,0.03243978381247169,0.023912535240602033,-1,-1,1,-0.5,True,Defensive,Defensive,False
2019-08-23 00:00:00+09:00,431313.0625,419065.89375,449468.26458333334,52.8735637611432,3909.1010318964,0.0311906535719991,0.023854470918506405,-1,-1,1,-0.5,True,Defensive,Defensive,False
2019-08-26 00:00:00+09:00,413056.40625,418761.615625,449163.9869791667,58.22783164520232,2377.449449960961,0.032540549201260136,0.024349570853768834,-1,-1,1,-0.5,True,Defensive,Defensive,False
2019-08-27 00:00:00+09:00,419902.65625,418989.8234375,448555.4322916667,64.7435878867104,1781.6237283912988,0.03269533739332049,0.02327671563466247,-1,-1,1,-0.5,True,Defensive,Defensive,False
2019-08-28 00:00:00+09:00,435877.21875,419750.5171875,448200.4421875,71.76469621625384,2382.076592504506,0.033627524829418755,0.023805636739517667,-1,-1,-1,-1.0,True,Defensive,Defensive,False
2019-08-29 00:00:00+09:00,414577.8125,419179.9984375,447135.471875,61.61616098743609,1316.690125781619,0.035439664372053224,0.023852551409212244,-1,-1,1,-0.5,True,Defensive,Defensive,False
2019-08-30 00:00:00+09:00,409252.9375,418495.3734375,446045.14479166665,49.6969597379585,279.49342003626407,0.035512681719659905,0.023880736828984988,-1,-1,1,-0.5,True,Defensive,Defensive,False
2019-09-02 00:00:00+09:00,406210.1875,417620.5765625,445068.921875,33.076935717206524,-540.6600604533778,0.03552579711804158,0.023765675855709274,-1,-1,-1,-1.0,True,Defensive,Defensive,False
2019-09-03 00:00:00+09:00,413817.09375,418647.5109375,444219.48072916665,39.8496252213506,-500.9127955138474,0.031396907947019964,0.023915610207250998,-1,-1,-1,-1.0,True,Defensive,Defensive,False
2019-09-04 00:00:00+09:00,422945.4375,420549.2453125,443484.14427083335,41.176479472520775,173.9562487872954,0.031143721088604172,0.02409664573081457,-1,1,-1,-0.19999999999999996,False,MeanReversion,Defensive,False
2019-09-05 00:00:00+09:00,425227.5,422831.325,442761.48541666666,44.02985051748193,774.2194128758783,0.030833139991764406,0.024105558423438835,-1,1,-1,-0.19999999999999996,False,MeanReversion,MeanReversion,False
2019-09-06 00:00:00+09:00,422184.71875,424961.265625,441772.5838541667,45.3846044459051,954.6705786844659,0.030944348453621175,0.023815310719944596,-1,1,1,0.30000000000000004,False,Trend,MeanReversion,False
2019-09-09 00:00:00+09:00,425988.1875,425759.9921875,440935.82135416666,47.40739748937678,1297.2679623408108,0.02597636576992975,0.023828868842957963,-1,1,1,0.30000000000000004,False,Trend,Trend,False
2019-09-10 00:00:00+09:00,431313.0625,425341.6109375,440289.2322916667,50.0,1817.6717895793436,0.020710260613573752,0.023854510534600592,-1,1,1,0.30000000000000004,False,Trend,Trend,False
2019-09-11 00:00:00+09:00,445766.21875,425912.13125,439756.746875,57.32483559775641,3000.643564781468,0.021851348735058614,0.024162492208216934,-1,1,1,0.30000000000000004,False,Trend,Trend,False
2019-09-16 00:00:00+09:00,446526.90625,426178.3734375,439211.5833333333,56.49349627350517,3656.226317295481,0.02159057108227388,0.02415875954957241,-1,1,1,0.30000000000000004,False,Trend,Trend,False
2019-09-17 00:00:00+09:00,479236.71875,428270.2796875,439160.8703125,75.14450757242952,5977.470355588777,0.026526730997718784,0.025866492024504906,-1,1,-1,-0.19999999999999996,False,MeanReversion,Trend,False
2019-09-18 00:00:00+09:00,480758.125,430742.5328125,439135.5140625,74.09638628757699,7217.04008129617,0.026169214873445777,0.02586994751906518,-1,1,-1,-0.19999999999999996,False,MeanReversion,MeanReversion,False
2019-09-19 00:00:00+09:00,500536.125,434203.6859375,439325.68697916664,74.8537962524081,8862.30107826581,0.027259238575390855,0.02633034844669769,-1,1,-1,-0.19999999999999996,False,MeanReversion,MeanReversion,False
2019-09-20 00:00:00+09:00,514989.3125,438387.4984375,439972.2765625,90.74073510549435,10315.578133556979,0.027591344931249873,0.026330033242268163,-1,1,-1,-0.19999999999999996,False,MeanReversion,MeanReversion,False
2019-09-23 00:00:00+09:00,482279.5,441087.959375,440061.02395833336,74.24242990095756,8538.996421060421,0.03210771388065926,0.027711250844377536,1,1,-1,0.5,False,Trend,MeanReversion,False
2019-09-24 00:00:00+09:00,484561.5625,443750.384375,440149.7713541667,76.14212340550651,7044.770769702885,0.03210763387395886,0.027711104127937813,1,1,-1,0.5,False,Trend,Trend,False
2019-09-25 00:00:00+09:00,483800.875,447287.6078125,440099.05833333335,74.46808371160216,5595.612550880414,0.030041167868447908,0.02763633363122273,1,1,-1,0.5,False,Trend,Trend,False
2019-09-26 00:00:00+09:00,483040.1875,450444.484375,440010.3109375,72.31638090260194,4237.915461241362,0.03004184805981331,0.02763369417981944,1,1,-1,0.5,False,Trend,Trend,False
2019-09-27 00:00:00+09:00,473911.875,452346.2171875,439693.35572916665,67.20430440012316,2465.0558146241856,0.029690284222731022,0.02771137549523407,1,1,1,1.0,False,Trend,Trend,False
2019-09-30 00:00:00+09:00,467826.3125,455008.6421875,439427.11302083335,65.78947311522234,713.4793882658723,0.02716970737232356,0.02765769922611854,1,1,1,1.0,False,Trend,Trend,False
2019-10-01 00:00:00+09:00,491407.8125,459116.3859375,439667.99895833334,69.90740811181321,958.7198598885916,0.02840835411188356,0.028329529196397987,1,1,1,1.0,False,Trend,Trend,False
2019-10-02 00:00:00+09:00,483800.875,462995.9203125,439769.4244791667,65.7534190043103,450.11223176782005,0.02871541527803174,0.028405121301756327,1,1,1,1.0,False,Trend,Trend,False
2019-10-04 00:00:00+09:00,487604.34375,466685.2828125,439870.85,63.414632191269675,222.828844753858,0.0286225026253351,0.028404666528569242,1,1,1,1.0,False,Trend,Trend,False
2019-10-07 00:00:00+09:00,495971.96875,470336.609375,440441.3697916667,65.1162781810504,474.55452978755784,0.02852221301353247,0.02793772701922831,1,1,1,1.0,False,Trend,Trend,False
2019-10-08 00:00:00+09:00,500536.125,474102.040625,441189.3848958333,57.8651663351342,769.5078490720516,0.02851672037539109,0.02789098762454376,1,1,1,1.0,False,Trend,Trend,False
2019-10-10 00:00:00+09:00,495971.96875,477791.403125,441810.61770833336,55.494498425267764,491.79202927132246,0.028576099806215855,0.02791679436657458,1,1,1,1.0,False,Trend,Trend,False
2019-10-11 00:00:00+09:00,494450.59375,481214.5234375,442406.4942708333,47.46836051912799,62.758907083618396,0.02868245192861026,0.02792203999037834,1,1,1,1.0,False,Trend,Trend,False
2019-10-14 00:00:00+09:00,501296.8125,484713.7109375,443243.25677083334,43.91890729081602,95.23090112797763,0.028696105288659547,0.02786666234738535,1,1,-1,0.5,False,Trend,Trend,False
2019-10-15 00:00:00+09:00,495971.96875,487223.9984375,444016.628125,58.035713303229294,-361.68269981420235,0.028316325840750427,0.02790538514877843,1,1,-1,0.5,False,Trend,Trend,False
2019-10-16 00:00:00+09:00,515750.0,490685.153125,445335.16302083334,65.18519600486155,501.449640896406,0.02928223221225755,0.028019292376293796,1,1,1,1.0,False,Trend,Trend,False
2019-10-17 00:00:00+09:00,524878.3125,492967.2328125,446831.1927083333,68.49315608119173,1465.9313046322204,0.025367117844120463,0.028071112580422865,1,1,1,1.0,False,Trend,Trend,False
2019-10-18 00:00:00+09:00,523356.9375,495097.1734375,448263.83177083335,68.02721962943298,1760.3977074253362,0.0254207744701357,0.02808041246712226,1,1,1,1.0,False,Trend,Trend,False
2019-10-21 00:00:00+09:00,516510.6875,495895.9015625,449518.97552083334,69.4444428595311,1275.6417245069406,0.024210912023882415,0.02814703640581943,1,1,1,1.0,False,Trend,Trend,False
2019-10-22 00:00:00+09:00,523356.9375,496314.2828125,450913.5796875,75.17242668890893,1198.8118722140498,0.02354906610393663,0.028167964705727674,1,1,-1,0.5,False,Trend,Trend,False
2019-10-23 00:00:00+09:00,566716.4375,500536.1296875,453233.69375,78.94737600756466,3709.1477422061143,0.02436269632267829,0.029556482970075494,1,1,-1,0.5,False,Trend,Trend,False
2019-10-24 00:00:00+09:00,575084.0625,505062.2546875,455959.5109375,84.88373370554598,5467.919397671427,0.02439216733728248,0.029042400303342913,1,1,-1,0.5,False,Trend,Trend,False
2019-10-25 00:00:00+09:00,583451.6875,510044.7953125,458698.00625,85.39327061485511,6650.964952924158,0.024304685309534172,0.029017916448490604,1,1,-1,0.5,False,Trend,Trend,False
2019-10-28 00:00:00+09:00,605511.8125,516168.3765625,461867.56145833334,86.73470735162596,8269.803806679032,0.024919997803092682,0.029235825234635898,1,1,-1,0.5,False,Trend,Trend,False
2019-10-29 00:00:00+09:00,609315.25,522938.5453125,465011.7598958333,86.66667790248601,8892.979548513747,0.023918294752202775,0.02922353834174689,1,1,-1,0.5,False,Trend,Trend,False
2019-10-30 00:00:00+09:00,603990.4375,529746.7515625,467978.4640625,86.22452219787407,8256.612549861406,0.023702699156624343,0.0292742334025804,1,1,-1,0.5,False,Trend,Trend,False
2019-10-31 00:00:00+09:00,606272.5,535489.9859375,471033.91510416666,87.30966943994535,7330.782473796215,0.02215641020612649,0.029226000361633277,1,1,-1,0.5,False,Trend,Trend,False
2019-11-01 00:00:00+09:00,602469.0,541423.3921875,474013.29635416664,84.45596461503095,5866.981373200513,0.021671710273212724,0.029264364763571464,1,1,-1,0.5,False,Trend,Trend,False
2019-11-04 00:00:00+09:00,610075.9375,547546.971875,477626.5885416667,88.26530836812813,4857.540756239156,0.021661433761036956,0.027303590344811272,1,1,-1,0.5,False,Trend,Trend,False
2019-11-05 00:00:00+09:00,607793.875,553138.0671875,481341.3072916667,84.97111034489964,3543.636837701455,0.021864851141917097,0.027081183001136943,1,1,-1,0.5,False,Trend,Trend,False
2019-11-06 00:00:00+09:00,607793.875,558500.9546875,485144.7734375,83.85094498978079,2245.3374669816512,0.021982648573010376,0.02695275721019347,1,1,-1,0.5,False,Trend,Trend,False
2019-11-07 00:00:00+09:00,615400.8125,564472.396875,489075.021875,85.79882289682504,1505.2171246596918,0.021532865618436255,0.02693921798011065,1,1,-1,0.5,False,Trend,Trend,False
2019-11-08 00:00:00+09:00,593340.6875,569416.9015625,492130.47239583335,76.71957487949587,-742.9624004359284,0.02383964158059248,0.02597883476606166,1,1,-1,0.5,False,Trend,Trend,False
2019-11-11 00:00:00+09:00,607793.875,574741.7546875,494932.35885416664,77.88944640628361,-1486.6232560957724,0.024055821922234318,0.02471783202465081,1,1,-1,0.5,False,Trend,Trend,False
2019-11-12 00:00:00+09:00,605511.8125,580218.746875,497784.9588541667,67.58621901079324,-2312.9132695194094,0.023796765940426835,0.024640085367306747,1,1,-1,0.5,False,Trend,Trend,False
2019-11-13 00:00:00+09:00,592580.0,584060.246875,500307.9244791667,57.615890436301406,-3822.048718400263,0.023756890458127573,0.02484921018968794,1,1,-1,0.5,False,Trend,Trend,False
2019-11-14 00:00:00+09:00,601708.3125,587901.746875,503046.4197916667,57.89473115222329,-4263.530220176901,0.02370918814047354,0.024819769907358617,1,1,-1,0.5,False,Trend,Trend,False
2019-11-15 00:00:00+09:00,605511.8125,592009.490625,505949.7322916667,50.0,-4342.783368187673,0.02359939592690971,0.024689884178597347,1,1,-1,0.5,False,Trend,Trend,False
2019-11-18 00:00:00+09:00,611597.3125,596763.821875,508954.46979166666,51.145029550060116,-4035.3142300266372,0.02310577784420781,0.02468482203908186,1,1,-1,0.5,False,Trend,Trend,False
2019-11-19 00:00:00+09:00,607033.1875,600947.634375,511883.1385416667,51.538449870500216,-4172.009985883407,0.023344248758745956,0.024733652639425528,1,1,-1,0.5,False,Trend,Trend,False
2019-11-20 00:00:00+09:00,607793.875,603001.50625,514875.1984375,50.78124398228384,-4230.607926319848,0.016018694574978655,0.024684049084555626,1,1,-1,0.5,False,Trend,Trend,False
2019-11-21 00:00:00+09:00,594862.0625,603990.40625,517601.01510416664,46.42856933260483,-5101.364818786016,0.016718615033480485,0.02493421588774563,1,1,-1,0.5,False,Trend,Trend,False
2019-11-22 00:00:00+09:00,585733.75,604104.509375,520478.9708333333,38.732392328855894,-6181.163166437749,0.016854807964653714,0.024265178595034364,1,1,-1,0.5,False,Trend,Trend,False
2019-11-25 00:00:00+09:00,594862.0625,603572.021875,523394.9609375,44.37084939616451,-6156.196556855633,0.014946281369162054,0.024258276392730174,1,1,-1,0.5,False,Trend,Trend,False
2019-11-26 00:00:00+09:00,591819.3125,602697.225,525993.9958333333,43.22580371573252,-6202.791023567923,0.014876380172819826,0.02394009202996192,1,1,-1,0.5,False,Trend,Trend,False
2019-11-27 00:00:00+09:00,603990.4375,602697.225,529150.8729166667,45.341625049884,-5306.744652042184,0.015533718531483089,0.022891762855659293,1,1,-1,0.5,False,Trend,Trend,False
2019-11-28 00:00:00+09:00,607033.1875,602735.259375,532447.2104166667,56.617659496830726,-4437.297918983844,0.015552259860304844,0.022753476000629113,1,1,-1,0.5,False,Trend,Trend,False
2019-11-29 00:00:00+09:00,598665.5625,602545.0875,535654.8,45.31250100295333,-4348.171134688793,0.015805918378694852,0.022835500484787455,1,1,-1,0.5,False,Trend,Trend,False
2019-12-02 00:00:00+09:00,593340.6875,601708.325,538646.8598958333,43.93937696379398,-4548.714392135027,0.01561447820803718,0.022864561586837046,1,1,-1,0.5,False,Trend,Trend,False
2019-12-03 00:00:00+09:00,599426.25,601289.94375,541588.2067708333,53.65854310227355,-4181.749506368667,0.015814020222333868,0.022777411701091096,1,1,-1,0.5,False,Trend,Trend,False
2019-12-04 00:00:00+09:00,595622.8125,600681.390625,544428.1286458333,46.55174856181198,-4099.8802410758235,0.015863312583967122,0.022831596013738856,1,1,-1,0.5,False,Trend,Trend,False
2019-12-05 00:00:00+09:00,602469.0,600034.8,547432.8666666667,48.333309369413406,-3512.0164652209296,0.01581981784920718,0.022781144334052438,1,1,-1,0.5,False,Trend,Trend,False
2019-12-06 00:00:00+09:00,600947.625,600415.146875,550348.8572916667,43.85965291606576,-3163.815618083703,0.013461991544983285,0.022803464221526213,1,1,-1,0.5,False,Trend,Trend,False
2019-12-09 00:00:00+09:00,590297.9375,599540.35,552998.6052083333,40.98359993319289,-3559.420717985655,0.012874336296717826,0.022987666473758595,1,1,-1,0.5,False,Trend,Trend,False
2019-12-10 00:00:00+09:00,593340.6875,598931.79375,555458.1796875,42.39998422490034,-3518.558689500247,0.012944306619579307,0.022697592275543257,1,1,-1,0.5,False,Trend,Trend,False
2019-12-11 00:00:00+09:00,591819.3125,598893.759375,557879.7197916667,48.181829046218375,-3489.5218636567115,0.012018890472982668,0.02271405433347822,1,1,-1,0.5,False,Trend,Trend,False
2019-12-12 00:00:00+09:00,593340.6875,598475.378125,559781.4526041667,55.00001232430673,-3267.2844813625425,0.011488665819468856,0.02099674740374073,1,1,-1,0.5,False,Trend,Trend,False
2019-12-13 00:00:00+09:00,602469.0,598323.2375,561809.9671875,55.00001232430673,-2442.699001717836,0.011942241315619658,0.021050956790024458,1,1,-1,0.5,False,Trend,Trend,False
2019-12-16 00:00:00+09:00,600947.625,597790.753125,563483.4921875,56.12245496807837,-1957.870308987509,0.011702357989832964,0.02050968107020443,1,1,-1,0.5,False,Trend,Trend,False
2019-12-17 00:00:00+09:00,600947.625,597486.475,564916.1307291667,47.560937730141575,-1609.8571285656217,0.01159900611878621,0.020239169816635025,1,1,-1,0.5,False,Trend,Trend,False
2019-12-18 00:00:00+09:00,600186.9375,597106.128125,566881.2546875,44.303775088038236,-1410.7167957925822,0.011592607905900677,0.0181626211196141,1,1,-1,0.5,False,Trend,Trend,False
2019-12-19 00:00:00+09:00,601708.3125,597448.440625,568833.7005208334,52.85712944291727,-1166.4751387151055,0.010509786684835038,0.018162622958726445,1,1,-1,0.5,False,Trend,Trend,False
2019-12-20 00:00:00+09:00,603229.6875,598323.2375,570824.1807291667,60.000025280678734,-904.1097637808771,0.009811713591293465,0.01815051698263212,1,1,-1,0.5,False,Trend,Trend,False
2019-12-23 00:00:00+09:00,642785.75,600719.421875,573486.6067708334,76.14683947337873,1785.2071292182145,0.016807079882667785,0.019709435850270986,1,1,-1,0.5,False,Trend,Trend,False
2019-12-24 00:00:00+09:00,634418.125,602849.3625,576161.7109375,72.17392919631942,2792.2651545239196,0.017123528225850993,0.019601735832468332,1,1,-1,0.5,False,Trend,Trend,False
2019-12-26 00:00:00+09:00,629093.3125,604104.50625,578849.4942708333,65.48678100035555,2879.9453146394562,0.016837260273326618,0.019541096264789972,1,1,1,1.0,False,Trend,Trend,False
2019-12-27 00:00:00+09:00,653435.5,606424.621875,581549.9557291666,74.1259227424411,4273.495555838643,0.018657611888687486,0.019160738557355065,1,1,-1,0.5,False,Trend,Trend,False
2019-12-30 00:00:00+09:00,658760.3125,609429.359375,584465.9463541667,83.08827705033511,5189.103053321747,0.018210769172487883,0.018977559335370094,1,1,-1,0.5,False,Trend,Trend,False
2020-01-02 00:00:00+09:00,651914.0625,612358.028125,587204.4416666667,77.30499346783039,4968.5918499104955,0.01827376926653773,0.019080133435880546,1,1,-1,0.5,False,Trend,Trend,False
2020-01-03 00:00:00+09:00,642025.0625,614487.96875,589638.6598958333,71.71054765286993,3842.0373942658716,0.018752801232650797,0.0191861784641683,1,1,-1,0.5,False,Trend,Trend,False
2020-01-06 00:00:00+09:00,626811.1875,616047.3875,591743.2442708333,62.94118556810647,1858.0705641971854,0.01963044094372816,0.019518143189284465,1,1,1,1.0,False,Trend,Trend,False
2020-01-07 00:00:00+09:00,637460.9375,617796.984375,594101.39375,63.37211662981322,1087.018294950607,0.019796110874346906,0.01951537588670951,1,1,1,1.0,False,Trend,Trend,False
2020-01-08 00:00:00+09:00,621486.375,618823.921875,596218.6567708333,57.068075664672705,-584.9617506518898,0.020757287945387504,0.019865275412281825,1,1,-1,0.5,False,Trend,Trend,False
2020-01-09 00:00:00+09:00,638982.3125,621258.140625,598513.4151041667,61.682253755164396,-596.6355528318836,0.021001183388656322,0.020065455368945335,1,1,-1,0.5,False,Trend,Trend,False
2020-01-10 00:00:00+09:00,664085.1875,624795.365625,601315.3020833334,67.07317887784194,919.76722605744,0.02238181785471897,0.0204554377583872,1,1,1,1.0,False,Trend,Trend,False
2020-01-13 00:00:00+09:00,670170.75,628712.9375,603888.98125,67.85715566582928,2098.7096713934734,0.022308939053877125,0.019965216106424627,1,1,1,1.0,False,Trend,Trend,False
2020-01-14 00:00:00+09:00,661803.125,632136.059375,606171.0614583333,64.75097232781023,2077.1843614218506,0.022692505450692502,0.020006691270061258,1,1,1,1.0,False,Trend,Trend,False
2020-01-15 00:00:00+09:00,661042.375,635064.728125,608465.81875,55.71428012504255,1785.0761797883515,0.022615872803243644,0.019997922887456485,1,1,1,1.0,False,Trend,Trend,False
2020-01-16 00:00:00+09:00,664085.1875,638221.60625,610925.39375,59.60591452010395,1577.350613062472,0.022553060113759456,0.019872166530334356,1,1,1,1.0,False,Trend,Trend,False
2020-01-17 00:00:00+09:00,664845.875,641416.51875,613283.5427083333,61.92891792032971,1284.1687649035575,0.022541164665448525,0.019840682056200088,1,1,1,1.0,False,Trend,Trend,False
2020-01-20 00:00:00+09:00,666367.25,644725.534375,614944.3895833333,55.089802388498526,998.4120708157279,0.022502715528145836,0.017179189907895933,1,-1,1,0.19999999999999996,True,Defensive,Trend,False
2020-01-21 00:00:00+09:00,666367.25,647958.48125,616465.7760416666,53.12499839527734,632.922976187092,0.022525801687073837,0.01711034793607718,1,-1,1,0.19999999999999996,True,Defensive,Trend,False
2020-01-22 00:00:00+09:00,687666.6875,652180.33125,618202.6927083334,63.12849187653882,1594.4564822457814,0.02326862577122875,0.017450145597161494,1,-1,1,0.19999999999999996,True,Defensive,Defensive,False
2020-01-23 00:00:00+09:00,734829.625,656782.525,620357.9895833334,76.75436241513998,4984.250929768539,0.023637719518826213,0.018782681083829897,1,1,-1,0.5,False,Trend,Defensive,False
2020-01-28 00:00:00+09:00,751564.875,662639.8625,622728.8166666667,85.65214890726536,7765.149618157084,0.02340864830530251,0.018943783478317263,1,1,-1,0.5,False,Trend,Trend,False
2020-01-29 00:00:00+09:00,747000.75,668535.234375,625112.321875,82.43242092936929,8641.65023654449,0.02332551729660056,0.018917440416158258,1,1,-1,0.5,False,Trend,Trend,False
2020-01-30 00:00:00+09:00,753086.25,673517.771875,627559.2177083333,91.38754551337037,8938.5015473315,0.022278504760511242,0.018926637050886645,1,1,-1,0.5,False,Trend,Trend,False
2020-01-31 00:00:00+09:00,737111.75,677435.34375,629803.2635416667,81.15943582141092,7428.288148635569,0.023169796552862616,0.019160596640710414,1,1,-1,0.5,False,Trend,Trend,False
2020-02-03 00:00:00+09:00,729504.8125,681314.88125,631793.7447916666,73.3695768660582,5381.677199884998,0.023167121194202358,0.019202801423715887,1,1,-1,0.5,False,Trend,Trend,False
2020-02-04 00:00:00+09:00,749282.8125,686677.76875,634151.89375,75.74257929136539,4841.526190408396,0.023077082878541443,0.019424080834133075,1,1,-1,0.5,False,Trend,Trend,False
2020-02-05 00:00:00+09:00,745479.375,692611.178125,636446.6520833333,78.06124587722991,3757.963626123408,0.02207585405254693,0.019450662426020403,1,1,-1,0.5,False,Trend,Trend,False
2020-02-06 00:00:00+09:00,789599.5625,700218.109375,639349.9645833333,83.3992523584224,5440.411996949857,0.024596016848821508,0.020639027597202403,1,1,-1,0.5,False,Trend,Trend,False
2020-02-07 00:00:00+09:00,789599.5625,708623.76875,642620.9458333333,83.1325698756483,5940.2986187841125,0.023254680794405687,0.01994656919874638,1,1,-1,0.5,False,Trend,Trend,False
2020-02-10 00:00:00+09:00,806334.8125,716991.39375,645929.9614583333,84.44448298957668,6727.238979891728,0.023060755741453567,0.019899762123273445,1,1,-1,0.5,False,Trend,Trend,False
2020-02-11 00:00:00+09:00,803292.0625,723951.7375,649226.2989583333,83.08828215879437,6375.327856132833,0.02239410424361245,0.019899899117835174,1,1,-1,0.5,False,Trend,Trend,False
2020-02-12 00:00:00+09:00,806334.8125,730759.940625,652788.8791666667,83.33337798659628,5701.88617887428,0.02243086194599361,0.01959888370965816,1,1,-1,0.5,False,Trend,Trend,False
2020-02-13 00:00:00+09:00,806334.8125,737986.525,656199.3208333333,81.45165725447634,4655.041356739668,0.021958777762611435,0.019563987214871882,1,1,-1,0.5,False,Trend,Trend,False
2020-02-14 00:00:00+09:00,804813.4375,745175.078125,659521.0145833333,74.46814275743708,3321.3316336625867,0.021978904301457356,0.019582455619965407,1,1,-1,0.5,False,Trend,Trend,False
2020-02-17 00:00:00+09:00,789599.5625,751450.796875,662487.71875,63.44089346365588,996.3424672531037,0.022894976001316514,0.01980877108529989,1,1,1,1.0,False,Trend,Trend,False
2020-02-18 00:00:00+09:00,780471.25,757232.065625,665378.353125,61.45835027211891,-1441.986160253262,0.02329025038085504,0.019857502574552433,1,1,-1,0.5,False,Trend,Trend,False
2020-02-19 00:00:00+09:00,768300.125,762328.709375,668053.4572916667,55.00000821619774,-4014.4311574660023,0.023864260143661494,0.02002021572409192,1,1,-1,0.5,False,Trend,Trend,False
2020-02-20 00:00:00+09:00,758411.125,766930.903125,670779.275,57.29165953455253,-6381.296292743631,0.024240450932846828,0.019866087135356758,1,1,-1,0.5,False,Trend,Trend,False
2020-02-21 00:00:00+09:00,740154.5,769555.29375,673352.9541666667,53.39805515460607,-9014.690986001202,0.024424631286441033,0.02004671431180581,1,1,-1,0.5,False,Trend,Trend,False
2020-02-24 00:00:00+09:00,701359.125,767881.76875,675127.9052083333,36.36362666329009,-12967.283079859364,0.022935735015830985,0.021324911528512475,1,1,-1,0.5,False,Trend,Trend,False
2020-02-25 00:00:00+09:00,728744.125,766740.73125,677409.9854166667,45.80152695694277,-13286.489154177187,0.024078847891447368,0.021785274491504043,1,1,-1,0.5,False,Trend,Trend,False
2020-02-26 00:00:00+09:00,730265.5,765903.96875,679514.5697916667,31.067965037321855,-12931.89948094594,0.024066948645323914,0.021672613027444398,1,1,-1,0.5,False,Trend,Trend,False
2020-02-27 00:00:00+09:00,730265.5,764762.93125,681568.4416666667,31.067965037321855,-12241.192046865392,0.023971075755738144,0.02167500910453626,1,1,-1,0.5,False,Trend,Trend,False
2020-02-28 00:00:00+09:00,705162.625,763165.475,683343.3927083333,19.35484359517737,-12950.12722179548,0.024741510107612184,0.022121406700087602,1,1,-1,0.5,False,Trend,Trend,False
2020-03-02 00:00:00+09:00,710487.4375,762214.60625,685295.8385416666,22.27271029712732,-12527.827824036764,0.02475455636535038,0.022076324478481704,1,1,-1,0.5,False,Trend,Trend,False
2020-03-03 00:00:00+09:00,729504.8125,761225.70625,687463.8145833333,29.045654046012018,-10516.24933986212,0.0247346184560547,0.022264340795649415,1,1,-1,0.5,False,Trend,Trend,False
2020-03-04 00:00:00+09:00,743957.9375,761149.634375,689936.0666666667,34.23076242445845,-7881.302894506212,0.02515089734393592,0.022326303612110587,1,1,-1,0.5,False,Trend,Trend,False
2020-03-05 00:00:00+09:00,755368.375,759438.075,692484.3895833333,38.09524096151664,-5169.983858891171,0.021577748756136324,0.022353887878059402,1,1,-1,0.5,False,Trend,Trend,False
2020-03-06 00:00:00+09:00,747000.75,757308.134375,694918.6083333333,39.39394410938235,-3803.3340919692,0.021661142142243222,0.02242254312357943,1,1,-1,0.5,False,Trend,Trend,False
2020-03-09 00:00:00+09:00,751564.875,754569.6375,697606.390625,42.635651508753426,-2517.1963693498774,0.021049467770117118,0.022245712854924334,1,1,-1,0.5,False,Trend,Trend,False
2020-03-10 00:00:00+09:00,754607.6875,752135.41875,700294.1739583333,46.3414748192188,-1440.292910967797,0.02111685550472719,0.022245230899624425,1,1,-1,0.5,False,Trend,Trend,False
2020-03-11 00:00:00+09:00,736351.0,748636.228125,702703.0354166667,44.35797379260428,-1906.9881062543627,0.021571556527607907,0.02253324552900365,1,1,-1,0.5,False,Trend,Trend,False
2020-03-12 00:00:00+09:00,734829.625,745060.96875,705061.184375,48.510632793139514,-2244.3611412241053,0.021553598700886245,0.022544935807618367,1,1,-1,0.5,False,Trend,Trend,False
2020-03-13 00:00:00+09:00,694512.875,739545.940625,706595.2489583333,48.10126362864226,-4953.706745919915,0.024443233208519245,0.02378029377355469,1,1,-1,0.5,False,Trend,Trend,False
2020-03-16 00:00:00+09:00,654196.1875,732775.771875,707482.725,30.708659379703477,-8996.435942685812,0.02702931429399338,0.025093538982804236,1,1,-1,0.5,False,Trend,Trend,False
2020-03-17 00:00:00+09:00,635178.8125,725511.15,708053.2447916666,27.436819142710448,-12283.200536263173,0.02739956245944309,0.025408770408155538,1,1,-1,0.5,False,Trend,Trend,False
2020-03-18 00:00:00+09:00,609315.25,717561.90625,708205.3833333333,24.437296741792395,-15332.75532456329,0.02826481836868181,0.025993678692807023,1,1,-1,0.5,False,Trend,Trend,False
2020-03-19 00:00:00+09:00,556827.4375,707482.721875,707457.36875,21.90201708635925,-19737.91988629535,0.03327731746365071,0.028486192417417244,1,1,-1,0.5,False,Trend,Trend,False
2020-03-20 00:00:00+09:00,654196.1875,703184.80625,708306.8104166667,42.09402549686872,-15153.345947486358,0.051517770536007396,0.03537460286882236,-1,-1,-1,-1.0,True,Defensive,Trend,False
2020-03-23 00:00:00+09:00,663324.5,701283.075,708649.1229166667,40.43956071736904,-10771.270053113538,0.05043364824363496,0.03446482051001424,-1,-1,-1,-1.0,True,Defensive,Defensive,False
2020-03-24 00:00:00+09:00,724179.9375,701054.865625,710145.153125,47.48062348772763,-3420.1774926152684,0.053664860817806775,0.036205415002601236,-1,-1,-1,-1.0,True,Defensive,Defensive,False
2020-03-25 00:00:00+09:00,722658.5625,700674.51875,711704.5739583333,45.725645571204076,1433.5336018675298,0.05366317623112207,0.036183127369563875,-1,-1,1,-0.5,True,Defensive,Defensive,False
2020-03-26 00:00:00+09:00,694512.875,698886.8875,712389.196875,43.478256142572164,2765.126082266612,0.05437329744519503,0.036275609237661766,-1,-1,-1,-1.0,True,Defensive,Defensive,False
2020-03-27 00:00:00+09:00,673974.1875,697327.465625,712642.7614583333,40.72727614955317,2298.4772589517197,0.054228502258525706,0.03648259302390263,-1,-1,-1,-1.0,True,Defensive,Defensive,False
2020-03-30 00:00:00+09:00,684623.875,696034.2875,713187.925,41.78570972698627,2714.3186627729556,0.054336497428171114,0.03650706716850857,-1,-1,-1,-1.0,True,Defensive,Defensive,False
2020-03-31 00:00:00+09:00,733308.25,696224.459375,714709.3114583333,49.66666913152396,6082.587169754934,0.05628196101841132,0.03747635724366442,-1,-1,1,-0.5,True,Defensive,Defensive,False
2020-04-01 00:00:00+09:00,688427.375,693447.93125,715736.2479166667,45.357689441981805,5139.830469987941,0.05780630890456565,0.03827327349526182,-1,-1,1,-0.5,True,Defensive,Defensive,False
2020-04-02 00:00:00+09:00,706684.0,691013.7125,716889.965625,51.273889100253754,5562.000589066933,0.058048152119630096,0.038355250603081856,-1,-1,1,-0.5,True,Defensive,Defensive,False
2020-04-03 00:00:00+09:00,711248.125,689226.08125,718385.9947916666,56.454383946156085,5931.049253683765,0.05805677118581964,0.03819387086699514,-1,-1,1,-0.5,True,Defensive,Defensive,False
2020-04-06 00:00:00+09:00,725701.3125,687932.903125,719831.3114583333,60.34782926781871,6865.035084073894,0.05824979514365236,0.03811998675528917,-1,-1,1,-0.5,True,Defensive,Defensive,False
2020-04-07 00:00:00+09:00,734068.9375,686905.965625,720997.7072916667,64.85507575343743,7700.138319374992,0.05831226471311117,0.03784089728976712,-1,-1,1,-0.5,True,Defensive,Defensive,False
2020-04-08 00:00:00+09:00,726462.0,686411.515625,721935.8947916667,72.61663367135267,7392.476936144101,0.05810322647976256,0.03785974686766994,-1,-1,-1,-1.0,True,Defensive,Defensive,False
2020-04-09 00:00:00+09:00,727983.375,686069.203125,723038.8989583333,63.21525373148363,6950.3795752083315,0.0581054269702487,0.03781574290612773,-1,-1,1,-0.5,True,Defensive,Defensive,False
2020-04-10 00:00:00+09:00,850455.0,693866.309375,726195.7760416666,73.8372098577739,14150.116894289415,0.06613202762442945,0.04271347674408957,-1,-1,-1,-1.0,True,Defensive,Defensive,False
2020-04-13 00:00:00+09:00,820027.3125,702157.865625,728794.8114583333,63.235301732753506,15972.258114844119,0.06502863797145987,0.04303425210171117,-1,-1,1,-0.5,True,Defensive,Defensive,False
2020-04-14 00:00:00+09:00,824591.4375,711628.496875,731457.2375,63.95833568693019,16524.9983478605,0.0643399379012696,0.04303389714670892,-1,-1,1,-0.5,True,Defensive,Defensive,False
2020-04-16 00:00:00+09:00,821548.6875,722240.16875,734043.5947916667,68.68010605691599,15730.010272545904,0.06319489532555095,0.043043897330697856,-1,-1,1,-0.5,True,Defensive,Defensive,False
2020-04-17 00:00:00+09:00,861104.6875,737454.03125,737289.21875,76.05933206516139,16814.66762325674,0.05846177497084535,0.043405884353956085,1,-1,-1,-0.30000000000000004,True,Defensive,Defensive,False
2020-04-20 00:00:00+09:00,861104.6875,747799.45625,740179.8520833333,75.3275220801251,16457.895242839073,0.048501199500385825,0.04326164357598107,1,1,-1,0.5,False,Trend,Defensive,False
2020-04-21 00:00:00+09:00,880882.75,758677.36875,742614.0708333333,73.09525150943219,16441.0441010458,0.04854268595646876,0.04255273567119187,1,1,-1,0.5,False,Trend,Trend,False
2020-04-22 00:00:00+09:00,882404.125,766588.578125,744794.725,85.12398078451753,15435.560760464781,0.04538753902663507,0.04247585690474777,1,1,-1,0.5,False,Trend,Trend,False
2020-04-23 00:00:00+09:00,914353.25,776173.3125,747583.9333333333,85.8267862564867,15769.778163829746,0.04564495500748846,0.042670161470688875,1,1,-1,0.5,False,Trend,Trend,False
2020-04-24 00:00:00+09:00,899139.375,786404.6375,750018.1520833333,81.26583436989088,13880.398817665162,0.04455801049929793,0.04274419929994003,1,1,-1,0.5,False,Trend,Trend,False
2020-04-27 00:00:00+09:00,894575.1875,797434.6875,752642.5427083333,79.05759421304799,11344.358434517198,0.043632945671960625,0.042638025862795366,1,1,-1,0.5,False,Trend,Trend,False
2020-04-28 00:00:00+09:00,894575.1875,807932.253125,755393.715625,78.43666024873579,8801.3665646624,0.04374488847857364,0.04260296054679984,1,1,-1,0.5,False,Trend,Trend,False
2020-04-29 00:00:00+09:00,883925.5,815463.115625,757637.7604166666,77.60000858865973,5687.627202152711,0.042062189337446626,0.04253650155062937,1,1,-1,0.5,False,Trend,Trend,False
2020-05-04 00:00:00+09:00,845890.875,823336.290625,759311.2854166667,68.32152700757716,618.7757431312202,0.04051282955178312,0.042952372781021986,1,1,1,1.0,False,Trend,Trend,False
2020-05-06 00:00:00+09:00,874797.1875,831741.95,760731.2458333333,55.33333789788638,-1139.1806018762873,0.040699635667630886,0.0425388382060953,1,1,-1,0.5,False,Trend,Trend,False
2020-05-07 00:00:00+09:00,862626.125,839310.85,761948.3552083333,60.14493249770259,-3348.6427408647287,0.04106675055421803,0.04258679966648443,1,1,-1,0.5,False,Trend,Trend,False
2020-05-08 00:00:00+09:00,894575.1875,847754.54375,763419.028125,64.74359413258307,-2902.0007691001156,0.0414438179985079,0.04275231851715955,1,1,-1,0.5,False,Trend,Trend,False
2020-05-11 00:00:00+09:00,891532.4375,855627.71875,764889.7010416667,64.74359413258307,-3040.459387932504,0.041558112012152405,0.04275152946237661,1,1,-1,0.5,False,Trend,Trend,False
2020-05-12 00:00:00+09:00,900660.75,864337.65625,766461.8,59.558832635812635,-2754.7308951821688,0.041287238887924516,0.042764717236959356,1,1,-1,0.5,False,Trend,Trend,False
2020-05-13 00:00:00+09:00,937174.0625,874797.190625,768642.4541666667,65.62501604725132,-464.18318591420393,0.041727760349488725,0.043042522937036316,1,1,-1,0.5,False,Trend,Trend,False
2020-05-14 00:00:00+09:00,931088.5,878828.865625,770747.0385416667,60.927156642003574,245.36935620883742,0.02484375989295508,0.0430546703632535,1,1,1,1.0,False,Trend,Trend,False
2020-05-15 00:00:00+09:00,920438.8125,883849.440625,772927.6927083334,57.96179260600133,-365.0422014742071,0.02325493589729019,0.043001557859138104,1,1,-1,0.5,False,Trend,Trend,False
2020-05-18 00:00:00+09:00,908267.6875,888033.253125,775057.6333333333,48.61110675259816,-1867.045484327442,0.023643764395399884,0.04301151650732465,1,1,-1,0.5,False,Trend,Trend,False
2020-05-19 00:00:00+09:00,912831.875,892597.4125,777466.4958333333,53.28467788027029,-2776.8797721537485,0.023558453095743743,0.04294568572947291,1,1,-1,0.5,False,Trend,Trend,False
2020-05-20 00:00:00+09:00,912831.875,895183.771875,780040.175,54.47762635387086,-3552.805702089201,0.021421292313252786,0.04289730033418882,1,1,-1,0.5,False,Trend,Trend,False
2020-05-21 00:00:00+09:00,926524.3125,898454.753125,783146.3385416666,57.34266417308018,-3322.208212057587,0.021572760746668387,0.042770628958122295,1,1,-1,0.5,False,Trend,Trend,False
2020-05-22 00:00:00+09:00,940216.8125,901421.45625,787127.3,62.75862948225231,-2465.2536703284786,0.021272005925739332,0.04211682249667125,1,1,-1,0.5,False,Trend,Trend,False
2020-05-25 00:00:00+09:00,961516.25,905377.0625,791006.8354166667,78.35821490368049,-769.5578444344574,0.021691793490372903,0.04195268319794818,1,1,-1,0.5,False,Trend,Trend,False
2020-05-26 00:00:00+09:00,981294.25,908724.1125,795190.6479166667,77.34375676993285,1267.612983155952,0.020785507750777067,0.042000287020442985,1,1,-1,0.5,False,Trend,Trend,False
2020-05-27 00:00:00+09:00,949345.125,911234.4,798841.975,70.2127585186152,108.02844538731733,0.021914645655773043,0.04228249722510864,1,1,-1,0.5,False,Trend,Trend,False
2020-05-28 00:00:00+09:00,929567.125,912983.996875,802582.05,58.6466269921554,-2217.946541499019,0.022496931010638783,0.042100647032769785,1,1,-1,0.5,False,Trend,Trend,False
2020-05-29 00:00:00+09:00,946302.375,915570.35625,806512.2989583333,62.676058579102936,-2817.8155506476032,0.022769000722293296,0.04213383980566125,1,1,-1,0.5,False,Trend,Trend,False
2020-06-01 00:00:00+09:00,956952.0625,919221.684375,810303.0864583333,62.93706313795755,-2686.292658624552,0.022565537771803458,0.04204707833020944,1,1,-1,0.5,False,Trend,Trend,False
2020-06-02 00:00:00+09:00,956952.0625,924774.74375,813852.9885416667,55.46217791156894,-2776.757711982238,0.019593978181221845,0.04200395933872427,1,1,-1,0.5,False,Trend,Trend,False
2020-06-03 00:00:00+09:00,952387.875,928654.278125,817136.646875,55.93219276850052,-3286.565172269853,0.0186211195977159,0.0419943488241521,1,1,-1,0.5,False,Trend,Trend,False
2020-06-04 00:00:00+09:00,988901.1875,934968.03125,821168.3208333333,66.66665652322625,-1403.5225474219114,0.019514124030919268,0.04217055558122826,1,1,-1,0.5,False,Trend,Trend,False
2020-06-05 00:00:00+09:00,1011722.0,940825.371875,825504.2729166667,73.94366299050134,1009.9754975700343,0.01865065943699257,0.0422352883351664,1,1,-1,0.5,False,Trend,Trend,False
2020-06-08 00:00:00+09:00,1010200.5625,946758.778125,829764.1541666667,72.85712315506262,2073.6657021224673,0.018604133436025534,0.042243388461873844,1,1,-1,0.5,False,Trend,Trend,False
2020-06-09 00:00:00+09:00,1028457.25,953148.603125,834632.5916666667,74.99998648653762,3493.0295328225693,0.018769638795697773,0.042098442788825796,1,1,-1,0.5,False,Trend,Trend,False
2020-06-10 00:00:00+09:00,1071056.0,959842.7,840236.3645833334,77.77776176181948,6606.40954483721,0.0188488508828768,0.04232681268954603,1,1,-1,0.5,False,Trend,Trend,False
2020-06-11 00:00:00+09:00,1136475.625,970112.05625,847602.4104166667,81.46339918908232,12059.675140989304,0.021918081465073347,0.042056540507017716,1,1,-1,0.5,False,Trend,Trend,False
2020-06-12 00:00:00+09:00,1224716.125,985325.921875,857111.0760416667,84.73894469186496,20122.554986224743,0.02564417137554766,0.041956485743987575,1,1,-1,0.5,False,Trend,Trend,False
2020-06-15 00:00:00+09:00,1229280.25,1001376.55,867012.7666666667,84.10040661530232,24012.526858973033,0.024953171870234388,0.04163832036043371,1,1,-1,0.5,False,Trend,Trend,False
2020-06-16 00:00:00+09:00,1256665.125,1018568.2125,877801.93125,92.79659571268127,26484.719649405364,0.024880005184252665,0.0410830608906312,1,1,-1,0.5,False,Trend,Trend,False
2020-06-17 00:00:00+09:00,1253622.375,1035607.7375,889415.1802083333,97.33331726611979,25936.495570398984,0.024967721839468233,0.038889130957708525,1,1,-1,0.5,False,Trend,Trend,False
2020-06-18 00:00:00+09:00,1232323.0,1050897.671875,899050.6270833333,91.22806448555663,22299.661848432108,0.026037438567313533,0.033910740041296177,1,1,-1,0.5,False,Trend,Trend,False
2020-06-19 00:00:00+09:00,1218630.5,1064818.35625,908305.7270833333,87.39129401934699,17352.22382320068,0.026650119289254762,0.034023195245175664,1,1,-1,0.5,False,Trend,Trend,False
2020-06-22 00:00:00+09:00,1206459.375,1077065.5125,916343.7177083333,84.45376417918125,11900.218658047539,0.0270302550550637,0.03255162797108517,1,1,-1,0.5,False,Trend,Trend,False
2020-06-23 00:00:00+09:00,1220151.875,1089008.39375,924635.2729166667,86.06556383422561,8041.196824317827,0.026947012929580575,0.03252354200323458,1,1,-1,0.5,False,Trend,Trend,False
2020-06-24 00:00:00+09:00,1246015.5,1103841.9125,933826.9833333333,85.65399900400392,6141.327632167391,0.024938626755141483,0.03192937672648508,1,1,-1,0.5,False,Trend,Trend,False
2020-06-25 00:00:00+09:00,1239929.875,1119360.05,943259.578125,83.18581159194785,3516.087819439359,0.024001170284448925,0.031561740922927815,1,1,-1,0.5,False,Trend,Trend,False
2020-06-26 00:00:00+09:00,1232323.0,1133661.08125,952387.896875,81.73912779441953,468.7226670291275,0.024416449965224032,0.0316228383217438,1,1,-1,0.5,False,Trend,Trend,False
2020-06-29 00:00:00+09:00,1192767.0,1145451.828125,960045.5427083333,72.1311519571034,-4723.461385834962,0.026484780936159212,0.031125634369909536,1,1,-1,0.5,False,Trend,Trend,False
2020-06-30 00:00:00+09:00,1179074.5,1156557.95,968222.9947916666,65.77778459417141,-9326.479633623734,0.026860660504807343,0.02980808993478777,1,1,-1,0.5,False,Trend,Trend,False
2020-07-01 00:00:00+09:00,1144082.625,1166142.6875,975512.971875,51.219522948016774,-14656.941765791737,0.028181828448400285,0.030141567013701128,1,1,-1,0.5,False,Trend,Trend,False
2020-07-02 00:00:00+09:00,1195809.75,1176488.115625,983588.9989583333,44.75137394250572,-14596.309874936938,0.028568424116177802,0.030500287025178527,1,1,-1,0.5,False,Trend,Trend,False
2020-07-03 00:00:00+09:00,1172988.875,1184551.459375,991043.7916666666,40.414496081559086,-15884.03437675089,0.02908125800205665,0.03067285197521636,1,1,-1,0.5,False,Trend,Trend,False
2020-07-06 00:00:00+09:00,1147125.375,1191397.7,997928.065625,31.25001604724308,-18107.348189255194,0.02977936800971314,0.030916959988668707,1,1,-1,0.5,False,Trend,Trend,False
2020-07-07 00:00:00+09:00,1142561.25,1197102.9,1004863.053125,31.088100106384744,-19399.974809880536,0.029734669983846555,0.03086511384349831,1,1,-1,0.5,False,Trend,Trend,False
2020-07-08 00:00:00+09:00,1119740.375,1199537.11875,1011392.3364583333,30.927840290903802,-21162.38977272561,0.029031238324728384,0.03106504870746157,1,1,-1,0.5,False,Trend,Trend,False
2020-07-09 00:00:00+09:00,1127347.375,1199080.70625,1016007.209375,34.21054793732695,-21136.800998117098,0.025792594483739415,0.024206306847714004,1,1,-1,0.5,False,Trend,Trend,False
2020-07-10 00:00:00+09:00,1112133.5,1193451.575,1020875.6458333334,33.854190960399265,-21400.067409874886,0.01887802010440626,0.023723196440529584,1,1,-1,0.5,False,Trend,Trend,False
2020-07-13 00:00:00+09:00,1110612.125,1187518.16875,1025642.6572916667,30.43480590600862,-20907.983351821647,0.018790936250996065,0.02373767607247817,1,1,-1,0.5,False,Trend,Trend,False
2020-07-14 00:00:00+09:00,1118219.0,1180595.8625,1030587.1625,25.58139090525205,-19338.058999262088,0.017923968935487162,0.023711468799983787,1,1,-1,0.5,False,Trend,Trend,False
2020-07-15 00:00:00+09:00,1139518.375,1174890.6625,1035227.390625,31.868127403349135,-16256.964550110726,0.018750599368361792,0.023140181773884987,1,1,-1,0.5,False,Trend,Trend,False
2020-07-16 00:00:00+09:00,1113654.875,1168957.25625,1039436.5604166667,29.89690372358696,-15362.985613706325,0.018996253456952366,0.02340697629408186,1,1,-1,0.5,False,Trend,Trend,False
2020-07-17 00:00:00+09:00,1130390.125,1164545.2375,1043595.0166666667,38.54747834069654,-13133.144103920677,0.019445000901030046,0.023324498281911573,1,1,-1,0.5,False,Trend,Trend,False
2020-07-20 00:00:00+09:00,1124304.625,1160437.5,1047626.6916666667,39.6551748561812,-11609.335649271781,0.01939375054248087,0.02335519282972626,1,1,-1,0.5,False,Trend,Trend,False
2020-07-21 00:00:00+09:00,1141039.875,1156481.9,1051404.8020833333,49.38272043235436,-9125.108616777366,0.019549109256955122,0.02303146206633372,1,1,-1,0.5,False,Trend,Trend,False
2020-07-22 00:00:00+09:00,1201895.25,1154275.8875,1056450.7333333334,51.19046803948861,-3332.6958389225583,0.02257236638468312,0.02369599155123769,1,1,-1,0.5,False,Trend,Trend,False
2020-07-23 00:00:00+09:00,1179074.5,1151233.11875,1061192.3885416666,51.19049307467303,-1102.8431022703044,0.0228986207230954,0.023865086074927055,1,1,-1,0.5,False,Trend,Trend,False
2020-07-24 00:00:00+09:00,1148646.75,1147049.30625,1065426.9145833333,50.29239569394428,-1705.7739124473464,0.023494351850465146,0.024187066419553215,1,1,-1,0.5,False,Trend,Trend,False
2020-07-27 00:00:00+09:00,1147125.375,1144767.225,1069813.5791666666,50.887567923388104,-2204.0068145482473,0.022473570375568935,0.024105530901521385,1,1,-1,0.5,False,Trend,Trend,False
2020-07-28 00:00:00+09:00,1157775.125,1143702.25625,1075011.65,57.764000195963966,-1828.7427632957442,0.02248713233522838,0.023261535622311046,1,1,-1,0.5,False,Trend,Trend,False
2020-07-29 00:00:00+09:00,1127347.375,1142865.49375,1079220.8197916667,50.0,-3542.9617165865184,0.022260652046517122,0.023316097950458504,1,1,-1,0.5,False,Trend,Trend,False
2020-07-30 00:00:00+09:00,1119740.375,1139062.025,1083506.0572916667,51.461978469721394,-5012.523868981956,0.019601886001739992,0.023238717479414788,1,1,-1,0.5,False,Trend,Trend,False
2020-07-31 00:00:00+09:00,1115176.25,1136171.39375,1087182.7416666667,50.86704625813961,-6046.089272384885,0.019241026203850625,0.022878013867175754,1,1,-1,0.5,False,Trend,Trend,False
2020-08-03 00:00:00+09:00,1119740.375,1134802.14375,1090986.2072916667,50.29239569394428,-6155.875303654469,0.018711430090171073,0.022859149962271872,1,1,-1,0.5,False,Trend,Trend,False
2020-08-04 00:00:00+09:00,1118219.0,1133585.03125,1094612.178125,45.56962420262596,-6055.231064019169,0.018700115560181498,0.02285305928947969,1,1,-1,0.5,False,Trend,Trend,False
2020-08-05 00:00:00+09:00,1197331.125,1137464.56875,1098948.1291666667,64.24870797183507,-668.32645275716,0.023740564127382263,0.023894869920563482,1,1,-1,0.5,False,Trend,Trend,False
2020-08-06 00:00:00+09:00,1183638.625,1140279.13125,1103157.2979166666,59.1623011875193,1828.4621985987405,0.0239526397736177,0.023940987615439897,1,1,1,1.0,False,Trend,Trend,False
2020-08-07 00:00:00+09:00,1168424.75,1143093.69375,1107290.396875,57.360392542034994,2281.638336782874,0.023930171905401105,0.0239574252022315,1,1,1,1.0,False,Trend,Trend,False
2020-08-10 00:00:00+09:00,1172988.875,1146212.53125,1111702.4166666667,55.55553623470658,2687.146940751425,0.023914692971911084,0.023849723892063787,1,1,1,1.0,False,Trend,Trend,False
2020-08-11 00:00:00+09:00,1223194.625,1151461.3125,1116875.1291666667,53.8461469009394,5948.138355565596,0.02546721632284327,0.02434005975755087,1,1,1,1.0,False,Trend,Trend,False
2020-08-12 00:00:00+09:00,1282528.75,1158611.83125,1123036.74375,66.50484236488961,11396.939074280197,0.0270616798120006,0.024939953678594366,1,1,1,1.0,False,Trend,Trend,False
2020-08-13 00:00:00+09:00,1247536.875,1165305.93125,1128386.953125,65.55023490825978,11885.740255599834,0.027344774780509114,0.025276018409237325,1,1,1,1.0,False,Trend,Trend,False
2020-08-14 00:00:00+09:00,1217109.125,1169641.88125,1133001.825,60.087711395634614,9504.267841000103,0.028065203258900814,0.02552923421471891,1,1,1,1.0,False,Trend,Trend,False
2020-08-18 00:00:00+09:00,1220151.875,1174434.24375,1137312.41875,59.192809251059444,7562.951229972012,0.027985973507374574,0.025419147803065208,1,1,1,1.0,False,Trend,Trend,False
2020-08-19 00:00:00+09:00,1230801.625,1178922.33125,1141470.875,66.19046687507091,6467.506246991412,0.027896634926091034,0.02533611643864769,1,1,1,1.0,False,Trend,Trend,False
2020-08-20 00:00:00+09:00,1207980.875,1179226.6125,1145781.4708333334,63.181831762298145,3808.912377571094,0.02587635142913983,0.025047681096360734,1,1,1,1.0,False,Trend,Trend,False
2020-08-21 00:00:00+09:00,1215587.75,1181052.275,1150548.48125,64.8648658651316,2243.073614357494,0.02549387652486418,0.024831639317548997,1,1,1,1.0,False,Trend,Trend,False
2020-08-24 00:00:00+09:00,1247536.875,1185996.78125,1155569.05625,67.50000513511867,2992.5895454943093,0.025177035654273965,0.024927407782210347,1,1,1,1.0,False,Trend,Trend,False
2020-08-25 00:00:00+09:00,1239929.875,1190637.00625,1160285.353125,66.3934335147068,2622.8338754571123,0.025254338359320633,0.024950044000367017,1,1,1,1.0,False,Trend,Trend,False
2020-08-26 00:00:00+09:00,1235365.75,1194516.5375,1164925.58125,56.410249928055684,1759.134857756315,0.025275613372673447,0.02496539787418198,1,1,1,1.0,False,Trend,Trend,False
2020-08-27 00:00:00+09:00,1218630.5,1199080.69375,1169362.9583333333,55.837561334692964,-149.6239389944858,0.024625917431017344,0.02504581172613879,1,1,-1,0.5,False,Trend,Trend,False
2020-08-28 00:00:00+09:00,1215587.75,1203873.0625,1173141.0677083333,58.20106280126034,-1739.1812838355108,0.024546976373504167,0.024668636108170963,1,1,-1,0.5,False,Trend,Trend,False
2020-08-31 00:00:00+09:00,1183638.625,1207296.18125,1176006.3447916666,51.690828350697146,-4886.115495934679,0.02544448839696978,0.0248358253416296,1,1,-1,0.5,False,Trend,Trend,False
2020-09-01 00:00:00+09:00,1188202.75,1210719.3,1178973.0479166666,43.50282669454291,-6502.889106602088,0.025444003910694703,0.024830386705691376,1,1,-1,0.5,False,Trend,Trend,False
2020-09-02 00:00:00+09:00,1171467.5,1213381.725,1181356.5520833333,25.503338310838984,-8420.288705769297,0.025718916624996077,0.024842964385122585,1,1,-1,0.5,False,Trend,Trend,False
2020-09-03 00:00:00+09:00,1185160.0,1212773.16875,1183258.2854166667,34.81480399513846,-8464.58213365661,0.020689468824306487,0.024360567980439903,1,1,-1,0.5,False,Trend,Trend,False
2020-09-04 00:00:00+09:00,1176031.75,1212392.825,1183917.5541666667,38.84298306309291,-8769.601423476273,0.020601050308558303,0.023182746292206034,1,1,-1,0.5,False,Trend,Trend,False
2020-09-07 00:00:00+09:00,1180595.875,1213001.38125,1183182.2166666666,39.344266711204746,-8328.245937095515,0.02040125644081458,0.021044503710239672,1,1,-1,0.5,False,Trend,Trend,False
2020-09-08 00:00:00+09:00,1177553.125,1213229.59375,1182320.0979166667,35.042724239053484,-7908.685018907694,0.02039619388960519,0.021038243313211028,1,1,-1,0.5,False,Trend,Trend,False
2020-09-09 00:00:00+09:00,1154732.25,1209806.475,1180621.2166666666,35.04269963069261,-8768.946829728353,0.018303635664159927,0.020961200315065848,1,1,-1,0.5,False,Trend,Trend,False
2020-09-10 00:00:00+09:00,1162339.25,1203797.0,1179099.83125,35.042745246197725,-8424.458286129899,0.014228591485159018,0.02098594487456787,1,1,-1,0.5,False,Trend,Trend,False
2020-09-11 00:00:00+09:00,1157775.125,1199308.9125,1177857.3666666667,20.202035291442385,-8100.44593797645,0.013183313384151745,0.0208856354792672,1,1,-1,0.5,False,Trend,Trend,False
2020-09-14 00:00:00+09:00,1160817.875,1196494.35,1176893.8229166667,22.91668093089494,-7302.337388835642,0.01228183753799533,0.020848098416194,1,1,-1,0.5,False,Trend,Trend,False
2020-09-15 00:00:00+09:00,1176031.75,1194288.34375,1176386.6958333333,31.067977428602873,-5455.536427090898,0.012718899738171821,0.02088760702581394,1,1,-1,0.5,False,Trend,Trend,False
2020-09-16 00:00:00+09:00,1180595.875,1191778.05625,1175727.4291666667,36.84210981506642,-3715.4556299660535,0.012553503816352314,0.02083903281020862,1,1,-1,0.5,False,Trend,Trend,False
2020-09-17 00:00:00+09:00,1151689.5,1188963.4875,1174155.3291666666,31.249990830143446,-4261.02371711289,0.013041070549716703,0.02087533921385327,1,1,-1,0.5,False,Trend,Trend,False
2020-09-18 00:00:00+09:00,1153210.875,1185844.64375,1172710.0125,39.130423133941804,-4259.053008711751,0.012914235748809174,0.02087267550610006,1,1,-1,0.5,False,Trend,Trend,False
2020-09-21 00:00:00+09:00,1125826.0,1179759.1,1170935.0625,30.841138718550013,-5749.021000045794,0.01188797788988046,0.021071158371858925,1,1,-1,0.5,False,Trend,Trend,False
2020-09-22 00:00:00+09:00,1112133.5,1173369.28125,1169591.1708333334,31.42858484276553,-7209.082114175315,0.011992943772038231,0.02072232171535411,1,1,-1,0.5,False,Trend,Trend,False
2020-09-23 00:00:00+09:00,1072577.375,1165229.8625,1167816.21875,19.672120107241497,-10207.984529796524,0.013810822581650888,0.021171626684050097,-1,1,-1,-0.19999999999999996,False,MeanReversion,Trend,False
2020-09-24 00:00:00+09:00,1023893.0625,1155492.990625,1165813.059375,16.216205713416514,-14573.46898033768,0.016348733933329865,0.021644383405783316,-1,1,-1,-0.19999999999999996,False,MeanReversion,Trend,False
2020-09-25 00:00:00+09:00,1026935.8125,1146060.39375,1162998.49375,15.646252229759313,-16232.338498138786,0.01650294411748887,0.02079465754817601,-1,1,-1,-0.19999999999999996,False,MeanReversion,Trend,False
2020-09-28 00:00:00+09:00,1042149.6875,1138985.946875,1160817.840625,21.29031796384824,-15294.063984233482,0.016691037652395463,0.02079391308456223,-1,1,-1,-0.19999999999999996,False,MeanReversion,Trend,False
2020-09-29 00:00:00+09:00,1049756.625,1132063.640625,1159195.028125,26.20690182728093,-13227.734521305796,0.016818397613466384,0.020653970665503674,-1,1,-1,-0.19999999999999996,False,MeanReversion,Trend,False
2020-10-05 00:00:00+09:00,1042149.6875,1125597.75,1157521.5020833334,22.75860115055042,-11503.447752725442,0.01671626797927302,0.02066508858676936,-1,1,-1,-0.19999999999999996,False,MeanReversion,Trend,False
2020-10-06 00:00:00+09:00,1083227.125,1120501.10625,1156912.9479166667,35.502942757937376,-6950.794918891686,0.01912348484210382,0.02115555191003864,-1,1,-1,-0.19999999999999996,False,MeanReversion,MeanReversion,False
2020-10-07 00:00:00+09:00,1096919.625,1116545.5,1156405.81875,38.06817757428183,-2595.8350817864302,0.019477868795847533,0.021202682036029718,-1,1,-1,-0.19999999999999996,False,MeanReversion,MeanReversion,False
2020-10-08 00:00:00+09:00,1087791.25,1111905.26875,1156000.1145833333,33.139520442069184,-43.53807151172077,0.019426705779765248,0.021158484517041977,-1,1,-1,-0.19999999999999996,False,MeanReversion,MeanReversion,False
2020-10-12 00:00:00+09:00,1093876.875,1107721.45625,1155721.19375,33.526025835866264,2216.110344932091,0.019545464528200822,0.021171926356207526,-1,1,-1,-0.19999999999999996,False,MeanReversion,MeanReversion,False
2020-10-13 00:00:00+09:00,1099962.375,1104982.9625,1155416.9166666667,39.24051225329986,4168.8188474693525,0.019276199963226215,0.021165325270962498,-1,1,-1,-0.19999999999999996,False,MeanReversion,MeanReversion,False
2020-10-14 00:00:00+09:00,1075620.25,1100647.0125,1154351.9479166667,35.260132627342614,3875.4576275444197,0.019648237521280497,0.02120284586820376,-1,1,-1,-0.19999999999999996,False,MeanReversion,MeanReversion,False
2020-10-15 00:00:00+09:00,1071056.0,1096311.05625,1153641.9666666666,38.6075857213133,3443.0267250068573,0.019648415201119134,0.021010580525430252,-1,1,-1,-0.19999999999999996,False,MeanReversion,MeanReversion,False
2020-10-16 00:00:00+09:00,1045192.5,1090529.7875,1152222.00625,36.746993915072345,1578.9826516770627,0.020102874383538288,0.021130454909928046,-1,1,-1,-0.19999999999999996,False,MeanReversion,MeanReversion,False
2020-10-19 00:00:00+09:00,1043671.0625,1083911.753125,1150878.1135416667,43.26242064605452,465.2021887563824,0.0196663945230654,0.021123643372229852,-1,1,-1,-0.19999999999999996,False,MeanReversion,MeanReversion,False
2020-10-20 00:00:00+09:00,1037585.5625,1076761.2375,1149153.875,53.982305389090946,-412.2694620368493,0.019529962473152786,0.021026186774773786,-1,1,-1,-0.19999999999999996,False,MeanReversion,MeanReversion,False
2020-10-21 00:00:00+09:00,1046713.875,1071512.45625,1146567.51875,55.55556335820075,-123.77919655568257,0.019311975607956413,0.019869437509178325,-1,1,-1,-0.19999999999999996,False,MeanReversion,MeanReversion,False
2020-10-22 00:00:00+09:00,1001072.25,1063905.525,1143600.8145833334,40.14599021674236,-2614.617067676558,0.021185889174116894,0.020496070563486787,-1,1,-1,-0.19999999999999996,False,MeanReversion,MeanReversion,True
2020-10-23 00:00:00+09:00,967601.75,1055994.3125,1140583.3979166667,32.467539396345074,-5934.218128454355,0.02171679527535445,0.020672665890491538,-1,1,-1,-0.19999999999999996,False,MeanReversion,MeanReversion,True
2020-10-26 00:00:00+09:00,958473.4375,1048311.309375,1137439.1989583333,32.25807306575069,-8032.266105766554,0.021694364329290363,0.02068920720591221,-1,1,-1,-0.19999999999999996,False,MeanReversion,MeanReversion,True
2020-10-27 00:00:00+09:00,966080.375,1042986.459375,1134244.2864583333,21.052647835745475,-8168.3734163275185,0.020840110219539524,0.02067653198185396,-1,1,-1,-0.19999999999999996,False,MeanReversion,MeanReversion,True
2020-10-28 00:00:00+09:00,969123.125,1040247.9625,1131607.215625,16.666666666666657,-7340.297764117546,0.018495534927172198,0.020456274931398163,-1,1,-1,-0.19999999999999996,False,MeanReversion,MeanReversion,True
2020-10-29 00:00:00+09:00,1060406.375,1041921.490625,1130618.315625,45.000015975921094,-303.26741669313196,0.027808875087193683,0.023677879115889294,-1,1,-1,-0.19999999999999996,False,MeanReversion,MeanReversion,False
2020-10-30 00:00:00+09:00,1037585.5625,1041693.284375,1129325.1375,40.31413376086199,2975.3591942295607,0.02809836987845586,0.023827498639207797,-1,1,-1,-0.19999999999999996,False,MeanReversion,MeanReversion,False
2020-11-02 00:00:00+09:00,1061927.75,1042301.840625,1128361.59375,43.84237141057791,6729.47116405049,0.02854361931441728,0.024026166092858386,-1,1,-1,-0.19999999999999996,False,MeanReversion,MeanReversion,False
2020-11-03 00:00:00+09:00,1063449.125,1043366.8125,1127448.7625,47.87233531133668,9113.102626126896,0.028483938207031077,0.02402793083422225,-1,1,1,0.30000000000000004,False,Trend,MeanReversion,False
2020-11-04 00:00:00+09:00,1115176.25,1044964.26875,1126079.5145833334,56.62101116163797,13696.0326274998,0.02915911467792505,0.023144334180756006,-1,1,1,0.30000000000000004,False,Trend,Trend,False
2020-11-05 00:00:00+09:00,1188202.75,1049528.425,1126155.5833333333,68.79998935181823,20745.255906701757,0.03223522848656459,0.024556719877533047,-1,-1,1,-0.5,True,Defensive,Trend,False
2020-11-06 00:00:00+09:00,1182117.25,1054244.725,1126383.7916666667,67.98419633385731,23874.74644533319,0.032178243639223905,0.024507316969301144,-1,-1,1,-0.5,True,Defensive,Defensive,False
2020-11-09 00:00:00+09:00,1157775.125,1057439.6375,1126130.2291666667,64.90566804073433,23163.86084153509,0.032654298550884316,0.024651144980640364,-1,-1,1,-0.5,True,Defensive,Defensive,False
2020-11-10 00:00:00+09:00,1144082.625,1059645.65,1124811.6958333333,61.940302625624945,20710.006733755254,0.032810736753688716,0.024064322153180454,-1,-1,1,-0.5,True,Defensive,Defensive,False
2020-11-11 00:00:00+09:00,1157775.125,1063753.39375,1122732.46875,70.85021616567302,18992.773250818736,0.03236433247599795,0.023275875676651868,-1,-1,-1,-1.0,True,Defensive,Defensive,False
2020-11-12 00:00:00+09:00,1145604.0,1067480.79375,1121033.5875,75.10730415845048,16133.415024152599,0.03247642442647626,0.023056350973555278,-1,-1,-1,-1.0,True,Defensive,Defensive,False
2020-11-13 00:00:00+09:00,1151689.5,1072805.64375,1119943.2604166667,77.48918156948115,13836.411258258198,0.03181016912843698,0.022867595451605893,-1,-1,-1,-1.0,True,Defensive,Defensive,False
2020-11-16 00:00:00+09:00,1153210.875,1078282.634375,1118827.5770833334,77.09251396300252,11689.485331838423,0.03178723856144403,0.022865119096960266,-1,-1,-1,-1.0,True,Defensive,Defensive,False
2020-11-17 00:00:00+09:00,1177553.125,1085281.0125,1117940.1020833333,78.42324493144595,11178.90291956416,0.031869543258767084,0.023005997290536057,-1,-1,-1,-1.0,True,Defensive,Defensive,False
2020-11-18 00:00:00+09:00,1235365.75,1094713.60625,1118396.5166666666,76.25570819083178,13831.23665305115,0.03320251277311605,0.02372096633431657,-1,-1,-1,-1.0,True,Defensive,Defensive,False
2020-11-19 00:00:00+09:00,1229280.25,1106124.00625,1118624.725,80.28847929489247,14217.631987817062,0.030989663214034784,0.023717845160078736,-1,-1,-1,-1.0,True,Defensive,Defensive,False
2020-11-20 00:00:00+09:00,1215587.75,1118523.30625,1118092.2395833333,75.1243874642943,12645.659722957338,0.029666152802787414,0.0235180828999861,1,1,-1,0.5,False,Trend,Defensive,False
2020-11-23 00:00:00+09:00,1223194.625,1131759.365625,1117813.31875,75.60976196278104,11259.08030703611,0.029289523049870553,0.02352155896270178,1,1,-1,0.5,False,Trend,Trend,False
2020-11-24 00:00:00+09:00,1220151.875,1144462.940625,1117559.7541666667,69.9422064146178,9356.092411838046,0.029461382014338646,0.023519080828278457,1,1,1,1.0,False,Trend,Trend,False
2020-11-25 00:00:00+09:00,1221673.25,1157090.446875,1117610.4666666666,58.730167010529776,7499.134824050994,0.02949335259480742,0.023453400586584017,1,1,1,1.0,False,Trend,Trend,False
2020-11-26 00:00:00+09:00,1215587.75,1164849.515625,1117610.4666666666,58.730167010529776,5265.827889786422,0.023167953407506818,0.023460189512626163,1,1,1,1.0,False,Trend,Trend,False
2020-11-27 00:00:00+09:00,1215587.75,1173749.625,1118142.9520833334,67.27272319858025,3290.066622341117,0.02224767008256759,0.02319820015689679,1,1,1,1.0,False,Trend,Trend,False
2020-11-30 00:00:00+09:00,1195809.75,1180443.725,1118269.7354166666,64.91229208153064,309.6181774698707,0.022576268786559193,0.023294962462664867,1,1,1,1.0,False,Trend,Trend,False
2020-12-01 00:00:00+09:00,1206459.375,1187594.2375,1118852.9333333333,64.28570380586285,-1203.1944331852283,0.022559384894146346,0.02324530589315302,1,1,-1,0.5,False,Trend,Trend,False
2020-12-02 00:00:00+09:00,1201895.25,1191930.1875,1119131.8541666667,67.28974187286532,-2684.9808583412014,0.020447308682737808,0.02320534730770169,1,1,-1,0.5,False,Trend,Trend,False
2020-12-03 00:00:00+09:00,1224716.125,1193755.85625,1119943.2604166667,70.33902966674952,-2315.8766404221715,0.015404817278704673,0.023303693223199057,1,1,-1,0.5,False,Trend,Trend,False
2020-12-04 00:00:00+09:00,1255143.75,1197407.18125,1121185.725,74.45258801382002,-315.29571259125805,0.016142299330099516,0.02350364536237247,1,1,-1,0.5,False,Trend,Trend,False
2020-12-07 00:00:00+09:00,1338820.0,1206459.425,1123873.50625,80.1136636837808,6001.910923725838,0.020271078533742916,0.024885958683055865,1,1,-1,0.5,False,Trend,Trend,False
2020-12-08 00:00:00+09:00,1259708.0,1212240.69375,1125623.1020833333,54.2105440682481,4291.091135597904,0.025097409009869464,0.0260425337327948,1,1,1,1.0,False,Trend,Trend,False
2020-12-09 00:00:00+09:00,1250579.625,1216880.91875,1127093.775,53.64583132742537,2094.555101929138,0.025178583004560766,0.026057734705583244,1,1,1,1.0,False,Trend,Trend,False
2020-12-10 00:00:00+09:00,1246015.5,1221901.49375,1128564.4479166667,55.376355010557376,-4.76655875153665,0.025017107987269967,0.02605682707419543,1,1,-1,0.5,False,Trend,Trend,False
2020-12-11 00:00:00+09:00,1247536.875,1226693.8625,1130009.7645833334,54.39562175866403,-1544.732966267009,0.02502431216990116,0.0260561784874315,1,1,-1,0.5,False,Trend,Trend,False
2020-12-14 00:00:00+09:00,1235365.75,1230801.60625,1130998.6645833333,52.65957888489588,-3523.6813567805802,0.02520988149346619,0.026047299195626334,1,1,-1,0.5,False,Trend,Trend,False
2020-12-15 00:00:00+09:00,1217109.125,1232779.40625,1131607.21875,49.246236135166775,-6054.36661563786,0.025175981434901552,0.026122536862191157,1,1,-1,0.5,False,Trend,Trend,False
2020-12-16 00:00:00+09:00,1227758.875,1232399.0625,1132875.0416666667,51.98020466460231,-6939.670703498428,0.022796825804938685,0.025929990081639556,1,1,-1,0.5,False,Trend,Trend,False
2020-12-17 00:00:00+09:00,1223194.625,1232094.78125,1134041.4375,51.21950339729539,-7702.37767056526,0.02278546576087038,0.02593732953870946,1,1,-1,0.5,False,Trend,Trend,False
2020-12-18 00:00:00+09:00,1220151.875,1232322.9875,1135613.5354166667,54.123702826243196,-8233.60692565133,0.02264792168479047,0.025733487273542747,1,1,-1,0.5,False,Trend,Trend,False
2020-12-21 00:00:00+09:00,1252101.0,1233768.30625,1137946.3270833334,57.21154358906093,-6340.0367491996985,0.02333762046690557,0.02586227423179447,1,1,-1,0.5,False,Trend,Trend,False
2020-12-22 00:00:00+09:00,1221673.25,1233844.375,1140431.2583333333,52.88888499380682,-6992.2095553947365,0.024033394017615364,0.02561385040460144,1,1,-1,0.5,False,Trend,Trend,False
2020-12-23 00:00:00+09:00,1211023.625,1233311.89375,1143550.1010416667,47.926263268015234,-7927.686375561003,0.024111393494692122,0.02485199785397657,1,1,-1,0.5,False,Trend,Trend,False
2020-12-24 00:00:00+09:00,1207980.875,1232931.55,1146567.51875,42.21107187432779,-8488.171630149573,0.02409310957582987,0.024861442135411294,1,1,-1,0.5,False,Trend,Trend,False
2020-12-28 00:00:00+09:00,1200373.875,1232170.85625,1149204.5885416667,19.463102421680162,-9056.17138497856,0.024130158784221076,0.024837588559239412,1,1,-1,0.5,False,Trend,Trend,False
2020-12-29 00:00:00+09:00,1250579.625,1234909.35,1152551.6385416666,47.69229505202425,-5888.990106918653,0.025526517252078898,0.02532691605641919,1,1,-1,0.5,False,Trend,Trend,False
2020-12-30 00:00:00+09:00,1256665.125,1237419.6375,1156126.8958333333,51.56248796456769,-3348.927678418004,0.025487430620143203,0.025292581876622755,1,1,-1,0.5,False,Trend,Trend,False
2021-01-04 00:00:00+09:00,1261229.375,1240386.34375,1159093.6,53.90624949852398,-1424.5352027510362,0.025452087713771936,0.0248588941853385,1,1,-1,0.5,False,Trend,Trend,False
2021-01-05 00:00:00+09:00,1265793.5,1242440.2125,1161908.1645833333,54.6153782952429,16.326267179392744,0.02516190186963989,0.024824545443147415,1,1,1,1.0,False,Trend,Trend,False
2021-01-06 00:00:00+09:00,1242972.75,1241831.6625,1164494.5229166667,51.82483327735931,-669.0884262021173,0.02492906701261515,0.02492895908980318,1,1,-1,0.5,False,Trend,Trend,False
2021-01-07 00:00:00+09:00,1246015.5,1237191.4375,1167030.1666666667,57.48032158289066,-999.2081190979497,0.019728660247791366,0.024925090562272212,1,1,-1,0.5,False,Trend,Trend,False
2021-01-08 00:00:00+09:00,1273400.5,1237876.0625,1169920.8020833333,60.869570394573515,466.4125553895956,0.015235227901291027,0.025049626077180663,1,1,1,1.0,False,Trend,Trend,False
2021-01-11 00:00:00+09:00,1287092.875,1239701.725,1173445.3458333334,64.58334759756161,2105.843857710268,0.01527994462917029,0.024857384748467343,1,1,1,1.0,False,Trend,Trend,False
2021-01-12 00:00:00+09:00,1244494.125,1239625.65625,1176335.98125,54.705898842192966,171.106861097378,0.01716302218926859,0.025288742512807244,1,1,1,1.0,False,Trend,Trend,False
2021-01-13 00:00:00+09:00,1262750.75,1240386.35,1179961.9520833334,52.17392413745238,-19.1695956763906,0.01747200440365683,0.025084868146902264,1,1,-1,0.5,False,Trend,Trend,False
2021-01-14 00:00:00+09:00,1241451.375,1240690.63125,1183258.290625,54.19357471997337,-1630.4051942003243,0.017769804017175542,0.025213346566321168,1,1,-1,0.5,False,Trend,Trend,False
2021-01-15 00:00:00+09:00,1223194.625,1240994.90625,1186351.775,52.49998202707852,-3849.917579096913,0.017766519958522065,0.02529248582492732,1,1,-1,0.5,False,Trend,Trend,False
2021-01-18 00:00:00+09:00,1198852.5,1239549.5875,1188887.41875,48.27585067115441,-6713.915237659168,0.01820692919900154,0.025450066936888158,1,1,-1,0.5,False,Trend,Trend,False
2021-01-19 00:00:00+09:00,1211023.625,1238941.0375,1192386.6083333334,51.97741057113228,-7486.23560590431,0.01836744418519824,0.024712495001757574,1,1,-1,0.5,False,Trend,Trend,False
2021-01-20 00:00:00+09:00,1209502.25,1238408.55625,1196418.2833333334,40.6896618157113,-7763.807577767365,0.01836247820535345,0.024234436331357728,1,1,-1,0.5,False,Trend,Trend,False
2021-01-21 00:00:00+09:00,1211023.625,1236354.6875,1200627.453125,39.436635202112605,-7504.853573708388,0.017302450926521662,0.024174901175811097,1,1,-1,0.5,False,Trend,Trend,False
2021-01-22 00:00:00+09:00,1207980.875,1235670.06875,1204659.128125,37.588644630160324,-7197.356994472491,0.016445281658098825,0.024183056447001285,1,1,-1,0.5,False,Trend,Trend,False
2021-01-25 00:00:00+09:00,1201895.25,1235213.65,1208538.6635416667,35.21125456664201,-7053.339289662466,0.01636883795765328,0.024209514952928425,1,1,-1,0.5,False,Trend,Trend,False
2021-01-26 00:00:00+09:00,1220151.875,1235822.2,1211201.0885416667,44.60429570966927,-5449.795108243854,0.016716871608041906,0.021450965923363187,1,1,-1,0.5,False,Trend,Trend,False
2021-01-27 00:00:00+09:00,1291657.125,1240386.3625,1215435.6145833333,58.15217900933297,395.11559169997804,0.02083711772204762,0.022340646987547754,1,1,1,1.0,False,Trend,Trend,False
2021-01-28 00:00:00+09:00,1274921.875,1241603.475,1218985.5166666666,50.28248377766525,2959.829666923563,0.01918158414098021,0.022293164707503477,1,1,1,1.0,False,Trend,Trend,False
2021-01-29 00:00:00+09:00,1206459.375,1239093.1875,1221369.0208333333,37.55868979233496,26.27519469378035,0.022883130727511324,0.023527179149515322,1,1,-1,0.5,False,Trend,Trend,False
2021-02-01 00:00:00+09:00,1236887.125,1237876.075,1223397.5354166667,48.780478029526954,111.17913184739996,0.023642624734273966,0.022962492504585545,1,1,1,1.0,False,Trend,Trend,False
2021-02-02 00:00:00+09:00,1256665.125,1237419.65625,1224538.575,49.0291144031681,1403.6479530901188,0.02392474963051029,0.02157532414301191,1,1,1,1.0,False,Trend,Trend,False
2021-02-03 00:00:00+09:00,1255143.75,1238028.20625,1225755.6833333333,52.33158636590617,2022.766147057042,0.0235571219999802,0.02156256211186088,1,1,1,1.0,False,Trend,Trend,False
2021-02-04 00:00:00+09:00,1236887.125,1237571.7875,1227074.2166666666,52.33160864393778,1114.7711624279473,0.02379139290487558,0.02147151526548972,1,1,1,1.0,False,Trend,Trend,False
2021-02-05 00:00:00+09:00,1235365.75,1235670.05,1228595.6020833333,56.741563179681464,362.67358946817694,0.023215455492418186,0.021406125479064272,1,1,1,1.0,False,Trend,Trend,False
2021-02-08 00:00:00+09:00,1223194.625,1232475.1375,1229685.9270833333,52.247172340449104,-932.7530802486935,0.023101797764883292,0.021407847415107765,1,1,-1,0.5,False,Trend,Trend,False
2021-02-09 00:00:00+09:00,1220151.875,1231258.025,1230928.3916666666,51.95529110765633,-1916.141995263361,0.021913360772096862,0.02135974759903233,1,1,-1,0.5,False,Trend,Trend,False
2021-02-10 00:00:00+09:00,1215587.75,1228899.875,1231993.3625,50.82872251039393,-2745.124141996414,0.021609853935809584,0.021361184299015956,-1,1,-1,-0.19999999999999996,False,MeanReversion,Trend,False
2021-02-15 00:00:00+09:00,1217109.125,1227682.7625,1233058.3333333333,51.66665297302627,-3039.251417403418,0.02132178092956503,0.02136116305547641,-1,1,-1,-0.19999999999999996,False,MeanReversion,Trend,False
2021-02-16 00:00:00+09:00,1211023.625,1227074.2125,1233616.175,51.66667655652258,-3461.249306219877,0.02109875465846623,0.02121153777883329,-1,1,-1,-0.19999999999999996,False,MeanReversion,Trend,False
2021-02-17 00:00:00+09:00,1195809.75,1226922.075,1232956.9083333334,45.50563016540847,-4515.93487125003,0.020797828120768167,0.020337811796525638,-1,1,-1,-0.19999999999999996,False,MeanReversion,Trend,False
2021-02-18 00:00:00+09:00,1191245.625,1225933.175,1232322.9979166666,25.3731315829167,-5221.95356013623,0.020670090140300648,0.020334238437125316,-1,1,-1,-0.19999999999999996,False,MeanReversion,Trend,False
2021-02-19 00:00:00+09:00,1206459.375,1225781.03125,1232170.8583333334,33.08266728607312,-4398.344273309014,0.02088881177417968,0.020355523142938602,-1,1,-1,-0.19999999999999996,False,MeanReversion,Trend,False
2021-02-22 00:00:00+09:00,1186681.375,1224563.91875,1231562.3041666667,43.56435240848693,-4882.235786487926,0.021203085223728286,0.02044688580305097,-1,1,-1,-0.19999999999999996,False,MeanReversion,Trend,False
2021-02-23 00:00:00+09:00,1156253.625,1221977.55625,1230497.3333333333,23.762322273724905,-6828.791640207074,0.02192701982859267,0.020708649059552064,-1,1,-1,-0.19999999999999996,False,MeanReversion,Trend,False
2021-02-24 00:00:00+09:00,1136475.625,1218706.575,1229077.3729166666,10.89102709069877,-8894.869128963832,0.02217918064050925,0.02081365611719963,-1,1,-1,-0.19999999999999996,False,MeanReversion,Trend,False
2021-02-25 00:00:00+09:00,1179074.5,1216652.70625,1228468.81875,30.46874699113806,-6926.533622313227,0.02358768224350379,0.021376381035161308,-1,1,-1,-0.19999999999999996,False,MeanReversion,Trend,False
2021-02-26 00:00:00+09:00,1141039.875,1209121.84375,1227226.3541666667,27.659571988471683,-7662.744233710826,0.02012199916495826,0.021778525889031567,-1,1,-1,-0.19999999999999996,False,MeanReversion,Trend,False
2021-03-02 00:00:00+09:00,1145604.0,1202655.95,1226389.5916666666,29.370616111565653,-7319.500928680705,0.020177564687610942,0.021693895760047554,-1,1,-1,-0.19999999999999996,False,MeanReversion,Trend,False
2021-03-03 00:00:00+09:00,1157775.125,1200221.7375,1225578.1875,34.96504380441077,-5815.52661070344,0.01668258764912502,0.021707742934883666,-1,1,-1,-0.19999999999999996,False,MeanReversion,Trend,False
2021-03-04 00:00:00+09:00,1137997.0,1195277.23125,1224513.2166666666,32.46752068853846,-5688.541134076193,0.015731299675038002,0.021809420751039907,-1,1,-1,-0.19999999999999996,False,MeanReversion,Trend,False
2021-03-05 00:00:00+09:00,1093876.875,1187137.81875,1222332.5625,27.777770170189356,-7971.766611750238,0.016856535166354946,0.022212431816484877,-1,1,-1,-0.19999999999999996,False,MeanReversion,Trend,False
2021-03-08 00:00:00+09:00,1058885.0,1177324.88125,1219061.5833333333,24.257420708634612,-11045.262311269158,0.01772751342725554,0.02228314355729001,-1,1,-1,-0.19999999999999996,False,MeanReversion,Trend,False
2021-03-09 00:00:00+09:00,1045192.5,1167740.15,1214167.7916666667,23.671487230170484,-13068.515612172036,0.01770138232872119,0.020485690645329985,-1,1,-1,-0.19999999999999996,False,MeanReversion,Trend,False
2021-03-10 00:00:00+09:00,1042149.6875,1158079.346875,1210541.8197916667,24.623102818215926,-13618.011075690447,0.017669350299308457,0.01908115584153018,-1,1,-1,-0.19999999999999996,False,MeanReversion,Trend,False
2021-03-11 00:00:00+09:00,1087791.25,1151309.178125,1207828.6802083333,34.95573435669762,-10077.016939169589,0.02106306449539717,0.019974857000115937,-1,1,-1,-0.19999999999999996,False,MeanReversion,Trend,False
2021-03-12 00:00:00+09:00,1130390.125,1146821.090625,1205901.590625,39.754110366977386,-4329.017579150273,0.023277519831172475,0.020654133343517744,-1,1,-1,-0.19999999999999996,False,MeanReversion,MeanReversion,False
2021-03-15 00:00:00+09:00,1118219.0,1141952.653125,1203746.2927083333,40.58577974018974,-984.4564669691972,0.023330096650733472,0.020684548385312043,-1,1,-1,-0.19999999999999996,False,MeanReversion,MeanReversion,False
2021-03-16 00:00:00+09:00,1115176.25,1136856.009375,1201743.134375,43.89141322887994,1263.144036052301,0.023298353754971017,0.02065843112902617,-1,1,-1,-0.19999999999999996,False,MeanReversion,MeanReversion,False
2021-03-17 00:00:00+09:00,1093876.875,1130998.671875,1199689.2635416666,43.69370569689003,1537.393831097539,0.023536307814645743,0.02071369424145696,-1,1,-1,-0.19999999999999996,False,MeanReversion,MeanReversion,False
2021-03-18 00:00:00+09:00,1098441.0,1126130.234375,1197533.965625,36.5482200687741,2207.453121731447,0.02355236517144162,0.02068294964272017,-1,1,-1,-0.19999999999999996,False,MeanReversion,MeanReversion,False
2021-03-19 00:00:00+09:00,1077141.625,1120425.034375,1195099.7489583334,38.70967385701091,1434.8931405262447,0.023799730575312972,0.020808166101673124,-1,1,-1,-0.19999999999999996,False,MeanReversion,MeanReversion,False
2021-03-22 00:00:00+09:00,1087791.25,1114491.628125,1192893.7385416667,39.9999870270663,1834.2663483155811,0.023696256951318998,0.020865233555290155,-1,1,-1,-0.19999999999999996,False,MeanReversion,MeanReversion,False
2021-03-23 00:00:00+09:00,1084748.5,1109394.984375,1190104.5302083334,36.95650329540786,2069.2527227056707,0.023548480354732906,0.020544509304936738,-1,1,-1,-0.19999999999999996,False,MeanReversion,MeanReversion,False
2021-03-24 00:00:00+09:00,1089312.625,1106047.934375,1187898.5197916667,40.80458766021585,2669.6229865120404,0.023061094972638772,0.020352338259999204,-1,1,-1,-0.19999999999999996,False,MeanReversion,MeanReversion,False
2021-03-25 00:00:00+09:00,1092355.5,1103841.928125,1185920.7177083334,49.65986641701367,3364.3691603711013,0.022842735938289255,0.020341105934883696,-1,1,1,0.30000000000000004,False,Trend,MeanReversion,False
2021-03-26 00:00:00+09:00,1103005.125,1100038.459375,1184171.121875,61.06868864509298,4559.625520225218,0.021163608754538436,0.020394078374052292,-1,1,1,0.30000000000000004,False,Trend,Trend,False
2021-03-29 00:00:00+09:00,1137997.0,1099886.315625,1183131.5072916667,71.03448139088297,7549.007872903778,0.02131508440254593,0.020815966873277945,-1,1,-1,-0.19999999999999996,False,MeanReversion,Trend,False
2021-03-30 00:00:00+09:00,1136475.625,1099429.896875,1181229.7739583333,71.5277934288105,9158.809247900594,0.02129409822417554,0.02007729870434622,-1,1,-1,-0.19999999999999996,False,MeanReversion,MeanReversion,False
2021-03-31 00:00:00+09:00,1137997.0,1098440.990625,1179251.971875,64.34784099726079,9992.833962532211,0.021143361614934707,0.020063281865690567,-1,1,1,0.30000000000000004,False,Trend,MeanReversion,False
2021-04-01 00:00:00+09:00,1136475.625,1098364.921875,1177172.7427083333,52.27271454100353,10079.939055512463,0.020791507202888873,0.02005137733562847,-1,1,1,0.30000000000000004,False,Trend,Trend,False
2021-04-02 00:00:00+09:00,1131911.5,1100266.653125,1174941.3760416666,55.4217094074627,9477.167790320545,0.018648811593484936,0.020041087979623496,-1,1,1,0.30000000000000004,False,Trend,Trend,False
2021-04-05 00:00:00+09:00,1141039.875,1104374.396875,1173242.4947916667,59.77015402079361,9325.816634100924,0.016849994887135393,0.019964736135781418,-1,1,1,0.30000000000000004,False,Trend,Trend,False
2021-04-06 00:00:00+09:00,1147125.375,1109471.040625,1171594.3260416666,72.72731152872686,9249.896338112516,0.016382929583998156,0.019977625527804552,-1,1,-1,-0.19999999999999996,False,MeanReversion,Trend,False
2021-04-07 00:00:00+09:00,1163860.625,1115556.5875,1169768.6614583333,75.29416427188482,9883.794291772212,0.016421792993547867,0.019856898427017163,-1,1,-1,-0.19999999999999996,False,MeanReversion,MeanReversion,False
2021-04-08 00:00:00+09:00,1160817.875,1119207.91875,1167664.078125,87.67130225731805,9644.649673186454,0.013940352000557444,0.01979260426856816,-1,1,-1,-0.19999999999999996,False,MeanReversion,MeanReversion,False
2021-04-09 00:00:00+09:00,1171467.5,1121261.7875,1166446.9677083334,87.67130225731805,9722.668517134694,0.011349754089107452,0.019389172541782393,-1,1,-1,-0.19999999999999996,False,MeanReversion,MeanReversion,False
2021-04-12 00:00:00+09:00,1189724.125,1124837.04375,1165229.8572916666,91.56631515176713,10458.690438618945,0.011334792255590777,0.01940177947502016,-1,1,-1,-0.19999999999999996,False,MeanReversion,MeanReversion,False
2021-04-13 00:00:00+09:00,1192767.0,1128716.58125,1164418.4510416666,91.46347450825577,10573.809002130714,0.011253203878077746,0.01929210119822294,-1,1,-1,-0.19999999999999996,False,MeanReversion,MeanReversion,False
2021-04-14 00:00:00+09:00,1201895.25,1134117.5,1164063.4614583333,91.86051177401234,10657.97723081574,0.009934257752567871,0.01923057668692244,-1,1,-1,-0.19999999999999996,False,MeanReversion,MeanReversion,False
2021-04-15 00:00:00+09:00,1226237.5,1140507.325,1164519.878125,92.63162992874396,11664.964402935513,0.010507061903768183,0.019228206633801318,-1,1,-1,-0.19999999999999996,False,MeanReversion,MeanReversion,False
2021-04-16 00:00:00+09:00,1264272.125,1149863.85,1165407.353125,92.78355405537039,14044.797250457888,0.010182246702370093,0.01958137305989272,-1,1,-1,-0.19999999999999996,False,MeanReversion,MeanReversion,False
2021-04-19 00:00:00+09:00,1262750.75,1158611.825,1166294.828125,92.78355405537039,14603.96595665223,0.010375397518007399,0.019581283724748055,-1,1,-1,-0.19999999999999996,False,MeanReversion,MeanReversion,False
2021-04-20 00:00:00+09:00,1273400.5,1168044.425,1167334.4427083333,93.20393228580863,14736.112474665359,0.010090931717107147,0.01960630340980766,1,1,-1,0.5,False,Trend,MeanReversion,False
2021-04-21 00:00:00+09:00,1267314.875,1176944.5375,1168323.3427083334,90.56603334842218,13492.083302334198,0.010463283740187587,0.019615094073267243,1,1,-1,0.5,False,Trend,Trend,False
2021-04-22 00:00:00+09:00,1224716.125,1183562.56875,1168703.690625,73.28245567490983,9089.774409926322,0.014016397456401887,0.02011674564906793,1,1,-1,0.5,False,Trend,Trend,False
2021-04-23 00:00:00+09:00,1235365.75,1190180.6,1168957.2552083333,73.48484329785639,6316.162741665401,0.014002718930111773,0.02005388790777719,1,1,-1,0.5,False,Trend,Trend,False
2021-04-26 00:00:00+09:00,1246015.5,1195581.525,1168196.5614583334,74.0740808363718,4694.39641190871,0.012679757974083645,0.018657774687352618,1,1,-1,0.5,False,Trend,Trend,False
2021-04-27 00:00:00+09:00,1227758.875,1200145.6875,1167410.5114583333,65.44118535487908,2024.1632952829168,0.013344698240728514,0.01867851547112035,1,1,1,1.0,False,Trend,Trend,False
2021-04-28 00:00:00+09:00,1203416.625,1203416.66875,1167359.7989583334,59.33331653579191,-1556.2343068173686,0.014372875079769388,0.017448447423938574,1,1,-1,0.5,False,Trend,Trend,False
2021-04-29 00:00:00+09:00,1217109.125,1207448.34375,1167030.165625,59.868422119483874,-3088.5791553001545,0.014459570027515125,0.017205549077608982,1,1,-1,0.5,False,Trend,Trend,False
2021-04-30 00:00:00+09:00,1223194.625,1212012.5,1166472.3239583333,57.63888492660777,-3735.3376381642156,0.014355181979216442,0.01708960868560804,1,1,-1,0.5,False,Trend,Trend,False
2021-05-03 00:00:00+09:00,1176031.75,1213762.09375,1165153.790625,46.82080815046366,-7182.796899856294,0.017247507980265878,0.017811316858767922,1,1,-1,0.5,False,Trend,Trend,False
2021-05-04 00:00:00+09:00,1162339.25,1214522.7875,1163911.3260416666,42.61364485143634,-10052.587453306649,0.01746855082414794,0.017777361714611594,1,1,-1,0.5,False,Trend,Trend,False
2021-05-06 00:00:00+09:00,1191245.625,1215892.0375,1163175.990625,43.57542027655058,-9668.394724821668,0.018025064044010716,0.018081886801905343,1,1,-1,0.5,False,Trend,Trend,False
2021-05-07 00:00:00+09:00,1223194.625,1219010.875,1163175.990625,42.28569818868137,-7048.598886360971,0.01885797574003446,0.018372238285639712,1,1,-1,0.5,False,Trend,Trend,False
2021-05-10 00:00:00+09:00,1241451.375,1222510.06875,1163530.9822916666,46.23656531451443,-4022.6465810165537,0.01900356099966887,0.01846806859322621,1,1,-1,0.5,False,Trend,Trend,False
2021-05-11 00:00:00+09:00,1242972.75,1225172.5,1163987.3989583333,44.444439372721156,-1959.592801140121,0.018773461391528717,0.01846080532681888,1,1,-1,0.5,False,Trend,Trend,False
2021-05-12 00:00:00+09:00,1302306.75,1230649.4875,1165407.359375,55.348838631250665,3085.719124287207,0.02124324547411418,0.01940302376315989,1,1,1,1.0,False,Trend,Trend,False
2021-05-13 00:00:00+09:00,1317520.625,1236430.75625,1167182.309375,65.48222799811819,6913.092808386369,0.021293870431889447,0.01943255545605409,1,1,1,1.0,False,Trend,Trend,False
2021-05-14 00:00:00+09:00,1442274.375,1247232.6,1171290.053125,75.00000755164496,16751.27172574387,0.028564900798868795,0.0224883610226506,1,1,-1,0.5,False,Trend,Trend,False
2021-05-17 00:00:00+09:00,1329691.75,1250503.58125,1173597.4885416667,58.112094037809015,14656.740790841803,0.03430886930354985,0.024978819354342617,1,-1,1,0.19999999999999996,True,Defensive,Trend,False
2021-05-18 00:00:00+09:00,1360119.5,1255372.01875,1176158.490625,62.53602278181234,14285.999625376742,0.03458530099312637,0.02508472083539392,1,-1,1,0.19999999999999996,True,Defensive,Defensive,False
2021-05-20 00:00:00+09:00,1355555.25,1259479.75625,1178973.0552083333,64.97005641865174,12749.462981337376,0.03460143070288989,0.024977251351971947,1,-1,1,0.19999999999999996,True,Defensive,Defensive,False
2021-05-21 00:00:00+09:00,1309913.75,1261609.7,1181534.0572916667,58.59155509812331,7912.263370286426,0.03556965947156752,0.025157740791759534,1,-1,1,0.19999999999999996,True,Defensive,Defensive,False
2021-05-24 00:00:00+09:00,1305349.5,1265641.36875,1184348.621875,57.6271182506852,3863.266635031796,0.0345903271299826,0.025040954218201374,1,-1,1,0.19999999999999996,True,Defensive,Defensive,False
2021-05-25 00:00:00+09:00,1293178.5,1268532.00625,1186250.3552083333,61.63141731486023,26.305111446330557,0.034675036514736066,0.0246697689110178,1,-1,1,0.19999999999999996,True,Defensive,Defensive,False
2021-05-26 00:00:00+09:00,1270357.625,1269749.1125,1188405.6510416667,60.53411558591292,-4156.32708304494,0.034923980183439084,0.02439060859765689,1,-1,-1,-0.30000000000000004,True,Defensive,Defensive,False
2021-05-27 00:00:00+09:00,1242972.75,1270509.80625,1190028.4635416667,55.05952213566151,-8618.149173702132,0.035125476414436266,0.024577576137004283,1,-1,-1,-0.30000000000000004,True,Defensive,Defensive,False
2021-05-28 00:00:00+09:00,1258186.625,1273248.30625,1191701.9885416667,53.53847172847852,-10282.870783873477,0.03486643283969585,0.02458858337759437,1,-1,-1,-0.30000000000000004,True,Defensive,Defensive,False
2021-05-31 00:00:00+09:00,1285571.5,1276671.425,1194161.5635416666,54.38065685340752,-9306.995015237942,0.0350808213539743,0.024600376887471156,1,-1,-1,-0.30000000000000004,True,Defensive,Defensive,False
2021-06-01 00:00:00+09:00,1265793.5,1278801.36875,1197026.840625,52.18658466125818,-9715.81296396237,0.035310104089996255,0.024102552964218947,1,-1,-1,-0.30000000000000004,True,Defensive,Defensive,False
2021-06-02 00:00:00+09:00,1244494.125,1282224.4875,1200120.3260416666,44.025163245105745,-11046.0454915794,0.0342818721647391,0.023802285126961673,1,-1,-1,-0.30000000000000004,True,Defensive,Defensive,False
2021-06-03 00:00:00+09:00,1253622.375,1286788.64375,1203594.1572916666,43.31209857755221,-10917.073724196624,0.03412071317204232,0.0237194354308959,1,-1,-1,-0.30000000000000004,True,Defensive,Defensive,False
2021-06-04 00:00:00+09:00,1277964.625,1291124.59375,1207524.40625,28.225799505040698,-8884.457730718408,0.03397022701129971,0.023797529041763976,1,-1,-1,-0.30000000000000004,True,Defensive,Defensive,False
2021-06-07 00:00:00+09:00,1281007.375,1294015.23125,1210744.675,40.90908454323795,-7104.262359332655,0.03353786986117205,0.02322671698301091,1,-1,-1,-0.30000000000000004,True,Defensive,Defensive,False
2021-06-08 00:00:00+09:00,1300785.375,1296981.93125,1213584.5958333334,38.461519762867944,-4491.403517309682,0.03354799527829699,0.022812964881268213,1,-1,-1,-0.30000000000000004,True,Defensive,Defensive,False
2021-06-09 00:00:00+09:00,1268836.25,1298275.10625,1216094.8833333333,34.75934889050576,-4784.485177677396,0.034096296176683,0.023021402567094652,1,-1,-1,-0.30000000000000004,True,Defensive,Defensive,False
2021-06-10 00:00:00+09:00,1300785.375,1298199.0375,1219188.36875,48.314595331631935,-2794.84837603125,0.03289031103452746,0.023198187081403084,1,-1,-1,-0.30000000000000004,True,Defensive,Defensive,False
2021-06-11 00:00:00+09:00,1285571.5,1296601.58125,1222383.2791666666,46.48648768680746,-2482.2103687053423,0.032869062536568634,0.02309824006872168,1,-1,-1,-0.30000000000000004,True,Defensive,Defensive,False
2021-06-14 00:00:00+09:00,1297742.625,1289374.99375,1225704.9729166667,50.81080504927274,-1483.7675345712432,0.025030278998800254,0.023113896112749065,1,1,-1,0.5,False,Trend,Defensive,False
2021-06-15 00:00:00+09:00,1281007.375,1286940.775,1229102.7354166666,51.933711187553506,-1949.1710600454444,0.01770327508657059,0.0230211823991159,1,1,-1,0.5,False,Trend,Defensive,False
2021-06-16 00:00:00+09:00,1267314.875,1282300.54375,1232094.7958333334,54.65115334807471,-3109.064150753402,0.016824366070536646,0.02306919602473712,1,1,-1,0.5,False,Trend,Defensive,False
2021-06-17 00:00:00+09:00,1267314.875,1277888.525,1235137.56875,51.851838702936924,-3762.536786082177,0.01684295630337275,0.023061024861050723,1,1,-1,0.5,False,Trend,Defensive,False
2021-06-18 00:00:00+09:00,1271879.0,1275986.7875,1238180.3416666666,46.938769806891536,-3764.4913983274064,0.015240207001290107,0.023060443836744694,1,1,-1,0.5,False,Trend,Defensive,False
2021-06-21 00:00:00+09:00,1299264.0,1275682.5125,1241628.8166666667,57.23684139402791,-1893.0297055513638,0.016054106966839878,0.0231867688393543,1,1,-1,0.5,False,Trend,Defensive,False
2021-06-22 00:00:00+09:00,1287092.875,1275378.23125,1244696.9458333333,59.58902182354331,-1465.5169708322028,0.016055432936671138,0.02322288146228983,1,1,-1,0.5,False,Trend,Defensive,False
2021-06-23 00:00:00+09:00,1303828.125,1277051.75625,1247460.7979166666,60.92714475067417,-117.3768615112267,0.01575292847108865,0.02295867838534562,1,1,-1,0.5,False,Trend,Trend,False
2021-06-24 00:00:00+09:00,1300785.375,1279942.3875,1250199.29375,55.474439859905004,475.20468909221836,0.014825224396472228,0.022961697983652198,1,1,1,1.0,False,Trend,Trend,False
2021-06-25 00:00:00+09:00,1291657.125,1281615.9125,1252760.2958333334,52.48227983525667,173.70718784312248,0.014772708677968248,0.022992809489392606,1,1,1,1.0,False,Trend,Trend,False
2021-06-28 00:00:00+09:00,1282528.75,1281463.775,1255194.5145833334,45.522393093007835,-672.7806357273203,0.014081134470631387,0.023019424923037046,1,1,-1,0.5,False,Trend,Trend,False
2021-06-29 00:00:00+09:00,1287092.875,1282528.74375,1257780.8708333333,55.172408908330716,-941.1267796639222,0.013622517909265885,0.023006512297558467,1,1,-1,0.5,False,Trend,Trend,False
2021-06-30 00:00:00+09:00,1279486.0,1284278.3375,1260088.30625,43.00001068104829,-1607.617539008771,0.01307572555565602,0.023016513648196395,1,1,-1,0.5,False,Trend,Trend,False
2021-07-01 00:00:00+09:00,1300785.375,1286636.4875,1262649.30625,54.807697625125115,-640.3256527318954,0.013451535522951696,0.02308984254772884,1,1,-1,0.5,False,Trend,Trend,False
2021-07-02 00:00:00+09:00,1300785.375,1287777.525,1264931.3854166667,51.04165953455252,-57.53441645062503,0.012815730695738475,0.023033774782936705,1,1,-1,0.5,False,Trend,Trend,False
2021-07-05 00:00:00+09:00,1319042.0,1289679.25625,1267568.4541666666,62.8865953184623,1418.9346710743603,0.013143087092732209,0.023078416856373424,1,1,1,1.0,False,Trend,Trend,False
2021-07-06 00:00:00+09:00,1293178.5,1289298.9125,1269596.9708333334,58.09526566888086,559.2674290448231,0.013534660896297637,0.023231414232084305,1,1,1,1.0,False,Trend,Trend,False
2021-07-07 00:00:00+09:00,1285571.5,1290135.675,1271194.4270833333,55.454546133569956,-555.7671326198597,0.012333256902404733,0.023179720687974248,1,1,-1,0.5,False,Trend,Trend,False
2021-07-08 00:00:00+09:00,1312956.5,1290744.23125,1273197.5854166667,60.80002050761608,461.96536930780985,0.011965274872402966,0.023319762634685222,1,1,1,1.0,False,Trend,Trend,False
2021-07-09 00:00:00+09:00,1303828.125,1291657.0625,1274896.4666666666,51.3274239765933,431.87252553600865,0.011753716171807267,0.023332015163551854,1,1,1,1.0,False,Trend,Trend,False
2021-07-12 00:00:00+09:00,1323606.25,1292950.24375,1276519.2791666666,60.16951807874869,1590.3615457274173,0.01203763973813329,0.023273014772350175,1,1,1,1.0,False,Trend,Trend,False
2021-07-13 00:00:00+09:00,1315999.25,1294699.8375,1277381.3979166667,53.57143643129986,1681.8212863283716,0.011700428423565758,0.022969038916815624,1,1,1,1.0,False,Trend,Trend,False
2021-07-14 00:00:00+09:00,1314477.875,1297057.9875,1278243.5166666666,54.05405805511802,1484.2304350035274,0.01137058045694054,0.022968974300182115,1,1,1,1.0,False,Trend,Trend,False
2021-07-15 00:00:00+09:00,1329691.75,1300176.83125,1279181.7041666666,60.869543473244185,2180.4480084439747,0.011562798788710341,0.0229902053812308,1,1,1,1.0,False,Trend,Trend,False
2021-07-16 00:00:00+09:00,1367726.375,1304969.2,1280855.2291666667,70.89550911843388,4851.78778043244,0.012925340217077292,0.023249256713988156,1,1,-1,0.5,False,Trend,Trend,False
2021-07-19 00:00:00+09:00,1393590.0,1309685.5,1283669.79375,73.64864602295091,7833.276844875842,0.012752086243934544,0.0228821010784864,1,1,-1,0.5,False,Trend,Trend,False
2021-07-20 00:00:00+09:00,1389025.75,1314782.14375,1286230.79375,74.65748105495723,8893.17737393003,0.012496370402013091,0.02287648228341872,1,1,-1,0.5,False,Trend,Trend,False
2021-07-21 00:00:00+09:00,1370769.125,1318129.19375,1288310.0208333333,65.9721905240095,7799.016964467359,0.012856080088638967,0.022942580209019153,1,1,1,1.0,False,Trend,Trend,False
2021-07-22 00:00:00+09:00,1344905.625,1320335.20625,1290262.4666666666,59.00620959527401,4908.862057821916,0.013702433546510278,0.023000976785500074,1,1,1,1.0,False,Trend,Trend,False
2021-07-23 00:00:00+09:00,1358598.125,1323682.25625,1292848.825,58.22785336720341,3557.702510879819,0.013665882443000764,0.02285120135664758,1,1,1,1.0,False,Trend,Trend,False
2021-07-26 00:00:00+09:00,1360119.5,1327561.79375,1295232.33125,65.49293003868546,2457.143969036435,0.013483832451381265,0.02281881543141451,1,1,1,1.0,False,Trend,Trend,False
2021-07-27 00:00:00+09:00,1381418.875,1332278.09375,1297869.4020833333,70.86090877482606,2827.9358064422595,0.013775836999935636,0.02288395435248203,1,1,-1,0.5,False,Trend,Trend,False
2021-07-28 00:00:00+09:00,1378376.125,1337222.6,1301241.8083333333,65.92591195052762,2541.6010483536666,0.013665947312092771,0.022239902109841708,1,1,1,1.0,False,Trend,Trend,False
2021-07-29 00:00:00+09:00,1385983.0,1341482.48125,1304969.2041666666,70.1492464101704,2532.2435771633536,0.01334166864132163,0.022162449673137456,1,1,-1,0.5,False,Trend,Trend,False
2021-07-30 00:00:00+09:00,1354033.875,1344144.90625,1307682.3416666666,57.04222948049957,166.83763225742587,0.01459389212220374,0.022232365034023847,1,1,1,1.0,False,Trend,Trend,False
2021-08-02 00:00:00+09:00,1389025.75,1347644.09375,1310446.19375,64.99999486487957,720.3426134570909,0.015304343198454811,0.02221503756345602,1,1,1,1.0,False,Trend,Trend,False
2021-08-03 00:00:00+09:00,1382940.25,1352132.18125,1312804.3416666666,63.80368438323352,451.2448539114339,0.014483787196093317,0.022167314368427185,1,1,1,1.0,False,Trend,Trend,False
2021-08-04 00:00:00+09:00,1373812.0,1356544.20625,1314984.9958333333,59.11951310509187,-514.5474927326868,0.0145089731254224,0.022193892397750496,1,1,-1,0.5,False,Trend,Trend,False
2021-08-05 00:00:00+09:00,1387504.375,1360271.6,1316404.95625,54.54545454545455,-408.85434646842987,0.013995539005517034,0.02142605026220447,1,1,-1,0.5,False,Trend,Trend,False
2021-08-06 00:00:00+09:00,1398154.125,1364987.9,1317748.8479166667,51.12781258166008,169.643181635558,0.013841143180452592,0.02139901330315029,1,1,1,1.0,False,Trend,Trend,False
2021-08-09 00:00:00+09:00,1382940.25,1367954.6,1316759.9458333333,48.57143695530972,-636.7832362932895,0.013918558977243548,0.01793656165351102,1,1,-1,0.5,False,Trend,Trend,False
2021-08-10 00:00:00+09:00,1440753.0,1374192.2875,1318610.9666666666,63.855456273736024,2392.8610140156525,0.016239682658169535,0.015390622167549127,1,1,1,1.0,False,Trend,Trend,False
2021-08-11 00:00:00+09:00,1483351.75,1382635.98125,1320664.8375,75.70623330939651,6691.685332688059,0.017072988871672107,0.01556528863451745,1,1,-1,0.5,False,Trend,Trend,False
2021-08-12 00:00:00+09:00,1478787.625,1390090.775,1322718.7104166667,73.09943908816511,8535.579449964702,0.017138773602106278,0.015563866064813324,1,1,-1,0.5,False,Trend,Trend,False
2021-08-13 00:00:00+09:00,1495522.875,1396480.6,1325812.1958333333,74.58566068911671,10083.932941529725,0.016348230078157534,0.014888797296971918,1,1,-1,0.5,False,Trend,Trend,False
2021-08-17 00:00:00+09:00,1539643.0,1403783.25,1329717.0875,76.53063406008977,13090.535469406143,0.016974754555719423,0.015266299504761303,1,1,-1,0.5,False,Trend,Trend,False
2021-08-18 00:00:00+09:00,1510736.75,1409868.8,1333343.0583333333,70.42256346243826,12163.320541727611,0.017721657225630866,0.015444386709612816,1,1,-1,0.5,False,Trend,Trend,False
2021-08-19 00:00:00+09:00,1483351.75,1415497.93125,1336892.9604166667,64.15930844334314,8888.43113545554,0.018017418742256045,0.015455446681864663,1,1,1,1.0,False,Trend,Trend,False
2021-08-20 00:00:00+09:00,1500087.0,1423257.0,1341178.1979166667,72.22224969407974,7109.13271173773,0.01723863877678134,0.015157701190351635,1,1,-1,0.5,False,Trend,Trend,False
2021-08-23 00:00:00+09:00,1535078.875,1432081.0375,1345793.06875,72.22224969407974,7509.407510210636,0.01766023441465311,0.015331949073849355,1,1,-1,0.5,False,Trend,Trend,False
2021-08-24 00:00:00+09:00,1454445.375,1436797.33125,1348607.6333333333,58.867926049277955,1858.7567433896402,0.022191606036706297,0.016835365354720883,1,-1,1,0.19999999999999996,True,Defensive,Trend,False
2021-08-25 00:00:00+09:00,1465095.125,1440981.14375,1351929.3270833334,61.27819258571945,-1467.0332133168413,0.0220293243631315,0.016688941275141065,1,-1,-1,-0.30000000000000004,True,Defensive,Trend,False
2021-08-26 00:00:00+09:00,1451402.625,1444632.46875,1355377.8020833333,57.89474009346689,-4711.423910766403,0.022175743353278116,0.016567788075150188,1,-1,-1,-0.30000000000000004,True,Defensive,Trend,False
2021-08-27 00:00:00+09:00,1440753.0,1447370.96875,1358496.6458333333,55.26316683598409,-7529.791346112666,0.022272955760694328,0.016604811519543183,1,-1,-1,-0.30000000000000004,True,Defensive,Trend,False
2021-08-30 00:00:00+09:00,1440753.0,1451706.925,1361209.7854166667,57.421886784701705,-9236.596070490355,0.021477206101360904,0.016457774803650443,1,-1,-1,-0.30000000000000004,True,Defensive,Trend,False
2021-08-31 00:00:00+09:00,1468137.875,1455662.53125,1364328.6270833334,53.81355150354672,-8388.530480913294,0.021159729168196254,0.016600622447013824,1,1,-1,0.5,False,Trend,Trend,False
2021-09-01 00:00:00+09:00,1463573.75,1459694.20625,1367041.7666666666,46.91943220235365,-8003.370057699787,0.021138899971170185,0.016525444947958143,1,1,-1,0.5,False,Trend,Trend,False
2021-09-02 00:00:00+09:00,1442274.375,1463117.325,1369932.4020833333,44.59459359432713,-8978.303629759183,0.021402880213392227,0.016295451434601323,1,-1,-1,-0.30000000000000004,True,Defensive,Trend,False
2021-09-03 00:00:00+09:00,1446838.5,1466084.03125,1372366.6208333333,42.52335569495791,-9083.59862156339,0.021331706264698398,0.01602084471336434,1,-1,-1,-0.30000000000000004,True,Defensive,Trend,False
2021-09-06 00:00:00+09:00,1451402.625,1468746.45625,1375130.4729166667,34.574459948876026,-8617.597902819038,0.02129376764390572,0.015922629936682337,1,-1,-1,-0.30000000000000004,True,Defensive,Trend,False
2021-09-07 00:00:00+09:00,1445317.125,1471865.3,1377590.0479166666,37.57224198172774,-8477.941567498809,0.02113310299851095,0.015912444631218315,1,-1,-1,-0.30000000000000004,True,Defensive,Trend,False
2021-09-08 00:00:00+09:00,1416410.75,1470648.1875,1379846.7708333333,37.35631098401714,-9987.204570267604,0.019600304192666656,0.01605282175329745,1,1,-1,0.5,False,Trend,Trend,False
2021-09-09 00:00:00+09:00,1389025.75,1465931.8875,1381875.2854166667,29.834232575536802,-12331.006751020643,0.01868023340370512,0.016207178019559038,1,1,-1,0.5,False,Trend,Trend,False
2021-09-10 00:00:00+09:00,1407282.5,1462356.63125,1384208.0791666666,25.294127597464566,-12134.161221316994,0.01903473258966445,0.016273841818179282,1,1,-1,0.5,False,Trend,Trend,False
2021-09-13 00:00:00+09:00,1389025.75,1457031.775,1386160.525,33.33333333333333,-12657.75595505832,0.018887379673261272,0.016383411312921658,1,1,-1,0.5,False,Trend,Trend,False
2021-09-14 00:00:00+09:00,1389025.75,1449500.9125,1387656.5541666667,29.508180160862253,-12411.508267411911,0.017283306889427103,0.016175809967508382,1,1,-1,0.5,False,Trend,Trend,False
2021-09-15 00:00:00+09:00,1424017.75,1445164.9625,1389938.6354166667,43.382374707675915,-9434.25094481833,0.018195578698504748,0.016401843828265077,1,1,-1,0.5,False,Trend,Trend,False
2021-09-16 00:00:00+09:00,1393590.0,1440676.875,1391434.6666666667,39.5973187669769,-9054.75548630279,0.01835654696216747,0.016605239036085507,1,1,-1,0.5,False,Trend,Trend,False
2021-09-17 00:00:00+09:00,1419453.5,1436645.2,1393412.46875,45.78311642930467,-6710.366928484861,0.018717797028301283,0.016747293414804576,1,1,-1,0.5,False,Trend,Trend,False
2021-09-23 00:00:00+09:00,1399675.5,1429875.03125,1395212.775,36.024856765364646,-6154.757783984849,0.017841749844034215,0.016831495034118134,1,1,-1,0.5,False,Trend,Trend,False
2021-09-24 00:00:00+09:00,1402718.25,1427288.675,1397215.9333333333,37.5,-5279.051981255479,0.013576984288446965,0.016795297284101732,1,1,-1,0.5,False,Trend,Trend,False
2021-09-27 00:00:00+09:00,1399675.5,1424017.69375,1399092.3104166666,40.54053603934442,-4624.952105519787,0.013406758526694129,0.016799657008806756,1,1,-1,0.5,False,Trend,Trend,False
2021-09-28 00:00:00+09:00,1325127.625,1417703.94375,1399853.0041666667,29.381460981800302,-8696.788355048342,0.01778904624250762,0.018276878679025194,1,1,-1,0.5,False,Trend,Trend,False
2021-09-29 00:00:00+09:00,1329691.75,1412150.88125,1400334.7770833333,29.381460981800302,-10448.732666920732,0.017862978432748283,0.0181613703874905,1,1,-1,0.5,False,Trend,Trend,False
2021-09-30 00:00:00+09:00,1329691.75,1406597.81875,1400816.55,30.000012972922477,-10922.230859829375,0.017862978432748283,0.0181613703874905,1,1,-1,0.5,False,Trend,Trend,False
2021-10-01 00:00:00+09:00,1331213.125,1399751.58125,1401019.4020833333,33.72094300785935,-10447.61766353736,0.017094016950465748,0.01807422829667189,-1,1,-1,-0.19999999999999996,False,MeanReversion,Trend,False
2021-10-05 00:00:00+09:00,1235365.75,1388341.18125,1400055.85625,26.72812525557262,-15593.660544330422,0.02313385491239262,0.020349488375235723,-1,1,-1,-0.19999999999999996,False,MeanReversion,Trend,False
2021-10-06 00:00:00+09:00,1203416.625,1376398.29375,1398686.6083333334,20.353972327439138,-19879.479549102434,0.023438226364392398,0.020603576464517676,-1,1,-1,-0.19999999999999996,False,MeanReversion,Trend,False
2021-10-07 00:00:00+09:00,1239929.875,1366052.8625,1397469.4979166666,29.411758613797204,-18987.03899247344,0.02488853509782825,0.020794870422892308,-1,1,-1,-0.19999999999999996,False,MeanReversion,Trend,False
2021-10-08 00:00:00+09:00,1262750.75,1356620.26875,1396784.875,33.596846801498785,-15726.288953051757,0.02545739684080314,0.020925456591972074,-1,1,-1,-0.19999999999999996,False,MeanReversion,Trend,False
2021-10-12 00:00:00+09:00,1268836.25,1347796.225,1395872.0416666667,28.205105697474124,-12184.231458782662,0.025588183228999452,0.020837699479671935,-1,1,-1,-0.19999999999999996,False,MeanReversion,Trend,False
2021-10-13 00:00:00+09:00,1261229.375,1340037.15625,1394959.2104166667,30.136970369544997,-9497.581464972514,0.02538449248779165,0.020838750877467505,-1,1,-1,-0.19999999999999996,False,MeanReversion,MeanReversion,True
2021-10-14 00:00:00+09:00,1306871.0,1335929.41875,1394832.4291666667,34.05173085449829,-4068.081171490383,0.026767060011726265,0.021357685562764718,-1,1,-1,-0.19999999999999996,False,MeanReversion,MeanReversion,False
2021-10-15 00:00:00+09:00,1322084.75,1331669.53125,1394705.6458333333,38.864615033557236,863.397257219709,0.026722086748448313,0.021358299693865136,-1,1,-1,-0.19999999999999996,False,MeanReversion,MeanReversion,False
2021-10-18 00:00:00+09:00,1305349.5,1327485.71875,1393666.03125,36.554611115061945,3183.3305829556193,0.026715940507602266,0.02109123380902964,-1,1,-1,-0.19999999999999996,False,MeanReversion,MeanReversion,False
2021-10-19 00:00:00+09:00,1320563.375,1324062.6,1392448.9208333334,39.43088494088515,5776.44635793865,0.026911789053251884,0.02099916574747248,-1,1,-1,-0.19999999999999996,False,MeanReversion,MeanReversion,False
2021-10-20 00:00:00+09:00,1331213.125,1319422.36875,1391485.3770833334,50.98038504943007,8100.414701264694,0.026264660567035258,0.021028169554019316,-1,1,1,0.30000000000000004,False,Trend,MeanReversion,False
2021-10-21 00:00:00+09:00,1320563.375,1315771.0375,1390648.6145833333,48.557683382005045,8756.113573813716,0.02594228025101995,0.020986369357513492,-1,1,1,0.30000000000000004,False,Trend,Trend,False
2021-10-22 00:00:00+09:00,1338820.0,1311739.3625,1390547.1875,51.3636261782764,10156.581011363043,0.025763342725128185,0.020925121792098038,-1,1,1,0.30000000000000004,False,Trend,Trend,False
2021-10-25 00:00:00+09:00,1334255.875,1308468.38125,1390141.4833333334,50.45044711622801,10470.92428549377,0.025631476038319053,0.020886185328521135,-1,1,1,0.30000000000000004,False,Trend,Trend,False
2021-10-26 00:00:00+09:00,1337298.625,1305197.4,1389761.1354166667,70.80745785373645,10549.615218813702,0.025632483930638734,0.020888056613331756,-1,1,-1,-0.19999999999999996,False,MeanReversion,Trend,False
2021-10-27 00:00:00+09:00,1366205.0,1303523.875,1389507.5708333333,83.64781369189691,12102.990139807527,0.026178369116862,0.020976561083816677,-1,1,-1,-0.19999999999999996,False,MeanReversion,MeanReversion,False
2021-10-28 00:00:00+09:00,1347948.375,1304664.9125,1389000.4416666667,74.14968001564989,11461.820293365941,0.02319366861415442,0.021045074245061263,-1,1,-1,-0.19999999999999996,False,MeanReversion,MeanReversion,False
2021-10-29 00:00:00+09:00,1325127.625,1304436.70625,1387986.1854166666,63.94559648190285,9161.367883118026,0.023524563525617236,0.021139881848915364,-1,1,1,0.30000000000000004,False,Trend,MeanReversion,False
2021-11-01 00:00:00+09:00,1329691.75,1304436.70625,1387580.4833333334,63.69865018024984,7668.260960063091,0.023538445842531515,0.020936882909438296,-1,1,1,0.30000000000000004,False,Trend,MeanReversion,False
2021-11-02 00:00:00+09:00,1329691.75,1304360.6375,1386591.5833333333,65.9574517677346,6450.704366918568,0.023536910815536008,0.020660929905244273,-1,1,1,0.30000000000000004,False,Trend,MeanReversion,False
2021-11-03 00:00:00+09:00,1329691.75,1309076.9375,1385704.1083333334,56.75674875461698,5454.981250698984,0.015680174065024532,0.020655510515353248,-1,1,1,0.30000000000000004,False,Trend,MeanReversion,False
2021-11-04 00:00:00+09:00,1315999.25,1314706.06875,1384740.5625,48.18183176229815,3764.2401437709705,0.014442019186967827,0.020679363625085878,-1,1,1,0.30000000000000004,False,Trend,MeanReversion,False
2021-11-05 00:00:00+09:00,1314477.875,1318433.46875,1383523.4541666666,53.00001889723928,2494.659966462974,0.013179422383461342,0.02063221047134031,-1,1,1,0.30000000000000004,False,Trend,MeanReversion,False
2021-11-08 00:00:00+09:00,1252101.0,1317900.98125,1381089.2354166666,32.824431311084396,-2333.732883763325,0.01701092466016554,0.021497556211362664,-1,1,-1,-0.19999999999999996,False,MeanReversion,MeanReversion,False
2021-11-09 00:00:00+09:00,1256665.125,1317292.425,1378984.65,30.708636965882746,-4862.270957040273,0.016994002708080148,0.021475314675728257,-1,1,-1,-0.19999999999999996,False,MeanReversion,MeanReversion,False
2021-11-10 00:00:00+09:00,1247536.875,1316607.8,1375764.38125,30.952374742102663,-6679.487753272539,0.017018263980636973,0.020745962371115836,-1,1,-1,-0.19999999999999996,False,MeanReversion,MeanReversion,True
2021-11-11 00:00:00+09:00,1246015.5,1313565.025,1371808.7770833333,23.478252793150403,-7454.923751205217,0.014748492834554724,0.02032976963344672,-1,1,-1,-0.19999999999999996,False,MeanReversion,MeanReversion,True
2021-11-12 00:00:00+09:00,1267314.875,1310826.53125,1368284.23125,32.53966597894045,-6063.383860280559,0.015061902149760354,0.020490672458884175,-1,1,-1,-0.19999999999999996,False,MeanReversion,MeanReversion,False
2021-11-15 00:00:00+09:00,1314477.875,1311282.95,1365266.8145833334,45.16129716228522,-1722.1964803426017,0.017122253261267487,0.021032694325500922,-1,1,-1,-0.19999999999999996,False,MeanReversion,MeanReversion,False
2021-11-16 00:00:00+09:00,1326649.0,1311587.23125,1361716.9145833333,40.97222697696498,2011.0261046566484,0.017048390763167377,0.02068640108567675,-1,1,-1,-0.19999999999999996,False,MeanReversion,MeanReversion,False
2021-11-17 00:00:00+09:00,1293178.5,1309685.5,1358090.94375,38.3116893510113,2250.161022036631,0.017873519528534946,0.020792746563507852,-1,1,-1,-0.19999999999999996,False,MeanReversion,MeanReversion,False
2021-11-18 00:00:00+09:00,1279486.0,1307631.63125,1354693.18125,39.86485473716233,1543.7908164149667,0.017933606363442513,0.02071816382058907,-1,1,-1,-0.19999999999999996,False,MeanReversion,MeanReversion,False
2021-11-19 00:00:00+09:00,1357076.75,1308544.46875,1352309.6770833333,54.59184400641533,6103.790559710456,0.02227710091088593,0.022117806808467724,-1,1,1,0.30000000000000004,False,Trend,MeanReversion,False
2021-11-22 00:00:00+09:00,1332734.5,1308468.4,1348937.2708333333,50.47169445701848,7206.56853957939,0.022657837544459485,0.021975666873443857,-1,1,1,0.30000000000000004,False,Trend,Trend,False
2021-11-23 00:00:00+09:00,1300785.375,1306642.7375,1346376.2708333333,45.922743148915764,5582.7392327960515,0.023282593961881173,0.021111276368419956,-1,1,1,0.30000000000000004,False,Trend,Trend,False
2021-11-24 00:00:00+09:00,1291657.125,1302915.34375,1343485.6375,46.52174736215644,3778.6998542035326,0.022679306743495765,0.021087007819422954,-1,1,1,0.30000000000000004,False,Trend,Trend,False
2021-11-25 00:00:00+09:00,1288614.25,1299948.6375,1340772.4979166666,46.320339545506116,2336.0210137442027,0.022540423096559594,0.021065335420844412,-1,1,1,0.30000000000000004,False,Trend,Trend,False
2021-11-26 00:00:00+09:00,1323606.25,1299872.56875,1338820.0520833333,61.032870912544304,3617.436168278404,0.023148138724513902,0.021376671526963903,-1,1,1,0.30000000000000004,False,Trend,Trend,False
2021-11-29 00:00:00+09:00,1344905.625,1300633.2625,1337222.5958333334,62.9464341388374,5657.010556774269,0.023415588602073514,0.02149358866788526,-1,1,1,0.30000000000000004,False,Trend,Trend,False
2021-11-30 00:00:00+09:00,1352512.5,1301774.3,1335295.50625,65.47083714821002,7178.149772272675,0.02344232554979596,0.02135280895289995,-1,1,1,0.30000000000000004,False,Trend,Trend,False
2021-12-01 00:00:00+09:00,1355555.25,1303067.475,1333495.1979166667,66.07140892175036,7986.9709836613365,0.023443418158477034,0.021356592713859954,-1,1,1,0.30000000000000004,False,Trend,Trend,False
2021-12-02 00:00:00+09:00,1357076.75,1305121.35,1332075.2375,63.98103970128924,8191.6387820000555,0.023291876550159848,0.021286052534563334,-1,1,1,0.30000000000000004,False,Trend,Trend,False
2021-12-03 00:00:00+09:00,1369247.75,1307859.84375,1330782.0583333333,59.574454137307285,8667.861710292755,0.02333961561300097,0.02131823309941085,-1,1,1,0.30000000000000004,False,Trend,Trend,False
2021-12-06 00:00:00+09:00,1370769.125,1313793.25,1329438.1666666667,58.011029660426445,8589.935742121565,0.020080156064388063,0.021313262450128077,-1,1,1,0.30000000000000004,False,Trend,Trend,False
2021-12-07 00:00:00+09:00,1334255.875,1317672.7875,1327587.1458333333,57.37703445993847,5721.905876510144,0.021284031144900118,0.021573764034158508,-1,1,1,0.30000000000000004,False,Trend,Trend,False
2021-12-08 00:00:00+09:00,1390547.25,1324823.30625,1327156.0875,67.29857303175653,7164.972784087673,0.022771472496049352,0.02211701906385579,-1,1,1,0.30000000000000004,False,Trend,Trend,False
2021-12-09 00:00:00+09:00,1393590.0,1332202.03125,1327232.1583333334,57.40739801533485,7819.9704061231805,0.02273185047352856,0.02197443955910287,1,1,1,1.0,False,Trend,Trend,True
2021-12-10 00:00:00+09:00,1370769.125,1337374.74375,1326623.6020833333,57.76396279344154,6278.3059900119715,0.02308096477364341,0.022009417736451226,1,1,1,1.0,False,Trend,Trend,False
2021-12-13 00:00:00+09:00,1326649.0,1337983.3,1325583.9895833333,55.029595291978524,2067.0550555876125,0.02312522300693327,0.022344225127876476,1,1,1,1.0,False,Trend,Trend,False
2021-12-14 00:00:00+09:00,1354033.875,1339352.54375,1325000.7916666667,61.3259475398644,961.8905574027922,0.023481947680790972,0.022511164803774103,1,1,1,1.0,False,Trend,Trend,False
2021-12-15 00:00:00+09:00,1375333.375,1343460.2875,1324189.3854166667,64.76685393617171,1470.9486526463552,0.022824816585089433,0.022365868375289553,1,1,1,1.0,False,Trend,Trend,False
2021-12-16 00:00:00+09:00,1457488.25,1352360.4,1325254.35625,69.64285976281616,6845.379803957483,0.02564191885611712,0.02343399574966074,1,1,1,1.0,False,Trend,Trend,False
2021-12-17 00:00:00+09:00,1452924.0,1357152.7625,1325812.1979166667,66.66665380878192,9437.781996030784,0.022538558482464572,0.023323848300699706,1,1,1,1.0,False,Trend,Trend,False
2021-12-20 00:00:00+09:00,1422496.25,1361640.85,1326192.54375,60.087711395634614,8478.505564277024,0.022702339367267874,0.023416592759224295,1,1,1,1.0,False,Trend,Trend,False
2021-12-21 00:00:00+09:00,1413368.0,1367269.98125,1326370.0395833333,58.18966219427459,6683.352735517143,0.021900629686393645,0.023431113245090115,1,1,1,1.0,False,Trend,Trend,False
2021-12-22 00:00:00+09:00,1370769.125,1371225.58125,1325888.2666666666,51.73743850943736,2307.14384555952,0.02313338407730944,0.023763510768820946,1,1,1,1.0,False,Trend,Trend,False
2021-12-23 00:00:00+09:00,1363162.25,1374952.98125,1326522.1770833333,49.21875601771616,-1229.5636340419187,0.02318332620492238,0.02267937441713209,1,1,-1,0.5,False,Trend,Trend,False
2021-12-24 00:00:00+09:00,1346427.0,1376094.01875,1326801.0979166667,46.992488983049014,-4634.436985978104,0.022699579885869833,0.022735917725989062,1,1,-1,0.5,False,Trend,Trend,False
2021-12-27 00:00:00+09:00,1347948.375,1376246.15625,1327105.375,51.85185435640538,-6602.53219731446,0.02242054369351399,0.022736209669657836,1,1,-1,0.5,False,Trend,Trend,False
2021-12-28 00:00:00+09:00,1355555.25,1376398.29375,1327511.0770833334,44.54974494762665,-7163.501002444258,0.02242037914698114,0.02274663906155759,1,1,-1,0.5,False,Trend,Trend,False
2021-12-29 00:00:00+09:00,1354033.875,1376322.225,1329488.8791666667,43.80951114056767,-7379.319846942333,0.022416154059837826,0.02050633412096836,1,1,-1,0.5,False,Trend,Trend,False
2021-12-30 00:00:00+09:00,1373812.0,1377158.9875,1332328.8020833333,50.480785372969606,-5991.388509231258,0.022651562895571454,0.020244997208987515,1,1,-1,0.5,False,Trend,Trend,False
2022-01-04 00:00:00+09:00,1350991.125,1376246.15625,1334179.8229166667,54.12369933334548,-6375.928355909224,0.022882016827026185,0.020058613653381643,1,1,-1,0.5,False,Trend,Trend,False
2022-01-05 00:00:00+09:00,1309913.75,1373203.3875,1334965.8729166666,42.85716020306524,-9001.81573735069,0.023848444125105617,0.020360961898404747,1,1,-1,0.5,False,Trend,Trend,False
2022-01-06 00:00:00+09:00,1274921.875,1370236.6875,1335067.3,34.433966651577805,-12486.003623748074,0.023852714685787937,0.02066340550069411,1,1,-1,0.5,False,Trend,Trend,False
2022-01-07 00:00:00+09:00,1284050.125,1364911.83125,1335447.6458333333,15.243888081464519,-13481.409319494938,0.021690860823820674,0.020667408883772047,1,1,-1,0.5,False,Trend,Trend,False
2022-01-10 00:00:00+09:00,1271879.0,1358826.28125,1334864.4458333333,14.7928887644306,-14193.263236892852,0.021673590781737768,0.020177784681179634,1,1,-1,0.5,False,Trend,Trend,False
2022-01-11 00:00:00+09:00,1267314.875,1353653.56875,1333951.6145833333,16.4473609530785,-14172.26554771958,0.021490693669307743,0.020119491345261187,1,1,-1,0.5,False,Trend,Trend,False
2022-01-12 00:00:00+09:00,1303828.125,1352512.525,1333926.2583333333,28.823513775412806,-11039.267834606231,0.02152656151364188,0.020401550815543415,1,1,-1,0.5,False,Trend,Trend,False
2022-01-13 00:00:00+09:00,1315999.25,1350610.79375,1333850.1895833334,38.000003286477295,-7648.26253854921,0.021086035338937676,0.020381554148718815,1,1,-1,0.5,False,Trend,Trend,False
2022-01-14 00:00:00+09:00,1293178.5,1346503.05,1333216.2791666666,35.625000641890054,-6488.972966620475,0.020977559621287133,0.020476007200586645,1,1,-1,0.5,False,Trend,Trend,False
2022-01-17 00:00:00+09:00,1256665.125,1336461.89375,1332151.3083333333,32.94796397604672,-7648.293107108591,0.01606900479325907,0.020775466474622185,1,1,-1,0.5,False,Trend,Trend,False
2022-01-18 00:00:00+09:00,1226237.5,1325127.56875,1330274.9333333333,29.16666844969444,-9794.289064295146,0.016475289578833832,0.02090748568447531,-1,1,-1,-0.19999999999999996,False,MeanReversion,Trend,False
2022-01-19 00:00:00+09:00,1241451.375,1316075.325,1328728.1916666667,30.96448478857907,-9511.160585042664,0.01681703438412223,0.020981269722604615,-1,1,-1,-0.19999999999999996,False,MeanReversion,Trend,False
2022-01-20 00:00:00+09:00,1241451.375,1307479.49375,1327130.7375,31.12246566177636,-8669.58213295163,0.016885935980017395,0.02097692754127843,-1,1,-1,-0.19999999999999996,False,MeanReversion,Trend,False
2022-01-21 00:00:00+09:00,1244494.125,1301165.74375,1325102.2229166667,27.027012623181832,-7308.1540620219275,0.015995094489694932,0.02077221136031892,-1,1,-1,-0.19999999999999996,False,MeanReversion,Trend,False
2022-01-24 00:00:00+09:00,1233844.375,1294699.85,1323200.4895833333,28.248576555901224,-6549.4292307247815,0.016016728398161567,0.020734477927951193,-1,1,-1,-0.19999999999999996,False,MeanReversion,Trend,False
2022-01-25 00:00:00+09:00,1186681.375,1286712.56875,1320893.0520833333,27.62429033208396,-8523.5035624773,0.017681083099224337,0.021201242623572383,-1,1,-1,-0.19999999999999996,False,MeanReversion,Trend,False
2022-01-26 00:00:00+09:00,1186681.375,1278649.21875,1318509.5458333334,31.64554723998353,-9077.699960658978,0.017657847361765382,0.02119138053236008,-1,1,-1,-0.19999999999999996,False,MeanReversion,Trend,False
2022-01-27 00:00:00+09:00,1083227.125,1265032.8125,1314401.8020833333,20.0,-15294.411119294684,0.025659654071958877,0.0241222570772294,-1,1,-1,-0.19999999999999996,False,MeanReversion,Trend,False
2022-01-28 00:00:00+09:00,1124304.625,1253546.35,1310978.6833333333,29.707128936766622,-15475.848867918074,0.027796637219653184,0.024683659169591338,-1,1,-1,-0.19999999999999996,False,MeanReversion,Trend,False
2022-02-03 00:00:00+09:00,1174510.375,1243581.26875,1308620.5354166667,38.66172025617406,-11247.166719470682,0.02980522898699262,0.02537936895762295,-1,1,-1,-0.19999999999999996,False,MeanReversion,Trend,False
2022-02-04 00:00:00+09:00,1169946.125,1234529.01875,1306211.6729166666,32.25807306575069,-7945.640242818772,0.029741435534316497,0.025380477750409833,-1,1,-1,-0.19999999999999996,False,MeanReversion,Trend,False
2022-02-07 00:00:00+09:00,1160817.875,1227074.225,1304690.2875,29.268301643671904,-5671.462548991127,0.02921739841328201,0.024644716650230044,-1,1,-1,-0.19999999999999996,False,MeanReversion,Trend,False
2022-02-08 00:00:00+09:00,1160817.875,1221369.025,1303092.8333333333,31.168836249961316,-3564.9533216835334,0.028815990626728592,0.024636929964808377,-1,1,-1,-0.19999999999999996,False,MeanReversion,MeanReversion,False
2022-02-09 00:00:00+09:00,1160817.875,1215207.4125,1301647.5166666666,34.78262422720185,-1665.8368857132882,0.028705885708809848,0.024624971867849097,-1,1,-1,-0.19999999999999996,False,MeanReversion,MeanReversion,False
2022-02-10 00:00:00+09:00,1180595.875,1210643.25625,1300557.1895833334,42.49999691892964,1269.7174790101053,0.0290941285485007,0.024735527667442088,-1,1,-1,-0.19999999999999996,False,MeanReversion,MeanReversion,False
2022-02-11 00:00:00+09:00,1147125.375,1204633.78125,1298554.03125,35.37735556561479,1299.9156329974503,0.029627543875482974,0.024879982090199076,-1,1,-1,-0.19999999999999996,False,MeanReversion,MeanReversion,False
2022-02-14 00:00:00+09:00,1160817.875,1197483.26875,1295993.03125,38.00905044664832,2514.379471025466,0.028867719751499446,0.024437879156570683,-1,1,-1,-0.19999999999999996,False,MeanReversion,MeanReversion,False
2022-02-15 00:00:00+09:00,1125826.0,1187974.60625,1292645.98125,33.884304535369495,1294.8000392314352,0.02914655851074637,0.02466584119731647,-1,1,-1,-0.19999999999999996,False,MeanReversion,MeanReversion,True
2022-02-16 00:00:00+09:00,1151689.5,1180900.15625,1290287.83125,39.285713121288246,2494.2385622886068,0.02982183465732135,0.024696116616463083,-1,1,-1,-0.19999999999999996,False,MeanReversion,MeanReversion,False
2022-02-17 00:00:00+09:00,1156253.625,1175879.58125,1288233.9583333333,45.53571035577576,3782.032898431571,0.029395108146490004,0.024680728866274045,-1,1,1,0.30000000000000004,False,Trend,MeanReversion,False
2022-02-18 00:00:00+09:00,1151689.5,1172152.18125,1284810.8375,44.933921183189604,4466.535031655003,0.02900298173960468,0.023365449197792244,-1,1,-1,-0.19999999999999996,False,MeanReversion,MeanReversion,False
2022-02-21 00:00:00+09:00,1166903.375,1168424.78125,1282046.9854166666,66.27219222582957,5989.028185051975,0.02902577031288748,0.023365145354655965,-1,1,1,0.30000000000000004,False,Trend,MeanReversion,False
2022-02-22 00:00:00+09:00,1179074.5,1165305.9375,1280018.4708333334,61.999996713522705,7749.114865137541,0.029176371606809633,0.02323870268060994,-1,1,1,0.30000000000000004,False,Trend,Trend,False
2022-02-23 00:00:00+09:00,1169946.125,1161578.5375,1277989.9541666666,48.7804633664742,8188.907781877962,0.02917321892078644,0.02324177075064872,-1,1,1,0.30000000000000004,False,Trend,Trend,False
2022-02-24 00:00:00+09:00,1156253.625,1157699.0,1275783.94375,46.51162050099677,7468.175502522616,0.02921341672184873,0.0232783858111546,-1,1,1,0.30000000000000004,False,Trend,Trend,False
2022-02-25 00:00:00+09:00,1169946.125,1156862.2375,1273222.9416666667,52.272710297127325,7788.4557314215235,0.02813079960147024,0.023045216211332282,-1,1,1,0.30000000000000004,False,Trend,Trend,False
2022-02-28 00:00:00+09:00,1169946.125,1156025.475,1270306.95,52.272710297127325,7852.857986015493,0.02813079960147024,0.02292548008065769,-1,1,1,0.30000000000000004,False,Trend,Trend,False
2022-03-02 00:00:00+09:00,1180827.625,1160905.5,1267445.5354166667,54.725867896053224,8430.03846790157,0.018408808732711505,0.022951520703229436,-1,1,1,0.30000000000000004,False,Trend,Trend,False
2022-03-03 00:00:00+09:00,1210040.75,1165192.30625,1265020.29375,56.65753028205597,10449.029372475146,0.01740055238157269,0.023202849614181096,-1,1,1,0.30000000000000004,False,Trend,Trend,False
2022-03-04 00:00:00+09:00,1210040.75,1166968.825,1262569.69375,66.76231372635218,11377.751436162955,0.014635767154780596,0.023200831356537287,-1,1,1,0.30000000000000004,False,Trend,Trend,False
2022-03-07 00:00:00+09:00,1174677.5,1167205.39375,1259326.85625,53.31031653668465,9291.696770176466,0.016186547236511424,0.023428986090884934,-1,1,1,0.30000000000000004,False,Trend,Trend,False
2022-03-08 00:00:00+09:00,1182365.125,1168282.75625,1256186.7895833333,65.52968684014462,8151.621499943874,0.016129705244902457,0.023453744095639332,-1,1,1,0.30000000000000004,False,Trend,Trend,False
2022-03-10 00:00:00+09:00,1182365.125,1169360.11875,1253655.2770833333,59.8210948336651,7155.0469557461165,0.016129705244902457,0.023233018530705512,-1,1,1,0.30000000000000004,False,Trend,Trend,False
2022-03-11 00:00:00+09:00,1210040.75,1171821.2625,1250646.8354166667,65.00056823371348,8050.543903788726,0.01687288808744648,0.02277209430707208,-1,1,1,0.30000000000000004,False,Trend,Trend,False
2022-03-14 00:00:00+09:00,1228491.25,1174216.03125,1247895.1895833334,69.87931614639955,9477.936433955982,0.01679588130332464,0.022876589955012412,-1,1,1,0.30000000000000004,False,Trend,Trend,False
2022-03-15 00:00:00+09:00,1228491.25,1178284.325,1245523.8916666666,67.30423018595174,9964.81459479347,0.01517798861408235,0.0227994950338906,-1,1,1,0.30000000000000004,False,Trend,Trend,False
2022-03-16 00:00:00+09:00,1228491.25,1181667.99375,1243887.9291666667,64.90386645353922,9813.961783870951,0.015062211388427638,0.022436557036054496,-1,1,1,0.30000000000000004,False,Trend,Trend,False
2022-03-17 00:00:00+09:00,1228491.25,1186801.25625,1241795.5520833333,68.68581204273997,9248.9315043063,0.012882919361177886,0.02225574378095604,-1,1,1,0.30000000000000004,False,Trend,Trend,False
2022-03-18 00:00:00+09:00,1273079.75,1192870.76875,1240091.325,81.14489200031191,11278.376349640013,0.014118536783285588,0.022665419632084637,-1,1,-1,-0.19999999999999996,False,MeanReversion,Trend,False
2022-03-21 00:00:00+09:00,1273079.75,1198712.075,1237017.85,79.65994215177287,11956.361483417399,0.014161729964859822,0.021288137363987242,-1,1,-1,-0.19999999999999996,False,MeanReversion,MeanReversion,False
2022-03-22 00:00:00+09:00,1285380.0,1205396.6,1234225.45,81.00387904783712,12509.459004116201,0.014044141954709325,0.021342768492392732,-1,1,-1,-0.19999999999999996,False,MeanReversion,MeanReversion,False
2022-03-23 00:00:00+09:00,1283842.5,1211243.55625,1231914.5541666667,79.13046797843242,12043.680637460353,0.013999520041942716,0.021194699180055693,-1,1,-1,-0.19999999999999996,False,MeanReversion,MeanReversion,False
2022-03-24 00:00:00+09:00,1266929.625,1215636.3125,1229473.9145833333,67.28975655121951,9955.036977979846,0.014490917914960202,0.021238761095758677,-1,1,1,0.30000000000000004,False,Trend,MeanReversion,False
2022-03-25 00:00:00+09:00,1259241.875,1220101.1,1227615.1270833334,64.28571947059845,7524.73932798842,0.014426093406029954,0.020908944516739324,-1,1,1,0.30000000000000004,False,Trend,MeanReversion,False
2022-03-28 00:00:00+09:00,1265392.125,1225558.025,1225985.625,81.72042446764522,5873.658223253169,0.013960467410649859,0.02091724332421509,-1,1,-1,-0.19999999999999996,False,MeanReversion,MeanReversion,False
2022-03-29 00:00:00+09:00,1273079.75,1230714.70625,1224763.1708333334,81.72042446764522,4882.251778645965,0.013862124420522905,0.02088647731822487,1,1,-1,0.5,False,Trend,MeanReversion,False
2022-03-30 00:00:00+09:00,1297680.375,1237101.41875,1223925.3708333333,84.4036690404943,5424.508303799714,0.014211410379801292,0.021045436602802864,1,1,-1,0.5,False,Trend,Trend,False
2022-03-31 00:00:00+09:00,1271542.25,1241637.15,1222525.1541666666,68.51852409457165,3649.217041607051,0.015267088584379751,0.021181190570619745,1,1,1,1.0,False,Trend,Trend,False
2022-04-01 00:00:00+09:00,1260779.5,1244174.0875,1220970.9145833333,60.194170159361605,1487.2986351833024,0.014677518590015504,0.02120292648548703,1,1,1,1.0,False,Trend,Trend,False
2022-04-04 00:00:00+09:00,1254629.375,1246403.51875,1218984.5375,57.9439280740291,-512.6417426387379,0.01475406066787143,0.021107279941762716,1,1,-1,0.5,False,Trend,Trend,False
2022-04-05 00:00:00+09:00,1250016.75,1250170.48125,1217301.63125,56.363633676069746,-2206.9291784707166,0.0128596662304428,0.02101459406234289,1,1,-1,0.5,False,Trend,Trend,False
2022-04-06 00:00:00+09:00,1250016.75,1253553.0625,1216303.3479166667,56.363633676069746,-3321.424935100764,0.012851214186818874,0.02065283599031831,1,1,-1,0.5,False,Trend,Trend,False
2022-04-07 00:00:00+09:00,1245404.125,1256705.0125,1215811.3854166667,39.2857315686322,-4300.891542744022,0.012919738959232815,0.02036686394012028,1,1,-1,0.5,False,Trend,Trend,False
2022-04-08 00:00:00+09:00,1243866.625,1258396.30625,1215141.6604166667,38.823557542861245,-4938.329342432611,0.011996851791707931,0.020343101130577395,1,1,-1,0.5,False,Trend,Trend,False
2022-04-11 00:00:00+09:00,1231566.25,1258550.05625,1214469.78125,29.41179846316591,-6003.580655687721,0.011792111130689882,0.020346274433896278,1,1,-1,0.5,False,Trend,Trend,False
2022-04-12 00:00:00+09:00,1214653.375,1257858.1625,1213592.0895833333,26.315821002302897,-7561.810556681268,0.012198216541587812,0.020415115711488786,1,1,-1,0.5,False,Trend,Trend,False
2022-04-13 00:00:00+09:00,1242329.0,1258550.05,1212567.1041666667,42.15685727516696,-6484.576100634338,0.013248309626825733,0.020286804293900198,1,1,-1,0.5,False,Trend,Trend,False
2022-04-14 00:00:00+09:00,1289992.625,1261625.11875,1212133.6604166667,57.81250198483522,-2521.5869282395943,0.015625916955332664,0.020848552887531867,1,1,-1,0.5,False,Trend,Trend,False
2022-04-15 00:00:00+09:00,1283842.5,1262163.25625,1211978.0604166666,54.68748511372636,-386.12964653692325,0.013585496162179866,0.020735485591711553,1,1,-1,0.5,False,Trend,Trend,False
2022-04-18 00:00:00+09:00,1279229.875,1262470.7625,1212354.1395833334,51.58729595434874,590.9215775640441,0.013615172848684166,0.020401008684749367,1,1,1,1.0,False,Trend,Trend,False
2022-04-19 00:00:00+09:00,1268467.125,1261625.11875,1213057.9666666666,41.88032525115799,396.854247653353,0.013559625068948224,0.02017408979625233,1,1,-1,0.5,False,Trend,Trend,False
2022-04-20 00:00:00+09:00,1237716.375,1259318.8125,1212995.7166666666,40.83331357318763,-1797.5661489533577,0.01457480212136663,0.020370225285450905,1,1,-1,0.5,False,Trend,Trend,False
2022-04-21 00:00:00+09:00,1239254.0,1257935.03125,1212959.09375,43.859655378488895,-3066.068273355875,0.014334909688497346,0.020370907734114208,1,1,-1,0.5,False,Trend,Trend,False
2022-04-22 00:00:00+09:00,1231566.25,1256551.25,1212743.6291666667,43.478245501171756,-4269.479475842356,0.014337436060203561,0.020383786061157358,1,1,-1,0.5,False,Trend,Trend,False
2022-04-25 00:00:00+09:00,1219266.0,1254244.94375,1212500.65625,41.66666666666667,-5653.63611272185,0.014397453484079229,0.020394740594074,1,1,-1,0.5,False,Trend,Trend,False
2022-04-26 00:00:00+09:00,1236178.875,1252399.9,1213325.6145833333,46.56487554760358,-5201.321537515133,0.014720597311724674,0.019823842221844357,1,1,-1,0.5,False,Trend,Trend,False
2022-04-27 00:00:00+09:00,1245404.125,1249786.0875,1214304.3270833334,50.0,-4100.404866282257,0.014076689349641364,0.019842741458815056,1,1,-1,0.5,False,Trend,Trend,False
2022-04-28 00:00:00+09:00,1283842.5,1250401.1,1217647.9166666667,58.227829212733866,-777.0097954253756,0.015139325294009057,0.016151657186382416,1,1,-1,0.5,False,Trend,Trend,False
2022-04-29 00:00:00+09:00,1288455.125,1251784.88125,1220383.7583333333,62.091506393651244,1608.2644391066133,0.015002543717339402,0.01550880222394899,1,1,1,1.0,False,Trend,Trend,False
2022-05-02 00:00:00+09:00,1288455.125,1253476.16875,1222282.8375,66.90140280607017,2982.4701794556686,0.014939746857239138,0.014525825352234545,1,1,1,1.0,False,Trend,Trend,False
2022-05-03 00:00:00+09:00,1279229.875,1254936.825,1224104.2333333334,59.23076297701307,3055.388083661599,0.015021908190107658,0.01455290174393044,1,1,1,1.0,False,Trend,Trend,False
2022-05-04 00:00:00+09:00,1253091.75,1255090.575,1225642.13125,39.65518087235035,1222.5574868538752,0.015794847876660346,0.014784133076381963,1,1,-1,0.5,False,Trend,Trend,False
2022-05-06 00:00:00+09:00,1220803.5,1253860.54375,1226641.8916666666,34.58647627663606,-2103.9524069090667,0.016840197887316385,0.015200533755779027,1,1,-1,0.5,False,Trend,Trend,False
2022-05-10 00:00:00+09:00,1226953.625,1253014.89375,1227744.1541666666,37.313437363490756,-3734.44777462984,0.016893644586305073,0.015209669506856118,1,1,-1,0.5,False,Trend,Trend,False
2022-05-11 00:00:00+09:00,1219266.0,1252399.88125,1228388.65625,37.87880187652551,-5091.022148861203,0.016807867284813347,0.015091050640112373,1,1,-1,0.5,False,Trend,Trend,False
2022-05-12 00:00:00+09:00,1211578.375,1252246.13125,1229462.8729166666,42.73507539951109,-6193.190811489245,0.016576923879310684,0.014623534425709886,1,1,-1,0.5,False,Trend,Trend,False
2022-05-13 00:00:00+09:00,1206965.75,1250477.96875,1230232.0041666667,41.17647058823529,-6867.770549347253,0.015705692229223984,0.014564437051148703,1,1,-1,0.5,False,Trend,Trend,False
2022-05-16 00:00:00+09:00,1183902.625,1245173.46875,1231199.9479166667,37.98449270420996,-8400.798016363458,0.013208764954986367,0.014222088912216936,1,1,-1,0.5,False,Trend,Trend,False
2022-05-17 00:00:00+09:00,1177752.5,1239868.96875,1231634.33125,39.199992715617725,-9293.024789956906,0.013209948634824652,0.013948371987798972,1,1,-1,0.5,False,Trend,Trend,False
2022-05-18 00:00:00+09:00,1219266.0,1236870.775,1232684.5375,46.09929650512788,-6673.876221615854,0.01582687035243915,0.014627954084676851,1,1,-1,0.5,False,Trend,Trend,False
2022-05-19 00:00:00+09:00,1223878.625,1234641.35,1233887.6895833334,44.92753793948535,-4330.882232917313,0.01581704113158062,0.014618649126274589,1,1,-1,0.5,False,Trend,Trend,False
2022-05-20 00:00:00+09:00,1242329.0,1234871.98125,1235144.7833333334,39.199992715617725,-1390.8363670880553,0.01528389142869939,0.01464637631402799,-1,1,-1,-0.19999999999999996,False,MeanReversion,Trend,False
2022-05-23 00:00:00+09:00,1259241.875,1235871.375,1236480.90625,42.8571253922826,1674.3583253259494,0.015572486114593649,0.014685926266807892,-1,1,-1,-0.19999999999999996,False,MeanReversion,MeanReversion,False
2022-05-24 00:00:00+09:00,1242329.0,1236409.5125,1237687.2875,39.58332039513538,2494.8147637453458,0.01582915359393616,0.014763333573298915,-1,1,-1,-0.19999999999999996,False,MeanReversion,MeanReversion,False
2022-05-25 00:00:00+09:00,1277692.375,1239330.83125,1239711.2666666666,49.689448207535456,5195.765030778242,0.01676771225545151,0.015071826400037992,-1,1,1,0.30000000000000004,False,Trend,MeanReversion,False
2022-05-26 00:00:00+09:00,1291530.25,1242098.4,1241737.66875,58.16995617297858,7548.234800252316,0.016673073538308623,0.015061004031101437,1,1,1,1.0,False,Trend,Trend,True
2022-05-27 00:00:00+09:00,1282305.0,1243943.44375,1243610.3166666667,64.4927655763974,8069.924680662488,0.01675088175754204,0.015102672855601717,1,1,1,1.0,False,Trend,Trend,False
2022-05-30 00:00:00+09:00,1296142.75,1244558.45625,1245532.2354166666,65.73426851724986,8870.203139026766,0.015492841836948558,0.015116668259716016,-1,1,1,0.30000000000000004,False,Trend,Trend,False
2022-05-31 00:00:00+09:00,1302293.0,1245250.35,1247069.7729166667,69.01408531341855,9292.328323900421,0.015507081131354425,0.014822226681862482,-1,1,1,0.30000000000000004,False,Trend,Trend,False
2022-06-02 00:00:00+09:00,1296142.75,1245634.73125,1248504.80625,69.50349498340293,8649.137593592293,0.01555172572704926,0.014841441576672415,-1,1,1,0.30000000000000004,False,Trend,Trend,False
2022-06-03 00:00:00+09:00,1309980.625,1247172.26875,1250759.8583333334,72.7890738851143,8627.82691463121,0.015610330278609962,0.014326423066255893,-1,1,-1,-0.19999999999999996,False,MeanReversion,Trend,False
2022-06-07 00:00:00+09:00,1263854.5,1247710.40625,1252118.0145833334,66.04936443899553,5150.988789110563,0.017034455326890185,0.015113123116138851,-1,1,1,0.30000000000000004,False,Trend,Trend,False
2022-06-08 00:00:00+09:00,1273079.75,1250324.21875,1253629.925,68.90241665633907,3211.2099007272172,0.0158951721287817,0.015133214807252689,-1,1,1,0.30000000000000004,False,Trend,Trend,False
2022-06-09 00:00:00+09:00,1246941.625,1251323.61875,1254244.9395833334,55.844142817700124,72.38940492436268,0.016670853653113837,0.015117000775206463,-1,1,1,0.30000000000000004,False,Trend,Trend,False
2022-06-10 00:00:00+09:00,1246941.625,1252707.4,1254552.4458333333,54.966872085222676,-1985.515900090144,0.016589141090082735,0.0149944820168613,-1,1,-1,-0.19999999999999996,False,MeanReversion,Trend,False
2022-06-13 00:00:00+09:00,1208503.25,1252553.64375,1254219.3125,43.29270045854504,-5706.567608791995,0.018055535979324622,0.015538278385511965,-1,1,-1,-0.19999999999999996,False,MeanReversion,Trend,False
2022-06-14 00:00:00+09:00,1205428.125,1252476.7625,1253834.9270833333,38.70969941485868,-8005.177161608364,0.01804413989241715,0.015540999701963898,-1,1,-1,-0.19999999999999996,False,MeanReversion,Trend,False
2022-06-15 00:00:00+09:00,1214653.375,1254014.3,1253604.2958333334,44.00001734373161,-8488.50400275514,0.01753091613510031,0.015574756772636351,1,1,-1,0.5,False,Trend,Trend,True
2022-06-16 00:00:00+09:00,1240791.5,1257166.25,1253066.1583333334,41.66668078103255,-6710.022827814785,0.01800940680589687,0.015118272295812708,1,1,-1,0.5,False,Trend,Trend,False
2022-06-17 00:00:00+09:00,1279229.875,1260164.44375,1253168.6604166667,47.49998602677068,-2806.8484101889544,0.017642515274321317,0.01563707211268256,1,1,-1,0.5,False,Trend,Trend,False
2022-06-20 00:00:00+09:00,1263854.5,1262163.2375,1252809.9020833333,46.34145495104722,-1204.4387138324144,0.01793182977882843,0.015663819035470032,1,1,-1,0.5,False,Trend,Trend,False
2022-06-21 00:00:00+09:00,1262317.0,1263162.6375,1252451.14375,42.94873799279568,-242.25872152420175,0.01766049754547346,0.01566383946000572,1,1,-1,0.5,False,Trend,Trend,False
2022-06-22 00:00:00+09:00,1256166.875,1263008.8875,1252271.7645833334,40.38461638681979,-25.616164463985342,0.017440753728325268,0.015583314983362498,1,1,-1,0.5,False,Trend,Trend,False
2022-06-23 00:00:00+09:00,1260779.5,1263931.4125,1252297.3916666666,42.58066681842452,399.2931564912619,0.017167042109970602,0.015571115988575544,1,1,-1,0.5,False,Trend,Trend,False
2022-06-24 00:00:00+09:00,1277692.375,1263931.4125,1252502.3958333333,43.312105868743224,1716.528751025457,0.01622226133846174,0.015653782609352677,1,1,-1,0.5,False,Trend,Trend,False
2022-06-27 00:00:00+09:00,1239254.0,1261317.6,1251938.6333333333,44.736858995616274,-12.294280517089419,0.0173686577188278,0.016126229172797546,1,1,-1,0.5,False,Trend,Trend,False
2022-06-28 00:00:00+09:00,1253091.75,1259856.9375,1251195.4895833333,45.80644349146938,-223.53189477189426,0.017565604004875186,0.015993622673792274,1,1,-1,0.5,False,Trend,Trend,False
2022-06-29 00:00:00+09:00,1231566.25,1256628.1125,1250529.2229166667,46.71052174131639,-1728.7934707897157,0.017686516216906707,0.0159349991581696,1,1,-1,0.5,False,Trend,Trend,False
2022-06-30 00:00:00+09:00,1214653.375,1252246.13125,1249760.4541666666,43.55828037263847,-3667.908675902553,0.0177707023987089,0.015994882112873768,1,1,-1,0.5,False,Trend,Trend,False
2022-07-01 00:00:00+09:00,1200815.625,1247479.775,1248863.5583333333,48.299330638484506,-5572.696108040982,0.01785898779111223,0.016046979892428297,-1,1,-1,-0.19999999999999996,False,MeanReversion,Trend,False
2022-07-04 00:00:00+09:00,1216190.875,1242790.2875,1248299.79375,52.258067223276484,-5479.108737638314,0.017954419030698044,0.016135348019711403,-1,1,-1,-0.19999999999999996,False,MeanReversion,Trend,False
2022-07-05 00:00:00+09:00,1237716.375,1241483.38125,1248094.7875,54.60122576989682,-3732.9021765409784,0.016861385783475923,0.016301883952196505,-1,1,-1,-0.19999999999999996,False,MeanReversion,Trend,False
2022-07-06 00:00:00+09:00,1230028.75,1239330.83125,1247838.53125,47.68211528314687,-2898.210307837039,0.016780956869308628,0.016314464812460478,-1,1,-1,-0.19999999999999996,False,MeanReversion,Trend,False
2022-07-07 00:00:00+09:00,1256166.875,1239792.09375,1248043.5354166667,44.75524435767492,-513.3081669520907,0.016887642630601166,0.01654225550615368,-1,1,-1,-0.19999999999999996,False,MeanReversion,MeanReversion,False
2022-07-08 00:00:00+09:00,1259241.875,1240407.10625,1248504.7958333334,48.888882197604985,1247.5504041925196,0.016893682453761286,0.016491252199714597,-1,1,1,0.30000000000000004,False,Trend,MeanReversion,False
2022-07-11 00:00:00+09:00,1274617.25,1243712.80625,1249504.19375,52.77777464123963,3307.1012164329095,0.015308052290382693,0.016452976104159963,-1,1,1,0.30000000000000004,False,Trend,Trend,False
2022-07-12 00:00:00+09:00,1282305.0,1247556.65,1250170.4604166667,55.862080952533134,4947.757661501535,0.01527432877012117,0.016219838616153042,-1,1,1,0.30000000000000004,False,Trend,Trend,False
2022-07-13 00:00:00+09:00,1279229.875,1250785.475,1249991.08125,54.16665960945982,5541.714831652405,0.01528224143871354,0.015473212584601315,1,1,1,1.0,False,Trend,Trend,True
2022-07-14 00:00:00+09:00,1268467.125,1252169.25625,1249734.825,47.85713207257911,4945.248001010944,0.014806311114524599,0.015499096022465684,1,1,1,1.0,False,Trend,Trend,False
2022-07-15 00:00:00+09:00,1256166.875,1251016.10625,1249350.4416666667,54.47154632756375,3524.523367260281,0.013253119519252862,0.015542176153898411,1,1,1,1.0,False,Trend,Trend,False
2022-07-18 00:00:00+09:00,1245404.125,1250093.5875,1248966.0583333333,47.93389651375062,1751.7332004131197,0.013120534774076105,0.015543573046858196,1,1,1,1.0,False,Trend,Trend,False
2022-07-19 00:00:00+09:00,1259241.875,1249939.83125,1249324.8166666667,57.75862733568306,1417.161652450778,0.013380960777982162,0.015279899420663257,1,1,1,1.0,False,Trend,Trend,False
2022-07-20 00:00:00+09:00,1265392.125,1250401.09375,1249760.4520833334,65.13764889276737,1507.7481766114774,0.01337605369422446,0.015290927212052118,1,1,1,1.0,False,Trend,Trend,False
2022-07-21 00:00:00+09:00,1256166.875,1250170.4625,1250170.4625,66.98112483989478,875.4018953053146,0.013458648290096981,0.015299547337234964,-1,1,1,0.30000000000000004,False,Trend,Trend,False
2022-07-22 00:00:00+09:00,1274617.25,1250016.70625,1251092.9833333334,67.59259607762843,1587.2824882361556,0.013527728169989489,0.015346844031954273,-1,1,1,0.30000000000000004,False,Trend,Trend,False
2022-07-25 00:00:00+09:00,1274617.25,1251784.86875,1251733.6229166666,62.76596204724505,1923.302920003383,0.011481418925982438,0.01525126100272084,1,1,1,1.0,False,Trend,Trend,True
2022-07-26 00:00:00+09:00,1273079.75,1252784.26875,1252194.8833333333,65.55555154079488,1903.6234835752903,0.011262066625608132,0.015225541839190719,1,1,1,1.0,False,Trend,Trend,False
2022-07-27 00:00:00+09:00,1293067.75,1255859.34375,1252348.6375,63.953489471320864,3031.3982689150544,0.010872698876565095,0.014845585003533081,1,1,1,1.0,False,Trend,Trend,False
2022-07-28 00:00:00+09:00,1326893.5,1261471.35,1252989.2770833333,70.75472204603204,5695.439020418407,0.011355216468613183,0.015206772113862222,1,1,-1,0.5,False,Trend,Trend,False
2022-07-29 00:00:00+09:00,1329968.625,1267929.0,1253681.16875,68.367361329452,7207.31399275406,0.010742801705130839,0.01520844442238177,1,1,1,1.0,False,Trend,Trend,False
2022-08-01 00:00:00+09:00,1349956.5,1274617.28125,1254859.9458333333,70.75469961574746,8980.684058815961,0.01083547108332728,0.015285912251456877,1,1,-1,0.5,False,Trend,Trend,False
2022-08-02 00:00:00+09:00,1331506.125,1279306.76875,1256166.8520833333,64.6551941644146,8351.483082590456,0.011215570727074992,0.015146709683390207,1,1,1,1.0,False,Trend,Trend,False
2022-08-03 00:00:00+09:00,1339193.75,1284765.01875,1258140.0229166667,70.17545611243796,7898.412255063704,0.010977418148538405,0.01473279165210148,1,1,-1,0.5,False,Trend,Trend,False
2022-08-04 00:00:00+09:00,1345344.0,1289223.875,1260113.1958333333,76.36366055175381,7463.373353850882,0.010246250678478754,0.014731127274966676,1,1,-1,0.5,False,Trend,Trend,False
2022-08-05 00:00:00+09:00,1376094.625,1295066.5125,1262727.00625,84.55286218698238,8615.36989676438,0.011099920788225361,0.014941698323546812,1,1,-1,0.5,False,Trend,Trend,False
2022-08-08 00:00:00+09:00,1383782.375,1300524.76875,1265597.0729166667,84.03364272470272,9210.244973582943,0.010956400879846697,0.014908021308523586,1,1,-1,0.5,False,Trend,Trend,False
2022-08-09 00:00:00+09:00,1386857.375,1305752.3875,1268595.2666666666,83.7606974203895,9109.375834067745,0.010954530810356375,0.014886996499636929,1,1,-1,0.5,False,Trend,Trend,False
2022-08-10 00:00:00+09:00,1371482.0,1310364.99375,1271721.5895833333,80.99175386153502,7379.4934863084345,0.01138626209814239,0.014722845616833853,1,1,-1,0.5,False,Trend,Trend,False
2022-08-11 00:00:00+09:00,1389932.5,1316438.2625,1275257.9229166666,80.99176663302727,6861.12947073183,0.011226863599320193,0.014754271546713466,1,1,-1,0.5,False,Trend,Trend,False
2022-08-12 00:00:00+09:00,1399157.75,1323587.80625,1278256.11875,81.8897970471201,6524.923367947526,0.010713088187354341,0.014159524872680218,1,1,-1,0.5,False,Trend,Trend,False
2022-08-16 00:00:00+09:00,1391470.0,1330891.1,1281049.3083333333,79.38930255477126,5226.295027018674,0.010520911734302179,0.014193753271056986,1,1,-1,0.5,False,Trend,Trend,False
2022-08-17 00:00:00+09:00,1339193.75,1334888.69375,1282663.7208333334,59.868402754749035,535.0696292798275,0.014277027203350867,0.015019373448531369,1,1,1,1.0,False,Trend,Trend,False
2022-08-18 00:00:00+09:00,1345344.0,1338886.2875,1284098.75625,54.47762461777411,-2309.224887784443,0.014275254928226159,0.014939712079466155,1,1,-1,0.5,False,Trend,Trend,False
2022-08-19 00:00:00+09:00,1334581.25,1342807.00625,1285636.29375,51.079140056885805,-4920.881248801474,0.014303488331531045,0.014865253700402056,1,1,-1,0.5,False,Trend,Trend,False
2022-08-22 00:00:00+09:00,1308443.125,1344498.3,1286148.80625,40.55947236493735,-8219.82200761884,0.014894121433072668,0.014681413168431372,1,1,-1,0.5,False,Trend,Trend,False
2022-08-23 00:00:00+09:00,1274617.25,1344498.3,1285866.9229166666,37.90850645634547,-12248.482994207177,0.01611665737212192,0.015010507223015968,1,1,-1,0.5,False,Trend,Trend,False
2022-08-24 00:00:00+09:00,1273079.75,1344498.3,1285713.16875,35.570504587105916,-14434.84398524314,0.01611665737212192,0.014983437518944674,1,1,-1,0.5,False,Trend,Trend,False
2022-08-25 00:00:00+09:00,1299217.875,1344805.80625,1285764.4208333334,40.74074259942418,-13552.780712903588,0.016390648636125472,0.015151389641495618,1,1,-1,0.5,False,Trend,Trend,False
2022-08-26 00:00:00+09:00,1302293.0,1343575.78125,1285764.4208333334,33.33338979079687,-12234.66502374941,0.01526397672580116,0.015142031208748203,1,1,-1,0.5,False,Trend,Trend,False
2022-08-29 00:00:00+09:00,1274617.25,1340808.2125,1285405.6625,27.388565045990745,-12646.901656425145,0.015910948295468106,0.01538319529755728,1,1,-1,0.5,False,Trend,Trend,False
2022-08-30 00:00:00+09:00,1285380.0,1337579.3875,1284995.6520833333,29.629674237987473,-11640.199358719443,0.015607701172202748,0.015359273359198677,1,1,-1,0.5,False,Trend,Trend,False
2022-08-31 00:00:00+09:00,1283842.5,1335196.20625,1285328.7854166667,31.372599030366402,-10555.349477272888,0.015379672780524446,0.014635052243544954,1,1,-1,0.5,False,Trend,Trend,False
2022-09-01 00:00:00+09:00,1270004.75,1331736.75625,1285277.5354166667,24.000052031223063,-10239.30327050942,0.015396837011783498,0.014674693717586583,1,1,-1,0.5,False,Trend,Trend,False
2022-09-02 00:00:00+09:00,1288455.125,1328892.3125,1285969.4270833333,26.92309496275628,-8337.805827330947,0.015792383805783138,0.014535371400142362,1,1,-1,0.5,False,Trend,Trend,False
2022-09-05 00:00:00+09:00,1253091.75,1322742.16875,1286071.9291666667,24.137951979486516,-8957.522162731855,0.01565635094777499,0.01499001208903747,1,1,-1,0.5,False,Trend,Trend,False
2022-09-06 00:00:00+09:00,1254629.375,1316284.51875,1286840.6979166667,30.496505016597055,-8749.648278719467,0.015536282505598837,0.014412480536391301,1,1,-1,0.5,False,Trend,Trend,False
2022-09-07 00:00:00+09:00,1246941.625,1309288.73125,1287532.5895833333,27.464799618468106,-8602.753632803597,0.015446896250312463,0.014433376879043721,1,1,-1,0.5,False,Trend,Trend,False
2022-09-08 00:00:00+09:00,1245404.125,1302984.8375,1288045.1020833333,28.67648509332328,-8089.678049451417,0.015408959068234656,0.014405217244676641,1,1,-1,0.5,False,Trend,Trend,False
2022-09-13 00:00:00+09:00,1293067.75,1298141.6,1288916.3729166666,46.666666666666664,-4215.6447511648585,0.017692263723701515,0.014947594795525753,1,1,-1,0.5,False,Trend,Trend,False
2022-09-14 00:00:00+09:00,1273079.75,1291837.7,1288813.8708333333,49.6453986583961,-2745.871850604959,0.01771304242151414,0.01456854541893233,1,1,-1,0.5,False,Trend,Trend,False
2022-09-15 00:00:00+09:00,1240791.5,1284303.775,1288429.4875,43.478267456022884,-3638.8055352008523,0.01832449672185989,0.014861378813355862,-1,1,-1,-0.19999999999999996,False,MeanReversion,Trend,False
2022-09-16 00:00:00+09:00,1233103.875,1278999.28125,1287942.6020833333,35.57048884077645,-4387.580885066172,0.016651900074430907,0.0148805609611998,-1,1,-1,-0.19999999999999996,False,MeanReversion,Trend,False
2022-09-19 00:00:00+09:00,1243866.625,1273925.4125,1287737.5979166667,37.66234040475229,-3819.288528987381,0.01678975245650021,0.014914232787717675,-1,1,-1,-0.19999999999999996,False,MeanReversion,Trend,False
2022-09-20 00:00:00+09:00,1230028.75,1268697.7875,1287225.0854166667,40.00001121364118,-4016.5239598631397,0.016845141523146392,0.01497274232569015,-1,1,-1,-0.19999999999999996,False,MeanReversion,Trend,False
2022-09-21 00:00:00+09:00,1208503.25,1263700.79375,1286071.9333333333,33.55264424671222,-5164.689766904077,0.016747330651579295,0.015025081365752393,-1,1,-1,-0.19999999999999996,False,MeanReversion,Trend,False
2022-09-22 00:00:00+09:00,1206965.75,1260318.21875,1285533.7958333334,33.55264424671222,-5561.332725207671,0.015913472127232847,0.014513601849610445,-1,1,-1,-0.19999999999999996,False,MeanReversion,Trend,False
2022-09-23 00:00:00+09:00,1183902.625,1255859.3625,1284380.64375,32.27847221972094,-6827.182739536744,0.016330976593493876,0.014633840672775381,-1,1,-1,-0.19999999999999996,False,MeanReversion,Trend,False
2022-09-26 00:00:00+09:00,1165452.25,1249171.08125,1283278.74375,24.683564820651142,-8261.541488538867,0.015516391779214779,0.014604569492086293,-1,1,-1,-0.19999999999999996,False,MeanReversion,Trend,False
2022-09-27 00:00:00+09:00,1159302.125,1242021.5375,1282356.2229166667,28.0575829906401,-8922.523848525732,0.015407978576361005,0.014518008722048885,-1,1,-1,-0.19999999999999996,False,MeanReversion,Trend,False
2022-09-28 00:00:00+09:00,1179290.125,1237255.18125,1281997.4645833333,33.77484192481306,-7375.708772370421,0.015754318372572358,0.0146295066903816,-1,1,-1,-0.19999999999999996,False,MeanReversion,Trend,False
2022-09-29 00:00:00+09:00,1250016.75,1235487.01875,1282561.2291666667,50.52084237536811,-1271.3443926025648,0.020901619697180168,0.016390760261875963,-1,1,-1,-0.19999999999999996,False,MeanReversion,MeanReversion,False
2022-09-30 00:00:00+09:00,1240791.5,1233334.46875,1282612.48125,49.2385759569025,2270.158499191144,0.02094461360212884,0.01626594265829189,-1,1,1,0.30000000000000004,False,Trend,MeanReversion,False
2022-10-04 00:00:00+09:00,1246941.625,1232181.3125,1282894.3625,41.176462148902296,4995.704389951457,0.02087965880360421,0.016256886167953587,-1,1,-1,-0.19999999999999996,False,MeanReversion,MeanReversion,False
2022-10-05 00:00:00+09:00,1240791.5,1229798.13125,1282638.10625,43.47826086956522,6270.58718062847,0.02057771996444862,0.01603796930091385,-1,1,-1,-0.19999999999999996,False,MeanReversion,MeanReversion,False
2022-10-06 00:00:00+09:00,1248479.125,1229567.5,1282458.7270833333,51.72412633070953,7438.191922555514,0.019707616186078053,0.01605564685738035,-1,1,1,0.30000000000000004,False,Trend,MeanReversion,False
2022-10-07 00:00:00+09:00,1246941.625,1229183.1125,1281997.4666666666,53.19147341351753,7871.670021990929,0.019706021384723122,0.015974913770955633,-1,1,1,0.30000000000000004,False,Trend,MeanReversion,False
2022-10-11 00:00:00+09:00,1233103.875,1228491.225,1281177.4479166667,47.552446359739385,7019.373778419689,0.019815776274861027,0.016012476884542916,-1,1,1,0.30000000000000004,False,Trend,MeanReversion,False
2022-10-12 00:00:00+09:00,1260779.5,1229259.99375,1280869.9416666667,56.57896003619945,8039.145900653213,0.02045593613148844,0.01627957292154681,-1,1,1,0.30000000000000004,False,Trend,Trend,False
2022-10-13 00:00:00+09:00,1240791.5,1226646.18125,1280408.68125,56.95364666281169,7118.7320306001275,0.018803218304966476,0.016372697724309167,-1,1,1,0.30000000000000004,False,Trend,Trend,False
2022-10-14 00:00:00+09:00,1239254.0,1224954.89375,1280126.8,56.95364666281169,6191.739560209628,0.018532189551881503,0.01632689544423553,-1,1,1,0.30000000000000004,False,Trend,Trend,False
2022-10-17 00:00:00+09:00,1276154.875,1226723.0625,1280639.3125,68.75003810890408,7748.15329418588,0.018810934294264028,0.016726887805469475,-1,1,1,0.30000000000000004,False,Trend,Trend,False
2022-10-18 00:00:00+09:00,1299217.875,1230028.7625,1281305.5791666666,76.68714104376929,9878.767682350619,0.01906836137888645,0.01682405327968236,-1,1,-1,-0.19999999999999996,False,MeanReversion,Trend,False
2022-10-19 00:00:00+09:00,1302293.0,1232950.08125,1281920.59375,78.88201298258636,10959.494392547873,0.019014610300693933,0.016816172599360933,-1,1,-1,-0.19999999999999996,False,MeanReversion,MeanReversion,False
2022-10-20 00:00:00+09:00,1283842.5,1235640.76875,1282381.8541666667,71.24999682425961,9926.824361620751,0.019141680436945207,0.016894566392157646,-1,1,-1,-0.19999999999999996,False,MeanReversion,MeanReversion,False
2022-10-21 00:00:00+09:00,1302293.0,1240330.25625,1282843.1166666667,63.49207270962864,9955.962837908828,0.018730678094581506,0.016890163639448442,-1,1,1,0.30000000000000004,False,Trend,MeanReversion,False
2022-10-24 00:00:00+09:00,1342268.875,1247095.4125,1283970.64375,72.60275269358479,12000.102320901075,0.019592307456333013,0.017324734753976088,-1,1,-1,-0.19999999999999996,False,MeanReversion,MeanReversion,False
2022-10-25 00:00:00+09:00,1359181.75,1255859.36875,1285405.6770833333,73.85622200034751,13700.870787173473,0.018763377551266044,0.017387489968092848,-1,1,-1,-0.19999999999999996,False,MeanReversion,MeanReversion,False
2022-10-26 00:00:00+09:00,1377632.25,1266468.36875,1286815.0854166667,77.63976598028829,15164.16443838139,0.018033134541141506,0.017359983394894172,-1,1,-1,-0.19999999999999996,False,MeanReversion,MeanReversion,False
2022-10-27 00:00:00+09:00,1342268.875,1275616.70625,1287071.3416666666,67.03911248859998,12933.067223358205,0.019401499925062838,0.017396118671031184,-1,1,1,0.30000000000000004,False,Trend,MeanReversion,False
2022-10-28 00:00:00+09:00,1346881.5,1283996.275,1287353.2229166667,67.9558003604999,11025.053040833402,0.01927965116979616,0.017399022299054014,-1,1,1,0.30000000000000004,False,Trend,Trend,False
2022-10-31 00:00:00+09:00,1348419.0,1288916.3875,1287327.5979166667,71.67627450068164,9198.186680745672,0.014986037377771332,0.01729223228568538,1,1,-1,0.5,False,Trend,Trend,True
2022-11-01 00:00:00+09:00,1356106.75,1294682.15,1287737.6083333334,69.37498475646936,7889.479615863496,0.014755398661690214,0.01721234776481766,1,1,1,1.0,False,Trend,Trend,False
2022-11-02 00:00:00+09:00,1342268.875,1299448.5125,1287788.8604166666,71.15382310314476,5582.452526042303,0.015115343343531065,0.01725048829308574,1,1,-1,0.5,False,Trend,Trend,False
2022-11-03 00:00:00+09:00,1337656.25,1304291.75,1287660.73125,70.2531274312459,3346.64632210532,0.015073894718170193,0.017245769297349563,1,1,-1,0.5,False,Trend,Trend,False
2022-11-04 00:00:00+09:00,1339193.75,1308827.48125,1287045.7166666666,65.185141468955,1657.5435711288883,0.015073369740172251,0.016987722638091594,1,1,1,1.0,False,Trend,Trend,False
2022-11-07 00:00:00+09:00,1357644.25,1314362.6125,1286610.08125,64.39391466463337,1475.2197814415413,0.015195035436965302,0.01706856994781472,1,1,1,1.0,False,Trend,Trend,False
2022-11-08 00:00:00+09:00,1383782.375,1321896.5375,1286558.83125,68.02717702396654,2734.117511380031,0.015084326356607074,0.017248693847247348,1,1,1,1.0,False,Trend,Trend,False
2022-11-09 00:00:00+09:00,1376094.625,1327662.29375,1286635.7083333333,71.42852994960056,2665.431543534276,0.014766875363964238,0.017202765573793397,1,1,-1,0.5,False,Trend,Trend,False
2022-11-10 00:00:00+09:00,1394545.125,1335349.975,1286712.5854166667,71.42852994960056,3430.2494590531096,0.01407836851669694,0.01720218312604573,1,1,-1,0.5,False,Trend,Trend,False
2022-11-11 00:00:00+09:00,1383782.375,1342576.39375,1286456.3291666666,61.157008690230306,2805.2588421715045,0.014323708121171235,0.01720928209841767,1,1,1,1.0,False,Trend,Trend,False
2022-11-14 00:00:00+09:00,1385319.875,1348034.64375,1286353.8270833334,57.657644460883226,2120.5056701580834,0.013199002004507838,0.017195776117251618,1,1,1,1.0,False,Trend,Trend,False
2022-11-15 00:00:00+09:00,1393007.625,1352724.13125,1287250.725,54.80768554282136,1821.8519046972579,0.012801756419576416,0.016459873809770553,1,1,1,1.0,False,Trend,Trend,False
2022-11-16 00:00:00+09:00,1353031.625,1355261.0625,1287378.8520833333,53.27101951624987,-1265.0878516402045,0.014736156032605977,0.016892922237850633,1,1,-1,0.5,False,Trend,Trend,False
2022-11-17 00:00:00+09:00,1345344.0,1358336.1375,1287558.23125,49.54129603635024,-3874.396713946124,0.014360693631392252,0.016876568632334867,1,1,-1,0.5,False,Trend,Trend,False
2022-11-18 00:00:00+09:00,1356106.75,1361026.825,1288352.625,52.17392841186085,-4861.261139999977,0.014152823145924219,0.016700904968877404,1,1,-1,0.5,False,Trend,Trend,False
2022-11-21 00:00:00+09:00,1365331.875,1362179.975,1289864.5354166667,52.586178499966714,-4866.523599310702,0.012576148662893916,0.01634313766295776,1,1,-1,0.5,False,Trend,Trend,False
2022-11-22 00:00:00+09:00,1365331.875,1362487.48125,1291402.0708333333,57.009327331908956,-4833.8952300905585,0.012272638490514746,0.01634093521906165,1,1,-1,0.5,False,Trend,Trend,False
2022-11-23 00:00:00+09:00,1365331.875,1361872.4625,1292503.9708333334,58.65383187242961,-4768.210631619273,0.011869754950941672,0.016146579107157118,1,1,-1,0.5,False,Trend,Trend,False
2022-11-24 00:00:00+09:00,1377632.25,1363640.63125,1293759.625,61.26127379820615,-3889.4014111290307,0.010390591697569283,0.016179713068447607,1,1,-1,0.5,False,Trend,Trend,False
2022-11-25 00:00:00+09:00,1388395.0,1365716.30625,1295655.9208333334,59.43396081703778,-2636.2729646668668,0.010482701205715074,0.01593164371246426,1,1,-1,0.5,False,Trend,Trend,False
2022-11-28 00:00:00+09:00,1360719.25,1366331.31875,1296911.575,42.99064000370784,-3661.2662142997906,0.011548347679113079,0.016144320916894623,1,1,-1,0.5,False,Trend,Trend,False
2022-11-29 00:00:00+09:00,1360719.25,1366561.94375,1298192.8541666667,45.098040778523725,-4285.863692924999,0.011482591452336105,0.016142363480378147,1,1,-1,0.5,False,Trend,Trend,False
2022-11-30 00:00:00+09:00,1363794.375,1367638.21875,1299756.0145833334,39.130438624707054,-4420.742783565009,0.011222553374834257,0.016068388914873624,1,1,-1,0.5,False,Trend,Trend,False
2022-12-01 00:00:00+09:00,1359181.75,1368714.49375,1300934.7916666667,40.9090867097735,-4722.1437692157415,0.011221478253145532,0.01598402572664339,1,1,-1,0.5,False,Trend,Trend,False
2022-12-02 00:00:00+09:00,1337656.25,1368637.61875,1302344.2,34.653486067722696,-6180.694964982902,0.01182929242024522,0.015693411011666974,1,1,-1,0.5,False,Trend,Trend,False
2022-12-05 00:00:00+09:00,1280767.5,1364793.78125,1302779.8354166667,22.556403386678852,-10530.778776851377,0.014850799618581724,0.016713905790028984,1,1,-1,0.5,False,Trend,Trend,False
2022-12-06 00:00:00+09:00,1288455.125,1360027.41875,1303471.7270833333,31.25,-12320.065467302045,0.014100591492165995,0.016707437443575366,1,1,-1,0.5,False,Trend,Trend,False
2022-12-07 00:00:00+09:00,1277692.375,1355107.30625,1304009.8645833333,30.701745002435402,-13559.876675730058,0.014135674051143866,0.016745840964361047,1,1,-1,0.5,False,Trend,Trend,False
2022-12-08 00:00:00+09:00,1271542.25,1348957.1625,1303651.10625,25.225219946503856,-14065.02169150669,0.01355562312747331,0.01603170163142871,1,1,-1,0.5,False,Trend,Trend,False
2022-12-09 00:00:00+09:00,1271542.25,1343345.15625,1303625.48125,20.952420034826886,-13658.667994956082,0.013572138399609317,0.01590538428641469,1,1,-1,0.5,False,Trend,Trend,False
2022-12-12 00:00:00+09:00,1253091.75,1336733.75,1303830.4854166666,18.80344790447039,-13848.643235466865,0.013701452123920304,0.015664919685513333,1,1,-1,0.5,False,Trend,Trend,False
2022-12-13 00:00:00+09:00,1260779.5,1330122.34375,1304291.7458333333,22.131201616380253,-12702.7811743816,0.013725642619599908,0.015660695840656172,1,1,-1,0.5,False,Trend,Trend,False
2022-12-14 00:00:00+09:00,1286917.625,1326816.64375,1305009.2625,27.480933558984177,-9573.298117949711,0.013619973839124668,0.015840647254470396,1,1,-1,0.5,False,Trend,Trend,False
2022-12-15 00:00:00+09:00,1265392.125,1322819.05,1305598.6520833333,21.01451537932688,-8384.534237494387,0.013982001615727954,0.015928822615053642,1,1,-1,0.5,False,Trend,Trend,False
2022-12-16 00:00:00+09:00,1283842.5,1319205.8375,1306854.30625,31.06061819198615,-5904.215504404285,0.014323757160802886,0.015848966952869668,1,1,-1,0.5,False,Trend,Trend,False
2022-12-19 00:00:00+09:00,1262317.0,1314055.09375,1307776.8270833334,28.082203222777963,-5282.107667911339,0.014473922157263053,0.01601478138691688,1,1,-1,0.5,False,Trend,Trend,False
2022-12-20 00:00:00+09:00,1260779.5,1308827.475,1309058.1083333334,26.896550177427926,-4569.6758864285475,0.014459097010450618,0.01579997596733412,-1,1,-1,-0.19999999999999996,False,MeanReversion,Trend,False
2022-12-21 00:00:00+09:00,1257704.375,1303446.1,1310595.64375,27.083327452334274,-3925.690076947103,0.014433977671708868,0.015653675143247087,-1,1,-1,-0.19999999999999996,False,MeanReversion,Trend,False
2022-12-22 00:00:00+09:00,1266929.625,1297910.96875,1312389.4354166666,33.08824100825005,-2564.435038614185,0.01435939850183996,0.015648680958877365,-1,1,-1,-0.19999999999999996,False,MeanReversion,Trend,False
2022-12-23 00:00:00+09:00,1239254.0,1290453.91875,1313388.8333333333,38.46153311644364,-3174.051551070701,0.014600105839608447,0.015802787934290314,-1,1,-1,-0.19999999999999996,False,MeanReversion,Trend,False
2022-12-26 00:00:00+09:00,1263854.5,1285610.68125,1313619.4625,43.74998809098109,-1643.6405880389211,0.01522477393654085,0.014122299329784833,-1,1,-1,-0.19999999999999996,False,MeanReversion,Trend,False
2022-12-27 00:00:00+09:00,1273079.75,1281228.70625,1314157.6,48.8188936053624,170.40511960287404,0.01540341275070348,0.014115723104303738,-1,1,1,0.30000000000000004,False,Trend,Trend,False
2022-12-28 00:00:00+09:00,1276154.875,1276846.73125,1314644.4875,51.200003642188776,1674.2573192613781,0.015406414086382804,0.01410577453532592,-1,1,1,0.30000000000000004,False,Trend,Trend,False
2022-12-29 00:00:00+09:00,1262317.0,1272003.49375,1315003.2458333333,47.761187691112944,1821.6877010126118,0.015499487255626953,0.01416478556477364,-1,1,1,0.30000000000000004,False,Trend,Trend,False
2023-01-02 00:00:00+09:00,1271542.25,1268697.79375,1315387.63125,54.687513893846564,2578.893384402916,0.015402444609460624,0.014173289003789948,-1,1,1,0.30000000000000004,False,Trend,Trend,False
2023-01-03 00:00:00+09:00,1234641.375,1266391.4875,1315182.6270833334,44.21768632237605,729.0610822626004,0.01366371031169364,0.014684117406139924,-1,1,-1,-0.19999999999999996,False,MeanReversion,Trend,False
2023-01-04 00:00:00+09:00,1220803.5,1263008.90625,1314977.6208333333,34.532364843564025,-1187.6757535621073,0.013688818585333962,0.014685544557678072,-1,1,-1,-0.19999999999999996,False,MeanReversion,Trend,False
2023-01-05 00:00:00+09:00,1242329.0,1261240.7375,1314670.1125,44.60429971557096,-786.3536122598489,0.014329737996121458,0.014576014831841223,-1,1,-1,-0.19999999999999996,False,MeanReversion,Trend,False
2023-01-06 00:00:00+09:00,1242329.0,1259780.075,1314695.7375,39.37008126042641,-325.069845721966,0.01430970199387828,0.014428882464059047,-1,1,-1,-0.19999999999999996,False,MeanReversion,Trend,False
2023-01-09 00:00:00+09:00,1248479.125,1258626.91875,1314849.4895833333,46.15383546366393,542.8429582065728,0.014373273566025075,0.014441773358687248,-1,1,1,0.30000000000000004,False,Trend,Trend,False
2023-01-10 00:00:00+09:00,1228491.25,1257396.89375,1314055.0958333334,41.860470978825745,-49.177804055598244,0.014453477727527017,0.014071017716044612,-1,1,-1,-0.19999999999999996,False,MeanReversion,Trend,False
2023-01-11 00:00:00+09:00,1234641.375,1256089.9875,1312978.8208333333,44.27482005637551,142.95624766240144,0.014426578804131736,0.013879985429600698,-1,1,-1,-0.19999999999999996,False,MeanReversion,MeanReversion,False
2023-01-12 00:00:00+09:00,1246941.625,1254091.1875,1312056.2979166666,45.11277322245709,1208.6721441829395,0.013772142736472969,0.013943681937481824,-1,1,1,0.30000000000000004,False,Trend,MeanReversion,False
2023-01-13 00:00:00+09:00,1246941.625,1253168.6625,1311441.2833333334,52.17389767506308,1978.3376009467866,0.013294723083347242,0.013829965833176179,-1,1,1,0.30000000000000004,False,Trend,MeanReversion,False
2023-01-16 00:00:00+09:00,1240791.5,1251016.1125,1310416.2583333333,42.71846116202158,2125.101601209968,0.012826309444426611,0.013704397899610086,-1,1,-1,-0.19999999999999996,False,MeanReversion,MeanReversion,False
2023-01-17 00:00:00+09:00,1219266.0,1248863.5625,1308366.2104166667,34.23423753343509,887.6853755017837,0.012863858553215196,0.013249872571637082,-1,1,-1,-0.19999999999999996,False,MeanReversion,MeanReversion,False
2023-01-18 00:00:00+09:00,1219266.0,1246787.8875,1306034.28125,33.02750514458158,219.2431114428946,0.01286931826859605,0.013121641923479777,-1,1,-1,-0.19999999999999996,False,MeanReversion,MeanReversion,False
2023-01-19 00:00:00+09:00,1231566.25,1245480.98125,1303599.8479166667,40.74072401255618,726.9370716928534,0.01313002953215984,0.013060971576155773,-1,1,-1,-0.19999999999999996,False,MeanReversion,MeanReversion,False
2023-01-20 00:00:00+09:00,1230028.75,1243635.9375,1301729.1791666667,36.89317782857431,1060.446561350267,0.012981916567147634,0.012670751468062076,-1,1,-1,-0.19999999999999996,False,MeanReversion,MeanReversion,False
2023-01-25 00:00:00+09:00,1228491.25,1243097.8,1299756.0083333333,47.500002540596185,1264.880508588265,0.012043110723537132,0.012654558233482799,-1,1,1,0.30000000000000004,False,Trend,MeanReversion,False
2023-01-26 00:00:00+09:00,1222341.125,1241022.13125,1297654.7104166667,50.666707135571194,1080.4457710164497,0.01110365761216146,0.01265748025802761,-1,1,1,0.30000000000000004,False,Trend,MeanReversion,False
2023-01-27 00:00:00+09:00,1243866.625,1239561.475,1295784.0416666667,50.666707135571194,2425.675226881571,0.01175004258185975,0.01286245698172786,-1,1,1,0.30000000000000004,False,Trend,Trend,False
2023-01-30 00:00:00+09:00,1234641.375,1237485.8,1293990.25,46.91359511643336,2691.179783563266,0.011798891229720292,0.012834878430819504,-1,1,1,0.30000000000000004,False,Trend,Trend,False
2023-01-31 00:00:00+09:00,1220803.5,1235410.125,1292042.7041666666,39.53487492709083,1965.51480893392,0.01181437918626544,0.012895716832635608,-1,1,-1,-0.19999999999999996,False,MeanReversion,Trend,False
2023-02-01 00:00:00+09:00,1236178.875,1233641.95625,1290325.7895833333,53.01202931073156,2516.486092987634,0.012078185252231782,0.013018552160669045,-1,1,1,0.30000000000000004,False,Trend,Trend,False
2023-02-02 00:00:00+09:00,1248479.125,1234333.84375,1288506.3708333333,55.172391236903394,3636.762551996244,0.010351871232856946,0.012953599175160938,-1,1,1,0.30000000000000004,False,Trend,Trend,False
2023-02-03 00:00:00+09:00,1246941.625,1235640.75,1286225.6916666667,50.0,4163.759927251818,0.00998501957935209,0.012672017734948969,-1,1,1,0.30000000000000004,False,Trend,Trend,False
2023-02-06 00:00:00+09:00,1240791.5,1235563.875,1283970.6395833334,47.61905222783465,3987.4183906212256,0.009278214188202242,0.012669060414747831,-1,1,1,0.30000000000000004,False,Trend,Trend,False
2023-02-07 00:00:00+09:00,1250016.75,1235948.2625,1281561.8333333333,53.48838748222766,4351.614144436478,0.009427463487467602,0.012572706948988486,-1,1,1,0.30000000000000004,False,Trend,Trend,False
2023-02-08 00:00:00+09:00,1254629.375,1236255.775,1279409.2833333334,65.33336368494592,4731.231296292636,0.009399159207046726,0.012568022238742479,-1,1,1,0.30000000000000004,False,Trend,Trend,False
2023-02-09 00:00:00+09:00,1251554.25,1237408.925,1277179.85625,63.63636363636363,4599.216445122764,0.008608425661986023,0.01256325787878025,-1,1,1,0.30000000000000004,False,Trend,Trend,False
2023-02-10 00:00:00+09:00,1251554.25,1238254.56875,1274822.3,59.42030351588274,4339.205751900496,0.008556617888848346,0.012529573688666033,-1,1,1,0.30000000000000004,False,Trend,Trend,False
2023-02-13 00:00:00+09:00,1240791.5,1237947.0625,1272951.63125,54.66666377604003,3315.856445864164,0.00850835695117961,0.012041806123754849,-1,1,1,0.30000000000000004,False,Trend,Trend,False
2023-02-14 00:00:00+09:00,1237716.375,1237485.8,1271157.8375,53.94732478768709,2350.7557075065342,0.008522642743081022,0.012029697429203135,-1,1,1,0.30000000000000004,False,Trend,Trend,False
2023-02-15 00:00:00+09:00,1220803.5,1236486.4,1268902.7833333334,49.397556137816196,584.3054931066754,0.008986835385486789,0.012070176912740148,-1,1,1,0.30000000000000004,False,Trend,Trend,False
2023-02-16 00:00:00+09:00,1243866.625,1237716.43125,1266878.3625,50.0,958.0283693656929,0.009095233286763415,0.012309162345589581,-1,1,1,0.30000000000000004,False,Trend,Trend,False
2023-02-17 00:00:00+09:00,1228491.25,1238177.69375,1264597.6854166666,47.727283225566254,198.3402949867509,0.0095794630959221,0.01238705505990046,-1,1,1,0.30000000000000004,False,Trend,Trend,False
2023-02-20 00:00:00+09:00,1237716.375,1238485.2,1262470.7604166667,56.470576982855505,337.5706798453052,0.009460083078685727,0.012442601751039683,-1,1,1,0.30000000000000004,False,Trend,Trend,False
2023-02-21 00:00:00+09:00,1230028.75,1238485.2,1260010.7020833334,47.500007621773065,-47.174532427252416,0.009566580161642562,0.012377601589695437,-1,1,-1,-0.19999999999999996,False,MeanReversion,Trend,False
2023-02-22 00:00:00+09:00,1211578.375,1237639.55625,1257063.7583333333,35.71432719332884,-1426.914559050303,0.010146601741753993,0.012427230101951467,-1,1,-1,-0.19999999999999996,False,MeanReversion,Trend,False
2023-02-23 00:00:00+09:00,1213115.875,1237178.29375,1254603.7020833334,36.904775731109616,-2079.1380928533736,0.010102829454030056,0.012211047076999342,-1,1,-1,-0.19999999999999996,False,MeanReversion,Trend,False
2023-02-24 00:00:00+09:00,1203890.625,1235179.49375,1251989.8916666666,36.04651052867913,-2923.2925328763295,0.009297210401720603,0.012230522506084283,-1,1,-1,-0.19999999999999996,False,MeanReversion,Trend,False
2023-02-27 00:00:00+09:00,1183902.625,1232642.55625,1248991.6958333333,26.881697870580908,-4523.684362203412,0.009820798677593114,0.012362594954737608,-1,1,-1,-0.19999999999999996,False,MeanReversion,Trend,False
2023-02-28 00:00:00+09:00,1188515.25,1231028.14375,1246147.2541666667,26.881697870580908,-4933.911144514991,0.009659242847812926,0.012387980407633335,-1,1,-1,-0.19999999999999996,False,MeanReversion,Trend,False
2023-03-02 00:00:00+09:00,1186977.75,1228568.0875,1243635.9458333333,27.173907280320535,-4957.901995049755,0.009093648683266653,0.012256521201122497,-1,1,-1,-0.19999999999999996,False,MeanReversion,Trend,False
2023-03-03 00:00:00+09:00,1211578.375,1226723.05,1242482.79375,37.9629803881421,-3059.1758705513275,0.010082402811146612,0.011336030675355097,-1,1,-1,-0.19999999999999996,False,MeanReversion,Trend,False
2023-03-06 00:00:00+09:00,1231566.25,1225954.28125,1241534.6458333333,47.368409792388135,-342.26480442011416,0.010845745932231213,0.011520927451925735,-1,1,-1,-0.19999999999999996,False,MeanReversion,MeanReversion,False
2023-03-07 00:00:00+09:00,1220803.5,1224954.88125,1240586.4979166666,45.378152982818584,783.3908069699592,0.010959448938567777,0.011525407928537257,-1,1,1,0.30000000000000004,False,Trend,MeanReversion,False
2023-03-08 00:00:00+09:00,1194665.375,1222187.3125,1239305.2166666666,43.19999219529962,-130.3364190706925,0.011712025768929392,0.01182654478118321,-1,1,-1,-0.19999999999999996,False,MeanReversion,MeanReversion,False
2023-03-09 00:00:00+09:00,1185440.25,1218727.85625,1237870.1833333333,33.62066005013908,-1194.7649959384216,0.011685474665576907,0.01185729997620826,-1,1,-1,-0.19999999999999996,False,MeanReversion,MeanReversion,False
2023-03-10 00:00:00+09:00,1193127.875,1215806.5375,1236870.7854166667,39.63960334835048,-1215.7958502160545,0.011869533533134838,0.011764021731760494,-1,1,-1,-0.19999999999999996,False,MeanReversion,MeanReversion,False
2023-03-13 00:00:00+09:00,1196203.0,1213038.975,1235794.5104166667,37.383189641744835,-873.3306835004059,0.01191070087596786,0.011737494654572874,-1,1,-1,-0.19999999999999996,False,MeanReversion,MeanReversion,False
2023-03-14 00:00:00+09:00,1186977.75,1210348.2875,1234128.8458333334,37.03702867294475,-1103.9765421471675,0.011887154078299395,0.011427289270764696,-1,1,-1,-0.19999999999999996,False,MeanReversion,MeanReversion,False
2023-03-15 00:00:00+09:00,1196203.0,1208272.61875,1232975.69375,45.09803296432651,-501.7624593321689,0.01209321075543862,0.011301738336357454,-1,1,-1,-0.19999999999999996,False,MeanReversion,MeanReversion,False
2023-03-16 00:00:00+09:00,1214653.375,1207965.1125,1231822.5416666667,50.4424676890668,1180.772586346755,0.012312954849367988,0.011321435733911646,-1,1,1,0.30000000000000004,False,Trend,MeanReversion,False
2023-03-17 00:00:00+09:00,1242329.0,1207888.23125,1231489.4083333334,60.0,4038.273298465954,0.012647147434220381,0.011520713085431126,-1,1,1,0.30000000000000004,False,Trend,Trend,False
2023-03-20 00:00:00+09:00,1248479.125,1208887.625,1231284.4020833333,68.1034627762764,6099.513654104121,0.012345448956369976,0.011539488618032206,-1,1,1,0.30000000000000004,False,Trend,Trend,False
2023-03-21 00:00:00+09:00,1243866.625,1209195.1375,1231053.7729166667,65.51728971405863,6852.872209477548,0.01228031840671592,0.01154484725602388,-1,1,1,0.30000000000000004,False,Trend,Trend,False
2023-03-22 00:00:00+09:00,1245404.125,1209963.90625,1230695.0145833334,66.37933994986092,7123.843040507161,0.012186138467963391,0.011504596015069219,-1,1,1,0.30000000000000004,False,Trend,Trend,False
2023-03-23 00:00:00+09:00,1226953.625,1210732.66875,1230490.0083333333,54.4642610860681,5786.433708918553,0.012173435996333425,0.01131009384001775,-1,1,1,0.30000000000000004,False,Trend,Trend,False
2023-03-24 00:00:00+09:00,1225416.125,1211347.68125,1229849.36875,48.00000325196114,4577.191753278705,0.012179544226855021,0.011007028096826632,-1,1,1,0.30000000000000004,False,Trend,Trend,False
2023-03-27 00:00:00+09:00,1225416.125,1212423.95625,1229054.975,51.61291168564373,3599.3603996045767,0.012029781638658648,0.010959759136478769,-1,1,1,0.30000000000000004,False,Trend,Trend,False
2023-03-28 00:00:00+09:00,1225416.125,1214499.63125,1228209.3291666666,63.15793414775037,2809.6285929968863,0.011298835819780903,0.010952808337766583,-1,1,1,0.30000000000000004,False,Trend,Trend,False
2023-03-29 00:00:00+09:00,1216190.875,1215883.4125,1227440.5604166666,63.157866586223456,1584.0553696423992,0.01147190883655799,0.010908286266620722,-1,1,1,0.30000000000000004,False,Trend,Trend,False
2023-03-30 00:00:00+09:00,1202353.125,1216652.18125,1226287.4083333334,53.75001778415523,-148.4175935137465,0.011805375568941066,0.010946168714267561,-1,1,-1,-0.19999999999999996,False,MeanReversion,Trend,False
2023-03-31 00:00:00+09:00,1211578.375,1216652.18125,1225903.025,55.95239362654528,-635.6213434486767,0.010987713894880317,0.010338888538942097,-1,1,-1,-0.19999999999999996,False,MeanReversion,Trend,False
2023-04-03 00:00:00+09:00,1196203.0,1214884.01875,1225493.0166666666,53.409107706407106,-1885.2801561125834,0.01062964899332088,0.010367611690300486,-1,1,-1,-0.19999999999999996,False,MeanReversion,Trend,False
2023-04-04 00:00:00+09:00,1211578.375,1214422.7625,1224980.50625,55.43479509554844,-1580.5838904927148,0.01093625548141451,0.010247615350467414,-1,1,-1,-0.19999999999999996,False,MeanReversion,Trend,False
2023-04-05 00:00:00+09:00,1211578.375,1215268.4125,1224467.9958333333,48.75002794652965,-1295.2386988121375,0.009725178722602937,0.010247615350467414,-1,1,-1,-0.19999999999999996,False,MeanReversion,Trend,False
2023-04-06 00:00:00+09:00,1237716.375,1217882.21875,1224288.6166666667,48.101255401498996,634.0375560181731,0.01053627800732432,0.010605569538247329,-1,1,1,0.30000000000000004,False,Trend,Trend,False
2023-04-07 00:00:00+09:00,1223878.625,1219419.75625,1224211.7395833333,40.47619969377345,939.9580295357521,0.01089327901477818,0.010498708430705625,-1,1,-1,-0.19999999999999996,False,MeanReversion,Trend,False
2023-04-10 00:00:00+09:00,1234641.375,1221341.675,1224211.7395833333,46.590892293592894,1780.157776486065,0.011019122608083843,0.010540565203263482,-1,1,1,0.30000000000000004,False,Trend,Trend,False
2023-04-11 00:00:00+09:00,1248479.125,1224416.74375,1224237.3645833333,51.04164373074441,3103.3707387927407,0.010987337967184681,0.010561387958172694,1,1,1,1.0,False,Trend,Trend,True
2023-04-12 00:00:00+09:00,1230028.75,1226108.03125,1223955.4833333334,51.041686956153534,2592.336100760322,0.011571639590045882,0.01073535148731126,1,1,1,1.0,False,Trend,Trend,False
2023-04-13 00:00:00+09:00,1253091.75,1228029.95,1224160.4875,58.18182758832221,3601.798033624095,0.011799413063142252,0.010986693901756918,1,1,1,1.0,False,Trend,Trend,False
2023-04-14 00:00:00+09:00,1256166.875,1228721.84375,1224775.5020833334,58.928594760567066,4227.57138416741,0.010726605565585568,0.010742191831705572,1,1,1,1.0,False,Trend,Trend,False
2023-04-17 00:00:00+09:00,1248479.125,1228721.84375,1225262.3875,56.41025284685491,3883.5550627226894,0.010774176915505246,0.010776185677644318,1,1,1,1.0,False,Trend,Trend,False
2023-04-18 00:00:00+09:00,1219266.0,1227491.8125,1225057.3833333333,50.769245201011856,1567.176714004423,0.011992381858631548,0.011137778934023583,1,1,1,1.0,False,Trend,Trend,False
2023-04-19 00:00:00+09:00,1211578.375,1225800.525,1224749.8770833334,52.3809646710551,-493.8763519641493,0.012037326979476654,0.011165378954527596,1,1,-1,0.5,False,Trend,Trend,False
2023-04-20 00:00:00+09:00,1206965.75,1224801.13125,1224391.11875,48.78048135641169,-2089.487709385121,0.011628557434889001,0.011174167882067002,1,1,-1,0.5,False,Trend,Trend,False
2023-04-21 00:00:00+09:00,1206965.75,1223878.6125,1224134.8625,53.097350226270386,-3010.5953202972278,0.011629482159199258,0.01115697594031613,-1,1,-1,-0.19999999999999996,False,MeanReversion,Trend,False
2023-04-24 00:00:00+09:00,1225416.125,1223878.6125,1223827.3541666667,53.913031183502646,-2276.32948240903,0.012164046966340306,0.011099376849887104,1,1,-1,0.5,False,Trend,Trend,True
2023-04-25 00:00:00+09:00,1208503.25,1223032.96875,1223391.71875,49.2063338437109,-2794.610849919988,0.012554743238226043,0.011201088809817829,-1,1,-1,-0.19999999999999996,False,MeanReversion,Trend,False
2023-04-26 00:00:00+09:00,1203890.625,1222417.95625,1223109.8375,40.178567539905494,-3279.452671407184,0.012474859820095729,0.01111905392168396,-1,1,-1,-0.19999999999999996,False,MeanReversion,Trend,False
2023-04-27 00:00:00+09:00,1196203.0,1222110.45,1222443.5729166667,41.666660393592736,-3906.683804069029,0.01229198390318282,0.01101923927168449,-1,1,-1,-0.19999999999999996,False,MeanReversion,Trend,False
2023-04-28 00:00:00+09:00,1200815.625,1221572.3125,1221649.18125,39.42307391645586,-3796.4039640077112,0.012192511261243655,0.010949447275842376,-1,1,-1,-0.19999999999999996,False,MeanReversion,Trend,False
2023-05-02 00:00:00+09:00,1179290.125,1220726.66875,1220521.65625,29.357812534962292,-4889.0688871571565,0.012528718130922687,0.011178518153290911,1,1,-1,0.5,False,Trend,Trend,True
2023-05-03 00:00:00+09:00,1191590.375,1219727.26875,1219701.6375,38.09523440820918,-4508.613463327867,0.012403864360672954,0.011259941075105674,1,1,-1,0.5,False,Trend,Trend,False
2023-05-04 00:00:00+09:00,1225416.125,1220419.15625,1219291.6270833334,41.964285066175194,-1840.7956824974117,0.013981528212123258,0.011810473560505453,1,1,-1,0.5,False,Trend,Trend,False
2023-05-08 00:00:00+09:00,1211578.375,1219112.25625,1218574.1104166666,37.81511916115792,-916.7325799603732,0.01332044287537098,0.01188320256080406,1,1,-1,0.5,False,Trend,Trend,False
2023-05-09 00:00:00+09:00,1211578.375,1218497.24375,1217907.8458333334,39.47369547078581,-248.87974593425315,0.013103878388407339,0.011880872841101356,1,1,-1,0.5,False,Trend,Trend,False
2023-05-10 00:00:00+09:00,1199278.0,1216729.075,1217036.575,43.68930199664069,-561.0384430241593,0.013084468975758264,0.011945854259826834,-1,1,-1,-0.19999999999999996,False,MeanReversion,Trend,False
2023-05-11 00:00:00+09:00,1203890.625,1214499.65,1216421.5604166666,47.524727769155966,-390.45863887342057,0.012813381846609257,0.011914095955410943,-1,1,-1,-0.19999999999999996,False,MeanReversion,MeanReversion,False
2023-05-12 00:00:00+09:00,1200815.625,1213038.99375,1215806.5479166666,48.00000325196114,-415.96610313430665,0.012442681311789473,0.011914314032661574,-1,1,-1,-0.19999999999999996,False,MeanReversion,MeanReversion,False
2023-05-15 00:00:00+09:00,1213115.875,1211040.2,1215678.4208333334,51.851849063818996,419.12048153478463,0.011869229771914956,0.011863817465974015,-1,1,1,0.30000000000000004,False,Trend,MeanReversion,False
2023-05-16 00:00:00+09:00,1214653.375,1208964.525,1215191.5333333334,46.3917473929828,1062.0253033020854,0.011850783157660224,0.011605700279707691,-1,1,1,0.30000000000000004,False,Trend,MeanReversion,False
2023-05-17 00:00:00+09:00,1210040.75,1207042.60625,1214884.025,50.56178543632915,1155.8650059765087,0.011816007453006457,0.011506972033351989,-1,1,1,0.30000000000000004,False,Trend,MeanReversion,False
2023-05-18 00:00:00+09:00,1199278.0,1206043.20625,1214243.3854166667,48.38708831435627,505.52103704287674,0.010778138858003272,0.011515130266910655,-1,1,1,0.30000000000000004,False,Trend,MeanReversion,False
2023-05-19 00:00:00+09:00,1197740.5,1205351.3125,1213705.2479166666,50.56178543632915,10.410983907088848,0.010701449762971427,0.011491276569998335,-1,1,1,0.30000000000000004,False,Trend,MeanReversion,False
2023-05-22 00:00:00+09:00,1210040.75,1205505.0625,1213679.6208333333,53.19146359921295,521.622177683214,0.010935250837925247,0.011408184048843738,-1,1,1,0.30000000000000004,False,Trend,MeanReversion,False
2023-05-23 00:00:00+09:00,1217728.5,1206043.2,1213756.4979166666,64.70589360540131,1341.2296410118615,0.0110227205758036,0.011436590899002166,-1,1,1,0.30000000000000004,False,Trend,MeanReversion,False
2023-05-24 00:00:00+09:00,1217728.5,1205658.81875,1213987.1291666667,61.03898023589384,1817.497555233681,0.010463748868281199,0.011391887925456885,-1,1,1,0.30000000000000004,False,Trend,MeanReversion,False
2023-05-25 00:00:00+09:00,1197740.5,1205120.68125,1214217.7604166667,36.76470764054858,773.8702316512567,0.010659944087998679,0.011387080920534164,-1,1,-1,-0.19999999999999996,False,MeanReversion,MeanReversion,False
2023-05-26 00:00:00+09:00,1194665.375,1204659.41875,1214320.2625,40.98355630545982,-90.11294876447073,0.010642717596936902,0.01138208944294927,-1,1,-1,-0.19999999999999996,False,MeanReversion,MeanReversion,False
2023-05-30 00:00:00+09:00,1196203.0,1204659.41875,1214474.0166666666,41.935488100873435,-501.626920133368,0.010552265739755885,0.011381660416318167,-1,1,-1,-0.19999999999999996,False,MeanReversion,MeanReversion,False
2023-05-31 00:00:00+09:00,1205428.125,1204890.04375,1214371.5125,53.33332430011775,-116.22811486516503,0.010660128858843808,0.011109447298386182,-1,1,-1,-0.19999999999999996,False,MeanReversion,MeanReversion,False
2023-06-01 00:00:00+09:00,1211578.375,1206504.45625,1214038.38125,54.09839561359317,552.4905061724385,0.00979283927834951,0.010920279342110187,-1,1,1,0.30000000000000004,False,Trend,MeanReversion,False
2023-06-02 00:00:00+09:00,1206965.75,1207273.225,1213807.7520833334,53.225791646942966,675.6123877149284,0.00961698161508436,0.010873462735745092,-1,1,1,0.30000000000000004,False,Trend,MeanReversion,False
2023-06-05 00:00:00+09:00,1206965.75,1206350.70625,1214012.7583333333,46.29631581245285,743.1376447007228,0.007146661004743079,0.010502373915418818,-1,1,1,0.30000000000000004,False,Trend,Trend,False
2023-06-07 00:00:00+09:00,1208503.25,1206196.95,1214397.1416666666,46.29631581245285,868.7021260546658,0.006705281981961011,0.010451486999205015,-1,1,1,0.30000000000000004,False,Trend,Trend,False
2023-06-08 00:00:00+09:00,1206965.75,1205966.31875,1214627.7729166667,48.07697118270962,825.8429071328528,0.006710052982862152,0.010422099224838048,-1,1,1,0.30000000000000004,False,Trend,Trend,False
2023-06-09 00:00:00+09:00,1231566.25,1207580.73125,1215217.1604166667,67.21310164490257,2345.8495606948004,0.007691075065591992,0.010733403164033808,-1,1,1,0.30000000000000004,False,Trend,Trend,False
2023-06-12 00:00:00+09:00,1222341.125,1208503.25625,1215806.55,62.121236383972295,2601.7299745766695,0.007912080787233157,0.010730541042825809,-1,1,1,0.30000000000000004,False,Trend,Trend,False
2023-06-13 00:00:00+09:00,1208503.25,1208887.6375,1216011.5541666667,49.25374945396301,1751.5620798412167,0.008341511218047387,0.010795349166019446,-1,1,1,0.30000000000000004,False,Trend,Trend,False
2023-06-14 00:00:00+09:00,1205428.125,1208503.25,1215857.8,43.74996030329553,935.5731358278108,0.00802851122657617,0.010615639304461912,-1,1,-1,-0.19999999999999996,False,MeanReversion,Trend,False
2023-06-15 00:00:00+09:00,1196203.0,1207580.73125,1215089.0333333334,39.99999999999999,-210.82860812831416,0.008183438759609219,0.01023237263710688,-1,1,-1,-0.19999999999999996,False,MeanReversion,Trend,False
2023-06-16 00:00:00+09:00,1191590.375,1206658.2125,1214140.8875,46.66667569988225,-1209.3909247687661,0.008184598605589217,0.010214258834984571,-1,1,-1,-0.19999999999999996,False,MeanReversion,Trend,False
2023-06-19 00:00:00+09:00,1190052.875,1206196.95625,1213243.9916666667,47.45768317082715,-1863.940325809465,0.007958554521421529,0.010207301372157083,-1,1,-1,-0.19999999999999996,False,MeanReversion,Trend,False
2023-06-20 00:00:00+09:00,1182365.125,1205428.1875,1212193.3416666666,42.85710598683472,-2656.8028246516806,0.008073430800252267,0.010230612140313688,-1,1,-1,-0.19999999999999996,False,MeanReversion,Trend,False
2023-06-21 00:00:00+09:00,1163914.75,1203121.8875,1211142.69375,30.434808222745104,-4175.584324285461,0.008316808145427658,0.010249798366261982,-1,1,-1,-0.19999999999999996,False,MeanReversion,Trend,False
2023-06-22 00:00:00+09:00,1162377.125,1200354.31875,1210092.04375,25.757497370100197,-4980.89155930808,0.008088891030263036,0.01024984431736454,-1,1,-1,-0.19999999999999996,False,MeanReversion,Trend,False
2023-06-23 00:00:00+09:00,1148539.375,1196894.8625,1208810.7645833334,23.61105622169353,-6070.404194369474,0.008346812210820485,0.01034854699512566,-1,1,-1,-0.19999999999999996,False,MeanReversion,Trend,False
2023-06-26 00:00:00+09:00,1168527.375,1195434.20625,1207862.61875,35.294106394598685,-5108.421194581895,0.008849862019685939,0.010615329774258855,-1,1,-1,-0.19999999999999996,False,MeanReversion,Trend,False
2023-06-27 00:00:00+09:00,1150076.875,1193204.78125,1206760.71875,30.208320101081696,-5352.441358821743,0.009439335861912609,0.010759480122096538,-1,1,-1,-0.19999999999999996,False,MeanReversion,Trend,False
2023-06-28 00:00:00+09:00,1140851.625,1190437.2125,1205735.69375,28.712844987116938,-5738.635802198049,0.009504126938468386,0.010712149725410833,-1,1,-1,-0.19999999999999996,False,MeanReversion,Trend,False
2023-06-29 00:00:00+09:00,1150076.875,1187669.65,1204710.66875,20.87915327692444,-5003.1500604184985,0.009525136071214453,0.01071781054489343,-1,1,-1,-0.19999999999999996,False,MeanReversion,Trend,False
2023-06-30 00:00:00+09:00,1143926.75,1184287.06875,1203839.3979166667,21.34833616052221,-4572.9896088555215,0.009381109885302677,0.01062057900950125,-1,1,-1,-0.19999999999999996,False,MeanReversion,Trend,False
2023-07-03 00:00:00+09:00,1142389.25,1181058.24375,1202686.2458333333,23.4568272971443,-4051.9611358374914,0.009384315894562057,0.010471391872638753,-1,1,-1,-0.19999999999999996,False,MeanReversion,Trend,False
2023-07-04 00:00:00+09:00,1147001.875,1178060.05,1201609.9708333334,26.829323910595022,-3099.5696721496133,0.009489122697277148,0.010490688254521381,-1,1,-1,-0.19999999999999996,False,MeanReversion,Trend,False
2023-07-05 00:00:00+09:00,1160839.625,1175676.86875,1200328.6916666667,36.4705769828555,-1330.9437048908367,0.010004978489630941,0.010220389554280097,-1,1,-1,-0.19999999999999996,False,MeanReversion,MeanReversion,False
2023-07-06 00:00:00+09:00,1151614.375,1172909.3,1199124.2875,35.22725802964821,-612.2253503049178,0.010090905684540753,0.010173895199368734,-1,1,-1,-0.19999999999999996,False,MeanReversion,MeanReversion,False
2023-07-07 00:00:00+09:00,1105488.375,1166605.40625,1196971.7375,26.495725901827072,-2942.7694237306278,0.011977069191796978,0.011319361748448147,-1,1,-1,-0.19999999999999996,False,MeanReversion,MeanReversion,True
2023-07-10 00:00:00+09:00,1088575.5,1159917.125,1194306.6770833333,25.203263854693034,-5191.340584542566,0.012179125082849962,0.011322261957755143,-1,1,-1,-0.19999999999999996,False,MeanReversion,MeanReversion,True
2023-07-11 00:00:00+09:00,1111638.5,1155073.8875,1192333.50625,36.50792729037136,-4707.659829110624,0.013476699198559183,0.011588760669323779,-1,1,-1,-0.19999999999999996,False,MeanReversion,MeanReversion,False
2023-07-12 00:00:00+09:00,1122401.25,1150922.54375,1190155.33125,40.1515240167599,-3311.0553598979604,0.013825073451452705,0.011379380018627469,-1,1,-1,-0.19999999999999996,False,MeanReversion,MeanReversion,False
2023-07-13 00:00:00+09:00,1150076.875,1148616.2375,1188387.1645833333,50.354601750521816,-328.5735713517752,0.01511910711216889,0.011860549518794292,-1,1,-1,-0.19999999999999996,False,MeanReversion,MeanReversion,False
2023-07-14 00:00:00+09:00,1143926.75,1146233.05625,1186644.625,43.939378075271755,1333.6273174830167,0.015132710431919326,0.011855789998867819,-1,1,-1,-0.19999999999999996,False,MeanReversion,MeanReversion,False
2023-07-17 00:00:00+09:00,1131626.5,1143311.7375,1185183.9666666666,45.312508931775525,1685.6401831121693,0.015257086209957114,0.011559754118860063,-1,-1,1,-0.5,True,Defensive,MeanReversion,False
2023-07-18 00:00:00+09:00,1125476.25,1140467.29375,1183748.93125,46.03173886252408,1586.6361997979184,0.015244722361235084,0.011553782360169252,-1,-1,1,-0.5,True,Defensive,Defensive,False
2023-07-19 00:00:00+09:00,1139314.125,1139237.2625,1182621.4041666666,47.28682023978784,2482.112722368125,0.01524598378262039,0.01167773623229248,-1,-1,1,-0.5,True,Defensive,Defensive,False
2023-07-20 00:00:00+09:00,1133164.0,1137776.60625,1181391.375,47.28682023978784,2672.723299358531,0.015276977291989341,0.011691082855692862,-1,-1,1,-0.5,True,Defensive,Defensive,False
2023-07-21 00:00:00+09:00,1150076.875,1137853.48125,1180135.7208333334,51.79854936923122,3877.280539358242,0.015462514365974081,0.011682801167750495,-1,-1,1,-0.5,True,Defensive,Defensive,False
2023-07-24 00:00:00+09:00,1140851.625,1136469.69375,1179008.19375,48.59152429808089,3977.3038426475396,0.015010958151512214,0.011597988192309757,-1,1,1,0.30000000000000004,False,Trend,Defensive,False
2023-07-25 00:00:00+09:00,1130088.875,1135470.29375,1177778.1645833333,42.857134561334234,3272.5985478427865,0.014745469023294442,0.011644536059570788,-1,1,-1,-0.19999999999999996,False,MeanReversion,Defensive,False
2023-07-26 00:00:00+09:00,1117788.625,1134317.14375,1176471.2583333333,42.25352677140109,1994.8682017717256,0.014833410147517346,0.011694514168425582,-1,1,-1,-0.19999999999999996,False,MeanReversion,Defensive,False
2023-07-27 00:00:00+09:00,1216190.875,1137622.84375,1176727.5125,70.45453495623254,7485.185811619815,0.02416924045743567,0.016075343707056038,-1,-1,-1,-1.0,True,Defensive,Defensive,False
2023-07-28 00:00:00+09:00,1205428.125,1140697.9125,1177163.1458333333,72.09300786661682,9946.057716715022,0.02424463790881489,0.01594115084540808,-1,-1,-1,-1.0,True,Defensive,Defensive,False
2023-07-31 00:00:00+09:00,1177752.5,1142466.075,1176932.5145833334,62.28570764906739,9277.11952416719,0.024917309317933893,0.01617208992324881,-1,-1,1,-0.5,True,Defensive,Defensive,False
2023-08-01 00:00:00+09:00,1233103.875,1146771.175,1177060.64375,67.64706233991788,11958.988584160648,0.026827014373147638,0.016853299511169234,-1,-1,1,-0.5,True,Defensive,Defensive,False
2023-08-02 00:00:00+09:00,1213115.875,1149384.9875,1177086.26875,60.30150856416362,11765.25084639887,0.027108259913729883,0.016922913007048887,-1,-1,1,-0.5,True,Defensive,Defensive,False
2023-08-03 00:00:00+09:00,1240791.5,1153843.84375,1177573.1541666666,64.78872594335337,12794.260339951974,0.02736338236905881,0.017171178591114705,-1,-1,1,-0.5,True,Defensive,Defensive,False
2023-08-04 00:00:00+09:00,1223878.625,1159763.35625,1177983.1645833333,63.88887947929569,11661.027121072182,0.025653911611734852,0.017213975720440422,-1,-1,1,-0.5,True,Defensive,Defensive,False
2023-08-07 00:00:00+09:00,1219266.0,1166297.88125,1178239.4208333334,64.18605425019342,9990.34339733516,0.02529374309841631,0.017215801738117393,-1,-1,1,-0.5,True,Defensive,Defensive,False
2023-08-08 00:00:00+09:00,1214653.375,1171448.625,1178470.05,61.7224867354401,8047.606097331278,0.02511086927783628,0.017219897671011786,-1,-1,1,-0.5,True,Defensive,Defensive,False
2023-08-09 00:00:00+09:00,1226953.625,1176676.24375,1178700.6791666667,64.31923986654763,7097.190434545842,0.025115864572013993,0.017218767053741136,-1,-1,1,-0.5,True,Defensive,Defensive,False
2023-08-10 00:00:00+09:00,1233103.875,1180827.59375,1179008.1875,63.106801480744785,6409.9105439414125,0.024677573789617067,0.01722946984659609,1,-1,1,0.19999999999999996,True,Defensive,Defensive,False
2023-08-11 00:00:00+09:00,1231566.25,1185209.56875,1179366.9458333333,64.6766104760676,5418.355700151238,0.02461701625616807,0.017222428389609388,1,-1,1,0.19999999999999996,True,Defensive,Defensive,False
2023-08-14 00:00:00+09:00,1220803.5,1189668.41875,1179725.7041666666,64.6766104760676,3686.9906992805645,0.024558098777183936,0.017221015822443387,1,-1,1,0.19999999999999996,True,Defensive,Defensive,False
2023-08-16 00:00:00+09:00,1200815.625,1193435.3875,1179776.95625,63.106801480744785,985.5587152159205,0.024899265213651666,0.017356325858167352,1,-1,1,0.19999999999999996,True,Defensive,Defensive,False
2023-08-17 00:00:00+09:00,1186977.75,1195818.56875,1179392.5729166667,43.70862709943495,-1792.0465872762434,0.025016246559366767,0.017367986718980627,1,-1,-1,-0.30000000000000004,True,Defensive,Defensive,False
2023-08-18 00:00:00+09:00,1185440.25,1198432.38125,1178854.4354166666,45.51726535328837,-3682.723557057394,0.024968509754320384,0.01734636060628723,1,-1,-1,-0.30000000000000004,True,Defensive,Defensive,False
2023-08-21 00:00:00+09:00,1196203.0,1200738.6875,1178495.6770833333,54.47762461777411,-4125.01172830263,0.02484869006719215,0.01738950594104922,1,-1,-1,-0.30000000000000004,True,Defensive,Defensive,False
2023-08-22 00:00:00+09:00,1188515.25,1203121.86875,1178341.9229166666,35.92231936861597,-4804.358453931331,0.024817176629485068,0.017278016269236217,1,-1,-1,-0.30000000000000004,True,Defensive,Defensive,False
2023-08-23 00:00:00+09:00,1173139.875,1205274.41875,1177983.1645833333,36.999991870116986,-6076.332574003225,0.024916201314220083,0.01735554711712728,1,-1,-1,-0.30000000000000004,True,Defensive,Defensive,False
2023-08-24 00:00:00+09:00,1173139.875,1208041.98125,1177598.7791666666,23.17075226174248,-6658.005374727651,0.02473953619764626,0.017354345108172985,1,-1,-1,-0.30000000000000004,True,Defensive,Defensive,False
2023-08-25 00:00:00+09:00,1163914.75,1205428.175,1176906.8895833334,24.675358955489415,-7350.069417362192,0.015547748857977786,0.017349047812452664,1,1,-1,0.5,False,Trend,Defensive,False
2023-08-28 00:00:00+09:00,1153152.0,1202814.36875,1175933.1166666667,23.4568272971443,-8156.420751455127,0.015557091308810216,0.017368654748059383,1,1,-1,0.5,False,Trend,Defensive,False
2023-08-29 00:00:00+09:00,1157764.625,1201814.975,1175113.0979166667,27.160542152954264,-7992.324230768068,0.01479424282564882,0.017375109846366976,1,1,-1,0.5,False,Trend,Defensive,False
2023-08-30 00:00:00+09:00,1160839.625,1198201.7625,1174344.3291666666,21.33336657553967,-7308.483517900336,0.00996998317183098,0.017380278166617025,1,1,-1,0.5,False,Trend,Defensive,False
2023-08-31 00:00:00+09:00,1133164.0,1194204.16875,1173088.675,13.483112197127141,-8280.500810795273,0.010646785409077025,0.01764011628140547,1,1,-1,0.5,False,Trend,Defensive,False
2023-09-01 00:00:00+09:00,1127013.875,1188515.2875,1171756.14375,13.043455208218262,-8846.843010897595,0.00871905373236453,0.01764912729049668,1,1,-1,0.5,False,Trend,Defensive,False
2023-09-04 00:00:00+09:00,1131626.5,1183902.68125,1170090.48125,17.04544614679645,-8422.210022096959,0.008669857474635067,0.01744069500596597,1,1,-1,0.5,False,Trend,Defensive,False
2023-09-05 00:00:00+09:00,1131626.5,1179520.70625,1168578.5708333333,19.999978320276725,-7673.883977505913,0.008714124076640998,0.017423065453163435,1,1,-1,0.5,False,Trend,Defensive,False
2023-09-06 00:00:00+09:00,1119326.125,1174754.34375,1167092.2854166667,20.270242062092606,-7529.3927470593335,0.008861697888726778,0.017418681927378922,1,1,-1,0.5,False,Trend,Defensive,False
2023-09-07 00:00:00+09:00,1113176.0,1169065.4625,1165554.75,19.48048931394267,-7361.2923529495365,0.008212236477915793,0.01742653774387158,1,1,-1,0.5,False,Trend,Defensive,False
2023-09-08 00:00:00+09:00,1113176.0,1163069.06875,1164170.9666666666,11.428538245336924,-6777.9418088780985,0.007968573747190769,0.01740726233080671,-1,1,-1,-0.19999999999999996,False,MeanReversion,Defensive,False
2023-09-11 00:00:00+09:00,1128551.375,1157918.325,1163120.3166666667,23.999995664055334,-4968.231901764408,0.008988313658195832,0.017509322714915832,-1,1,-1,-0.19999999999999996,False,MeanReversion,Defensive,False
2023-09-12 00:00:00+09:00,1111638.5,1152460.075,1161813.4104166667,23.684213341377657,-4533.96876644604,0.009258680531018087,0.01760496203243764,-1,1,-1,-0.19999999999999996,False,MeanReversion,Defensive,False
2023-09-13 00:00:00+09:00,1111638.5,1148001.21875,1160634.6333333333,23.684213341377657,-3894.899809109829,0.008877030634808342,0.017591489177724,-1,1,-1,-0.19999999999999996,False,MeanReversion,Defensive,False
2023-09-14 00:00:00+09:00,1123938.75,1144849.26875,1159968.3666666667,33.33329859019284,-2367.1130971404455,0.009270241703836217,0.01755135532379209,-1,1,-1,-0.19999999999999996,False,MeanReversion,Defensive,False
2023-09-15 00:00:00+09:00,1123938.75,1141774.19375,1159327.7270833333,36.619681216507125,-1141.9625076876,0.009285300955839387,0.01755124107355185,-1,1,-1,-0.19999999999999996,False,MeanReversion,Defensive,False
2023-09-18 00:00:00+09:00,1125476.25,1138237.85625,1158943.3416666666,34.78253697631371,-70.00037348631486,0.008928045298318667,0.01748856684966111,-1,1,-1,-0.19999999999999996,False,MeanReversion,Defensive,False
2023-09-19 00:00:00+09:00,1120863.75,1134855.28125,1158148.9479166667,31.428574746898732,457.4330908405591,0.008896411492217815,0.017341187746159364,-1,1,-1,-0.19999999999999996,False,MeanReversion,Defensive,False
2023-09-20 00:00:00+09:00,1105488.375,1131472.70625,1157405.80625,35.48386673782514,-71.98652058366679,0.008945279090574177,0.017311999839507496,-1,1,-1,-0.19999999999999996,False,MeanReversion,Defensive,False
2023-09-21 00:00:00+09:00,1091650.5,1127398.2375,1156585.7875,32.83579191840015,-1137.784384425484,0.00916589920098307,0.01735476810916233,-1,1,-1,-0.19999999999999996,False,MeanReversion,Defensive,False
2023-09-22 00:00:00+09:00,1080887.75,1123246.8875,1155432.6354166667,26.760523061420784,-2285.062326129515,0.009226411050558764,0.017355517776924918,-1,1,-1,-0.19999999999999996,False,MeanReversion,Defensive,False
2023-09-25 00:00:00+09:00,1067050.0,1118941.7875,1154151.35625,23.74997713465757,-3614.299393592577,0.009374857787257627,0.017414387712904433,-1,1,-1,-0.19999999999999996,False,MeanReversion,Defensive,False
2023-09-26 00:00:00+09:00,1045524.4375,1113329.778125,1152536.9427083333,22.09300511852875,-5470.284626613509,0.009868678669453667,0.01759030860953198,-1,1,-1,-0.19999999999999996,False,MeanReversion,Defensive,False
2023-09-27 00:00:00+09:00,1047062.0,1107640.896875,1150871.278125,24.096381411722533,-6074.828949189483,0.00982321896523031,0.017579827808226072,-1,1,-1,-0.19999999999999996,False,MeanReversion,Defensive,False
2023-10-04 00:00:00+09:00,1062437.375,1104104.565625,1149231.240625,32.258074385930556,-4966.360511102874,0.00970091364821687,0.017616637899502834,-1,1,-1,-0.19999999999999996,False,MeanReversion,Defensive,False
2023-10-05 00:00:00+09:00,1111638.5,1103335.796875,1148564.9760416667,45.21739345592747,-672.3169263099662,0.014520382600164765,0.01859744341034727,-1,1,-1,-0.19999999999999996,False,MeanReversion,MeanReversion,False
2023-10-06 00:00:00+09:00,1123938.75,1102951.409375,1148872.4822916666,53.57142079410234,3039.887296249988,0.014721108738338127,0.01788493543596512,-1,1,1,0.30000000000000004,False,Trend,MeanReversion,False
2023-10-10 00:00:00+09:00,1116251.125,1102182.640625,1149333.7427083333,51.2820575180039,4910.297993956985,0.01479256946584644,0.017791570968126093,-1,1,1,0.30000000000000004,False,Trend,Trend,False
2023-10-11 00:00:00+09:00,1114713.5,1101952.009375,1149384.9927083333,47.2727158505607,5909.545242374701,0.01459729717549705,0.017586880116791277,-1,1,1,0.30000000000000004,False,Trend,Trend,False
2023-10-12 00:00:00+09:00,1119326.125,1102259.515625,1149333.740625,48.67256095981674,6689.407463987496,0.01457209174875461,0.01755032344151076,-1,1,1,0.30000000000000004,False,Trend,Trend,False
2023-10-13 00:00:00+09:00,1108563.375,1102028.884375,1148641.8489583333,45.37815614039163,6294.414709116445,0.014740883964165659,0.017296240437587453,-1,1,1,0.30000000000000004,False,Trend,Trend,False
2023-10-16 00:00:00+09:00,1100875.75,1100645.103125,1147924.3322916667,44.62809112195843,5365.652837709056,0.014434736409352243,0.01730489928749564,-1,1,-1,-0.19999999999999996,False,MeanReversion,Trend,False
2023-10-17 00:00:00+09:00,1108563.375,1100491.346875,1147539.946875,50.862049027461524,5120.005184324085,0.01416023630460459,0.017279910749045595,-1,1,1,0.30000000000000004,False,Trend,Trend,False
2023-10-18 00:00:00+09:00,1082425.25,1099030.684375,1146822.4302083333,47.58063511524454,3145.0476752116174,0.015120558419712438,0.017533732939415642,-1,1,1,0.30000000000000004,False,Trend,Trend,False
2023-10-19 00:00:00+09:00,1093188.0,1097493.146875,1146053.6614583333,53.22579799178487,2537.4822224169475,0.01507485989494268,0.01750734559344423,-1,1,1,0.30000000000000004,False,Trend,Trend,False
2023-10-20 00:00:00+09:00,1085500.375,1095571.228125,1145259.2677083334,54.99998645017663,1635.5779404009118,0.015123200110841156,0.017516150971863074,-1,1,1,0.30000000000000004,False,Trend,Trend,False
2023-10-23 00:00:00+09:00,1076275.125,1093111.171875,1144029.2385416667,58.92856689179944,494.611647012076,0.01517811676035771,0.01742438477868911,-1,1,1,0.30000000000000004,False,Trend,Trend,False
2023-10-24 00:00:00+09:00,1134701.5,1093803.059375,1143926.7364583334,69.12751494754853,3579.858595727863,0.019530262020422483,0.018737912699675414,-1,1,1,0.30000000000000004,False,Trend,Trend,False
2023-10-25 00:00:00+09:00,1111638.5,1094110.565625,1143619.2302083333,60.389612103621346,3943.659625725757,0.019846869989993736,0.018885581283535933,-1,1,1,0.30000000000000004,False,Trend,Trend,False
2023-10-26 00:00:00+09:00,1120863.75,1095571.228125,1143670.4822916666,52.34375992418873,4634.21231164834,0.019682167752047352,0.018864444087639192,-1,1,1,0.30000000000000004,False,Trend,Trend,False
2023-10-27 00:00:00+09:00,1111638.5,1097108.765625,1141927.9427083333,46.825406042961966,4305.336578861844,0.01963619645548617,0.01530004348056257,-1,1,1,0.30000000000000004,False,Trend,Trend,False
2023-10-30 00:00:00+09:00,1108563.375,1099184.434375,1140313.5302083334,47.96746194154941,3737.4169489363485,0.019377399168558795,0.015270309346889145,-1,1,1,0.30000000000000004,False,Trend,Trend,False
2023-10-31 00:00:00+09:00,1090113.0,1101413.8625,1138852.871875,44.02986704589992,2059.709655936569,0.019175359331267707,0.015136251478398014,-1,1,-1,-0.19999999999999996,False,MeanReversion,Trend,False
2023-11-01 00:00:00+09:00,1080887.75,1103105.15,1136315.9364583334,40.87591587400209,358.388575443807,0.019321277058001986,0.013833508676423903,-1,-1,-1,-1.0,True,Defensive,Trend,False
2023-11-02 00:00:00+09:00,1094725.625,1104719.5625,1134342.765625,46.76260718003907,202.47081054191676,0.01925995917866678,0.01383860144413903,-1,-1,1,-0.5,True,Defensive,Trend,False
2023-11-03 00:00:00+09:00,1083962.875,1103335.78125,1131728.9552083334,46.09929650512788,-547.0605165943234,0.01639850523660006,0.01350399931092908,-1,1,-1,-0.19999999999999996,False,MeanReversion,Trend,False
2023-11-06 00:00:00+09:00,1125476.25,1103412.65625,1130088.915625,53.37422884495201,1708.0213788933152,0.018399595254122977,0.014362402703738715,-1,1,1,0.30000000000000004,False,Trend,Trend,False
2023-11-07 00:00:00+09:00,1125476.25,1103873.9125,1128525.753125,59.58903957029627,3074.9419780765875,0.018327369879835104,0.014360074331199795,-1,1,1,0.30000000000000004,False,Trend,Trend,False
2023-11-08 00:00:00+09:00,1128551.375,1104565.80625,1127090.7197916666,58.156037365200966,4002.76292542396,0.018329267067881894,0.01436583502507344,-1,1,1,0.30000000000000004,False,Trend,Trend,False
2023-11-09 00:00:00+09:00,1111638.5,1104181.425,1125168.8010416667,55.782313677623954,3322.0162397928902,0.01863706825172927,0.014397785862326536,-1,1,1,0.30000000000000004,False,Trend,Trend,False
2023-11-10 00:00:00+09:00,1116251.125,1104565.8125,1123221.2552083333,59.02778953976927,3034.871966607935,0.018529132838523147,0.014391489953935514,-1,1,1,0.30000000000000004,False,Trend,Trend,False
2023-11-13 00:00:00+09:00,1107025.875,1104873.31875,1121145.5822916667,41.96429673214855,2119.4646956777733,0.018559331328979575,0.014416838816293997,-1,1,-1,-0.19999999999999996,False,MeanReversion,Trend,False
2023-11-14 00:00:00+09:00,1107025.875,1104796.44375,1119249.2885416667,48.45360392715289,1442.1647253873998,0.018492609809543432,0.01438910434362387,-1,1,1,0.30000000000000004,False,Trend,Trend,False
2023-11-15 00:00:00+09:00,1125476.25,1106948.99375,1117993.6322916667,51.45627619521205,2123.7838257917583,0.017955313364987666,0.014442154565701536,-1,1,1,0.30000000000000004,False,Trend,Trend,False
2023-11-16 00:00:00+09:00,1125476.25,1108563.40625,1116968.6072916666,54.639150200146176,2439.115111508847,0.01786097479152408,0.014376549636226046,-1,1,1,0.30000000000000004,False,Trend,Trend,False
2023-11-17 00:00:00+09:00,1111638.5,1109870.3125,1115738.578125,50.961555749596045,1619.681989882121,0.01803297313121151,0.014452791194076949,-1,1,1,0.30000000000000004,False,Trend,Trend,False
2023-11-20 00:00:00+09:00,1107025.875,1111407.85,1114252.2927083333,55.789468279295214,716.9909031001687,0.017935037847814403,0.014396639973119615,-1,1,1,0.30000000000000004,False,Trend,Trend,False
2023-11-21 00:00:00+09:00,1110101.0,1110177.825,1112945.3885416666,60.439585965125445,298.4159728425982,0.013259455713997146,0.014389881641821504,-1,1,1,0.30000000000000004,False,Trend,Trend,False
2023-11-22 00:00:00+09:00,1108563.375,1110024.06875,1111869.1135416667,55.4216572438301,-89.83701902795906,0.012448505539778174,0.014305173710752678,-1,1,-1,-0.19999999999999996,False,MeanReversion,Trend,False
2023-11-23 00:00:00+09:00,1108563.375,1109409.05,1110792.8385416667,60.526282008767446,-340.399551893252,0.012291060865167314,0.014305173710752678,-1,1,-1,-0.19999999999999996,False,MeanReversion,Trend,False
2023-11-24 00:00:00+09:00,1090113.0,1108332.775,1109562.809375,31.147593420389754,-1668.209460179242,0.012712798091828228,0.014423915232570687,-1,1,-1,-0.19999999999999996,False,MeanReversion,Trend,False
2023-11-27 00:00:00+09:00,1080887.75,1106948.99375,1108358.4052083334,28.358248798718634,-3009.083051405411,0.012819395178991383,0.0144166514530733,-1,1,-1,-0.19999999999999996,False,MeanReversion,Trend,False
2023-11-28 00:00:00+09:00,1117788.625,1108332.775,1107692.1385416666,46.06741778307997,-1337.3340492611987,0.014451667032052112,0.015083247281772037,1,1,-1,0.5,False,Trend,Trend,True
2023-11-29 00:00:00+09:00,1120863.75,1110331.575,1107025.8739583334,53.75001016235376,-20.599701984990702,0.014269889127080168,0.015083597349158435,1,1,-1,0.5,False,Trend,Trend,False
2023-11-30 00:00:00+09:00,1114713.5,1111330.96875,1106718.365625,49.382681353975855,415.8980176581291,0.014117906074664564,0.01477938375201244,1,1,1,1.0,False,Trend,Trend,False
2023-12-01 00:00:00+09:00,1093188.0,1111792.225,1106154.6010416667,44.94380790827302,-704.361910946128,0.01465816009853213,0.014972855557965988,1,1,-1,0.5,False,Trend,Trend,False
2023-12-04 00:00:00+09:00,1094725.625,1110254.69375,1105539.5864583333,45.55557763669935,-1268.201356357836,0.01178114641479928,0.014962920322998716,1,1,-1,0.5,False,Trend,Trend,False
2023-12-05 00:00:00+09:00,1099338.25,1108947.79375,1105001.4489583333,39.506245947611525,-1254.6000234703993,0.011844509805844016,0.014975392776586317,1,1,-1,0.5,False,Trend,Trend,False
2023-12-06 00:00:00+09:00,1083962.875,1106718.36875,1104412.0614583334,35.16490683257558,-2152.5109791312734,0.012145713951943924,0.015018183371590166,1,1,-1,0.5,False,Trend,Trend,False
2023-12-07 00:00:00+09:00,1090113.0,1105642.09375,1104027.678125,41.86049149767259,-2196.0570718666086,0.01185213119272958,0.015024685529738369,1,1,-1,0.5,False,Trend,Trend,False
2023-12-08 00:00:00+09:00,1090113.0,1104335.1875,1103643.2947916666,43.373522298851924,-2089.302413583846,0.011794036959714918,0.015024685529738369,1,1,-1,0.5,False,Trend,Trend,False
2023-12-11 00:00:00+09:00,1080887.75,1103028.28125,1102848.9010416667,39.08046514061869,-2477.9103722740865,0.011800463970916605,0.014945694216345897,1,1,-1,0.5,False,Trend,Trend,False
2023-12-12 00:00:00+09:00,1082425.25,1101798.25,1102362.0135416666,40.229897946692304,-2464.129330953841,0.011812312726150045,0.014827988107578427,-1,1,-1,-0.19999999999999996,False,MeanReversion,Trend,False
2023-12-13 00:00:00+09:00,1077812.75,1099415.075,1101798.2510416666,38.88893405490562,-2585.7234682467033,0.011068518164098547,0.01483606803575302,-1,1,-1,-0.19999999999999996,False,MeanReversion,Trend,False
2023-12-14 00:00:00+09:00,1073200.125,1096801.26875,1100952.6072916666,43.20989636915665,-2779.908569625446,0.011065939178681027,0.014766015081384183,-1,1,-1,-0.19999999999999996,False,MeanReversion,Trend,False
2023-12-15 00:00:00+09:00,1080887.75,1095263.73125,1100235.090625,50.0,-2218.103583761571,0.01099833117758615,0.014801033992243426,-1,1,-1,-0.19999999999999996,False,MeanReversion,Trend,False
2023-12-18 00:00:00+09:00,1077812.75,1093803.075,1099440.6989583333,27.58625039773372,-1893.6994801754772,0.010984957107219797,0.014801298952067091,-1,1,-1,-0.19999999999999996,False,MeanReversion,Trend,False
2023-12-19 00:00:00+09:00,1082425.25,1092419.2875,1098800.0572916667,28.813475243759257,-1240.1850347744066,0.011019474094495723,0.014808331026740375,-1,1,-1,-0.19999999999999996,False,MeanReversion,Trend,False
2023-12-20 00:00:00+09:00,1105488.375,1092265.5375,1098800.0572916667,45.714322215886064,765.6535058737363,0.012098731734161101,0.014964320567102082,-1,1,1,0.30000000000000004,False,Trend,Trend,False
2023-12-21 00:00:00+09:00,1094725.625,1091573.65,1098851.309375,50.79369790571119,1353.5198214555985,0.012289103685225235,0.014928550882367901,-1,1,1,0.30000000000000004,False,Trend,Trend,False
2023-12-22 00:00:00+09:00,1107025.875,1092419.29375,1099286.9447916667,55.71428239595456,2490.5535285520473,0.011939785616965428,0.014938361706001164,-1,1,1,0.30000000000000004,False,Trend,Trend,False
2023-12-26 00:00:00+09:00,1110101.0,1093879.95625,1100004.4614583333,55.072474013747794,3317.787130519645,0.011743688410798798,0.014838818228317785,-1,1,1,0.30000000000000004,False,Trend,Trend,False
2023-12-27 00:00:00+09:00,1120863.75,1094033.7125,1101260.1166666667,68.18186857382884,4390.523435880348,0.009238734617938857,0.014622020883706954,-1,1,1,0.30000000000000004,False,Trend,Trend,False
2023-12-28 00:00:00+09:00,1168527.375,1096416.89375,1103284.5395833333,77.41941123762484,7905.82221411609,0.013103088274408916,0.015528239309297191,-1,1,-1,-0.19999999999999996,False,MeanReversion,Trend,False
2024-01-02 00:00:00+09:00,1213115.875,1101337.0125,1105795.8479166667,82.78693058196109,12553.527797883733,0.015153765924860622,0.016116048624653365,-1,1,-1,-0.19999999999999996,False,MeanReversion,MeanReversion,False
2024-01-03 00:00:00+09:00,1210040.75,1107179.65,1107435.8854166667,85.59326237812037,14596.970396572637,0.014200541422102081,0.015100947812883648,-1,1,-1,-0.19999999999999996,False,MeanReversion,MeanReversion,False
2024-01-04 00:00:00+09:00,1183902.625,1111638.5,1108435.2833333334,74.6268892155679,13395.894542696256,0.015415987097673155,0.015340735059443476,1,1,-1,0.5,False,Trend,MeanReversion,False
2024-01-05 00:00:00+09:00,1162377.125,1114790.44375,1109204.05,68.96550177427937,10488.014758656973,0.0161987702514409,0.015509557857204667,1,1,1,1.0,False,Trend,Trend,False
2024-01-08 00:00:00+09:00,1151614.375,1118173.01875,1109819.0645833334,67.1140837062718,7325.728454912645,0.01597028128577175,0.015560989716487693,1,1,1,1.0,False,Trend,Trend,False
2024-01-09 00:00:00+09:00,1156227.0,1121478.71875,1110434.0791666666,66.66666666666666,5134.281042592305,0.015960199052762653,0.015560483170150543,1,1,1,1.0,False,Trend,Trend,False
2024-01-10 00:00:00+09:00,1147001.875,1124323.1625,1111074.7208333334,64.9006672434763,2771.4209911435337,0.016137501789817914,0.01554358373820067,1,1,1,1.0,False,Trend,Trend,False
2024-01-11 00:00:00+09:00,1154689.5,1128013.25,1111971.6166666667,65.35948997419689,1498.0034113342645,0.015946657413003315,0.015531365457895269,1,1,1,1.0,False,Trend,Trend,False
2024-01-12 00:00:00+09:00,1143926.75,1131088.325,1112561.00625,58.62068772178492,-206.69216135198258,0.016194087471161907,0.015564503417262066,1,1,-1,0.5,False,Trend,Trend,False
2024-01-15 00:00:00+09:00,1174677.5,1135931.5625,1114098.54375,66.45570108750184,557.4242142054591,0.01693724990252764,0.015585873332213205,1,1,1,1.0,False,Trend,Trend,False
2024-01-16 00:00:00+09:00,1177752.5,1141159.18125,1115507.9520833334,65.13157859548588,1061.415655096238,0.016822898383903623,0.015546623736173807,1,1,1,1.0,False,Trend,Trend,False
2024-01-17 00:00:00+09:00,1162377.125,1145233.65,1116789.23125,60.624985709168236,196.06675221729165,0.017270108469006586,0.015621325886422732,1,1,1,1.0,False,Trend,Trend,False
2024-01-18 00:00:00+09:00,1153152.0,1149000.6125,1118070.5125,56.60377840862607,-1090.147419089415,0.017408631128820115,0.01561554562755875,1,1,-1,0.5,False,Trend,Trend,False
2024-01-19 00:00:00+09:00,1183902.625,1154074.48125,1118890.53125,53.37835907802509,-19.08267406185223,0.01815031575948331,0.014458721305545714,1,1,-1,0.5,False,Trend,Trend,False
2024-01-22 00:00:00+09:00,1219266.0,1159763.3625,1120684.3229166667,51.40844788190347,2767.7502659063994,0.01864167179362646,0.01465219971632606,1,1,1,1.0,False,Trend,Trend,False
2024-01-23 00:00:00+09:00,1228491.25,1166451.64375,1122478.1145833333,54.10960887384178,4809.520745985261,0.018323332447384023,0.014646845878455682,1,1,1,1.0,False,Trend,Trend,False
2024-01-24 00:00:00+09:00,1211578.375,1171679.26875,1124143.7791666666,56.42860378226265,4598.231583312194,0.018783763453921805,0.014727892723636263,1,1,1,1.0,False,Trend,Trend,False
2024-01-25 00:00:00+09:00,1206965.75,1176522.50625,1125783.81875,61.2403457414124,3760.3373320954233,0.018873411863044323,0.014733561925174546,1,1,1,1.0,False,Trend,Trend,False
2024-01-26 00:00:00+09:00,1188515.25,1179905.08125,1127423.85625,58.955235199792256,1681.9515278217805,0.019317740876635747,0.014705740989158892,1,-1,1,0.19999999999999996,True,Defensive,Trend,False
2024-01-29 00:00:00+09:00,1230028.75,1182980.15,1129909.5395833333,65.18988970096385,2757.9309540435243,0.01860243172010574,0.015244790272618595,1,1,1,1.0,False,Trend,Trend,False
2024-01-30 00:00:00+09:00,1265392.125,1185593.9625,1132753.98125,72.0,5355.82828483302,0.017797958310195105,0.015558538035862355,1,1,-1,0.5,False,Trend,Trend,False
2024-01-31 00:00:00+09:00,1291530.25,1189668.4375,1136213.4375,73.79679795352833,8170.50728368658,0.018219108611578123,0.015644704061382155,1,1,-1,0.5,False,Trend,Trend,False
2024-02-01 00:00:00+09:00,1274617.25,1194204.16875,1138699.1208333333,72.2512892894904,8207.466247122109,0.017686592419155666,0.015101619945989119,1,1,-1,0.5,False,Trend,Trend,False
2024-02-02 00:00:00+09:00,1320743.375,1202122.48125,1141953.5729166667,73.631822886563,10505.76986663496,0.018248786696212146,0.015704191395461073,1,1,-1,0.5,False,Trend,Trend,False
2024-02-05 00:00:00+09:00,1302293.0,1209656.4125,1144849.2666666666,69.1943166309748,9955.89349140328,0.01849389955274053,0.01585208042612111,1,1,1,1.0,False,Trend,Trend,False
2024-02-06 00:00:00+09:00,1300755.375,1216882.83125,1148001.2145833333,72.27721297883815,8706.299200693771,0.018561727641799516,0.015692894294531225,1,1,-1,0.5,False,Trend,Trend,False
2024-02-07 00:00:00+09:00,1270004.75,1223032.975,1150563.775,67.59258283449962,5199.492243840301,0.01950601070055167,0.0160607086855237,1,1,1,1.0,False,Trend,Trend,False
2024-02-08 00:00:00+09:00,1253091.75,1227953.0875,1152998.20625,60.86955155659712,1332.974938437852,0.019932479544571644,0.016130423070178215,1,1,1,1.0,False,Trend,Trend,False
2024-02-13 00:00:00+09:00,1288455.125,1235179.50625,1156022.0270833333,60.86955155659712,776.8053874168836,0.02034210895212152,0.01646664423641957,1,1,1,1.0,False,Trend,Trend,False
2024-02-14 00:00:00+09:00,1273079.75,1240099.61875,1158482.0854166667,56.872022575638724,-915.1459829980304,0.02011399098218165,0.016467511117845723,1,1,-1,0.5,False,Trend,Trend,False
2024-02-15 00:00:00+09:00,1257704.375,1244097.2125,1160685.8875,57.14283502073506,-3228.2027045941577,0.02043676548070461,0.016567607273621214,1,1,-1,0.5,False,Trend,Trend,False
2024-02-16 00:00:00+09:00,1273079.75,1249632.34375,1163376.575,59.907813901420894,-3839.503219406244,0.020147389646027865,0.016513182081124983,1,1,-1,0.5,False,Trend,Trend,False
2024-02-19 00:00:00+09:00,1262317.0,1255090.59375,1165964.7604166667,61.32074531074556,-5011.453598775068,0.020164786813845155,0.01655114617552341,1,1,-1,0.5,False,Trend,Trend,False
2024-02-20 00:00:00+09:00,1257704.375,1258780.68125,1168424.8166666667,54.78722415162748,-6069.464150061911,0.01956470429962543,0.016568122874702784,1,1,-1,0.5,False,Trend,Trend,False
2024-02-21 00:00:00+09:00,1265392.125,1261086.9875,1171038.6291666667,50.0,-6201.782030004331,0.01857775099241003,0.016569737118585042,1,1,-1,0.5,False,Trend,Trend,False
2024-02-22 00:00:00+09:00,1260779.5,1262701.4,1173575.5645833334,43.58974759855913,-6517.803436127138,0.01856614399325333,0.016584675316348475,1,1,-1,0.5,False,Trend,Trend,False
2024-02-23 00:00:00+09:00,1251554.25,1264700.19375,1176266.2520833334,45.033127914777324,-7211.911848341577,0.01834185833737398,0.016446272302754753,1,1,-1,0.5,False,Trend,Trend,False
2024-02-26 00:00:00+09:00,1245404.125,1266622.1125,1179008.1916666667,30.40002913749123,-7893.92686191406,0.018360878914686504,0.01641294066640222,1,1,-1,0.5,False,Trend,Trend,False
2024-02-27 00:00:00+09:00,1240791.5,1269235.925,1181058.2395833333,32.758635190028855,-8416.498099303022,0.01797407369089729,0.01590940368448836,1,1,-1,0.5,False,Trend,Trend,False
2024-02-28 00:00:00+09:00,1231566.25,1269312.8,1182903.28125,31.40498422064357,-9086.923068863274,0.016396086302584306,0.015952990245943974,1,1,-1,0.5,False,Trend,Trend,False
2024-02-29 00:00:00+09:00,1190052.875,1265545.8375,1184158.9375,29.687526795258506,-11854.716879399815,0.01668879454903755,0.0165894617035003,1,1,-1,0.5,False,Trend,Trend,False
2024-03-04 00:00:00+09:00,1190052.875,1260471.96875,1185773.3520833333,32.47867642715937,-13115.702614145612,0.015773676995459524,0.0163688102159523,1,1,-1,0.5,False,Trend,Trend,False
2024-03-05 00:00:00+09:00,1199278.0,1256705.00625,1187515.8916666666,20.99999268309935,-12747.528017596363,0.01583208707499,0.01638904752886369,1,1,-1,0.5,False,Trend,Trend,False
2024-03-06 00:00:00+09:00,1206965.75,1251016.125,1189309.6833333333,27.368449878821906,-11446.585094202142,0.013217593543177975,0.01639753975044793,1,1,-1,0.5,False,Trend,Trend,False
2024-03-07 00:00:00+09:00,1223878.625,1247095.40625,1191641.6125,38.5416843096539,-9014.38362325584,0.013626702987381119,0.01634319267762622,1,1,-1,0.5,False,Trend,Trend,False
2024-03-08 00:00:00+09:00,1288455.125,1246480.39375,1194947.3145833334,53.90625347346385,-2938.3044306726792,0.018294201395730247,0.017539643871966836,1,1,-1,0.5,False,Trend,Trend,False
2024-03-11 00:00:00+09:00,1276154.875,1246787.9,1198048.0125,53.48838528376158,203.77101593090993,0.017594640821386825,0.017609048538674166,1,1,1,1.0,False,Trend,Trend,False
2024-03-12 00:00:00+09:00,1291530.25,1248709.825,1201558.7208333334,58.088255952904014,3107.8862655380653,0.017473390327983444,0.01758818505784601,1,1,1,1.0,False,Trend,Trend,False
2024-03-13 00:00:00+09:00,1273079.75,1247941.05625,1204736.2958333334,51.74823942360772,3544.842332967475,0.016657593338903168,0.01772960408965599,1,1,1,1.0,False,Trend,Trend,False
2024-03-14 00:00:00+09:00,1291530.25,1248863.58125,1208298.2541666667,56.57895299853875,4759.381062544444,0.016751756016724857,0.017768800398944386,1,1,1,1.0,False,Trend,Trend,False
2024-03-15 00:00:00+09:00,1270004.75,1249478.6,1211578.33125,53.75001397325063,3835.6028924014636,0.016970962017564994,0.017928786733932646,1,1,1,1.0,False,Trend,Trend,False
2024-03-18 00:00:00+09:00,1320743.375,1251861.78125,1215575.925,62.96296296296296,6222.980614219101,0.018913113906877194,0.01852702779389509,1,1,1,1.0,False,Trend,Trend,False
2024-03-19 00:00:00+09:00,1303830.5,1253937.45625,1219342.8875,60.40609849303965,6229.032300876086,0.019064484968370564,0.01862892448119511,1,1,1,1.0,False,Trend,Trend,False
2024-03-20 00:00:00+09:00,1306905.5,1256397.5125,1223084.225,62.69430662936181,6003.579985793758,0.019024232887231835,0.018628652558606587,1,1,1,1.0,False,Trend,Trend,False
2024-03-21 00:00:00+09:00,1317668.25,1259011.31875,1226620.55625,73.98842735422701,6121.774902124951,0.019054391905985398,0.018492096234793132,1,1,-1,0.5,False,Trend,Trend,False
2024-03-22 00:00:00+09:00,1291530.25,1260548.85625,1229900.6333333333,67.36843366410604,4080.2928513015177,0.019654025239691997,0.01865815325424347,1,1,1,1.0,False,Trend,Trend,False
2024-03-25 00:00:00+09:00,1291530.25,1262547.65625,1232975.70625,66.30437087871789,2450.9512639544173,0.019554249928244342,0.0186284479661497,1,1,1,1.0,False,Trend,Trend,False
2024-03-26 00:00:00+09:00,1273079.75,1263931.4375,1235692.01875,61.25654115982521,-17.70990698019523,0.019832258383554947,0.018756579316705563,1,1,-1,0.5,False,Trend,Trend,False
2024-03-27 00:00:00+09:00,1285380.0,1266160.8625,1238433.95625,60.638291891770336,-920.5476446338253,0.019885952065082813,0.018756359089530508,1,1,-1,0.5,False,Trend,Trend,False
2024-03-28 00:00:00+09:00,1280767.5,1268620.925,1240304.625,48.32215790447204,-1871.8634227141956,0.019810148670549792,0.018042941461950374,1,1,-1,0.5,False,Trend,Trend,False
2024-03-29 00:00:00+09:00,1277692.375,1273002.9,1241380.9,50.34964239826259,-2701.3167160053,0.017933657797247874,0.017421065535714167,1,1,-1,0.5,False,Trend,Trend,False
2024-04-01 00:00:00+09:00,1254629.375,1276231.725,1242124.04375,41.89188224172055,-4680.3302924219315,0.018574673538850475,0.017589713552147168,1,1,-1,0.5,False,Trend,Trend,False
2024-04-02 00:00:00+09:00,1254629.375,1278999.29375,1243302.8229166667,45.588243206002744,-5793.62862168072,0.018543754770772053,0.017341684502057628,1,1,-1,0.5,False,Trend,Trend,False
2024-04-03 00:00:00+09:00,1248479.125,1281074.9625,1244737.85625,39.062457325961375,-6685.2422029894315,0.018583352955504846,0.017173970926041792,1,1,-1,0.5,False,Trend,Trend,False
2024-04-04 00:00:00+09:00,1256166.875,1282689.375,1246480.3979166667,46.21847017181412,-6492.822370601558,0.018394504986757067,0.017129698475028113,1,1,-1,0.5,False,Trend,Trend,False
2024-04-05 00:00:00+09:00,1250016.75,1280767.45625,1248043.5604166666,24.444434407533706,-6499.340760453582,0.014136592077989231,0.01714581087476787,1,1,-1,0.5,False,Trend,Trend,False
2024-04-08 00:00:00+09:00,1253091.75,1279614.3,1249811.725,29.629577586362643,-6026.668830964139,0.014030566113692071,0.01710266955422018,1,1,-1,0.5,False,Trend,Trend,False
2024-04-09 00:00:00+09:00,1237716.375,1276923.60625,1251195.50625,24.7190847016374,-6442.151768092537,0.013908221057916236,0.017180716409091884,1,1,-1,0.5,False,Trend,Trend,False
2024-04-11 00:00:00+09:00,1222341.125,1274386.675,1252502.4125,16.30434110239699,-7377.841722879191,0.013826763054691266,0.017217990747496317,1,1,-1,0.5,False,Trend,Trend,False
2024-04-12 00:00:00+09:00,1214653.375,1270542.83125,1253168.6770833333,18.749968242612212,-8083.123060396951,0.013297360076517242,0.016915456830618156,1,1,-1,0.5,False,Trend,Trend,False
2024-04-15 00:00:00+09:00,1219266.0,1268005.89375,1253860.56875,21.68672692580448,-7803.612458148475,0.012970928378989905,0.016918561110991395,1,1,-1,0.5,False,Trend,Trend,False
2024-04-16 00:00:00+09:00,1206965.75,1262317.0125,1254603.7125,22.784808823922887,-7983.059913923938,0.008712370770118842,0.016881710694685328,1,1,-1,0.5,False,Trend,Trend,False
2024-04-17 00:00:00+09:00,1193127.875,1256781.88125,1255269.9770833333,12.500012702955118,-8520.69908379575,0.008648691490076509,0.016918686629714037,1,1,-1,0.5,False,Trend,Trend,False
2024-04-18 00:00:00+09:00,1214653.375,1252169.275,1255782.4895833333,26.373615574358524,-6978.433573065122,0.009896983216100566,0.016735117944161302,-1,1,-1,-0.19999999999999996,False,MeanReversion,Trend,False
2024-04-19 00:00:00+09:00,1200815.625,1246326.64375,1255474.9833333334,24.48980776952253,-6454.266947822669,0.009629538074449962,0.01636234987912656,-1,1,-1,-0.19999999999999996,False,MeanReversion,Trend,False
2024-04-22 00:00:00+09:00,1233103.875,1243405.325,1255551.8604166666,43.26923227253895,-3637.338519599307,0.011211924357414256,0.016696041595759794,-1,1,-1,-0.19999999999999996,False,MeanReversion,MeanReversion,False
2024-04-23 00:00:00+09:00,1216190.875,1239638.35625,1255628.7354166666,39.130413266842645,-2662.6380560705584,0.011483862019177863,0.01669530624228973,-1,1,-1,-0.19999999999999996,False,MeanReversion,MeanReversion,False
2024-04-24 00:00:00+09:00,1214653.375,1236717.0375,1255756.8625,40.17858179833221,-1906.4086190858961,0.01116982106346753,0.01668851285497715,-1,1,-1,-0.19999999999999996,False,MeanReversion,MeanReversion,False
2024-04-25 00:00:00+09:00,1199278.0,1232411.9375,1255936.2416666667,34.188014589339545,-2205.51114957937,0.011027124180202972,0.016650024754637376,-1,1,-1,-0.19999999999999996,False,MeanReversion,MeanReversion,False
2024-04-26 00:00:00+09:00,1183902.625,1227568.69375,1255167.4729166667,32.520299946792164,-3145.3690571795687,0.01122744295728014,0.016114498420985147,-1,1,-1,-0.19999999999999996,False,MeanReversion,MeanReversion,False
2024-04-29 00:00:00+09:00,1191590.375,1223263.59375,1253937.44375,34.12700819505535,-2958.5674269390474,0.011463987868945773,0.015689568273691213,-1,1,-1,-0.19999999999999996,False,MeanReversion,MeanReversion,False
2024-04-30 00:00:00+09:00,1200815.625,1220572.90625,1252425.5333333334,40.16397047651796,-1970.5270437922463,0.011173252159269523,0.015479254622709198,-1,1,-1,-0.19999999999999996,False,MeanReversion,MeanReversion,False
2024-05-02 00:00:00+09:00,1191590.375,1217420.95625,1251041.7520833334,41.52542723206534,-1705.0570189802456,0.011226574793696131,0.015423583266478868,-1,1,-1,-0.19999999999999996,False,MeanReversion,MeanReversion,False
2024-05-03 00:00:00+09:00,1185440.25,1214269.0125,1248786.7,41.88036563630236,-1706.2630103365336,0.011229579498513373,0.014659591689350316,-1,1,-1,-0.19999999999999996,False,MeanReversion,MeanReversion,False
2024-05-07 00:00:00+09:00,1206965.75,1211808.95625,1247197.9125,46.87501190901134,-104.47049145845995,0.012001129353133501,0.014788688317117644,-1,1,-1,-0.19999999999999996,False,MeanReversion,MeanReversion,False
2024-05-08 00:00:00+09:00,1216190.875,1210117.6625,1245788.5041666667,52.38092780079454,1633.338740517549,0.012166812005430194,0.014833077169534812,-1,1,1,0.30000000000000004,False,Trend,MeanReversion,False
2024-05-09 00:00:00+09:00,1200815.625,1207503.85625,1244635.3520833333,51.96852258702187,1791.640610729477,0.012386882572720396,0.014610006242524355,-1,1,1,0.30000000000000004,False,Trend,MeanReversion,False
2024-05-10 00:00:00+09:00,1210040.75,1206120.075,1243917.8354166667,48.739490057271375,2517.494371287259,0.012325912665489377,0.01455815114027109,-1,1,1,0.30000000000000004,False,Trend,Trend,False
2024-05-13 00:00:00+09:00,1200815.625,1205043.8,1242457.1770833333,50.0,2377.8384771007804,0.012136802857605615,0.014097824703484802,-1,1,1,0.30000000000000004,False,Trend,Trend,False
2024-05-14 00:00:00+09:00,1200815.625,1204351.9125,1241252.775,38.94735761121276,2286.325242822113,0.012070299798901308,0.014026511713564676,-1,1,-1,-0.19999999999999996,False,MeanReversion,Trend,False
2024-05-16 00:00:00+09:00,1205428.125,1203660.01875,1240381.5041666667,45.97700075318515,2518.932146709085,0.012071131108271762,0.013962281203387848,-1,1,1,0.30000000000000004,False,Trend,Trend,False
2024-05-17 00:00:00+09:00,1211578.375,1203890.65,1239356.48125,48.888912977496425,3034.8920923269543,0.011915070741746706,0.013881584655925115,-1,1,1,0.30000000000000004,False,Trend,Trend,False
2024-05-20 00:00:00+09:00,1214653.375,1204966.925,1238562.0875,56.09758273920531,3498.232358479552,0.011597656278742685,0.013851341628153224,-1,1,1,0.30000000000000004,False,Trend,Trend,False
2024-05-21 00:00:00+09:00,1197740.5,1204121.28125,1237562.6895833334,55.42172215088141,2620.749900226412,0.011329201865234834,0.0139538279281746,-1,1,1,0.30000000000000004,False,Trend,Trend,False
2024-05-22 00:00:00+09:00,1194665.375,1203813.76875,1236383.9104166667,51.24997459401231,1825.9844731479334,0.01105609336806243,0.013925931043449092,-1,1,1,0.30000000000000004,False,Trend,Trend,False
2024-05-23 00:00:00+09:00,1183902.625,1201353.70625,1235102.6291666667,43.2098121085595,629.9593399107762,0.009230390458795033,0.013961017459908366,-1,1,-1,-0.19999999999999996,False,MeanReversion,Trend,False
2024-05-24 00:00:00+09:00,1154689.5,1198278.6375,1233488.2166666666,37.233993788395495,-1933.7656234555816,0.010261232563368385,0.014277999768824233,-1,1,-1,-0.19999999999999996,False,MeanReversion,Trend,False
2024-05-27 00:00:00+09:00,1160839.625,1195587.95,1232078.8083333333,41.48931477751265,-2959.136201647254,0.010410394635235723,0.014295614595842498,-1,1,-1,-0.19999999999999996,False,MeanReversion,Trend,False
2024-05-28 00:00:00+09:00,1145464.25,1192897.2625,1230490.0208333333,27.77767740839839,-4333.507086566762,0.010442672135011929,0.01437831917706788,-1,1,-1,-0.19999999999999996,False,MeanReversion,Trend,False
2024-05-29 00:00:00+09:00,1117788.625,1189591.5625,1228593.7270833333,18.627383778113966,-6629.674089801214,0.011341354282930143,0.01466566135441718,-1,1,-1,-0.19999999999999996,False,MeanReversion,Trend,False
2024-05-30 00:00:00+09:00,1125476.25,1186285.85625,1227517.45,24.74216867469879,-7111.3258049951455,0.011358204650238414,0.014061477860457685,-1,1,-1,-0.19999999999999996,False,MeanReversion,Trend,False
2024-05-31 00:00:00+09:00,1122401.25,1182365.1375,1226389.9229166666,19.35478231071295,-7101.062945908499,0.011083598790376207,0.01406284735907417,-1,1,-1,-0.19999999999999996,False,MeanReversion,Trend,False
2024-06-03 00:00:00+09:00,1156227.0,1180596.96875,1225672.40625,36.69719980697069,-4411.9111406932425,0.01325625671755928,0.014570020838264593,-1,1,-1,-0.19999999999999996,False,MeanReversion,Trend,False
2024-06-04 00:00:00+09:00,1157764.625,1179213.1875,1224852.3875,37.27271383487432,-2235.1504926147936,0.01324129551706676,0.014543439817311696,-1,1,-1,-0.19999999999999996,False,MeanReversion,MeanReversion,False
2024-06-05 00:00:00+09:00,1168527.375,1177291.26875,1223929.8666666667,39.47371048442768,100.16420076101713,0.012708519320038086,0.014476362225126316,-1,1,-1,-0.19999999999999996,False,MeanReversion,MeanReversion,False
2024-06-07 00:00:00+09:00,1153152.0,1174139.325,1221674.8145833334,34.16664803564689,744.1340743265209,0.012766765459100429,0.012839573045509497,-1,1,-1,-0.19999999999999996,False,MeanReversion,MeanReversion,False
2024-06-10 00:00:00+09:00,1131626.5,1170679.86875,1219266.0083333333,29.545458744781,-99.93882501746702,0.013089894449007666,0.012988805401869108,-1,1,-1,-0.19999999999999996,False,MeanReversion,MeanReversion,False
2024-06-11 00:00:00+09:00,1137776.625,1167066.6625,1216703.4479166667,34.399997398433214,-66.01889710271644,0.013003782221970727,0.012896457709209237,-1,1,-1,-0.19999999999999996,False,MeanReversion,MeanReversion,False
2024-06-12 00:00:00+09:00,1140851.625,1164068.4625,1214499.6458333333,35.99998439058908,320.3349636923231,0.013018149149060795,0.012809144156836344,-1,1,-1,-0.19999999999999996,False,MeanReversion,MeanReversion,False
2024-06-13 00:00:00+09:00,1131626.5,1160609.00625,1211834.5833333333,36.290324166865005,121.63892768991718,0.013060596160732253,0.012654829505086987,-1,1,-1,-0.19999999999999996,False,MeanReversion,MeanReversion,False
2024-06-14 00:00:00+09:00,1133164.0,1156995.8,1209553.9041666666,43.396214838153504,253.22926953597198,0.013004349989151308,0.01251604545628224,-1,1,-1,-0.19999999999999996,False,MeanReversion,MeanReversion,False
2024-06-17 00:00:00+09:00,1131626.5,1152998.20625,1206401.95625,40.77669826280441,388.12205417733276,0.012870119709224831,0.01129590799583192,-1,1,-1,-0.19999999999999996,False,MeanReversion,MeanReversion,False
2024-06-18 00:00:00+09:00,1137776.625,1149154.36875,1203634.3916666666,47.422692509167106,1007.7351024486125,0.012956185711696952,0.011259834929005078,-1,1,1,0.30000000000000004,False,Trend,MeanReversion,False
2024-06-19 00:00:00+09:00,1160839.625,1147309.325,1201199.9604166667,64.89365382486439,2975.723620316945,0.013688770225071917,0.011609907384491011,-1,1,1,0.30000000000000004,False,Trend,Trend,False
2024-06-20 00:00:00+09:00,1148539.375,1145003.025,1198381.1458333333,57.73200628601362,3422.1002740435324,0.013838499943391697,0.011584916949307142,-1,1,1,0.30000000000000004,False,Trend,Trend,False
2024-06-21 00:00:00+09:00,1153152.0,1143465.49375,1196074.8416666666,60.204110414077675,3962.900800251702,0.013794797793671975,0.01137459065470424,-1,1,1,0.30000000000000004,False,Trend,Trend,False
2024-06-24 00:00:00+09:00,1128551.375,1142158.5875,1193358.5270833333,40.21738650171214,2661.1811031647576,0.013504042701740106,0.011651217526792315,-1,1,-1,-0.19999999999999996,False,MeanReversion,Trend,False
2024-06-25 00:00:00+09:00,1134701.5,1140851.68125,1191052.2229166667,42.105218116856726,2229.219378781847,0.013507157988823253,0.011581975029851995,-1,1,-1,-0.19999999999999996,False,MeanReversion,Trend,False
2024-06-26 00:00:00+09:00,1120863.75,1139621.65625,1188310.2854166667,34.020576217915135,1084.3889199840778,0.013458627979089774,0.011557194507554675,-1,1,-1,-0.19999999999999996,False,MeanReversion,Trend,False
2024-06-27 00:00:00+09:00,1125476.25,1140006.0375,1185722.0979166667,39.99992773404684,727.7403635642277,0.012314864036545041,0.011585107293020818,-1,1,-1,-0.19999999999999996,False,MeanReversion,Trend,False
2024-06-28 00:00:00+09:00,1117788.625,1139621.65625,1183057.0354166667,44.444399835795565,97.18115093475535,0.01231486403654504,0.011600966770956811,-1,1,-1,-0.19999999999999996,False,MeanReversion,Trend,False
2024-07-01 00:00:00+09:00,1166989.75,1141851.08125,1181596.375,58.71560727873758,2958.280628406521,0.01565402536194129,0.012805316493638313,-1,1,1,0.30000000000000004,False,Trend,Trend,False
2024-07-02 00:00:00+09:00,1245404.125,1146309.9375,1181442.6208333333,71.5190368428798,9715.479413382585,0.020265893140733127,0.0153988244558182,-1,-1,-1,-1.0,True,Defensive,Trend,False
2024-07-03 00:00:00+09:00,1245404.125,1150691.9125,1181391.3708333333,74.34213306190867,13534.088473221189,0.020276304069359933,0.015385973099191317,-1,-1,-1,-1.0,True,Defensive,Defensive,False
2024-07-04 00:00:00+09:00,1234641.375,1153997.6125,1181032.6125,70.88610265389826,14592.968139869268,0.02041146262180216,0.015404013014177891,-1,-1,-1,-1.0,True,Defensive,Defensive,False
2024-07-05 00:00:00+09:00,1234641.375,1158072.08125,1180776.35625,71.33759643900012,14520.187900875782,0.02007724990424848,0.015392091005113037,-1,-1,-1,-1.0,True,Defensive,Defensive,False
2024-07-08 00:00:00+09:00,1217728.5,1162377.18125,1180186.96875,65.85367667288801,12629.48580101549,0.019812623705362555,0.01548711054050546,-1,1,1,0.30000000000000004,False,Trend,Defensive,False
2024-07-09 00:00:00+09:00,1223878.625,1166682.28125,1179956.3395833333,63.3987126064459,11141.500853878426,0.01981102737832212,0.015423785033661421,-1,1,1,0.30000000000000004,False,Trend,Defensive,False
2024-07-10 00:00:00+09:00,1240791.5,1171679.275,1180263.8458333334,69.2307812572472,10645.393672961352,0.01993625096926272,0.015440520464790743,-1,1,1,0.30000000000000004,False,Trend,Defensive,False
2024-07-11 00:00:00+09:00,1253091.75,1177752.5375,1180904.4854166666,70.18634136291473,10478.353061158643,0.01975618541122786,0.015465234041406099,-1,1,-1,-0.19999999999999996,False,MeanReversion,Defensive,False
2024-07-12 00:00:00+09:00,1265392.125,1184363.94375,1181673.2541666667,79.08500899602645,10502.44723571853,0.019761893430272917,0.015505866214119186,1,1,-1,0.5,False,Trend,Defensive,False
2024-07-15 00:00:00+09:00,1259241.875,1190744.7125,1182544.5229166667,76.47059448665556,9443.664949877686,0.019841718434514898,0.015458763469238926,1,1,-1,0.5,False,Trend,Trend,False
2024-07-16 00:00:00+09:00,1266929.625,1197202.3625,1183774.5520833333,81.87918327883396,8623.244603670042,0.01984241479993619,0.015389536241632164,1,1,-1,0.5,False,Trend,Trend,False
2024-07-17 00:00:00+09:00,1308443.125,1204582.5375,1185337.7145833333,84.39306168234137,10134.25891674092,0.02049289585184436,0.015763654772355903,1,-1,-1,-0.30000000000000004,True,Defensive,Trend,False
2024-07-18 00:00:00+09:00,1306905.5,1212500.84375,1187105.8791666667,86.3904815920714,10256.841191484895,0.020195364263166777,0.01567894243349677,1,1,-1,0.5,False,Trend,Trend,False
2024-07-19 00:00:00+09:00,1283842.5,1219035.36875,1187951.5229166667,74.9999732569695,8105.678636484459,0.020910974048051405,0.015518858746464219,1,-1,-1,-0.30000000000000004,True,Defensive,Trend,False
2024-07-22 00:00:00+09:00,1303830.5,1227799.325,1189412.1833333333,66.66664289509248,7371.084131509553,0.02002090430080012,0.015515765817431406,1,1,1,1.0,False,Trend,Trend,False
2024-07-23 00:00:00+09:00,1303830.5,1236255.775,1190898.46875,66.66664289509248,6270.488038477688,0.020083175334425607,0.015513274476138258,1,1,1,1.0,False,Trend,Trend,False
2024-07-24 00:00:00+09:00,1357644.25,1248094.8,1193537.90625,78.1689790071583,8418.160402165136,0.02087205661839914,0.016208273217325188,1,1,-1,0.5,False,Trend,Trend,False
2024-07-25 00:00:00+09:00,1339193.75,1258780.675,1196126.0916666666,72.07787579972411,7858.27766803102,0.02148769827147506,0.016220789658812625,1,-1,-1,-0.30000000000000004,True,Defensive,Trend,False
2024-07-26 00:00:00+09:00,1406845.375,1273233.5125,1199713.675,82.887646365009,11107.627693591894,0.022965533547555338,0.01732253260699171,1,-1,-1,-0.30000000000000004,True,Defensive,Defensive,False
2024-07-29 00:00:00+09:00,1445283.75,1287148.2125,1203788.14375,84.61533350296642,14684.556820314203,0.022064244069131253,0.017591688619817643,1,1,-1,0.5,False,Trend,Defensive,False
2024-07-30 00:00:00+09:00,1440671.125,1296911.5625,1207939.4895833333,82.49994613954695,15498.414325576508,0.018147478631548197,0.017554318845330392,1,1,-1,0.5,False,Trend,Trend,False
2024-07-31 00:00:00+09:00,1442208.75,1306751.79375,1212218.9645833333,81.8652378304605,14894.938878478664,0.018126504080978795,0.017522534162273024,1,1,-1,0.5,False,Trend,Trend,False
2024-08-01 00:00:00+09:00,1422220.75,1316130.7625,1215806.5479166666,75.75752598789306,12027.078096920952,0.018408093720809992,0.017552853836692535,1,1,-1,0.5,False,Trend,Trend,False
2024-08-02 00:00:00+09:00,1400695.25,1324433.45625,1218881.6208333333,72.11536770318742,7764.750655311793,0.019022099860458868,0.017692781321307485,1,1,-1,0.5,False,Trend,Trend,False
2024-08-05 00:00:00+09:00,1368407.0,1331967.38125,1221674.8104166666,64.73212940887399,2147.2857754973156,0.019660665608708588,0.01789758327461482,1,1,1,1.0,False,Trend,Trend,False
2024-08-06 00:00:00+09:00,1426833.375,1342115.11875,1225288.0208333333,66.38296252988165,1759.2251371733728,0.021238513521934514,0.01860400005703065,1,1,1,1.0,False,Trend,Trend,False
2024-08-07 00:00:00+09:00,1476034.5,1353877.26875,1229875.0020833334,70.67668782271221,4076.453013844548,0.022006494405434646,0.01897996620434816,1,1,-1,0.5,False,Trend,Trend,False
2024-08-08 00:00:00+09:00,1497560.0,1366100.68125,1234820.7416666667,76.22640108627559,6192.345614040074,0.02204370728230232,0.019027472916268093,1,1,-1,0.5,False,Trend,Trend,False
2024-08-09 00:00:00+09:00,1476034.5,1376632.8,1239330.8479166667,71.05261871011083,5309.598723752817,0.022652408893963707,0.019171289481970947,1,1,-1,0.5,False,Trend,Trend,False
2024-08-12 00:00:00+09:00,1460659.125,1386703.6625,1243482.19375,68.47824710203392,2974.022704964438,0.022849688332254283,0.019252788132572085,1,1,1,1.0,False,Trend,Trend,False
2024-08-13 00:00:00+09:00,1443746.25,1395544.49375,1247300.4083333334,61.111103941898406,-254.62176877712773,0.023244747771916142,0.019346862644247134,1,1,-1,0.5,False,Trend,Trend,False
2024-08-14 00:00:00+09:00,1432983.5,1401771.5125,1251221.125,62.34818173559627,-3480.706425874203,0.022621127237872452,0.019268296090863498,1,1,-1,0.5,False,Trend,Trend,False
2024-08-16 00:00:00+09:00,1431446.0,1407998.5375,1255167.46875,53.921576050937745,-5939.402813760331,0.022619776402489754,0.01926194265971338,1,1,-1,0.5,False,Trend,Trend,False
2024-08-19 00:00:00+09:00,1429908.375,1415301.83125,1259267.5645833334,47.22222096761008,-7774.697050607952,0.02205174357374117,0.019204718266324267,1,1,-1,0.5,False,Trend,Trend,False
2024-08-20 00:00:00+09:00,1394545.125,1419837.5625,1263265.1583333334,42.500014227306835,-11263.997997350401,0.022920997966879766,0.01920614145043631,1,1,-1,0.5,False,Trend,Trend,False
2024-08-21 00:00:00+09:00,1457584.125,1427525.24375,1268210.9,52.08333545049252,-9301.608745684753,0.02464662262379568,0.019923674855433397,1,1,-1,0.5,False,Trend,Trend,False
2024-08-22 00:00:00+09:00,1468346.875,1433060.375,1273592.2770833333,56.41026353705198,-7340.025282008872,0.023253892378337773,0.019800883703486982,1,1,-1,0.5,False,Trend,Trend,False
2024-08-23 00:00:00+09:00,1471421.875,1439671.78125,1279486.1645833333,60.36035937059974,-5955.661159825191,0.022890094215540908,0.019444447444966376,1,1,-1,0.5,False,Trend,Trend,False
2024-08-26 00:00:00+09:00,1479109.625,1443284.99375,1285380.0541666667,67.47573562696266,-4697.708507865602,0.02035405857282607,0.01944234943961405,1,1,-1,0.5,False,Trend,Trend,False
2024-08-27 00:00:00+09:00,1496022.5,1445821.93125,1291607.075,62.56983646197958,-2985.4991192651432,0.019654978025567208,0.019437988592033155,1,1,-1,0.5,False,Trend,Trend,False
2024-08-28 00:00:00+09:00,1523698.125,1449973.28125,1297731.59375,59.393943574600634,-384.66913634512457,0.01995835610466254,0.019245673294461613,1,1,-1,0.5,False,Trend,Trend,False
2024-08-29 00:00:00+09:00,1469884.375,1451357.0625,1302933.5895833333,45.16129314252271,-2562.793585408828,0.021763119547137357,0.019942418250974512,1,1,-1,0.5,False,Trend,Trend,False
2024-08-30 00:00:00+09:00,1506785.25,1455585.2875,1308571.2208333334,55.102046741904125,-1827.0566393311165,0.022088689612151546,0.02011230181078455,1,1,-1,0.5,False,Trend,Trend,False
2024-09-02 00:00:00+09:00,1483722.125,1459736.63125,1314080.7229166667,53.73133664299425,-3126.134529621864,0.02209622934694675,0.02014634812034858,1,1,-1,0.5,False,Trend,Trend,False
2024-09-03 00:00:00+09:00,1477572.0,1465194.88125,1319846.48125,55.67009574831871,-4546.021887707393,0.021301395626624114,0.01994986185570747,1,1,-1,0.5,False,Trend,Trend,False
2024-09-04 00:00:00+09:00,1454509.0,1466578.6625,1325125.3541666667,53.465346136168435,-7036.176305667024,0.019730724238190223,0.020118525850882682,1,1,-1,0.5,False,Trend,Trend,False
2024-09-05 00:00:00+09:00,1437596.125,1464656.74375,1330071.0958333334,50.94339333218544,-9658.091894103956,0.018307103711659084,0.020221004459106275,1,1,-1,0.5,False,Trend,Trend,False
2024-09-06 00:00:00+09:00,1483722.125,1463964.85,1335939.35625,57.26141288800851,-8180.1412066501,0.019447817237967267,0.02047060782915948,1,1,-1,0.5,False,Trend,Trend,False
2024-09-09 00:00:00+09:00,1483722.125,1464349.23125,1341781.9916666667,63.30274305584043,-7134.959747081655,0.019166144726260968,0.020474907104118124,1,1,-1,0.5,False,Trend,Trend,False
2024-09-10 00:00:00+09:00,1531385.75,1467885.5625,1348444.6458333333,61.5384495119914,-3357.7765815113016,0.02020833427604916,0.020755887155968423,1,1,-1,0.5,False,Trend,Trend,False
2024-09-11 00:00:00+09:00,1508322.75,1471114.3875,1354620.4145833333,56.01851207119981,-2572.188782495952,0.020351972357798204,0.020919177840565177,1,1,-1,0.5,False,Trend,Trend,False
2024-09-12 00:00:00+09:00,1492947.375,1474112.58125,1360155.54375,53.125,-3206.3880066087804,0.02043030879198713,0.020907762072125833,1,1,-1,0.5,False,Trend,Trend,False
2024-09-13 00:00:00+09:00,1522160.625,1478648.3125,1366382.5645833334,55.88235294117647,-1844.3865724856696,0.020774697180644813,0.020905796275220784,1,1,-1,0.5,False,Trend,Trend,False
2024-09-19 00:00:00+09:00,1612875.25,1487796.65625,1374044.61875,63.28671626848201,4626.474199762848,0.024076492987793324,0.022004159548684007,1,1,1,1.0,False,Trend,Trend,False
2024-09-20 00:00:00+09:00,1629788.125,1499558.80625,1382398.5645833334,62.36559453111796,9239.855874627676,0.02294792053761593,0.02172076204460334,1,1,1,1.0,False,Trend,Trend,False
2024-09-23 00:00:00+09:00,1671301.625,1510244.68125,1391341.9,74.16974612540191,13996.059461339813,0.02171880549298532,0.021858864089102863,1,1,-1,0.5,False,Trend,Trend,False
2024-09-24 00:00:00+09:00,1663613.875,1520008.03125,1400387.7354166666,70.23808640459816,15420.644321675572,0.021868188662234764,0.021769845282374207,1,1,-1,0.5,False,Trend,Trend,False
2024-09-25 00:00:00+09:00,1609800.125,1526926.94375,1408459.8,65.07353666431737,11703.555687167063,0.023551190204491236,0.022356929806861832,1,1,1,1.0,False,Trend,Trend,False
2024-09-26 00:00:00+09:00,1617487.75,1533845.85,1416788.11875,66.66666666666666,8856.820948554072,0.02355068601921411,0.022294245959767464,1,1,1,1.0,False,Trend,Trend,False
2024-09-27 00:00:00+09:00,1516010.5,1534845.25,1422605.13125,56.17284756047989,-281.99607060376,0.028095611729280524,0.023579009075648624,1,1,-1,0.5,False,Trend,Trend,False
2024-09-30 00:00:00+09:00,1502172.625,1533768.975,1426884.60625,56.52173913043478,-7291.913578966385,0.02785740926032415,0.02225144453491826,1,1,-1,0.5,False,Trend,Trend,False
2024-10-02 00:00:00+09:00,1502172.625,1535383.3875,1431164.08125,52.05480214851864,-11700.286057721998,0.026594722746872242,0.02225144453491826,1,1,-1,0.5,False,Trend,Trend,False
2024-10-04 00:00:00+09:00,1535998.375,1536844.04375,1436186.6979166667,55.414016037117875,-12061.6186818657,0.026481940021135995,0.02233173543495243,1,1,-1,0.5,False,Trend,Trend,False
2024-10-07 00:00:00+09:00,1539073.5,1539611.6125,1441260.5666666667,50.8772009897358,-11802.34565574058,0.026199652636329118,0.022327702356194704,1,1,-1,0.5,False,Trend,Trend,False
2024-10-08 00:00:00+09:00,1543686.125,1542917.31875,1446693.19375,54.21245933938241,-11042.660960376164,0.026162436614824185,0.02220998980226214,1,1,-1,0.5,False,Trend,Trend,False
2024-10-10 00:00:00+09:00,1529848.25,1546684.28125,1451792.6875,54.41176514543087,-11161.451200606221,0.025962393578479386,0.02227226519969787,1,1,-1,0.5,False,Trend,Trend,False
2024-10-11 00:00:00+09:00,1574436.75,1553526.3125,1457353.4416666667,56.028357753278556,-8070.551368044813,0.02636742009712533,0.022469871662664453,1,1,-1,0.5,False,Trend,Trend,False
2024-10-14 00:00:00+09:00,1574436.75,1558062.04375,1462709.1916666667,44.39460379356055,-5957.049540641448,0.025597563348518485,0.022462092643477916,1,1,-1,0.5,False,Trend,Trend,False
2024-10-15 00:00:00+09:00,1663613.875,1567056.63125,1469346.2208333334,54.074068721059845,1137.6979986520782,0.028103352524864463,0.023408330349382927,1,1,1,1.0,False,Trend,Trend,False
2024-10-16 00:00:00+09:00,1625175.5,1571746.11875,1475445.1145833333,44.402979301842535,2835.959337073811,0.02812658645751376,0.02365530173206583,1,1,-1,0.5,False,Trend,Trend,False
2024-10-17 00:00:00+09:00,1577511.875,1575205.575,1480621.4854166666,40.47619047619048,467.58437837713427,0.028803220280232893,0.02405759618022358,1,1,-1,0.5,False,Trend,Trend,False
2024-10-18 00:00:00+09:00,1629788.125,1582047.6125,1485977.2354166666,52.21843382212573,2051.3383267213176,0.029412470206065935,0.024064881533571884,1,1,1,1.0,False,Trend,Trend,False
2024-10-21 00:00:00+09:00,1677451.75,1589812.16875,1492153.00625,56.11286225161782,5730.14474298049,0.02973997977930404,0.024273481198584468,1,1,1,1.0,False,Trend,Trend,False
2024-10-22 00:00:00+09:00,1628250.5,1590580.93125,1497893.1395833334,62.806995924216906,4334.490159489498,0.027916672843566533,0.024505036513102093,1,1,1,1.0,False,Trend,Trend,False
2024-10-23 00:00:00+09:00,1628250.5,1590504.05,1503300.1395833334,64.85505677518594,2961.4539015358678,0.027818122179095038,0.02446340927105614,1,1,1,1.0,False,Trend,Trend,False
2024-10-24 00:00:00+09:00,1600574.875,1586967.7125,1508245.8791666667,60.884343771482676,-98.37228335977488,0.027406206574716395,0.024607086187512575,1,1,-1,0.5,False,Trend,Trend,False
2024-10-25 00:00:00+09:00,1631325.625,1585353.3,1512807.2354166666,60.61643473288032,-326.18560300918034,0.027801995935156858,0.02421308100932134,1,1,-1,0.5,False,Trend,Trend,False
2024-10-28 00:00:00+09:00,1626713.0,1586198.94375,1517599.2229166667,59.726952324454096,-1023.0703075068959,0.02678038294875019,0.024126263677030458,1,1,-1,0.5,False,Trend,Trend,False
2024-10-29 00:00:00+09:00,1609800.125,1585814.5625,1520981.8020833333,57.142849425830036,-2760.0694560441734,0.026869519464929013,0.023416210096157762,1,1,-1,0.5,False,Trend,Trend,False
2024-10-30 00:00:00+09:00,1585199.5,1589274.0125,1523313.73125,55.84414898811928,-5542.259310538368,0.022546042415177464,0.02329680054664917,1,1,-1,0.5,False,Trend,Trend,False
2024-10-31 00:00:00+09:00,1540611.0,1591195.93125,1524979.3958333333,46.428577084801596,-10096.655018420668,0.0234585452332254,0.023611567390306253,1,1,-1,0.5,False,Trend,Trend,False
2024-11-01 00:00:00+09:00,1534460.875,1592810.34375,1526516.93125,45.83334093338938,-13047.02646050715,0.023486916986298265,0.023620811867135275,1,1,-1,0.5,False,Trend,Trend,False
2024-11-04 00:00:00+09:00,1563674.0,1594194.125,1528874.4854166666,38.095235259065056,-12550.82640920968,0.023336819340680437,0.0236477474524499,1,1,-1,0.5,False,Trend,Trend,False
2024-11-05 00:00:00+09:00,1549836.25,1594732.2625,1531360.16875,40.46692779328187,-12639.194139313826,0.02343643653688558,0.023585180589539415,1,1,-1,0.5,False,Trend,Trend,False
2024-11-06 00:00:00+09:00,1577511.875,1596423.55,1534845.25,50.0,-10411.231357631787,0.023752362978656103,0.023442093452850275,1,1,-1,0.5,False,Trend,Trend,False
2024-11-07 00:00:00+09:00,1577511.875,1598806.73125,1537356.5583333333,41.90475637422282,-8590.695406444967,0.023636128907587078,0.022864123950160662,1,1,-1,0.5,False,Trend,Trend,False
2024-11-08 00:00:00+09:00,1543686.125,1597269.2,1538484.0854166667,28.35820231463336,-9260.062611627684,0.02326817867158035,0.022661228527645606,1,1,-1,0.5,False,Trend,Trend,False
2024-11-11 00:00:00+09:00,1548298.75,1595962.3,1539329.73125,34.88373302175032,-8980.81069355258,0.02328439326286234,0.02259165988362462,1,1,-1,0.5,False,Trend,Trend,False
2024-11-12 00:00:00+09:00,1517548.0,1588659.00625,1540021.6229166666,31.250005292900653,-10357.960426819587,0.019547346993958156,0.022666001375630615,1,1,-1,0.5,False,Trend,Trend,False
2024-11-13 00:00:00+09:00,1460659.125,1580433.1875,1540021.6229166666,28.436016583441216,-14345.584347726652,0.020552858022276226,0.02317002046391389,1,1,-1,0.5,False,Trend,Trend,False
2024-11-14 00:00:00+09:00,1471421.875,1575128.6875,1540482.8833333333,23.737361709675724,-15410.29993147691,0.019895783952000017,0.023137901814701267,1,1,-1,0.5,False,Trend,Trend,False
2024-11-15 00:00:00+09:00,1440671.125,1565672.8375,1540611.0104166667,21.86045245316707,-17201.35044155016,0.018333059633903942,0.02328234549637864,1,1,-1,0.5,False,Trend,Trend,False
2024-11-18 00:00:00+09:00,1408382.875,1552219.39375,1540226.625,20.888875559878656,-19412.678085675852,0.016703436944047405,0.023466783443631133,1,1,-1,0.5,False,Trend,Trend,False
2024-11-19 00:00:00+09:00,1412995.5,1541456.64375,1539944.74375,23.58489987191581,-19372.332790687993,0.016138558763840384,0.023470962792992444,1,1,-1,0.5,False,Trend,Trend,False
2024-11-20 00:00:00+09:00,1442208.75,1532154.55625,1540739.1375,34.15842341279968,-16308.689605643664,0.017223921538333225,0.02338965401089763,-1,1,-1,-0.19999999999999996,False,MeanReversion,Trend,False
2024-11-21 00:00:00+09:00,1432983.5,1523774.9875,1540329.1270833334,33.82353116995894,-13926.587580450934,0.017026731524448148,0.022690977534982212,-1,1,-1,-0.19999999999999996,False,MeanReversion,Trend,False
2024-11-22 00:00:00+09:00,1436058.625,1514011.6375,1539790.9895833333,27.807517319485,-11279.813368268224,0.016140345811049193,0.02267119751097214,-1,1,-1,-0.19999999999999996,False,MeanReversion,Trend,False
2024-11-25 00:00:00+09:00,1472959.375,1506323.95625,1539816.6145833333,37.62375440654029,-6421.5146936119745,0.017629486796194048,0.022911974052755545,-1,1,-1,-0.19999999999999996,False,MeanReversion,MeanReversion,False
2024-11-26 00:00:00+09:00,1428370.875,1497252.49375,1538970.96875,27.23005142822683,-5617.573005037175,0.018522847498611526,0.02324154564994331,-1,1,-1,-0.19999999999999996,False,MeanReversion,MeanReversion,False
2024-11-27 00:00:00+09:00,1465271.75,1491256.10625,1538458.45625,34.59916046033695,-2183.702557498422,0.019651843246685667,0.023435599253533137,-1,1,-1,-0.19999999999999996,False,MeanReversion,MeanReversion,False
2024-11-28 00:00:00+09:00,1537536.0,1491102.35625,1538689.0875,49.23664394539074,4980.332199964436,0.021945411644592818,0.024143544285446128,-1,1,1,0.30000000000000004,False,Trend,MeanReversion,False
2024-11-29 00:00:00+09:00,1499097.5,1489334.1875,1539175.9729166667,44.36618952252378,7030.669073911569,0.022651169092695017,0.02391182857845292,-1,1,-1,-0.19999999999999996,False,MeanReversion,MeanReversion,False
2024-12-02 00:00:00+09:00,1492947.375,1485797.85625,1538945.3416666666,47.01492107184666,7812.90148029957,0.022159388108306706,0.023700789514177718,-1,1,1,0.30000000000000004,False,Trend,MeanReversion,False
2024-12-03 00:00:00+09:00,1486797.25,1482645.90625,1538996.59375,53.61702142380964,7741.497475506112,0.022110561622024086,0.023622163262752953,-1,1,1,0.30000000000000004,False,Trend,Trend,False
2024-12-04 00:00:00+09:00,1477572.0,1477648.9125,1538996.59375,50.85469773672995,6924.9020896522925,0.021626210580578138,0.023629896019003387,-1,1,1,0.30000000000000004,False,Trend,Trend,False
2024-12-05 00:00:00+09:00,1482184.625,1472882.55,1539457.8541666667,56.221198847279524,6551.360064467168,0.021662234495969962,0.023542335119242763,-1,1,1,0.30000000000000004,False,Trend,Trend,False
2024-12-06 00:00:00+09:00,1479109.625,1469653.725,1540149.7458333333,61.61617239960616,5969.558849991663,0.021217210426878352,0.02349185984645954,-1,1,1,0.30000000000000004,False,Trend,Trend,False
2024-12-09 00:00:00+09:00,1465271.75,1465502.375,1539842.2395833333,58.33333333333333,4587.256420764803,0.021240597378413682,0.023165593450838608,-1,1,1,0.30000000000000004,False,Trend,Trend,False
2024-12-10 00:00:00+09:00,1474497.0,1463349.825,1539688.4875,55.49737885616313,4237.057388449433,0.020925338391718375,0.02318071612995563,-1,1,1,0.30000000000000004,False,Trend,Trend,False
2024-12-11 00:00:00+09:00,1459121.625,1463272.95,1538484.0854166667,54.35897500038565,2972.507255292032,0.01920923912320309,0.022838861521551467,-1,1,1,0.30000000000000004,False,Trend,Trend,False
2024-12-12 00:00:00+09:00,1472959.375,1463349.825,1537894.6958333333,55.940576127579725,3058.6878186034046,0.019257398518734124,0.022797406983985566,-1,1,1,0.30000000000000004,False,Trend,Trend,False
2024-12-13 00:00:00+09:00,1516010.5,1467116.79375,1538279.08125,56.79613049018869,5844.320463405775,0.01960145095796135,0.023067331989809665,-1,1,1,0.30000000000000004,False,Trend,Trend,False
2024-12-16 00:00:00+09:00,1535998.375,1473497.56875,1538509.7104166667,68.42103911930224,8690.726785965706,0.0187947839320203,0.0229932187603022,-1,1,1,0.30000000000000004,False,Trend,Trend,False
2024-12-17 00:00:00+09:00,1497560.0,1477725.79375,1536587.7895833333,55.49737885616313,7677.576844545061,0.019934741595806497,0.021937336765539744,-1,1,1,0.30000000000000004,False,Trend,Trend,False
2024-12-18 00:00:00+09:00,1506785.25,1480954.61875,1534537.7416666667,43.33332972005003,7322.725248910097,0.01952383608533042,0.021905629807070774,-1,1,-1,-0.19999999999999996,False,MeanReversion,Trend,False
2024-12-19 00:00:00+09:00,1472959.375,1482953.4125,1531232.0375,44.21768632237605,4634.972015763507,0.020228736149742896,0.021796842019748006,-1,1,-1,-0.19999999999999996,False,MeanReversion,Trend,False
2024-12-20 00:00:00+09:00,1443746.25,1483337.79375,1527567.5770833334,40.1234639150838,909.7085878153266,0.020784556510822564,0.021917475185271738,-1,1,-1,-0.19999999999999996,False,MeanReversion,Trend,False
2024-12-23 00:00:00+09:00,1459121.625,1482645.90625,1525056.26875,44.64286319188133,-427.101172475298,0.020096407463439107,0.021607855395888304,-1,1,-1,-0.19999999999999996,False,MeanReversion,Trend,False
2024-12-24 00:00:00+09:00,1442208.75,1483337.8,1522134.9520833334,43.352616367865785,-2256.383903102327,0.019007332261203387,0.021629390859259863,-1,1,-1,-0.19999999999999996,False,MeanReversion,Trend,False
2024-12-26 00:00:00+09:00,1440671.125,1482107.76875,1520879.2958333334,42.105260655620796,-3312.0898363164306,0.0180717598338048,0.01999198981427579,-1,1,-1,-0.19999999999999996,False,MeanReversion,Trend,False
2024-12-27 00:00:00+09:00,1436058.625,1477033.9,1519777.3958333333,41.86046841396261,-4016.27338642181,0.013915533605806205,0.01996473082547323,-1,1,-1,-0.19999999999999996,False,MeanReversion,Trend,False
2024-12-30 00:00:00+09:00,1459121.625,1475035.10625,1519059.8791666667,48.876407830090734,-2687.875397168629,0.01355032829508928,0.02008049505830115,-1,1,-1,-0.19999999999999996,False,MeanReversion,MeanReversion,False
2025-01-02 00:00:00+09:00,1436058.625,1472190.66875,1517394.2166666666,43.31550988129919,-3092.6588438855997,0.013929553689784789,0.01995205021182931,-1,1,-1,-0.19999999999999996,False,MeanReversion,MeanReversion,False
2025-01-03 00:00:00+09:00,1445283.75,1470114.99375,1515831.0541666667,47.54097268221298,-2494.9459185763844,0.014041196445613371,0.019971814471071495,-1,1,-1,-0.19999999999999996,False,MeanReversion,MeanReversion,False
2025-01-06 00:00:00+09:00,1454509.0,1468961.84375,1514344.76875,46.666675699882255,-1294.5263244495254,0.014096315607402194,0.019988103236193436,-1,1,-1,-0.19999999999999996,False,MeanReversion,MeanReversion,False
2025-01-07 00:00:00+09:00,1511397.875,1470422.50625,1514037.2625,49.206345792434725,3265.4618385304148,0.016592678765278552,0.020592661042324812,-1,1,1,0.30000000000000004,False,Trend,MeanReversion,False
2025-01-08 00:00:00+09:00,1549836.25,1473958.8375,1513627.2541666667,52.23881502549996,8507.209925949419,0.017422609827768908,0.020511714195477072,-1,1,1,0.30000000000000004,False,Trend,Trend,False
2025-01-09 00:00:00+09:00,1546761.125,1478033.30625,1513165.99375,58.98876019604915,11232.806590654018,0.017237682842961156,0.020512886030027794,-1,1,1,0.30000000000000004,False,Trend,Trend,False
2025-01-10 00:00:00+09:00,1537536.0,1481185.25625,1511064.6958333333,55.617986252255136,11820.367537694103,0.0173217866433727,0.019190399149070073,-1,1,1,0.30000000000000004,False,Trend,Trend,False
2025-01-13 00:00:00+09:00,1555986.375,1486028.49375,1509911.54375,66.07145795244588,12776.292948147695,0.01718983750001805,0.019043134953388555,-1,1,1,0.30000000000000004,False,Trend,Trend,False
2025-01-14 00:00:00+09:00,1574436.75,1491102.3625,1509860.2916666667,76.39753497372175,13883.871122248242,0.017242553522111712,0.018721954860732977,-1,1,-1,-0.19999999999999996,False,MeanReversion,Trend,False
2025-01-15 00:00:00+09:00,1568286.625,1493716.16875,1508835.2666666666,72.90324577166409,13426.850643075633,0.01621996784086388,0.018230198544602342,-1,1,-1,-0.19999999999999996,False,MeanReversion,MeanReversion,False
2025-01-16 00:00:00+09:00,1602112.5,1497021.875,1507579.6125,81.32533011794229,14533.700228239859,0.01662453384055418,0.018049825839705668,-1,1,-1,-0.19999999999999996,False,MeanReversion,MeanReversion,False
2025-01-17 00:00:00+09:00,1560599.0,1500173.825,1506452.0875,70.3125310958045,11721.622239627675,0.016704660342333498,0.017959540178791693,-1,1,-1,-0.19999999999999996,False,MeanReversion,MeanReversion,False
2025-01-20 00:00:00+09:00,1560599.0,1502864.5125,1505324.5625,71.4285775736175,9223.228783687602,0.01668215053328742,0.017959540178791693,-1,1,-1,-0.19999999999999996,False,MeanReversion,MeanReversion,False
2025-01-21 00:00:00+09:00,1539073.5,1506170.21875,1504299.5395833333,63.8297945947442,5657.687902534588,0.016108455549755606,0.01791391962323665,1,1,1,1.0,False,Trend,MeanReversion,False
2025-01-22 00:00:00+09:00,1559061.5,1511935.98125,1503095.1375,71.50538080899429,4246.590805838234,0.015383727866897123,0.017817021504183562,1,1,-1,0.5,False,Trend,MeanReversion,False
2025-01-23 00:00:00+09:00,1619025.375,1519931.16875,1502967.0104166667,75.7990959115557,6801.317488386947,0.017111372316930152,0.018493921785070193,1,1,-1,0.5,False,Trend,Trend,False
2025-01-24 00:00:00+09:00,1671301.625,1531385.8125,1503992.0354166667,78.54251785037775,11201.714844680351,0.01760842764522505,0.018891780856912944,1,1,-1,0.5,False,Trend,Trend,False
2025-01-31 00:00:00+09:00,1662076.375,1542456.075,1505273.3166666667,72.68518274566011,12577.853696677987,0.01774891315384168,0.01879262297273412,1,1,-1,0.5,False,Trend,Trend,False
2025-02-03 00:00:00+09:00,1683601.875,1554833.2375,1507656.4979166666,71.21951142130722,13920.079988051326,0.017618818023873058,0.018454816396965765,1,1,-1,0.5,False,Trend,Trend,False
2025-02-04 00:00:00+09:00,1648238.5,1564289.08125,1509552.7916666667,64.60177022984928,11508.447045552639,0.018661481652288668,0.018674237026982315,1,1,1,1.0,False,Trend,Trend,False
2025-02-05 00:00:00+09:00,1668226.5,1575897.475,1511295.3333333333,68.2403292709479,10376.55500634115,0.017959000101538825,0.01858557240653065,1,1,1,1.0,False,Trend,Trend,False
2025-02-06 00:00:00+09:00,1674376.625,1587352.11875,1513371.00625,67.11110051214678,9199.364301145317,0.01797801238857341,0.01854210336433211,1,1,1,1.0,False,Trend,Trend,False
2025-02-07 00:00:00+09:00,1783541.75,1603803.75625,1516804.8375,73.94365874632581,14608.700977767454,0.021876095687855757,0.02008842071158224,1,1,-1,0.5,False,Trend,Trend,False
2025-02-10 00:00:00+09:00,1737415.625,1615104.64375,1519469.9,67.74192702405293,13919.158077090317,0.022261122732447194,0.02041579255733114,1,1,1,1.0,False,Trend,Trend,False
2025-02-11 00:00:00+09:00,1805067.25,1627866.19375,1523826.2520833334,69.8795062710318,16672.4082131794,0.023002428159725356,0.020719416937392734,1,1,1,1.0,False,Trend,Trend,False
2025-02-12 00:00:00+09:00,1778929.125,1639474.59375,1527670.0916666666,72.04967814992065,15415.761879222708,0.023447686963799383,0.020837826127322462,1,1,-1,0.5,False,Trend,Trend,False
2025-02-13 00:00:00+09:00,1812754.875,1653235.5375,1532590.20625,73.83719569938418,15503.28437612467,0.0233815349851918,0.020734723129520065,1,1,-1,0.5,False,Trend,Trend,False
2025-02-14 00:00:00+09:00,1814292.375,1666150.8375,1538484.09375,77.03925704125635,14332.821976573803,0.0234206159675383,0.02002110142900828,1,1,-1,0.5,False,Trend,Trend,False
2025-02-17 00:00:00+09:00,1821980.125,1678528.00625,1544326.73125,76.4705719488698,12795.06377460371,0.023411817155753602,0.02001530968280102,1,1,-1,0.5,False,Trend,Trend,False
2025-02-18 00:00:00+09:00,1806604.75,1690443.9125,1550425.625,70.74828408254102,9606.706208998752,0.023548617451345875,0.019816601154923504,1,1,-1,0.5,False,Trend,Trend,False
2025-02-19 00:00:00+09:00,1777391.5,1699207.8625,1556575.76875,62.365569151662555,4645.927430403564,0.023850705315476027,0.019689302657425637,1,1,1,1.0,False,Trend,Trend,False
2025-02-20 00:00:00+09:00,1766628.75,1709509.35,1562469.65625,62.142840343859305,1.1603917627799092,0.022856585296502176,0.019731103453095013,1,1,1,1.0,False,Trend,Trend,False
2025-02-21 00:00:00+09:00,1778929.125,1720425.85625,1568081.6625,61.31386038319642,-2730.2181340933457,0.022810134239414016,0.019613509405079086,1,1,-1,0.5,False,Trend,Trend,False
2025-02-24 00:00:00+09:00,1769703.875,1731957.375,1573693.66875,65.36963921982223,-5486.630813237665,0.02248076008650225,0.019603703264995016,1,1,-1,0.5,False,Trend,Trend,False
2025-02-25 00:00:00+09:00,1811217.375,1744565.16875,1579946.3145833334,67.15865963116727,-4863.7050757914185,0.0227394461208813,0.019766271363195587,1,1,-1,0.5,False,Trend,Trend,False
2025-02-26 00:00:00+09:00,1795842.0,1753406.0,1585327.6916666667,64.25991794394372,-5774.76001600462,0.02183608716637045,0.01962517169056208,1,1,-1,0.5,False,Trend,Trend,False
2025-02-27 00:00:00+09:00,1782004.125,1758941.125,1591221.5791666666,49.76742866974342,-7488.243817107432,0.021077476826517002,0.01916823200575361,1,1,-1,0.5,False,Trend,Trend,False
2025-02-28 00:00:00+09:00,1715890.125,1761631.8125,1595398.5520833333,46.92982768924445,-12933.923778898949,0.022935323191632405,0.019682502121241095,1,1,-1,0.5,False,Trend,Trend,False
2025-03-04 00:00:00+09:00,1722040.25,1763553.73125,1598473.6229166666,35.638299712513444,-15792.193783515264,0.022788568919162925,0.018755063236197675,1,1,-1,0.5,False,Trend,Trend,False
2025-03-05 00:00:00+09:00,1757403.625,1769011.9875,1602778.725,46.3917564655624,-14978.575145139468,0.022535910388910736,0.01855749470603212,1,1,-1,0.5,False,Trend,Trend,False
2025-03-06 00:00:00+09:00,1737415.625,1772471.44375,1606853.1958333333,36.756775047504874,-15404.395314090041,0.022662384835955875,0.018626724566056217,1,1,-1,0.5,False,Trend,Trend,False
2025-03-07 00:00:00+09:00,1691289.5,1773317.0875,1610261.4,31.308435890763278,-18217.71385982658,0.023559646318469026,0.018993223148620075,1,1,-1,0.5,False,Trend,Trend,False
2025-03-10 00:00:00+09:00,1665151.375,1767397.56875,1613387.7229166667,27.43364073402047,-21062.882008308567,0.018593471334477914,0.019101143756609353,1,1,-1,0.5,False,Trend,Trend,False
2025-03-11 00:00:00+09:00,1642088.375,1762631.20625,1616052.7854166667,26.839843751374772,-23534.6105928736,0.017995979962204214,0.019210830843495827,1,1,-1,0.5,False,Trend,Trend,False
2025-03-12 00:00:00+09:00,1659001.25,1755327.90625,1619050.9791666667,32.73544039554264,-23037.89530709112,0.015563584267056188,0.019235548995023746,1,1,-1,0.5,False,Trend,Trend,False
2025-03-13 00:00:00+09:00,1619025.375,1747332.71875,1621613.5395833333,30.16530882989757,-24284.654646768093,0.016054044850724744,0.019480791936733136,1,1,-1,0.5,False,Trend,Trend,False
2025-03-14 00:00:00+09:00,1615950.25,1737492.4875,1623971.09375,27.542372735386962,-24148.563621868267,0.015094278695094523,0.019476575364205564,1,1,-1,0.5,False,Trend,Trend,False
2025-03-17 00:00:00+09:00,1643625.875,1728959.1625,1627046.1645833333,33.467738763050434,-21135.382408233083,0.015876103414719626,0.019512248776811424,1,1,-1,0.5,False,Trend,Trend,False
2025-03-18 00:00:00+09:00,1666689.0,1721194.60625,1630274.9916666667,30.084754082943462,-16723.039903664743,0.01631341765350204,0.019549951760714522,1,1,-1,0.5,False,Trend,Trend,False
2025-03-19 00:00:00+09:00,1659001.25,1713814.43125,1632658.1708333334,30.735934240126582,-13589.366305523376,0.016286170551932044,0.01924874852672536,1,1,-1,0.5,False,Trend,Trend,False
2025-03-20 00:00:00+09:00,1648238.5,1707356.78125,1634528.8395833333,31.004374873747096,-11586.676355744385,0.016050612551263242,0.01921494868608489,1,1,-1,0.5,False,Trend,Trend,False
2025-03-21 00:00:00+09:00,1683601.875,1703205.4375,1637629.5375,44.97608102189157,-7427.779444800613,0.016978730318384736,0.01906561291367512,1,1,-1,0.5,False,Trend,Trend,False
2025-03-24 00:00:00+09:00,1657463.75,1697132.16875,1640140.8458333334,40.540549448376325,-6043.382671034089,0.017075259692932436,0.01919154184860036,1,1,-1,0.5,False,Trend,Trend,False
2025-03-25 00:00:00+09:00,1651313.625,1691212.65625,1643113.4166666667,33.004933999743685,-5181.1996427933755,0.01707087741962528,0.018939054365370554,1,1,-1,0.5,False,Trend,Trend,False
2025-03-26 00:00:00+09:00,1648238.5,1683063.7125,1646521.6208333333,34.895837964615524,-4483.478814042624,0.01589089112606483,0.018726416047088305,1,1,-1,0.5,False,Trend,Trend,False
2025-03-27 00:00:00+09:00,1628250.5,1674684.1375,1649340.4354166666,38.285718533164356,-4994.536800350423,0.015958396703183053,0.01878453942025304,1,1,-1,0.5,False,Trend,Trend,False
2025-03-28 00:00:00+09:00,1612875.25,1666227.69375,1652184.8770833334,39.88097456070776,-5930.684937440707,0.01597958844567303,0.018760194090048282,1,1,-1,0.5,False,Trend,Trend,False
2025-03-31 00:00:00+09:00,1559061.5,1658386.2625,1654158.05,35.638315123969974,-9523.734953447363,0.015579443741587104,0.01931877272382139,1,1,-1,0.5,False,Trend,Trend,False
2025-04-01 00:00:00+09:00,1626713.0,1653619.9,1657335.6229166666,45.248870276386825,-6820.390966902582,0.018779012038794438,0.020024849167727492,-1,1,-1,-0.19999999999999996,False,MeanReversion,Trend,False
2025-04-02 00:00:00+09:00,1614412.75,1646470.35625,1659923.8083333333,49.26108117914631,-5399.09181231659,0.017986559739736303,0.01997921497054977,-1,1,-1,-0.19999999999999996,False,MeanReversion,Trend,False
2025-04-03 00:00:00+09:00,1711277.5,1645163.45,1664510.7895833333,61.74242657538195,2123.100521684042,0.022664433375695018,0.021133348105144993,-1,1,1,0.30000000000000004,False,Trend,Trend,False
2025-04-04 00:00:00+09:00,1643625.875,1642780.26875,1667816.4916666667,50.0,2570.999066819717,0.023657002081132705,0.02185204229209322,-1,1,1,0.30000000000000004,False,Trend,Trend,False
2025-04-07 00:00:00+09:00,1549836.25,1637014.5125,1669405.2791666666,38.69047273388926,-3112.5381887122603,0.026780166813697232,0.023213589476861817,-1,1,-1,-0.19999999999999996,False,MeanReversion,Trend,False
2025-04-08 00:00:00+09:00,1543686.125,1632094.4,1669943.4166666667,38.80597340917999,-6741.157951634981,0.026669756696902285,0.022698056833992213,-1,1,-1,-0.19999999999999996,False,MeanReversion,Trend,False
2025-04-09 00:00:00+09:00,1525235.625,1625406.11875,1669533.40625,38.2352920078133,-9661.19373058874,0.02654826655283785,0.022517013917719528,-1,1,-1,-0.19999999999999996,False,MeanReversion,Trend,False
2025-04-10 00:00:00+09:00,1566749.125,1622792.30625,1669866.5395833333,38.953484249986644,-8135.247487347362,0.026966930185380586,0.02278590402842654,-1,1,-1,-0.19999999999999996,False,MeanReversion,Trend,False
2025-04-11 00:00:00+09:00,1606725.0,1622331.04375,1671019.6895833334,45.32577153385537,-3982.2242298692618,0.027625782269334553,0.0229967250869232,-1,1,-1,-0.19999999999999996,False,MeanReversion,Trend,False
2025-04-14 00:00:00+09:00,1595962.25,1619947.8625,1671685.9541666666,44.94381124396281,-1629.252554788858,0.027353084091062657,0.022968866993494434,-1,1,-1,-0.19999999999999996,False,MeanReversion,MeanReversion,False
2025-04-15 00:00:00+09:00,1589812.125,1616104.01875,1671942.2104166667,44.692734258491136,-229.78465436689294,0.02711396361968771,0.022926435509555827,-1,1,-1,-0.19999999999999996,False,MeanReversion,MeanReversion,False
2025-04-16 00:00:00+09:00,1572899.25,1611798.91875,1672019.0875,44.94382150768458,-187.6467028600091,0.027174553102991727,0.02296355476920972,-1,1,-1,-0.19999999999999996,False,MeanReversion,MeanReversion,False
2025-04-17 00:00:00+09:00,1628250.5,1610799.51875,1672454.7208333334,51.30889172087306,3613.6895115906445,0.028394814517295124,0.02323379213361225,-1,1,1,0.30000000000000004,False,Trend,MeanReversion,False
2025-04-18 00:00:00+09:00,1612875.25,1607263.1875,1673325.9916666667,54.90196301694298,5050.109714338752,0.027979097423821188,0.02300913063609459,-1,1,1,0.30000000000000004,False,Trend,MeanReversion,False
2025-04-21 00:00:00+09:00,1648238.5,1606801.925,1674786.65,52.08333434150501,8155.449170430347,0.028274851676392137,0.023170160563995117,-1,1,1,0.30000000000000004,False,Trend,Trend,False
2025-04-22 00:00:00+09:00,1652851.125,1606878.8,1676682.94375,53.77643474850008,10163.026889789788,0.028270667445042447,0.023089509788042417,-1,1,1,0.30000000000000004,False,Trend,Trend,False
2025-04-23 00:00:00+09:00,1639013.375,1606417.54375,1678015.475,41.51624644096858,10176.684855220232,0.028331736425046678,0.023070151233388042,-1,1,-1,-0.19999999999999996,False,MeanReversion,Trend,False
2025-04-24 00:00:00+09:00,1608262.625,1605418.15,1677836.0958333334,45.45455129708834,7837.333702951186,0.02852041137757039,0.022690629429161557,-1,1,1,0.30000000000000004,False,Trend,Trend,False
2025-04-25 00:00:00+09:00,1591349.75,1604341.875,1676503.5645833334,56.650257353353446,5011.032659928675,0.028539183741111515,0.022337779221956323,-1,1,1,0.30000000000000004,False,Trend,Trend,False
2025-04-28 00:00:00+09:00,1594424.75,1606110.0375,1675376.0375,58.20895462019006,3291.838560205055,0.027444940402081678,0.022331844611662773,-1,1,1,0.30000000000000004,False,Trend,Trend,False
2025-04-29 00:00:00+09:00,1619025.375,1605725.65625,1674299.7625,64.87807528367405,3722.8929736225764,0.02592033414328609,0.02235920429754147,-1,1,1,0.30000000000000004,False,Trend,Trend,False
2025-04-30 00:00:00+09:00,1617487.75,1605879.40625,1673787.25,59.2178763337692,3802.5176357727796,0.025863654816968337,0.022195568027040133,-1,1,1,0.30000000000000004,False,Trend,Trend,False
2025-05-02 00:00:00+09:00,1668226.5,1603726.85625,1673787.25,60.75270603168387,6985.188300285177,0.023210821830504123,0.022504450135392887,-1,1,1,0.30000000000000004,False,Trend,Trend,False
2025-05-07 00:00:00+09:00,1600574.875,1601574.30625,1672557.2208333334,50.67264851913789,4374.629419647467,0.02330597571463198,0.023123460387644953,-1,1,1,0.30000000000000004,False,Trend,Trend,False
2025-05-08 00:00:00+09:00,1592887.25,1603726.85625,1669379.6458333333,50.446436510779556,2086.628031702401,0.01904132748500541,0.02155080373936632,-1,1,1,0.30000000000000004,False,Trend,Trend,False
2025-05-09 00:00:00+09:00,1599037.375,1606494.41875,1667073.3416666666,53.91705483483387,999.0772748261061,0.01900608404388795,0.021324086536792703,-1,1,1,0.30000000000000004,False,Trend,Trend,False
2025-05-12 00:00:00+09:00,1523698.125,1606417.54375,1662383.85625,35.21739514645297,-4481.781712985237,0.021896864454140803,0.021524321897715096,-1,1,-1,-0.19999999999999996,False,MeanReversion,Trend,False
2025-05-13 00:00:00+09:00,1537536.0,1604956.8875,1658360.6375,39.30131221407812,-6727.674832020597,0.021092428278720415,0.021521617465579485,-1,1,-1,-0.19999999999999996,False,MeanReversion,Trend,False
2025-05-14 00:00:00+09:00,1545223.625,1601881.81875,1653901.7833333334,34.123229870526686,-7205.381442832157,0.02024137379410177,0.021363354040618808,-1,1,-1,-0.19999999999999996,False,MeanReversion,Trend,False
2025-05-15 00:00:00+09:00,1534460.875,1598806.75,1649237.925,32.09302712509671,-7710.818143095152,0.020244791739684714,0.02136549442475732,-1,1,-1,-0.19999999999999996,False,MeanReversion,Trend,False
2025-05-16 00:00:00+09:00,1540611.0,1596346.69375,1644548.4395833334,34.76189683480182,-7110.225013956449,0.020282316732945213,0.0213642428321393,-1,1,-1,-0.19999999999999996,False,MeanReversion,Trend,False
2025-05-19 00:00:00+09:00,1580587.0,1596731.08125,1640781.4770833333,45.83333803812993,-3672.983939224312,0.021033997829724274,0.02166192341826862,-1,1,-1,-0.19999999999999996,False,MeanReversion,MeanReversion,False
2025-05-20 00:00:00+09:00,1579049.375,1594271.025,1637475.775,48.05823997448953,-1278.9038348428294,0.019419272825467297,0.021583362862793318,-1,1,-1,-0.19999999999999996,False,MeanReversion,MeanReversion,False
2025-05-21 00:00:00+09:00,1691289.5,1598191.7375,1636220.1208333333,61.37183161920907,7599.786627573159,0.024841346246818625,0.02342126208771604,-1,1,1,0.30000000000000004,False,Trend,MeanReversion,False
2025-05-22 00:00:00+09:00,1660538.875,1598806.75625,1634246.95,54.8042722129672,10934.812545707236,0.02481613043103911,0.023508356957721556,-1,1,1,0.30000000000000004,False,Trend,Trend,False
2025-05-23 00:00:00+09:00,1562136.5,1594271.025,1630787.49375,44.76744735660436,6278.0500687636595,0.028347762484683903,0.02474625394533179,-1,1,-1,-0.19999999999999996,False,MeanReversion,Trend,False
2025-05-26 00:00:00+09:00,1603650.0,1592502.85625,1627328.0375,43.786984383395975,5771.099963910407,0.02903814267961203,0.024801928520787726,-1,1,-1,-0.19999999999999996,False,MeanReversion,MeanReversion,False
2025-05-27 00:00:00+09:00,1577511.875,1590965.31875,1623689.2020833334,47.58842889221753,3561.224855689514,0.028962361362965445,0.024857988072729698,-1,1,1,0.30000000000000004,False,Trend,MeanReversion,False
2025-05-28 00:00:00+09:00,1580587.0,1590427.18125,1620332.25,48.70130315772247,2256.039267029759,0.02887897506533119,0.02485261192798266,-1,1,1,0.30000000000000004,False,Trend,MeanReversion,False
2025-05-29 00:00:00+09:00,1577511.875,1589581.5375,1618025.9458333333,47.712419863492286,1188.6789710226712,0.028875951719094944,0.024404039457317228,-1,1,1,0.30000000000000004,False,Trend,MeanReversion,False
2025-05-30 00:00:00+09:00,1586737.125,1587967.125,1615770.89375,57.794674337816204,1108.6077082161428,0.028679306795944305,0.024413562820703335,-1,1,1,0.30000000000000004,False,Trend,Trend,False
2025-06-02 00:00:00+09:00,1585199.5,1586352.7125,1612900.825,56.0784116182742,962.1592726833833,0.028679305096701507,0.024247094209200022,-1,1,1,0.30000000000000004,False,Trend,Trend,False
2025-06-04 00:00:00+09:00,1589812.125,1582431.99375,1610440.7666666666,55.73121386540256,1172.0856114978496,0.027707513996061597,0.024220334100477754,-1,1,1,0.30000000000000004,False,Trend,Trend,False
2025-06-05 00:00:00+09:00,1566749.125,1580740.70625,1608365.09375,54.022984209336094,-174.48908321178897,0.026337118786754196,0.024052993420954676,-1,1,-1,-0.19999999999999996,False,MeanReversion,Trend,False
2025-06-09 00:00:00+09:00,1588274.625,1580510.075,1607083.8145833334,55.719553210389094,419.8727983574099,0.02652173099727038,0.024054360761290614,-1,1,1,0.30000000000000004,False,Trend,Trend,False
2025-06-10 00:00:00+09:00,1599037.375,1580510.075,1606366.2979166666,52.38094316339616,1511.808155487306,0.026552651498609987,0.02401083211593147,-1,1,1,0.30000000000000004,False,Trend,Trend,False
2025-06-11 00:00:00+09:00,1603650.0,1584507.66875,1605443.7770833333,53.14961070968465,2462.439545460057,0.024000194540169512,0.023974051313629872,-1,1,1,0.30000000000000004,False,Trend,Trend,False
2025-06-12 00:00:00+09:00,1582124.5,1586737.09375,1604828.7625,31.794895099472257,1600.98420612664,0.02420849684055793,0.023831528841534756,-1,1,-1,-0.19999999999999996,False,MeanReversion,Trend,False
2025-06-13 00:00:00+09:00,1566749.125,1587813.36875,1604008.74375,33.513523727827405,37.74456602808914,0.024318892132583782,0.023861622251835274,-1,1,-1,-0.19999999999999996,False,MeanReversion,Trend,False
2025-06-16 00:00:00+09:00,1560599.0,1589120.275,1602624.9625,49.60000988593453,-1294.7643972707247,0.02427765073931876,0.02375421267760175,-1,1,-1,-0.19999999999999996,False,MeanReversion,Trend,False
2025-06-17 00:00:00+09:00,1552911.25,1589735.2875,1600728.6666666667,33.980592486416,-2507.980125987141,0.024298767579706594,0.02367977440334285,-1,1,-1,-0.19999999999999996,False,MeanReversion,Trend,False
2025-06-18 00:00:00+09:00,1543686.125,1587890.24375,1598806.7479166666,38.043508997656474,-3675.2218800104656,0.023589349527242093,0.02368369291288352,-1,1,-1,-0.19999999999999996,False,MeanReversion,Trend,False
2025-06-19 00:00:00+09:00,1535998.375,1585737.69375,1596936.0791666666,34.73683579953942,-4645.971040841301,0.023604601154794853,0.023678742245955477,-1,1,-1,-0.19999999999999996,False,MeanReversion,Trend,False
2025-06-20 00:00:00+09:00,1562136.5,1579280.04375,1594911.65625,45.45454545454545,-3273.396748981897,0.017589560123326374,0.02361550032070352,-1,1,-1,-0.19999999999999996,False,MeanReversion,Trend,False
2025-06-23 00:00:00+09:00,1525235.625,1572514.88125,1592707.8541666667,34.374996030329555,-4519.566303217032,0.017870238458205474,0.023724662763514735,-1,1,-1,-0.19999999999999996,False,MeanReversion,Trend,False
2025-06-24 00:00:00+09:00,1543686.125,1571592.3625,1590914.0625,40.287797976418645,-3799.0910520398556,0.012214245671976827,0.023785402098983038,-1,1,-1,-0.19999999999999996,False,MeanReversion,Trend,False
2025-06-25 00:00:00+09:00,1543686.125,1568594.16875,1589171.5229166667,38.97061285000358,-3052.5383495501083,0.010465761730309973,0.02378563557992273,-1,1,-1,-0.19999999999999996,False,MeanReversion,Trend,False
2025-06-26 00:00:00+09:00,1535998.375,1566518.49375,1587633.9875,42.06349308766465,-2812.4332247168804,0.009928784685568705,0.02374674737801629,-1,1,-1,-0.19999999999999996,False,MeanReversion,Trend,False
2025-06-27 00:00:00+09:00,1531385.75,1564058.43125,1586275.8291666666,33.91305269929694,-2699.688939774187,0.00990439969152907,0.0237220846616294,-1,1,-1,-0.19999999999999996,False,MeanReversion,Trend,False
