,005930.KS,009540.KS,034020.KS,105560.KS,005380.KS,005490.KS,207940.KS,090430.KS,035420.KS
2018-01-02,41205.9921875,97308.296875,12349.234375,43365.94921875,111375.3203125,250321.21875,592580.0,296888.75,171199.265625
2018-01-03,41690.58984375,105907.6328125,12388.8154296875,43365.94921875,112120.3203125,263981.71875,594862.0625,295938.6875,168491.0
2018-01-04,41254.46484375,112696.5859375,12784.6240234375,43297.2265625,109140.34375,271365.84375,582691.0,284063.15625,172746.828125
2018-01-05,42094.42578125,111338.796875,12784.6240234375,44053.2109375,111002.859375,271735.03125,593340.6875,285013.1875,175648.515625
2018-01-08,42013.64453125,112243.9921875,12784.6240234375,45771.35546875,112492.7734375,272842.65625,607793.875,285013.1875,183773.203125
2018-01-09,40705.25390625,111791.390625,13061.689453125,46183.7109375,113610.265625,278749.96875,621486.375,283113.0625,182612.5625
2018-01-10,39445.34765625,115864.765625,13615.822265625,45358.9921875,115845.234375,275057.875,610075.9375,290238.40625,179517.421875
2018-01-11,38960.75390625,118580.3359375,13457.4990234375,46527.3359375,115472.7578125,270627.40625,603990.4375,292138.5,177389.53125
2018-01-12,38928.4453125,118580.3359375,13615.822265625,46527.3359375,114727.7578125,285395.6875,632896.75,285013.1875,175841.953125
2018-01-15,39203.04296875,122201.1171875,13378.3369140625,46458.609375,115472.7578125,280965.25,638221.625,284063.15625,178163.3125
2018-01-16,40382.203125,123106.3046875,13022.109375,45221.5390625,117707.6875,279119.1875,629854.0,289763.4375,174681.28125
2018-01-17,40075.296875,121295.921875,12665.880859375,44946.63671875,117335.1875,284657.3125,604751.125,288813.375,171779.578125
2018-01-18,40301.4375,121748.5234375,12349.234375,45152.8203125,115472.7578125,284288.03125,608554.5625,292138.5,174681.28125
2018-01-19,39833.0078125,120843.328125,12428.3955078125,46114.98046875,120687.6484375,284657.3125,589537.25,294038.5625,170425.484375
2018-01-22,38960.75390625,123106.3046875,12230.4912109375,45152.8203125,121060.15625,278749.96875,589537.25,297363.75,172746.828125
2018-01-23,39703.78515625,127179.6796875,12586.7197265625,47145.859375,119942.671875,280596.0,613879.4375,297363.75,171973.03125
2018-01-24,39849.15625,127632.28125,12665.880859375,46389.8828125,116590.2265625,285764.90625,618443.5625,290238.40625,169845.15625
2018-01-25,40592.20703125,128084.8671875,12745.04296875,45771.35546875,118080.1875,289456.96875,616161.5,294513.65625,176615.75
2018-01-26,41012.1640625,128537.484375,12784.6240234375,46321.16015625,113610.265625,291672.1875,635939.5,296413.6875,179323.984375
2018-01-29,41367.52734375,129442.6640625,13378.3369140625,46183.7109375,115100.25,289456.96875,668649.3125,295938.6875,180291.1875
2018-01-30,40220.671875,129895.25,13259.5947265625,45977.53515625,116217.7265625,280226.6875,663324.5,294038.5625,180097.75
2018-01-31,40301.4375,131994.71875,13457.4990234375,46252.44140625,120687.6484375,280965.25,667127.9375,284538.1875,176035.390625
2018-02-01,40236.82421875,132944.3125,13220.013671875,45427.72265625,119570.140625,291672.1875,674734.875,285013.1875,178550.1875
2018-02-02,38524.63671875,131994.71875,12863.78515625,45633.89453125,121060.15625,283180.46875,669410.0,286913.28125,175068.203125
2018-02-05,38702.296875,125347.5,12467.9765625,46527.3359375,118452.703125,281703.59375,648110.625,284538.1875,170038.59375
2018-02-06,38298.47265625,124872.6953125,12190.91015625,44121.94140625,117335.1875,276903.90625,632136.0625,281213.03125,164622.09375
2018-02-07,36990.10546875,121074.28125,12270.072265625,43365.94921875,117335.1875,269519.875,613879.4375,267437.375,163074.546875
2018-02-08,37151.625,125822.296875,11953.42578125,42197.6171875,119942.671875,266197.0,619204.25,273612.65625,163074.546875
2018-02-09,36101.69140625,123448.2890625,12032.5869140625,41922.7109375,115472.7578125,259920.46875,609315.25,266962.3125,156303.9375
2018-02-12,36925.4921875,122973.4921875,11834.6826171875,44190.66015625,114727.7578125,268042.96875,642025.0625,260787.078125,154756.40625
2018-02-13,38395.40625,118700.2890625,11438.8740234375,44121.94140625,113610.265625,264720.21875,651914.0625,257936.921875,155723.609375
2018-02-14,39574.56640625,122973.4921875,11478.455078125,44534.296875,115100.25,268412.21875,663324.5,265537.28125,156884.28125
2018-02-19,39073.81640625,127246.703125,11795.1015625,45908.80859375,115472.7578125,268412.21875,654196.1875,263637.1875,158625.3125
2018-02-20,38282.32421875,122498.6875,12111.7490234375,45840.08203125,114355.28125,269150.59375,646589.25,261737.109375,156110.5
2018-02-21,38185.40625,121549.0859375,11993.005859375,45015.3828125,119197.640625,268781.4375,646589.25,279787.96875,161140.09375
2018-02-22,37765.4296875,118700.2890625,11834.6826171875,44603.015625,116962.734375,265458.5,673974.1875,279312.90625,159979.421875
2018-02-23,38136.953125,123448.2890625,11953.42578125,44465.5625,118452.703125,267673.78125,684623.875,277887.875,160366.296875
2018-02-26,38266.1640625,123923.09375,12151.330078125,44053.2109375,119942.671875,272842.65625,698316.375,283113.0625,156690.828125
2018-02-27,38266.1640625,122498.6875,11993.005859375,43984.48828125,119942.671875,279488.375,690709.4375,278837.875,155530.171875
2018-02-28,38007.73046875,124397.890625,11834.6826171875,43984.48828125,120315.125,266935.34375,684623.875,267437.375,155336.734375
2018-03-02,37167.78125,124397.890625,11597.197265625,43640.8515625,116217.7265625,257336.03125,708205.375,261737.109375,152048.15625
2018-03-05,36505.51953125,117275.875,11518.0361328125,42747.42578125,113982.78125,257336.03125,708205.375,262687.15625,150694.03125
2018-03-06,37975.421875,131994.71875,11518.0361328125,42816.14453125,116962.734375,257336.03125,683102.5,264112.1875,153982.59375
2018-03-07,39267.6640625,130095.515625,11399.29296875,42266.34375,113610.265625,256597.75,681581.125,268387.375,153789.140625
2018-03-08,39736.0859375,137217.53125,11755.5205078125,42472.51953125,115100.25,264351.0,686145.25,274562.71875,154562.921875
2018-03-09,40172.21484375,135318.328125,11913.8447265625,42953.59765625,114727.7578125,254751.625,692230.8125,285963.21875,155143.265625
2018-03-12,40172.21484375,138167.109375,12032.5869140625,43984.48828125,114355.28125,260658.90625,697555.6875,292613.53125,155917.0625
2018-03-13,41722.8984375,135318.328125,12032.5869140625,42747.42578125,114355.28125,261028.109375,689188.0625,292138.5,158625.3125
2018-03-14,41803.6484375,132469.515625,11993.005859375,42335.07421875,116217.7265625,251059.625,677016.9375,286438.21875,156497.40625
2018-03-15,41625.97265625,135318.328125,11636.7783203125,42403.796875,117335.1875,249213.578125,677777.625,293563.5625,158625.3125
2018-03-16,41302.921875,135318.328125,11993.005859375,43091.046875,117335.1875,252536.328125,681581.125,294038.5625,154949.84375
2018-03-19,40979.859375,134368.71875,12032.5869140625,43228.50390625,112865.3046875,253274.8125,684623.875,289288.375,151854.6875
2018-03-20,41351.3828125,139116.734375,12072.16796875,43709.58203125,113610.265625,251428.8125,702880.5,285488.21875,153789.140625
2018-03-21,41238.30859375,144339.546875,12270.072265625,43297.2265625,115100.25,255120.875,700598.4375,284538.1875,153595.703125
2018-03-22,41819.81640625,141490.734375,12349.234375,43915.7578125,113610.265625,251428.8125,726462.0,282163.03125,155336.734375
2018-03-23,40156.0703125,140066.34375,11874.263671875,42335.07421875,112865.3046875,237398.9375,732547.5625,274087.6875,151467.828125
2018-03-26,40608.33984375,140066.34375,12111.7490234375,41785.265625,111375.3203125,242198.625,747761.4375,281688.03125,152628.5
2018-03-27,40366.05859375,139116.734375,13101.2705078125,42128.87890625,114727.7578125,255120.875,760693.1875,289288.375,152628.5
2018-03-28,39332.26171875,136267.921875,12824.205078125,41304.1796875,112865.3046875,247367.53125,707444.6875,289288.375,151661.265625
2018-03-29,39896.875,130570.3203125,12586.7197265625,42335.07421875,106905.4296875,249963.625,739393.8125,291663.46875,152048.15625
2018-03-30,40043.3125,125347.5,12586.7197265625,41716.53125,106905.4296875,241433.671875,740915.1875,301163.90625,153208.84375
2018-04-02,39490.09765625,119649.8828125,12111.7490234375,40891.83984375,110630.34375,242917.09375,739393.8125,316364.59375,151854.6875
2018-04-03,39148.40625,119649.8828125,12230.4912109375,39723.48828125,113237.796875,241062.75,738633.125,327765.125,151854.6875
2018-04-04,38172.13671875,114901.875,11874.263671875,39586.03515625,116590.2265625,235499.765625,765257.375,320639.875,145857.890625
2018-04-05,39652.796875,122973.4921875,11993.005859375,39929.66015625,114727.7578125,236241.4375,763736.0,316364.59375,150694.03125
2018-04-06,39376.1953125,121549.0859375,11834.6826171875,40067.1171875,113610.265625,236612.421875,789599.5625,313514.5625,148953.015625
2018-04-09,40027.04296875,120124.6796875,11755.5205078125,38898.77734375,112492.7734375,232162.015625,855019.1875,320639.875,149726.8125
2018-04-10,39766.71875,119175.078125,11795.1015625,40273.296875,112492.7734375,240691.9375,886968.3125,324915.0625,149920.28125
2018-04-11,39750.44140625,119649.8828125,11834.6826171875,40204.56640625,111747.8046875,242175.40625,888489.6875,318264.71875,149146.453125
2018-04-12,39864.3359375,122498.6875,11834.6826171875,40685.6484375,113237.796875,238466.703125,859583.3125,307339.1875,146438.234375
2018-04-13,40515.17578125,122498.6875,11676.359375,41166.734375,112120.3203125,242917.09375,867190.25,318264.71875,147792.375
2018-04-16,40954.5,118700.2890625,11834.6826171875,41098.0078125,113982.78125,241062.75,862626.125,321114.875,145277.578125
2018-04-17,40661.625,115851.46875,11993.005859375,40548.19921875,117335.1875,246996.71875,838283.9375,321589.90625,144697.234375
2018-04-18,41784.328125,115851.46875,12705.4619140625,40479.47265625,118080.1875,259235.171875,820027.3125,328240.125,145471.0
2018-04-19,42939.5859375,114427.0703125,12982.5283203125,41235.453125,117707.6875,263314.8125,771342.9375,323964.96875,142762.765625
2018-04-20,41995.859375,115376.671875,13378.3369140625,41579.0859375,119197.640625,259235.171875,769821.5,321114.875,140828.328125
2018-04-23,42223.65234375,114427.0703125,13457.4990234375,41785.265625,118825.1875,259606.125,719615.75,316364.59375,142182.453125
2018-04-24,41052.1328125,111578.265625,13378.3369140625,42128.87890625,121060.15625,262573.0625,721137.1875,321589.90625,140247.984375
2018-04-25,41003.3046875,106830.25,13338.755859375,41579.0859375,122177.6328125,266281.65625,727983.375,317789.6875,143730.0
2018-04-26,42418.90625,113002.6640625,13497.080078125,41304.1796875,116590.2265625,265910.875,758411.125,316839.6875,140247.984375
2018-04-27,43118.56640625,112527.8671875,13655.4033203125,41166.734375,117707.6875,260347.796875,769821.5,317789.6875,138506.96875
2018-04-30,43118.56640625,113477.46875,14169.9541015625,42060.1640625,119197.640625,276295.03125,742436.5625,331565.34375,138506.96875
2018-05-02,43118.56640625,113952.265625,14367.859375,41716.53125,119197.640625,276295.03125,614640.125,333940.46875,142762.765625
2018-05-03,43118.56640625,113477.46875,14605.34375,41441.6328125,119197.640625,267394.28125,593340.6875,322539.9375,140634.875
2018-05-04,42223.65234375,118225.4765625,15199.0576171875,40685.6484375,117707.6875,272586.375,546938.4375,332515.40625,138700.421875
2018-05-08,42793.1328125,120599.4921875,14842.8291015625,40135.83984375,116217.7265625,266281.65625,563673.6875,330140.28125,141408.65625
2018-05-09,41410.08984375,118225.4765625,14644.9248046875,39998.3984375,114355.28125,259977.015625,605511.8125,332990.4375,140634.875
2018-05-10,41979.58203125,119175.078125,15515.7041015625,39860.9375,113237.796875,266652.46875,592580.0,325390.0625,139280.75
2018-05-11,41735.5234375,121549.0859375,15357.380859375,39998.3984375,113982.78125,265540.0,588015.875,324915.0625,138700.421875
2018-05-14,40759.24609375,122023.890625,16228.16015625,39998.3984375,112492.7734375,275182.46875,560630.875,312089.46875,138700.421875
2018-05-15,40027.04296875,117750.671875,16821.873046875,39379.8671875,110630.34375,274811.625,591058.625,307339.1875,137539.765625
2018-05-16,40555.859375,116326.28125,16188.5791015625,39586.03515625,112120.3203125,269248.5625,629854.0,312089.46875,135411.859375
2018-05-17,40189.76171875,116801.078125,16069.8369140625,39586.03515625,111375.3203125,267023.40625,605511.8125,305914.15625,134831.515625
2018-05-18,40271.12109375,121074.28125,16148.998046875,38761.32421875,111747.8046875,267394.28125,621486.375,312089.46875,133090.5
2018-05-21,40677.890625,121549.0859375,15753.189453125,38417.6875,111002.859375,267765.125,623768.4375,313039.46875,131929.828125
2018-05-23,42142.296875,120124.6796875,15753.189453125,38074.07421875,107650.3828125,261460.375,607793.875,312089.46875,132316.734375
2018-05-24,41816.8671875,119649.8828125,15357.380859375,38486.421875,104297.9609375,264798.1875,635939.5,319214.75,131542.921875
2018-05-25,42874.49609375,115851.46875,14724.0869140625,38074.07421875,103552.9765625,256639.1875,654956.875,318264.71875,132510.171875
2018-05-28,42549.0703125,109679.0546875,15674.0283203125,37867.8828125,103180.4765625,262573.0625,652674.75,313039.46875,131542.921875
2018-05-29,41735.5234375,109679.0546875,14803.2490234375,37524.26953125,104297.9609375,258864.359375,658760.3125,314939.59375,129221.578125
2018-05-30,40271.12109375,107305.046875,14763.66796875,36012.29296875,102435.484375,253672.171875,647349.9375,313514.5625,126126.4609375
2018-05-31,41247.38671875,108729.453125,15119.8955078125,35599.9453125,103552.9765625,251817.890625,661803.125,315889.59375,129415.0078125
2018-06-01,41735.5234375,109679.0546875,14763.66796875,35943.56640625,104297.9609375,251817.890625,686906.0,319689.78125,131542.921875
2018-06-04,41572.8046875,112053.0625,14644.9248046875,37386.8125,106532.9296875,261460.375,637460.9375,313039.46875,130188.8046875
2018-06-05,41735.5234375,114901.875,15080.314453125,37799.16796875,106160.421875,261460.375,640503.6875,320639.875,130382.234375
2018-06-07,41166.03515625,118700.2890625,15001.1533203125,38555.1484375,106160.421875,272957.21875,638982.3125,323014.9375,131542.921875
2018-06-08,40393.15234375,115376.671875,14763.66796875,38486.421875,105042.9609375,267023.40625,640503.6875,321114.875,135605.28125
2018-06-11,40596.53515625,118225.4765625,15040.7333984375,39448.58203125,103925.4765625,275924.21875,638982.3125,312089.46875,137539.765625
2018-06-12,40189.76171875,115376.671875,14803.2490234375,39104.95703125,104670.453125,271473.75,653435.5,307814.25,138700.421875
2018-06-14,39213.484375,110628.6640625,13932.4697265625,38486.421875,100573.03125,274069.84375,620725.6875,304964.15625,136765.96875
2018-06-15,38766.03125,109204.2578125,14051.2119140625,37799.16796875,99828.0390625,270732.125,620725.6875,292613.53125,133477.375
2018-06-18,37911.796875,104931.0390625,13497.080078125,38142.796875,100573.03125,264056.4375,619964.9375,292613.53125,134251.15625
2018-06-19,38237.21875,100183.0390625,12626.2998046875,37867.8828125,97965.5625,252188.828125,579648.25,285963.21875,133090.5
2018-06-20,38237.21875,102557.0390625,12863.78515625,37867.8828125,96475.6171875,254043.0625,638982.3125,296413.6875,133283.9375
2018-06-21,38277.890625,101132.640625,12270.072265625,36218.4765625,94613.1484375,251447.109375,631375.375,291188.5,135218.40625
2018-06-22,38440.59765625,104931.0390625,12388.8154296875,36355.9296875,96848.09375,254784.796875,665606.5625,295938.6875,139861.125
2018-06-25,37952.4609375,105880.65625,12428.3955078125,37455.54296875,96103.140625,262573.0625,639743.0,293088.5625,144697.234375
2018-06-26,38237.21875,102557.0390625,12626.2998046875,37180.6328125,96475.6171875,253672.171875,632896.75,295463.6875,142182.453125
2018-06-27,39010.08984375,94865.265625,12151.330078125,37180.6328125,94985.6640625,245513.140625,635939.5,293563.5625,142956.25
2018-06-28,38357.6875,96859.421875,12151.330078125,36012.29296875,93859.3203125,239924.90625,622247.0625,304014.0625,144503.8125
2018-06-29,38234.74609375,96859.421875,12388.8154296875,36287.203125,94234.7734375,245140.609375,634418.125,306389.1875,147598.921875
2018-07-02,37333.17578125,94200.5390625,11478.455078125,36081.02734375,92733.0234375,234709.140625,630614.6875,298788.8125,145277.578125
2018-07-03,37824.9453125,94960.2265625,11636.7783203125,35737.39453125,91606.703125,233964.03125,652674.75,294038.5625,144503.8125
2018-07-04,37906.9140625,94295.5078125,11557.6162109375,35668.671875,89729.515625,227258.0625,641264.375,282163.03125,148566.125
2018-07-05,37661.01171875,96384.625,11320.130859375,36218.4765625,91231.2734375,230238.546875,628332.5625,276462.78125,147985.8125
2018-07-06,36800.4296875,99233.4375,11795.1015625,37249.36328125,92733.0234375,232846.34375,623768.4375,277412.84375,144890.671875
2018-07-09,37374.16015625,96384.625,11676.359375,37936.62109375,93483.8828125,227258.0625,649632.0,277887.875,146051.34375
2018-07-10,37947.88671875,96384.625,11715.9404296875,37455.54296875,92733.0234375,230238.546875,634418.125,279312.90625,147018.578125
2018-07-11,37701.99609375,94485.4140625,11518.0361328125,36974.4609375,91231.2734375,232473.859375,631375.375,280263.0,148759.578125
2018-07-12,37292.1953125,91161.8125,11240.9697265625,36355.9296875,92357.5859375,231728.734375,652674.75,281688.03125,151274.359375
2018-07-13,38111.8125,90592.0546875,11280.55078125,38005.33984375,91982.15625,235826.78125,611597.3125,278837.875,149146.453125
2018-07-16,37742.98828125,92206.375,11240.9697265625,37043.19140625,94610.203125,234709.140625,623768.4375,276937.84375,149146.453125
2018-07-17,37579.0546875,91731.578125,11399.29296875,38074.07421875,94985.6484375,237689.53125,628332.5625,269337.46875,146825.140625
2018-07-18,38152.7890625,90402.1328125,11003.484375,37936.62109375,93108.484375,237689.53125,630614.6875,266487.28125,147792.375
2018-07-19,38439.6484375,90592.0546875,10963.9033203125,36837.0078125,93108.484375,234336.53125,644307.125,259361.953125,147985.8125
2018-07-20,38890.43359375,92016.453125,11003.484375,37043.19140625,95361.0703125,228003.078125,645828.5625,261737.109375,148953.015625
2018-07-23,38111.8125,94485.4140625,11320.130859375,37043.19140625,97238.2734375,236199.3125,630614.6875,265537.28125,149726.8125
2018-07-24,37824.9453125,93250.9375,11597.197265625,36699.546875,97238.2734375,242160.171875,624529.125,265537.28125,144116.90625
2018-07-25,37824.9453125,93630.7890625,11676.359375,37386.8125,97989.1328125,245140.609375,591058.625,265537.28125,144310.34375
2018-07-26,38439.6484375,99233.4375,11636.7783203125,36768.27734375,97613.7109375,245513.171875,569759.1875,254611.765625,145277.578125
2018-07-27,38439.6484375,100657.8359375,11755.5205078125,36837.0078125,97238.2734375,245140.609375,569759.1875,250811.609375,145277.578125
2018-07-30,38111.8125,102082.2421875,11913.8447265625,37043.19140625,97989.1328125,244768.15625,564434.375,251761.65625,141215.1875
2018-07-31,37906.9140625,101132.640625,11913.8447265625,36837.0078125,97238.2734375,246258.3125,567477.125,254136.796875,138506.96875
2018-08-01,38152.7890625,101132.640625,11320.130859375,37043.19140625,96487.3984375,249238.703125,582691.0,262687.15625,140828.328125
2018-08-02,37333.17578125,96859.421875,11359.7119140625,36081.02734375,94234.7734375,240297.4375,575084.0625,256511.84375,140828.328125
2018-08-03,37497.10546875,103031.84375,11755.5205078125,36287.203125,93108.484375,239924.90625,596383.5,261737.109375,141408.65625
2018-08-06,37538.09375,105405.84375,11676.359375,36493.375,93483.8828125,246258.3125,605511.8125,258886.96875,142182.453125
2018-08-07,38275.73828125,105880.65625,11715.9404296875,36287.203125,93859.3203125,247375.984375,645067.875,263162.1875,143923.4375
2018-08-08,38357.6875,106830.25,11715.9404296875,36149.75,95736.5234375,248121.109375,690709.4375,256986.875,145084.109375
2018-08-09,38439.6484375,105880.65625,11597.197265625,35599.9453125,94610.203125,244768.15625,699837.75,255561.875,150694.03125
2018-08-10,37210.23046875,104931.0390625,11993.005859375,35531.21484375,94610.203125,244395.515625,705923.3125,251286.609375,149146.453125
2018-08-13,36923.37890625,102082.2421875,11518.0361328125,35118.86328125,92733.0234375,237689.53125,678538.375,244161.28125,146051.34375
2018-08-14,37005.33984375,102557.0390625,11597.197265625,34637.78125,92357.5859375,239924.90625,693752.1875,247486.453125,146438.234375
2018-08-16,36267.68359375,98283.828125,11597.197265625,34500.32421875,94985.6484375,233591.484375,669410.0,244636.3125,145084.109375
2018-08-17,36144.74609375,97809.03125,11676.359375,35187.58984375,94985.6484375,233218.890625,696795.0,247486.453125,146051.34375
2018-08-20,35939.83984375,106830.25,11834.6826171875,35187.58984375,95736.5234375,239179.734375,689948.75,242261.21875,146051.34375
2018-08-21,36718.47265625,105880.65625,11755.5205078125,35256.31640625,94234.7734375,242905.28125,690709.4375,245586.375,144503.8125
2018-08-22,37783.96484375,111103.4609375,11715.9404296875,34981.4140625,94610.203125,241415.140625,689188.0625,244161.28125,144503.8125
2018-08-23,37865.9296875,109204.2578125,11676.359375,34912.6875,93483.8828125,236199.3125,685384.5625,257461.90625,149339.90625
2018-08-24,37824.9453125,108254.6640625,11597.197265625,35462.4921875,93483.8828125,237689.53125,696795.0,256036.828125,146631.6875
2018-08-27,37947.88671875,109204.2578125,11438.8740234375,36287.203125,93108.484375,242160.171875,691470.125,256036.828125,148759.578125
2018-08-28,38152.7890625,112527.8671875,11834.6826171875,36218.4765625,93859.3203125,246258.3125,683863.1875,247011.4375,146244.796875
2018-08-29,38357.6875,113952.265625,11953.42578125,36218.4765625,93108.484375,247003.421875,684623.875,248436.46875,144697.234375
2018-08-30,39054.34375,113002.6640625,11557.6162109375,35325.0390625,92733.0234375,247748.546875,679299.0625,251286.609375,144310.34375
2018-08-31,39710.0390625,112053.0625,11201.388671875,35531.21484375,93859.3203125,243277.875,704401.9375,249861.5625,145471.0
2018-09-03,38890.43359375,113952.265625,11280.55078125,35256.31640625,93859.3203125,238062.109375,718094.375,246536.40625,145857.890625
2018-09-04,39054.34375,112527.8671875,11320.130859375,35325.0390625,94985.6484375,235826.78125,715051.625,247486.453125,146051.34375
2018-09-05,38193.765625,114427.0703125,11399.29296875,34637.78125,96862.84375,230611.109375,704401.9375,247961.484375,142375.90625
2018-09-06,37783.96484375,117750.671875,11557.6162109375,34706.51171875,100617.203125,229865.90625,698316.375,247961.484375,141215.1875
2018-09-07,36800.4296875,119175.078125,11676.359375,34843.953125,99866.3203125,229493.328125,696795.0,249861.5625,141602.09375
2018-09-10,37292.1953125,118700.2890625,11953.42578125,35050.140625,98364.5859375,226512.890625,703641.25,244636.3125,140247.984375
2018-09-11,36923.37890625,117750.671875,11715.9404296875,35118.86328125,96111.9609375,217571.671875,709726.75,243686.265625,140441.421875
2018-09-12,36513.57421875,120599.4921875,11636.7783203125,35325.0390625,97238.2734375,217199.09375,711248.125,244636.3125,141215.1875
2018-09-13,36103.78125,122498.6875,11795.1015625,35874.85546875,96487.3984375,218316.71875,713530.25,246061.375,139861.125
2018-09-14,37579.0546875,122973.4921875,11755.5205078125,35118.86328125,97238.2734375,219061.796875,716573.0,255086.8125,141215.1875
2018-09-17,37005.33984375,123923.09375,11715.9404296875,34637.78125,96487.3984375,218316.71875,739393.8125,250336.578125,140828.328125
2018-09-18,37292.1953125,122498.6875,11795.1015625,34569.0546875,96111.9609375,220924.625,771342.9375,246061.375,140247.984375
2018-09-19,37824.9453125,119175.078125,11834.6826171875,34637.78125,94985.6484375,222414.828125,771342.9375,242736.234375,141408.65625
2018-09-20,38726.51171875,123448.2890625,11715.9404296875,35393.765625,96862.84375,222414.828125,803292.0625,239411.078125,141408.65625
2018-09-21,38849.44921875,121549.0859375,11755.5205078125,36562.1015625,96862.84375,226885.484375,806334.8125,236560.9375,140247.984375
2018-09-27,39224.359375,127721.5078125,11834.6826171875,36905.73828125,97989.1328125,229135.640625,830677.0,242261.21875,137926.640625
2018-09-28,38357.2890625,127721.5078125,11795.1015625,37249.36328125,97238.2734375,220885.265625,812420.375,247961.484375,138506.96875
2018-10-01,38274.7109375,129620.6953125,11874.263671875,38211.515625,96862.84375,221635.203125,818505.875,256036.828125,137926.640625
2018-10-02,37737.96484375,134368.71875,11715.9404296875,37455.54296875,96487.3984375,220510.1875,783514.0,251286.609375,133283.9375
2018-10-04,36912.1875,133893.90625,11438.8740234375,38555.1484375,93483.8828125,205884.484375,800249.25,216135.0,134444.625
2018-10-05,36912.1875,133419.109375,11478.455078125,38623.875,93483.8828125,209259.65625,772864.3125,213759.875,136185.625
2018-10-08,37118.62109375,126771.90625,11320.130859375,38486.421875,91606.703125,203634.40625,774385.6875,211859.8125,136185.625
2018-10-10,37407.6484375,128671.1015625,10607.67578125,38074.07421875,90104.9609375,204009.390625,742436.5625,201409.296875,136185.625
2018-10-11,35590.94921875,121074.28125,9974.3818359375,36287.203125,87101.453125,192758.90625,710487.4375,187633.6875,136185.625
2018-10-12,36334.14453125,122023.890625,9974.3818359375,36012.29296875,86726.015625,198759.171875,721897.875,197134.125,137346.296875
2018-10-15,36168.98828125,125347.5,10053.54296875,36081.02734375,85224.2734375,199134.21875,707444.6875,188108.703125,131542.921875
2018-10-16,36003.83203125,124397.890625,10053.54296875,35668.671875,87476.8984375,199509.203125,711248.125,187633.6875,129124.8515625
2018-10-17,36458.01953125,125822.296875,10211.8662109375,36081.02734375,88978.6484375,203634.40625,684623.875,188108.703125,125739.5703125
2018-10-18,36375.4453125,119175.078125,9895.2197265625,35325.0390625,87101.453125,198009.15625,675495.5625,180983.375,120903.4453125
2018-10-19,36251.5703125,119649.8828125,9776.4765625,35118.86328125,86726.015625,202509.34375,689188.0625,180983.375,123321.5
2018-10-22,35962.5390625,119649.8828125,9697.3154296875,36012.29296875,88603.1875,199884.203125,680059.75,186683.640625,124772.3359375
2018-10-23,35549.6484375,113952.265625,9380.66796875,35050.140625,87476.8984375,195759.015625,635178.8125,179558.296875,121387.0546875
2018-10-24,35136.76953125,112527.8671875,9301.5068359375,35806.11328125,87852.3359375,199509.203125,612358.0625,180983.375,122837.8671875
2018-10-25,33856.8046875,112053.0625,9024.4404296875,35256.31640625,82596.2109375,198384.171875,594862.0625,181933.421875,115100.0625
2018-10-26,33856.8046875,110153.859375,8668.212890625,35050.140625,81094.46875,198384.171875,565955.75,174333.0625,109296.703125
2018-10-29,34187.125,110628.6640625,8430.7275390625,35462.4921875,79592.7109375,195759.015625,551502.5625,152007.03125,105911.4140625
2018-10-30,34971.609375,117275.875,8509.888671875,33503.8125,80719.0390625,190508.8125,605511.8125,148681.875,106878.640625
2018-10-31,35012.90625,118225.4765625,8668.212890625,32576.005859375,79968.15625,193508.96875,589537.25,145356.703125,110747.546875
2018-11-01,34806.453125,110153.859375,8668.212890625,32816.54296875,81469.8984375,193883.921875,593340.6875,156757.28125,107845.8515625
2018-11-02,36458.01953125,114427.0703125,9143.1826171875,33709.9765625,82596.2109375,205509.484375,610836.625,166257.703125,112682.0
2018-11-05,36168.98828125,115376.671875,8905.697265625,33435.08203125,78090.96875,198759.171875,607033.1875,164832.625,109780.3125
2018-11-06,36127.6953125,121549.0859375,8905.697265625,33366.36328125,80719.0390625,203634.40625,610075.9375,165307.640625,113165.6171875
2018-11-07,36334.14453125,119649.8828125,8786.955078125,32988.359375,80719.0390625,201009.3125,608554.5625,159607.375,111714.7734375
2018-11-08,36375.4453125,122498.6875,8945.2783203125,33297.6328125,79217.2890625,200259.21875,584973.0625,153907.125,112682.0
2018-11-09,36581.875,122498.6875,9064.021484375,32850.91015625,78841.8515625,199134.21875,559870.1875,149156.90625,111231.1484375
2018-11-12,37325.07421875,126297.09375,8866.1171875,32782.1875,76589.21875,193508.96875,434355.8125,149156.90625,111231.1484375
2018-11-13,36747.01953125,126771.90625,8786.955078125,32335.4609375,76964.65625,192758.90625,476954.65625,145356.703125,112198.3828125
2018-11-14,36416.71875,119175.078125,8193.2421875,32369.841796875,76213.765625,186758.625,508903.75,145356.703125,111714.7734375
2018-11-15,36540.58984375,121549.0859375,8153.6611328125,32369.841796875,77340.09375,189758.765625,508903.75,153432.09375,108813.0859375
2018-11-16,36334.14453125,127721.5078125,8272.4033203125,32369.841796875,77340.09375,191633.859375,508903.75,152957.078125,108813.0859375
2018-11-19,36045.12109375,127721.5078125,8430.7275390625,32232.376953125,76213.765625,195384.03125,508903.75,150106.953125,107845.8515625
2018-11-20,35343.19921875,131045.109375,8707.79296875,32266.740234375,73210.2734375,194633.96875,508903.75,142506.59375,104460.5625
2018-11-21,34765.171875,130095.515625,8866.1171875,31991.841796875,73435.546875,190883.828125,508903.75,147256.828125,103009.7265625
2018-11-22,35054.19921875,128671.1015625,8668.212890625,32232.376953125,69681.1640625,190508.8125,508903.75,149631.921875,105911.4140625
2018-11-23,35012.90625,127246.703125,8589.05078125,32198.02734375,70356.96875,185258.5625,508903.75,145356.703125,110263.921875
2018-11-26,35178.05078125,126297.09375,9064.021484375,32713.45703125,71408.1796875,179633.296875,508903.75,147256.828125,119936.203125
2018-11-27,35549.6484375,125822.296875,9341.0869140625,33228.90625,75838.3359375,183008.4375,508903.75,153432.09375,120903.4453125
2018-11-28,35632.22265625,129620.6953125,9459.830078125,33228.90625,75838.3359375,180383.375,508903.75,161032.46875,124772.3359375
2018-11-29,35632.22265625,128671.1015625,9182.763671875,33331.99609375,75087.4765625,183008.4375,508903.75,158182.296875,126223.1796875
2018-11-30,34558.7265625,125347.5,9024.4404296875,32438.55859375,80343.578125,185633.578125,508903.75,163882.5625,122354.265625
2018-12-03,35714.80859375,127721.5078125,9261.92578125,32438.55859375,81469.8984375,194633.96875,508903.75,166732.71875,121870.6640625
2018-12-04,34806.453125,131519.90625,9301.5068359375,32954.0,80719.0390625,191258.796875,508903.75,165307.640625,119452.59375
2018-12-05,34228.40234375,131994.71875,9103.6025390625,32988.359375,80719.0390625,186758.625,508903.75,161507.46875,120903.4453125
2018-12-06,33443.921875,128196.296875,9182.763671875,32816.54296875,82971.65625,186008.59375,508903.75,152957.078125,116067.2890625
2018-12-07,33815.5234375,128671.1015625,9024.4404296875,32335.4609375,83347.09375,187133.640625,508903.75,161032.46875,117034.5234375
2018-12-10,33196.19140625,128671.1015625,8866.1171875,31064.041015625,82971.65625,186008.59375,508903.75,165307.640625,115100.0625
2018-12-11,33237.47265625,126297.09375,8826.5361328125,31338.94140625,83722.5234375,184883.546875,599426.25,165782.671875,118968.984375
2018-12-12,33402.640625,132944.3125,8786.955078125,32163.65234375,88978.6484375,186758.625,600186.9375,179083.265625,120419.8203125
2018-12-13,33031.0390625,135793.109375,9024.4404296875,32507.27734375,88978.6484375,190133.78125,623768.4375,183833.484375,119936.203125
2018-12-14,32163.974609375,132944.3125,9143.1826171875,32954.0,87476.8984375,190508.8125,595622.8125,178133.21875,119452.59375
2018-12-17,32329.123046875,130570.3203125,9103.6025390625,33125.80859375,87476.8984375,193508.96875,566716.4375,180508.34375,118001.7578125
2018-12-18,32122.681640625,130095.515625,8905.697265625,33641.25390625,88603.1875,189758.765625,557588.125,190483.828125,118001.7578125
2018-12-19,32287.8359375,126297.09375,9103.6025390625,33125.80859375,92357.5859375,191258.796875,559870.1875,195709.0625,123321.5
2018-12-20,31916.2578125,121549.0859375,8945.2783203125,33572.53125,91231.2734375,187883.71875,523356.9375,195709.0625,122837.8671875
2018-12-21,31916.2578125,120599.4921875,8628.6318359375,33641.25390625,91982.15625,183383.453125,532485.25,193808.9375,117518.1328125
2018-12-24,32040.11328125,120599.4921875,8509.888671875,33503.8125,92357.5859375,186383.59375,530203.1875,190483.828125,118968.984375
2018-12-26,31668.505859375,118225.4765625,7670.7744140625,32850.91015625,90104.9609375,183383.453125,547699.125,190008.796875,115100.0625
2018-12-27,31880.212890625,122973.4921875,7678.6904296875,32543.0234375,91260.1484375,184914.84375,564434.375,200215.484375,118798.828125
2018-12-28,32255.2734375,122023.890625,7702.43896484375,33294.8515625,91260.1484375,186063.390625,588015.875,200215.484375,118313.9453125
2019-01-02,32296.943359375,119175.078125,7480.7861328125,32901.0390625,87794.5625,181469.25,568998.5,184924.546875,114434.796875
2019-01-03,31338.45703125,124872.6953125,7575.7802734375,33259.046875,89719.8984375,181469.25,572802.0,185880.265625,118313.9453125
2019-01-04,31213.443359375,131519.90625,7647.02587890625,32686.232421875,92030.2734375,183000.625,579648.25,177756.9375,121708.1953125
2019-01-07,32296.943359375,131994.71875,7757.85205078125,32543.0234375,92800.40625,188360.484375,590297.9375,177756.9375,127526.9140625
2019-01-08,31755.1875,127246.703125,7852.84619140625,32578.828125,92030.2734375,187977.59375,587255.1875,179668.328125,126072.2265625
2019-01-09,33005.39453125,128671.1015625,7955.75634765625,33259.046875,94725.7265625,195634.546875,588776.5625,175845.578125,128981.59375
2019-01-10,33172.09765625,128196.296875,7955.75634765625,32578.828125,94725.7265625,197931.609375,590297.9375,176323.4375,127042.015625
2019-01-11,33755.51171875,127246.703125,8074.4990234375,32471.423828125,94725.7265625,195634.546875,601708.3125,173934.21875,127042.015625
2019-01-14,33380.45703125,128196.296875,8311.984375,31898.6015625,93570.5234375,191423.265625,613118.75,177279.109375,123162.859375
2019-01-15,34255.58984375,131519.90625,8351.5654296875,33473.8515625,98191.3125,196400.234375,614640.125,181101.828125,128496.6953125
2019-01-16,34547.30078125,129620.6953125,8232.822265625,33975.0703125,98961.421875,201760.09375,607033.1875,174889.90625,128496.6953125
2019-01-17,34964.0390625,128671.1015625,8509.888671875,34082.46484375,99731.5390625,201377.265625,587255.1875,166766.609375,131890.9375
2019-01-18,35255.76171875,132469.515625,8549.4697265625,33438.05078125,100886.75,200994.375,608554.5625,164855.21875,133345.625
2019-01-21,35630.8125,134843.53125,8707.79296875,33008.43359375,97806.21875,205205.71875,603990.4375,165810.90625,127042.015625
2019-01-22,35130.7421875,135318.328125,8707.79296875,32757.83203125,98191.3125,204440.0,614640.125,167244.453125,126072.2265625
2019-01-23,35005.72265625,133893.90625,8826.5361328125,32471.423828125,99346.5,202908.65625,607033.1875,170111.5,128496.6953125
2019-01-24,35880.86328125,130570.3203125,8707.79296875,32865.2421875,100116.625,202525.796875,610836.625,170589.34375,125587.328125
2019-01-25,37297.76171875,131994.71875,8786.955078125,33151.640625,98961.421875,205205.71875,613118.75,172978.546875,126072.2265625
2019-01-28,37547.8046875,135318.328125,8905.697265625,32793.625,97421.1640625,205971.390625,611597.3125,172022.859375,128011.8046875
2019-01-29,37922.86328125,136267.921875,8945.2783203125,33008.43359375,98576.3515625,205588.578125,596383.5,169155.78125,131890.9375
2019-01-30,38672.9921875,137217.53125,8945.2783203125,33402.24609375,99731.5390625,218222.484375,590297.9375,170589.34375,131890.9375
2019-01-31,38464.61328125,131519.90625,8984.859375,34404.6796875,99731.5390625,209799.84375,607033.1875,173456.359375,131890.9375
2019-02-01,38631.3046875,121549.0859375,8826.5361328125,34798.484375,99731.5390625,207119.953125,591058.625,174412.046875,129466.46875
2019-02-07,38506.29296875,121549.0859375,9182.763671875,34404.6796875,97036.1015625,211331.25,575844.75,169633.625,125102.4375
2019-02-08,37339.42578125,121549.0859375,8945.2783203125,34440.4765625,96651.0390625,202142.9375,575844.75,162466.03125,122193.078125
2019-02-11,37506.1328125,124872.6953125,8786.955078125,33187.4375,98191.3125,204440.0,575844.75,163899.546875,121708.1953125
2019-02-12,38381.26953125,123923.09375,8668.212890625,32578.828125,98961.421875,203291.53125,573562.6875,162466.03125,119768.6171875
2019-02-13,38506.29296875,120599.4921875,8272.4033203125,33044.23828125,95880.9140625,204440.0,577366.125,162466.03125,121223.296875
2019-02-14,39589.796875,118225.4765625,7457.03759765625,33080.0390625,93570.5234375,204057.140625,581169.625,164855.21875,123647.7578125
2019-02-15,38381.26953125,119649.8828125,7464.95361328125,32936.828125,93185.4609375,203291.53125,578126.8125,171545.015625,123647.7578125
2019-02-18,38506.29296875,122023.890625,7187.8876953125,33008.43359375,92800.40625,200994.375,576605.4375,176801.265625,123162.859375
2019-02-19,38297.921875,121549.0859375,7306.63037109375,32972.63671875,92030.2734375,205588.578125,584973.0625,177756.9375,122677.96875
2019-02-20,39089.71484375,122498.6875,7235.384765625,32829.4375,91645.203125,209417.0,590297.9375,193047.875,123162.859375
2019-02-21,39131.40234375,125347.5,7251.216796875,32614.6328125,92415.3359375,210948.375,579648.25,192092.1875,125102.4375
2019-02-22,39298.0859375,126771.90625,6610.0068359375,32686.232421875,93185.4609375,209034.1875,572802.0,192092.1875,123162.859375
2019-02-25,39464.77734375,126297.09375,6562.509765625,32865.2421875,93185.4609375,208651.359375,562913.0,196870.59375,122193.078125
2019-02-26,38964.69921875,123448.2890625,6617.9228515625,32364.0234375,94340.6484375,209417.0,561391.5625,195914.90625,127526.9140625
2019-02-27,38964.69921875,123923.09375,6681.25244140625,31970.201171875,99346.5,203674.34375,565955.75,194481.375,125587.328125
2019-02-28,37589.47265625,124872.6953125,6554.59326171875,31755.40234375,97421.1640625,201377.265625,572041.3125,191136.515625,128981.59375
2019-03-04,37381.109375,125347.5,6570.42578125,30824.58203125,93955.5859375,201760.09375,572802.0,186358.09375,133830.515625
2019-03-05,36881.0234375,126771.90625,6420.0185546875,30896.17578125,93570.5234375,195634.546875,581169.625,188747.28125,131406.0625
2019-03-06,36672.65625,127721.5078125,6388.35400390625,30788.78125,95880.9140625,195251.6875,575084.0625,185402.40625,133345.625
2019-03-07,37047.71875,123923.09375,6348.77294921875,30860.3828125,96651.0390625,191806.125,570519.9375,187791.609375,134315.421875
2019-03-08,36505.9609375,119175.078125,6230.0302734375,30180.162109375,92415.3359375,191040.421875,568237.8125,188747.28125,128981.59375
2019-03-11,36380.9453125,119175.078125,6174.6171875,30573.974609375,93185.4609375,189891.875,559109.5,180146.15625,129466.46875
2019-03-12,37214.41796875,119649.8828125,6245.86279296875,30752.974609375,96651.0390625,192571.796875,562913.0,174412.046875,126557.1171875
2019-03-13,36547.640625,117750.671875,6174.6171875,30215.966796875,94340.6484375,195634.546875,558348.8125,176323.4375,126557.1171875
2019-03-14,36547.640625,118700.2890625,6293.35986328125,30538.173828125,91645.203125,196783.125,541613.5625,178234.78125,127042.015625
2019-03-15,36839.359375,122973.4921875,6420.0185546875,31468.99609375,93185.4609375,200611.578125,518792.78125,187313.765625,126557.1171875
2019-03-18,36422.60546875,123448.2890625,6364.60546875,31576.3984375,95495.859375,197548.8125,516510.6875,194959.21875,128011.8046875
2019-03-19,36589.30859375,122973.4921875,6372.521484375,31397.404296875,95495.859375,198697.3125,532485.25,191136.515625,126557.1171875
2019-03-20,36714.34765625,121549.0859375,6364.60546875,31146.787109375,95495.859375,196400.234375,534767.3125,189225.15625,124617.546875
2019-03-21,38214.5859375,120599.4921875,6269.611328125,30788.78125,95880.9140625,197548.8125,530203.1875,184446.734375,124132.6484375
2019-03-22,38798.01171875,119649.8828125,6230.0302734375,30430.7734375,95110.7890625,198314.4375,514989.3125,184446.734375,123162.859375
2019-03-25,37922.86328125,110628.6640625,6285.443359375,29750.552734375,92415.3359375,193720.3125,511185.84375,179668.328125,122193.078125
2019-03-26,37714.4921875,112527.8671875,6522.9287109375,29643.154296875,91260.1484375,194868.890625,511185.84375,183968.875,122677.96875
2019-03-27,37797.84375,111103.4609375,6125.37939453125,29678.95703125,91260.1484375,195251.6875,493689.90625,181579.6875,119283.7265625
2019-03-28,37675.19140625,110153.859375,5954.48046875,29177.744140625,92030.2734375,196409.328125,486843.65625,177279.109375,118313.9453125
2019-03-29,37507.19921875,113002.6640625,6017.443359375,29965.357421875,92030.2734375,195251.6875,486082.96875,180146.15625,120253.5
2019-04-01,37843.20703125,113952.265625,6377.23046875,31504.794921875,92800.40625,205670.25,498254.0625,186358.09375,120253.5
2019-04-02,38431.2265625,113002.6640625,6404.21435546875,32220.8125,91645.203125,206056.15625,530963.875,183968.875,120738.3984375
2019-04-03,39145.24609375,115851.46875,6503.15625,32399.830078125,95495.859375,210686.625,534006.625,186358.09375,118313.9453125
2019-04-04,39439.2578125,114427.0703125,6503.15625,32507.224609375,95110.7890625,209528.96875,525639.0,189225.15625,118798.828125
2019-04-05,39355.26171875,116801.078125,6629.08154296875,32435.625,97036.1015625,212230.125,523356.9375,189225.15625,119283.7265625
2019-04-08,39187.25,115851.46875,6566.11865234375,32220.8125,98576.3515625,213387.71875,525639.0,191614.328125,117829.046875
2019-04-09,39187.25,115376.671875,6566.11865234375,32077.6171875,97806.21875,210686.625,542374.25,197826.265625,117829.046875
2019-04-10,39229.25390625,113477.46875,6476.171875,32364.0234375,98191.3125,210686.625,553023.9375,192570.015625,118313.9453125
2019-04-11,38851.23828125,112527.8671875,6602.09765625,32364.0234375,98576.3515625,207985.515625,555306.0625,195437.09375,117829.046875
2019-04-12,39355.26171875,113952.265625,6611.09228515625,32543.0234375,97421.1640625,207599.640625,556066.75,208338.796875,115889.46875
2019-04-15,39523.24609375,116326.28125,6656.06591796875,32722.029296875,96651.0390625,206827.875,559109.5,224107.5625,115889.46875
2019-04-16,39691.26171875,117275.875,6656.06591796875,33151.640625,98961.421875,207213.84375,557588.125,216939.921875,115889.46875
2019-04-17,39523.24609375,116801.078125,6458.1826171875,33044.23828125,100886.75,209528.96875,561391.5625,221718.359375,115889.46875
2019-04-18,38305.20703125,114901.875,6197.3369140625,32757.83203125,103197.125,208371.421875,547699.125,215984.25,114434.796875
2019-04-19,38053.21484375,114901.875,6242.31005859375,32471.423828125,103197.125,203355.046875,563673.6875,222674.015625,114434.796875
2019-04-22,38095.203125,113952.265625,6278.2890625,32364.0234375,103197.125,203355.046875,572041.3125,222674.015625,114434.796875
2019-04-23,37969.20703125,120599.4921875,6350.24658203125,32865.2421875,104737.390625,201425.6875,563673.6875,225063.21875,116859.265625
2019-04-24,37591.1875,117750.671875,6206.33154296875,32471.423828125,106662.7109375,199496.328125,550741.875,222196.1875,117344.1640625
2019-04-25,37507.19921875,115851.46875,6179.34765625,32757.83203125,106277.640625,201039.796875,514989.3125,216939.921875,116859.265625
2019-04-26,37675.19140625,116801.078125,6323.26220703125,32507.224609375,104352.328125,196409.328125,525639.0,216462.09375,114434.796875
2019-04-29,38767.2265625,120124.6796875,6224.32080078125,33259.046875,107047.78125,198338.734375,528681.8125,211205.84375,116374.3671875
2019-04-30,38515.23828125,118225.4765625,6287.28369140625,33080.0390625,106662.7109375,196795.21875,517271.375,198781.96875,115889.46875
2019-05-02,38557.2109375,122498.6875,6692.04443359375,33438.05078125,106662.7109375,196023.4375,512707.21875,203082.53125,118313.9453125
2019-05-03,38053.21484375,120124.6796875,6305.27294921875,33366.44140625,105892.578125,194865.859375,508143.0625,206905.265625,120253.5
2019-05-07,37675.19140625,115851.46875,6062.41650390625,33366.44140625,104737.390625,192936.46875,491407.8125,202604.703125,120253.5
2019-05-08,37171.17578125,114427.0703125,6107.39013671875,33509.65625,104352.328125,191392.984375,453373.15625,200215.484375,119768.6171875
2019-05-09,35659.140625,109679.0546875,5918.50146484375,33008.43359375,100886.75,189077.75,455655.21875,193047.875,115404.578125
2019-05-10,36037.14453125,109679.0546875,5828.5546875,33187.4375,100116.625,185990.78125,453373.15625,194481.375,118798.828125
2019-05-13,35827.13671875,104456.25,5522.73583984375,33080.0390625,99346.5,184061.40625,433595.125,187791.609375,118798.828125
2019-05-14,35827.13671875,103506.6484375,5630.671875,33044.23828125,98576.3515625,184833.15625,466304.9375,188747.28125,118313.9453125
2019-05-15,35743.1328125,105880.65625,5765.59228515625,33008.43359375,98576.3515625,185218.984375,471629.78125,191136.515625,116374.3671875
2019-05-16,34903.1171875,103506.6484375,5675.64501953125,33008.43359375,98191.3125,181746.15625,455655.21875,191136.515625,115404.578125
2019-05-17,34609.1015625,103981.4453125,5693.634765625,32722.029296875,96651.0390625,180974.421875,461740.78125,188747.28125,117344.1640625
2019-05-20,35281.12890625,101132.640625,5549.7197265625,33187.4375,99346.5,181360.265625,446526.90625,186358.09375,114919.6796875
2019-05-21,36247.15625,101607.4375,5477.76220703125,33223.24609375,97806.21875,180202.640625,447287.59375,182057.515625,111040.5390625
2019-05-22,36541.1640625,103506.6484375,5423.7939453125,33080.0390625,97806.21875,180202.640625,462501.46875,182057.515625,109585.859375
2019-05-23,36835.16796875,105880.65625,5405.8046875,33044.23828125,98191.3125,178273.3125,454894.53125,178234.78125,109585.859375
2019-05-24,35869.14453125,105405.84375,5405.8046875,33080.0390625,100501.6640625,176729.828125,448809.0,171067.15625,110070.7578125
2019-05-27,35827.13671875,104931.0390625,5504.74609375,32757.83203125,103967.25,180202.640625,442723.4375,174412.046875,107161.3984375
2019-05-28,35743.1328125,108254.6640625,5612.6826171875,32793.625,105122.4375,180974.421875,447287.59375,173456.359375,105221.828125
2019-05-29,35113.1171875,105405.84375,5378.82080078125,32328.220703125,103197.125,182517.90625,440441.375,172022.859375,106191.609375
2019-05-30,35743.1328125,109679.0546875,5630.671875,31970.201171875,104352.328125,184833.15625,431313.0625,168200.125,108616.0625
2019-05-31,35701.1328125,111578.265625,5621.67724609375,31361.599609375,103582.1953125,183289.65625,456415.9375,171067.15625,108131.1640625
2019-06-03,36793.171875,109679.0546875,5585.6982421875,31898.6015625,106662.7109375,186376.671875,457176.625,172022.859375,111525.4296875
2019-06-04,36499.16796875,112527.8671875,5756.59716796875,32471.423828125,107047.78125,185604.921875,478476.03125,169633.625,107646.28125
2019-06-05,36877.17578125,112053.0625,5666.650390625,31827.01171875,108588.0234375,184061.40625,474672.5625,171545.015625,107161.3984375
2019-06-07,37129.1875,110628.6640625,5675.64501953125,31719.6015625,107817.890625,180588.546875,464783.5625,172022.859375,107646.28125
2019-06-10,37633.1875,111103.4609375,5684.64013671875,32149.212890625,110128.2890625,182903.796875,464783.5625,169155.78125,110555.6484375
2019-06-11,37675.19140625,112053.0625,5855.5390625,31827.01171875,110513.3671875,185604.921875,467065.625,169633.625,109585.859375
2019-06-12,37465.19921875,113477.46875,5918.50146484375,32113.4140625,108588.0234375,187920.09375,468587.03125,166766.609375,110555.6484375
2019-06-13,36751.171875,114427.0703125,5972.4697265625,31719.6015625,108588.0234375,185218.984375,481518.8125,167244.453125,109585.859375
2019-06-14,36961.17578125,116326.28125,5963.47509765625,31719.6015625,108202.9609375,184447.265625,476193.9375,161510.328125,108131.1640625
2019-06-17,36877.17578125,112527.8671875,5936.4912109375,31719.6015625,107817.890625,181360.265625,470108.40625,162466.03125,107161.3984375
2019-06-18,37255.18359375,111103.4609375,5891.517578125,32006.017578125,108588.0234375,184833.15625,477715.34375,162943.859375,105706.71875
2019-06-19,38095.203125,113477.46875,6026.43798828125,32757.83203125,107817.890625,186762.515625,479236.71875,163899.546875,106676.5
2019-06-20,38221.21875,114901.875,6062.41650390625,32578.828125,108202.9609375,186762.515625,482279.5,163421.703125,108131.1640625
2019-06-21,38389.21875,115851.46875,6107.39013671875,32471.423828125,108202.9609375,187920.09375,482279.5,163899.546875,109585.859375
2019-06-24,38221.21875,116326.28125,5909.5068359375,32256.619140625,109743.234375,188691.859375,489125.75,161988.171875,110070.7578125
2019-06-25,38305.20703125,115376.671875,5846.54443359375,32185.015625,108973.0703125,189077.75,476193.9375,160076.796875,111040.5390625
2019-06-26,38389.21875,113477.46875,5846.54443359375,32507.224609375,108973.0703125,187534.234375,476954.65625,156254.078125,112010.328125
2019-06-27,39366.171875,114427.0703125,5936.4912109375,32757.83203125,108973.09375,190257.71875,479236.71875,158643.296875,111525.4296875
2019-06-28,39789.48046875,112527.8671875,5576.70361328125,32829.4375,108585.2734375,190257.71875,486843.65625,157209.765625,110555.6484375
2019-07-01,39450.83984375,113002.6640625,5666.650390625,33438.05078125,109360.890625,196093.890625,488365.03125,156731.9375,111040.5390625
2019-07-02,39154.53515625,112053.0625,5657.65576171875,32972.63671875,106258.4609375,192592.21875,492929.1875,152909.203125,111525.4296875
2019-07-03,38434.9296875,108729.453125,5594.69287109375,32256.619140625,105482.8515625,190646.84375,483800.875,150042.140625,113949.8984375
2019-07-04,38942.88671875,110153.859375,5549.7197265625,32471.423828125,107809.6796875,192592.21875,476954.65625,154342.734375,114434.796875
2019-07-05,38646.5859375,112053.0625,5612.6826171875,31755.40234375,109748.671875,191814.09375,477715.34375,161510.328125,117344.1640625
2019-07-08,37588.34375,110153.859375,5549.7197265625,31218.392578125,107421.8828125,188701.421875,481518.8125,154820.578125,114919.6796875
2019-07-09,38180.95703125,107305.046875,5405.8046875,31039.390625,106646.2578125,186756.078125,461740.78125,151953.515625,112010.328125
2019-07-10,38561.9296875,107305.046875,5378.82080078125,31039.390625,106258.4609375,185977.953125,455655.21875,151953.515625,112010.328125
2019-07-11,39112.2109375,108729.453125,5558.71435546875,31039.390625,107809.6796875,184421.65625,458698.0,157687.625,113465.0078125
2019-07-12,39196.859375,109204.2578125,5594.69287109375,31397.404296875,108197.484375,184421.65625,458698.0,154820.578125,113465.0078125
2019-07-15,39323.84375,108254.6640625,5486.7568359375,31576.3984375,107034.0546875,185199.78125,451091.0625,154342.734375,114434.796875
2019-07-16,39662.48828125,108729.453125,5558.71435546875,32006.017578125,103156.0234375,186367.03125,449569.6875,157687.625,116374.3671875
2019-07-17,38985.21875,107305.046875,5459.77294921875,32149.212890625,103543.8515625,183643.546875,436637.90625,152431.34375,115404.578125
2019-07-18,39027.546875,104456.25,5450.7783203125,32220.8125,103931.6171875,182087.1875,435116.53125,151475.6875,116859.265625
2019-07-19,39620.1484375,105880.65625,5630.671875,32578.828125,104319.4375,184032.5625,437398.59375,152431.34375,118798.828125
2019-07-22,39958.796875,103506.6484375,5630.671875,32543.0234375,103156.0234375,183643.546875,441202.0625,152431.34375,117344.1640625
2019-07-23,40043.453125,102557.0390625,5657.65576171875,33008.43359375,102380.40625,185977.953125,439680.6875,151475.6875,118798.828125
2019-07-24,39281.5234375,103031.84375,5711.6240234375,32578.828125,102768.2109375,185588.84375,427509.59375,149564.328125,119768.6171875
2019-07-25,39958.796875,97334.234375,5495.75146484375,31612.208984375,101992.6015625,184032.5625,411535.03125,146697.25,129951.375
2019-07-26,39916.453125,98283.828125,5756.59716796875,31361.599609375,101216.9765625,180919.984375,419141.96875,148130.796875,136739.875
2019-07-29,39027.546875,100657.8359375,5522.73583984375,31218.392578125,99277.9609375,177807.359375,415338.5,144308.046875,134315.421875
2019-07-30,39408.5078125,100657.8359375,5423.7939453125,31039.390625,99277.9609375,178196.46875,420663.34375,142396.6875,134315.421875
2019-07-31,38392.60546875,103031.84375,5477.76220703125,31075.193359375,98114.5625,175472.9375,425988.1875,133795.546875,133830.515625
2019-08-01,38265.625,101607.4375,5396.81005859375,30931.9921875,97338.9609375,174305.6875,422945.4375,127583.6171875,136254.984375
2019-08-02,38053.97265625,96859.421875,5225.9111328125,29714.751953125,98890.1796875,168858.625,423706.125,124716.5703125,137709.671875
2019-08-05,37207.38671875,94200.5390625,4677.2353515625,29285.142578125,98890.1796875,163411.609375,393278.40625,118504.625,133830.515625
2019-08-06,36826.4296875,91731.578125,4677.2353515625,28819.732421875,97726.7578125,161855.28125,384910.75,117548.9453125,134315.421875
2019-08-07,36572.44921875,89167.65625,4731.20361328125,28318.521484375,98502.34375,159909.859375,379585.90625,117548.9453125,133345.625
2019-08-08,36106.828125,89642.4453125,4767.18212890625,28103.708984375,100829.203125,159520.828125,379585.90625,119460.3046875,135770.109375
2019-08-09,36530.12890625,91826.5390625,4776.1767578125,28103.708984375,102768.2109375,162244.359375,410013.65625,119460.3046875,138194.5625
2019-08-12,36995.734375,91446.6953125,4866.12353515625,27888.90625,101604.8046875,162244.359375,439680.6875,119460.3046875,136254.984375
2019-08-13,36403.14453125,90402.1328125,4884.11328125,27387.69140625,100053.6015625,159909.859375,434355.8125,123283.0390625,138194.5625
2019-08-14,36995.734375,90687.0234375,5019.033203125,27709.90234375,98890.1796875,160298.96875,441202.0625,120415.984375,134800.3125
2019-08-16,37165.0625,90876.9296875,4992.04931640625,27530.900390625,99277.9609375,159520.828125,437398.59375,118504.625,135285.1875
2019-08-19,36911.09375,97809.03125,5252.89501953125,28103.708984375,99277.9609375,162244.359375,431313.0625,118026.78125,134800.3125
2019-08-20,37630.68359375,103031.84375,5252.89501953125,28211.119140625,98114.5625,164578.828125,431313.0625,122327.359375,141103.921875
2019-08-21,37673.01171875,102557.0390625,5315.85791015625,28246.9140625,97338.9609375,163800.671875,431313.0625,120415.984375,143043.5
2019-08-22,37292.05859375,102082.2421875,5288.8740234375,28139.513671875,96175.5546875,162633.46875,428270.28125,120415.984375,143528.390625
2019-08-23,37207.38671875,103031.84375,5297.86865234375,27924.70703125,97726.7578125,161466.203125,431313.0625,118504.625,144013.28125
2019-08-26,36911.09375,100183.0390625,5162.9482421875,27566.701171875,96563.328125,158353.5625,413056.40625,115159.75,139164.359375
2019-08-27,37292.05859375,100183.0390625,5198.92724609375,27674.1015625,96951.140625,159131.765625,419902.65625,116593.265625,142073.703125
2019-08-28,37376.70703125,98758.6328125,5261.8896484375,27709.90234375,98890.1796875,161077.15625,435877.21875,118026.78125,142073.703125
2019-08-29,36741.76171875,100183.0390625,5243.900390625,27817.302734375,98114.5625,159131.765625,414577.8125,118504.625,140619.03125
2019-08-30,37249.71875,104456.25,5378.82080078125,28425.921875,99665.7734375,164189.71875,409252.9375,124238.71875,142073.703125
2019-09-02,37080.39453125,104931.0390625,5414.79931640625,28354.3203125,101604.8046875,163800.671875,406210.1875,125672.2421875,145467.96875
2019-09-03,36614.7734375,104456.25,5423.7939453125,28246.9140625,99665.7734375,164189.71875,413817.09375,135229.09375,145952.84375
2019-09-04,37334.375,107305.046875,5495.75146484375,28676.525390625,99665.7734375,164189.71875,422945.4375,132839.875,146437.75
2019-09-05,38688.91015625,108729.453125,5387.8154296875,28461.7265625,99277.9609375,166524.203125,425227.5,134751.21875,142558.609375
2019-09-06,39196.859375,112527.8671875,5387.8154296875,29034.541015625,98890.1796875,167302.34375,422184.71875,130450.671875,144983.0625
2019-09-09,39704.80859375,113952.265625,5405.8046875,29464.150390625,98502.34375,168858.625,425988.1875,133317.703125,148377.296875
2019-09-10,39789.48046875,113952.265625,5576.70361328125,30430.7734375,99277.9609375,173138.46875,431313.0625,133317.703125,145952.84375
2019-09-11,39916.453125,115851.46875,5675.64501953125,31289.998046875,100053.6015625,183643.546875,445766.21875,135706.9375,148862.171875
2019-09-16,39874.125,118700.2890625,6017.443359375,31970.201171875,99277.9609375,185199.78125,446526.90625,137140.4375,149831.953125
2019-09-17,39704.80859375,118700.2890625,6305.27294921875,31576.3984375,97726.7578125,185199.78125,479236.71875,132362.046875,150316.890625
2019-09-18,40382.0859375,117750.671875,6089.40087890625,30967.7890625,98890.1796875,185199.78125,480758.125,132362.046875,154196.015625
2019-09-19,41609.625,115376.671875,6341.251953125,30717.1796875,100053.6015625,181698.171875,500536.125,132362.046875,152741.359375
2019-09-20,41651.9609375,117750.671875,6242.31005859375,31648.0,100441.3828125,182087.1875,514989.3125,133317.703125,152256.4375
2019-09-23,41736.61328125,118225.4765625,6476.171875,31361.599609375,103156.0234375,179752.75,482279.5,131406.328125,152256.4375
2019-09-24,41905.9296875,120124.6796875,6359.2412109375,31504.794921875,103931.6171875,180919.984375,484561.5625,134273.390625,153226.234375
2019-09-25,41397.9765625,117750.671875,6242.31005859375,31146.787109375,104319.4375,179363.640625,483800.875,132839.875,153226.234375
2019-09-26,41651.9609375,117750.671875,6161.35791015625,31468.99609375,103156.0234375,179363.640625,483040.1875,131884.1875,153226.234375
2019-09-27,41271.6484375,116326.28125,6080.40576171875,30359.166015625,103543.8515625,176616.296875,473911.875,138573.96875,151286.671875
2019-09-30,41825.91796875,117750.671875,6116.384765625,30573.974609375,103931.6171875,178186.28125,467826.3125,134273.390625,152256.4375
2019-10-01,41655.36328125,119649.8828125,6134.3740234375,30430.7734375,102768.2109375,177793.71875,491407.8125,137140.4375,155165.828125
2019-10-02,40589.47265625,117750.671875,5945.48583984375,29965.357421875,99665.7734375,172691.46875,483800.875,137618.28125,152256.4375
2019-10-04,40930.55078125,116326.28125,5783.58154296875,29822.154296875,98114.5625,171121.5625,487604.34375,138096.125,145952.84375
2019-10-07,40717.3828125,115851.46875,5720.61865234375,29535.744140625,99277.9609375,171906.546875,495971.96875,139529.65625,148377.296875
2019-10-08,41698.0078125,119649.8828125,5774.5869140625,29857.953125,100441.3828125,173868.9375,500536.125,143352.375,148862.171875
2019-10-10,41399.55078125,121074.28125,5666.650390625,29249.34375,98114.5625,173084.0,495971.96875,138573.96875,148862.171875
2019-10-11,41911.1796875,120599.4921875,5666.650390625,30036.95703125,97726.7578125,177008.75,494450.59375,142874.53125,151286.671875
2019-10-14,42636.0,122973.4921875,5864.53369140625,30645.57421875,94624.3203125,179756.15625,501296.8125,145741.578125,151286.671875
2019-10-15,42721.26953125,120124.6796875,5873.5283203125,30573.974609375,94624.3203125,177793.71875,495971.96875,143352.375,146922.65625
2019-10-16,43232.90625,119649.8828125,5936.4912109375,30573.974609375,95399.9296875,178186.28125,515750.0,147652.9375,149831.953125
2019-10-17,43062.34375,116801.078125,5855.5390625,30717.1796875,95399.9296875,176223.828125,524878.3125,146219.4375,148377.296875
2019-10-18,42550.72265625,114901.875,5873.5283203125,30681.37890625,95399.9296875,176223.828125,523356.9375,148608.625,145952.84375
2019-10-21,42891.81640625,115376.671875,5765.59228515625,30896.17578125,94624.3203125,173084.0,516510.6875,146219.4375,147407.515625
2019-10-22,43659.2578125,119649.8828125,5855.5390625,31576.3984375,94624.3203125,175046.375,523356.9375,150997.84375,149347.078125
2019-10-23,43659.2578125,118225.4765625,5711.6240234375,31433.19921875,93848.6953125,174653.890625,566716.4375,151475.6875,147892.40625
2019-10-24,43232.90625,118225.4765625,5720.61865234375,31504.794921875,94624.3203125,175046.375,575084.0625,151475.6875,148377.296875
2019-10-25,43403.4453125,119175.078125,5747.6025390625,30645.57421875,95787.7265625,167196.75,583451.6875,150042.140625,147892.40625
2019-10-28,43744.52734375,121074.28125,5738.60791015625,30717.1796875,94236.515625,166019.328125,605511.8125,148608.625,152256.4375
2019-10-29,43573.98828125,121549.0859375,5612.6826171875,30502.375,95012.1328125,166411.828125,609315.25,153864.875,148377.296875
2019-10-30,42977.08203125,116326.28125,5612.6826171875,30394.966796875,95012.1328125,165626.84375,603990.4375,175845.578125,149831.953125
2019-10-31,42977.08203125,115851.46875,5522.73583984375,30036.95703125,94624.3203125,166019.328125,606272.5,183491.046875,159044.984375
2019-11-01,43659.2578125,112053.0625,5189.93212890625,30287.57421875,96175.5546875,167589.25,602469.0,187313.765625,161954.3125
2019-11-04,44597.25,115376.671875,5279.87939453125,30931.9921875,96175.5546875,170336.59375,610075.9375,187313.765625,159529.859375
2019-11-05,44938.328125,115851.46875,5261.8896484375,31468.99609375,96951.140625,171906.546875,607793.875,193047.875,156620.5
2019-11-06,45449.96484375,112053.0625,5279.87939453125,30967.7890625,95787.7265625,170336.59375,607793.875,198304.109375,156620.5
2019-11-07,45108.87890625,112053.0625,5270.88427734375,30931.9921875,95787.7265625,170729.09375,615400.8125,195437.09375,160499.640625
2019-11-08,44426.71484375,114427.0703125,5306.86328125,31003.578125,96175.5546875,175831.3125,593340.6875,183013.1875,158560.078125
2019-11-11,44000.34375,112053.0625,5243.900390625,30788.78125,95787.7265625,175438.84375,607793.875,179668.328125,158075.1875
2019-11-12,44853.06640625,113002.6640625,5207.921875,31182.59375,97338.9609375,175046.375,605511.8125,180623.984375,157105.390625
2019-11-13,44767.796875,109204.2578125,5144.958984375,31075.193359375,96563.328125,173476.46875,592580.0,173934.21875,153226.234375
2019-11-14,45023.625,109679.0546875,5126.9697265625,31289.998046875,96563.328125,172691.46875,601708.3125,177279.109375,174561.546875
2019-11-15,45791.05859375,111578.265625,5108.97998046875,31289.998046875,97338.9609375,175831.3125,605511.8125,180623.984375,168257.953125
2019-11-18,45620.51171875,110628.6640625,5144.958984375,31504.794921875,97726.7578125,178578.703125,611597.3125,175367.734375,173106.859375
2019-11-19,45620.51171875,110153.859375,5090.99072265625,32149.212890625,96951.140625,177008.75,607033.1875,173934.21875,165348.578125
2019-11-20,44341.43359375,110153.859375,4920.091796875,32901.0390625,96563.328125,174653.890625,607793.875,172978.546875,164378.796875
2019-11-21,43488.71484375,109679.0546875,4812.15576171875,32686.232421875,96563.328125,173084.0,594862.0625,175845.578125,164863.6875
2019-11-22,44000.34375,109204.2578125,4794.166015625,33080.0390625,95787.7265625,172691.46875,585733.75,176323.4375,162439.234375
2019-11-25,44170.8828125,111103.4609375,4848.13427734375,32972.63671875,96951.140625,178971.1875,594862.0625,178234.78125,168742.828125
2019-11-26,44170.8828125,115376.671875,4938.0810546875,32829.4375,95012.1328125,183288.46875,591819.3125,172500.6875,167773.046875
2019-11-27,44511.9765625,115851.46875,4911.09716796875,33008.43359375,95787.7265625,182896.0,603990.4375,177279.109375,167288.171875
2019-11-28,43744.52734375,115851.46875,4965.0654296875,33330.6484375,96175.5546875,182503.5,607033.1875,183013.1875,167773.046875
2019-11-29,42891.81640625,113952.265625,4911.09716796875,32972.63671875,93848.6953125,180933.53125,598665.5625,180623.984375,166803.25
2019-12-02,42977.08203125,115376.671875,5001.0439453125,32901.0390625,94236.515625,182110.984375,593340.6875,183968.875,166318.375
2019-12-03,42550.72265625,114901.875,4947.07568359375,32829.4375,94236.515625,181326.078125,599426.25,185402.40625,166803.25
2019-12-04,42167.0,113952.265625,4848.13427734375,32972.63671875,94624.3203125,178186.28125,595622.8125,182057.515625,169227.734375
2019-12-05,42209.6328125,116326.28125,4767.18212890625,33402.24609375,91521.8828125,179756.15625,602469.0,177756.9375,165348.578125
2019-12-06,42977.08203125,115376.671875,4731.20361328125,33652.8515625,91909.6875,180933.53125,600947.625,180146.15625,168742.828125
2019-12-09,43659.2578125,114901.875,4740.1982421875,34404.6796875,92685.3046875,182896.0,590297.9375,177756.9375,169712.625
2019-12-10,43915.0703125,115851.46875,4776.1767578125,34583.67578125,93073.1015625,181718.5625,593340.6875,183968.875,169227.734375
2019-12-11,44256.171875,116801.078125,4803.1611328125,34368.87109375,92297.484375,181326.078125,591819.3125,184446.734375,168742.828125
2019-12-12,45449.96484375,116801.078125,5019.033203125,34619.4765625,93073.1015625,184858.375,593340.6875,185880.265625,170197.484375
2019-12-13,46643.76953125,118700.2890625,4920.091796875,35800.90625,93848.6953125,190745.609375,602469.0,186835.9375,170197.484375
2019-12-16,46643.76953125,118700.2890625,5001.0439453125,35120.69140625,92297.484375,190353.109375,600947.625,183968.875,174076.640625
2019-12-17,48349.21875,119175.078125,4911.09716796875,34333.07421875,94624.3203125,194277.921875,600947.625,185402.40625,175046.4375
2019-12-18,48008.1328125,117750.671875,4920.091796875,35371.30078125,95399.9296875,195062.875,600186.9375,189225.15625,173106.859375
2019-12-19,47752.3125,119649.8828125,5108.97998046875,35371.30078125,95787.7265625,193492.953125,601708.3125,191136.515625,173591.75
2019-12-20,47752.3125,119175.078125,5135.96435546875,35120.69140625,96175.5546875,193100.46875,603229.6875,192570.015625,177955.796875
2019-12-23,47325.953125,120124.6796875,5180.9375,35729.3046875,95012.1328125,191138.078125,642785.75,187791.609375,178440.703125
2019-12-24,46899.5859375,119175.078125,5126.9697265625,35407.09765625,94624.3203125,188390.734375,634418.125,189225.15625,176501.109375
2019-12-26,47240.69140625,118225.4765625,5117.97509765625,35371.30078125,95012.1328125,190745.609375,629093.3125,187791.609375,175046.4375
2019-12-27,48488.5078125,120124.6796875,5162.9482421875,36015.9140625,95807.203125,190346.53125,653435.5,187311.3125,178327.28125
2019-12-30,47887.76953125,120124.6796875,5144.958984375,35716.09765625,95807.203125,188750.328125,658760.3125,192114.171875,181242.703125
2020-01-02,47372.8515625,119175.078125,5153.95361328125,34891.58984375,93819.5,188351.28125,651914.0625,199318.453125,177355.46875
2020-01-03,47630.3046875,122973.4921875,5144.958984375,35341.32421875,92229.3359375,189149.390625,642025.0625,198357.890625,176383.65625
2020-01-06,47630.3046875,121074.28125,4992.04931640625,34929.0703125,92229.3359375,184360.828125,626811.1875,198838.171875,175411.859375
2020-01-07,47887.76953125,121074.28125,4974.06005859375,35228.8828125,91831.8046875,185158.890625,637460.9375,213727.03125,181728.59375
2020-01-08,48745.96484375,117750.671875,4776.1767578125,34591.76953125,89049.03125,181966.515625,621486.375,205562.1875,177841.359375
2020-01-09,50290.7421875,122973.4921875,4875.1181640625,34854.109375,88651.46875,186755.09375,638982.3125,203641.015625,180756.796875
2020-01-10,51063.1171875,124397.890625,4938.0810546875,35078.96875,90241.6484375,189548.46875,664085.1875,211805.890625,182700.421875
2020-01-13,51492.22265625,124872.6953125,5001.0439453125,35004.01171875,91434.25,190346.53125,670170.75,222852.453125,182700.421875
2020-01-14,51492.22265625,122498.6875,4992.04931640625,35866.00390625,92229.3359375,193139.890625,661803.125,225253.875,185129.9375
2020-01-15,50634.0234375,122498.6875,5108.97998046875,35903.4765625,91434.25,193139.890625,661042.375,225253.875,186101.75
2020-01-16,52092.97265625,121549.0859375,5135.96435546875,35978.43359375,94217.0390625,192740.828125,664085.1875,227175.015625,186101.75
2020-01-17,52607.89453125,121549.0859375,5090.99072265625,35903.4765625,94217.0390625,192740.828125,664845.875,227175.015625,185615.859375
2020-01-20,53551.92578125,122023.890625,5010.03857421875,36203.3046875,93819.5,197130.40625,666367.25,216128.453125,182214.515625
2020-01-21,52693.7109375,119649.8828125,4956.07080078125,35491.21875,93024.421875,194736.09375,666367.25,210365.015625,176869.5625
2020-01-22,53466.09765625,121074.28125,5216.91650390625,35641.12890625,100975.2109375,192740.828125,687666.6875,214687.59375,180756.796875
2020-01-23,52178.7890625,118700.2890625,5522.73583984375,35004.01171875,103757.9921875,191942.71875,734829.625,204121.328125,177841.359375
2020-01-28,50462.37890625,113002.6640625,5594.69287109375,33355.00390625,104155.5625,180370.328125,751564.875,186831.046875,173468.21875
2020-01-29,50719.84375,112527.8671875,5351.83642578125,33167.61328125,104155.5625,180769.359375,747000.75,194515.609375,174925.9375
2020-01-30,49089.2578125,110628.6640625,5046.017578125,32830.31640625,101372.78125,179173.1875,753086.25,186350.765625,174925.9375
2020-01-31,48402.6953125,108254.6640625,4920.091796875,32942.765625,99385.0546875,176379.84375,737111.75,180587.328125,174440.03125
2020-02-03,49089.2578125,107305.046875,4839.1396484375,32867.8046875,98192.4375,171192.1875,729504.8125,183469.015625,172496.421875
2020-02-04,50548.19140625,108254.6640625,4893.10791015625,32605.4453125,98590.0,170793.125,749282.8125,189232.46875,175411.859375
2020-02-05,51063.1171875,104456.25,4911.09716796875,33130.14453125,98590.0,171192.1875,745479.375,174823.90625,176383.65625
2020-02-06,52436.2421875,117275.875,5028.02783203125,33917.16796875,104950.6328125,178774.109375,789599.5625,175784.46875,176383.65625
2020-02-07,51835.50390625,114427.0703125,5001.0439453125,33280.05859375,104155.5625,177976.015625,789599.5625,170981.625,179785.015625
2020-02-10,51234.7578125,114427.0703125,5001.0439453125,32418.072265625,103360.484375,175980.78125,806334.8125,174823.90625,178327.28125
2020-02-11,51406.390625,114427.0703125,5019.033203125,32305.630859375,105348.1640625,177177.90625,803292.0625,175304.1875,179299.078125
2020-02-12,51921.33203125,114427.0703125,5028.02783203125,32605.4453125,108130.96875,177177.90625,806334.8125,182028.15625,179785.015625
2020-02-13,52092.97265625,110628.6640625,4875.1181640625,32043.294921875,105745.71875,176379.84375,806334.8125,181547.90625,179299.078125
2020-02-14,53036.9921875,110628.6640625,5117.97509765625,32043.294921875,106143.28125,175182.703125,804813.4375,182988.765625,181242.703125
2020-02-17,52779.53515625,109204.2578125,5414.79931640625,31780.951171875,107733.4140625,174384.5625,789599.5625,186831.046875,183186.34375
2020-02-18,51320.5859375,109679.0546875,5216.91650390625,31293.740234375,105348.1640625,173586.515625,780471.25,182508.5,181242.703125
2020-02-19,51663.87109375,109679.0546875,5037.02294921875,31331.228515625,104553.09375,172788.359375,768300.125,180587.328125,184158.140625
2020-02-20,51492.22265625,109204.2578125,4920.091796875,31631.03515625,103360.484375,171990.28125,758411.125,176264.765625,184644.046875
2020-02-21,50805.65625,106355.453125,4839.1396484375,30844.01171875,101770.3046875,168797.890625,740154.5,174823.90625,184158.140625
2020-02-24,48745.96484375,100657.8359375,4632.26171875,29269.955078125,97397.375,162413.109375,701359.125,166178.765625,178813.203125
2020-02-25,49690.0,104456.25,4668.24072265625,29419.859375,97397.375,161215.96875,728744.125,168099.890625,185129.9375
2020-02-26,48488.5078125,102557.0390625,4650.25146484375,29269.955078125,97397.375,159619.734375,730265.5,164737.890625,181728.59375
2020-02-27,47973.5859375,102082.2421875,4596.283203125,29532.302734375,96204.734375,158821.65625,730265.5,161856.203125,176869.5625
2020-02-28,46514.640625,98758.6328125,4506.33642578125,29157.5234375,91434.25,156028.296875,705162.625,154651.921875,169095.078125
2020-03-02,47201.19921875,99233.4375,4456.86572265625,28782.7421875,90241.6484375,152835.90625,710487.4375,159935.0625,170066.890625
2020-03-03,47544.5,98283.828125,4488.34716796875,28557.87890625,89446.5546875,153234.96875,729504.8125,157533.625,170066.890625
2020-03-04,49260.8984375,100657.8359375,4488.34716796875,29194.99609375,89844.1015625,154831.140625,743957.9375,160415.3125,173468.21875
2020-03-05,49604.171875,104931.0390625,4569.29931640625,29007.609375,90639.171875,157225.5,755368.375,165698.484375,175897.765625
2020-03-06,48488.5078125,101132.640625,4479.3525390625,28070.669921875,87856.40625,153234.96875,747000.75,162336.484375,174440.03125
2020-03-09,48488.5078125,101132.640625,4479.3525390625,28070.669921875,87856.40625,153234.96875,751564.875,162336.484375,174440.03125
2020-03-10,46857.92578125,91446.6953125,4110.5703125,26346.7109375,81098.21875,144056.859375,754607.6875,160415.3125,167151.453125
2020-03-11,44712.42578125,90687.0234375,3229.09130859375,26459.14453125,79508.0625,143258.765625,736351.0,152730.765625,165207.84375
2020-03-12,44712.42578125,90687.0234375,3229.09130859375,26459.14453125,79508.0625,143258.765625,734829.625,152730.765625,165207.84375
2020-03-13,42867.2734375,76822.8203125,2792.84912109375,24660.220703125,69331.0234375,136474.90625,694512.875,145046.1875,161320.59375
2020-03-16,41966.16796875,72739.5390625,2594.966064453125,24060.583984375,65912.171875,129292.0,654196.1875,141684.203125,150630.6875
2020-03-17,40593.04296875,74638.734375,2797.346435546875,22374.091796875,63685.9453125,124104.3671875,635178.8125,148888.46875,146743.4375
2020-03-18,39134.0859375,68276.3984375,2603.9609375,21774.447265625,58438.41796875,117719.578125,609315.25,153691.34375,141884.375
2020-03-19,36859.8515625,62958.62890625,2379.09375,19525.791015625,52395.80078125,111334.78125,556827.4375,153211.046875,139940.75
2020-03-20,38962.44921875,73119.375,2392.585693359375,23123.638671875,56530.23046875,115325.28125,654196.1875,158974.46875,149658.84375
2020-03-23,36473.66015625,65142.7109375,2221.686767578125,20725.078125,54781.046875,110137.6171875,663324.5,153211.046875,138968.953125
2020-03-24,40292.6640625,70175.6015625,2523.0087890625,21849.40625,59472.02734375,116123.359375,724179.9375,164257.609375,151602.46875
2020-03-25,41751.62109375,75018.5703125,2752.373046875,23985.623046875,67184.3046875,128493.921875,722658.5625,170501.3125,151602.46875
2020-03-26,41022.140625,73784.09375,2932.266845703125,24660.220703125,67502.328125,124104.3671875,694512.875,170981.625,148201.140625
2020-03-27,41451.24609375,73404.2578125,3229.09130859375,26796.439453125,68694.953125,130489.1484375,673974.1875,165218.203125,159376.984375
2020-03-30,41368.24609375,72454.6484375,3071.684326171875,26046.890625,67899.890625,128878.171875,684623.875,162336.484375,157919.25
2020-03-31,41281.796875,74638.734375,3071.684326171875,25896.978515625,70523.6484375,129683.640625,733308.25,161856.203125,165207.84375
2020-04-01,39595.94921875,72549.609375,3224.593994140625,23685.798828125,67899.890625,124850.6953125,688427.375,151770.21875,158405.15625
2020-04-02,40460.47265625,75303.4609375,3215.599365234375,23760.755859375,68853.96875,125656.203125,706684.0,155132.1875,168609.1875
2020-04-03,40633.38671875,72739.5390625,3346.022216796875,23348.5078125,68615.4453125,126461.6875,711248.125,154651.921875,167151.453125
2020-04-06,42103.10546875,76632.90625,3373.00634765625,24622.740234375,70603.1484375,129683.640625,725701.3125,160415.3125,168123.28125
2020-04-07,42881.1875,77392.578125,3386.498291015625,24810.126953125,71875.28125,130086.375,734068.9375,163297.0625,164721.921875
2020-04-08,42016.6484375,75493.375,3355.016845703125,24060.583984375,71557.2578125,129683.640625,726462.0,164737.890625,161806.5
2020-04-09,42448.92578125,79386.75,3458.455810546875,24360.400390625,77202.3203125,132502.890625,727983.375,164737.890625,162778.328125
2020-04-10,42578.609375,81096.03125,3561.89453125,25222.380859375,79269.53125,143376.96875,850455.0,165218.203125,161806.5
2020-04-13,41757.2890625,76727.859375,3588.878662109375,24397.875,77758.8828125,145793.421875,820027.3125,164737.890625,161320.59375
2020-04-14,42362.46484375,78247.2265625,3669.830810546875,24885.083984375,79508.0625,147404.390625,824591.4375,165218.203125,163750.125
2020-04-16,42362.46484375,75968.1796875,3359.51416015625,23910.666015625,78792.46875,141766.0,821548.6875,165698.484375,165693.734375
2020-04-17,44437.3515625,77867.390625,3435.968994140625,24247.96875,79905.609375,141766.0,861104.6875,173383.046875,173954.125
2020-04-20,43313.45703125,76917.78125,3678.825439453125,23910.666015625,77599.859375,141363.265625,861104.6875,170021.0625,174925.9375
2020-04-21,42578.609375,73119.375,3633.85205078125,23760.755859375,74340.0234375,137738.53125,880882.75,165218.203125,173468.21875
2020-04-22,43097.32421875,71884.890625,3584.38134765625,23610.845703125,73624.4765625,136933.03125,882404.125,168099.890625,176869.5625
2020-04-23,43097.32421875,73404.2578125,3516.921142578125,23460.939453125,73465.4375,138141.265625,914353.25,169540.765625,184644.046875
2020-04-24,42665.0546875,72549.609375,3373.00634765625,23311.02734375,71636.75,139349.53125,899139.375,164257.609375,187073.59375
2020-04-27,43097.32421875,73404.2578125,3449.461181640625,25634.6328125,72829.375,140155.03125,894575.1875,164737.890625,191932.625
2020-04-28,43313.45703125,73499.2109375,3539.407958984375,25597.15625,74101.5,142974.234375,894575.1875,169060.46875,192418.53125
2020-04-29,43227.0078125,78532.1015625,3593.3759765625,26046.890625,74419.5390625,148612.609375,883925.5,170021.0625,191932.625
2020-05-04,41930.1953125,75208.5,3521.41845703125,24735.173828125,72749.8671875,143779.71875,845890.875,167619.640625,193390.34375
2020-05-06,42535.37890625,78247.2265625,3525.916015625,24510.306640625,74101.5,144987.953125,874797.1875,170981.625,206023.90625
2020-05-07,42189.55859375,77962.34375,3525.916015625,24322.919921875,73624.4765625,144585.21875,862626.125,172422.484375,209425.21875
2020-05-08,42189.55859375,77582.5078125,3534.91064453125,24585.265625,75135.1171875,144987.953125,894575.1875,174343.59375,207967.515625
2020-05-11,41843.74609375,75873.21875,3543.9052734375,24098.056640625,74499.0703125,141766.0,891532.4375,168580.1875,208453.421875
2020-05-12,41411.46875,74258.890625,3453.95849609375,23648.32421875,73067.90625,136933.03125,900660.75,165218.203125,213312.484375
2020-05-13,41973.41796875,74068.9765625,3512.423828125,23573.365234375,74022.0,139349.53125,937174.0625,168099.890625,212340.6875
2020-05-14,41497.9296875,72834.4921875,3516.921142578125,23198.58984375,73385.9375,135322.078125,931088.5,169060.46875,212826.5625
2020-05-15,41368.24609375,74448.8125,3521.41845703125,23573.365234375,73385.9375,135322.078125,920438.8125,163777.34375,206995.703125
2020-05-18,42189.55859375,74448.8125,3489.937255859375,23236.076171875,73067.90625,136127.546875,908267.6875,165218.203125,208939.34375
2020-05-19,43486.375,77297.6171875,3651.841552734375,23948.142578125,78792.46875,143376.96875,912831.875,170021.0625,207481.625
2020-05-20,43227.0078125,76253.0546875,3593.3759765625,24023.09765625,77361.3359375,140557.75,912831.875,168099.890625,215741.984375
2020-05-21,43183.7734375,78057.296875,3701.312255859375,23985.623046875,77281.84375,142571.484375,926524.3125,168099.890625,218657.40625
2020-05-22,42146.328125,75873.21875,3552.89990234375,23311.02734375,75135.1171875,138544.015625,940216.8125,163297.0625,224002.375
2020-05-25,42232.78515625,79576.671875,3552.89990234375,23498.41796875,76327.71875,138544.015625,961516.25,161856.203125,234206.40625
2020-05-26,42578.609375,81475.875,3588.878662109375,24435.3515625,77758.8828125,141766.0,981294.25,160895.625,232262.78125
2020-05-27,43140.546875,88028.1328125,4101.57568359375,24810.126953125,77997.40625,147001.6875,949345.125,162816.75,222058.75
2020-05-28,43572.8203125,84799.4765625,3939.67138671875,25634.6328125,77281.84375,148612.609375,929567.125,159935.0625,233720.5
2020-05-29,43832.1796875,86223.8828125,3849.724609375,25484.7265625,77917.890625,145793.421875,946302.375,156573.046875,219629.234375
2020-06-01,44264.44921875,87553.328125,3993.639404296875,25934.451171875,79508.0625,147001.6875,956952.0625,159454.78125,230319.140625
2020-06-02,44437.3515625,93155.984375,4371.416015625,27171.212890625,81495.7421875,152237.34375,956952.0625,160415.3125,227403.71875
2020-06-03,47117.4375,97809.03125,4384.908203125,28932.66015625,86266.234375,163111.453125,952387.875,163297.0625,219143.328125
2020-06-04,47203.88671875,95909.828125,4447.87109375,27733.375,86266.234375,163514.1875,988901.1875,166178.765625,225946.0
2020-06-05,47981.97265625,97334.234375,4533.3203125,28520.408203125,88253.9453125,161500.453125,1011722.0,168099.890625,224488.28125
2020-06-08,47463.25390625,98283.828125,4578.2939453125,28632.841796875,89844.1015625,163111.453125,1010200.5625,171942.171875,233720.5
2020-06-09,47981.97265625,96859.421875,4758.1875,28857.703125,89049.03125,159889.5,1028457.25,169060.46875,230805.0625
2020-06-10,47895.5234375,95909.828125,4758.1875,28145.626953125,88651.46875,159486.734375,1071056.0,167619.640625,237121.84375
2020-06-11,46944.52734375,94010.625,4623.26708984375,27246.169921875,86266.234375,155862.015625,1136475.625,165218.203125,233720.5
2020-06-12,45215.4453125,89832.375,4461.36279296875,25971.93359375,82290.8203125,150223.671875,1224716.125,161375.90625,235178.234375
2020-06-15,43140.546875,81950.671875,4196.02001953125,24922.55859375,77122.8125,140960.484375,1229280.25,154171.640625,224974.203125
2020-06-16,45042.53515625,87838.203125,4632.26171875,26758.958984375,80700.671875,151029.109375,1256665.125,160895.625,236635.9375
2020-06-17,45128.9921875,87078.5234375,4470.357421875,26234.27734375,79905.609375,150626.390625,1253622.375,155132.1875,243924.53125
2020-06-18,45215.4453125,88597.890625,4393.90283203125,26421.662109375,79508.0625,150223.671875,1232323.0,154651.921875,240523.171875
2020-06-19,45734.171875,88977.7265625,4348.92919921875,26983.83203125,79508.0625,153445.578125,1218630.5,155612.484375,242466.78125
2020-06-22,44956.08984375,85939.0,4317.4482421875,26121.837890625,78315.4375,149820.859375,1206459.375,150809.625,262388.90625
2020-06-23,44437.3515625,84039.7890625,4191.5224609375,26009.41015625,78474.453125,147404.390625,1220151.875,148408.203125,268219.75
2020-06-24,45734.171875,85749.0859375,4191.5224609375,26159.322265625,81893.296875,149015.375,1246015.5,148888.46875,271135.1875
2020-06-25,44869.6328125,83185.1640625,4074.591552734375,25297.337890625,79031.0078125,144987.953125,1239929.875,144085.640625,261903.046875
2020-06-26,46079.98828125,84324.6796875,4083.586181640625,26084.36328125,79508.0625,147404.390625,1232323.0,151770.21875,261417.09375
2020-06-29,45604.80078125,83185.1640625,4173.533203125,25409.771484375,77679.3515625,141750.5625,1192767.0,146967.34375,256558.046875
2020-06-30,45952.92578125,82995.234375,4348.92919921875,25447.248046875,77679.3515625,140538.96875,1179074.5,160895.625,259473.4375
2020-07-01,45778.86328125,83185.1640625,4231.99853515625,25784.54296875,78076.921875,144173.65625,1144082.625,156092.78125,261417.09375
2020-07-02,46039.95703125,83849.8828125,4294.96142578125,25822.021484375,78712.9765625,146192.859375,1195809.75,161375.90625,269191.625
2020-07-03,46649.171875,84039.7890625,4285.966796875,26084.36328125,78871.9921875,146596.671875,1172988.875,160415.3125,269677.5
2020-07-06,47867.62109375,83375.078125,4236.49609375,26796.439453125,80700.671875,147808.265625,1147125.375,156573.046875,273564.71875
2020-07-07,46475.125,82330.515625,4142.0517578125,26833.912109375,78871.9921875,149423.640625,1142561.25,157053.328125,271621.125
2020-07-08,46126.98828125,81380.9140625,4155.5439453125,26271.7578125,79190.0390625,153865.96875,1119740.375,155612.484375,274536.53125
2020-07-09,45952.92578125,81855.7109375,4155.5439453125,26009.41015625,79190.0390625,152250.5625,1127347.375,156092.78125,279395.625
2020-07-10,45865.890625,79481.703125,4056.602294921875,25447.248046875,78156.421875,147000.546875,1112133.5,150809.625,290571.4375
2020-07-13,46475.125,85179.3203125,4137.55419921875,26496.6171875,80700.671875,151039.0625,1110612.125,153691.34375,288627.8125
2020-07-14,46823.24609375,84039.7890625,4173.533203125,26309.23046875,80700.671875,149019.78125,1118219.0,157533.625,278909.71875
2020-07-15,47606.515625,86413.8046875,4299.45849609375,26721.486328125,86663.78125,150635.1875,1139518.375,155612.484375,278423.75
2020-07-16,46823.24609375,86413.8046875,4425.38427734375,26946.345703125,87458.859375,150635.1875,1113654.875,158494.21875,265304.34375
2020-07-17,47345.4375,84894.4375,4420.88671875,26721.486328125,93421.96875,150635.1875,1130390.125,158494.21875,268219.75
2020-07-20,47171.37109375,85559.1640625,4947.07568359375,27658.421875,96602.28125,151442.859375,1124304.625,158494.21875,255586.25
2020-07-21,48128.72265625,88313.0078125,6431.19873046875,27508.51171875,96602.28125,154673.6875,1141039.875,164257.609375,262388.90625
2020-07-22,47606.515625,86223.8828125,7717.4384765625,27133.732421875,94217.0390625,159519.84375,1201895.25,160895.625,262388.90625
2020-07-23,47084.3359375,84514.6015625,7744.42236328125,26871.39453125,98987.515625,157904.4375,1179074.5,158974.46875,275994.28125
2020-07-24,47171.37109375,83849.8828125,7348.65625,26534.09765625,97397.375,156692.90625,1148646.75,157053.328125,273078.84375
2020-07-27,48389.8125,83280.1171875,7834.369140625,26571.57421875,98192.4375,158308.28125,1147125.375,158013.90625,276480.125
2020-07-28,51000.77734375,86223.8828125,8949.7099609375,26758.958984375,97794.90625,163154.484375,1157775.125,156573.046875,279881.5
2020-07-29,51348.90234375,86223.8828125,9759.2314453125,27133.732421875,99385.0546875,162750.59375,1127347.375,157053.328125,283768.75
2020-07-30,51348.90234375,86413.8046875,9759.2314453125,26946.345703125,101372.78125,160731.375,1119740.375,159454.78125,285712.40625
2020-07-31,50391.56640625,84704.5234375,9444.41796875,26421.662109375,100577.6875,156289.015625,1115176.25,159454.78125,292515.0625
2020-08-03,49434.19921875,81950.671875,8338.0712890625,26421.662109375,100975.2109375,155077.484375,1119740.375,154171.640625,305634.5
2020-08-04,49869.359375,82710.359375,8419.0234375,26609.0546875,105348.1640625,156692.90625,1118219.0,156573.046875,302233.125
2020-08-05,49521.234375,82140.59375,8392.0400390625,26609.0546875,106540.78125,156692.90625,1197331.125,158494.21875,304662.6875
2020-08-06,50478.5859375,82615.3984375,8149.18310546875,27396.080078125,114889.1328125,162346.78125,1183638.625,160895.625,312923.0625
2020-08-07,50043.43359375,81665.796875,8221.140625,27096.255859375,116876.8359375,159115.96875,1168424.75,162816.75,305148.53125
2020-08-10,50304.5234375,82805.3125,8320.08203125,27845.814453125,135163.71875,160327.53125,1172988.875,161375.90625,304662.6875
2020-08-11,50652.6484375,87078.5234375,8140.1884765625,29082.568359375,142319.4375,167192.953125,1223194.625,167139.34375,302719.09375
2020-08-12,51348.90234375,87458.3671875,8176.1669921875,30244.375,136753.84375,168404.484375,1282528.75,174823.90625,296402.28125
2020-08-13,51087.8046875,85749.0859375,8104.2099609375,31106.359375,135163.71875,166385.28125,1247536.875,180107.046875,298345.875
2020-08-14,50478.5859375,91066.859375,8706.853515625,29832.109375,132778.453125,170019.890625,1217109.125,188752.1875,296402.28125
2020-08-18,50826.71484375,86888.609375,8814.7900390625,28595.361328125,125622.7109375,163962.1875,1220151.875,169540.765625,298831.8125
2020-08-19,50304.5234375,86793.6484375,9039.6572265625,28482.931640625,130790.75,162346.78125,1230801.625,174823.90625,306120.375
2020-08-20,48215.7578125,83090.1953125,9039.6572265625,27321.123046875,123237.5078125,157500.625,1207980.875,165698.484375,296888.21875
2020-08-21,48650.90625,83280.1171875,8913.7314453125,27545.986328125,124032.5546875,160731.375,1215587.75,167139.34375,303690.875
2020-08-24,48824.96875,83090.1953125,8796.80078125,27695.896484375,128405.4921875,160731.375,1247536.875,169060.46875,310979.46875
2020-08-25,49086.07421875,85939.0,9129.603515625,28445.44921875,131983.375,161942.921875,1239929.875,170981.625,315838.5
2020-08-26,49086.07421875,84609.5625,8994.68359375,27808.330078125,133176.0,155885.1875,1235365.75,166178.765625,324584.78125
2020-08-27,48389.8125,82710.359375,9264.5234375,27695.896484375,129995.65625,152250.5625,1218630.5,164737.890625,327500.25
2020-08-28,48215.7578125,83185.1640625,11693.0888671875,28482.931640625,136753.84375,153058.25,1215587.75,163777.34375,323613.0
2020-08-31,46997.30859375,81855.7109375,14481.4404296875,27620.9375,140331.71875,149019.78125,1183638.625,161375.90625,313409.0
2020-09-01,47171.37109375,83565.0,14346.5205078125,28033.19921875,143114.515625,150635.1875,1188202.75,162336.484375,315352.625
2020-09-02,47345.4375,83375.078125,15066.0947265625,28258.0625,139934.1875,151846.734375,1171467.5,164737.890625,323127.09375
2020-09-03,49086.07421875,83185.1640625,14661.333984375,28033.19921875,140331.71875,152654.46875,1185160.0,165218.203125,329443.84375
2020-09-04,48389.8125,81760.75,14661.333984375,27695.896484375,137151.421875,150231.328125,1176031.75,162816.75,319239.8125
2020-09-07,49173.1015625,83470.0390625,14481.4404296875,28670.318359375,135163.71875,151846.734375,1180595.875,163297.0625,305634.5
2020-09-08,51087.8046875,83280.1171875,13716.892578125,28333.017578125,133573.515625,151039.0625,1177553.125,163297.0625,302233.125
2020-09-09,50826.71484375,82140.59375,12682.50390625,28108.154296875,133176.0,149423.640625,1154732.25,160415.3125,295916.375
2020-09-10,51522.9609375,82805.3125,13222.1845703125,28145.626953125,134368.609375,149827.484375,1162339.25,159454.78125,298831.8125
2020-09-11,51348.90234375,82520.4296875,13357.1044921875,27845.814453125,136356.296875,149827.484375,1157775.125,160895.625,297374.0625
2020-09-14,52567.359375,82900.2734375,13402.078125,28707.79296875,143114.515625,153462.140625,1160817.875,161375.90625,294458.71875
2020-09-15,53089.54296875,82520.4296875,13492.025390625,28745.271484375,142319.4375,153058.25,1176031.75,162816.75,303204.9375
2020-09-16,53089.54296875,82045.640625,14121.6533203125,28407.97265625,145897.28125,152654.46875,1180595.875,163297.0625,298345.875
2020-09-17,51784.0625,81665.796875,13896.7861328125,28445.44921875,146294.828125,153462.140625,1151689.5,160415.3125,292029.125
2020-09-18,51610.00390625,81096.03125,13492.025390625,28295.541015625,143909.5625,155077.484375,1153210.875,161856.203125,289599.65625
2020-09-21,51522.9609375,80621.2265625,12952.34375,28220.58984375,147089.890625,154269.8125,1125826.0,159935.0625,283768.75
2020-09-22,50652.6484375,78247.2265625,12592.556640625,28070.669921875,142716.96875,157096.765625,1112133.5,156573.046875,276480.125
2020-09-23,51000.77734375,77107.703125,12052.8759765625,28145.626953125,142716.96875,157500.625,1072577.375,156092.78125,288141.875
2020-09-24,50304.5234375,73784.09375,11872.982421875,27883.28515625,136356.296875,151846.734375,1023893.0625,153211.046875,285712.40625
2020-09-25,50391.56640625,75683.296875,11558.16796875,28632.841796875,135163.71875,156692.90625,1026935.8125,153211.046875,286684.21875
2020-09-28,50964.23828125,75968.1796875,12142.822265625,28632.841796875,139536.640625,157913.890625,1042149.6875,155132.1875,290085.5
2020-09-29,50964.23828125,78532.1015625,11962.9287109375,28145.626953125,141921.859375,159541.875,1049756.625,157533.625,288141.875
2020-10-05,51402.08203125,79481.703125,12592.556640625,29269.955078125,148680.046875,166867.78125,1042149.6875,162336.484375,290085.5
2020-10-06,51664.78515625,78911.9453125,12457.63671875,29232.48046875,145102.171875,164425.8125,1083227.125,160415.3125,296402.28125
2020-10-07,52452.88671875,79861.5390625,12232.76953125,29907.0703125,145499.734375,166867.78125,1096919.625,162336.484375,296402.28125
2020-10-08,52277.7578125,78816.984375,12502.6103515625,29869.59765625,143512.03125,169309.734375,1087791.25,162816.75,292515.0625
2020-10-12,52890.72265625,79101.875,12097.849609375,30544.19140625,143114.515625,168495.765625,1093876.875,166659.03125,283768.75
2020-10-13,53328.56640625,78911.9453125,11872.982421875,30131.94140625,142319.4375,166867.78125,1099962.375,161856.203125,286684.21875
2020-10-14,53328.56640625,77012.7421875,11603.1416015625,29045.0859375,141524.328125,163204.8125,1075620.25,158974.46875,290085.5
2020-10-15,52540.453125,75778.2578125,11324.9521484375,29269.955078125,139934.1875,166867.78125,1071056.0,156573.046875,284254.65625
2020-10-16,52102.62109375,75588.3359375,11564.8876953125,29532.302734375,136753.84375,164425.8125,1045192.5,161375.90625,285226.46875
2020-10-19,52540.453125,76537.9375,12812.5517578125,30506.7109375,133573.515625,169716.71875,1043671.0625,163297.0625,277937.90625
2020-10-20,53328.56640625,76063.1484375,12908.5263671875,30544.19140625,133176.0,168088.765625,1037585.5625,161856.203125,281825.15625
2020-10-21,53328.56640625,77012.7421875,12908.5263671875,31068.876953125,131585.8125,168495.765625,1046713.875,160415.3125,289113.71875
2020-10-22,52628.03125,76537.9375,13148.4619140625,31406.17578125,129200.6015625,170937.671875,1001072.25,160415.3125,284740.5625
2020-10-23,52715.59375,77582.5078125,13340.41015625,31668.515625,132778.453125,179077.59375,967601.75,160895.625,278423.75
2020-10-26,52890.72265625,78911.9453125,12620.603515625,31780.951171875,136356.296875,177449.625,958473.4375,158013.90625,273564.71875
2020-10-27,52365.3203125,76727.859375,12860.5390625,31293.740234375,137151.421875,179077.59375,966080.375,154651.921875,275508.3125
2020-10-28,51664.78515625,76917.78125,13244.435546875,31518.61328125,137946.46875,175821.640625,969123.125,154651.921875,290085.5
2020-10-29,50876.6796875,75778.2578125,13580.345703125,30731.583984375,135163.71875,172565.640625,1060406.375,158494.21875,290085.5
2020-10-30,49563.171875,74448.8125,13196.4482421875,30056.98046875,130790.75,169309.734375,1037585.5625,151770.21875,281825.15625
2020-11-02,50263.7109375,75588.3359375,13340.41015625,31481.13671875,135561.25,175821.640625,1061927.75,152250.484375,277452.0
2020-11-03,51489.65625,76917.78125,13772.2939453125,31968.333984375,135561.25,179484.609375,1063449.125,155612.484375,275022.46875
2020-11-04,51226.953125,79101.875,13292.4228515625,31143.8359375,136356.296875,178263.609375,1115176.25,157533.625,290085.5
2020-11-05,52803.1640625,79576.671875,13964.2421875,32155.7265625,139139.09375,184775.546875,1188202.75,158013.90625,290571.4375
2020-11-06,52628.03125,78722.03125,14108.203125,31968.333984375,135561.25,185589.484375,1182117.25,157533.625,292515.0625
2020-11-09,52715.59375,85559.1640625,15019.9580078125,32193.20703125,137151.421875,190473.4375,1157775.125,158494.21875,289599.65625
2020-11-10,52715.59375,88313.0078125,15307.8798828125,33504.91796875,137946.46875,192915.4375,1144082.625,163297.0625,275022.46875
2020-11-11,53678.8359375,88882.7734375,15691.77734375,35416.26953125,139536.640625,194136.40625,1157775.125,167619.640625,272107.0625
2020-11-12,53416.125,88787.8125,15739.763671875,34741.671875,138344.0,192508.390625,1145604.0,170501.3125,271135.1875
2020-11-13,55342.61328125,87648.296875,15787.7509765625,33692.3125,141126.796875,192101.40625,1151689.5,168099.890625,273078.84375
2020-11-16,58057.19921875,93915.6640625,15115.931640625,34254.45703125,142319.4375,194543.40625,1153210.875,167619.640625,270163.40625
2020-11-17,57531.796875,94960.2265625,15211.90625,34891.58984375,145102.171875,194136.40625,1177553.125,177705.609375,267247.96875
2020-11-18,56743.69921875,94295.5078125,14300.1513671875,35116.453125,142716.96875,194136.40625,1235365.75,180587.328125,273078.84375
2020-11-19,56568.56640625,89737.4140625,14060.2158203125,34854.109375,143114.515625,192101.40625,1229280.25,180587.328125,272592.90625
2020-11-20,56656.1328125,90971.8984375,14204.177734375,34216.984375,140729.265625,193322.421875,1215587.75,189232.46875,273078.84375
2020-11-23,59108.01171875,96859.421875,14684.0478515625,34816.62890625,142319.4375,198206.359375,1223194.625,189232.46875,273564.71875
2020-11-24,59283.16015625,97809.03125,14684.0478515625,34779.15625,143909.5625,199020.28125,1220151.875,185870.453125,274536.53125
2020-11-25,58319.9140625,101607.4375,14780.0224609375,36203.3046875,142716.96875,199427.34375,1221673.25,180107.046875,270649.34375
2020-11-26,59545.85546875,103031.84375,15403.8544921875,36315.72265625,142319.4375,197392.359375,1215587.75,180587.328125,277452.0
2020-11-27,59720.98828125,100183.0390625,16411.583984375,35940.95703125,143909.5625,194950.375,1215587.75,176264.765625,276480.125
2020-11-30,58407.48046875,97809.03125,16075.673828125,33992.125,144307.125,190473.4375,1195809.75,171942.171875,269677.5
2020-12-01,59370.7265625,98758.6328125,14875.99609375,34404.375,145897.28125,199834.328125,1206459.375,180107.046875,277452.0
2020-12-02,60859.3828125,98283.828125,14444.11328125,35078.96875,145102.171875,203497.28125,1201895.25,183949.328125,275508.3125
2020-12-03,61034.5,98283.828125,14396.1259765625,35341.32421875,156233.3125,204718.25,1224716.125,187791.609375,278909.71875
2020-12-04,62610.70703125,99233.4375,14300.1513671875,35378.79296875,156233.3125,216114.109375,1255143.75,186350.765625,285712.40625
2020-12-07,63836.6640625,97334.234375,13820.2802734375,35378.79296875,153848.078125,219777.078125,1338820.0,186350.765625,281339.15625
2020-12-08,62785.8515625,96384.625,13820.2802734375,34404.375,148282.53125,216114.109375,1259708.0,188271.890625,276966.0625
2020-12-09,64712.34765625,96859.421875,13964.2421875,34591.76953125,152257.9375,222219.03125,1250579.625,208443.875,279881.5
2020-12-10,63836.6640625,97334.234375,14012.2294921875,34779.15625,152257.9375,221405.046875,1246015.5,205562.1875,277937.90625
2020-12-11,64274.49609375,103981.4453125,14156.1904296875,35303.83984375,151065.3125,227509.90625,1247536.875,207483.296875,281825.15625
2020-12-14,64624.76171875,105405.84375,13820.2802734375,35228.8828125,150270.234375,225067.96875,1235365.75,203160.75,277937.90625
2020-12-15,64624.76171875,103031.84375,13724.306640625,34704.203125,149872.6875,218963.078125,1217109.125,202680.453125,275022.46875
2020-12-16,64624.76171875,103981.4453125,13292.4228515625,34516.8125,151065.3125,220998.03125,1227758.875,204601.609375,277452.0
2020-12-17,64186.921875,104931.0390625,13772.2939453125,33917.16796875,151462.84375,218149.0625,1223194.625,200759.3125,276966.0625
2020-12-18,63924.22265625,102557.0390625,13340.41015625,33692.3125,150270.234375,218963.078125,1220151.875,200279.046875,274536.53125
2020-12-21,63924.22265625,104456.25,13340.41015625,33842.20703125,148680.046875,223440.0,1252101.0,198838.171875,275994.28125
2020-12-22,63311.25,103981.4453125,12860.5390625,33392.484375,146294.828125,217742.0625,1221673.25,194515.609375,275994.28125
2020-12-23,64712.34765625,102082.2421875,12572.6162109375,32980.234375,147089.890625,217742.0625,1211023.625,191633.90625,275994.28125
2020-12-24,68127.4765625,102557.0390625,12812.5517578125,34067.08203125,148680.046875,220591.03125,1207980.875,194515.609375,274050.625
2020-12-28,68915.5625,101132.640625,12332.6806640625,34179.51171875,150667.75,222626.015625,1200373.875,193074.75,273078.84375
2020-12-29,70290.8671875,101607.4375,12524.62890625,33844.18359375,153899.234375,223453.609375,1250579.625,199150.53125,275416.46875
2020-12-30,72714.6796875,103031.84375,12956.5126953125,33844.18359375,155111.046875,225108.8125,1256665.125,198668.328125,284661.90625
2021-01-04,74510.1015625,104456.25,13340.41015625,33103.3671875,167633.03125,225936.40625,1261229.375,195775.078125,285148.5
2021-01-05,75318.078125,111578.265625,14108.203125,33961.1640625,169248.75,235867.71875,1265793.5,195775.078125,284661.90625
2021-01-06,73791.9453125,112053.0625,13580.345703125,34312.0859375,163997.609375,231729.703125,1242972.75,192881.859375,282228.90625
2021-01-07,74420.3203125,112527.8671875,13580.345703125,35871.71484375,166421.234375,240833.359375,1246015.5,192881.859375,281742.25
2021-01-08,79716.84375,112527.8671875,13628.33203125,36261.63671875,198736.03125,243729.953125,1273400.5,196257.3125,303639.34375
2021-01-11,81691.8203125,109204.2578125,12908.5263671875,35793.7421875,216105.234375,235040.09375,1287092.875,189024.234375,300719.71875
2021-01-12,81332.71875,110153.859375,12716.578125,36027.68359375,210854.046875,229246.890625,1244494.125,195775.078125,295853.71875
2021-01-13,80524.78125,110153.859375,12764.564453125,36885.484375,209238.328125,234626.296875,1262750.75,203972.578125,305585.71875
2021-01-14,80524.78125,112527.8671875,13340.41015625,36300.625,202371.46875,233384.9375,1241451.375,205901.40625,309478.53125
2021-01-15,78998.671875,108254.6640625,13004.5,35247.875,193888.8125,227591.71875,1223194.625,212652.25,297800.125
2021-01-18,76305.5390625,104931.0390625,12572.6162109375,35286.86328125,194696.671875,220143.234375,1198852.5,203008.15625,292447.5
2021-01-19,78100.953125,104931.0390625,12764.564453125,35247.875,211258.0,224281.25,1211023.625,215063.28125,299746.53125
2021-01-20,78280.5078125,102082.2421875,12716.578125,35208.87890625,209238.328125,225108.8125,1209502.25,221331.9375,299746.53125
2021-01-21,79088.4375,102557.0390625,12812.5517578125,34896.953125,213681.640625,223039.8125,1211023.625,223260.765625,313858.0
2021-01-22,77921.40625,99708.234375,12860.5390625,34351.06640625,207622.578125,216005.15625,1207980.875,229529.421875,334295.25
2021-01-25,80255.4765625,103506.6484375,12716.578125,34390.05859375,210046.1875,218901.765625,1201895.25,237244.6875,339647.875
2021-01-26,77831.640625,100657.8359375,12764.564453125,33532.26171875,203179.328125,213108.5625,1220151.875,229529.421875,332835.46875
2021-01-27,76844.15625,97334.234375,12620.603515625,33064.37109375,198332.078125,214763.765625,1291657.125,223742.96875,332348.8125
2021-01-28,75138.515625,93345.8984375,12140.732421875,32050.607421875,192677.0,206901.515625,1274921.875,224707.375,345487.09375
2021-01-29,73612.390625,89262.609375,11276.96484375,31426.748046875,185002.25,203177.25,1206459.375,215063.28125,333808.65625
2021-02-01,74510.1015625,94865.265625,11468.9130859375,32830.42578125,192677.0,209384.328125,1236887.125,215063.28125,338674.65625
2021-02-02,75766.9140625,94010.625,11372.939453125,32635.46875,194292.75,217660.375,1256665.125,221814.15625,352786.125
2021-02-03,75946.453125,93915.6640625,11420.9267578125,32713.4453125,198332.078125,217246.5625,1255143.75,219403.125,360571.75
2021-02-04,74061.265625,92491.265625,11085.0166015625,32791.4296875,200755.734375,218901.765625,1236887.125,223260.765625,348406.6875
2021-02-05,74958.96875,93250.9375,11324.9521484375,34585.01953125,201563.578125,217660.375,1235365.75,218920.921875,352786.125
2021-02-08,74510.1015625,95435.03125,11756.8359375,35130.89453125,189041.59375,222212.234375,1223194.625,217474.3125,347920.125
2021-02-09,74240.796875,95909.828125,11756.8359375,34896.953125,191061.28125,223453.609375,1220151.875,216992.078125,348893.25
2021-02-10,73253.296875,95909.828125,11708.8486328125,35481.8125,197928.140625,224281.25,1215587.75,221331.9375,356678.90625
2021-02-15,75587.375,101607.4375,11660.8623046875,35325.84765625,199947.828125,221798.40625,1217109.125,224225.15625,375169.8125
2021-02-16,76215.7734375,100657.8359375,11372.939453125,35130.89453125,199947.828125,224695.03125,1211023.625,224707.375,383442.0
2021-02-17,74689.6640625,99233.4375,11037.029296875,34935.9453125,196716.34375,223867.4375,1195809.75,218920.921875,381495.5625
2021-02-18,73702.1796875,98758.6328125,11037.029296875,34078.14453125,190253.390625,219315.578125,1191245.625,227600.609375,377602.78125
2021-02-19,74151.0390625,99708.234375,10941.0556640625,33961.1640625,195504.5625,218074.203125,1206459.375,230011.625,387334.84375
2021-02-22,73791.9453125,98758.6328125,10749.107421875,33610.24609375,195100.625,221798.40625,1186681.375,228565.0,376143.0
2021-02-23,73612.390625,106355.453125,10557.1591796875,34078.14453125,197524.21875,231315.890625,1156253.625,232904.84375,380035.78125
2021-02-24,73612.390625,103506.6484375,9837.3525390625,33649.2265625,189849.453125,226764.03125,1136475.625,223742.96875,363977.90625
2021-02-25,76574.84375,108254.6640625,10653.1328125,34896.953125,197928.140625,234212.5,1179074.5,230493.828125,372736.75
2021-02-26,74061.265625,106355.453125,10173.26171875,34156.109375,191465.203125,232971.078125,1141039.875,226153.984375,364951.15625
2021-03-02,75048.75,104931.0390625,10269.236328125,34701.9921875,193080.921875,235867.71875,1145604.0,227118.40625,367384.15625
2021-03-03,75407.8125,105880.65625,10845.0810546875,35481.8125,193888.8125,247454.234375,1157775.125,231458.25,388794.65625
2021-03-04,73971.4921875,102557.0390625,10701.1201171875,35715.76171875,189849.453125,255730.265625,1137997.0,236280.296875,381008.96875
2021-03-05,73702.1796875,101607.4375,10365.2109375,36651.53515625,189849.453125,260282.125,1093876.875,228565.0,367384.15625
2021-03-08,73612.390625,105405.84375,10269.236328125,38952.01953125,186214.046875,266075.375,1058885.0,221814.15625,358625.3125
2021-03-09,73073.78125,109679.0546875,10365.2109375,41018.53515625,187021.90625,262351.15625,1045192.5,216027.703125,351812.875
2021-03-10,72624.9375,109679.0546875,10221.2490234375,40238.7109375,183790.4375,242902.375,1042149.6875,218438.703125,362031.53125
2021-03-11,73612.390625,109204.2578125,10173.26171875,40550.640625,184598.296875,250764.609375,1087791.25,217474.3125,363491.34375
2021-03-12,74330.578125,111578.265625,10893.068359375,39302.9296875,187829.78125,249109.453125,1130390.125,217956.5,370303.78125
2021-03-15,73432.859375,115851.46875,10893.068359375,39926.7890625,187425.859375,254902.65625,1118219.0,218438.703125,372736.75
2021-03-16,74330.578125,115376.671875,11180.9912109375,39926.7890625,189041.59375,253247.453125,1115176.25,219403.125,375169.8125
2021-03-17,73881.71875,112527.8671875,11372.939453125,39536.87890625,187425.859375,244143.78125,1093876.875,229529.421875,373223.375
2021-03-18,74420.3203125,112527.8671875,11180.9912109375,39224.94921875,189041.59375,244557.578125,1098441.0,228565.0,392687.4375
2021-03-19,73522.625,112053.0625,11133.00390625,38718.07421875,185406.140625,238764.359375,1077141.625,231940.453125,391227.625
2021-03-22,73612.390625,111103.4609375,11420.9267578125,40082.74609375,185002.25,251178.40625,1087791.25,238209.109375,385875.03125
2021-03-23,73432.859375,110153.859375,11324.9521484375,40082.74609375,182982.5625,259040.703125,1084748.5,242548.953125,375656.375
2021-03-24,72714.6796875,111578.265625,11564.8876953125,39770.828125,178539.28125,253247.453125,1089312.625,246888.796875,376629.59375
2021-03-25,72894.2265625,112527.8671875,11756.8359375,41018.53515625,176115.65625,255316.46875,1092355.5,250264.21875,369817.15625
2021-03-26,73163.53125,125347.5,12188.7197265625,41486.42578125,174096.0,263178.78125,1103005.125,248817.609375,372736.75
2021-03-29,73253.296875,127246.703125,12716.578125,41876.33984375,174096.0,270627.1875,1137997.0,253157.453125,362031.53125
2021-03-30,74119.859375,127721.5078125,12668.5908203125,42812.1171875,177327.5,269374.28125,1136475.625,262319.34375,366410.96875
2021-03-31,73398.5,126771.90625,12476.642578125,43825.87890625,176115.65625,267286.125,1137997.0,249299.828125,366897.5625
2021-04-01,74751.0234375,122023.890625,12140.732421875,42890.10546875,176923.53125,266033.125,1136475.625,251710.828125,368357.375
2021-04-02,76464.28125,124872.6953125,12476.642578125,42032.30078125,188637.640625,266033.125,1131911.5,249299.828125,369330.59375
2021-04-05,77005.2890625,126297.09375,12572.6162109375,42578.171875,189041.59375,279397.46875,1141039.875,250746.421875,366897.5625
2021-04-06,77546.3125,123448.2890625,12476.642578125,41330.45703125,185810.09375,274385.875,1147125.375,249299.828125,378089.375
2021-04-07,77185.6328125,121074.28125,12428.6552734375,41798.359375,185810.09375,274803.46875,1163860.625,248817.609375,374196.59375
2021-04-08,76374.1171875,123448.2890625,12860.5390625,41174.5,187021.90625,276891.65625,1160817.875,247853.203125,371276.9375
2021-04-09,75382.25,121549.0859375,12764.564453125,41018.53515625,184598.296875,273968.21875,1171467.5,243513.359375,373223.375
2021-04-12,75021.5625,124872.6953125,12668.5908203125,41642.38671875,182578.609375,275221.15625,1189724.125,246406.5625,375169.8125
2021-04-13,75742.90625,126297.09375,12908.5263671875,41720.37109375,185810.09375,273132.96875,1192767.0,258461.6875,378089.375
2021-04-14,75742.90625,126771.90625,13772.2939453125,41486.42578125,187829.78125,282738.5625,1201895.25,256050.671875,381008.96875
2021-04-15,75833.0859375,127721.5078125,13388.396484375,42110.2890625,186214.046875,289003.0625,1226237.5,257497.296875,380522.40625
2021-04-16,75652.765625,130095.515625,13436.3837890625,41096.51171875,187021.90625,286914.875,1264272.125,253639.671875,381008.96875
2021-04-19,75111.71875,132944.3125,13388.396484375,40784.5859375,185810.09375,295685.1875,1262750.75,254604.0625,379549.1875
2021-04-20,75652.765625,131994.71875,13340.41015625,41408.44140625,185002.25,296938.15625,1273400.5,255568.46875,380522.40625
2021-04-21,74480.5390625,128671.1015625,13052.4873046875,40862.56640625,182174.671875,293179.3125,1267314.875,247853.203125,370303.78125
2021-04-22,74300.203125,133419.109375,13436.3837890625,41720.37109375,182578.609375,294849.96875,1224716.125,249299.828125,370303.78125
2021-04-23,74660.875,133893.90625,13244.435546875,42344.23046875,178539.28125,296938.15625,1235365.75,254121.859375,367870.75
2021-04-26,75292.0703125,142915.140625,13436.3837890625,42890.10546875,178943.203125,302784.90625,1246015.5,251710.828125,367384.15625
2021-04-27,74751.0234375,142440.34375,13388.396484375,42890.10546875,177731.40625,315314.09375,1227758.875,249299.828125,369817.15625
2021-04-28,74029.6875,141490.734375,13676.3193359375,42890.10546875,178943.203125,311137.65625,1203416.625,260390.515625,363491.34375
2021-04-29,73668.9921875,142915.140625,13580.345703125,42032.30078125,175711.71875,311555.34375,1217109.125,267141.375,356678.90625
2021-04-30,73488.6484375,145763.9375,13388.396484375,42656.1640625,171268.46875,304037.9375,1223194.625,260872.71875,349866.53125
2021-05-03,73668.9921875,145289.140625,12284.6943359375,41876.33984375,176115.65625,307379.03125,1176031.75,260390.515625,353272.71875
2021-05-04,74480.5390625,142440.34375,12140.732421875,41564.41015625,180558.96875,314478.8125,1162339.25,260390.515625,354732.53125
2021-05-06,74210.0234375,145289.140625,11996.771484375,44839.65625,180558.96875,330348.90625,1191245.625,266659.1875,351812.875
2021-05-07,73849.34375,146713.546875,12140.732421875,45463.5,180962.890625,332437.0625,1223194.625,267141.375,351326.34375
2021-05-10,75021.5625,151461.578125,12572.6162109375,46399.30078125,185406.140625,339954.46875,1241451.375,275821.0625,352299.53125
2021-05-11,73218.1484375,152411.15625,12476.642578125,46555.25390625,182982.5625,342042.6875,1242972.75,281125.34375,339647.875
2021-05-12,72136.109375,145763.9375,12092.7451171875,45541.48828125,183790.4375,333272.375,1302306.75,282089.6875,333808.65625
2021-05-13,70783.5625,141490.734375,11948.7841796875,45853.42578125,185406.140625,320325.75,1317520.625,279678.6875,328456.0625
2021-05-14,72226.265625,141015.921875,11804.8232421875,44917.63671875,185002.25,317402.28125,1442274.375,281125.34375,333322.03125
2021-05-17,71775.4375,145289.140625,11996.771484375,45151.58203125,183386.484375,306543.71875,1329691.75,284018.5625,334781.84375
2021-05-18,71775.4375,146238.75,12092.7451171875,45853.42578125,186617.96875,321996.1875,1360119.5,283536.375,340134.46875
2021-05-20,71685.2578125,138641.9375,13244.435546875,45229.5625,181366.8125,304873.15625,1355555.25,279678.6875,341594.25
2021-05-21,72226.265625,135793.109375,13340.41015625,43903.875,183790.4375,300696.84375,1309913.75,273410.0,350353.125
2021-05-24,71865.6015625,140541.125,13964.2421875,44371.76953125,184194.359375,296938.15625,1305349.5,275821.0625,345973.6875
2021-05-25,72045.9453125,139116.734375,14108.203125,45307.5390625,183790.4375,299026.3125,1293178.5,280643.125,348406.6875
2021-05-26,71955.7890625,139116.734375,15451.841796875,44605.71484375,180558.96875,291508.875,1270357.625,286429.5625,353272.71875
2021-05-27,71775.4375,135318.328125,16123.6611328125,43202.02734375,178135.328125,300696.84375,1242972.75,278714.3125,348406.6875
2021-05-28,72226.265625,135793.109375,17131.388671875,44449.75,187425.859375,298191.0625,1258186.625,276785.46875,348406.6875
2021-05-31,72586.9453125,135318.328125,19098.859375,45853.42578125,189849.453125,296520.5625,1285571.5,276785.46875,352786.125
2021-06-01,72677.1328125,141490.734375,18954.8984375,45853.42578125,191465.203125,292344.15625,1265793.5,274856.6875,357165.53125
2021-06-02,72857.46875,141965.53125,21162.3046875,45931.40625,192273.046875,294849.96875,1244494.125,274856.6875,353272.71875
2021-06-03,74660.875,138167.109375,21834.123046875,45463.5,192677.0,289420.65625,1253622.375,270034.625,352299.53125
2021-06-04,74119.859375,137217.53125,24089.517578125,44917.63671875,195100.625,289838.3125,1277964.625,270034.625,347433.5
2021-06-07,73849.34375,135793.109375,30711.734375,45229.5625,195100.625,283573.875,1281007.375,264248.15625,352786.125
2021-06-08,73849.34375,132944.3125,24329.453125,45151.58203125,196716.34375,284826.78125,1300785.375,265212.5625,352786.125
2021-06-09,73128.0,131045.109375,25049.2578125,44371.76953125,193484.890625,278562.21875,1268836.25,270999.03125,348893.25
2021-06-10,73037.8046875,131994.71875,22457.95703125,44605.71484375,190657.34375,278979.8125,1300785.375,271481.25,363491.34375
2021-06-11,73037.8046875,132944.3125,22793.865234375,44449.75,192677.0,291926.5,1285571.5,267141.375,362518.15625
2021-06-14,72586.9453125,131519.90625,22601.91796875,43825.87890625,192273.046875,287750.15625,1297742.625,268588.03125,376629.59375
2021-06-15,72947.65625,129620.6953125,22649.904296875,43591.94140625,191465.203125,285662.03125,1281007.375,271963.4375,376629.59375
2021-06-16,73759.171875,130570.3203125,23465.685546875,44371.76953125,193484.890625,288167.8125,1267314.875,273892.21875,380522.40625
2021-06-17,72947.65625,127246.703125,23129.775390625,44371.76953125,191061.28125,284826.78125,1267314.875,274374.5,379062.625
2021-06-18,72586.9453125,125822.296875,24233.478515625,44293.77734375,189849.453125,283991.46875,1271879.0,271481.25,387334.84375
2021-06-21,72045.9453125,129145.90625,24761.3359375,42968.09375,188233.703125,280232.6875,1299264.0,268105.78125,386361.625
2021-06-22,72136.109375,128196.296875,25673.091796875,43513.953125,194696.671875,284826.78125,1287092.875,265212.5625,380522.40625
2021-06-23,72226.265625,124872.6953125,24953.28515625,43280.015625,195908.46875,282738.5625,1303828.125,250746.421875,412151.46875
2021-06-24,73218.1484375,125822.296875,23657.6328125,43747.90234375,195908.46875,292344.15625,1300785.375,250746.421875,408258.65625
2021-06-25,73578.8125,127246.703125,23753.607421875,44683.68359375,196312.390625,294014.625,1291657.125,246888.796875,399013.28125
2021-06-28,73849.34375,129145.90625,22793.865234375,44605.71484375,194696.671875,295685.1875,1282528.75,244959.96875,397066.8125
2021-06-29,73361.1640625,127721.5078125,23225.75,44329.14453125,194291.078125,293150.71875,1287092.875,246406.5625,400473.03125
2021-06-30,73089.4765625,127246.703125,22889.83984375,44092.0859375,194291.078125,293995.53125,1279486.0,243031.15625,406312.3125
2021-07-01,72546.0390625,125347.5,23849.58203125,43222.89453125,196319.171875,291461.125,1300785.375,239173.515625,401932.875
2021-07-02,72455.484375,128671.1015625,23753.607421875,43064.8515625,193885.4375,290616.375,1300785.375,240620.140625,402906.09375
2021-07-05,72817.765625,126297.09375,23945.556640625,42669.765625,191451.71875,291461.125,1319042.0,239173.515625,399013.28125
2021-07-06,73542.3046875,126297.09375,25001.271484375,42511.72265625,191451.71875,289349.125,1293178.5,237244.6875,398526.6875
2021-07-07,73180.03125,122498.6875,24329.453125,41721.55078125,188206.796875,286814.65625,1285571.5,235315.875,406312.3125
2021-07-08,72364.9140625,119649.8828125,24233.478515625,41326.45703125,186178.703125,286814.65625,1312956.5,238691.296875,410691.6875
2021-07-09,71912.0703125,118225.4765625,25049.2578125,39825.1171875,183339.359375,285547.46875,1303828.125,230976.015625,404365.875
2021-07-12,72183.78125,120599.4921875,24473.4140625,40694.3046875,186584.3125,291038.6875,1323606.25,232904.84375,407285.46875
2021-07-13,72274.359375,121074.28125,24473.4140625,41247.44140625,186584.3125,291461.125,1315999.25,234351.46875,429182.5
2021-07-14,72002.6328125,121074.28125,24857.310546875,40694.3046875,186584.3125,288081.9375,1314477.875,232422.640625,432102.15625
2021-07-15,72998.8984375,121074.28125,25001.271484375,40931.36328125,187801.15625,292305.9375,1329691.75,236280.296875,436968.1875
2021-07-16,72274.359375,119649.8828125,24089.517578125,41484.49609375,186584.3125,288081.9375,1367726.375,235798.078125,435021.75
2021-07-19,71549.78125,116801.078125,23801.59375,40378.234375,184556.234375,282590.5625,1393590.0,231940.453125,431128.96875
2021-07-20,71549.78125,116326.28125,24089.517578125,40141.1875,184150.609375,278788.9375,1389025.75,231458.25,427236.15625
2021-07-21,71096.9453125,121549.0859375,23417.697265625,39983.15234375,184961.84375,279211.34375,1370769.125,231458.25,416530.9375
2021-07-22,72183.78125,122023.890625,22553.9296875,40931.36328125,185367.453125,292305.9375,1344905.625,232422.640625,428209.34375
2021-07-23,71821.5078125,125347.5,22457.95703125,41247.44140625,182933.75,298642.125,1358598.125,226153.984375,439887.78125
2021-07-26,71368.640625,124397.890625,21882.111328125,40931.36328125,182122.53125,299064.4375,1360119.5,225671.78125,439887.78125
2021-07-27,71096.9453125,123448.2890625,22026.072265625,41168.41796875,182528.125,307935.0625,1381418.875,228565.0,439887.78125
2021-07-28,71730.90625,126297.09375,21642.17578125,41484.49609375,180500.03125,310469.5,1378376.125,228082.8125,430155.78125
2021-07-29,71549.78125,128196.296875,21642.17578125,41563.515625,180094.4375,303288.59375,1385983.0,220849.75,427722.75
2021-07-30,71096.9453125,123923.09375,20874.3828125,40536.28125,176849.46875,309624.6875,1354033.875,213616.65625,421883.5
2021-08-02,71821.5078125,123448.2890625,20922.369140625,40220.19921875,178471.96875,304133.375,1389025.75,212652.25,421883.5
2021-08-03,73723.453125,122973.4921875,19866.654296875,40773.328125,181311.265625,288081.9375,1382940.25,213134.46875,416530.9375
2021-08-04,75081.9765625,125822.296875,20778.408203125,41642.52734375,182528.125,292728.375,1373812.0,219403.125,421396.9375
2021-08-05,74357.4453125,123448.2890625,20778.408203125,41089.40234375,180905.65625,290616.375,1387504.375,223742.96875,430642.34375
2021-08-06,73814.0078125,123448.2890625,21498.21484375,41247.44140625,180500.03125,288081.9375,1398154.125,220367.546875,432588.78125
2021-08-09,73814.0078125,118700.2890625,20586.458984375,41879.5859375,179283.1875,285125.0,1382940.25,218438.703125,435508.40625
2021-08-10,72636.6171875,118225.4765625,20634.447265625,41326.45703125,177660.703125,285125.0,1440753.0,219403.125,434535.1875
2021-08-11,71096.9453125,114901.875,20490.486328125,42353.69140625,177255.09375,291883.5625,1483351.75,215545.484375,433075.34375
2021-08-12,69738.3984375,113952.265625,20826.39453125,42195.65625,177660.703125,285547.46875,1478787.625,216509.90625,428695.9375
2021-08-13,67383.6015625,113002.6640625,19962.626953125,42037.62109375,176038.25,288081.9375,1495522.875,212652.25,424803.15625
2021-08-17,67202.4453125,109679.0546875,19818.666015625,42037.62109375,172793.265625,278366.53125,1539643.0,209276.828125,417017.5
2021-08-18,66930.7578125,110628.6640625,20058.6015625,41879.5859375,172387.671875,277944.09375,1510736.75,214581.09375,417504.125
2021-08-19,66206.203125,104931.0390625,18714.962890625,40536.28125,167520.265625,264849.46875,1483351.75,206383.59375,413124.71875
2021-08-20,65843.9140625,103981.4453125,18714.962890625,40141.1875,163464.109375,260203.015625,1500087.0,207830.21875,411178.3125
2021-08-23,66387.3359375,109679.0546875,19002.88671875,40378.234375,165492.15625,261470.25,1535078.875,210241.25,417990.71875
2021-08-24,68470.4375,113477.46875,19914.640625,41484.49609375,169953.984375,270340.8125,1454445.375,217474.3125,425776.34375
2021-08-25,68561.0234375,112527.8671875,20010.615234375,42432.7109375,169953.984375,275409.6875,1465095.125,212652.25,418963.90625
2021-08-26,67564.7421875,111103.4609375,19290.80859375,42827.8046875,170359.59375,271608.0,1451402.625,212652.25,412151.46875
2021-08-27,67293.03125,111578.265625,19626.71875,43222.89453125,169142.75,266116.6875,1440753.0,217474.3125,408745.3125
2021-08-30,67564.7421875,111578.265625,19578.73046875,41484.49609375,170359.59375,280478.53125,1440753.0,214581.09375,416530.9375
2021-08-31,69466.6796875,112527.8671875,20058.6015625,41800.56640625,172387.671875,284702.59375,1468137.875,219403.125,427236.15625
2021-09-01,69557.265625,108254.6640625,21018.34375,41958.59765625,174415.796875,285125.0,1463573.75,219403.125,433075.34375
2021-09-02,68832.7109375,108254.6640625,20442.498046875,41958.59765625,171576.421875,289349.125,1442274.375,216509.90625,430642.34375
2021-09-03,69376.1171875,107779.859375,20874.3828125,41800.56640625,174010.125,293995.53125,1446838.5,216509.90625,440374.40625
2021-09-06,70010.125,108254.6640625,20970.357421875,40931.36328125,174415.796875,294840.40625,1451402.625,217956.5,441834.1875
2021-09-07,68923.28125,110628.6640625,21018.34375,40615.2890625,172387.671875,304555.75,1445317.125,218920.921875,432588.78125
2021-09-08,69104.421875,107779.859375,20298.537109375,41484.49609375,172793.265625,305400.5625,1416410.75,198668.328125,398526.6875
2021-09-09,68198.7265625,103031.84375,20058.6015625,40931.36328125,169142.75,303711.0,1389025.75,187095.40625,388308.0
2021-09-10,68198.7265625,108254.6640625,19578.73046875,40694.3046875,167520.265625,304133.375,1407282.5,187577.625,399013.28125
2021-09-13,69104.421875,108729.453125,19482.755859375,40931.36328125,166303.40625,316805.65625,1389025.75,184202.15625,397066.8125
2021-09-14,69376.1171875,112527.8671875,20154.576171875,41326.45703125,169548.375,309624.6875,1389025.75,184684.390625,391714.28125
2021-09-15,69738.3984375,111578.265625,20202.5625,41642.52734375,169953.984375,305400.5625,1424017.75,185166.578125,389767.8125
2021-09-16,68923.28125,112527.8671875,20970.357421875,41168.41796875,168737.125,307935.0625,1393590.0,184202.15625,391227.625
2021-09-17,69919.546875,100183.0390625,20778.408203125,41168.41796875,169548.375,306245.40625,1419453.5,183237.78125,392200.84375
2021-09-23,70100.65625,95909.828125,20250.55078125,40694.3046875,169142.75,292728.375,1399675.5,182755.546875,389281.21875
2021-09-24,70010.125,96859.421875,19722.69140625,41879.5859375,167925.890625,291461.125,1402718.25,177933.515625,394633.84375
2021-09-27,70372.3828125,97334.234375,19818.666015625,41800.56640625,165492.15625,287237.09375,1399675.5,177451.328125,392200.84375
2021-09-28,69104.421875,96384.625,20154.576171875,43064.8515625,163464.109375,283435.40625,1325127.625,171664.859375,381982.25
2021-09-29,67430.9140625,96384.625,19626.71875,43617.98046875,163464.109375,283006.625,1329691.75,173593.671875,376629.59375
2021-09-30,67430.9140625,96859.421875,19722.69140625,43697.0,162247.25,283006.625,1329691.75,172147.078125,377602.78125
2021-10-01,66611.921875,92111.4140625,18906.912109375,43617.98046875,156974.1875,277861.0625,1331213.125,167325.015625,371763.5625
2021-10-05,65701.9140625,91541.65625,18714.962890625,43301.9140625,156974.1875,276145.8125,1235365.75,171664.859375,360571.75
2021-10-06,64882.94140625,89547.4921875,17419.3125,42827.8046875,157379.8125,271857.84375,1203416.625,171182.65625,363004.71875
2021-10-07,65155.921875,92111.4140625,18235.091796875,44092.0859375,163058.453125,274001.84375,1239929.875,175522.5,382955.40625
2021-10-08,65064.91796875,89072.6875,18331.06640625,43538.9765625,166303.40625,274430.6875,1262750.75,175040.296875,378089.375
2021-10-12,62789.93359375,88882.7734375,18187.10546875,43143.87109375,165897.796875,276145.8125,1268836.25,168289.421875,362031.53125
2021-10-13,62607.9375,90876.9296875,20874.3828125,42432.7109375,171170.828125,278718.625,1261229.375,169253.84375,371763.5625
2021-10-14,63153.93359375,91161.8125,21546.201171875,43143.87109375,169548.375,280862.65625,1306871.0,176486.90625,384415.1875
2021-10-15,63790.91796875,92396.296875,22505.943359375,44092.0859375,169142.75,281291.4375,1322084.75,179862.328125,382955.40625
2021-10-18,63881.9375,90971.8984375,22170.033203125,44171.10546875,169953.984375,274001.84375,1305349.5,181791.171875,385875.03125
2021-10-19,64245.93359375,92016.453125,22074.05859375,43776.01171875,169548.375,274430.6875,1320563.375,183237.78125,396580.21875
2021-10-20,63972.9140625,91541.65625,20922.369140625,44329.14453125,169548.375,265425.90625,1331213.125,185648.796875,396580.21875
2021-10-21,63881.9375,92396.296875,22170.033203125,45356.3828125,168331.53125,266712.34375,1320563.375,179380.140625,399499.84375
2021-10-22,64063.92578125,91731.578125,21690.162109375,45514.41796875,168331.53125,260280.28125,1338820.0,179862.328125,396580.21875
2021-10-25,63881.9375,96384.625,24713.349609375,46699.68359375,171170.828125,268427.5,1334255.875,185648.796875,391714.28125
2021-10-26,64700.94140625,98758.6328125,25049.2578125,46699.68359375,173198.90625,270142.6875,1337298.625,183237.78125,401446.25
2021-10-27,63790.91796875,99233.4375,24665.361328125,46304.59375,173198.90625,264139.53125,1366205.0,176969.109375,403392.65625
2021-10-28,64336.9375,96859.421875,23225.75,45672.453125,170359.59375,258136.390625,1347948.375,178897.9375,401932.875
2021-10-29,63517.9375,97809.03125,23417.697265625,44724.23046875,168737.125,253848.3125,1325127.625,175040.296875,396093.65625
2021-11-01,63608.92578125,99233.4375,23081.7890625,44882.26953125,168737.125,254277.171875,1329691.75,184202.15625,397553.4375
2021-11-02,65064.91796875,98283.828125,24089.517578125,45040.30859375,170359.59375,255563.5625,1329691.75,183719.984375,399013.28125
2021-11-03,64063.92578125,97334.234375,23609.646484375,43776.01171875,169142.75,257707.515625,1329691.75,182273.359375,391714.28125
2021-11-04,64245.93359375,96859.421875,25193.220703125,44250.12890625,173604.5625,255134.78125,1315999.25,180344.546875,400473.03125
2021-11-05,63881.9375,97334.234375,25433.15625,43538.9765625,174415.796875,244414.765625,1314477.875,181308.953125,399499.84375
2021-11-08,64245.93359375,97334.234375,25481.142578125,43697.0,174415.796875,243986.0,1252101.0,179862.328125,397066.8125
2021-11-09,64154.94140625,95909.828125,25337.181640625,44092.0859375,172793.265625,244414.765625,1256665.125,179862.328125,406312.3125
2021-11-10,63881.9375,94105.578125,24665.361328125,44092.0859375,169142.75,234981.234375,1247536.875,173593.671875,403392.65625
2021-11-11,63608.92578125,94010.625,24761.3359375,44171.10546875,166303.40625,235410.03125,1246015.5,176486.90625,396093.65625
2021-11-12,64245.93359375,96384.625,25145.232421875,44566.19921875,168737.125,244414.765625,1267314.875,178415.71875,398040.03125
2021-11-15,64973.921875,97334.234375,24521.400390625,44487.1875,169548.375,244414.765625,1314477.875,177933.515625,399986.46875
2021-11-16,64882.94140625,95909.828125,24665.361328125,44961.296875,167520.265625,243128.4375,1326649.0,178415.71875,394633.84375
2021-11-17,64336.9375,93630.7890625,24377.439453125,44171.10546875,167925.890625,236696.453125,1293178.5,175522.5,390254.4375
2021-11-18,63881.9375,91731.578125,23465.685546875,44092.0859375,166303.40625,234981.234375,1279486.0,169253.84375,396093.65625
2021-11-19,64791.9140625,91921.5,23081.7890625,44803.2578125,169953.984375,238411.640625,1357076.75,171664.859375,393174.03125
2021-11-22,68158.9140625,93061.0234375,22745.87890625,44566.19921875,177255.09375,240984.4375,1332734.5,172147.078125,399013.28125
2021-11-23,68522.921875,93155.984375,22697.890625,45119.328125,174415.796875,245701.140625,1300785.375,170700.453125,389281.21875
2021-11-24,68067.921875,91351.734375,23033.80078125,45514.41796875,171982.046875,240555.65625,1291657.125,167807.234375,384415.1875
2021-11-25,67066.921875,92016.453125,22361.982421875,45119.328125,170359.59375,237554.0625,1288614.25,167325.015625,386361.625
2021-11-26,65792.9296875,88692.8515625,22122.046875,44092.0859375,166709.015625,233266.03125,1323606.25,163467.390625,379062.625
2021-11-29,65792.9296875,86413.8046875,19098.859375,43697.0,162652.859375,226834.078125,1344905.625,160574.15625,376143.0
2021-11-30,64882.94140625,83090.1953125,18235.091796875,41721.55078125,158596.640625,223832.484375,1352512.5,151412.265625,370790.34375
2021-12-01,67703.9296875,86223.8828125,19098.859375,42590.7421875,163058.453125,237554.0625,1355555.25,154787.6875,379549.1875
2021-12-02,68977.921875,90592.0546875,19050.873046875,43459.9453125,166709.015625,241413.21875,1357076.75,158163.125,387821.40625
2021-12-03,68795.9296875,89832.375,19338.794921875,45040.30859375,167114.65625,243557.15625,1369247.75,161056.34375,391227.625
2021-12-06,69432.921875,90307.171875,19914.640625,45040.30859375,167520.265625,246129.96875,1370769.125,166360.609375,381495.5625
2021-12-07,70433.90625,92681.171875,19914.640625,45356.3828125,168331.53125,247416.390625,1334255.875,170700.453125,380522.40625
2021-12-08,70433.90625,92206.375,20346.5234375,45435.40234375,168331.53125,248702.828125,1390547.25,164914.0,384415.1875
2021-12-09,71161.9140625,93820.6953125,20778.408203125,45514.41796875,167925.890625,252990.75,1393590.0,171182.65625,388794.65625
2021-12-10,69978.921875,93915.6640625,21114.318359375,45751.46875,168331.53125,241413.21875,1370769.125,172629.265625,384415.1875
2021-12-13,69887.9296875,93345.8984375,21402.240234375,45435.40234375,169548.375,246129.96875,1326649.0,172147.078125,380035.78125
2021-12-14,70069.9140625,92301.3359375,20730.421875,45356.3828125,171170.828125,247416.390625,1354033.875,175040.296875,381495.5625
2021-12-15,70615.921875,92871.1015625,20826.39453125,45277.3515625,169548.375,241842.0,1375333.375,182755.546875,377116.21875
2021-12-16,70797.90625,92966.0546875,20634.447265625,44724.23046875,169953.984375,243128.4375,1457488.25,173593.671875,377116.21875
2021-12-17,70979.921875,94675.34375,20826.39453125,46146.55859375,169953.984375,250417.953125,1452924.0,173111.484375,374196.59375
2021-12-20,70160.9375,90307.171875,20922.369140625,44882.26953125,166303.40625,240555.65625,1422496.25,170218.25,363004.71875
2021-12-21,71070.921875,90497.09375,20442.498046875,45198.3515625,166303.40625,240555.65625,1413368.0,170218.25,364951.15625
2021-12-22,72253.9296875,88977.7265625,19818.666015625,45119.328125,167520.265625,241842.0,1370769.125,169736.03125,368357.375
2021-12-23,72708.921875,89452.5390625,19578.73046875,45356.3828125,169548.375,243128.4375,1363162.25,170700.453125,367870.75
2021-12-24,73254.9140625,88977.7265625,19434.76953125,45356.3828125,174821.40625,243557.15625,1346427.0,169253.84375,373709.96875
2021-12-27,72981.921875,88313.0078125,19338.794921875,44803.2578125,173198.90625,241413.21875,1347948.375,168289.421875,370303.78125
2021-12-28,73072.921875,88787.8125,19914.640625,44882.26953125,173604.5625,243128.4375,1355555.25,170218.25,374196.59375
2021-12-29,72031.75,90971.8984375,20682.43359375,45531.546875,175257.90625,243564.90625,1354033.875,169713.953125,372258.3125
2021-12-30,71574.6953125,89832.375,20400.0,45202.80078125,172777.859375,239636.453125,1373812.0,161955.59375,368847.5625
2022-01-04,71940.3515625,93725.7421875,20650.0,46353.41015625,173604.53125,250112.296875,1350991.125,161470.703125,356179.0625
2022-01-05,70751.9765625,93440.859375,20750.0,46517.7890625,176497.9375,257969.296875,1309913.75,157106.625,345946.875
2022-01-06,70294.953125,96859.421875,20050.0,45860.30078125,176911.3125,265826.15625,1274921.875,158561.3125,329867.625
2022-01-07,71574.6953125,95435.03125,20250.0,45778.109375,177738.015625,266262.78125,1284050.125,155651.9375,329380.40625
2022-01-10,71300.453125,97334.234375,20550.0,47504.03515625,173191.1875,265389.6875,1271879.0,147408.6875,326456.90625
2022-01-11,72123.1640625,94865.265625,20550.0,49312.1484375,174017.875,261897.75,1267314.875,148378.484375,326456.90625
2022-01-12,72123.1640625,95435.03125,20900.0,50873.6875,174844.5625,266699.1875,1303828.125,150318.0625,336689.125
2022-01-13,71209.0625,93915.6640625,20700.0,51202.4453125,173604.53125,267572.1875,1315999.25,148863.390625,339125.375
2022-01-14,70660.59375,92396.296875,20150.0,51120.26171875,172777.859375,261024.703125,1293178.5,147408.6875,333278.40625
2022-01-17,70843.40625,88597.890625,19800.0,50298.3828125,169471.09375,255350.28125,1256665.125,144984.203125,334740.125
2022-01-18,70386.3515625,85749.0859375,19050.0,50709.31640625,167404.359375,249675.8125,1226237.5,145469.109375,329380.40625
2022-01-19,69746.4765625,86698.6796875,19100.0,50873.6875,165751.015625,248366.34375,1241451.375,145469.109375,324020.65625
2022-01-20,69929.3046875,85464.203125,18650.0,48901.21484375,166991.03125,249675.8125,1241451.375,152257.65625,326456.90625
2022-01-21,69106.6015625,85084.3671875,18450.0,49558.70703125,165337.671875,246183.859375,1244494.125,154682.140625,324507.90625
2022-01-24,68649.546875,81285.953125,18000.0,48325.90234375,162857.609375,239636.453125,1233844.375,149833.1875,320122.625
2022-01-25,67644.03125,78816.984375,17200.0,46928.73046875,160790.859375,232652.484375,1186681.375,145953.984375,313788.40625
2022-01-26,67644.03125,78816.984375,17200.0,46928.73046875,160790.859375,232652.484375,1186681.375,145953.984375,313788.40625
2022-01-27,65175.9453125,73879.046875,17800.0,47668.40234375,154177.359375,224795.5625,1083227.125,144984.203125,295272.96875
2022-01-28,67004.140625,75683.296875,17700.0,48901.21484375,154177.359375,231343.03125,1124304.625,150318.0625,302094.4375
2022-02-03,67004.140625,76632.90625,17950.0,48819.01953125,158310.796875,233961.984375,1174510.375,149348.28125,312326.6875
2022-02-04,67644.03125,78057.296875,18050.0,50051.83203125,157070.78125,234398.484375,1169946.125,155167.046875,319148.1875
2022-02-07,66729.921875,78152.265625,17300.0,50298.3828125,154177.359375,234398.484375,1160817.875,154682.140625,318660.90625
2022-02-08,66729.921875,78152.265625,17300.0,50298.3828125,154177.359375,234398.484375,1160817.875,154682.140625,318660.90625
2022-02-09,66729.921875,78152.265625,17300.0,50298.3828125,154177.359375,234398.484375,1160817.875,154682.140625,318660.90625
2022-02-10,68923.765625,80241.390625,17400.0,53832.421875,153350.703125,244437.890625,1180595.875,173108.25,323046.1875
2022-02-11,68466.71875,78816.984375,17350.0,54078.984375,151283.953125,253167.84375,1147125.375,169713.953125,319148.1875
2022-02-14,67369.78125,77297.6171875,15600.0,53092.7421875,145910.484375,247929.8125,1160817.875,167289.46875,313788.40625
2022-02-15,67369.78125,77202.671875,15450.0,53010.5546875,149217.25,244874.390625,1125826.0,174562.921875,310377.6875
2022-02-16,68375.3203125,78342.1875,16350.0,53092.7421875,150457.25,244874.390625,1151689.5,175532.71875,316224.6875
2022-02-17,68558.1328125,78532.1015625,16850.0,53503.6796875,151697.3125,247056.828125,1156253.625,181836.390625,316224.6875
2022-02-18,67918.265625,79766.5859375,18500.0,52353.05859375,151697.3125,245747.390625,1151689.5,184260.875,309890.40625
2022-02-21,67918.265625,79766.5859375,18500.0,52353.05859375,151697.3125,245747.390625,1166903.375,184260.875,309890.40625
2022-02-22,67918.265625,79766.5859375,18500.0,52353.05859375,151697.3125,245747.390625,1179074.5,184260.875,309890.40625
2022-02-23,67918.265625,79766.5859375,18500.0,52353.05859375,151697.3125,245747.390625,1169946.125,184260.875,309890.40625
2022-02-24,65358.74609375,82330.515625,18100.0,50134.015625,143017.078125,242691.90625,1156253.625,178442.109375,294785.6875
2022-02-25,65724.390625,82995.234375,18900.0,48408.08984375,143843.78125,240509.390625,1169946.125,174078.03125,306479.65625
2022-02-28,65724.390625,82995.234375,18900.0,48408.08984375,143843.78125,240509.390625,1169946.125,174078.03125,306479.65625
2022-03-02,65541.5703125,86983.5625,21150.0,47093.08984375,140950.359375,247493.375,1180827.625,179896.796875,308915.90625
2022-03-03,66638.515625,86888.609375,21250.0,47997.16015625,146737.171875,253604.34375,1210040.75,180866.578125,317199.15625
2022-03-04,66638.515625,86888.609375,21250.0,47997.16015625,146737.171875,253604.34375,1210040.75,180866.578125,317199.15625
2022-03-07,64078.99609375,87838.203125,21250.0,45202.80078125,138883.640625,249239.359375,1174677.5,174078.03125,299170.90625
2022-03-08,63530.5390625,86508.765625,20800.0,43723.4375,138883.640625,241382.421875,1182365.125,168744.171875,296734.6875
2022-03-10,63530.5390625,86508.765625,20800.0,43723.4375,138883.640625,241382.421875,1182365.125,168744.171875,296734.6875
2022-03-11,63987.5859375,86508.765625,20800.0,43723.4375,138883.640625,246183.859375,1210040.75,162440.515625,296734.6875
2022-03-14,64170.421875,88218.046875,23350.0,45860.30078125,135990.21875,250548.828125,1228491.25,149348.28125,320609.90625
2022-03-15,64170.421875,88218.046875,23350.0,45860.30078125,135990.21875,250548.828125,1228491.25,148863.390625,320609.90625
2022-03-16,64353.234375,88218.046875,23350.0,45860.30078125,135990.21875,247056.828125,1228491.25,150318.0625,320609.90625
2022-03-17,64353.234375,88218.046875,23350.0,45860.30078125,135990.21875,247056.828125,1228491.25,149348.28125,320609.90625
2022-03-18,64627.48828125,84514.6015625,22400.0,47257.47265625,141363.6875,250548.828125,1273079.75,146438.890625,335714.625
2022-03-21,63896.17578125,84514.6015625,22400.0,47257.47265625,141363.6875,250548.828125,1273079.75,146438.890625,335714.625
2022-03-22,64261.81640625,86223.8828125,21700.0,48161.52734375,143430.421875,255786.765625,1285380.0,150318.0625,330842.125
2022-03-23,64444.65625,86698.6796875,21850.0,50216.203125,145497.125,267572.1875,1283842.5,151772.765625,336689.125
2022-03-24,63804.77734375,86888.609375,22700.0,50462.765625,145497.125,265389.6875,1266929.625,150802.96875,331329.375
2022-03-25,63804.77734375,85939.0,22150.0,50051.83203125,143843.78125,261461.25,1259241.875,150802.96875,324507.90625
2022-03-28,63713.37109375,86128.921875,21900.0,50298.3828125,144257.109375,261461.25,1265392.125,148378.484375,323046.1875
2022-03-29,64170.421875,84894.4375,21100.0,49805.26171875,145910.484375,261024.703125,1273079.75,154197.265625,325482.375
2022-03-30,64226.46484375,84704.5234375,20400.0,49722.39453125,149630.578125,256600.609375,1297680.375,155167.046875,330354.875
2022-03-31,63950.8125,84419.640625,20450.0,50799.71484375,149217.25,259255.078125,1271542.25,155167.046875,331816.625
2022-04-01,63491.39453125,81760.75,20300.0,50385.3515625,147150.53125,254830.96875,1260779.5,160500.921875,326944.125
2022-04-04,63675.1640625,82140.59375,21000.0,50633.97265625,147150.53125,260139.921875,1254629.375,161955.59375,329380.40625
2022-04-05,63583.29296875,82805.3125,21000.0,49308.046875,147977.1875,256158.203125,1250016.75,161955.59375,333765.59375
2022-04-06,62940.09375,81475.875,20550.0,49473.79296875,148803.859375,252176.484375,1250016.75,157106.625,321584.375
2022-04-07,62480.67578125,78152.265625,20500.0,48230.7265625,147563.859375,248194.734375,1245404.125,151287.875,312813.875
2022-04-08,62296.90625,78247.2265625,20700.0,48230.7265625,145910.484375,250406.765625,1243866.625,149348.28125,308428.65625
2022-04-11,62388.79296875,79956.5078125,20200.0,49390.9140625,148390.53125,253061.234375,1231566.25,151287.875,305017.9375
2022-04-12,61561.8359375,81380.9140625,20100.0,49390.9140625,147150.53125,249521.9375,1214653.375,153227.46875,300632.71875
2022-04-13,63123.875,87173.484375,20750.0,49473.79296875,149630.578125,252618.859375,1242329.0,156621.734375,302581.6875
2022-04-14,62021.265625,87363.40625,20850.0,49556.65234375,146737.171875,253061.234375,1289992.625,158076.4375,305017.9375
2022-04-15,61194.3125,92776.140625,20950.0,49225.171875,146323.828125,249964.375,1283842.5,156621.734375,300632.71875
2022-04-18,61286.1875,89167.65625,21300.0,49390.9140625,147563.859375,250406.765625,1279229.875,162925.390625,298683.6875
2022-04-19,61837.50390625,92491.265625,21350.0,49473.79296875,149630.578125,255273.375,1268467.125,160985.8125,304043.40625
2022-04-20,61929.37109375,91826.5390625,21650.0,49722.39453125,151283.953125,256158.203125,1237716.375,161470.703125,307454.1875
2022-04-21,62205.0234375,91066.859375,21750.0,49971.0078125,151283.953125,264564.0625,1239254.0,162440.515625,301607.15625
2022-04-22,61561.8359375,91446.6953125,21150.0,51296.9296875,148803.859375,261467.171875,1231566.25,163410.28125,292349.46875
2022-04-25,60918.65625,90212.2109375,20400.0,49722.39453125,150457.25,253061.234375,1219266.0,153712.359375,281142.71875
2022-04-26,60734.90234375,88692.8515625,20500.0,49722.39453125,154590.71875,251291.59375,1236178.875,156136.84375,279681.0
2022-04-27,59724.19140625,88882.7734375,20600.0,47982.1171875,154590.71875,245982.65625,1245404.125,158076.4375,273346.75
2022-04-28,59540.41015625,90307.171875,21150.0,48976.5546875,155830.734375,256600.609375,1283842.5,172623.328125,273346.75
2022-04-29,61929.37109375,87173.484375,20600.0,48479.3359375,153763.984375,255715.78125,1288455.125,175532.71875,279193.6875
2022-05-02,61837.50390625,87078.5234375,20450.0,48313.5859375,154590.71875,259255.078125,1288455.125,173593.125,273834.0
2022-05-03,62021.265625,85654.125,20800.0,48562.20703125,151697.3125,255715.78125,1279229.875,167289.46875,274808.46875
2022-05-04,62388.79296875,83944.84375,21000.0,49639.5234375,152110.625,257927.8125,1253091.75,163410.28125,274808.46875
2022-05-06,61102.42578125,84229.71875,20850.0,49390.9140625,150870.609375,253061.234375,1220803.5,161470.703125,265063.46875
2022-05-10,60367.36328125,82425.4765625,20450.0,48064.98046875,149217.25,244212.953125,1226953.625,162440.515625,268961.5
2022-05-11,60367.36328125,81855.7109375,20100.0,47153.41015625,151283.953125,242885.734375,1219266.0,163410.28125,271884.96875
2022-05-12,59632.296875,82425.4765625,18750.0,47816.3671875,149217.25,241558.515625,1211578.375,158561.3125,263114.5
2022-05-13,61102.42578125,87078.5234375,19650.0,48313.5859375,154177.359375,248194.734375,1206965.75,160016.015625,267499.71875
2022-05-16,60918.65625,86318.84375,20050.0,48645.0703125,152110.625,248637.125,1183902.625,157106.625,266525.25
2022-05-17,62113.1484375,86223.8828125,20550.0,48064.98046875,153350.703125,254388.546875,1177752.5,152257.65625,268474.25
2022-05-18,62572.55859375,84134.7578125,19850.0,48064.98046875,153350.703125,254830.96875,1219266.0,151287.875,269448.71875
2022-05-19,62021.265625,82045.640625,19800.0,46987.6640625,150457.25,252176.484375,1223878.625,148378.484375,264576.25
2022-05-20,62480.67578125,83659.953125,20600.0,47899.2421875,154177.359375,257927.8125,1242329.0,148863.390625,267987.0
2022-05-23,62388.79296875,83849.8828125,20400.0,48313.5859375,155417.421875,258812.578125,1259241.875,153227.46875,270423.25
2022-05-24,61102.42578125,82140.59375,20150.0,49225.171875,152937.34375,255715.78125,1242329.0,150318.0625,259216.515625
2022-05-25,61010.54296875,82235.546875,20050.0,49390.9140625,151697.3125,257043.046875,1277692.375,152257.65625,259216.515625
2022-05-26,60551.13671875,84324.6796875,20000.0,49059.43359375,152110.625,260139.921875,1291530.25,149833.1875,259216.515625
2022-05-27,61102.42578125,85084.3671875,20150.0,49556.65234375,153350.703125,260139.921875,1282305.0,151287.875,263114.5
2022-05-30,62205.0234375,85464.203125,20250.0,49722.39453125,155004.03125,260139.921875,1296142.75,156621.734375,273834.0
2022-05-31,61929.37109375,86793.6484375,20750.0,50053.875,156657.421875,255715.78125,1302293.0,158561.3125,280655.46875
2022-06-02,61286.1875,84609.5625,20200.0,48230.7265625,155004.03125,254830.96875,1296142.75,157106.625,282604.5
2022-06-03,61378.07421875,86413.8046875,19900.0,48230.7265625,154590.71875,256600.609375,1309980.625,161470.703125,280168.25
2022-06-07,60183.59765625,87743.2421875,19550.0,47567.7578125,151697.3125,253946.125,1263854.5,155167.046875,270910.5
2022-06-08,59999.83203125,88787.8125,19400.0,47567.7578125,151283.953125,252618.859375,1273079.75,150318.0625,270910.5
2022-06-09,59907.94921875,88597.890625,19550.0,47319.15234375,150870.609375,253061.234375,1246941.625,152257.65625,266038.03125
2022-06-10,58621.5859375,87458.3671875,19150.0,45910.34765625,152523.984375,246867.4375,1246941.625,148378.484375,263114.5
2022-06-13,57059.55859375,84324.6796875,18050.0,44584.4140625,144670.4375,237134.359375,1208503.25,144984.203125,247522.53125
2022-06-14,56875.796875,83090.1953125,18100.0,45413.12109375,141777.046875,233152.609375,1205428.125,141589.921875,246548.03125
2022-06-15,55773.1953125,81665.796875,17350.0,44750.15625,143843.78125,231382.984375,1214653.375,137710.734375,238264.828125
2022-06-16,55956.96875,81570.828125,17150.0,43755.7109375,143017.078125,236691.921875,1240791.5,130922.1953125,233879.5625
2022-06-17,54946.25,83470.0390625,17050.0,43175.61328125,140537.03125,232267.75,1279229.875,135286.25,231443.328125
2022-06-20,53935.51953125,83944.84375,16400.0,42595.51953125,140950.359375,223419.5,1263854.5,135286.25,228032.578125
2022-06-21,53751.76171875,86983.5625,16650.0,42098.28515625,142603.703125,221649.828125,1262317.0,136740.953125,233392.328125
2022-06-22,52924.8125,84324.6796875,16050.0,40316.5703125,141777.046875,214571.171875,1256166.875,122678.9453125,223160.078125
2022-06-23,52741.04296875,83090.1953125,16900.0,39695.0546875,141363.6875,207050.140625,1260779.5,124133.640625,228032.578125
2022-06-24,53659.8828125,83659.953125,16950.0,40606.625,143017.078125,210589.4375,1277692.375,125588.328125,241188.3125
2022-06-27,54027.41796875,86603.71875,18200.0,40523.74609375,151283.953125,210589.4375,1239254.0,129467.5078125,242650.046875
2022-06-28,54578.7109375,86983.5625,18750.0,40938.109375,153763.984375,215013.609375,1253091.75,128497.703125,246060.796875
2022-06-29,53618.2109375,86603.71875,19800.0,40268.3671875,145868.03125,210515.390625,1231566.25,134801.359375,240213.796875
2022-06-30,52693.75390625,89167.65625,19400.0,40310.21875,150023.796875,207366.640625,1214653.375,126073.21875,233879.5625
